dataset,protocol,sample_id,label,source_group,split_role,file_sha256,source_manifest,protocol_seed,notes
deepmask_gpr,existing_fold_p2,deepmask_gpr::cavities::1,cavity,cavity::1,test,160671b257b8de06992d25330f0cd36485616b473f26a2e54a204ac8643c948a,data_manifests/deepmask_gpr_unified_samples_20260811.csv,20260811,existing fold_id P2-style split when available; group fallback otherwise
deepmask_gpr,existing_fold_p2,deepmask_gpr::cavities::10,cavity,cavity::10,test,6e81e3ab064b297e276ee569f2b86099996ca5ec06c24cde8f6ede7732220845,data_manifests/deepmask_gpr_unified_samples_20260811.csv,20260811,existing fold_id P2-style split when available; group fallback otherwise
deepmask_gpr,existing_fold_p2,deepmask_gpr::cavities::11,cavity,cavity::11,train,b95ee6af0d06e646db0aaa75e64f4874f9f974a23170ef9e7f33531bb2b5cfc3,data_manifests/deepmask_gpr_unified_samples_20260811.csv,20260811,existing fold_id P2-style split when available; group fallback otherwise
deepmask_gpr,existing_fold_p2,deepmask_gpr::cavities::12,cavity,cavity::12,val,99e3d60b632058ae42a4d566b00901ddc552e7a12b70fb12bf9df86c5d029fc0,data_manifests/deepmask_gpr_unified_samples_20260811.csv,20260811,existing fold_id P2-style split when available; group fallback otherwise
deepmask_gpr,existing_fold_p2,deepmask_gpr::cavities::14,cavity,cavity::14,train,8346f03776af7e64bf8789f2be20ca7a7a8469baf2637d51e366e506f73b3a1b,data_manifests/deepmask_gpr_unified_samples_20260811.csv,20260811,existing fold_id P2-style split when available; group fallback otherwise
deepmask_gpr,existing_fold_p2,deepmask_gpr::cavities::15,cavity,cavity::15,train,fbd4c550a5ec12efd28bd1ed5c9236225d0cbb280035df008e8d22ca63c899c0,data_manifests/deepmask_gpr_unified_samples_20260811.csv,20260811,existing fold_id P2-style split when available; group fallback otherwise
deepmask_gpr,existing_fold_p2,deepmask_gpr::cavities::16,cavity,cavity::16,train,da1b05c1968eee32890e546072578327ac682c2a2d632bcf28dd6662f3bf309c,data_manifests/deepmask_gpr_unified_samples_20260811.csv,20260811,existing fold_id P2-style split when available; group fallback otherwise
deepmask_gpr,existing_fold_p2,deepmask_gpr::cavities::17,cavity,cavity::17,train,93940cca611ca8be1d7334c86f3bd3b1caaf87cfc1e874182fcd82f1857ff558,data_manifests/deepmask_gpr_unified_samples_20260811.csv,20260811,existing fold_id P2-style split when available; group fallback otherwise
deepmask_gpr,existing_fold_p2,deepmask_gpr::cavities::18,cavity,cavity::18,test,3940058053ade0581149cd4dd00e44da683ca2c8b312720f15f4fd2d038ea8bd,data_manifests/deepmask_gpr_unified_samples_20260811.csv,20260811,existing fold_id P2-style split when available; group fallback otherwise
deepmask_gpr,existing_fold_p2,deepmask_gpr::cavities::19,cavity,cavity::19,test,00b068e5211228612df4a5ddace04d63dac988c2787ed7df7fc0952b5c656ba1,data_manifests/deepmask_gpr_unified_samples_20260811.csv,20260811,existing fold_id P2-style split when available; group fallback otherwise
deepmask_gpr,existing_fold_p2,deepmask_gpr::cavities::2,cavity,cavity::2,train,0139f14aa423e6a1a9b33a5144366a7d19998e10f3116549ca945c8e587a4e11,data_manifests/deepmask_gpr_unified_samples_20260811.csv,20260811,existing fold_id P2-style split when available; group fallback otherwise
deepmask_gpr,existing_fold_p2,deepmask_gpr::cavities::20,cavity,cavity::20,test,1dd628e032f8ee9cd96f65376db31c8ed06a6f2c4b4e2471bed75bb726434346,data_manifests/deepmask_gpr_unified_samples_20260811.csv,20260811,existing fold_id P2-style split when available; group fallback otherwise
deepmask_gpr,existing_fold_p2,deepmask_gpr::cavities::21,cavity,cavity::21,test,dd1dbd4ee8da6e3049fc7b7920fcc635042bb35dfd91fa7eecfea38b220a7c9c,data_manifests/deepmask_gpr_unified_samples_20260811.csv,20260811,existing fold_id P2-style split when available; group fallback otherwise
deepmask_gpr,existing_fold_p2,deepmask_gpr::cavities::22,cavity,cavity::22,train,2938a571d0062196deb7f4c6909e75ab3f317137a69b8b4743c7a1280e7c278b,data_manifests/deepmask_gpr_unified_samples_20260811.csv,20260811,existing fold_id P2-style split when available; group fallback otherwise
deepmask_gpr,existing_fold_p2,deepmask_gpr::cavities::23,cavity,cavity::23,train,2eae1a1af1c74f3fb106aa9c8baa2533702ce462f7370295b5d7eb60115cdabb,data_manifests/deepmask_gpr_unified_samples_20260811.csv,20260811,existing fold_id P2-style split when available; group fallback otherwise
deepmask_gpr,existing_fold_p2,deepmask_gpr::cavities::24,cavity,cavity::24,train,f75c7bf5bec009e93c3695f340c9177f296ac81d6e8e87552fa3542366e49207,data_manifests/deepmask_gpr_unified_samples_20260811.csv,20260811,existing fold_id P2-style split when available; group fallback otherwise
deepmask_gpr,existing_fold_p2,deepmask_gpr::cavities::25,cavity,cavity::25,train,a920012c9b037591c861787e309878db45a618cbc08e5ce305bb66d930a30724,data_manifests/deepmask_gpr_unified_samples_20260811.csv,20260811,existing fold_id P2-style split when available; group fallback otherwise
deepmask_gpr,existing_fold_p2,deepmask_gpr::cavities::26,cavity,cavity::26,train,6f03e47e672fbf9ff60d582aa8eab493a1ce38c6bf7010bada5140c3413f32d6,data_manifests/deepmask_gpr_unified_samples_20260811.csv,20260811,existing fold_id P2-style split when available; group fallback otherwise
deepmask_gpr,existing_fold_p2,deepmask_gpr::cavities::27,cavity,cavity::27,train,e2195f49c4442bc67b6e672aad2753231b5a70aef1859b87eb0a2dcbdd0cd242,data_manifests/deepmask_gpr_unified_samples_20260811.csv,20260811,existing fold_id P2-style split when available; group fallback otherwise
deepmask_gpr,existing_fold_p2,deepmask_gpr::cavities::28,cavity,cavity::28,train,40881590916ce7fd9e8f420db7274bace16729d4eaa185e5ce10ecc12b10161e,data_manifests/deepmask_gpr_unified_samples_20260811.csv,20260811,existing fold_id P2-style split when available; group fallback otherwise
deepmask_gpr,existing_fold_p2,deepmask_gpr::cavities::29,cavity,cavity::29,train,c39bbbc36c9b87c3e22406390db5ab2bb7fbe91630e7ce4be1630fd85c345438,data_manifests/deepmask_gpr_unified_samples_20260811.csv,20260811,existing fold_id P2-style split when available; group fallback otherwise
deepmask_gpr,existing_fold_p2,deepmask_gpr::cavities::3,cavity,cavity::3,train,32395fe74032086025174a8e06a7f8598cd259832c20ac4d73f8a11278264a35,data_manifests/deepmask_gpr_unified_samples_20260811.csv,20260811,existing fold_id P2-style split when available; group fallback otherwise
deepmask_gpr,existing_fold_p2,deepmask_gpr::cavities::30,cavity,cavity::30,train,37fb31fe80ff5d31e753c48cf4003798b1a1a827db6addb7034b98c3926b7f77,data_manifests/deepmask_gpr_unified_samples_20260811.csv,20260811,existing fold_id P2-style split when available; group fallback otherwise
deepmask_gpr,existing_fold_p2,deepmask_gpr::cavities::31,cavity,cavity::31,train,11ec126e86645583d90e91c0f8b6e701886223d39f0687ac25a12c1b382f5734,data_manifests/deepmask_gpr_unified_samples_20260811.csv,20260811,existing fold_id P2-style split when available; group fallback otherwise
deepmask_gpr,existing_fold_p2,deepmask_gpr::cavities::32,cavity,cavity::32,train,4e827d1fe388e55f7e9349f69368c0f0caae3dc88826748bc0fe43d19d50481c,data_manifests/deepmask_gpr_unified_samples_20260811.csv,20260811,existing fold_id P2-style split when available; group fallback otherwise
deepmask_gpr,existing_fold_p2,deepmask_gpr::cavities::33,cavity,cavity::33,train,55076b411e805a5478446e91b3457b32d6c2190d328e327ebd9b632f706163d0,data_manifests/deepmask_gpr_unified_samples_20260811.csv,20260811,existing fold_id P2-style split when available; group fallback otherwise
deepmask_gpr,existing_fold_p2,deepmask_gpr::cavities::34,cavity,cavity::34,test,8cbd64b4be37b16884f5b119a248b905ad23b74837a4b8f080801febb3391c54,data_manifests/deepmask_gpr_unified_samples_20260811.csv,20260811,existing fold_id P2-style split when available; group fallback otherwise
deepmask_gpr,existing_fold_p2,deepmask_gpr::cavities::35,cavity,cavity::35,val,9196ab1efe1adcec0174f87ad774b0c32ef4279168448f1b484be1af09f9ca48,data_manifests/deepmask_gpr_unified_samples_20260811.csv,20260811,existing fold_id P2-style split when available; group fallback otherwise
deepmask_gpr,existing_fold_p2,deepmask_gpr::cavities::36,cavity,cavity::36,train,a5b991995b5e46b8fcddc1fb0b814cc262f0b973c851d7211b0d91a3627e9b44,data_manifests/deepmask_gpr_unified_samples_20260811.csv,20260811,existing fold_id P2-style split when available; group fallback otherwise
deepmask_gpr,existing_fold_p2,deepmask_gpr::cavities::37,cavity,cavity::37,train,dfa7e8d719b164d6eefd909abd2b5fd6f3f59bdad52e49723734a5a5aee4022d,data_manifests/deepmask_gpr_unified_samples_20260811.csv,20260811,existing fold_id P2-style split when available; group fallback otherwise
deepmask_gpr,existing_fold_p2,deepmask_gpr::cavities::38,cavity,cavity::38,val,1d19639d1ef579141fb03ff607cebe36c69b88d8d053092163055a028d2008df,data_manifests/deepmask_gpr_unified_samples_20260811.csv,20260811,existing fold_id P2-style split when available; group fallback otherwise
deepmask_gpr,existing_fold_p2,deepmask_gpr::cavities::39,cavity,cavity::39,train,fc08174141aa15e459d9b06ee5120147d16e510c9afcb7ae66ad21684ee0d00b,data_manifests/deepmask_gpr_unified_samples_20260811.csv,20260811,existing fold_id P2-style split when available; group fallback otherwise
deepmask_gpr,existing_fold_p2,deepmask_gpr::cavities::4,cavity,cavity::4,train,57727cec5e9f2eb32e89e1a3274d49dbf55a9d12c5fb45ee589471f3aafc4eb0,data_manifests/deepmask_gpr_unified_samples_20260811.csv,20260811,existing fold_id P2-style split when available; group fallback otherwise
deepmask_gpr,existing_fold_p2,deepmask_gpr::cavities::40,cavity,cavity::40,train,4625d0245e75dc3481e1007e05abe8930c13052442e13a821050423013141463,data_manifests/deepmask_gpr_unified_samples_20260811.csv,20260811,existing fold_id P2-style split when available; group fallback otherwise
deepmask_gpr,existing_fold_p2,deepmask_gpr::cavities::41,cavity,cavity::41,train,daa33dedc3e1854203581056a7909d760aa4c2179cbf4d91a3ab8099cb5e7583,data_manifests/deepmask_gpr_unified_samples_20260811.csv,20260811,existing fold_id P2-style split when available; group fallback otherwise
deepmask_gpr,existing_fold_p2,deepmask_gpr::cavities::42,cavity,cavity::42,train,cd11fb182ac37a09049f2da4bdc3233b70025c4441db43fcead6eb758e2ed6ec,data_manifests/deepmask_gpr_unified_samples_20260811.csv,20260811,existing fold_id P2-style split when available; group fallback otherwise
deepmask_gpr,existing_fold_p2,deepmask_gpr::cavities::43,cavity,cavity::43,val,2a7d92ae13e0455b78e2434749c4290e7ab195cda76ab91d1482679479d04acd,data_manifests/deepmask_gpr_unified_samples_20260811.csv,20260811,existing fold_id P2-style split when available; group fallback otherwise
deepmask_gpr,existing_fold_p2,deepmask_gpr::cavities::44,cavity,cavity::44,train,9c09198f455b7bdc7810a97937690577da958481faee01bd1ad6c115dd02e1f3,data_manifests/deepmask_gpr_unified_samples_20260811.csv,20260811,existing fold_id P2-style split when available; group fallback otherwise
deepmask_gpr,existing_fold_p2,deepmask_gpr::cavities::45,cavity,cavity::45,train,67581b2ed20bdf989cd9aa80cc00eaf9b97a5e31fb9a82289e0e028f74f45f79,data_manifests/deepmask_gpr_unified_samples_20260811.csv,20260811,existing fold_id P2-style split when available; group fallback otherwise
deepmask_gpr,existing_fold_p2,deepmask_gpr::cavities::46,cavity,cavity::46,test,85c60485611f3550005fc98b6011a268c72c14ae72cc2367823717261c22bbd6,data_manifests/deepmask_gpr_unified_samples_20260811.csv,20260811,existing fold_id P2-style split when available; group fallback otherwise
deepmask_gpr,existing_fold_p2,deepmask_gpr::cavities::47,cavity,cavity::47,train,e376a39e41b8d5a20e79c14fced898e71cb3675662877ef978171593c155155b,data_manifests/deepmask_gpr_unified_samples_20260811.csv,20260811,existing fold_id P2-style split when available; group fallback otherwise
deepmask_gpr,existing_fold_p2,deepmask_gpr::cavities::48,cavity,cavity::48,train,ba794fe745cdc7fbc02b1e591f3fa4fe2d5aae3d74ff8dfc7b6cc407329d2e9d,data_manifests/deepmask_gpr_unified_samples_20260811.csv,20260811,existing fold_id P2-style split when available; group fallback otherwise
deepmask_gpr,existing_fold_p2,deepmask_gpr::cavities::49,cavity,cavity::49,train,729d7dcbec0abb05d4f59b7eaa7ac71e91cdc919b7bc1015ef2358c57deaed33,data_manifests/deepmask_gpr_unified_samples_20260811.csv,20260811,existing fold_id P2-style split when available; group fallback otherwise
deepmask_gpr,existing_fold_p2,deepmask_gpr::cavities::5,cavity,cavity::5,test,71b1b98691c04cc8d75b7d8bcdec2de5e999ec8f25a02f85e01c5d9951b3aaea,data_manifests/deepmask_gpr_unified_samples_20260811.csv,20260811,existing fold_id P2-style split when available; group fallback otherwise
deepmask_gpr,existing_fold_p2,deepmask_gpr::cavities::50,cavity,cavity::50,train,f21482d0483c6b72bfe7ea120bea76275ec664048ddc1c99103f01237e65fd8d,data_manifests/deepmask_gpr_unified_samples_20260811.csv,20260811,existing fold_id P2-style split when available; group fallback otherwise
deepmask_gpr,existing_fold_p2,deepmask_gpr::cavities::51,cavity,cavity::51,train,6e81eecc70477f8c3dfbd2eeaaf9290d50fe777bebe70a5d3a452ab5d1844295,data_manifests/deepmask_gpr_unified_samples_20260811.csv,20260811,existing fold_id P2-style split when available; group fallback otherwise
deepmask_gpr,existing_fold_p2,deepmask_gpr::cavities::52,cavity,cavity::52,train,1a94ca37485abbda6f8ccf40981a11015a9f5403f24f8cddc56ed2be5aa77fca,data_manifests/deepmask_gpr_unified_samples_20260811.csv,20260811,existing fold_id P2-style split when available; group fallback otherwise
deepmask_gpr,existing_fold_p2,deepmask_gpr::cavities::53,cavity,cavity::53,test,26288fef58dcbd71c778823c507c473f262e2663befe6abfbf5e15a2fcfc2655,data_manifests/deepmask_gpr_unified_samples_20260811.csv,20260811,existing fold_id P2-style split when available; group fallback otherwise
deepmask_gpr,existing_fold_p2,deepmask_gpr::cavities::54,cavity,cavity::54,train,5282b593ff265967fff0e051d085e9760600a4b8a4585115052e93ad6a1b8c6f,data_manifests/deepmask_gpr_unified_samples_20260811.csv,20260811,existing fold_id P2-style split when available; group fallback otherwise
deepmask_gpr,existing_fold_p2,deepmask_gpr::cavities::55,cavity,cavity::55,train,e8d0f7f38f5bb2516799cbba8a90f9064a185168db4611eaddf03949fc2f680a,data_manifests/deepmask_gpr_unified_samples_20260811.csv,20260811,existing fold_id P2-style split when available; group fallback otherwise
deepmask_gpr,existing_fold_p2,deepmask_gpr::cavities::56,cavity,cavity::56,test,96850bd2b637abd3bdf1e09b855628185de17270a5c7593cdb1e797d5e83b97c,data_manifests/deepmask_gpr_unified_samples_20260811.csv,20260811,existing fold_id P2-style split when available; group fallback otherwise
deepmask_gpr,existing_fold_p2,deepmask_gpr::cavities::57,cavity,cavity::57,train,8120355e9bc3a89ff116e6cb177b047cdf6929c9d108d3b9bec23bf52032aeb2,data_manifests/deepmask_gpr_unified_samples_20260811.csv,20260811,existing fold_id P2-style split when available; group fallback otherwise
deepmask_gpr,existing_fold_p2,deepmask_gpr::cavities::58,cavity,cavity::58,test,e0f0e748670b76386bace99745405ebe351da81292411c386b4446f014d67709,data_manifests/deepmask_gpr_unified_samples_20260811.csv,20260811,existing fold_id P2-style split when available; group fallback otherwise
deepmask_gpr,existing_fold_p2,deepmask_gpr::cavities::59,cavity,cavity::59,train,3ba3fe262785e7b40f236687e5c5a0528c29872fe0314be7865a631ead9b398c,data_manifests/deepmask_gpr_unified_samples_20260811.csv,20260811,existing fold_id P2-style split when available; group fallback otherwise
deepmask_gpr,existing_fold_p2,deepmask_gpr::cavities::6,cavity,cavity::6,train,7f846460048e14c23a38db2f984c0b6256d4612a58d4872a3d5b1efff613dda1,data_manifests/deepmask_gpr_unified_samples_20260811.csv,20260811,existing fold_id P2-style split when available; group fallback otherwise
deepmask_gpr,existing_fold_p2,deepmask_gpr::cavities::60,cavity,cavity::60,train,198852e4bf102d13e8ab4c34cfc01254d533196b1f2da103ae0dda614f750522,data_manifests/deepmask_gpr_unified_samples_20260811.csv,20260811,existing fold_id P2-style split when available; group fallback otherwise
deepmask_gpr,existing_fold_p2,deepmask_gpr::cavities::61,cavity,cavity::61,train,ca2d76774ef12eb131ff82f81c83be593f4516744f7abc27432e4d8a2ed5758c,data_manifests/deepmask_gpr_unified_samples_20260811.csv,20260811,existing fold_id P2-style split when available; group fallback otherwise
deepmask_gpr,existing_fold_p2,deepmask_gpr::cavities::62,cavity,cavity::62,test,7b5913daa1ff921f1c7945934b97560bd6644d8124be635e98a401613529c4aa,data_manifests/deepmask_gpr_unified_samples_20260811.csv,20260811,existing fold_id P2-style split when available; group fallback otherwise
deepmask_gpr,existing_fold_p2,deepmask_gpr::cavities::63,cavity,cavity::63,train,bdb9db3c81a95cbf6cfa1c7858017ff3df7ea2361179aa45cfcb8ae5bb734f22,data_manifests/deepmask_gpr_unified_samples_20260811.csv,20260811,existing fold_id P2-style split when available; group fallback otherwise
deepmask_gpr,existing_fold_p2,deepmask_gpr::cavities::64,cavity,cavity::64,train,fb2090ca9ce3252642c35b25aef772d705adb02a64345f6fefca7c762694bd55,data_manifests/deepmask_gpr_unified_samples_20260811.csv,20260811,existing fold_id P2-style split when available; group fallback otherwise
deepmask_gpr,existing_fold_p2,deepmask_gpr::cavities::65,cavity,cavity::65,test,0a2be91f363fac223da5f3c5f391de248dd37f8837843755e80cdd6f2e19b774,data_manifests/deepmask_gpr_unified_samples_20260811.csv,20260811,existing fold_id P2-style split when available; group fallback otherwise
deepmask_gpr,existing_fold_p2,deepmask_gpr::cavities::66,cavity,cavity::66,train,86cc3f40c673678b40d353c9e46a6957654e8e10f328951da91b9a5d8b4c2a5d,data_manifests/deepmask_gpr_unified_samples_20260811.csv,20260811,existing fold_id P2-style split when available; group fallback otherwise
deepmask_gpr,existing_fold_p2,deepmask_gpr::cavities::67,cavity,cavity::67,train,0778ddcd2a5c6e9b6285517f0ea19269fbc6b553e5835b953749eb6f7a73e6ee,data_manifests/deepmask_gpr_unified_samples_20260811.csv,20260811,existing fold_id P2-style split when available; group fallback otherwise
deepmask_gpr,existing_fold_p2,deepmask_gpr::cavities::68,cavity,cavity::68,train,58ed38cc2723ea590c1575d12c9962913a6e12307d1f4778c7d8619f56f5d415,data_manifests/deepmask_gpr_unified_samples_20260811.csv,20260811,existing fold_id P2-style split when available; group fallback otherwise
deepmask_gpr,existing_fold_p2,deepmask_gpr::cavities::69,cavity,cavity::69,train,1a2284355f2257ac9140c6a7d63a738d96416d754a0137d68d90898980c88117,data_manifests/deepmask_gpr_unified_samples_20260811.csv,20260811,existing fold_id P2-style split when available; group fallback otherwise
deepmask_gpr,existing_fold_p2,deepmask_gpr::cavities::7,cavity,cavity::7,test,ba03bf6bd3846dd4a55bf09e58611aa3aee16e8d0095f7a498b3f54c07176d72,data_manifests/deepmask_gpr_unified_samples_20260811.csv,20260811,existing fold_id P2-style split when available; group fallback otherwise
deepmask_gpr,existing_fold_p2,deepmask_gpr::cavities::70,cavity,cavity::70,train,8787385a215703092702408797bff87b783a6650b3becb4a5c91ab9daf1ce517,data_manifests/deepmask_gpr_unified_samples_20260811.csv,20260811,existing fold_id P2-style split when available; group fallback otherwise
deepmask_gpr,existing_fold_p2,deepmask_gpr::cavities::71,cavity,cavity::71,train,1d74510f8b865dc57f7111c907549ab6db82779ff5ef1556def207cfd81e3129,data_manifests/deepmask_gpr_unified_samples_20260811.csv,20260811,existing fold_id P2-style split when available; group fallback otherwise
deepmask_gpr,existing_fold_p2,deepmask_gpr::cavities::72,cavity,cavity::72,train,c04ae973ec39d72cbbffa647107e4ec246771ac031cee3517a4432378fc3d13c,data_manifests/deepmask_gpr_unified_samples_20260811.csv,20260811,existing fold_id P2-style split when available; group fallback otherwise
deepmask_gpr,existing_fold_p2,deepmask_gpr::cavities::73,cavity,cavity::73,train,5a6e31ccdb94f36f884c7ee5e210a67466029cb155b72bcc658980247564e87c,data_manifests/deepmask_gpr_unified_samples_20260811.csv,20260811,existing fold_id P2-style split when available; group fallback otherwise
deepmask_gpr,existing_fold_p2,deepmask_gpr::cavities::74,cavity,cavity::74,val,bc51e9736ba7e096b9dff845f7c1d66c12df345158b728fa8b83c5da5d963bf0,data_manifests/deepmask_gpr_unified_samples_20260811.csv,20260811,existing fold_id P2-style split when available; group fallback otherwise
deepmask_gpr,existing_fold_p2,deepmask_gpr::cavities::75,cavity,cavity::75,val,f124200e2660a42ed54c6a65bd068001252ccad334b77c7f9767a2d27407f9bf,data_manifests/deepmask_gpr_unified_samples_20260811.csv,20260811,existing fold_id P2-style split when available; group fallback otherwise
deepmask_gpr,existing_fold_p2,deepmask_gpr::cavities::76,cavity,cavity::76,val,5873e6eceea93f95fed62a20e7835ccf7d11050e87248f700dcb9dcf6380949d,data_manifests/deepmask_gpr_unified_samples_20260811.csv,20260811,existing fold_id P2-style split when available; group fallback otherwise
deepmask_gpr,existing_fold_p2,deepmask_gpr::cavities::77,cavity,cavity::77,val,4ed996a7a205907076863fc7daafcebccac36a980a79401307aa0e0a6ae62218,data_manifests/deepmask_gpr_unified_samples_20260811.csv,20260811,existing fold_id P2-style split when available; group fallback otherwise
deepmask_gpr,existing_fold_p2,deepmask_gpr::cavities::78,cavity,cavity::78,train,d46964e018bf41fb85ff0d5f1e741ef2578ab95437a387f74e40e9ab6a724791,data_manifests/deepmask_gpr_unified_samples_20260811.csv,20260811,existing fold_id P2-style split when available; group fallback otherwise
deepmask_gpr,existing_fold_p2,deepmask_gpr::cavities::79,cavity,cavity::79,test,1b21a6ac34906686a17fb390021fbdcac22980175d05b43c0ac6e84bac948128,data_manifests/deepmask_gpr_unified_samples_20260811.csv,20260811,existing fold_id P2-style split when available; group fallback otherwise
deepmask_gpr,existing_fold_p2,deepmask_gpr::cavities::8,cavity,cavity::8,train,c91fcd313af73ff161f6b0410a5bc1e1f095ec9ec026be2384e2bade4202cdd1,data_manifests/deepmask_gpr_unified_samples_20260811.csv,20260811,existing fold_id P2-style split when available; group fallback otherwise
deepmask_gpr,existing_fold_p2,deepmask_gpr::cavities::80,cavity,cavity::80,train,cfd5069154ddaea08f93999a17fae36cb463e780bd64a37643bba4f753b7fb4b,data_manifests/deepmask_gpr_unified_samples_20260811.csv,20260811,existing fold_id P2-style split when available; group fallback otherwise
deepmask_gpr,existing_fold_p2,deepmask_gpr::cavities::9,cavity,cavity::9,train,fd1d8b457eaaf591c839b3aa63228a04798472578a1474d6bcb89e3e36a77412,data_manifests/deepmask_gpr_unified_samples_20260811.csv,20260811,existing fold_id P2-style split when available; group fallback otherwise
deepmask_gpr,existing_fold_p2,deepmask_gpr::augmented_cavities::10_aug_10,cavity,cavity::10,test,2b2b8f92ba6532ed2622e43c34ce4edcaa1a416f35f9e8f8c9802217cbc715b1,data_manifests/deepmask_gpr_unified_samples_20260811.csv,20260811,existing fold_id P2-style split when available; group fallback otherwise
deepmask_gpr,existing_fold_p2,deepmask_gpr::augmented_cavities::10_aug_11,cavity,cavity::10,test,60bc5c1a2a1f21a556b7dc98ce4c0c43c9328014bce96635dcd4c44bdf855ae7,data_manifests/deepmask_gpr_unified_samples_20260811.csv,20260811,existing fold_id P2-style split when available; group fallback otherwise
deepmask_gpr,existing_fold_p2,deepmask_gpr::augmented_cavities::10_aug_12,cavity,cavity::10,test,5b4616d58b61d76e88a8c00186c2d40cefd10024f596224ae6037c9509cc49df,data_manifests/deepmask_gpr_unified_samples_20260811.csv,20260811,existing fold_id P2-style split when available; group fallback otherwise
deepmask_gpr,existing_fold_p2,deepmask_gpr::augmented_cavities::10_aug_13,cavity,cavity::10,test,c2c8edd75880c0a5726698d6bbc8a7d6e12752a7cdb3be00b09da8cd75a5603a,data_manifests/deepmask_gpr_unified_samples_20260811.csv,20260811,existing fold_id P2-style split when available; group fallback otherwise
deepmask_gpr,existing_fold_p2,deepmask_gpr::augmented_cavities::10_aug_7,cavity,cavity::10,test,a54e49081e2f76462eb65b620390ed3c43750802c46b10afe4138c9328ae090b,data_manifests/deepmask_gpr_unified_samples_20260811.csv,20260811,existing fold_id P2-style split when available; group fallback otherwise
deepmask_gpr,existing_fold_p2,deepmask_gpr::augmented_cavities::10_aug_8,cavity,cavity::10,test,873a94632aff2d5c904a0d5338ef91f25450c22213e838d65bb692bd7c983768,data_manifests/deepmask_gpr_unified_samples_20260811.csv,20260811,existing fold_id P2-style split when available; group fallback otherwise
deepmask_gpr,existing_fold_p2,deepmask_gpr::augmented_cavities::10_aug_9,cavity,cavity::10,test,755b01fa4ebc458d5aa2fc2567b9db0ca250b05484b87c3d7be4e3d46bc7bd09,data_manifests/deepmask_gpr_unified_samples_20260811.csv,20260811,existing fold_id P2-style split when available; group fallback otherwise
deepmask_gpr,existing_fold_p2,deepmask_gpr::augmented_cavities::11_aug_10,cavity,cavity::11,train,27c3ca7cf4fd3eeb1605088f6dc366964daeb5fb51fb155a94bf494d6e7f172d,data_manifests/deepmask_gpr_unified_samples_20260811.csv,20260811,existing fold_id P2-style split when available; group fallback otherwise
deepmask_gpr,existing_fold_p2,deepmask_gpr::augmented_cavities::11_aug_11,cavity,cavity::11,train,8ac71649535642bfc521680defd3d12c44aa689b46565a3de0cdac503e2ff328,data_manifests/deepmask_gpr_unified_samples_20260811.csv,20260811,existing fold_id P2-style split when available; group fallback otherwise
deepmask_gpr,existing_fold_p2,deepmask_gpr::augmented_cavities::11_aug_12,cavity,cavity::11,train,fc50cfd0b85afc542111b4f69818e04b644bebbdfab683f0508700fe42b80ecb,data_manifests/deepmask_gpr_unified_samples_20260811.csv,20260811,existing fold_id P2-style split when available; group fallback otherwise
deepmask_gpr,existing_fold_p2,deepmask_gpr::augmented_cavities::11_aug_13,cavity,cavity::11,train,4b62fc5165fb0dba540478ab7afe76e69c41bd9901dfd6948ba429493f49600e,data_manifests/deepmask_gpr_unified_samples_20260811.csv,20260811,existing fold_id P2-style split when available; group fallback otherwise
deepmask_gpr,existing_fold_p2,deepmask_gpr::augmented_cavities::11_aug_7,cavity,cavity::11,train,33813489b671d905dba4527067ea06e797a92040d0336bc74c9f1fb681bcfca2,data_manifests/deepmask_gpr_unified_samples_20260811.csv,20260811,existing fold_id P2-style split when available; group fallback otherwise
deepmask_gpr,existing_fold_p2,deepmask_gpr::augmented_cavities::11_aug_8,cavity,cavity::11,train,0bb0667388799ac4e156d386717f734f4ea5cdf8ec03e83bbcbc3abc47c130fa,data_manifests/deepmask_gpr_unified_samples_20260811.csv,20260811,existing fold_id P2-style split when available; group fallback otherwise
deepmask_gpr,existing_fold_p2,deepmask_gpr::augmented_cavities::11_aug_9,cavity,cavity::11,train,f4502c9205c865bc940b37847d880ee2e0e1f805fa1904f82fb2989481a81cf8,data_manifests/deepmask_gpr_unified_samples_20260811.csv,20260811,existing fold_id P2-style split when available; group fallback otherwise
deepmask_gpr,existing_fold_p2,deepmask_gpr::augmented_cavities::12_aug_10,cavity,cavity::12,val,b0e37adf006e6df0a32a208828f362a2a508399fbf67dd939d5f6ecfb1f2a894,data_manifests/deepmask_gpr_unified_samples_20260811.csv,20260811,existing fold_id P2-style split when available; group fallback otherwise
deepmask_gpr,existing_fold_p2,deepmask_gpr::augmented_cavities::12_aug_11,cavity,cavity::12,val,61b2428353f2e50bc7ed93c17d464d8c2f303f2b9a5360b582f5bc7ea8973592,data_manifests/deepmask_gpr_unified_samples_20260811.csv,20260811,existing fold_id P2-style split when available; group fallback otherwise
deepmask_gpr,existing_fold_p2,deepmask_gpr::augmented_cavities::12_aug_12,cavity,cavity::12,val,6949271dbe2d45d8c8b4942ace3f3db2fbbf7f95a941c5d770ef374aa843fd67,data_manifests/deepmask_gpr_unified_samples_20260811.csv,20260811,existing fold_id P2-style split when available; group fallback otherwise
deepmask_gpr,existing_fold_p2,deepmask_gpr::augmented_cavities::12_aug_13,cavity,cavity::12,val,b8a48b538cafbe90ba0c99dd68aee8357c9290ad74cba28dc409a459be28ea61,data_manifests/deepmask_gpr_unified_samples_20260811.csv,20260811,existing fold_id P2-style split when available; group fallback otherwise
deepmask_gpr,existing_fold_p2,deepmask_gpr::augmented_cavities::12_aug_7,cavity,cavity::12,val,27d8f20bd236e821adb0e41e60a53b4cd051e7f309a73a06d72d277cd8f48a00,data_manifests/deepmask_gpr_unified_samples_20260811.csv,20260811,existing fold_id P2-style split when available; group fallback otherwise
deepmask_gpr,existing_fold_p2,deepmask_gpr::augmented_cavities::12_aug_8,cavity,cavity::12,val,ef1cd47d3b24e3aaf4a790eed998b133069b6b01f88f2aa029292c6b6b752946,data_manifests/deepmask_gpr_unified_samples_20260811.csv,20260811,existing fold_id P2-style split when available; group fallback otherwise
deepmask_gpr,existing_fold_p2,deepmask_gpr::augmented_cavities::12_aug_9,cavity,cavity::12,val,fbb77cd029c1d0bf635853df4afd8d4e3f245f98cdaa8ba5b91fd2d8e00b9a5b,data_manifests/deepmask_gpr_unified_samples_20260811.csv,20260811,existing fold_id P2-style split when available; group fallback otherwise
deepmask_gpr,existing_fold_p2,deepmask_gpr::augmented_cavities::14_aug_10,cavity,cavity::14,train,79220962f2356b19dee14aff3d8e0ecf768deac7089389a4560083946aed6ea9,data_manifests/deepmask_gpr_unified_samples_20260811.csv,20260811,existing fold_id P2-style split when available; group fallback otherwise
deepmask_gpr,existing_fold_p2,deepmask_gpr::augmented_cavities::14_aug_11,cavity,cavity::14,train,748c3b007ab8b165872cd376d6b9844627dc7530ae3eca87364d7ddca6fb98d7,data_manifests/deepmask_gpr_unified_samples_20260811.csv,20260811,existing fold_id P2-style split when available; group fallback otherwise
deepmask_gpr,existing_fold_p2,deepmask_gpr::augmented_cavities::14_aug_12,cavity,cavity::14,train,9d3451fabe72f0da0547f196ad4f846864e45a574254ff5d85421e62eb918787,data_manifests/deepmask_gpr_unified_samples_20260811.csv,20260811,existing fold_id P2-style split when available; group fallback otherwise
deepmask_gpr,existing_fold_p2,deepmask_gpr::augmented_cavities::14_aug_13,cavity,cavity::14,train,402ecd44237b25690b5b989135b857067254a72647d9466ae3aa92f0704cd7c8,data_manifests/deepmask_gpr_unified_samples_20260811.csv,20260811,existing fold_id P2-style split when available; group fallback otherwise
deepmask_gpr,existing_fold_p2,deepmask_gpr::augmented_cavities::14_aug_7,cavity,cavity::14,train,52cd4f551a69b98a5c4df587fb7b0ff1ce8a03ceebdd80441ae9598555581485,data_manifests/deepmask_gpr_unified_samples_20260811.csv,20260811,existing fold_id P2-style split when available; group fallback otherwise
deepmask_gpr,existing_fold_p2,deepmask_gpr::augmented_cavities::14_aug_8,cavity,cavity::14,train,08aee9570ddbdd6f5c186226a405b765e528a23ec188a027fdf6c23a00020c7e,data_manifests/deepmask_gpr_unified_samples_20260811.csv,20260811,existing fold_id P2-style split when available; group fallback otherwise
deepmask_gpr,existing_fold_p2,deepmask_gpr::augmented_cavities::14_aug_9,cavity,cavity::14,train,1742258a2a0c4366e7eafea9b26a78570f3c3c8658e54e7e4e8b54c17cba75fe,data_manifests/deepmask_gpr_unified_samples_20260811.csv,20260811,existing fold_id P2-style split when available; group fallback otherwise
deepmask_gpr,existing_fold_p2,deepmask_gpr::augmented_cavities::15_aug_10,cavity,cavity::15,train,a1c0225f0537f3e9652e892016a9fa77e800e9bd47af57456596e4c6ea6bf0ba,data_manifests/deepmask_gpr_unified_samples_20260811.csv,20260811,existing fold_id P2-style split when available; group fallback otherwise
deepmask_gpr,existing_fold_p2,deepmask_gpr::augmented_cavities::15_aug_11,cavity,cavity::15,train,ddf0258dc77a8373b2d06be7cea815c0770ebfe2624d868d1c2090ecdc557822,data_manifests/deepmask_gpr_unified_samples_20260811.csv,20260811,existing fold_id P2-style split when available; group fallback otherwise
deepmask_gpr,existing_fold_p2,deepmask_gpr::augmented_cavities::15_aug_12,cavity,cavity::15,train,902c7285bb225c9b8185bfbb4d682bd448bd7708e530ad2679b59a6ae96244b7,data_manifests/deepmask_gpr_unified_samples_20260811.csv,20260811,existing fold_id P2-style split when available; group fallback otherwise
deepmask_gpr,existing_fold_p2,deepmask_gpr::augmented_cavities::15_aug_13,cavity,cavity::15,train,4a0a273a5b4e57c5c00954db6ed79a3a8b8979dbf02f20073f82e7c8f86510e2,data_manifests/deepmask_gpr_unified_samples_20260811.csv,20260811,existing fold_id P2-style split when available; group fallback otherwise
deepmask_gpr,existing_fold_p2,deepmask_gpr::augmented_cavities::15_aug_7,cavity,cavity::15,train,68f7c03ab7b11833665ce244e7410a02be60725c54ae6bb02c3073a448fffa2a,data_manifests/deepmask_gpr_unified_samples_20260811.csv,20260811,existing fold_id P2-style split when available; group fallback otherwise
deepmask_gpr,existing_fold_p2,deepmask_gpr::augmented_cavities::15_aug_8,cavity,cavity::15,train,201f5802ea803907f44dd7796c629063bc4bcd243ccf3426e635509e88375566,data_manifests/deepmask_gpr_unified_samples_20260811.csv,20260811,existing fold_id P2-style split when available; group fallback otherwise
deepmask_gpr,existing_fold_p2,deepmask_gpr::augmented_cavities::15_aug_9,cavity,cavity::15,train,8ca33d8ca0f04dda25bf568ec8056fa9903830404e2ccfddac62ebcc16f980dd,data_manifests/deepmask_gpr_unified_samples_20260811.csv,20260811,existing fold_id P2-style split when available; group fallback otherwise
deepmask_gpr,existing_fold_p2,deepmask_gpr::augmented_cavities::16_aug_10,cavity,cavity::16,train,e1db8ed762383ab403ace770b883c34d333ca504f133f53182bbdfa288b40885,data_manifests/deepmask_gpr_unified_samples_20260811.csv,20260811,existing fold_id P2-style split when available; group fallback otherwise
deepmask_gpr,existing_fold_p2,deepmask_gpr::augmented_cavities::16_aug_11,cavity,cavity::16,train,cceb7376801ddef9537df690ddb9ac2f69693b81d9ab6b19cdc933817e2ce7db,data_manifests/deepmask_gpr_unified_samples_20260811.csv,20260811,existing fold_id P2-style split when available; group fallback otherwise
deepmask_gpr,existing_fold_p2,deepmask_gpr::augmented_cavities::16_aug_12,cavity,cavity::16,train,14fca88e4485e6719b1b9d53c7b72542c731c02c443a2b9d577225e61b4cc7f5,data_manifests/deepmask_gpr_unified_samples_20260811.csv,20260811,existing fold_id P2-style split when available; group fallback otherwise
deepmask_gpr,existing_fold_p2,deepmask_gpr::augmented_cavities::16_aug_13,cavity,cavity::16,train,005652353f4547427ce9f616dea2446261adf42f3d17d3d066825d732bc3e67e,data_manifests/deepmask_gpr_unified_samples_20260811.csv,20260811,existing fold_id P2-style split when available; group fallback otherwise
deepmask_gpr,existing_fold_p2,deepmask_gpr::augmented_cavities::16_aug_7,cavity,cavity::16,train,ecaaecc004279a0d5c6b2f93ee9a00d00ec6fe67138cded1645dbbec4884787c,data_manifests/deepmask_gpr_unified_samples_20260811.csv,20260811,existing fold_id P2-style split when available; group fallback otherwise
deepmask_gpr,existing_fold_p2,deepmask_gpr::augmented_cavities::16_aug_8,cavity,cavity::16,train,bc3f30f7881f6965e51127cff2c995407ab37cd30baacd8bea608017c9884d7b,data_manifests/deepmask_gpr_unified_samples_20260811.csv,20260811,existing fold_id P2-style split when available; group fallback otherwise
deepmask_gpr,existing_fold_p2,deepmask_gpr::augmented_cavities::16_aug_9,cavity,cavity::16,train,cf4b84ac0cbbc5a78990ff586c29131b11e537aca30d1f235cf3be8d58835419,data_manifests/deepmask_gpr_unified_samples_20260811.csv,20260811,existing fold_id P2-style split when available; group fallback otherwise
deepmask_gpr,existing_fold_p2,deepmask_gpr::augmented_cavities::17_aug_10,cavity,cavity::17,train,6b0f01d3f12f18494fc3002f6d870121192fff7522c144f20147ab4c2ebc34f0,data_manifests/deepmask_gpr_unified_samples_20260811.csv,20260811,existing fold_id P2-style split when available; group fallback otherwise
deepmask_gpr,existing_fold_p2,deepmask_gpr::augmented_cavities::17_aug_11,cavity,cavity::17,train,320832972628bab69e71d2dd01a28543d679cea227a65eb99e986b7f3ea7d17a,data_manifests/deepmask_gpr_unified_samples_20260811.csv,20260811,existing fold_id P2-style split when available; group fallback otherwise
deepmask_gpr,existing_fold_p2,deepmask_gpr::augmented_cavities::17_aug_12,cavity,cavity::17,train,9b1151b175e1c1448a34467156c2b5e35da39f130a9096c2f1ab5dab27c3e138,data_manifests/deepmask_gpr_unified_samples_20260811.csv,20260811,existing fold_id P2-style split when available; group fallback otherwise
deepmask_gpr,existing_fold_p2,deepmask_gpr::augmented_cavities::17_aug_13,cavity,cavity::17,train,807abc972dfe3e786dfe6b7a4e4354a9f491f4029aea5c9979475468911d93c0,data_manifests/deepmask_gpr_unified_samples_20260811.csv,20260811,existing fold_id P2-style split when available; group fallback otherwise
deepmask_gpr,existing_fold_p2,deepmask_gpr::augmented_cavities::17_aug_7,cavity,cavity::17,train,987b4a2cd0b55077b56bc6bba03f8ad1cffe83b9fb30dbb9b14b49819740f8cc,data_manifests/deepmask_gpr_unified_samples_20260811.csv,20260811,existing fold_id P2-style split when available; group fallback otherwise
deepmask_gpr,existing_fold_p2,deepmask_gpr::augmented_cavities::17_aug_8,cavity,cavity::17,train,f23111e4aa42041d063c51f79e1eb2194559768a6920c2de0ce2039bb8140b39,data_manifests/deepmask_gpr_unified_samples_20260811.csv,20260811,existing fold_id P2-style split when available; group fallback otherwise
deepmask_gpr,existing_fold_p2,deepmask_gpr::augmented_cavities::17_aug_9,cavity,cavity::17,train,3bf19d22d02a15f71b80ec79981c5b575dad51f59838cd48902c7645f7878e39,data_manifests/deepmask_gpr_unified_samples_20260811.csv,20260811,existing fold_id P2-style split when available; group fallback otherwise
deepmask_gpr,existing_fold_p2,deepmask_gpr::augmented_cavities::18_aug_10,cavity,cavity::18,test,f9fabb4352577b70eaf99a482cbed99e83e6f89f91fa4451fe16c10288e6cf93,data_manifests/deepmask_gpr_unified_samples_20260811.csv,20260811,existing fold_id P2-style split when available; group fallback otherwise
deepmask_gpr,existing_fold_p2,deepmask_gpr::augmented_cavities::18_aug_11,cavity,cavity::18,test,eb63d7064f3eb52f961ce7b97f3858fda0fbca702632bad8fe6930e3e1e9452f,data_manifests/deepmask_gpr_unified_samples_20260811.csv,20260811,existing fold_id P2-style split when available; group fallback otherwise
deepmask_gpr,existing_fold_p2,deepmask_gpr::augmented_cavities::18_aug_12,cavity,cavity::18,test,c07a8438beb2d2fc9fb429fc7492ec004257aa00e4fade8f50e3faa5402bf92e,data_manifests/deepmask_gpr_unified_samples_20260811.csv,20260811,existing fold_id P2-style split when available; group fallback otherwise
deepmask_gpr,existing_fold_p2,deepmask_gpr::augmented_cavities::18_aug_13,cavity,cavity::18,test,ee5b0423c40d1f1e0fc11a131e93af51ccd04b97be50d933d36f64cc05fedcf0,data_manifests/deepmask_gpr_unified_samples_20260811.csv,20260811,existing fold_id P2-style split when available; group fallback otherwise
deepmask_gpr,existing_fold_p2,deepmask_gpr::augmented_cavities::18_aug_7,cavity,cavity::18,test,27fc4d84bf97523bcb5f533aa4f044a6c9107127e3558c817a5be730975b0aa6,data_manifests/deepmask_gpr_unified_samples_20260811.csv,20260811,existing fold_id P2-style split when available; group fallback otherwise
deepmask_gpr,existing_fold_p2,deepmask_gpr::augmented_cavities::18_aug_8,cavity,cavity::18,test,3a848150ffe696769ae0a0940dcdaeb51631ff09775295b73c58041e230c3725,data_manifests/deepmask_gpr_unified_samples_20260811.csv,20260811,existing fold_id P2-style split when available; group fallback otherwise
deepmask_gpr,existing_fold_p2,deepmask_gpr::augmented_cavities::18_aug_9,cavity,cavity::18,test,8db3d3bd51c8907321deb7d39e74d679ebfc919aa5fecae6f5c62ab4f675615b,data_manifests/deepmask_gpr_unified_samples_20260811.csv,20260811,existing fold_id P2-style split when available; group fallback otherwise
deepmask_gpr,existing_fold_p2,deepmask_gpr::augmented_cavities::19_aug_10,cavity,cavity::19,test,6322d5d6ace421f9343589bb851e7d7b3d5a5a3c8dcda2546172a0a2b4bd1255,data_manifests/deepmask_gpr_unified_samples_20260811.csv,20260811,existing fold_id P2-style split when available; group fallback otherwise
deepmask_gpr,existing_fold_p2,deepmask_gpr::augmented_cavities::19_aug_11,cavity,cavity::19,test,5f829ff82fb02edc0d52eaadd88d7f0a2131713800ad18af4ee92cf5ce2b0752,data_manifests/deepmask_gpr_unified_samples_20260811.csv,20260811,existing fold_id P2-style split when available; group fallback otherwise
deepmask_gpr,existing_fold_p2,deepmask_gpr::augmented_cavities::19_aug_12,cavity,cavity::19,test,9b943252884567d15419569d63b21cb07c6876d1e341dfdeb61fbb282e10d034,data_manifests/deepmask_gpr_unified_samples_20260811.csv,20260811,existing fold_id P2-style split when available; group fallback otherwise
deepmask_gpr,existing_fold_p2,deepmask_gpr::augmented_cavities::19_aug_13,cavity,cavity::19,test,aa1e5286b6ef996bbd2bef07decb9842e05d8dd52a8f5acb223a8a4f021d2fd7,data_manifests/deepmask_gpr_unified_samples_20260811.csv,20260811,existing fold_id P2-style split when available; group fallback otherwise
deepmask_gpr,existing_fold_p2,deepmask_gpr::augmented_cavities::19_aug_7,cavity,cavity::19,test,7bc629dc5dcd03c358b10c821884d4830a7d370a3b75a5b76b2a9ba5e6cfae60,data_manifests/deepmask_gpr_unified_samples_20260811.csv,20260811,existing fold_id P2-style split when available; group fallback otherwise
deepmask_gpr,existing_fold_p2,deepmask_gpr::augmented_cavities::19_aug_8,cavity,cavity::19,test,569214d46e669515dcb23f64f71037bb76a67874452f8f555f3fd0ae487afc7a,data_manifests/deepmask_gpr_unified_samples_20260811.csv,20260811,existing fold_id P2-style split when available; group fallback otherwise
deepmask_gpr,existing_fold_p2,deepmask_gpr::augmented_cavities::19_aug_9,cavity,cavity::19,test,2b34a183a1692ff4f7f3257db33b81e72c93853b5ce8db4236e70f3d39083ef5,data_manifests/deepmask_gpr_unified_samples_20260811.csv,20260811,existing fold_id P2-style split when available; group fallback otherwise
deepmask_gpr,existing_fold_p2,deepmask_gpr::augmented_cavities::1_aug_10,cavity,cavity::1,test,2e6b1f5cfc0f2284b8b8310f3f06ff7b82d63f9bb7e422ce89c724be61d20de3,data_manifests/deepmask_gpr_unified_samples_20260811.csv,20260811,existing fold_id P2-style split when available; group fallback otherwise
deepmask_gpr,existing_fold_p2,deepmask_gpr::augmented_cavities::1_aug_11,cavity,cavity::1,test,88209403450bd31b84bfa9c2cf6d07bf70c58ae57f80fb6296cfe23ac10ba750,data_manifests/deepmask_gpr_unified_samples_20260811.csv,20260811,existing fold_id P2-style split when available; group fallback otherwise
deepmask_gpr,existing_fold_p2,deepmask_gpr::augmented_cavities::1_aug_12,cavity,cavity::1,test,9262674ea0fc58c5989cb72dd604e92a4ad1ca4df96d43a47e81b3f8e9d745cc,data_manifests/deepmask_gpr_unified_samples_20260811.csv,20260811,existing fold_id P2-style split when available; group fallback otherwise
deepmask_gpr,existing_fold_p2,deepmask_gpr::augmented_cavities::1_aug_13,cavity,cavity::1,test,b1fff2bf7e32d64cd8a1baf2da0a37c03deec524142ecb99fe3fc6d287d0af93,data_manifests/deepmask_gpr_unified_samples_20260811.csv,20260811,existing fold_id P2-style split when available; group fallback otherwise
deepmask_gpr,existing_fold_p2,deepmask_gpr::augmented_cavities::1_aug_7,cavity,cavity::1,test,e64fb55c1d7542e2ee83dbdcf1948e76d6a090c48657a3c6f7b3c3b7cf9b2e00,data_manifests/deepmask_gpr_unified_samples_20260811.csv,20260811,existing fold_id P2-style split when available; group fallback otherwise
deepmask_gpr,existing_fold_p2,deepmask_gpr::augmented_cavities::1_aug_8,cavity,cavity::1,test,e740fb782f36c2bc2e3571ae14eef0911f6ad52972dfca190d89039f5640e957,data_manifests/deepmask_gpr_unified_samples_20260811.csv,20260811,existing fold_id P2-style split when available; group fallback otherwise
deepmask_gpr,existing_fold_p2,deepmask_gpr::augmented_cavities::1_aug_9,cavity,cavity::1,test,9f51995c0b4f957f6aa46e9ff15b8136edc094824fbe9e4cfe0bd397b46ad2af,data_manifests/deepmask_gpr_unified_samples_20260811.csv,20260811,existing fold_id P2-style split when available; group fallback otherwise
deepmask_gpr,existing_fold_p2,deepmask_gpr::augmented_cavities::20_aug_10,cavity,cavity::20,test,7341aa6f6cc1a9905646171584ee466f4780474ffef1ea2cd20a75e6509b3bfb,data_manifests/deepmask_gpr_unified_samples_20260811.csv,20260811,existing fold_id P2-style split when available; group fallback otherwise
deepmask_gpr,existing_fold_p2,deepmask_gpr::augmented_cavities::20_aug_11,cavity,cavity::20,test,0a1408f5f6bce497c4abe0df58281f04176badddfb81fb5fffef2caf4a5f1679,data_manifests/deepmask_gpr_unified_samples_20260811.csv,20260811,existing fold_id P2-style split when available; group fallback otherwise
deepmask_gpr,existing_fold_p2,deepmask_gpr::augmented_cavities::20_aug_12,cavity,cavity::20,test,a448bd0f7c735caa3e991c3ecb4fe394101d84f029700c6360ba1df360acf4ef,data_manifests/deepmask_gpr_unified_samples_20260811.csv,20260811,existing fold_id P2-style split when available; group fallback otherwise
deepmask_gpr,existing_fold_p2,deepmask_gpr::augmented_cavities::20_aug_13,cavity,cavity::20,test,a580f304d3c03233401d7ebeca3cc67fd042586f25378378a39f08cef0c54a8b,data_manifests/deepmask_gpr_unified_samples_20260811.csv,20260811,existing fold_id P2-style split when available; group fallback otherwise
deepmask_gpr,existing_fold_p2,deepmask_gpr::augmented_cavities::20_aug_7,cavity,cavity::20,test,be0d3a78c3d4c370a27aa1f25c35bf6bbb7168e5b97185443d9f548985718508,data_manifests/deepmask_gpr_unified_samples_20260811.csv,20260811,existing fold_id P2-style split when available; group fallback otherwise
deepmask_gpr,existing_fold_p2,deepmask_gpr::augmented_cavities::20_aug_8,cavity,cavity::20,test,1cead6a2725c3827b4c8f78b3ccf8f1ee8960ebb5079c788b599fe9685412974,data_manifests/deepmask_gpr_unified_samples_20260811.csv,20260811,existing fold_id P2-style split when available; group fallback otherwise
deepmask_gpr,existing_fold_p2,deepmask_gpr::augmented_cavities::20_aug_9,cavity,cavity::20,test,e1e5b39af7c43b36a6082ceaf859b6a44dc35e91edc93507dd38ea896066c703,data_manifests/deepmask_gpr_unified_samples_20260811.csv,20260811,existing fold_id P2-style split when available; group fallback otherwise
deepmask_gpr,existing_fold_p2,deepmask_gpr::augmented_cavities::21_aug_10,cavity,cavity::21,test,ebf52d77b7d3ed6aaed7d625f2a14dfd9e5a5792f422d0fdfbabd95fdee50366,data_manifests/deepmask_gpr_unified_samples_20260811.csv,20260811,existing fold_id P2-style split when available; group fallback otherwise
deepmask_gpr,existing_fold_p2,deepmask_gpr::augmented_cavities::21_aug_11,cavity,cavity::21,test,562819fbc04ae8af6b27cfb0473f3845869d3347c16e3f42287ad6b715ce0b71,data_manifests/deepmask_gpr_unified_samples_20260811.csv,20260811,existing fold_id P2-style split when available; group fallback otherwise
deepmask_gpr,existing_fold_p2,deepmask_gpr::augmented_cavities::21_aug_12,cavity,cavity::21,test,a5c47833b583a61c8688c9dfec602927c1b7be9d16cf7ce717d35955f3430439,data_manifests/deepmask_gpr_unified_samples_20260811.csv,20260811,existing fold_id P2-style split when available; group fallback otherwise
deepmask_gpr,existing_fold_p2,deepmask_gpr::augmented_cavities::21_aug_13,cavity,cavity::21,test,ddc00076703c14129f2256e11b932f738ee9b04d10f6b08d3b4c347fd985fb19,data_manifests/deepmask_gpr_unified_samples_20260811.csv,20260811,existing fold_id P2-style split when available; group fallback otherwise
deepmask_gpr,existing_fold_p2,deepmask_gpr::augmented_cavities::21_aug_7,cavity,cavity::21,test,c47d01848ef818c9ca04ae72ebb53a8d23b9fdbf42fab62cebf01cacec7bb6af,data_manifests/deepmask_gpr_unified_samples_20260811.csv,20260811,existing fold_id P2-style split when available; group fallback otherwise
deepmask_gpr,existing_fold_p2,deepmask_gpr::augmented_cavities::21_aug_8,cavity,cavity::21,test,e5d72466f125ef6b5058b24a25280b36847faa371bff9881d8c618a0535b67f4,data_manifests/deepmask_gpr_unified_samples_20260811.csv,20260811,existing fold_id P2-style split when available; group fallback otherwise
deepmask_gpr,existing_fold_p2,deepmask_gpr::augmented_cavities::21_aug_9,cavity,cavity::21,test,91f770d7f17616cbb60b4c246d91aa0701d4a0de17d607b16ef4f1c11df756ae,data_manifests/deepmask_gpr_unified_samples_20260811.csv,20260811,existing fold_id P2-style split when available; group fallback otherwise
deepmask_gpr,existing_fold_p2,deepmask_gpr::augmented_cavities::22_aug_10,cavity,cavity::22,train,0bff74f7985181380148fea6619acc6bf16c1dacaecde1aba168a6af7dc2da93,data_manifests/deepmask_gpr_unified_samples_20260811.csv,20260811,existing fold_id P2-style split when available; group fallback otherwise
deepmask_gpr,existing_fold_p2,deepmask_gpr::augmented_cavities::22_aug_11,cavity,cavity::22,train,6b52c0b6b0ff107654968fcaa962d6e261976ca1fc867ebd6c048dc363b6e19e,data_manifests/deepmask_gpr_unified_samples_20260811.csv,20260811,existing fold_id P2-style split when available; group fallback otherwise
deepmask_gpr,existing_fold_p2,deepmask_gpr::augmented_cavities::22_aug_12,cavity,cavity::22,train,f4809abb452736ac49b6b86dbe6d987dc256f969b21cec4a16ea99ad0b03c779,data_manifests/deepmask_gpr_unified_samples_20260811.csv,20260811,existing fold_id P2-style split when available; group fallback otherwise
deepmask_gpr,existing_fold_p2,deepmask_gpr::augmented_cavities::22_aug_13,cavity,cavity::22,train,ac94ebc37bbce9190de547cb30fbb3e58d09890a258e80bfa6dd0247778c19cd,data_manifests/deepmask_gpr_unified_samples_20260811.csv,20260811,existing fold_id P2-style split when available; group fallback otherwise
deepmask_gpr,existing_fold_p2,deepmask_gpr::augmented_cavities::22_aug_7,cavity,cavity::22,train,eef40f4b68f6f472905cc9b1eeefbff69d5be45c6fb71d8ab2d463bd7af5733c,data_manifests/deepmask_gpr_unified_samples_20260811.csv,20260811,existing fold_id P2-style split when available; group fallback otherwise
deepmask_gpr,existing_fold_p2,deepmask_gpr::augmented_cavities::22_aug_8,cavity,cavity::22,train,ec5c8fb7c2b9f7843a7ad659ab4915084eae29fce3bf7ae90be5e4b5412758c0,data_manifests/deepmask_gpr_unified_samples_20260811.csv,20260811,existing fold_id P2-style split when available; group fallback otherwise
deepmask_gpr,existing_fold_p2,deepmask_gpr::augmented_cavities::22_aug_9,cavity,cavity::22,train,f98688d75f5fd1ace0087e193a5672cc38e0ae2ccdf1f7254961b20a574553d4,data_manifests/deepmask_gpr_unified_samples_20260811.csv,20260811,existing fold_id P2-style split when available; group fallback otherwise
deepmask_gpr,existing_fold_p2,deepmask_gpr::augmented_cavities::23_aug_10,cavity,cavity::23,train,8dddea510dd4f4efb3d3ba57915161c8fdae2de37d1eb3bb3ce5eabb8b606bce,data_manifests/deepmask_gpr_unified_samples_20260811.csv,20260811,existing fold_id P2-style split when available; group fallback otherwise
deepmask_gpr,existing_fold_p2,deepmask_gpr::augmented_cavities::23_aug_11,cavity,cavity::23,train,05f6fd31bddd15ba36cd0e2c307a2265edb69b784ded789034dc5ba077186c02,data_manifests/deepmask_gpr_unified_samples_20260811.csv,20260811,existing fold_id P2-style split when available; group fallback otherwise
deepmask_gpr,existing_fold_p2,deepmask_gpr::augmented_cavities::23_aug_12,cavity,cavity::23,train,fcbfe28b525928c9f68b5561839cecb0657037089bd618dd50dcc274f67431b2,data_manifests/deepmask_gpr_unified_samples_20260811.csv,20260811,existing fold_id P2-style split when available; group fallback otherwise
deepmask_gpr,existing_fold_p2,deepmask_gpr::augmented_cavities::23_aug_13,cavity,cavity::23,train,78ccfd50a389c27391a3feeaf541698285b3851320d98185f9b08ce6b9497136,data_manifests/deepmask_gpr_unified_samples_20260811.csv,20260811,existing fold_id P2-style split when available; group fallback otherwise
deepmask_gpr,existing_fold_p2,deepmask_gpr::augmented_cavities::23_aug_7,cavity,cavity::23,train,abf3425166b38c561abaf6d53aa114352450011059fa1033cfc1526ad3162a5f,data_manifests/deepmask_gpr_unified_samples_20260811.csv,20260811,existing fold_id P2-style split when available; group fallback otherwise
deepmask_gpr,existing_fold_p2,deepmask_gpr::augmented_cavities::23_aug_8,cavity,cavity::23,train,43ce45e498f9a7bb3aee1eab9157b1fc29523c81baebf075c3f05da118190911,data_manifests/deepmask_gpr_unified_samples_20260811.csv,20260811,existing fold_id P2-style split when available; group fallback otherwise
deepmask_gpr,existing_fold_p2,deepmask_gpr::augmented_cavities::23_aug_9,cavity,cavity::23,train,7459e0446d965414c36b5918150f459dfed6355a48b9e624ae7d2bae72ad9854,data_manifests/deepmask_gpr_unified_samples_20260811.csv,20260811,existing fold_id P2-style split when available; group fallback otherwise
deepmask_gpr,existing_fold_p2,deepmask_gpr::augmented_cavities::24_aug_10,cavity,cavity::24,train,bea221cea499b8b904cfb4ce1ba67203475161ef7e9ffda3fce84e7a25ab4729,data_manifests/deepmask_gpr_unified_samples_20260811.csv,20260811,existing fold_id P2-style split when available; group fallback otherwise
deepmask_gpr,existing_fold_p2,deepmask_gpr::augmented_cavities::24_aug_11,cavity,cavity::24,train,0ae0c5bef6bb9c24001258a9232f315d61ada4f47f0af5a269fe26955af7f330,data_manifests/deepmask_gpr_unified_samples_20260811.csv,20260811,existing fold_id P2-style split when available; group fallback otherwise
deepmask_gpr,existing_fold_p2,deepmask_gpr::augmented_cavities::24_aug_12,cavity,cavity::24,train,7c5cb3f365f1a5059b548044aa2a69aed1c648871dc1349d491e3cb95f9e4803,data_manifests/deepmask_gpr_unified_samples_20260811.csv,20260811,existing fold_id P2-style split when available; group fallback otherwise
deepmask_gpr,existing_fold_p2,deepmask_gpr::augmented_cavities::24_aug_13,cavity,cavity::24,train,fc661fc2f31b4cbb505a19daaae4046e22e8adf3acd4055af8660e2894855953,data_manifests/deepmask_gpr_unified_samples_20260811.csv,20260811,existing fold_id P2-style split when available; group fallback otherwise
deepmask_gpr,existing_fold_p2,deepmask_gpr::augmented_cavities::24_aug_7,cavity,cavity::24,train,dcce1bd87d368d01b62b5d70336fa07a76a82778e674ddb5eddb945b213af291,data_manifests/deepmask_gpr_unified_samples_20260811.csv,20260811,existing fold_id P2-style split when available; group fallback otherwise
deepmask_gpr,existing_fold_p2,deepmask_gpr::augmented_cavities::24_aug_8,cavity,cavity::24,train,84dc1fcdeb4103afbed41ba32d7dd86a768b45e9230d95a783f3a1e9d2de0dc7,data_manifests/deepmask_gpr_unified_samples_20260811.csv,20260811,existing fold_id P2-style split when available; group fallback otherwise
deepmask_gpr,existing_fold_p2,deepmask_gpr::augmented_cavities::24_aug_9,cavity,cavity::24,train,89b62eff81ffb4c41fba2f7798f8609875d07c00ae7bac513caac1c7e06af219,data_manifests/deepmask_gpr_unified_samples_20260811.csv,20260811,existing fold_id P2-style split when available; group fallback otherwise
deepmask_gpr,existing_fold_p2,deepmask_gpr::augmented_cavities::25_aug_10,cavity,cavity::25,train,e97d212778b08d0cbf2bf780f5f86035660ff784572a0a2a27db51294fa91a1e,data_manifests/deepmask_gpr_unified_samples_20260811.csv,20260811,existing fold_id P2-style split when available; group fallback otherwise
deepmask_gpr,existing_fold_p2,deepmask_gpr::augmented_cavities::25_aug_11,cavity,cavity::25,train,47ad8854cea949fbcd89c84556c62ec7d524362e4adc46cc66b4258530413c54,data_manifests/deepmask_gpr_unified_samples_20260811.csv,20260811,existing fold_id P2-style split when available; group fallback otherwise
deepmask_gpr,existing_fold_p2,deepmask_gpr::augmented_cavities::25_aug_12,cavity,cavity::25,train,8acb7b57a10f6e7d28001cbb190b6d9bdd94084810edb2412b521a391942948a,data_manifests/deepmask_gpr_unified_samples_20260811.csv,20260811,existing fold_id P2-style split when available; group fallback otherwise
deepmask_gpr,existing_fold_p2,deepmask_gpr::augmented_cavities::25_aug_13,cavity,cavity::25,train,2f6f39e8ea6aee26257bc92a5ef1397f4c79adea6ff52d8309873d1418d10a36,data_manifests/deepmask_gpr_unified_samples_20260811.csv,20260811,existing fold_id P2-style split when available; group fallback otherwise
deepmask_gpr,existing_fold_p2,deepmask_gpr::augmented_cavities::25_aug_7,cavity,cavity::25,train,9fe3b88b5c345b4a0f1c3caf10792e833983eadeeaffdad960545cfb5e452dd1,data_manifests/deepmask_gpr_unified_samples_20260811.csv,20260811,existing fold_id P2-style split when available; group fallback otherwise
deepmask_gpr,existing_fold_p2,deepmask_gpr::augmented_cavities::25_aug_8,cavity,cavity::25,train,2b1719fdf057c53c21696cac55e3f75d0e595de37af6d78afcc615b811be9672,data_manifests/deepmask_gpr_unified_samples_20260811.csv,20260811,existing fold_id P2-style split when available; group fallback otherwise
deepmask_gpr,existing_fold_p2,deepmask_gpr::augmented_cavities::25_aug_9,cavity,cavity::25,train,bf2e1f7a31f9e60a0e79de99ba54a4c1217ed60a975fd0728652ee2c19d762c9,data_manifests/deepmask_gpr_unified_samples_20260811.csv,20260811,existing fold_id P2-style split when available; group fallback otherwise
deepmask_gpr,existing_fold_p2,deepmask_gpr::augmented_cavities::26_aug_10,cavity,cavity::26,train,9ba06d8076883d5ff86c3bb5d12cd14ff9ea8f7eaf439a81f65218c02899f8aa,data_manifests/deepmask_gpr_unified_samples_20260811.csv,20260811,existing fold_id P2-style split when available; group fallback otherwise
deepmask_gpr,existing_fold_p2,deepmask_gpr::augmented_cavities::26_aug_11,cavity,cavity::26,train,352521a74c267cd958e12db5b7fd5e3cd013f559f5cf06894bbf597679b8aee7,data_manifests/deepmask_gpr_unified_samples_20260811.csv,20260811,existing fold_id P2-style split when available; group fallback otherwise
deepmask_gpr,existing_fold_p2,deepmask_gpr::augmented_cavities::26_aug_12,cavity,cavity::26,train,3e78d551e1110c7a9b6706c95a2fb659c381f0f3c37224ba220ceb7fbaee1981,data_manifests/deepmask_gpr_unified_samples_20260811.csv,20260811,existing fold_id P2-style split when available; group fallback otherwise
deepmask_gpr,existing_fold_p2,deepmask_gpr::augmented_cavities::26_aug_13,cavity,cavity::26,train,cf8d9b7afa7ac121e54359190e4a99f8f8af1c4af3cec37acfbec21d665f5308,data_manifests/deepmask_gpr_unified_samples_20260811.csv,20260811,existing fold_id P2-style split when available; group fallback otherwise
deepmask_gpr,existing_fold_p2,deepmask_gpr::augmented_cavities::26_aug_7,cavity,cavity::26,train,bcfebe34ce675ad6e41ec18c738be018dd9fe96dc170b267bb800bc0f07ea65e,data_manifests/deepmask_gpr_unified_samples_20260811.csv,20260811,existing fold_id P2-style split when available; group fallback otherwise
deepmask_gpr,existing_fold_p2,deepmask_gpr::augmented_cavities::26_aug_8,cavity,cavity::26,train,fd10dd55e523c5f3c96dd5253e273510c609a5b6b555f8ff2fce44fe9708b50a,data_manifests/deepmask_gpr_unified_samples_20260811.csv,20260811,existing fold_id P2-style split when available; group fallback otherwise
deepmask_gpr,existing_fold_p2,deepmask_gpr::augmented_cavities::26_aug_9,cavity,cavity::26,train,5880057e955fe028b88c152f146e1fe0c4ff0899156d1011909993cab42925b6,data_manifests/deepmask_gpr_unified_samples_20260811.csv,20260811,existing fold_id P2-style split when available; group fallback otherwise
deepmask_gpr,existing_fold_p2,deepmask_gpr::augmented_cavities::27_aug_10,cavity,cavity::27,train,4d83930f5e3fbe145b1f6a55437628096bf60859b96a50fd3311e1742e887fc4,data_manifests/deepmask_gpr_unified_samples_20260811.csv,20260811,existing fold_id P2-style split when available; group fallback otherwise
deepmask_gpr,existing_fold_p2,deepmask_gpr::augmented_cavities::27_aug_11,cavity,cavity::27,train,30194414e962e4e36c50d32a7dd25d590403694cb325f935b83e39cbedb22fe1,data_manifests/deepmask_gpr_unified_samples_20260811.csv,20260811,existing fold_id P2-style split when available; group fallback otherwise
deepmask_gpr,existing_fold_p2,deepmask_gpr::augmented_cavities::27_aug_12,cavity,cavity::27,train,5f20b09bc69182c4b981fed11cff79cf519dc7c1d3951c64a3e28ced60738878,data_manifests/deepmask_gpr_unified_samples_20260811.csv,20260811,existing fold_id P2-style split when available; group fallback otherwise
deepmask_gpr,existing_fold_p2,deepmask_gpr::augmented_cavities::27_aug_13,cavity,cavity::27,train,fc0e33e141323c9fd0f06c206d8a0745fbce5f01d9b22c02f02330704ea8ba32,data_manifests/deepmask_gpr_unified_samples_20260811.csv,20260811,existing fold_id P2-style split when available; group fallback otherwise
deepmask_gpr,existing_fold_p2,deepmask_gpr::augmented_cavities::27_aug_7,cavity,cavity::27,train,cec846ef604aac5d0ea305df2cfaa2daaf062a06d5e6080d1c2706611c0b2c2d,data_manifests/deepmask_gpr_unified_samples_20260811.csv,20260811,existing fold_id P2-style split when available; group fallback otherwise
deepmask_gpr,existing_fold_p2,deepmask_gpr::augmented_cavities::27_aug_8,cavity,cavity::27,train,ddeb80fbea2509122eadf5d6c763c0576980841910cd762a564455d0b8ba03f0,data_manifests/deepmask_gpr_unified_samples_20260811.csv,20260811,existing fold_id P2-style split when available; group fallback otherwise
deepmask_gpr,existing_fold_p2,deepmask_gpr::augmented_cavities::27_aug_9,cavity,cavity::27,train,487a023d10d2a3fc3c061dea0601dfe8bc2f3510c469d3aefb3578408d21f175,data_manifests/deepmask_gpr_unified_samples_20260811.csv,20260811,existing fold_id P2-style split when available; group fallback otherwise
deepmask_gpr,existing_fold_p2,deepmask_gpr::augmented_cavities::28_aug_10,cavity,cavity::28,train,845bb2da574199b9a6f0f5b4ea7600ca242d4d0f7ae1956784c69855f2fc4914,data_manifests/deepmask_gpr_unified_samples_20260811.csv,20260811,existing fold_id P2-style split when available; group fallback otherwise
deepmask_gpr,existing_fold_p2,deepmask_gpr::augmented_cavities::28_aug_11,cavity,cavity::28,train,ec6f5e2d16f52299396dd24b4e47f20844484c01fc3b402f201f21a20b7a5af5,data_manifests/deepmask_gpr_unified_samples_20260811.csv,20260811,existing fold_id P2-style split when available; group fallback otherwise
deepmask_gpr,existing_fold_p2,deepmask_gpr::augmented_cavities::28_aug_12,cavity,cavity::28,train,7582ef66fb61114381c104f3eebbfa289d23d0a8fe91444fa9385ffddefbfe9b,data_manifests/deepmask_gpr_unified_samples_20260811.csv,20260811,existing fold_id P2-style split when available; group fallback otherwise
deepmask_gpr,existing_fold_p2,deepmask_gpr::augmented_cavities::28_aug_13,cavity,cavity::28,train,c3b040af752f4db5d868a26da9df5bea6f8484acc1c576a160e83fe16920dac2,data_manifests/deepmask_gpr_unified_samples_20260811.csv,20260811,existing fold_id P2-style split when available; group fallback otherwise
deepmask_gpr,existing_fold_p2,deepmask_gpr::augmented_cavities::28_aug_7,cavity,cavity::28,train,d7a8f2b0d29ef609002ab590443fe30fe37ebcc585f07b153ae837e232928ce0,data_manifests/deepmask_gpr_unified_samples_20260811.csv,20260811,existing fold_id P2-style split when available; group fallback otherwise
deepmask_gpr,existing_fold_p2,deepmask_gpr::augmented_cavities::28_aug_8,cavity,cavity::28,train,50d67842fc143f66d22bd870b1fde0709d00ed1049e16713bba2f0e62ddcc661,data_manifests/deepmask_gpr_unified_samples_20260811.csv,20260811,existing fold_id P2-style split when available; group fallback otherwise
deepmask_gpr,existing_fold_p2,deepmask_gpr::augmented_cavities::28_aug_9,cavity,cavity::28,train,beec5e7e12b3107144de2e3449e520a6b9ab0536a0d6403d4403d7e5fd0e57f6,data_manifests/deepmask_gpr_unified_samples_20260811.csv,20260811,existing fold_id P2-style split when available; group fallback otherwise
deepmask_gpr,existing_fold_p2,deepmask_gpr::augmented_cavities::29_aug_10,cavity,cavity::29,train,e2ccbd288b42be6fb4a52af39e5d699b847316072a88afadc4af9f6ea9c3acee,data_manifests/deepmask_gpr_unified_samples_20260811.csv,20260811,existing fold_id P2-style split when available; group fallback otherwise
deepmask_gpr,existing_fold_p2,deepmask_gpr::augmented_cavities::29_aug_11,cavity,cavity::29,train,e8d99237e2609a8fb956bc23b5e59a684cd50d3eaaddffe79f944651adf52628,data_manifests/deepmask_gpr_unified_samples_20260811.csv,20260811,existing fold_id P2-style split when available; group fallback otherwise
deepmask_gpr,existing_fold_p2,deepmask_gpr::augmented_cavities::29_aug_12,cavity,cavity::29,train,46928c8b1892361f5e1a4e27cd735b12e3edf4ca342a841a6fe2096f4148f25e,data_manifests/deepmask_gpr_unified_samples_20260811.csv,20260811,existing fold_id P2-style split when available; group fallback otherwise
deepmask_gpr,existing_fold_p2,deepmask_gpr::augmented_cavities::29_aug_13,cavity,cavity::29,train,5f86fa93936a7a96599c18072aaac3f1f0505067fad992b2487cf404872e1219,data_manifests/deepmask_gpr_unified_samples_20260811.csv,20260811,existing fold_id P2-style split when available; group fallback otherwise
deepmask_gpr,existing_fold_p2,deepmask_gpr::augmented_cavities::29_aug_7,cavity,cavity::29,train,b5cdbade5b9fd2000446c8d229a7a2c2253a093011dceb3d7e111fa3fd5c1843,data_manifests/deepmask_gpr_unified_samples_20260811.csv,20260811,existing fold_id P2-style split when available; group fallback otherwise
deepmask_gpr,existing_fold_p2,deepmask_gpr::augmented_cavities::29_aug_8,cavity,cavity::29,train,eca1bd43502062362ed484165f0960d4eccd94a625be0a43b8069115c65ae60b,data_manifests/deepmask_gpr_unified_samples_20260811.csv,20260811,existing fold_id P2-style split when available; group fallback otherwise
deepmask_gpr,existing_fold_p2,deepmask_gpr::augmented_cavities::29_aug_9,cavity,cavity::29,train,a6005f1ba0aa6e2710682e6d4aae57de95df77f7a44e0859e9a4913bb4c7a907,data_manifests/deepmask_gpr_unified_samples_20260811.csv,20260811,existing fold_id P2-style split when available; group fallback otherwise
deepmask_gpr,existing_fold_p2,deepmask_gpr::augmented_cavities::2_aug_10,cavity,cavity::2,train,37472feb2750f5b8ea71c343fad9f2d90ef1ef477ccc706f7f94bbf972192600,data_manifests/deepmask_gpr_unified_samples_20260811.csv,20260811,existing fold_id P2-style split when available; group fallback otherwise
deepmask_gpr,existing_fold_p2,deepmask_gpr::augmented_cavities::2_aug_11,cavity,cavity::2,train,0997649b2c83dcc53f50f2c340744dd246eae2317f08e87be7edfb99f234b1f8,data_manifests/deepmask_gpr_unified_samples_20260811.csv,20260811,existing fold_id P2-style split when available; group fallback otherwise
deepmask_gpr,existing_fold_p2,deepmask_gpr::augmented_cavities::2_aug_12,cavity,cavity::2,train,edb3d387b543cfb4ed6c59e131a1b1eef1a54628c50506d0f7c0fa9e54ab831b,data_manifests/deepmask_gpr_unified_samples_20260811.csv,20260811,existing fold_id P2-style split when available; group fallback otherwise
deepmask_gpr,existing_fold_p2,deepmask_gpr::augmented_cavities::2_aug_13,cavity,cavity::2,train,7e9cc2089625e9e52cabef61c65be6eb608bd341c6b71c0a78ac1161467fa128,data_manifests/deepmask_gpr_unified_samples_20260811.csv,20260811,existing fold_id P2-style split when available; group fallback otherwise
deepmask_gpr,existing_fold_p2,deepmask_gpr::augmented_cavities::2_aug_7,cavity,cavity::2,train,6fa63206992020da3b20598066d6056d6630e1efb94ee1cb41011c2a1b3d0891,data_manifests/deepmask_gpr_unified_samples_20260811.csv,20260811,existing fold_id P2-style split when available; group fallback otherwise
deepmask_gpr,existing_fold_p2,deepmask_gpr::augmented_cavities::2_aug_8,cavity,cavity::2,train,d69754eaf70abd1c9ae66b6cc6ef7425aab4ab2f046547d638fd6d666c6c1169,data_manifests/deepmask_gpr_unified_samples_20260811.csv,20260811,existing fold_id P2-style split when available; group fallback otherwise
deepmask_gpr,existing_fold_p2,deepmask_gpr::augmented_cavities::2_aug_9,cavity,cavity::2,train,b1886c95d52f5f8e5c37b82e05fb0b2ab5a7644ffc5ecc53c3b24846c0d68347,data_manifests/deepmask_gpr_unified_samples_20260811.csv,20260811,existing fold_id P2-style split when available; group fallback otherwise
deepmask_gpr,existing_fold_p2,deepmask_gpr::augmented_cavities::30_aug_10,cavity,cavity::30,train,51a0907b9235d22d02a3dac3463fdeebf1fa8184f03af353a9acdbf780c44112,data_manifests/deepmask_gpr_unified_samples_20260811.csv,20260811,existing fold_id P2-style split when available; group fallback otherwise
deepmask_gpr,existing_fold_p2,deepmask_gpr::augmented_cavities::30_aug_11,cavity,cavity::30,train,8d7fb31cbb0af84ed19116d380b03e2aa86507534241f831e470f35b5f3faa45,data_manifests/deepmask_gpr_unified_samples_20260811.csv,20260811,existing fold_id P2-style split when available; group fallback otherwise
deepmask_gpr,existing_fold_p2,deepmask_gpr::augmented_cavities::30_aug_12,cavity,cavity::30,train,9a0fb05ad425f0d7f2601f5d0b596306aef4228d097d9276cf195e7aefe2df06,data_manifests/deepmask_gpr_unified_samples_20260811.csv,20260811,existing fold_id P2-style split when available; group fallback otherwise
deepmask_gpr,existing_fold_p2,deepmask_gpr::augmented_cavities::30_aug_13,cavity,cavity::30,train,ad5c633ef26b58115f3717bc5f58759a6a11bc97d6259f9cb7ce5ab0d9151362,data_manifests/deepmask_gpr_unified_samples_20260811.csv,20260811,existing fold_id P2-style split when available; group fallback otherwise
deepmask_gpr,existing_fold_p2,deepmask_gpr::augmented_cavities::30_aug_7,cavity,cavity::30,train,63db6090ce591231bdc3d962f692d0104fc6af31fd8cdc8d206b58b82eab652c,data_manifests/deepmask_gpr_unified_samples_20260811.csv,20260811,existing fold_id P2-style split when available; group fallback otherwise
deepmask_gpr,existing_fold_p2,deepmask_gpr::augmented_cavities::30_aug_8,cavity,cavity::30,train,bce609e242064f0c37753195dc3ac73d9427e117be0657cb2f04569cf315cda8,data_manifests/deepmask_gpr_unified_samples_20260811.csv,20260811,existing fold_id P2-style split when available; group fallback otherwise
deepmask_gpr,existing_fold_p2,deepmask_gpr::augmented_cavities::30_aug_9,cavity,cavity::30,train,fd9db675201a9409e6b8b5f7a4b5cb48127054eb61c3c43c72dcd5194c95c6a1,data_manifests/deepmask_gpr_unified_samples_20260811.csv,20260811,existing fold_id P2-style split when available; group fallback otherwise
deepmask_gpr,existing_fold_p2,deepmask_gpr::augmented_cavities::31_aug_10,cavity,cavity::31,train,f3179ff30a668780af88bb060295d348bd360045df3f12ea7ebf1046734a8a0c,data_manifests/deepmask_gpr_unified_samples_20260811.csv,20260811,existing fold_id P2-style split when available; group fallback otherwise
deepmask_gpr,existing_fold_p2,deepmask_gpr::augmented_cavities::31_aug_11,cavity,cavity::31,train,9ef9ded5bb6ac17468e03fbb494659a2cfaabc7a949b7ddebf6c923e9ed4450f,data_manifests/deepmask_gpr_unified_samples_20260811.csv,20260811,existing fold_id P2-style split when available; group fallback otherwise
deepmask_gpr,existing_fold_p2,deepmask_gpr::augmented_cavities::31_aug_12,cavity,cavity::31,train,5243f1675efd9e990f8b2e071972d8c855833eaa5e3d057bc33ebf987fec6933,data_manifests/deepmask_gpr_unified_samples_20260811.csv,20260811,existing fold_id P2-style split when available; group fallback otherwise
deepmask_gpr,existing_fold_p2,deepmask_gpr::augmented_cavities::31_aug_13,cavity,cavity::31,train,0c213a8f12fa89f032d2868e4b40d6d0e49fe03cb62cd543e8f9197b8bb5b759,data_manifests/deepmask_gpr_unified_samples_20260811.csv,20260811,existing fold_id P2-style split when available; group fallback otherwise
deepmask_gpr,existing_fold_p2,deepmask_gpr::augmented_cavities::31_aug_7,cavity,cavity::31,train,be3dc519f05d5a15e78d31657d8c67bd496b91420fa657bcc823a1631a3537e3,data_manifests/deepmask_gpr_unified_samples_20260811.csv,20260811,existing fold_id P2-style split when available; group fallback otherwise
deepmask_gpr,existing_fold_p2,deepmask_gpr::augmented_cavities::31_aug_8,cavity,cavity::31,train,d0fa8d46713a2b3391f4c426b404be8d987c1575d2a9bf57ff1642cbc25af5c4,data_manifests/deepmask_gpr_unified_samples_20260811.csv,20260811,existing fold_id P2-style split when available; group fallback otherwise
deepmask_gpr,existing_fold_p2,deepmask_gpr::augmented_cavities::31_aug_9,cavity,cavity::31,train,dee736477ac1dabcc28747dc4241266be87e52f704cc96d877f1d91754db6f8f,data_manifests/deepmask_gpr_unified_samples_20260811.csv,20260811,existing fold_id P2-style split when available; group fallback otherwise
deepmask_gpr,existing_fold_p2,deepmask_gpr::augmented_cavities::32_aug_10,cavity,cavity::32,train,a78ef93e3488b5bf8ff918324a600ce44f7b457e3243a1157b9acde72d159aff,data_manifests/deepmask_gpr_unified_samples_20260811.csv,20260811,existing fold_id P2-style split when available; group fallback otherwise
deepmask_gpr,existing_fold_p2,deepmask_gpr::augmented_cavities::32_aug_11,cavity,cavity::32,train,cc3a0c68f05d663447472fd7023f67347833cf4f84c2777044c471132dd88fa0,data_manifests/deepmask_gpr_unified_samples_20260811.csv,20260811,existing fold_id P2-style split when available; group fallback otherwise
deepmask_gpr,existing_fold_p2,deepmask_gpr::augmented_cavities::32_aug_12,cavity,cavity::32,train,00e259b402dae5487b108281638a329e6060a2d10a3372eaa87ba311bfb07ec6,data_manifests/deepmask_gpr_unified_samples_20260811.csv,20260811,existing fold_id P2-style split when available; group fallback otherwise
deepmask_gpr,existing_fold_p2,deepmask_gpr::augmented_cavities::32_aug_13,cavity,cavity::32,train,8315e82ea8da6206a2fddf074d806dd0cdf00078b02028dd3723a7555da9cfe0,data_manifests/deepmask_gpr_unified_samples_20260811.csv,20260811,existing fold_id P2-style split when available; group fallback otherwise
deepmask_gpr,existing_fold_p2,deepmask_gpr::augmented_cavities::32_aug_7,cavity,cavity::32,train,918ac29acae7af8d884bc72ad9d5bdef4523259e9cac33e0c5d0fecfba0aeabb,data_manifests/deepmask_gpr_unified_samples_20260811.csv,20260811,existing fold_id P2-style split when available; group fallback otherwise
deepmask_gpr,existing_fold_p2,deepmask_gpr::augmented_cavities::32_aug_8,cavity,cavity::32,train,8e0a459a70cfd07719ac094543cfe76145e8728e48e7029e34daece0b2058fd5,data_manifests/deepmask_gpr_unified_samples_20260811.csv,20260811,existing fold_id P2-style split when available; group fallback otherwise
deepmask_gpr,existing_fold_p2,deepmask_gpr::augmented_cavities::32_aug_9,cavity,cavity::32,train,9718c1490484d04621b45c8db0b3cfeaa93cab29fc47e08bddcb649c19f23853,data_manifests/deepmask_gpr_unified_samples_20260811.csv,20260811,existing fold_id P2-style split when available; group fallback otherwise
deepmask_gpr,existing_fold_p2,deepmask_gpr::augmented_cavities::33_aug_10,cavity,cavity::33,train,464f7797c9cddc34b2b6886ba8d84a97b858e1666d95adf0c5daf47942f81fd3,data_manifests/deepmask_gpr_unified_samples_20260811.csv,20260811,existing fold_id P2-style split when available; group fallback otherwise
deepmask_gpr,existing_fold_p2,deepmask_gpr::augmented_cavities::33_aug_11,cavity,cavity::33,train,c33b6f4123016f1ee559f7f10b1159bfc80ff15a8a334c25bf16501142fd2cce,data_manifests/deepmask_gpr_unified_samples_20260811.csv,20260811,existing fold_id P2-style split when available; group fallback otherwise
deepmask_gpr,existing_fold_p2,deepmask_gpr::augmented_cavities::33_aug_12,cavity,cavity::33,train,29d9081ddc00b64f10a51b3c7704020f39d21e2399548d557b936ba3e160b449,data_manifests/deepmask_gpr_unified_samples_20260811.csv,20260811,existing fold_id P2-style split when available; group fallback otherwise
deepmask_gpr,existing_fold_p2,deepmask_gpr::augmented_cavities::33_aug_13,cavity,cavity::33,train,fa93fba70caddd4daf1fc8a4e01a2fa4750f1cbddeefd24e3cdcf29a7b4f1de7,data_manifests/deepmask_gpr_unified_samples_20260811.csv,20260811,existing fold_id P2-style split when available; group fallback otherwise
deepmask_gpr,existing_fold_p2,deepmask_gpr::augmented_cavities::33_aug_7,cavity,cavity::33,train,6f52d54392dfc21a0c7fadf836612eeb6865b402d163a4e456416afcba80efd2,data_manifests/deepmask_gpr_unified_samples_20260811.csv,20260811,existing fold_id P2-style split when available; group fallback otherwise
deepmask_gpr,existing_fold_p2,deepmask_gpr::augmented_cavities::33_aug_8,cavity,cavity::33,train,714fa24715927dfa45339bc676fc0a703365aedef23091f9d4c5d6cca4c54b57,data_manifests/deepmask_gpr_unified_samples_20260811.csv,20260811,existing fold_id P2-style split when available; group fallback otherwise
deepmask_gpr,existing_fold_p2,deepmask_gpr::augmented_cavities::33_aug_9,cavity,cavity::33,train,bc3007315518387a8a9fa0fab4114d4212450b060b47f4b28dda07a6317eec38,data_manifests/deepmask_gpr_unified_samples_20260811.csv,20260811,existing fold_id P2-style split when available; group fallback otherwise
deepmask_gpr,existing_fold_p2,deepmask_gpr::augmented_cavities::34_aug_10,cavity,cavity::34,test,dec483bc8b0b5d20d2ab34dd1b9e15af6b4a6714b02341a49d3792df26a586b1,data_manifests/deepmask_gpr_unified_samples_20260811.csv,20260811,existing fold_id P2-style split when available; group fallback otherwise
deepmask_gpr,existing_fold_p2,deepmask_gpr::augmented_cavities::34_aug_11,cavity,cavity::34,test,99c3eda88fbe275c6c3feec65c9331a5748ded97af549c69b450fffb64d63cdd,data_manifests/deepmask_gpr_unified_samples_20260811.csv,20260811,existing fold_id P2-style split when available; group fallback otherwise
deepmask_gpr,existing_fold_p2,deepmask_gpr::augmented_cavities::34_aug_12,cavity,cavity::34,test,7abe9376de252ce5b00c2b87d5636a24f6cd5374e0897b4d54f6fe831e112576,data_manifests/deepmask_gpr_unified_samples_20260811.csv,20260811,existing fold_id P2-style split when available; group fallback otherwise
deepmask_gpr,existing_fold_p2,deepmask_gpr::augmented_cavities::34_aug_13,cavity,cavity::34,test,c54391cbcf7b79408fc6a38671155179aa6bdc060b719202e3525690e7b484fc,data_manifests/deepmask_gpr_unified_samples_20260811.csv,20260811,existing fold_id P2-style split when available; group fallback otherwise
deepmask_gpr,existing_fold_p2,deepmask_gpr::augmented_cavities::34_aug_7,cavity,cavity::34,test,c6081838b8f5c18e68e814a15fc11c6936d9aa22645c5f48fcd8e561d0845a82,data_manifests/deepmask_gpr_unified_samples_20260811.csv,20260811,existing fold_id P2-style split when available; group fallback otherwise
deepmask_gpr,existing_fold_p2,deepmask_gpr::augmented_cavities::34_aug_8,cavity,cavity::34,test,65b56e5572c805334c4b40e7ce701e86eabbc0eba94b2f6ec51e2e5314fa2c9f,data_manifests/deepmask_gpr_unified_samples_20260811.csv,20260811,existing fold_id P2-style split when available; group fallback otherwise
deepmask_gpr,existing_fold_p2,deepmask_gpr::augmented_cavities::34_aug_9,cavity,cavity::34,test,6bff38238b1bb263db6cc4d409355fd1dffcd2bd3d97379f1e6a0494d1c58485,data_manifests/deepmask_gpr_unified_samples_20260811.csv,20260811,existing fold_id P2-style split when available; group fallback otherwise
deepmask_gpr,existing_fold_p2,deepmask_gpr::augmented_cavities::35_aug_10,cavity,cavity::35,val,1518283e875eb681ef4a745c445d9cf12a635801baae27f43367d8b1df5bf6e3,data_manifests/deepmask_gpr_unified_samples_20260811.csv,20260811,existing fold_id P2-style split when available; group fallback otherwise
deepmask_gpr,existing_fold_p2,deepmask_gpr::augmented_cavities::35_aug_11,cavity,cavity::35,val,a2c4c24d92ee3e1f07d39cedd1ed3ac1740a9dd7be69b338f2dbd6f338bc706a,data_manifests/deepmask_gpr_unified_samples_20260811.csv,20260811,existing fold_id P2-style split when available; group fallback otherwise
deepmask_gpr,existing_fold_p2,deepmask_gpr::augmented_cavities::35_aug_12,cavity,cavity::35,val,87b075c326fab2bd2e3e69e0f1dc9db69b850e33f52899a71644149d19c0f026,data_manifests/deepmask_gpr_unified_samples_20260811.csv,20260811,existing fold_id P2-style split when available; group fallback otherwise
deepmask_gpr,existing_fold_p2,deepmask_gpr::augmented_cavities::35_aug_13,cavity,cavity::35,val,4018a5ebe1ad6c9925f2ced8648936f8909bb42d329adfd07fa3e9adb0f6166c,data_manifests/deepmask_gpr_unified_samples_20260811.csv,20260811,existing fold_id P2-style split when available; group fallback otherwise
deepmask_gpr,existing_fold_p2,deepmask_gpr::augmented_cavities::35_aug_7,cavity,cavity::35,val,9292152e08f2f8c7ad1b42c4a00d106d753ffaf29cdeb6db53f7c204b9af5714,data_manifests/deepmask_gpr_unified_samples_20260811.csv,20260811,existing fold_id P2-style split when available; group fallback otherwise
deepmask_gpr,existing_fold_p2,deepmask_gpr::augmented_cavities::35_aug_8,cavity,cavity::35,val,5f6c6da42035f68df54241655b5d1a0d8063bea78de18d2f3d967ee9a12652d0,data_manifests/deepmask_gpr_unified_samples_20260811.csv,20260811,existing fold_id P2-style split when available; group fallback otherwise
deepmask_gpr,existing_fold_p2,deepmask_gpr::augmented_cavities::35_aug_9,cavity,cavity::35,val,9ba6f7d503847991eea01cf2869c73f522c21606988b7842df60bb660fdd8ad9,data_manifests/deepmask_gpr_unified_samples_20260811.csv,20260811,existing fold_id P2-style split when available; group fallback otherwise
deepmask_gpr,existing_fold_p2,deepmask_gpr::augmented_cavities::36_aug_10,cavity,cavity::36,train,8437a8df8641491c684d7f5dfbef5ebdc30c49f4cf94d1e23b2ed338563cae80,data_manifests/deepmask_gpr_unified_samples_20260811.csv,20260811,existing fold_id P2-style split when available; group fallback otherwise
deepmask_gpr,existing_fold_p2,deepmask_gpr::augmented_cavities::36_aug_11,cavity,cavity::36,train,fdd1f8dce51885ddfed4eebe1901a313fcf7b54e6299dabc5703ac9be06f549c,data_manifests/deepmask_gpr_unified_samples_20260811.csv,20260811,existing fold_id P2-style split when available; group fallback otherwise
deepmask_gpr,existing_fold_p2,deepmask_gpr::augmented_cavities::36_aug_12,cavity,cavity::36,train,ed75f33492b61493e42caeecfb98c1a8c133e6a31f9eeacc672a2d610a75cc5c,data_manifests/deepmask_gpr_unified_samples_20260811.csv,20260811,existing fold_id P2-style split when available; group fallback otherwise
deepmask_gpr,existing_fold_p2,deepmask_gpr::augmented_cavities::36_aug_13,cavity,cavity::36,train,a7b761ddccb7dbc7208d5cdba94a28ba742dddd4e87fe87338e88a9ec602151e,data_manifests/deepmask_gpr_unified_samples_20260811.csv,20260811,existing fold_id P2-style split when available; group fallback otherwise
deepmask_gpr,existing_fold_p2,deepmask_gpr::augmented_cavities::36_aug_7,cavity,cavity::36,train,e3c3dd5b0e4ab2ceee249a6034a20dee8833b25cc963cfcea8e032f1a8f360db,data_manifests/deepmask_gpr_unified_samples_20260811.csv,20260811,existing fold_id P2-style split when available; group fallback otherwise
deepmask_gpr,existing_fold_p2,deepmask_gpr::augmented_cavities::36_aug_8,cavity,cavity::36,train,e0571b98cbe683ab31f9bb42773df1ecf719aae659882cd07895ef894f6581c8,data_manifests/deepmask_gpr_unified_samples_20260811.csv,20260811,existing fold_id P2-style split when available; group fallback otherwise
deepmask_gpr,existing_fold_p2,deepmask_gpr::augmented_cavities::36_aug_9,cavity,cavity::36,train,26dd9902e3803b7ea8921438768fccffeba6ec7fe01412ffd14d8ae53beba95e,data_manifests/deepmask_gpr_unified_samples_20260811.csv,20260811,existing fold_id P2-style split when available; group fallback otherwise
deepmask_gpr,existing_fold_p2,deepmask_gpr::augmented_cavities::37_aug_10,cavity,cavity::37,train,53f7c385005f679e67bba7fcaaf22a62d8198e36e9f4648c7259a2a0c78fd6f9,data_manifests/deepmask_gpr_unified_samples_20260811.csv,20260811,existing fold_id P2-style split when available; group fallback otherwise
deepmask_gpr,existing_fold_p2,deepmask_gpr::augmented_cavities::37_aug_11,cavity,cavity::37,train,020dd438e0cd4931372870b5c31415888dec75a95d22c4f1c1b4ecfcfb9b0fe3,data_manifests/deepmask_gpr_unified_samples_20260811.csv,20260811,existing fold_id P2-style split when available; group fallback otherwise
deepmask_gpr,existing_fold_p2,deepmask_gpr::augmented_cavities::37_aug_12,cavity,cavity::37,train,0a0d7ae51b2d0899a0f9d10b7cfb7d910406f0a30ec9405bcd2741ee75557ed7,data_manifests/deepmask_gpr_unified_samples_20260811.csv,20260811,existing fold_id P2-style split when available; group fallback otherwise
deepmask_gpr,existing_fold_p2,deepmask_gpr::augmented_cavities::37_aug_13,cavity,cavity::37,train,e6669d569959a5cc0dc38a99e5a876d6c6a5869bc890b5712cef200a164f9574,data_manifests/deepmask_gpr_unified_samples_20260811.csv,20260811,existing fold_id P2-style split when available; group fallback otherwise
deepmask_gpr,existing_fold_p2,deepmask_gpr::augmented_cavities::37_aug_7,cavity,cavity::37,train,d549657465b380ca0ea90262cccc517a435d5af7bb30f576803e6383b49daaf4,data_manifests/deepmask_gpr_unified_samples_20260811.csv,20260811,existing fold_id P2-style split when available; group fallback otherwise
deepmask_gpr,existing_fold_p2,deepmask_gpr::augmented_cavities::37_aug_8,cavity,cavity::37,train,cfc7d99f3feaa56602be70e7a06cdc25db8da63f2408956542af24c538ae2f4e,data_manifests/deepmask_gpr_unified_samples_20260811.csv,20260811,existing fold_id P2-style split when available; group fallback otherwise
deepmask_gpr,existing_fold_p2,deepmask_gpr::augmented_cavities::37_aug_9,cavity,cavity::37,train,ba1bbd3833aba025a5eb4240ac439932bba9166b31392c91b2dc616a99d5e1c4,data_manifests/deepmask_gpr_unified_samples_20260811.csv,20260811,existing fold_id P2-style split when available; group fallback otherwise
deepmask_gpr,existing_fold_p2,deepmask_gpr::augmented_cavities::38_aug_10,cavity,cavity::38,val,bbfdcba2f4a0faa9bc2dc6001f72bb6e89f86f15a27fce49a8353a106974006c,data_manifests/deepmask_gpr_unified_samples_20260811.csv,20260811,existing fold_id P2-style split when available; group fallback otherwise
deepmask_gpr,existing_fold_p2,deepmask_gpr::augmented_cavities::38_aug_11,cavity,cavity::38,val,ffe2126f8ed5bfb0dab87917718b5b218d17b70efc79736d565d8720f19caae8,data_manifests/deepmask_gpr_unified_samples_20260811.csv,20260811,existing fold_id P2-style split when available; group fallback otherwise
deepmask_gpr,existing_fold_p2,deepmask_gpr::augmented_cavities::38_aug_12,cavity,cavity::38,val,089788e9a0d3ea7fc64c81e6c78cce7ae46e1577698720cd003dc6fb59ffd513,data_manifests/deepmask_gpr_unified_samples_20260811.csv,20260811,existing fold_id P2-style split when available; group fallback otherwise
deepmask_gpr,existing_fold_p2,deepmask_gpr::augmented_cavities::38_aug_13,cavity,cavity::38,val,4731bb3091ea3ccce9d6ba4d492e492283cfe0d2b63a1f6708e83cf9988a815b,data_manifests/deepmask_gpr_unified_samples_20260811.csv,20260811,existing fold_id P2-style split when available; group fallback otherwise
deepmask_gpr,existing_fold_p2,deepmask_gpr::augmented_cavities::38_aug_7,cavity,cavity::38,val,e96907cfa98709146d9d3148053be56400a9aeff1d3c6ca69ded09da7502310c,data_manifests/deepmask_gpr_unified_samples_20260811.csv,20260811,existing fold_id P2-style split when available; group fallback otherwise
deepmask_gpr,existing_fold_p2,deepmask_gpr::augmented_cavities::38_aug_8,cavity,cavity::38,val,53eec1494053642c3b7a1ed2b01b00d9ad5388e9fef525d0944f62ff77abffac,data_manifests/deepmask_gpr_unified_samples_20260811.csv,20260811,existing fold_id P2-style split when available; group fallback otherwise
deepmask_gpr,existing_fold_p2,deepmask_gpr::augmented_cavities::38_aug_9,cavity,cavity::38,val,c1ed8172180f8fa6ed82acf5534b9b8b1689667fb255945d2d422dacc9a983e2,data_manifests/deepmask_gpr_unified_samples_20260811.csv,20260811,existing fold_id P2-style split when available; group fallback otherwise
deepmask_gpr,existing_fold_p2,deepmask_gpr::augmented_cavities::39_aug_10,cavity,cavity::39,train,660ae525c0bd59e33a137efc637301d609ae60b9dd30b892ee56b1da3a600053,data_manifests/deepmask_gpr_unified_samples_20260811.csv,20260811,existing fold_id P2-style split when available; group fallback otherwise
deepmask_gpr,existing_fold_p2,deepmask_gpr::augmented_cavities::39_aug_11,cavity,cavity::39,train,e53d210e25cf3b10c3b88da86ad65955e1fd47a0c55cf845a3cbcaba620e1fd5,data_manifests/deepmask_gpr_unified_samples_20260811.csv,20260811,existing fold_id P2-style split when available; group fallback otherwise
deepmask_gpr,existing_fold_p2,deepmask_gpr::augmented_cavities::39_aug_12,cavity,cavity::39,train,a5c8c975f6c2d5bde7444069e0047c75bf73bb4d512d329ddb2a62ba484b7c1a,data_manifests/deepmask_gpr_unified_samples_20260811.csv,20260811,existing fold_id P2-style split when available; group fallback otherwise
deepmask_gpr,existing_fold_p2,deepmask_gpr::augmented_cavities::39_aug_13,cavity,cavity::39,train,c9d6b9c74943bac1a054126ab6cc4a9fc8f36a890d1c882b56ce78dcaa22430a,data_manifests/deepmask_gpr_unified_samples_20260811.csv,20260811,existing fold_id P2-style split when available; group fallback otherwise
deepmask_gpr,existing_fold_p2,deepmask_gpr::augmented_cavities::39_aug_7,cavity,cavity::39,train,e7efa758b2e4da2d15cc269e5f9704b1112bb2755ef372e0e0c9b00639309dc3,data_manifests/deepmask_gpr_unified_samples_20260811.csv,20260811,existing fold_id P2-style split when available; group fallback otherwise
deepmask_gpr,existing_fold_p2,deepmask_gpr::augmented_cavities::39_aug_8,cavity,cavity::39,train,f5f59521a350fc63221774ba5282e0c2363e04bc7fa29d6ca23abde1fd4e5be0,data_manifests/deepmask_gpr_unified_samples_20260811.csv,20260811,existing fold_id P2-style split when available; group fallback otherwise
deepmask_gpr,existing_fold_p2,deepmask_gpr::augmented_cavities::39_aug_9,cavity,cavity::39,train,0ccc0ee743656d78fc1bf9c4844ba64271acee15bbd9f4a2e5eb3f64867f1e67,data_manifests/deepmask_gpr_unified_samples_20260811.csv,20260811,existing fold_id P2-style split when available; group fallback otherwise
deepmask_gpr,existing_fold_p2,deepmask_gpr::augmented_cavities::3_aug_10,cavity,cavity::3,train,0fe66334e41285b088668947a465ee97f88583a042690a6dc83635d765973a5d,data_manifests/deepmask_gpr_unified_samples_20260811.csv,20260811,existing fold_id P2-style split when available; group fallback otherwise
deepmask_gpr,existing_fold_p2,deepmask_gpr::augmented_cavities::3_aug_11,cavity,cavity::3,train,580b3fd34372b0ac028280784a0788731b58bf953ceee29475a3a71c0b46ca17,data_manifests/deepmask_gpr_unified_samples_20260811.csv,20260811,existing fold_id P2-style split when available; group fallback otherwise
deepmask_gpr,existing_fold_p2,deepmask_gpr::augmented_cavities::3_aug_12,cavity,cavity::3,train,d1f3f0af51624eb6e2ea1199a459a267fe8633deb61f4e47b538b1f38d206cf0,data_manifests/deepmask_gpr_unified_samples_20260811.csv,20260811,existing fold_id P2-style split when available; group fallback otherwise
deepmask_gpr,existing_fold_p2,deepmask_gpr::augmented_cavities::3_aug_13,cavity,cavity::3,train,08474ee79d4b256718aa649b884b19ee3b5a069e174494ba47014b35399e6dc2,data_manifests/deepmask_gpr_unified_samples_20260811.csv,20260811,existing fold_id P2-style split when available; group fallback otherwise
deepmask_gpr,existing_fold_p2,deepmask_gpr::augmented_cavities::3_aug_7,cavity,cavity::3,train,323e0248bc68d08752cd98135daa1dbc4a8511b38556fa3a447c5aeade3ed1bd,data_manifests/deepmask_gpr_unified_samples_20260811.csv,20260811,existing fold_id P2-style split when available; group fallback otherwise
deepmask_gpr,existing_fold_p2,deepmask_gpr::augmented_cavities::3_aug_8,cavity,cavity::3,train,57cd82380a6cd728dfebc5aec9897508bc59e2eb4bf6e5c6e3d75cab97355d1b,data_manifests/deepmask_gpr_unified_samples_20260811.csv,20260811,existing fold_id P2-style split when available; group fallback otherwise
deepmask_gpr,existing_fold_p2,deepmask_gpr::augmented_cavities::3_aug_9,cavity,cavity::3,train,16c09f7720715c511b8768cf9ae99fe810860cfe0ae4613de32449844bfed304,data_manifests/deepmask_gpr_unified_samples_20260811.csv,20260811,existing fold_id P2-style split when available; group fallback otherwise
deepmask_gpr,existing_fold_p2,deepmask_gpr::augmented_cavities::40_aug_10,cavity,cavity::40,train,5dc1db26d9c418ef6ff33ef40ce29dd5ae3248f4270970cecc7f8f90f5300ea9,data_manifests/deepmask_gpr_unified_samples_20260811.csv,20260811,existing fold_id P2-style split when available; group fallback otherwise
deepmask_gpr,existing_fold_p2,deepmask_gpr::augmented_cavities::40_aug_11,cavity,cavity::40,train,844ca73130ed6e9d8cd1ab79c784374f2e7e3c3109ede4fb83c45fbca9f786cb,data_manifests/deepmask_gpr_unified_samples_20260811.csv,20260811,existing fold_id P2-style split when available; group fallback otherwise
deepmask_gpr,existing_fold_p2,deepmask_gpr::augmented_cavities::40_aug_12,cavity,cavity::40,train,f406b12d19b5fde543c34c61f7a1c8cd336a654daf827958f67b17533a742d03,data_manifests/deepmask_gpr_unified_samples_20260811.csv,20260811,existing fold_id P2-style split when available; group fallback otherwise
deepmask_gpr,existing_fold_p2,deepmask_gpr::augmented_cavities::40_aug_13,cavity,cavity::40,train,c52f39c2fd74af0bd00f3f3565c498f6f53fa1d7e56e72452b13383df7a891f5,data_manifests/deepmask_gpr_unified_samples_20260811.csv,20260811,existing fold_id P2-style split when available; group fallback otherwise
deepmask_gpr,existing_fold_p2,deepmask_gpr::augmented_cavities::40_aug_7,cavity,cavity::40,train,bc125951f8cf54cdc0ed814fb69cc54d3e6a52579f522dbc135f6cb4befdcf83,data_manifests/deepmask_gpr_unified_samples_20260811.csv,20260811,existing fold_id P2-style split when available; group fallback otherwise
deepmask_gpr,existing_fold_p2,deepmask_gpr::augmented_cavities::40_aug_8,cavity,cavity::40,train,d783626d428ff617b04d9456709907cdfa290170886c667adccc739f069014c0,data_manifests/deepmask_gpr_unified_samples_20260811.csv,20260811,existing fold_id P2-style split when available; group fallback otherwise
deepmask_gpr,existing_fold_p2,deepmask_gpr::augmented_cavities::40_aug_9,cavity,cavity::40,train,e6b73f19d51479cda69ea9978bb9e6eafdcb1f350be625efb738ccf60e785053,data_manifests/deepmask_gpr_unified_samples_20260811.csv,20260811,existing fold_id P2-style split when available; group fallback otherwise
deepmask_gpr,existing_fold_p2,deepmask_gpr::augmented_cavities::41_aug_10,cavity,cavity::41,train,1f8ff1c80d29d36f407ca21e562f8ddbca39a56bcffc01bff86c7fad256f1cef,data_manifests/deepmask_gpr_unified_samples_20260811.csv,20260811,existing fold_id P2-style split when available; group fallback otherwise
deepmask_gpr,existing_fold_p2,deepmask_gpr::augmented_cavities::41_aug_11,cavity,cavity::41,train,1bcc388666fd26fe602f6602b99fda88815a0d75b5d22d00d1cac7a126da1e8f,data_manifests/deepmask_gpr_unified_samples_20260811.csv,20260811,existing fold_id P2-style split when available; group fallback otherwise
deepmask_gpr,existing_fold_p2,deepmask_gpr::augmented_cavities::41_aug_12,cavity,cavity::41,train,5c319737c0373178a977c93ca044c6c4c0644ff465151b08b72a38b0df57e4b3,data_manifests/deepmask_gpr_unified_samples_20260811.csv,20260811,existing fold_id P2-style split when available; group fallback otherwise
deepmask_gpr,existing_fold_p2,deepmask_gpr::augmented_cavities::41_aug_13,cavity,cavity::41,train,0c91dba6a1717ce9c83c48f4c45c70e82aa5254cb4a6e20a873b8ba3eddc6325,data_manifests/deepmask_gpr_unified_samples_20260811.csv,20260811,existing fold_id P2-style split when available; group fallback otherwise
deepmask_gpr,existing_fold_p2,deepmask_gpr::augmented_cavities::41_aug_7,cavity,cavity::41,train,ff5ddfd136492ed21f7bfd80e3d262fe8c6a30a718895d3daf496dd994292f04,data_manifests/deepmask_gpr_unified_samples_20260811.csv,20260811,existing fold_id P2-style split when available; group fallback otherwise
deepmask_gpr,existing_fold_p2,deepmask_gpr::augmented_cavities::41_aug_8,cavity,cavity::41,train,ad9d09c11d523b9c38013f313fe80bc6f952477d3a10e85edebcfba5b735848d,data_manifests/deepmask_gpr_unified_samples_20260811.csv,20260811,existing fold_id P2-style split when available; group fallback otherwise
deepmask_gpr,existing_fold_p2,deepmask_gpr::augmented_cavities::41_aug_9,cavity,cavity::41,train,5db30c34dc9bc099051b8f56418225f8967c7f3389a52898afc68ba42fec91a0,data_manifests/deepmask_gpr_unified_samples_20260811.csv,20260811,existing fold_id P2-style split when available; group fallback otherwise
deepmask_gpr,existing_fold_p2,deepmask_gpr::augmented_cavities::42_aug_10,cavity,cavity::42,train,54d17d50369773d289c85ae9a84d53b40b3c15830bf10a3c11881c23bf12d898,data_manifests/deepmask_gpr_unified_samples_20260811.csv,20260811,existing fold_id P2-style split when available; group fallback otherwise
deepmask_gpr,existing_fold_p2,deepmask_gpr::augmented_cavities::42_aug_11,cavity,cavity::42,train,1a3a05c3d5a73f6bf5f5923a160bce7b02632bb2bfd99f545ad626e596b7b8b7,data_manifests/deepmask_gpr_unified_samples_20260811.csv,20260811,existing fold_id P2-style split when available; group fallback otherwise
deepmask_gpr,existing_fold_p2,deepmask_gpr::augmented_cavities::42_aug_12,cavity,cavity::42,train,9458fb3fa13843d5616b6e670fec1b08d305b2312d1bb47b4638b7275e01750a,data_manifests/deepmask_gpr_unified_samples_20260811.csv,20260811,existing fold_id P2-style split when available; group fallback otherwise
deepmask_gpr,existing_fold_p2,deepmask_gpr::augmented_cavities::42_aug_13,cavity,cavity::42,train,cd9f5f066378644193aba8990dfa5eebb581e01aeeea08cdb4cbfbd5f3045431,data_manifests/deepmask_gpr_unified_samples_20260811.csv,20260811,existing fold_id P2-style split when available; group fallback otherwise
deepmask_gpr,existing_fold_p2,deepmask_gpr::augmented_cavities::42_aug_7,cavity,cavity::42,train,ed6634d2d0f634acbab706ee77a43ca2e919f74fa086868b3b574e5b620cf321,data_manifests/deepmask_gpr_unified_samples_20260811.csv,20260811,existing fold_id P2-style split when available; group fallback otherwise
deepmask_gpr,existing_fold_p2,deepmask_gpr::augmented_cavities::42_aug_8,cavity,cavity::42,train,a0988e4733e1f973cfa5e1606664bd391d882a39816e0f8b411d30d540104947,data_manifests/deepmask_gpr_unified_samples_20260811.csv,20260811,existing fold_id P2-style split when available; group fallback otherwise
deepmask_gpr,existing_fold_p2,deepmask_gpr::augmented_cavities::42_aug_9,cavity,cavity::42,train,392c924a32c66fa51f38153ccd18b575557b4ea5696fe5279e3bf6f9e12f816d,data_manifests/deepmask_gpr_unified_samples_20260811.csv,20260811,existing fold_id P2-style split when available; group fallback otherwise
deepmask_gpr,existing_fold_p2,deepmask_gpr::augmented_cavities::43_aug_10,cavity,cavity::43,val,86fde87910d382b8ce20f945129633331ea8ee72c6c878ca07450742b50c4405,data_manifests/deepmask_gpr_unified_samples_20260811.csv,20260811,existing fold_id P2-style split when available; group fallback otherwise
deepmask_gpr,existing_fold_p2,deepmask_gpr::augmented_cavities::43_aug_11,cavity,cavity::43,val,b96f4ab98365dc8d8200086693401f8984b21e94db537a151d7d6ef470f24e83,data_manifests/deepmask_gpr_unified_samples_20260811.csv,20260811,existing fold_id P2-style split when available; group fallback otherwise
deepmask_gpr,existing_fold_p2,deepmask_gpr::augmented_cavities::43_aug_12,cavity,cavity::43,val,a4a0b486963f0ea956c3674f7ec7fdc1046361190885cfce8d268583ec523449,data_manifests/deepmask_gpr_unified_samples_20260811.csv,20260811,existing fold_id P2-style split when available; group fallback otherwise
deepmask_gpr,existing_fold_p2,deepmask_gpr::augmented_cavities::43_aug_13,cavity,cavity::43,val,6f5600a5456d182b43ea10eaa84335024ef4880f2c3aa06b34186d7955fbd401,data_manifests/deepmask_gpr_unified_samples_20260811.csv,20260811,existing fold_id P2-style split when available; group fallback otherwise
deepmask_gpr,existing_fold_p2,deepmask_gpr::augmented_cavities::43_aug_7,cavity,cavity::43,val,cd6ad4ec00c81030a717e13eff00fc87aebecc205bd76dfd6d0b16d1075eb755,data_manifests/deepmask_gpr_unified_samples_20260811.csv,20260811,existing fold_id P2-style split when available; group fallback otherwise
deepmask_gpr,existing_fold_p2,deepmask_gpr::augmented_cavities::43_aug_8,cavity,cavity::43,val,501b8d6ce923bf8fbdadbbcbf13dfc76ee0458ca9042c20b773b9522cf5dcee0,data_manifests/deepmask_gpr_unified_samples_20260811.csv,20260811,existing fold_id P2-style split when available; group fallback otherwise
deepmask_gpr,existing_fold_p2,deepmask_gpr::augmented_cavities::43_aug_9,cavity,cavity::43,val,4e619c28efd2f6319603cbfcefbf585c9ef499c917fa2d6ecfc89ef5b6cc8f70,data_manifests/deepmask_gpr_unified_samples_20260811.csv,20260811,existing fold_id P2-style split when available; group fallback otherwise
deepmask_gpr,existing_fold_p2,deepmask_gpr::augmented_cavities::44_aug_10,cavity,cavity::44,train,e71c5826fef95ba3163a7d4c98c6e26f6cace85c203f0b36e1eb9ae9a7e35bc9,data_manifests/deepmask_gpr_unified_samples_20260811.csv,20260811,existing fold_id P2-style split when available; group fallback otherwise
deepmask_gpr,existing_fold_p2,deepmask_gpr::augmented_cavities::44_aug_11,cavity,cavity::44,train,a855b1c0667a3342adc7ae937595cccff357b532fc35a63fe7f893165e105522,data_manifests/deepmask_gpr_unified_samples_20260811.csv,20260811,existing fold_id P2-style split when available; group fallback otherwise
deepmask_gpr,existing_fold_p2,deepmask_gpr::augmented_cavities::44_aug_12,cavity,cavity::44,train,fc072f8c1d290e7539d55ff097b1dfef4181107d0ecf3c61b857e3ed18b64dc2,data_manifests/deepmask_gpr_unified_samples_20260811.csv,20260811,existing fold_id P2-style split when available; group fallback otherwise
deepmask_gpr,existing_fold_p2,deepmask_gpr::augmented_cavities::44_aug_13,cavity,cavity::44,train,0d50756526ccef797aac63c75db17a38af1d741f4972e477a55dee8158320eb7,data_manifests/deepmask_gpr_unified_samples_20260811.csv,20260811,existing fold_id P2-style split when available; group fallback otherwise
deepmask_gpr,existing_fold_p2,deepmask_gpr::augmented_cavities::44_aug_7,cavity,cavity::44,train,3713fb0c86aedc3f765a4cacd02da0ef4aa7c7694b5ed07482d92ed50c1f1171,data_manifests/deepmask_gpr_unified_samples_20260811.csv,20260811,existing fold_id P2-style split when available; group fallback otherwise
deepmask_gpr,existing_fold_p2,deepmask_gpr::augmented_cavities::44_aug_8,cavity,cavity::44,train,589cbac6f77cb2be50900470ae55bd8b34109352ce47fc18aa78db2eb8c43df8,data_manifests/deepmask_gpr_unified_samples_20260811.csv,20260811,existing fold_id P2-style split when available; group fallback otherwise
deepmask_gpr,existing_fold_p2,deepmask_gpr::augmented_cavities::44_aug_9,cavity,cavity::44,train,37a7c1256c832d9d80707dc9a36db6a28c17c923e089cd3c284b208ed68b24a3,data_manifests/deepmask_gpr_unified_samples_20260811.csv,20260811,existing fold_id P2-style split when available; group fallback otherwise
deepmask_gpr,existing_fold_p2,deepmask_gpr::augmented_cavities::45_aug_10,cavity,cavity::45,train,1ed1f7ce5ccb1cf832898726218d341f23cddcd6dd0d962846c274fc1cda3e35,data_manifests/deepmask_gpr_unified_samples_20260811.csv,20260811,existing fold_id P2-style split when available; group fallback otherwise
deepmask_gpr,existing_fold_p2,deepmask_gpr::augmented_cavities::45_aug_11,cavity,cavity::45,train,8d97e334a4db8caeed640107ccb9eb9bbae150c37b8322b375700a737b37f078,data_manifests/deepmask_gpr_unified_samples_20260811.csv,20260811,existing fold_id P2-style split when available; group fallback otherwise
deepmask_gpr,existing_fold_p2,deepmask_gpr::augmented_cavities::45_aug_12,cavity,cavity::45,train,c8576c5c26d77e40384640364dff51c63a07d7a6154d73ea2d7e5b1939d0b884,data_manifests/deepmask_gpr_unified_samples_20260811.csv,20260811,existing fold_id P2-style split when available; group fallback otherwise
deepmask_gpr,existing_fold_p2,deepmask_gpr::augmented_cavities::45_aug_13,cavity,cavity::45,train,4fd1184c80b0fb9425323360c3fdffb8b2df085a00026aa11fa9cbded60a6550,data_manifests/deepmask_gpr_unified_samples_20260811.csv,20260811,existing fold_id P2-style split when available; group fallback otherwise
deepmask_gpr,existing_fold_p2,deepmask_gpr::augmented_cavities::45_aug_7,cavity,cavity::45,train,4248be5ba65a957c734dbf6d366d390aa68049cc80f204b780ef9f2531d4fa28,data_manifests/deepmask_gpr_unified_samples_20260811.csv,20260811,existing fold_id P2-style split when available; group fallback otherwise
deepmask_gpr,existing_fold_p2,deepmask_gpr::augmented_cavities::45_aug_8,cavity,cavity::45,train,0e5436635eeb31117b44234553e52c231a768620cd17fe27386028cbbca24254,data_manifests/deepmask_gpr_unified_samples_20260811.csv,20260811,existing fold_id P2-style split when available; group fallback otherwise
deepmask_gpr,existing_fold_p2,deepmask_gpr::augmented_cavities::45_aug_9,cavity,cavity::45,train,491e5ab8917a905a4ce7fcc38b832055acec88019244aad06ca9c0bbf18f0dc6,data_manifests/deepmask_gpr_unified_samples_20260811.csv,20260811,existing fold_id P2-style split when available; group fallback otherwise
deepmask_gpr,existing_fold_p2,deepmask_gpr::augmented_cavities::46_aug_10,cavity,cavity::46,test,068194573636824a8ddc18a500f83a85d0eba5c44a15a59c3aa4ce3f58dbfbb0,data_manifests/deepmask_gpr_unified_samples_20260811.csv,20260811,existing fold_id P2-style split when available; group fallback otherwise
deepmask_gpr,existing_fold_p2,deepmask_gpr::augmented_cavities::46_aug_11,cavity,cavity::46,test,7d2ddea314a1767378e6d9e9652d3b91e55db3287cdd72844ee46d308239a88e,data_manifests/deepmask_gpr_unified_samples_20260811.csv,20260811,existing fold_id P2-style split when available; group fallback otherwise
deepmask_gpr,existing_fold_p2,deepmask_gpr::augmented_cavities::46_aug_12,cavity,cavity::46,test,90117cc66d19ef91ad8281b0574252caa7de6d375759d50febef9eebf238e8e3,data_manifests/deepmask_gpr_unified_samples_20260811.csv,20260811,existing fold_id P2-style split when available; group fallback otherwise
deepmask_gpr,existing_fold_p2,deepmask_gpr::augmented_cavities::46_aug_13,cavity,cavity::46,test,69887d0d7abb15e05644724e984eb303a49300b64b853b6faed21aed483c86e0,data_manifests/deepmask_gpr_unified_samples_20260811.csv,20260811,existing fold_id P2-style split when available; group fallback otherwise
deepmask_gpr,existing_fold_p2,deepmask_gpr::augmented_cavities::46_aug_7,cavity,cavity::46,test,af24be07b7dd9f5294ab5901d72d91ee6cd7aa254b17a1746905328469d9e13e,data_manifests/deepmask_gpr_unified_samples_20260811.csv,20260811,existing fold_id P2-style split when available; group fallback otherwise
deepmask_gpr,existing_fold_p2,deepmask_gpr::augmented_cavities::46_aug_8,cavity,cavity::46,test,8fab7694345f982989b982cd76ef55d8ac354082500871a99381bf25ec807a44,data_manifests/deepmask_gpr_unified_samples_20260811.csv,20260811,existing fold_id P2-style split when available; group fallback otherwise
deepmask_gpr,existing_fold_p2,deepmask_gpr::augmented_cavities::46_aug_9,cavity,cavity::46,test,95374311c3ebeeb26573a94273c572b9bbd53e4d87abac21ec8ea9709b4b281d,data_manifests/deepmask_gpr_unified_samples_20260811.csv,20260811,existing fold_id P2-style split when available; group fallback otherwise
deepmask_gpr,existing_fold_p2,deepmask_gpr::augmented_cavities::47_aug_10,cavity,cavity::47,train,5b976e5840838fc2e4b1d2db7056438d7ab4506881c836bc614846c353269cfd,data_manifests/deepmask_gpr_unified_samples_20260811.csv,20260811,existing fold_id P2-style split when available; group fallback otherwise
deepmask_gpr,existing_fold_p2,deepmask_gpr::augmented_cavities::47_aug_11,cavity,cavity::47,train,c507cb7db6731994ebf17ff386b2c435e8b6a94d7bebb47c0f5caba8bb8debfa,data_manifests/deepmask_gpr_unified_samples_20260811.csv,20260811,existing fold_id P2-style split when available; group fallback otherwise
deepmask_gpr,existing_fold_p2,deepmask_gpr::augmented_cavities::47_aug_12,cavity,cavity::47,train,743dd7887d13e0df7b470779a8aaa79f92fd024b792ae46adb9bda284cf0f9fb,data_manifests/deepmask_gpr_unified_samples_20260811.csv,20260811,existing fold_id P2-style split when available; group fallback otherwise
deepmask_gpr,existing_fold_p2,deepmask_gpr::augmented_cavities::47_aug_13,cavity,cavity::47,train,d93d10823090a53f6f4c9ba385ad25aab823b74ba1ec84a3f2e4cc89fb6b7307,data_manifests/deepmask_gpr_unified_samples_20260811.csv,20260811,existing fold_id P2-style split when available; group fallback otherwise
deepmask_gpr,existing_fold_p2,deepmask_gpr::augmented_cavities::47_aug_7,cavity,cavity::47,train,b397daa51a95b1aafc473cff215bf2d00424262447a2c4a2a7422986cf1bbc3c,data_manifests/deepmask_gpr_unified_samples_20260811.csv,20260811,existing fold_id P2-style split when available; group fallback otherwise
deepmask_gpr,existing_fold_p2,deepmask_gpr::augmented_cavities::47_aug_8,cavity,cavity::47,train,71addfaf820e81d61e90d34bdd8f6e32468eddc40997ba133f75d8942f93d4e6,data_manifests/deepmask_gpr_unified_samples_20260811.csv,20260811,existing fold_id P2-style split when available; group fallback otherwise
deepmask_gpr,existing_fold_p2,deepmask_gpr::augmented_cavities::47_aug_9,cavity,cavity::47,train,ef46c34d523b62d517d75e0e14440a160e5b8cea777dbee734e407c5b19415c3,data_manifests/deepmask_gpr_unified_samples_20260811.csv,20260811,existing fold_id P2-style split when available; group fallback otherwise
deepmask_gpr,existing_fold_p2,deepmask_gpr::augmented_cavities::48_aug_10,cavity,cavity::48,train,5cdc8526f7c7339a4c585d3bb77fc3e60beaee6db2d30a5963f188f376d373e4,data_manifests/deepmask_gpr_unified_samples_20260811.csv,20260811,existing fold_id P2-style split when available; group fallback otherwise
deepmask_gpr,existing_fold_p2,deepmask_gpr::augmented_cavities::48_aug_11,cavity,cavity::48,train,e18ba59c81d9dd1e43a27e361522d991010977122df35ae38afd0529c4eb4464,data_manifests/deepmask_gpr_unified_samples_20260811.csv,20260811,existing fold_id P2-style split when available; group fallback otherwise
deepmask_gpr,existing_fold_p2,deepmask_gpr::augmented_cavities::48_aug_12,cavity,cavity::48,train,8acb4691bbbac74cfc3035c237999362f68e01238fd7e2a69c60f9aa9ea7c6c6,data_manifests/deepmask_gpr_unified_samples_20260811.csv,20260811,existing fold_id P2-style split when available; group fallback otherwise
deepmask_gpr,existing_fold_p2,deepmask_gpr::augmented_cavities::48_aug_13,cavity,cavity::48,train,701923758142fad677fb4d3342c1cf9ed5f29a31d8c2d8b86172d7880611a2cc,data_manifests/deepmask_gpr_unified_samples_20260811.csv,20260811,existing fold_id P2-style split when available; group fallback otherwise
deepmask_gpr,existing_fold_p2,deepmask_gpr::augmented_cavities::48_aug_7,cavity,cavity::48,train,c5a71544bf89128486379d6c05822414952814fa53963381fb647225692ca013,data_manifests/deepmask_gpr_unified_samples_20260811.csv,20260811,existing fold_id P2-style split when available; group fallback otherwise
deepmask_gpr,existing_fold_p2,deepmask_gpr::augmented_cavities::48_aug_8,cavity,cavity::48,train,72a5dc28e298c4e63c88559bb69ccd2dabdfcc89d3d28755d3b6eb6c46d4fa1c,data_manifests/deepmask_gpr_unified_samples_20260811.csv,20260811,existing fold_id P2-style split when available; group fallback otherwise
deepmask_gpr,existing_fold_p2,deepmask_gpr::augmented_cavities::48_aug_9,cavity,cavity::48,train,9168118a02d87c18da6a5e2d588164072f63231aecb9bc2a20ffa2a8fd6581d2,data_manifests/deepmask_gpr_unified_samples_20260811.csv,20260811,existing fold_id P2-style split when available; group fallback otherwise
deepmask_gpr,existing_fold_p2,deepmask_gpr::augmented_cavities::49_aug_10,cavity,cavity::49,train,a82e26cfb878a19aaca598137b66fc6298e67cbda965395027a59b2b99ac2860,data_manifests/deepmask_gpr_unified_samples_20260811.csv,20260811,existing fold_id P2-style split when available; group fallback otherwise
deepmask_gpr,existing_fold_p2,deepmask_gpr::augmented_cavities::49_aug_11,cavity,cavity::49,train,268a164a33d2a740c226dd41168c76815f7399be2c0188e9490efb41ca8a7f30,data_manifests/deepmask_gpr_unified_samples_20260811.csv,20260811,existing fold_id P2-style split when available; group fallback otherwise
deepmask_gpr,existing_fold_p2,deepmask_gpr::augmented_cavities::49_aug_12,cavity,cavity::49,train,7cec1bc5f725b57f1db28093d9c33f0c9f20b16389af1f1cb3bb63efd3b28e71,data_manifests/deepmask_gpr_unified_samples_20260811.csv,20260811,existing fold_id P2-style split when available; group fallback otherwise
deepmask_gpr,existing_fold_p2,deepmask_gpr::augmented_cavities::49_aug_13,cavity,cavity::49,train,422cb54c7facc0494704090bdfded99a6a479d26ec5d8e78cc564ebf25a886e8,data_manifests/deepmask_gpr_unified_samples_20260811.csv,20260811,existing fold_id P2-style split when available; group fallback otherwise
deepmask_gpr,existing_fold_p2,deepmask_gpr::augmented_cavities::49_aug_7,cavity,cavity::49,train,e750ef3f27471a104694d2d0ac871905054979188ba845e33e50a0e193532bd8,data_manifests/deepmask_gpr_unified_samples_20260811.csv,20260811,existing fold_id P2-style split when available; group fallback otherwise
deepmask_gpr,existing_fold_p2,deepmask_gpr::augmented_cavities::49_aug_8,cavity,cavity::49,train,bf3a8869311cd44fd4614cb484f2ea247cdc884799e9623aeec18a15a1bbfea4,data_manifests/deepmask_gpr_unified_samples_20260811.csv,20260811,existing fold_id P2-style split when available; group fallback otherwise
deepmask_gpr,existing_fold_p2,deepmask_gpr::augmented_cavities::49_aug_9,cavity,cavity::49,train,29ce972a62b6581c75bfbed17dc5bd1e64a1c7b81732b62d7d76ddf16c0992be,data_manifests/deepmask_gpr_unified_samples_20260811.csv,20260811,existing fold_id P2-style split when available; group fallback otherwise
deepmask_gpr,existing_fold_p2,deepmask_gpr::augmented_cavities::4_aug_10,cavity,cavity::4,train,b92e03fb4a4668fc936863f777dd3b7a2a35161671a07756b528421809f1c5e1,data_manifests/deepmask_gpr_unified_samples_20260811.csv,20260811,existing fold_id P2-style split when available; group fallback otherwise
deepmask_gpr,existing_fold_p2,deepmask_gpr::augmented_cavities::4_aug_11,cavity,cavity::4,train,ecd2cb021b372ab88cee8feddb161db3bb8ab6c5d46a5d92754a252efdd2c609,data_manifests/deepmask_gpr_unified_samples_20260811.csv,20260811,existing fold_id P2-style split when available; group fallback otherwise
deepmask_gpr,existing_fold_p2,deepmask_gpr::augmented_cavities::4_aug_12,cavity,cavity::4,train,985a6b06b1fd10a78e9d934a8e89631a25da0912440e970c5a70be96cb31d72d,data_manifests/deepmask_gpr_unified_samples_20260811.csv,20260811,existing fold_id P2-style split when available; group fallback otherwise
deepmask_gpr,existing_fold_p2,deepmask_gpr::augmented_cavities::4_aug_13,cavity,cavity::4,train,e346f932457e4b225d2397f3cd37812716481433bf06e8c3fead0a174ba6ca62,data_manifests/deepmask_gpr_unified_samples_20260811.csv,20260811,existing fold_id P2-style split when available; group fallback otherwise
deepmask_gpr,existing_fold_p2,deepmask_gpr::augmented_cavities::4_aug_7,cavity,cavity::4,train,54ea64017abe12ed2f2a0a7be13f65865b66b77c5f837c408b50896472541bc7,data_manifests/deepmask_gpr_unified_samples_20260811.csv,20260811,existing fold_id P2-style split when available; group fallback otherwise
deepmask_gpr,existing_fold_p2,deepmask_gpr::augmented_cavities::4_aug_8,cavity,cavity::4,train,6504436352a4424e0a8ffb53ffdf4fcfbeb3dc5cabf4aef10319b8a7e5d63b30,data_manifests/deepmask_gpr_unified_samples_20260811.csv,20260811,existing fold_id P2-style split when available; group fallback otherwise
deepmask_gpr,existing_fold_p2,deepmask_gpr::augmented_cavities::4_aug_9,cavity,cavity::4,train,4f6ed3ee0911c5a32dfa1896bff8a96bce808836b80bc6a738de32568e586f8c,data_manifests/deepmask_gpr_unified_samples_20260811.csv,20260811,existing fold_id P2-style split when available; group fallback otherwise
deepmask_gpr,existing_fold_p2,deepmask_gpr::augmented_cavities::50_aug_10,cavity,cavity::50,train,47810ee1bfa207bfb8753d308e6f30ade5262ddbbfd4eb1729d052cc74c8f70c,data_manifests/deepmask_gpr_unified_samples_20260811.csv,20260811,existing fold_id P2-style split when available; group fallback otherwise
deepmask_gpr,existing_fold_p2,deepmask_gpr::augmented_cavities::50_aug_11,cavity,cavity::50,train,eeb7b3c65bd67e8e2eb4dff2fdf2b3109b2bb426803684d3a88657e455c831fb,data_manifests/deepmask_gpr_unified_samples_20260811.csv,20260811,existing fold_id P2-style split when available; group fallback otherwise
deepmask_gpr,existing_fold_p2,deepmask_gpr::augmented_cavities::50_aug_12,cavity,cavity::50,train,ad9248f8efb9bc45eca53da3ea799f2a8774db61d1541d45eabf3e1fb33bb27b,data_manifests/deepmask_gpr_unified_samples_20260811.csv,20260811,existing fold_id P2-style split when available; group fallback otherwise
deepmask_gpr,existing_fold_p2,deepmask_gpr::augmented_cavities::50_aug_13,cavity,cavity::50,train,6c9ceb6a4e0451aad5a32ae3b1e8b2fc01b77eab4fe8fd50b4bbf606c404f293,data_manifests/deepmask_gpr_unified_samples_20260811.csv,20260811,existing fold_id P2-style split when available; group fallback otherwise
deepmask_gpr,existing_fold_p2,deepmask_gpr::augmented_cavities::50_aug_7,cavity,cavity::50,train,e4499f75842dc5f977e86d0897cb8148a452774e0e6879975d86eea4e625beb0,data_manifests/deepmask_gpr_unified_samples_20260811.csv,20260811,existing fold_id P2-style split when available; group fallback otherwise
deepmask_gpr,existing_fold_p2,deepmask_gpr::augmented_cavities::50_aug_8,cavity,cavity::50,train,439b734ed0c3a729ff182208f0b4adc3f987a08ba9860a196a677622ea77cdd8,data_manifests/deepmask_gpr_unified_samples_20260811.csv,20260811,existing fold_id P2-style split when available; group fallback otherwise
deepmask_gpr,existing_fold_p2,deepmask_gpr::augmented_cavities::50_aug_9,cavity,cavity::50,train,861a79ef63f192307c066f58cbc4165579e71cb9d84f2549228dfa2b44969112,data_manifests/deepmask_gpr_unified_samples_20260811.csv,20260811,existing fold_id P2-style split when available; group fallback otherwise
deepmask_gpr,existing_fold_p2,deepmask_gpr::augmented_cavities::51_aug_10,cavity,cavity::51,train,1f0af0a39c9fa86cfc2c13e2d8fa18519c9d7cf65cc4b19aaab18b17438feb55,data_manifests/deepmask_gpr_unified_samples_20260811.csv,20260811,existing fold_id P2-style split when available; group fallback otherwise
deepmask_gpr,existing_fold_p2,deepmask_gpr::augmented_cavities::51_aug_11,cavity,cavity::51,train,bf0c73811c92e34e51cf5b7811d7fe37f1f5ac2794b9c055259e7d60fa5dc432,data_manifests/deepmask_gpr_unified_samples_20260811.csv,20260811,existing fold_id P2-style split when available; group fallback otherwise
deepmask_gpr,existing_fold_p2,deepmask_gpr::augmented_cavities::51_aug_12,cavity,cavity::51,train,def14d3653bd9b866b7b11cedef9513527b55f7d18d7adc0b2efa9fe56e1b251,data_manifests/deepmask_gpr_unified_samples_20260811.csv,20260811,existing fold_id P2-style split when available; group fallback otherwise
deepmask_gpr,existing_fold_p2,deepmask_gpr::augmented_cavities::51_aug_13,cavity,cavity::51,train,5cf8906e737a51b01f554218829540655b49cf4552cd1b16f6e84a6fbd23a01e,data_manifests/deepmask_gpr_unified_samples_20260811.csv,20260811,existing fold_id P2-style split when available; group fallback otherwise
deepmask_gpr,existing_fold_p2,deepmask_gpr::augmented_cavities::51_aug_7,cavity,cavity::51,train,fb14459b291596f5f030637d966997a221365746ec341ed6b97bc7d14bb95021,data_manifests/deepmask_gpr_unified_samples_20260811.csv,20260811,existing fold_id P2-style split when available; group fallback otherwise
deepmask_gpr,existing_fold_p2,deepmask_gpr::augmented_cavities::51_aug_8,cavity,cavity::51,train,9d16c59d8b1056d8d279269d9a687f91f86247ff46e135d0de32628eb9cef5ac,data_manifests/deepmask_gpr_unified_samples_20260811.csv,20260811,existing fold_id P2-style split when available; group fallback otherwise
deepmask_gpr,existing_fold_p2,deepmask_gpr::augmented_cavities::51_aug_9,cavity,cavity::51,train,d6c9c005791ae348d24c4b858ae2ab432d46bcae05a4f63be617713980245204,data_manifests/deepmask_gpr_unified_samples_20260811.csv,20260811,existing fold_id P2-style split when available; group fallback otherwise
deepmask_gpr,existing_fold_p2,deepmask_gpr::augmented_cavities::52_aug_10,cavity,cavity::52,train,7b62439b307f6eb8a7a053c97ab41e698ca5d7fc4830bc738b99d9c839bb928a,data_manifests/deepmask_gpr_unified_samples_20260811.csv,20260811,existing fold_id P2-style split when available; group fallback otherwise
deepmask_gpr,existing_fold_p2,deepmask_gpr::augmented_cavities::52_aug_11,cavity,cavity::52,train,842cc7852c9dcd989a3c997b647b90d082dc7150e1818613e3e5b341d92f0654,data_manifests/deepmask_gpr_unified_samples_20260811.csv,20260811,existing fold_id P2-style split when available; group fallback otherwise
deepmask_gpr,existing_fold_p2,deepmask_gpr::augmented_cavities::52_aug_12,cavity,cavity::52,train,f8ed562ed942ffa0c54e98b16f8c90c864b469c6b938462f9422b7ace6f6cc84,data_manifests/deepmask_gpr_unified_samples_20260811.csv,20260811,existing fold_id P2-style split when available; group fallback otherwise
deepmask_gpr,existing_fold_p2,deepmask_gpr::augmented_cavities::52_aug_13,cavity,cavity::52,train,8f58fffd5cfeb51162ce91688b8d671caf3975eb34b97281814c8955a6490e5c,data_manifests/deepmask_gpr_unified_samples_20260811.csv,20260811,existing fold_id P2-style split when available; group fallback otherwise
deepmask_gpr,existing_fold_p2,deepmask_gpr::augmented_cavities::52_aug_7,cavity,cavity::52,train,2a6466e429bf125339cf38f91db0941e1da5941f64b822222dac3d40b1329e7d,data_manifests/deepmask_gpr_unified_samples_20260811.csv,20260811,existing fold_id P2-style split when available; group fallback otherwise
deepmask_gpr,existing_fold_p2,deepmask_gpr::augmented_cavities::52_aug_8,cavity,cavity::52,train,1eae144c438897d926a05d4b03e1d43e65fb5a2bd96c792136a7e65f3ff6dfea,data_manifests/deepmask_gpr_unified_samples_20260811.csv,20260811,existing fold_id P2-style split when available; group fallback otherwise
deepmask_gpr,existing_fold_p2,deepmask_gpr::augmented_cavities::52_aug_9,cavity,cavity::52,train,851eed0f084efb1583878161d67a2291bf6a1bdd8dda822fc6d96bcc15c8da3d,data_manifests/deepmask_gpr_unified_samples_20260811.csv,20260811,existing fold_id P2-style split when available; group fallback otherwise
deepmask_gpr,existing_fold_p2,deepmask_gpr::augmented_cavities::53_aug_10,cavity,cavity::53,test,7025fd82d48fca64a25ccb0e66592b8c6d4904d0d302b779f1a7c07c7afb1be8,data_manifests/deepmask_gpr_unified_samples_20260811.csv,20260811,existing fold_id P2-style split when available; group fallback otherwise
deepmask_gpr,existing_fold_p2,deepmask_gpr::augmented_cavities::53_aug_11,cavity,cavity::53,test,73e7e9fc5ce124073bdd7cb0448fc395bbad789d8a4d5d306b3d73fb5da04eb8,data_manifests/deepmask_gpr_unified_samples_20260811.csv,20260811,existing fold_id P2-style split when available; group fallback otherwise
deepmask_gpr,existing_fold_p2,deepmask_gpr::augmented_cavities::53_aug_12,cavity,cavity::53,test,b009cdcf0e23afde7c86d562beae0f817de09862d30411f2260d55ea91e4b196,data_manifests/deepmask_gpr_unified_samples_20260811.csv,20260811,existing fold_id P2-style split when available; group fallback otherwise
deepmask_gpr,existing_fold_p2,deepmask_gpr::augmented_cavities::53_aug_13,cavity,cavity::53,test,d3b1892a5f8f105be74cc27509e68981f07f4e388b8baf57e0cacad2b7277e9c,data_manifests/deepmask_gpr_unified_samples_20260811.csv,20260811,existing fold_id P2-style split when available; group fallback otherwise
deepmask_gpr,existing_fold_p2,deepmask_gpr::augmented_cavities::53_aug_7,cavity,cavity::53,test,c25c0f4069af81c3228776d4d95e8aa850e9c921163212cf1e1d44505d424c6e,data_manifests/deepmask_gpr_unified_samples_20260811.csv,20260811,existing fold_id P2-style split when available; group fallback otherwise
deepmask_gpr,existing_fold_p2,deepmask_gpr::augmented_cavities::53_aug_8,cavity,cavity::53,test,c1fbdc03781c6c089fa11ef00c0e0e1c3821d06c34d634da01bffa53eb5f0d4d,data_manifests/deepmask_gpr_unified_samples_20260811.csv,20260811,existing fold_id P2-style split when available; group fallback otherwise
deepmask_gpr,existing_fold_p2,deepmask_gpr::augmented_cavities::53_aug_9,cavity,cavity::53,test,ee9aaf1d938a0d7a96176e6926486d7d39a19fc32142a24c4c293352a629ee12,data_manifests/deepmask_gpr_unified_samples_20260811.csv,20260811,existing fold_id P2-style split when available; group fallback otherwise
deepmask_gpr,existing_fold_p2,deepmask_gpr::augmented_cavities::54_aug_10,cavity,cavity::54,train,f08d7c742e81ddc5eaf28a18d20a3d96cfbcd25b78d77ace928e0ccdb434abce,data_manifests/deepmask_gpr_unified_samples_20260811.csv,20260811,existing fold_id P2-style split when available; group fallback otherwise
deepmask_gpr,existing_fold_p2,deepmask_gpr::augmented_cavities::54_aug_11,cavity,cavity::54,train,f0c7cbdcb8bae86d29a957ff0b4d54ec4f909c6780d8d233d483a666ebf12737,data_manifests/deepmask_gpr_unified_samples_20260811.csv,20260811,existing fold_id P2-style split when available; group fallback otherwise
deepmask_gpr,existing_fold_p2,deepmask_gpr::augmented_cavities::54_aug_12,cavity,cavity::54,train,bdf3b5e35176344420a94c83cdd41af99ed585e2badaf27b4a6609244ee115e1,data_manifests/deepmask_gpr_unified_samples_20260811.csv,20260811,existing fold_id P2-style split when available; group fallback otherwise
deepmask_gpr,existing_fold_p2,deepmask_gpr::augmented_cavities::54_aug_13,cavity,cavity::54,train,3b6071f91ea12269780d766382900341b8d324b7ea4d78da69fabf34ddf1edcc,data_manifests/deepmask_gpr_unified_samples_20260811.csv,20260811,existing fold_id P2-style split when available; group fallback otherwise
deepmask_gpr,existing_fold_p2,deepmask_gpr::augmented_cavities::54_aug_7,cavity,cavity::54,train,f711b751e62b9c57467f2e8e396e86563692f1c2466a6fa1b4423f316fe04882,data_manifests/deepmask_gpr_unified_samples_20260811.csv,20260811,existing fold_id P2-style split when available; group fallback otherwise
deepmask_gpr,existing_fold_p2,deepmask_gpr::augmented_cavities::54_aug_8,cavity,cavity::54,train,411911c308c988fa71fe3606d51cb0374eb82ecc1828516f2c95448f454f312c,data_manifests/deepmask_gpr_unified_samples_20260811.csv,20260811,existing fold_id P2-style split when available; group fallback otherwise
deepmask_gpr,existing_fold_p2,deepmask_gpr::augmented_cavities::54_aug_9,cavity,cavity::54,train,2c074532fcfddd0c08fecafca8a8c4f2c62e748bbf2505d00a16f91999987710,data_manifests/deepmask_gpr_unified_samples_20260811.csv,20260811,existing fold_id P2-style split when available; group fallback otherwise
deepmask_gpr,existing_fold_p2,deepmask_gpr::augmented_cavities::55_aug_10,cavity,cavity::55,train,540fd96f28164448a56c63b334b483684873f35122ea724d841c9a7c854ad1d5,data_manifests/deepmask_gpr_unified_samples_20260811.csv,20260811,existing fold_id P2-style split when available; group fallback otherwise
deepmask_gpr,existing_fold_p2,deepmask_gpr::augmented_cavities::55_aug_11,cavity,cavity::55,train,c2e2ba8e732cea4a174b2be3aeb7de6039d504d55f0911e49297c18edd6c0697,data_manifests/deepmask_gpr_unified_samples_20260811.csv,20260811,existing fold_id P2-style split when available; group fallback otherwise
deepmask_gpr,existing_fold_p2,deepmask_gpr::augmented_cavities::55_aug_12,cavity,cavity::55,train,1be15cc835d569b810816fa79cefb1b3e016005a15a0dae1c4b14088eb8c2d2b,data_manifests/deepmask_gpr_unified_samples_20260811.csv,20260811,existing fold_id P2-style split when available; group fallback otherwise
deepmask_gpr,existing_fold_p2,deepmask_gpr::augmented_cavities::55_aug_13,cavity,cavity::55,train,8163063c301222a9630df132213c3b5a186c23497acbcd55097f13a68d286928,data_manifests/deepmask_gpr_unified_samples_20260811.csv,20260811,existing fold_id P2-style split when available; group fallback otherwise
deepmask_gpr,existing_fold_p2,deepmask_gpr::augmented_cavities::55_aug_7,cavity,cavity::55,train,253825ea8c526363eb4c6a22259d6f73fb51eddecff5ece04f40d232eba37294,data_manifests/deepmask_gpr_unified_samples_20260811.csv,20260811,existing fold_id P2-style split when available; group fallback otherwise
deepmask_gpr,existing_fold_p2,deepmask_gpr::augmented_cavities::55_aug_8,cavity,cavity::55,train,2f0150534f63fea51b4925717c711df486a1ee979b5bf57e928bbd30f8c3dab1,data_manifests/deepmask_gpr_unified_samples_20260811.csv,20260811,existing fold_id P2-style split when available; group fallback otherwise
deepmask_gpr,existing_fold_p2,deepmask_gpr::augmented_cavities::55_aug_9,cavity,cavity::55,train,bbc95d85ca9d900de46707858459e111f924b3bfeb988f3167ed8d4c94aa11bb,data_manifests/deepmask_gpr_unified_samples_20260811.csv,20260811,existing fold_id P2-style split when available; group fallback otherwise
deepmask_gpr,existing_fold_p2,deepmask_gpr::augmented_cavities::56_aug_10,cavity,cavity::56,test,74aa6386a2ca1a681d3b2837f9ab77b50968fdb05cfad5ce1f279e8739d02a9a,data_manifests/deepmask_gpr_unified_samples_20260811.csv,20260811,existing fold_id P2-style split when available; group fallback otherwise
deepmask_gpr,existing_fold_p2,deepmask_gpr::augmented_cavities::56_aug_11,cavity,cavity::56,test,ca2af3e1eaeb54b590e933d595848ee4c031adc8fbece8b57afcea8a7eea8d9b,data_manifests/deepmask_gpr_unified_samples_20260811.csv,20260811,existing fold_id P2-style split when available; group fallback otherwise
deepmask_gpr,existing_fold_p2,deepmask_gpr::augmented_cavities::56_aug_12,cavity,cavity::56,test,3ca7d9823e38bc94e80ad6b45a2721ea803f0c87a668995b25eeed77b532f5dc,data_manifests/deepmask_gpr_unified_samples_20260811.csv,20260811,existing fold_id P2-style split when available; group fallback otherwise
deepmask_gpr,existing_fold_p2,deepmask_gpr::augmented_cavities::56_aug_13,cavity,cavity::56,test,1decdb3653a91cb8ba36135b501e754f90c771383e662856cac78524dd53abcf,data_manifests/deepmask_gpr_unified_samples_20260811.csv,20260811,existing fold_id P2-style split when available; group fallback otherwise
deepmask_gpr,existing_fold_p2,deepmask_gpr::augmented_cavities::56_aug_7,cavity,cavity::56,test,073cf7c9310f81a961b3b00852cdc3a44214e2e8e1048d4480fb9fe60b5b3531,data_manifests/deepmask_gpr_unified_samples_20260811.csv,20260811,existing fold_id P2-style split when available; group fallback otherwise
deepmask_gpr,existing_fold_p2,deepmask_gpr::augmented_cavities::56_aug_8,cavity,cavity::56,test,ced57869982bd9b6555bd0cd2d9fddeecf10c182cdade43e722d435cc19a0e1c,data_manifests/deepmask_gpr_unified_samples_20260811.csv,20260811,existing fold_id P2-style split when available; group fallback otherwise
deepmask_gpr,existing_fold_p2,deepmask_gpr::augmented_cavities::56_aug_9,cavity,cavity::56,test,d9cd40f2e7553a348807e3c515502b8a134bb047fa500308a21588200aede89c,data_manifests/deepmask_gpr_unified_samples_20260811.csv,20260811,existing fold_id P2-style split when available; group fallback otherwise
deepmask_gpr,existing_fold_p2,deepmask_gpr::augmented_cavities::57_aug_10,cavity,cavity::57,train,d6a4a233ad097fdcd28f007fab727a04d35678ee3b36a513e0e410dc10091d67,data_manifests/deepmask_gpr_unified_samples_20260811.csv,20260811,existing fold_id P2-style split when available; group fallback otherwise
deepmask_gpr,existing_fold_p2,deepmask_gpr::augmented_cavities::57_aug_11,cavity,cavity::57,train,4f3c9b5108f46b51c6181f726d07209af57cc596d3723be6d1fb23fd91d75ab9,data_manifests/deepmask_gpr_unified_samples_20260811.csv,20260811,existing fold_id P2-style split when available; group fallback otherwise
deepmask_gpr,existing_fold_p2,deepmask_gpr::augmented_cavities::57_aug_12,cavity,cavity::57,train,e5152d578114eb062925683e0d17ec1d6694695462ef5923c86ce627b0a1e17b,data_manifests/deepmask_gpr_unified_samples_20260811.csv,20260811,existing fold_id P2-style split when available; group fallback otherwise
deepmask_gpr,existing_fold_p2,deepmask_gpr::augmented_cavities::57_aug_13,cavity,cavity::57,train,d632ff0d2b35cc33b8051ed900aee5412e1428ceae4d20b76cce7b2fa1a3b5fa,data_manifests/deepmask_gpr_unified_samples_20260811.csv,20260811,existing fold_id P2-style split when available; group fallback otherwise
deepmask_gpr,existing_fold_p2,deepmask_gpr::augmented_cavities::57_aug_7,cavity,cavity::57,train,43b7073049c540a9d5cab3078823bab1c32dccf56fa7882a610151fa31c75571,data_manifests/deepmask_gpr_unified_samples_20260811.csv,20260811,existing fold_id P2-style split when available; group fallback otherwise
deepmask_gpr,existing_fold_p2,deepmask_gpr::augmented_cavities::57_aug_8,cavity,cavity::57,train,4d113d85f1600103c055025a718db5608a6d201ff45c32125a3b1602f0bdb517,data_manifests/deepmask_gpr_unified_samples_20260811.csv,20260811,existing fold_id P2-style split when available; group fallback otherwise
deepmask_gpr,existing_fold_p2,deepmask_gpr::augmented_cavities::57_aug_9,cavity,cavity::57,train,13ccbb7e2f18f32971872bc2251b4a9944cafd2d099f31b0c3acb2784563c0d7,data_manifests/deepmask_gpr_unified_samples_20260811.csv,20260811,existing fold_id P2-style split when available; group fallback otherwise
deepmask_gpr,existing_fold_p2,deepmask_gpr::augmented_cavities::58_aug_10,cavity,cavity::58,test,93c4b4681069b03bf62c6d1f5a2964b2b66bca8f210753b30ffba5b0527d9f7e,data_manifests/deepmask_gpr_unified_samples_20260811.csv,20260811,existing fold_id P2-style split when available; group fallback otherwise
deepmask_gpr,existing_fold_p2,deepmask_gpr::augmented_cavities::58_aug_11,cavity,cavity::58,test,701be451cc59b694f706fbd37e3082cd3942c068d1ceec7fb49a600ddda48bbe,data_manifests/deepmask_gpr_unified_samples_20260811.csv,20260811,existing fold_id P2-style split when available; group fallback otherwise
deepmask_gpr,existing_fold_p2,deepmask_gpr::augmented_cavities::58_aug_12,cavity,cavity::58,test,d82381cb758d2df7f1ae25bda5cf96f5e2d66717f65c3f43f5fafe73baff5281,data_manifests/deepmask_gpr_unified_samples_20260811.csv,20260811,existing fold_id P2-style split when available; group fallback otherwise
deepmask_gpr,existing_fold_p2,deepmask_gpr::augmented_cavities::58_aug_13,cavity,cavity::58,test,da57e15bdfbe9d5314b28a0b1d0d4f2df1b6749e9fab76a0657923db9be5be09,data_manifests/deepmask_gpr_unified_samples_20260811.csv,20260811,existing fold_id P2-style split when available; group fallback otherwise
deepmask_gpr,existing_fold_p2,deepmask_gpr::augmented_cavities::58_aug_7,cavity,cavity::58,test,7dea62fd97e1a2e6e6865bfd5b75ed3c1fe2c32d655349e875808ae44c7fc756,data_manifests/deepmask_gpr_unified_samples_20260811.csv,20260811,existing fold_id P2-style split when available; group fallback otherwise
deepmask_gpr,existing_fold_p2,deepmask_gpr::augmented_cavities::58_aug_8,cavity,cavity::58,test,14c795b7db989a095f1d16230169824cb0d052b3560ea2fa2f5b5fd6cdf7329c,data_manifests/deepmask_gpr_unified_samples_20260811.csv,20260811,existing fold_id P2-style split when available; group fallback otherwise
deepmask_gpr,existing_fold_p2,deepmask_gpr::augmented_cavities::58_aug_9,cavity,cavity::58,test,f72ea266c7b9e4ed2ee437d91b7a71899812963b976ac14ebe76ff455cc8ba03,data_manifests/deepmask_gpr_unified_samples_20260811.csv,20260811,existing fold_id P2-style split when available; group fallback otherwise
deepmask_gpr,existing_fold_p2,deepmask_gpr::augmented_cavities::59_aug_10,cavity,cavity::59,train,a420eeaeda85f86a099e8349b41774be8cf100a5209d22ed3019e8f9fe481bff,data_manifests/deepmask_gpr_unified_samples_20260811.csv,20260811,existing fold_id P2-style split when available; group fallback otherwise
deepmask_gpr,existing_fold_p2,deepmask_gpr::augmented_cavities::59_aug_11,cavity,cavity::59,train,32d18aab2097bb802e2fe9988f528d5c0dffb8b44ad3181d0f951f861eeeca89,data_manifests/deepmask_gpr_unified_samples_20260811.csv,20260811,existing fold_id P2-style split when available; group fallback otherwise
deepmask_gpr,existing_fold_p2,deepmask_gpr::augmented_cavities::59_aug_12,cavity,cavity::59,train,bdf4e36fc576672cf15801c3a01799b4ffec52fb456287e3afe65ff8cc19586b,data_manifests/deepmask_gpr_unified_samples_20260811.csv,20260811,existing fold_id P2-style split when available; group fallback otherwise
deepmask_gpr,existing_fold_p2,deepmask_gpr::augmented_cavities::59_aug_13,cavity,cavity::59,train,d03dca22c66590df38ab64ec100c1b24fae65dbdafe24e4a04894272e8bff29c,data_manifests/deepmask_gpr_unified_samples_20260811.csv,20260811,existing fold_id P2-style split when available; group fallback otherwise
deepmask_gpr,existing_fold_p2,deepmask_gpr::augmented_cavities::59_aug_7,cavity,cavity::59,train,f678bb974aacbb02b727b0aa53d750f2aaccaba51ed2d15fe398a28ec3179461,data_manifests/deepmask_gpr_unified_samples_20260811.csv,20260811,existing fold_id P2-style split when available; group fallback otherwise
deepmask_gpr,existing_fold_p2,deepmask_gpr::augmented_cavities::59_aug_8,cavity,cavity::59,train,612351e615d514f6eed990e954ae83187b568a9afd5a348354962f13ed0ae046,data_manifests/deepmask_gpr_unified_samples_20260811.csv,20260811,existing fold_id P2-style split when available; group fallback otherwise
deepmask_gpr,existing_fold_p2,deepmask_gpr::augmented_cavities::59_aug_9,cavity,cavity::59,train,4f46c920864d744ade03ec84a06f8b61359b588f91ec42e7ed7877169773eb4b,data_manifests/deepmask_gpr_unified_samples_20260811.csv,20260811,existing fold_id P2-style split when available; group fallback otherwise
deepmask_gpr,existing_fold_p2,deepmask_gpr::augmented_cavities::5_aug_10,cavity,cavity::5,test,97dd668501c088df560a2921a33ceb8d44f5410dc933ab6f9a62da1717321a45,data_manifests/deepmask_gpr_unified_samples_20260811.csv,20260811,existing fold_id P2-style split when available; group fallback otherwise
deepmask_gpr,existing_fold_p2,deepmask_gpr::augmented_cavities::5_aug_11,cavity,cavity::5,test,ef50acd8c2d8ee5664384a6ccb72f4e1cb3297f41b9c586be2535d7ce498b683,data_manifests/deepmask_gpr_unified_samples_20260811.csv,20260811,existing fold_id P2-style split when available; group fallback otherwise
deepmask_gpr,existing_fold_p2,deepmask_gpr::augmented_cavities::5_aug_12,cavity,cavity::5,test,9e4d755b091b821409ffe421b51222565ebbc5866854477d6cbd6216706f6b65,data_manifests/deepmask_gpr_unified_samples_20260811.csv,20260811,existing fold_id P2-style split when available; group fallback otherwise
deepmask_gpr,existing_fold_p2,deepmask_gpr::augmented_cavities::5_aug_13,cavity,cavity::5,test,bb26a1aca8372fb0e135f714f50f242e7473b48e10d6310ad82c08d658b09712,data_manifests/deepmask_gpr_unified_samples_20260811.csv,20260811,existing fold_id P2-style split when available; group fallback otherwise
deepmask_gpr,existing_fold_p2,deepmask_gpr::augmented_cavities::5_aug_7,cavity,cavity::5,test,077e69d5fe3a2ae5fd1f729a14284bafbc1f4896a78d90eb0335a948b2637634,data_manifests/deepmask_gpr_unified_samples_20260811.csv,20260811,existing fold_id P2-style split when available; group fallback otherwise
deepmask_gpr,existing_fold_p2,deepmask_gpr::augmented_cavities::5_aug_8,cavity,cavity::5,test,69bb112a88652565d7f06f0b717394a649bd25128a8e4731fbe1544f2942af22,data_manifests/deepmask_gpr_unified_samples_20260811.csv,20260811,existing fold_id P2-style split when available; group fallback otherwise
deepmask_gpr,existing_fold_p2,deepmask_gpr::augmented_cavities::5_aug_9,cavity,cavity::5,test,9636321acfe77375683d8266ae401a52659c4786e08fc490046dfa4ddfafbb3e,data_manifests/deepmask_gpr_unified_samples_20260811.csv,20260811,existing fold_id P2-style split when available; group fallback otherwise
deepmask_gpr,existing_fold_p2,deepmask_gpr::augmented_cavities::60_aug_10,cavity,cavity::60,train,f28e502bb9e5339b4cb18453297e109c8533e00865cea86f13cd3b7e095e9f31,data_manifests/deepmask_gpr_unified_samples_20260811.csv,20260811,existing fold_id P2-style split when available; group fallback otherwise
deepmask_gpr,existing_fold_p2,deepmask_gpr::augmented_cavities::60_aug_11,cavity,cavity::60,train,44e93935f8b0fe358baec87439271aa582e9bacc1dfa47cbe27ca8a1bef37a7d,data_manifests/deepmask_gpr_unified_samples_20260811.csv,20260811,existing fold_id P2-style split when available; group fallback otherwise
deepmask_gpr,existing_fold_p2,deepmask_gpr::augmented_cavities::60_aug_12,cavity,cavity::60,train,8b3005ce46cb4f541133772c607793de19c62dfe5159a0cc0668fdcf01980eb0,data_manifests/deepmask_gpr_unified_samples_20260811.csv,20260811,existing fold_id P2-style split when available; group fallback otherwise
deepmask_gpr,existing_fold_p2,deepmask_gpr::augmented_cavities::60_aug_13,cavity,cavity::60,train,71b27650c695dc57fe395932f2f0ec84c365e246c2c07eeece8b21bdd18c5d8e,data_manifests/deepmask_gpr_unified_samples_20260811.csv,20260811,existing fold_id P2-style split when available; group fallback otherwise
deepmask_gpr,existing_fold_p2,deepmask_gpr::augmented_cavities::60_aug_7,cavity,cavity::60,train,cf8849e086f19622d442816d108d2fcabc13caf845bf57943eb4444d583d847e,data_manifests/deepmask_gpr_unified_samples_20260811.csv,20260811,existing fold_id P2-style split when available; group fallback otherwise
deepmask_gpr,existing_fold_p2,deepmask_gpr::augmented_cavities::60_aug_8,cavity,cavity::60,train,b4983e77f03630fe9ac86ce027152462c97917e05f70e89aa784b19097dff49e,data_manifests/deepmask_gpr_unified_samples_20260811.csv,20260811,existing fold_id P2-style split when available; group fallback otherwise
deepmask_gpr,existing_fold_p2,deepmask_gpr::augmented_cavities::60_aug_9,cavity,cavity::60,train,6c4c5b3b1ebe0c531f45cce2eafedcc36ffcfa66d266bfc25829b287dd880c36,data_manifests/deepmask_gpr_unified_samples_20260811.csv,20260811,existing fold_id P2-style split when available; group fallback otherwise
deepmask_gpr,existing_fold_p2,deepmask_gpr::augmented_cavities::61_aug_10,cavity,cavity::61,train,41db38a0406eabc1969711e94653f10c0e471348269597fbd35f1635e304c5ac,data_manifests/deepmask_gpr_unified_samples_20260811.csv,20260811,existing fold_id P2-style split when available; group fallback otherwise
deepmask_gpr,existing_fold_p2,deepmask_gpr::augmented_cavities::61_aug_11,cavity,cavity::61,train,520e21c5f98dab9f813267978ae1afc49a82f5092af6b3a7ce8161b92f2dede4,data_manifests/deepmask_gpr_unified_samples_20260811.csv,20260811,existing fold_id P2-style split when available; group fallback otherwise
deepmask_gpr,existing_fold_p2,deepmask_gpr::augmented_cavities::61_aug_12,cavity,cavity::61,train,dc84a61b13798dcae038f68a72cf1e4b5099223bf0036b37291010957ff5b48b,data_manifests/deepmask_gpr_unified_samples_20260811.csv,20260811,existing fold_id P2-style split when available; group fallback otherwise
deepmask_gpr,existing_fold_p2,deepmask_gpr::augmented_cavities::61_aug_13,cavity,cavity::61,train,72e1919e2fbae1ea45d4eebb2bb3f9f9cabf77ea4b9c214d49728c8de83a3002,data_manifests/deepmask_gpr_unified_samples_20260811.csv,20260811,existing fold_id P2-style split when available; group fallback otherwise
deepmask_gpr,existing_fold_p2,deepmask_gpr::augmented_cavities::61_aug_7,cavity,cavity::61,train,780e01fc1d6af829063f919685aad4e5448e2aaf135ef31d97929899e43f9a08,data_manifests/deepmask_gpr_unified_samples_20260811.csv,20260811,existing fold_id P2-style split when available; group fallback otherwise
deepmask_gpr,existing_fold_p2,deepmask_gpr::augmented_cavities::61_aug_8,cavity,cavity::61,train,40822ca0f6cf035a810463f424ee2a3fdab29e66bf6d9945909c5f5ca4bda4d1,data_manifests/deepmask_gpr_unified_samples_20260811.csv,20260811,existing fold_id P2-style split when available; group fallback otherwise
deepmask_gpr,existing_fold_p2,deepmask_gpr::augmented_cavities::61_aug_9,cavity,cavity::61,train,a8d101dab90002627b5b8288b0cdff43a34b7fe24178ad0d7da9700e0c89f497,data_manifests/deepmask_gpr_unified_samples_20260811.csv,20260811,existing fold_id P2-style split when available; group fallback otherwise
deepmask_gpr,existing_fold_p2,deepmask_gpr::augmented_cavities::62_aug_10,cavity,cavity::62,test,ffc91cca8f23ae45669a54518003d248da1a9ead3b753d3d9ace00d3079397c4,data_manifests/deepmask_gpr_unified_samples_20260811.csv,20260811,existing fold_id P2-style split when available; group fallback otherwise
deepmask_gpr,existing_fold_p2,deepmask_gpr::augmented_cavities::62_aug_11,cavity,cavity::62,test,f65f255bdf0186a42332c6d932aa979e4b2ffb357746ffb1144e50ead36ddbd8,data_manifests/deepmask_gpr_unified_samples_20260811.csv,20260811,existing fold_id P2-style split when available; group fallback otherwise
deepmask_gpr,existing_fold_p2,deepmask_gpr::augmented_cavities::62_aug_12,cavity,cavity::62,test,616a3c4386c5203dae0c1bef01e5e844f36e44cde58e0e2091646f3e4ad4d823,data_manifests/deepmask_gpr_unified_samples_20260811.csv,20260811,existing fold_id P2-style split when available; group fallback otherwise
deepmask_gpr,existing_fold_p2,deepmask_gpr::augmented_cavities::62_aug_13,cavity,cavity::62,test,e8e0fb9bf9bd034843ed00ebbc7a0c6488842e9e94b5f278a1a413772a52a1d1,data_manifests/deepmask_gpr_unified_samples_20260811.csv,20260811,existing fold_id P2-style split when available; group fallback otherwise
deepmask_gpr,existing_fold_p2,deepmask_gpr::augmented_cavities::62_aug_7,cavity,cavity::62,test,3654831bc206c04724d17200e75b655048a7b02607247f848f937e270d4ecce8,data_manifests/deepmask_gpr_unified_samples_20260811.csv,20260811,existing fold_id P2-style split when available; group fallback otherwise
deepmask_gpr,existing_fold_p2,deepmask_gpr::augmented_cavities::62_aug_8,cavity,cavity::62,test,e7cd5509e27aa0528de734230c47605442ca7075a1869ac978fb0919b827374d,data_manifests/deepmask_gpr_unified_samples_20260811.csv,20260811,existing fold_id P2-style split when available; group fallback otherwise
deepmask_gpr,existing_fold_p2,deepmask_gpr::augmented_cavities::62_aug_9,cavity,cavity::62,test,1578399eb0d6e129a78b63a048b5fe7e5446b6650b6f8c5c5fead6e84dbacdf6,data_manifests/deepmask_gpr_unified_samples_20260811.csv,20260811,existing fold_id P2-style split when available; group fallback otherwise
deepmask_gpr,existing_fold_p2,deepmask_gpr::augmented_cavities::63_aug_10,cavity,cavity::63,train,2078343386c3db366940911d0f36cfa98d6613e6ca40ac9dff5f1ed889f4b250,data_manifests/deepmask_gpr_unified_samples_20260811.csv,20260811,existing fold_id P2-style split when available; group fallback otherwise
deepmask_gpr,existing_fold_p2,deepmask_gpr::augmented_cavities::63_aug_11,cavity,cavity::63,train,10dc0f9c27b8cf85d1e6c8b973ec4547059e7e403e80667362e7951f61b99d24,data_manifests/deepmask_gpr_unified_samples_20260811.csv,20260811,existing fold_id P2-style split when available; group fallback otherwise
deepmask_gpr,existing_fold_p2,deepmask_gpr::augmented_cavities::63_aug_12,cavity,cavity::63,train,158d3219e597a8e89fb7fd5685ce6b2420163aa3da75fdc4cd63920d06a07643,data_manifests/deepmask_gpr_unified_samples_20260811.csv,20260811,existing fold_id P2-style split when available; group fallback otherwise
deepmask_gpr,existing_fold_p2,deepmask_gpr::augmented_cavities::63_aug_13,cavity,cavity::63,train,5c8f5b3fcb42509c666779f74dc4170a8bb345a3ff516b5474bfd8cee3ecd3cc,data_manifests/deepmask_gpr_unified_samples_20260811.csv,20260811,existing fold_id P2-style split when available; group fallback otherwise
deepmask_gpr,existing_fold_p2,deepmask_gpr::augmented_cavities::63_aug_7,cavity,cavity::63,train,12f22699b12b3d277aa6b1bca5a360be2a363fd55f24cffdcd7fc36b652c89db,data_manifests/deepmask_gpr_unified_samples_20260811.csv,20260811,existing fold_id P2-style split when available; group fallback otherwise
deepmask_gpr,existing_fold_p2,deepmask_gpr::augmented_cavities::63_aug_8,cavity,cavity::63,train,84b3807daa4d117631196adebc6e0b91992efa5bece07b633013466f942abbd3,data_manifests/deepmask_gpr_unified_samples_20260811.csv,20260811,existing fold_id P2-style split when available; group fallback otherwise
deepmask_gpr,existing_fold_p2,deepmask_gpr::augmented_cavities::63_aug_9,cavity,cavity::63,train,2a5043f7f3e7104a4beadb803004d668bbcd279c2fb057f59010e0eef492a944,data_manifests/deepmask_gpr_unified_samples_20260811.csv,20260811,existing fold_id P2-style split when available; group fallback otherwise
deepmask_gpr,existing_fold_p2,deepmask_gpr::augmented_cavities::64_aug_10,cavity,cavity::64,train,3b6ebbab37d8ff8e7f088b45f20f5bb54ccc46b08a534d3523481009f0503e1e,data_manifests/deepmask_gpr_unified_samples_20260811.csv,20260811,existing fold_id P2-style split when available; group fallback otherwise
deepmask_gpr,existing_fold_p2,deepmask_gpr::augmented_cavities::64_aug_11,cavity,cavity::64,train,c7032d3f75d32748ea7cb9e558a6e9d34190bf8041be35fbfcb3cbc871a6a592,data_manifests/deepmask_gpr_unified_samples_20260811.csv,20260811,existing fold_id P2-style split when available; group fallback otherwise
deepmask_gpr,existing_fold_p2,deepmask_gpr::augmented_cavities::64_aug_12,cavity,cavity::64,train,6fd57afd96dc151d7a9e30fd1c7d4946d8bf5d9603cd12ec1a762b3c10e8103f,data_manifests/deepmask_gpr_unified_samples_20260811.csv,20260811,existing fold_id P2-style split when available; group fallback otherwise
deepmask_gpr,existing_fold_p2,deepmask_gpr::augmented_cavities::64_aug_13,cavity,cavity::64,train,8e325ace4a9d7e9b54442b8ee9381744b8b46cb17772c260b1cbb7766feb7134,data_manifests/deepmask_gpr_unified_samples_20260811.csv,20260811,existing fold_id P2-style split when available; group fallback otherwise
deepmask_gpr,existing_fold_p2,deepmask_gpr::augmented_cavities::64_aug_7,cavity,cavity::64,train,443494c1ce29cd6205aa335af47d0350a0692b55158c4d282d726a288218d971,data_manifests/deepmask_gpr_unified_samples_20260811.csv,20260811,existing fold_id P2-style split when available; group fallback otherwise
deepmask_gpr,existing_fold_p2,deepmask_gpr::augmented_cavities::64_aug_8,cavity,cavity::64,train,f2f63b6fbc31333566c3156101b7261a9236bf49aedb0bbc86e2710fe8c580fc,data_manifests/deepmask_gpr_unified_samples_20260811.csv,20260811,existing fold_id P2-style split when available; group fallback otherwise
deepmask_gpr,existing_fold_p2,deepmask_gpr::augmented_cavities::64_aug_9,cavity,cavity::64,train,3da8337afd5ea73b79353c674ffaef88d08b45e9dd792eb37df1bb03e2dfb13a,data_manifests/deepmask_gpr_unified_samples_20260811.csv,20260811,existing fold_id P2-style split when available; group fallback otherwise
deepmask_gpr,existing_fold_p2,deepmask_gpr::augmented_cavities::65_aug_10,cavity,cavity::65,test,b157540cf909a7537a9df42d2a2fcc927c528df759d30c0e4543ecb2a9891df4,data_manifests/deepmask_gpr_unified_samples_20260811.csv,20260811,existing fold_id P2-style split when available; group fallback otherwise
deepmask_gpr,existing_fold_p2,deepmask_gpr::augmented_cavities::65_aug_11,cavity,cavity::65,test,d9afccc7aa02a64c6057fbfb7b6cacd5245e26b20348b2101b3c6756ffe20538,data_manifests/deepmask_gpr_unified_samples_20260811.csv,20260811,existing fold_id P2-style split when available; group fallback otherwise
deepmask_gpr,existing_fold_p2,deepmask_gpr::augmented_cavities::65_aug_12,cavity,cavity::65,test,137b6072ff8c5cca2bf6c26af3e5a6762292dbf5b23883fe7762a5fa4d4a30b5,data_manifests/deepmask_gpr_unified_samples_20260811.csv,20260811,existing fold_id P2-style split when available; group fallback otherwise
deepmask_gpr,existing_fold_p2,deepmask_gpr::augmented_cavities::65_aug_13,cavity,cavity::65,test,6dde3e9b7af66a6e184154b15caff5ebaae52a6b11df29ccd52741e552aa2bb5,data_manifests/deepmask_gpr_unified_samples_20260811.csv,20260811,existing fold_id P2-style split when available; group fallback otherwise
deepmask_gpr,existing_fold_p2,deepmask_gpr::augmented_cavities::65_aug_7,cavity,cavity::65,test,68e6f6e7ca020879c596fb816699c9012b58c7ee36f4be8d3edad402faca2960,data_manifests/deepmask_gpr_unified_samples_20260811.csv,20260811,existing fold_id P2-style split when available; group fallback otherwise
deepmask_gpr,existing_fold_p2,deepmask_gpr::augmented_cavities::65_aug_8,cavity,cavity::65,test,6f8399e581c40643f4d18531d8816f75efed20d6d612105215f730ca0315dfad,data_manifests/deepmask_gpr_unified_samples_20260811.csv,20260811,existing fold_id P2-style split when available; group fallback otherwise
deepmask_gpr,existing_fold_p2,deepmask_gpr::augmented_cavities::65_aug_9,cavity,cavity::65,test,93856bdb9d345f952446144e93e3af34d9c4907503446796af494e6729d71a7c,data_manifests/deepmask_gpr_unified_samples_20260811.csv,20260811,existing fold_id P2-style split when available; group fallback otherwise
deepmask_gpr,existing_fold_p2,deepmask_gpr::augmented_cavities::66_aug_10,cavity,cavity::66,train,39637cc8f9f8885306dcd6db24c20439e552ee50a730d424dd546f9a718cf3dd,data_manifests/deepmask_gpr_unified_samples_20260811.csv,20260811,existing fold_id P2-style split when available; group fallback otherwise
deepmask_gpr,existing_fold_p2,deepmask_gpr::augmented_cavities::66_aug_11,cavity,cavity::66,train,8ceba83383e33e7a6bda9c8e2a1715949c75105fe65a3e298f5cb17b56b4440f,data_manifests/deepmask_gpr_unified_samples_20260811.csv,20260811,existing fold_id P2-style split when available; group fallback otherwise
deepmask_gpr,existing_fold_p2,deepmask_gpr::augmented_cavities::66_aug_12,cavity,cavity::66,train,b54952065465ad1b41d1b301731d73c4cc56c501fc2809588638fecd1d11a3da,data_manifests/deepmask_gpr_unified_samples_20260811.csv,20260811,existing fold_id P2-style split when available; group fallback otherwise
deepmask_gpr,existing_fold_p2,deepmask_gpr::augmented_cavities::66_aug_13,cavity,cavity::66,train,b9201036977538488ec532639c76bc4ca4a16b943e0d4c877630a4071de10b3f,data_manifests/deepmask_gpr_unified_samples_20260811.csv,20260811,existing fold_id P2-style split when available; group fallback otherwise
deepmask_gpr,existing_fold_p2,deepmask_gpr::augmented_cavities::66_aug_7,cavity,cavity::66,train,b14dee4971c9172663f01bd0911cc563577b1a320b02cd8ab6f3848c12bd5f5d,data_manifests/deepmask_gpr_unified_samples_20260811.csv,20260811,existing fold_id P2-style split when available; group fallback otherwise
deepmask_gpr,existing_fold_p2,deepmask_gpr::augmented_cavities::66_aug_8,cavity,cavity::66,train,cdd8036108023d08eb77a47c18fd646bec612b7b1a27722c19d15dc30543eb84,data_manifests/deepmask_gpr_unified_samples_20260811.csv,20260811,existing fold_id P2-style split when available; group fallback otherwise
deepmask_gpr,existing_fold_p2,deepmask_gpr::augmented_cavities::66_aug_9,cavity,cavity::66,train,b30674d214c4afab4ab91a204338f6dd72e9bb2738f48e862c6caeae41291b0f,data_manifests/deepmask_gpr_unified_samples_20260811.csv,20260811,existing fold_id P2-style split when available; group fallback otherwise
deepmask_gpr,existing_fold_p2,deepmask_gpr::augmented_cavities::67_aug_10,cavity,cavity::67,train,a1475ac3666badc6f671479b2c8e0827a6128bd5f2baab0ee2ce9add89d4e805,data_manifests/deepmask_gpr_unified_samples_20260811.csv,20260811,existing fold_id P2-style split when available; group fallback otherwise
deepmask_gpr,existing_fold_p2,deepmask_gpr::augmented_cavities::67_aug_11,cavity,cavity::67,train,293c55366fcf1260ce5f216479a954f80ebe49560e27e7100ca2db66be83de3d,data_manifests/deepmask_gpr_unified_samples_20260811.csv,20260811,existing fold_id P2-style split when available; group fallback otherwise
deepmask_gpr,existing_fold_p2,deepmask_gpr::augmented_cavities::67_aug_12,cavity,cavity::67,train,64743d6ec9758baa7b01f8f1fcbdf702d55d6e6813d678bccb85093418b70925,data_manifests/deepmask_gpr_unified_samples_20260811.csv,20260811,existing fold_id P2-style split when available; group fallback otherwise
deepmask_gpr,existing_fold_p2,deepmask_gpr::augmented_cavities::67_aug_13,cavity,cavity::67,train,cc2e5bf2457ea1d126ee1c76ff1606f077f281a74a39dbe07708975cf8b71f9d,data_manifests/deepmask_gpr_unified_samples_20260811.csv,20260811,existing fold_id P2-style split when available; group fallback otherwise
deepmask_gpr,existing_fold_p2,deepmask_gpr::augmented_cavities::67_aug_7,cavity,cavity::67,train,abfefd40ec1ba944271d37e202dfdea28236c804d1a67975d2126a7a0231c683,data_manifests/deepmask_gpr_unified_samples_20260811.csv,20260811,existing fold_id P2-style split when available; group fallback otherwise
deepmask_gpr,existing_fold_p2,deepmask_gpr::augmented_cavities::67_aug_8,cavity,cavity::67,train,eaa6e195165965e16ca3b3ba8ac7c0d017c51087a5c5bd7aae81e64cb1450d47,data_manifests/deepmask_gpr_unified_samples_20260811.csv,20260811,existing fold_id P2-style split when available; group fallback otherwise
deepmask_gpr,existing_fold_p2,deepmask_gpr::augmented_cavities::67_aug_9,cavity,cavity::67,train,b99f40883df6cf4665d4df9328997ead6df8f38ca5afd0cef578346a0ae5a5c1,data_manifests/deepmask_gpr_unified_samples_20260811.csv,20260811,existing fold_id P2-style split when available; group fallback otherwise
deepmask_gpr,existing_fold_p2,deepmask_gpr::augmented_cavities::68_aug_10,cavity,cavity::68,train,625edc82256a7ceaa3f334d5810f7f08de24e1ff06a6bb74c211c6f0c01c2095,data_manifests/deepmask_gpr_unified_samples_20260811.csv,20260811,existing fold_id P2-style split when available; group fallback otherwise
deepmask_gpr,existing_fold_p2,deepmask_gpr::augmented_cavities::68_aug_11,cavity,cavity::68,train,b3a2d8a4048a19f27f5ab4a35a864aa7d7fc92c0fffe5ca314d6fd61287e3010,data_manifests/deepmask_gpr_unified_samples_20260811.csv,20260811,existing fold_id P2-style split when available; group fallback otherwise
deepmask_gpr,existing_fold_p2,deepmask_gpr::augmented_cavities::68_aug_12,cavity,cavity::68,train,e2fb2a0ff9bd667810eeff40766fb38fecab137c66a2dec9f6e38c684bb7f33c,data_manifests/deepmask_gpr_unified_samples_20260811.csv,20260811,existing fold_id P2-style split when available; group fallback otherwise
deepmask_gpr,existing_fold_p2,deepmask_gpr::augmented_cavities::68_aug_13,cavity,cavity::68,train,20121536f28fafe107b6d5020465faa4bf484cc96a2e9a2b3c30acf7b635a146,data_manifests/deepmask_gpr_unified_samples_20260811.csv,20260811,existing fold_id P2-style split when available; group fallback otherwise
deepmask_gpr,existing_fold_p2,deepmask_gpr::augmented_cavities::68_aug_7,cavity,cavity::68,train,769e9134d23adb769d0aa14a961245622ce3188706e71a31c56651458d87ab5c,data_manifests/deepmask_gpr_unified_samples_20260811.csv,20260811,existing fold_id P2-style split when available; group fallback otherwise
deepmask_gpr,existing_fold_p2,deepmask_gpr::augmented_cavities::68_aug_8,cavity,cavity::68,train,8f9f54e7687933af1b9376f741b179456a57cff306e459d0173558103e0401e1,data_manifests/deepmask_gpr_unified_samples_20260811.csv,20260811,existing fold_id P2-style split when available; group fallback otherwise
deepmask_gpr,existing_fold_p2,deepmask_gpr::augmented_cavities::68_aug_9,cavity,cavity::68,train,8bb6722fbe0c8e2ddfe242c76a1d8596bace92ca4f532fce51d6b5668016cfd0,data_manifests/deepmask_gpr_unified_samples_20260811.csv,20260811,existing fold_id P2-style split when available; group fallback otherwise
deepmask_gpr,existing_fold_p2,deepmask_gpr::augmented_cavities::69_aug_10,cavity,cavity::69,train,43f3e85bd7b39706edd5ddb9cc8f20e0e82071a99100b81620b8cc9c6dfe6475,data_manifests/deepmask_gpr_unified_samples_20260811.csv,20260811,existing fold_id P2-style split when available; group fallback otherwise
deepmask_gpr,existing_fold_p2,deepmask_gpr::augmented_cavities::69_aug_11,cavity,cavity::69,train,df6b4d39dc39c2c5f506d1d8ea1cd7d3cd8ee837a2ef9fe95a95a6d412b8acc1,data_manifests/deepmask_gpr_unified_samples_20260811.csv,20260811,existing fold_id P2-style split when available; group fallback otherwise
deepmask_gpr,existing_fold_p2,deepmask_gpr::augmented_cavities::69_aug_12,cavity,cavity::69,train,513dec30ca1b4d8fe095be72eadc701d306e54459b1192302243c67787ee6572,data_manifests/deepmask_gpr_unified_samples_20260811.csv,20260811,existing fold_id P2-style split when available; group fallback otherwise
deepmask_gpr,existing_fold_p2,deepmask_gpr::augmented_cavities::69_aug_13,cavity,cavity::69,train,c4854b1125476f9eecfae882a4c35408532005059b2321339bc7e7b547daf6b8,data_manifests/deepmask_gpr_unified_samples_20260811.csv,20260811,existing fold_id P2-style split when available; group fallback otherwise
deepmask_gpr,existing_fold_p2,deepmask_gpr::augmented_cavities::69_aug_7,cavity,cavity::69,train,e6de32ccc3dfe9b0ddba8c11e3ff006186b26430842fffd2fd49eefdd1376565,data_manifests/deepmask_gpr_unified_samples_20260811.csv,20260811,existing fold_id P2-style split when available; group fallback otherwise
deepmask_gpr,existing_fold_p2,deepmask_gpr::augmented_cavities::69_aug_8,cavity,cavity::69,train,2e907ce4be65f5b94fcf20b96a0358f39187781c70c02f0728053d9cffc9c482,data_manifests/deepmask_gpr_unified_samples_20260811.csv,20260811,existing fold_id P2-style split when available; group fallback otherwise
deepmask_gpr,existing_fold_p2,deepmask_gpr::augmented_cavities::69_aug_9,cavity,cavity::69,train,d6ebcc55f43c36eb91542bfe8f929025467dbcad85a2c75681f25171051f9056,data_manifests/deepmask_gpr_unified_samples_20260811.csv,20260811,existing fold_id P2-style split when available; group fallback otherwise
deepmask_gpr,existing_fold_p2,deepmask_gpr::augmented_cavities::6_aug_10,cavity,cavity::6,train,244783dfb76fc532c68ad5be43e7bdef330fd05e0e570643d4042f656e7b097b,data_manifests/deepmask_gpr_unified_samples_20260811.csv,20260811,existing fold_id P2-style split when available; group fallback otherwise
deepmask_gpr,existing_fold_p2,deepmask_gpr::augmented_cavities::6_aug_11,cavity,cavity::6,train,6a78ed1d209eddc0fd9378c0dd0d82d24931645c00a425b2a8d2353ecfa491b8,data_manifests/deepmask_gpr_unified_samples_20260811.csv,20260811,existing fold_id P2-style split when available; group fallback otherwise
deepmask_gpr,existing_fold_p2,deepmask_gpr::augmented_cavities::6_aug_12,cavity,cavity::6,train,a2774f02e960b4e02eaa61fd4bd929acac9064453a47609026f449d50ddffc21,data_manifests/deepmask_gpr_unified_samples_20260811.csv,20260811,existing fold_id P2-style split when available; group fallback otherwise
deepmask_gpr,existing_fold_p2,deepmask_gpr::augmented_cavities::6_aug_13,cavity,cavity::6,train,a1a8b2c93b2adc9529e60bd3e5e8ad6e2953af03b697985541adf8b863d8bf89,data_manifests/deepmask_gpr_unified_samples_20260811.csv,20260811,existing fold_id P2-style split when available; group fallback otherwise
deepmask_gpr,existing_fold_p2,deepmask_gpr::augmented_cavities::6_aug_7,cavity,cavity::6,train,710fbf82c658d9a297dba576f8483275ccc755051eb50fce46c9c383645822cb,data_manifests/deepmask_gpr_unified_samples_20260811.csv,20260811,existing fold_id P2-style split when available; group fallback otherwise
deepmask_gpr,existing_fold_p2,deepmask_gpr::augmented_cavities::6_aug_8,cavity,cavity::6,train,f0679fe38f751805342fdd7d57469c6d564f60a401ffe636acf05a362cc657b2,data_manifests/deepmask_gpr_unified_samples_20260811.csv,20260811,existing fold_id P2-style split when available; group fallback otherwise
deepmask_gpr,existing_fold_p2,deepmask_gpr::augmented_cavities::6_aug_9,cavity,cavity::6,train,37c453569251e122e77e3c05e4124ba2a27a4c0f279cc0db47db01739aced266,data_manifests/deepmask_gpr_unified_samples_20260811.csv,20260811,existing fold_id P2-style split when available; group fallback otherwise
deepmask_gpr,existing_fold_p2,deepmask_gpr::augmented_cavities::70_aug_10,cavity,cavity::70,train,08d750a972db4e448b85344ad28575ff054b70c9dffb03fe8a43d04343665e9a,data_manifests/deepmask_gpr_unified_samples_20260811.csv,20260811,existing fold_id P2-style split when available; group fallback otherwise
deepmask_gpr,existing_fold_p2,deepmask_gpr::augmented_cavities::70_aug_11,cavity,cavity::70,train,23acd7ce68ebc900f74db03626e8faace72eafcd20181176ef4da87b3112b826,data_manifests/deepmask_gpr_unified_samples_20260811.csv,20260811,existing fold_id P2-style split when available; group fallback otherwise
deepmask_gpr,existing_fold_p2,deepmask_gpr::augmented_cavities::70_aug_12,cavity,cavity::70,train,23ee7716bc60725258afd9fd16921870d508836e8ccb25251309d07d36cd1c0d,data_manifests/deepmask_gpr_unified_samples_20260811.csv,20260811,existing fold_id P2-style split when available; group fallback otherwise
deepmask_gpr,existing_fold_p2,deepmask_gpr::augmented_cavities::70_aug_13,cavity,cavity::70,train,946e4185efcaaaf111b4f9df3fcd2e78aa406fa8c4dfdd27a70b6516cd17a856,data_manifests/deepmask_gpr_unified_samples_20260811.csv,20260811,existing fold_id P2-style split when available; group fallback otherwise
deepmask_gpr,existing_fold_p2,deepmask_gpr::augmented_cavities::70_aug_7,cavity,cavity::70,train,cddca16d9235899b34f7bec1eb41d31654d934d35f925c23cc5810bbf1ccaf01,data_manifests/deepmask_gpr_unified_samples_20260811.csv,20260811,existing fold_id P2-style split when available; group fallback otherwise
deepmask_gpr,existing_fold_p2,deepmask_gpr::augmented_cavities::70_aug_8,cavity,cavity::70,train,06b40441bd3ffe71df856615449cf251fe783b5eeb8c98690eece2d8d8ed9780,data_manifests/deepmask_gpr_unified_samples_20260811.csv,20260811,existing fold_id P2-style split when available; group fallback otherwise
deepmask_gpr,existing_fold_p2,deepmask_gpr::augmented_cavities::70_aug_9,cavity,cavity::70,train,c3c80f9ef60620916e232e1ce36cd9493dd5614887ad0fd1152fc5ef8aa5b70a,data_manifests/deepmask_gpr_unified_samples_20260811.csv,20260811,existing fold_id P2-style split when available; group fallback otherwise
deepmask_gpr,existing_fold_p2,deepmask_gpr::augmented_cavities::71_aug_10,cavity,cavity::71,train,d34d7ed5372cceb12c1e9da880fb8b983662abebd5c1ceb8995dc81a2e85148e,data_manifests/deepmask_gpr_unified_samples_20260811.csv,20260811,existing fold_id P2-style split when available; group fallback otherwise
deepmask_gpr,existing_fold_p2,deepmask_gpr::augmented_cavities::71_aug_11,cavity,cavity::71,train,19025a7e4de1432fea253c6c36635edbe4c3c10957565ae6e5b3b01935d2b8f8,data_manifests/deepmask_gpr_unified_samples_20260811.csv,20260811,existing fold_id P2-style split when available; group fallback otherwise
deepmask_gpr,existing_fold_p2,deepmask_gpr::augmented_cavities::71_aug_12,cavity,cavity::71,train,f6c24e09f2c6d1fad83d96b2dd7b7a297d84dd6a17994ae8679bcb74d92b7ab8,data_manifests/deepmask_gpr_unified_samples_20260811.csv,20260811,existing fold_id P2-style split when available; group fallback otherwise
deepmask_gpr,existing_fold_p2,deepmask_gpr::augmented_cavities::71_aug_13,cavity,cavity::71,train,be697cf30f2f1832721464ea9fe9478694549cf4581c8aa319ab8730f3691134,data_manifests/deepmask_gpr_unified_samples_20260811.csv,20260811,existing fold_id P2-style split when available; group fallback otherwise
deepmask_gpr,existing_fold_p2,deepmask_gpr::augmented_cavities::71_aug_7,cavity,cavity::71,train,9e5433b68e8847aa1f814cfd9d3bc62dbbe18b6137c29e21d2965371df351e2d,data_manifests/deepmask_gpr_unified_samples_20260811.csv,20260811,existing fold_id P2-style split when available; group fallback otherwise
deepmask_gpr,existing_fold_p2,deepmask_gpr::augmented_cavities::71_aug_8,cavity,cavity::71,train,9a0453433fe20f19b437f4b23de99e0e0e8e30445d42070c14171ea406a17d77,data_manifests/deepmask_gpr_unified_samples_20260811.csv,20260811,existing fold_id P2-style split when available; group fallback otherwise
deepmask_gpr,existing_fold_p2,deepmask_gpr::augmented_cavities::71_aug_9,cavity,cavity::71,train,a65c516a8b13d9073a87c8e1d729fb75b0558a123f61ac87758569791a293f12,data_manifests/deepmask_gpr_unified_samples_20260811.csv,20260811,existing fold_id P2-style split when available; group fallback otherwise
deepmask_gpr,existing_fold_p2,deepmask_gpr::augmented_cavities::72_aug_10,cavity,cavity::72,train,8c336ea44b6565d07fe62e250979183336c80df507df323f6dae2daf1ec255ca,data_manifests/deepmask_gpr_unified_samples_20260811.csv,20260811,existing fold_id P2-style split when available; group fallback otherwise
deepmask_gpr,existing_fold_p2,deepmask_gpr::augmented_cavities::72_aug_11,cavity,cavity::72,train,abaebda5c4575a4aa618b04c79d66b038b2bf04c23dbaee981d4635b41f841d3,data_manifests/deepmask_gpr_unified_samples_20260811.csv,20260811,existing fold_id P2-style split when available; group fallback otherwise
deepmask_gpr,existing_fold_p2,deepmask_gpr::augmented_cavities::72_aug_12,cavity,cavity::72,train,1a90c583800b0e7160c4d095c60bc4f8381cab45829e35f912f5d74b2c26ff89,data_manifests/deepmask_gpr_unified_samples_20260811.csv,20260811,existing fold_id P2-style split when available; group fallback otherwise
deepmask_gpr,existing_fold_p2,deepmask_gpr::augmented_cavities::72_aug_13,cavity,cavity::72,train,6a6b971cfdebe3f83739aec282a7c8dde8d11a0aec354db3b7452ed4ce0943fd,data_manifests/deepmask_gpr_unified_samples_20260811.csv,20260811,existing fold_id P2-style split when available; group fallback otherwise
deepmask_gpr,existing_fold_p2,deepmask_gpr::augmented_cavities::72_aug_7,cavity,cavity::72,train,b86485621119ac97cdbd0d3223c6d41b77722939f5c0fbcb7a7182f627d60394,data_manifests/deepmask_gpr_unified_samples_20260811.csv,20260811,existing fold_id P2-style split when available; group fallback otherwise
deepmask_gpr,existing_fold_p2,deepmask_gpr::augmented_cavities::72_aug_8,cavity,cavity::72,train,b3dbe3fb2d72f0d60bed27ea472221931e200f06a5e1db732f9b2c434a863ca9,data_manifests/deepmask_gpr_unified_samples_20260811.csv,20260811,existing fold_id P2-style split when available; group fallback otherwise
deepmask_gpr,existing_fold_p2,deepmask_gpr::augmented_cavities::72_aug_9,cavity,cavity::72,train,a55b3717940f0b42790ec4365ff3bbc4e69ec77266b84ab85c5603c9e9cfb009,data_manifests/deepmask_gpr_unified_samples_20260811.csv,20260811,existing fold_id P2-style split when available; group fallback otherwise
deepmask_gpr,existing_fold_p2,deepmask_gpr::augmented_cavities::73_aug_10,cavity,cavity::73,train,aacc3476785983f86726670ee5aca2289b8d7aced1493ea7bcf8dd82459b1ab2,data_manifests/deepmask_gpr_unified_samples_20260811.csv,20260811,existing fold_id P2-style split when available; group fallback otherwise
deepmask_gpr,existing_fold_p2,deepmask_gpr::augmented_cavities::73_aug_11,cavity,cavity::73,train,65a604f7ad18c5e4dc495671f5726c7a62b524bb989df4081b59f4ef21f895ad,data_manifests/deepmask_gpr_unified_samples_20260811.csv,20260811,existing fold_id P2-style split when available; group fallback otherwise
deepmask_gpr,existing_fold_p2,deepmask_gpr::augmented_cavities::73_aug_12,cavity,cavity::73,train,e0d0aa5de317b8449f7d51e6bc56143f3d0bf21f422b800e147a6e4e832ab9e8,data_manifests/deepmask_gpr_unified_samples_20260811.csv,20260811,existing fold_id P2-style split when available; group fallback otherwise
deepmask_gpr,existing_fold_p2,deepmask_gpr::augmented_cavities::73_aug_13,cavity,cavity::73,train,70ab7d488b2b4fcedc2e9aa2e037791a6f50bc7fb7878afd26a138297177e37f,data_manifests/deepmask_gpr_unified_samples_20260811.csv,20260811,existing fold_id P2-style split when available; group fallback otherwise
deepmask_gpr,existing_fold_p2,deepmask_gpr::augmented_cavities::73_aug_7,cavity,cavity::73,train,dd020d704de8a5d66b6d82b656690d7118ee1ce5bcd6b11e57d6d91ebe92fc99,data_manifests/deepmask_gpr_unified_samples_20260811.csv,20260811,existing fold_id P2-style split when available; group fallback otherwise
deepmask_gpr,existing_fold_p2,deepmask_gpr::augmented_cavities::73_aug_8,cavity,cavity::73,train,80c9b521fc84f2c7232458b0668350d05da3c3af14ad05a202313cbaa1a51155,data_manifests/deepmask_gpr_unified_samples_20260811.csv,20260811,existing fold_id P2-style split when available; group fallback otherwise
deepmask_gpr,existing_fold_p2,deepmask_gpr::augmented_cavities::73_aug_9,cavity,cavity::73,train,0b42b3125f08c6dca7c4b361b4d36c56acdca4e0b1157d93e9d290f82c4c3fe4,data_manifests/deepmask_gpr_unified_samples_20260811.csv,20260811,existing fold_id P2-style split when available; group fallback otherwise
deepmask_gpr,existing_fold_p2,deepmask_gpr::augmented_cavities::74_aug_10,cavity,cavity::74,val,f69a9b0ba1606a5e59e5c66753b07e9004c5a3bfacf070c51ba2cd1ba274e927,data_manifests/deepmask_gpr_unified_samples_20260811.csv,20260811,existing fold_id P2-style split when available; group fallback otherwise
deepmask_gpr,existing_fold_p2,deepmask_gpr::augmented_cavities::74_aug_11,cavity,cavity::74,val,81c295e27543995f927f1e947583590371991bcad376fea759bd1f141ac22220,data_manifests/deepmask_gpr_unified_samples_20260811.csv,20260811,existing fold_id P2-style split when available; group fallback otherwise
deepmask_gpr,existing_fold_p2,deepmask_gpr::augmented_cavities::74_aug_12,cavity,cavity::74,val,9143f1d2a1b4a4b0f013be1556b0f32d84a57ac26fdea14f38b859c08d1e569e,data_manifests/deepmask_gpr_unified_samples_20260811.csv,20260811,existing fold_id P2-style split when available; group fallback otherwise
deepmask_gpr,existing_fold_p2,deepmask_gpr::augmented_cavities::74_aug_13,cavity,cavity::74,val,178cf855c9df96a90c9f500348cff6cba6984c50bbe4fa4af9f8b24f18085569,data_manifests/deepmask_gpr_unified_samples_20260811.csv,20260811,existing fold_id P2-style split when available; group fallback otherwise
deepmask_gpr,existing_fold_p2,deepmask_gpr::augmented_cavities::74_aug_7,cavity,cavity::74,val,bba521167795b3c21d5a671440e7903f8c43329d86cdd001514dfaf8a7190017,data_manifests/deepmask_gpr_unified_samples_20260811.csv,20260811,existing fold_id P2-style split when available; group fallback otherwise
deepmask_gpr,existing_fold_p2,deepmask_gpr::augmented_cavities::74_aug_8,cavity,cavity::74,val,b97e3a3803a9f9266376d10c3fa9059a8fe44f76de84db64ae9de0e645e44e23,data_manifests/deepmask_gpr_unified_samples_20260811.csv,20260811,existing fold_id P2-style split when available; group fallback otherwise
deepmask_gpr,existing_fold_p2,deepmask_gpr::augmented_cavities::74_aug_9,cavity,cavity::74,val,70e07b575911a91d81a6aa86cd0d52beade3e019442bcd23a6d567c0142ac978,data_manifests/deepmask_gpr_unified_samples_20260811.csv,20260811,existing fold_id P2-style split when available; group fallback otherwise
deepmask_gpr,existing_fold_p2,deepmask_gpr::augmented_cavities::75_aug_10,cavity,cavity::75,val,9c4ded1c91c4723a8e6724dc4d781085b36550bab02cb44742e2e93cf42c2d32,data_manifests/deepmask_gpr_unified_samples_20260811.csv,20260811,existing fold_id P2-style split when available; group fallback otherwise
deepmask_gpr,existing_fold_p2,deepmask_gpr::augmented_cavities::75_aug_11,cavity,cavity::75,val,698260fd92174fe55bf97872ac2cffad26bf5b41d745b05031ed25eb69d37a7b,data_manifests/deepmask_gpr_unified_samples_20260811.csv,20260811,existing fold_id P2-style split when available; group fallback otherwise
deepmask_gpr,existing_fold_p2,deepmask_gpr::augmented_cavities::75_aug_12,cavity,cavity::75,val,9c751f53b92cf58402556df8034fa7bbf5511820b51cbd892989ae655760726b,data_manifests/deepmask_gpr_unified_samples_20260811.csv,20260811,existing fold_id P2-style split when available; group fallback otherwise
deepmask_gpr,existing_fold_p2,deepmask_gpr::augmented_cavities::75_aug_13,cavity,cavity::75,val,3455e55ff14f6d8db6c29ae39d42ab728547e513298e8174c847e9d332cd9542,data_manifests/deepmask_gpr_unified_samples_20260811.csv,20260811,existing fold_id P2-style split when available; group fallback otherwise
deepmask_gpr,existing_fold_p2,deepmask_gpr::augmented_cavities::75_aug_7,cavity,cavity::75,val,0771a8860f5533be1423352deffc53896a40eb3d182b6dd969999ae9621181a0,data_manifests/deepmask_gpr_unified_samples_20260811.csv,20260811,existing fold_id P2-style split when available; group fallback otherwise
deepmask_gpr,existing_fold_p2,deepmask_gpr::augmented_cavities::75_aug_8,cavity,cavity::75,val,0b83cd7449e1cd63dbb25209179412d01813d96e8dc5188b67fce0d14dc992c0,data_manifests/deepmask_gpr_unified_samples_20260811.csv,20260811,existing fold_id P2-style split when available; group fallback otherwise
deepmask_gpr,existing_fold_p2,deepmask_gpr::augmented_cavities::75_aug_9,cavity,cavity::75,val,2acbb747b43ac566a16259301ac8335cce14d597fbc69cb7ed5019dea964fafd,data_manifests/deepmask_gpr_unified_samples_20260811.csv,20260811,existing fold_id P2-style split when available; group fallback otherwise
deepmask_gpr,existing_fold_p2,deepmask_gpr::augmented_cavities::76_aug_10,cavity,cavity::76,val,5eeba3968ba88f700c4f20ecb11b7b3eca5c288b4df0845be7ab827a985a989e,data_manifests/deepmask_gpr_unified_samples_20260811.csv,20260811,existing fold_id P2-style split when available; group fallback otherwise
deepmask_gpr,existing_fold_p2,deepmask_gpr::augmented_cavities::76_aug_11,cavity,cavity::76,val,ef08753ff694bd82638a70de361b156f70c9218fda77059b193d046f2fe01a50,data_manifests/deepmask_gpr_unified_samples_20260811.csv,20260811,existing fold_id P2-style split when available; group fallback otherwise
deepmask_gpr,existing_fold_p2,deepmask_gpr::augmented_cavities::76_aug_12,cavity,cavity::76,val,9e78e07fb0a83462977305209190b104bfa108fb282e0d35af6c3165c1947d84,data_manifests/deepmask_gpr_unified_samples_20260811.csv,20260811,existing fold_id P2-style split when available; group fallback otherwise
deepmask_gpr,existing_fold_p2,deepmask_gpr::augmented_cavities::76_aug_13,cavity,cavity::76,val,cf971bedb4cb00280abd18ae90049e285154bd011830a7ff85ffdc3d48e05478,data_manifests/deepmask_gpr_unified_samples_20260811.csv,20260811,existing fold_id P2-style split when available; group fallback otherwise
deepmask_gpr,existing_fold_p2,deepmask_gpr::augmented_cavities::76_aug_7,cavity,cavity::76,val,f23e50c3bb98155164a8a5a05ddef4c99535a448522205cfa681d33080e03e8f,data_manifests/deepmask_gpr_unified_samples_20260811.csv,20260811,existing fold_id P2-style split when available; group fallback otherwise
deepmask_gpr,existing_fold_p2,deepmask_gpr::augmented_cavities::76_aug_8,cavity,cavity::76,val,c0bb94453112c3ba4b9f2c23da0dff802e21e4d91cf5016dfcc25538966260b1,data_manifests/deepmask_gpr_unified_samples_20260811.csv,20260811,existing fold_id P2-style split when available; group fallback otherwise
deepmask_gpr,existing_fold_p2,deepmask_gpr::augmented_cavities::76_aug_9,cavity,cavity::76,val,d41814014b652c2b85fcdcd77f73d34cd1896b084dfd53f7da45325eaaad9059,data_manifests/deepmask_gpr_unified_samples_20260811.csv,20260811,existing fold_id P2-style split when available; group fallback otherwise
deepmask_gpr,existing_fold_p2,deepmask_gpr::augmented_cavities::77_aug_10,cavity,cavity::77,val,e4b28063fcb5e89550e23bc9dc983badc1a77a50c835d0b72c9b3f56bbcd5e25,data_manifests/deepmask_gpr_unified_samples_20260811.csv,20260811,existing fold_id P2-style split when available; group fallback otherwise
deepmask_gpr,existing_fold_p2,deepmask_gpr::augmented_cavities::77_aug_11,cavity,cavity::77,val,b769fdc5a6f0bec1066b46c94932ba96159e016ff70170673caf12d7a61909ad,data_manifests/deepmask_gpr_unified_samples_20260811.csv,20260811,existing fold_id P2-style split when available; group fallback otherwise
deepmask_gpr,existing_fold_p2,deepmask_gpr::augmented_cavities::77_aug_12,cavity,cavity::77,val,2906162783aa6ceedd49044dcb288b66a6596dc65432a9b4b441c00f3e21b5e0,data_manifests/deepmask_gpr_unified_samples_20260811.csv,20260811,existing fold_id P2-style split when available; group fallback otherwise
deepmask_gpr,existing_fold_p2,deepmask_gpr::augmented_cavities::77_aug_13,cavity,cavity::77,val,8158b82346817d4b3b307b391c3046103a3965140dfa14f1e154802420c02dfa,data_manifests/deepmask_gpr_unified_samples_20260811.csv,20260811,existing fold_id P2-style split when available; group fallback otherwise
deepmask_gpr,existing_fold_p2,deepmask_gpr::augmented_cavities::77_aug_7,cavity,cavity::77,val,e45adc2ef0db1fd6a03662040605c9170a1f58f3be1f8f5826dfcda7a44e0da7,data_manifests/deepmask_gpr_unified_samples_20260811.csv,20260811,existing fold_id P2-style split when available; group fallback otherwise
deepmask_gpr,existing_fold_p2,deepmask_gpr::augmented_cavities::77_aug_8,cavity,cavity::77,val,42d977cbb2290ecca3ae3e126cda06944ed86ee74d9b400af60c4dfab11f4fdc,data_manifests/deepmask_gpr_unified_samples_20260811.csv,20260811,existing fold_id P2-style split when available; group fallback otherwise
deepmask_gpr,existing_fold_p2,deepmask_gpr::augmented_cavities::77_aug_9,cavity,cavity::77,val,64e6f0bbc384498eb4b9521725affb0782c11185adc0576ecefd1e7928a74d71,data_manifests/deepmask_gpr_unified_samples_20260811.csv,20260811,existing fold_id P2-style split when available; group fallback otherwise
deepmask_gpr,existing_fold_p2,deepmask_gpr::augmented_cavities::78_aug_10,cavity,cavity::78,train,329528fa4db4ecff77e1e321f2ba4c1be474299ed5e2d876012af5e05ecd3abc,data_manifests/deepmask_gpr_unified_samples_20260811.csv,20260811,existing fold_id P2-style split when available; group fallback otherwise
deepmask_gpr,existing_fold_p2,deepmask_gpr::augmented_cavities::78_aug_11,cavity,cavity::78,train,571812707033e3563d47836ea208aad3fb6c9ed312eb3e61c2232e3d95363089,data_manifests/deepmask_gpr_unified_samples_20260811.csv,20260811,existing fold_id P2-style split when available; group fallback otherwise
deepmask_gpr,existing_fold_p2,deepmask_gpr::augmented_cavities::78_aug_12,cavity,cavity::78,train,ea1d7ff8f97d0877e2e563c1ac164eb943d044a2bb3dbacb313e6d589baacb0f,data_manifests/deepmask_gpr_unified_samples_20260811.csv,20260811,existing fold_id P2-style split when available; group fallback otherwise
deepmask_gpr,existing_fold_p2,deepmask_gpr::augmented_cavities::78_aug_13,cavity,cavity::78,train,a025ef9962f3a5b5d0725a4b14c5dfb5974d297f586c3fe2dd3c85a466c65883,data_manifests/deepmask_gpr_unified_samples_20260811.csv,20260811,existing fold_id P2-style split when available; group fallback otherwise
deepmask_gpr,existing_fold_p2,deepmask_gpr::augmented_cavities::78_aug_7,cavity,cavity::78,train,ca1c6eeb3648534de30130a39b8bc18cd9d42d0d71cc497a23569d1a7af2c859,data_manifests/deepmask_gpr_unified_samples_20260811.csv,20260811,existing fold_id P2-style split when available; group fallback otherwise
deepmask_gpr,existing_fold_p2,deepmask_gpr::augmented_cavities::78_aug_8,cavity,cavity::78,train,96f280b8a4f279c847f0724a34b2fde0264fb2481f3e93d67e7d7dfd73594b57,data_manifests/deepmask_gpr_unified_samples_20260811.csv,20260811,existing fold_id P2-style split when available; group fallback otherwise
deepmask_gpr,existing_fold_p2,deepmask_gpr::augmented_cavities::78_aug_9,cavity,cavity::78,train,44b6198c16afd66fb85dc113c63649cfbca798342d489e273a2bdc2cd7006bbe,data_manifests/deepmask_gpr_unified_samples_20260811.csv,20260811,existing fold_id P2-style split when available; group fallback otherwise
deepmask_gpr,existing_fold_p2,deepmask_gpr::augmented_cavities::79_aug_10,cavity,cavity::79,test,332f110ceb35b591768ed9cc9351a680237d9f86a3b5172b2779c119f277b43d,data_manifests/deepmask_gpr_unified_samples_20260811.csv,20260811,existing fold_id P2-style split when available; group fallback otherwise
deepmask_gpr,existing_fold_p2,deepmask_gpr::augmented_cavities::79_aug_11,cavity,cavity::79,test,1e174566209d717b30af811bb4157337d7e29a1095f0fc0a9a92d71798ee403f,data_manifests/deepmask_gpr_unified_samples_20260811.csv,20260811,existing fold_id P2-style split when available; group fallback otherwise
deepmask_gpr,existing_fold_p2,deepmask_gpr::augmented_cavities::79_aug_12,cavity,cavity::79,test,2f37dfadeaa702ee86fbfffaee3e02f9a51879f83625f53deb7556105a27d813,data_manifests/deepmask_gpr_unified_samples_20260811.csv,20260811,existing fold_id P2-style split when available; group fallback otherwise
deepmask_gpr,existing_fold_p2,deepmask_gpr::augmented_cavities::79_aug_13,cavity,cavity::79,test,eb41b28e587fbed2318bdbf2c9e6c4450105f81ef2c20c5419776511852b0d6d,data_manifests/deepmask_gpr_unified_samples_20260811.csv,20260811,existing fold_id P2-style split when available; group fallback otherwise
deepmask_gpr,existing_fold_p2,deepmask_gpr::augmented_cavities::79_aug_7,cavity,cavity::79,test,760749fa138363d8f09f77e77a1ea0ba33b6d51566f368f666a0471a5b1cd0ac,data_manifests/deepmask_gpr_unified_samples_20260811.csv,20260811,existing fold_id P2-style split when available; group fallback otherwise
deepmask_gpr,existing_fold_p2,deepmask_gpr::augmented_cavities::79_aug_8,cavity,cavity::79,test,d98aa747681a72b6969b263750ce29ecb98ad002c7e1067e04792559779234f0,data_manifests/deepmask_gpr_unified_samples_20260811.csv,20260811,existing fold_id P2-style split when available; group fallback otherwise
deepmask_gpr,existing_fold_p2,deepmask_gpr::augmented_cavities::79_aug_9,cavity,cavity::79,test,c8d574d5ffa65f04c955ef0e9c1cb96fe3187f8abc1fec85071bfcd486d38ce8,data_manifests/deepmask_gpr_unified_samples_20260811.csv,20260811,existing fold_id P2-style split when available; group fallback otherwise
deepmask_gpr,existing_fold_p2,deepmask_gpr::augmented_cavities::7_aug_10,cavity,cavity::7,test,e991c3cb58649a901cef378a5b12cf00b80b2cc5fbedf7075a36fbbf407eeea4,data_manifests/deepmask_gpr_unified_samples_20260811.csv,20260811,existing fold_id P2-style split when available; group fallback otherwise
deepmask_gpr,existing_fold_p2,deepmask_gpr::augmented_cavities::7_aug_11,cavity,cavity::7,test,9d6d9ef348d893d7cac80a57d81dbd7781696e48b9c8ff8c606f0c171ac3e7bd,data_manifests/deepmask_gpr_unified_samples_20260811.csv,20260811,existing fold_id P2-style split when available; group fallback otherwise
deepmask_gpr,existing_fold_p2,deepmask_gpr::augmented_cavities::7_aug_12,cavity,cavity::7,test,a3c1fcc1b944589c3dc85b484ac4dd155965a5e088205638c655d826a70cf761,data_manifests/deepmask_gpr_unified_samples_20260811.csv,20260811,existing fold_id P2-style split when available; group fallback otherwise
deepmask_gpr,existing_fold_p2,deepmask_gpr::augmented_cavities::7_aug_13,cavity,cavity::7,test,79f8f63e613ba3a3fd7d726616280225a23e6d42969dfd86766eaa9c17eefb6c,data_manifests/deepmask_gpr_unified_samples_20260811.csv,20260811,existing fold_id P2-style split when available; group fallback otherwise
deepmask_gpr,existing_fold_p2,deepmask_gpr::augmented_cavities::7_aug_7,cavity,cavity::7,test,e66d6d0500772275113ae08a2a553d77a440fe9a0aa163894d93f73fed0145db,data_manifests/deepmask_gpr_unified_samples_20260811.csv,20260811,existing fold_id P2-style split when available; group fallback otherwise
deepmask_gpr,existing_fold_p2,deepmask_gpr::augmented_cavities::7_aug_8,cavity,cavity::7,test,a0c736d1551187915cec59c9a2b7e2aa65316c21a33f7f354fdf991deddc9032,data_manifests/deepmask_gpr_unified_samples_20260811.csv,20260811,existing fold_id P2-style split when available; group fallback otherwise
deepmask_gpr,existing_fold_p2,deepmask_gpr::augmented_cavities::7_aug_9,cavity,cavity::7,test,a7b81549054b3c1021201a17ea06cea65af2e20070ced0d0ac2874924b076199,data_manifests/deepmask_gpr_unified_samples_20260811.csv,20260811,existing fold_id P2-style split when available; group fallback otherwise
deepmask_gpr,existing_fold_p2,deepmask_gpr::augmented_cavities::80_aug_10,cavity,cavity::80,train,38b689afc38eb5aecbbc2d93fe071a120d280a703b8fd903d74f6b87a5cb31e8,data_manifests/deepmask_gpr_unified_samples_20260811.csv,20260811,existing fold_id P2-style split when available; group fallback otherwise
deepmask_gpr,existing_fold_p2,deepmask_gpr::augmented_cavities::80_aug_11,cavity,cavity::80,train,911dfa214fd8414a5f6d9f4b5c8d2d4a8e0a0d2111af5e8e1fcfe3cc8eae5659,data_manifests/deepmask_gpr_unified_samples_20260811.csv,20260811,existing fold_id P2-style split when available; group fallback otherwise
deepmask_gpr,existing_fold_p2,deepmask_gpr::augmented_cavities::80_aug_12,cavity,cavity::80,train,c79a47ae2c641d1cd788041af5e4463b9ba805de9f039f0610af98b1f88543ca,data_manifests/deepmask_gpr_unified_samples_20260811.csv,20260811,existing fold_id P2-style split when available; group fallback otherwise
deepmask_gpr,existing_fold_p2,deepmask_gpr::augmented_cavities::80_aug_13,cavity,cavity::80,train,955c3f859153ff3ce975fefe451765b3e837221e65176a44f5a8f08028356d33,data_manifests/deepmask_gpr_unified_samples_20260811.csv,20260811,existing fold_id P2-style split when available; group fallback otherwise
deepmask_gpr,existing_fold_p2,deepmask_gpr::augmented_cavities::80_aug_7,cavity,cavity::80,train,9459acdae378ab3003da98b5fc0bd98cab4cf8cbd3ec5daab3e87736887df329,data_manifests/deepmask_gpr_unified_samples_20260811.csv,20260811,existing fold_id P2-style split when available; group fallback otherwise
deepmask_gpr,existing_fold_p2,deepmask_gpr::augmented_cavities::80_aug_8,cavity,cavity::80,train,a4df96a74b3c1f462c977ac623c60dea8349a63c4b9560e4784c033e56cb7acb,data_manifests/deepmask_gpr_unified_samples_20260811.csv,20260811,existing fold_id P2-style split when available; group fallback otherwise
deepmask_gpr,existing_fold_p2,deepmask_gpr::augmented_cavities::80_aug_9,cavity,cavity::80,train,37c0d28be2f3bb3762c10fe6a3ace9d064574326c8103278f2fea77663966e97,data_manifests/deepmask_gpr_unified_samples_20260811.csv,20260811,existing fold_id P2-style split when available; group fallback otherwise
deepmask_gpr,existing_fold_p2,deepmask_gpr::augmented_cavities::8_aug_10,cavity,cavity::8,train,d814b068202fca7cee2d812f03a1b9c014560f1378364d1f3f6471cf67831ed5,data_manifests/deepmask_gpr_unified_samples_20260811.csv,20260811,existing fold_id P2-style split when available; group fallback otherwise
deepmask_gpr,existing_fold_p2,deepmask_gpr::augmented_cavities::8_aug_11,cavity,cavity::8,train,cee2bd6ee45fd650ec61f9a6aa91fad75101538b3793619f63de765f81f42c49,data_manifests/deepmask_gpr_unified_samples_20260811.csv,20260811,existing fold_id P2-style split when available; group fallback otherwise
deepmask_gpr,existing_fold_p2,deepmask_gpr::augmented_cavities::8_aug_12,cavity,cavity::8,train,6e1b001a76f6e3c91a10ee020665b410890fe4c8932e7b877295c4fc7a1d8beb,data_manifests/deepmask_gpr_unified_samples_20260811.csv,20260811,existing fold_id P2-style split when available; group fallback otherwise
deepmask_gpr,existing_fold_p2,deepmask_gpr::augmented_cavities::8_aug_13,cavity,cavity::8,train,c6f2bdf0a3bd907b9eb8f6d82e2599b2bd0b23f52d69db2e19ffeb870d5dbc9d,data_manifests/deepmask_gpr_unified_samples_20260811.csv,20260811,existing fold_id P2-style split when available; group fallback otherwise
deepmask_gpr,existing_fold_p2,deepmask_gpr::augmented_cavities::8_aug_7,cavity,cavity::8,train,25d2852e28cf693e94981270d25229120f2ce86d02536b241e56c4625dd1b3b5,data_manifests/deepmask_gpr_unified_samples_20260811.csv,20260811,existing fold_id P2-style split when available; group fallback otherwise
deepmask_gpr,existing_fold_p2,deepmask_gpr::augmented_cavities::8_aug_8,cavity,cavity::8,train,153c8397a21c8b5707ce88335c744400f087b737686266dfb5b0ce865ece7d71,data_manifests/deepmask_gpr_unified_samples_20260811.csv,20260811,existing fold_id P2-style split when available; group fallback otherwise
deepmask_gpr,existing_fold_p2,deepmask_gpr::augmented_cavities::8_aug_9,cavity,cavity::8,train,4d849d8a13c8589ca64a8b4f0c7455a4bd3f377da0bf3846b8bf28928e2866ed,data_manifests/deepmask_gpr_unified_samples_20260811.csv,20260811,existing fold_id P2-style split when available; group fallback otherwise
deepmask_gpr,existing_fold_p2,deepmask_gpr::augmented_cavities::9_aug_10,cavity,cavity::9,train,eccf40ad2efc03a1940be479cfa36a2663caefa402cf3d3aa595acde181cc90e,data_manifests/deepmask_gpr_unified_samples_20260811.csv,20260811,existing fold_id P2-style split when available; group fallback otherwise
deepmask_gpr,existing_fold_p2,deepmask_gpr::augmented_cavities::9_aug_11,cavity,cavity::9,train,236c4559d8c83baa810acf46d5355febef58b886b022e9570f063c211daec9b9,data_manifests/deepmask_gpr_unified_samples_20260811.csv,20260811,existing fold_id P2-style split when available; group fallback otherwise
deepmask_gpr,existing_fold_p2,deepmask_gpr::augmented_cavities::9_aug_12,cavity,cavity::9,train,37672edea7df7df5eaf9315c0706b979a33b9eb1076fe1ee4d3e2dbb92a75cfe,data_manifests/deepmask_gpr_unified_samples_20260811.csv,20260811,existing fold_id P2-style split when available; group fallback otherwise
deepmask_gpr,existing_fold_p2,deepmask_gpr::augmented_cavities::9_aug_13,cavity,cavity::9,train,7bbd9ba9ee7b6c2c428be5250217bea4b7dd6318e7dfdc24ff22876ca560016e,data_manifests/deepmask_gpr_unified_samples_20260811.csv,20260811,existing fold_id P2-style split when available; group fallback otherwise
deepmask_gpr,existing_fold_p2,deepmask_gpr::augmented_cavities::9_aug_7,cavity,cavity::9,train,6644390be96c21e193cbb6605957f5bca84963289e9007a00d4ff3ee13596b09,data_manifests/deepmask_gpr_unified_samples_20260811.csv,20260811,existing fold_id P2-style split when available; group fallback otherwise
deepmask_gpr,existing_fold_p2,deepmask_gpr::augmented_cavities::9_aug_8,cavity,cavity::9,train,a02f7311c553e705be8121a45472360cd59885e413792cdfd2ebc4dfa999c83d,data_manifests/deepmask_gpr_unified_samples_20260811.csv,20260811,existing fold_id P2-style split when available; group fallback otherwise
deepmask_gpr,existing_fold_p2,deepmask_gpr::augmented_cavities::9_aug_9,cavity,cavity::9,train,c620cb02f7fc6d775a5bcf221e2c4df71d9922bc7b1440e1579056198eb2e75c,data_manifests/deepmask_gpr_unified_samples_20260811.csv,20260811,existing fold_id P2-style split when available; group fallback otherwise
deepmask_gpr,existing_fold_p2,deepmask_gpr::intact::1 (2),intact,intact::1 (2),test,a22b8eaec72d05cf6ae3aab2e8e31437b4afcdc6b822959acfa7ba9db500b7c4,data_manifests/deepmask_gpr_unified_samples_20260811.csv,20260811,existing fold_id P2-style split when available; group fallback otherwise
deepmask_gpr,existing_fold_p2,deepmask_gpr::intact::1,intact,intact::1,train,d6f6aae83db1fbe791457ecdd3e5153bea346b8e1a23ca54aabb002855b689f6,data_manifests/deepmask_gpr_unified_samples_20260811.csv,20260811,existing fold_id P2-style split when available; group fallback otherwise
deepmask_gpr,existing_fold_p2,deepmask_gpr::intact::10 (2),intact,intact::10 (2),train,77c8fa6fad9523eea3788942d15b267cd216da1215594ee6b9dd327fa483915b,data_manifests/deepmask_gpr_unified_samples_20260811.csv,20260811,existing fold_id P2-style split when available; group fallback otherwise
deepmask_gpr,existing_fold_p2,deepmask_gpr::intact::10,intact,intact::10,train,08e6a2ebaeb4602010f208d9909adee08f4c06d2de0ee38d34150895d0c44f7b,data_manifests/deepmask_gpr_unified_samples_20260811.csv,20260811,existing fold_id P2-style split when available; group fallback otherwise
deepmask_gpr,existing_fold_p2,deepmask_gpr::intact::11 (2),intact,intact::11 (2),train,c51350a9621eba7e00119414a57746968ea9c59d671262819c0908b9f2eee5a2,data_manifests/deepmask_gpr_unified_samples_20260811.csv,20260811,existing fold_id P2-style split when available; group fallback otherwise
deepmask_gpr,existing_fold_p2,deepmask_gpr::intact::11,intact,intact::11,val,74530d6adaa072e075d0d2a97ec7937eddb8931851f43b71326dd3df3938ba66,data_manifests/deepmask_gpr_unified_samples_20260811.csv,20260811,existing fold_id P2-style split when available; group fallback otherwise
deepmask_gpr,existing_fold_p2,deepmask_gpr::intact::12 (2),intact,intact::12 (2),train,2404986c64f2a2d2657991ef25cead14ba2049fde87ccd8e03a95044a52f360a,data_manifests/deepmask_gpr_unified_samples_20260811.csv,20260811,existing fold_id P2-style split when available; group fallback otherwise
deepmask_gpr,existing_fold_p2,deepmask_gpr::intact::12,intact,intact::12,train,7e4dda393cf57984bd2c1f84e70336ba64312a4b038226817716bf8f5eb435a5,data_manifests/deepmask_gpr_unified_samples_20260811.csv,20260811,existing fold_id P2-style split when available; group fallback otherwise
deepmask_gpr,existing_fold_p2,deepmask_gpr::intact::13 (2),intact,intact::13 (2),train,d6c3d24ecde0007455ab98b6dac2919ae53eeb565eb11e4d671a4bf8eee831bd,data_manifests/deepmask_gpr_unified_samples_20260811.csv,20260811,existing fold_id P2-style split when available; group fallback otherwise
deepmask_gpr,existing_fold_p2,deepmask_gpr::intact::13,intact,intact::13,test,a361b4ecb52ea6bb1919f9b00bacf3c4687066d8bb144d8b6f683632ccc8f253,data_manifests/deepmask_gpr_unified_samples_20260811.csv,20260811,existing fold_id P2-style split when available; group fallback otherwise
deepmask_gpr,existing_fold_p2,deepmask_gpr::intact::14 (2),intact,intact::14 (2),test,93a6879cacdd0403245f366e49a1424c6149b3e3516ba6ca2d67dcc720c00ba5,data_manifests/deepmask_gpr_unified_samples_20260811.csv,20260811,existing fold_id P2-style split when available; group fallback otherwise
deepmask_gpr,existing_fold_p2,deepmask_gpr::intact::14,intact,intact::14,train,d32ecfed7db2fa4b0b0bad8b0b355b850c2ad58a00a4fadd5afcb4c608f6a6ff,data_manifests/deepmask_gpr_unified_samples_20260811.csv,20260811,existing fold_id P2-style split when available; group fallback otherwise
deepmask_gpr,existing_fold_p2,deepmask_gpr::intact::15 (2),intact,intact::15 (2),train,eef5a3115e2782d00d773a51a90c6da9066797e3eb4c72a8fdcd43a555563318,data_manifests/deepmask_gpr_unified_samples_20260811.csv,20260811,existing fold_id P2-style split when available; group fallback otherwise
deepmask_gpr,existing_fold_p2,deepmask_gpr::intact::15,intact,intact::15,val,820485a8651827624ca9432d22aa4154d144bfb2a3b3f1e58be7f77c38d6bc29,data_manifests/deepmask_gpr_unified_samples_20260811.csv,20260811,existing fold_id P2-style split when available; group fallback otherwise
deepmask_gpr,existing_fold_p2,deepmask_gpr::intact::16 (2),intact,intact::16 (2),train,926f888f28f4084bf87c06ef2ce8094a6fa7b068b328555915e4217c029ef577,data_manifests/deepmask_gpr_unified_samples_20260811.csv,20260811,existing fold_id P2-style split when available; group fallback otherwise
deepmask_gpr,existing_fold_p2,deepmask_gpr::intact::16,intact,intact::16,test,6b23334449a4feb60e0052740bb2a338b485c93e3b885e32a335418f7f7770fe,data_manifests/deepmask_gpr_unified_samples_20260811.csv,20260811,existing fold_id P2-style split when available; group fallback otherwise
deepmask_gpr,existing_fold_p2,deepmask_gpr::intact::17 (2),intact,intact::17 (2),val,1b3a38562bcf0368b6c8d287496096c4178a7d6221ddf905a1a79b2ed921e4fb,data_manifests/deepmask_gpr_unified_samples_20260811.csv,20260811,existing fold_id P2-style split when available; group fallback otherwise
deepmask_gpr,existing_fold_p2,deepmask_gpr::intact::17,intact,intact::17,train,540dbeeedb36b1bd6cf84dc77fd7e5776e2695c367c88cc6cb7531bc88ece5b9,data_manifests/deepmask_gpr_unified_samples_20260811.csv,20260811,existing fold_id P2-style split when available; group fallback otherwise
deepmask_gpr,existing_fold_p2,deepmask_gpr::intact::18 (2),intact,intact::18 (2),test,106f76a3950bdded2ab199d6ea399ac90286a7aeb384725713b727fe63f440a8,data_manifests/deepmask_gpr_unified_samples_20260811.csv,20260811,existing fold_id P2-style split when available; group fallback otherwise
deepmask_gpr,existing_fold_p2,deepmask_gpr::intact::18,intact,intact::18,train,63f0ed7ecd46f026becdf1ea6bb829c2f4439451eeb8395ebe3f0c0252e4f9e3,data_manifests/deepmask_gpr_unified_samples_20260811.csv,20260811,existing fold_id P2-style split when available; group fallback otherwise
deepmask_gpr,existing_fold_p2,deepmask_gpr::intact::19 (2),intact,intact::19 (2),train,5b2693a4dddee16810c30ba553a00366f8649416c88d6d409d9aec4bef1ddb48,data_manifests/deepmask_gpr_unified_samples_20260811.csv,20260811,existing fold_id P2-style split when available; group fallback otherwise
deepmask_gpr,existing_fold_p2,deepmask_gpr::intact::19,intact,intact::19,train,9a78b9cfc5ecd3c6cab49dfa8205d506f71448266fbc7894451a5599b3db5efe,data_manifests/deepmask_gpr_unified_samples_20260811.csv,20260811,existing fold_id P2-style split when available; group fallback otherwise
deepmask_gpr,existing_fold_p2,deepmask_gpr::intact::2 (2),intact,intact::2 (2),train,b496a6f45591fd0c0e03db16ee18c2f5b56dbea386b29a235a8ac72b94ae69af,data_manifests/deepmask_gpr_unified_samples_20260811.csv,20260811,existing fold_id P2-style split when available; group fallback otherwise
deepmask_gpr,existing_fold_p2,deepmask_gpr::intact::2,intact,intact::2,train,6ad8bdb5ce397c952e0103eb129c8b03723a78f45b9755f0c01fc10996e78b4b,data_manifests/deepmask_gpr_unified_samples_20260811.csv,20260811,existing fold_id P2-style split when available; group fallback otherwise
deepmask_gpr,existing_fold_p2,deepmask_gpr::intact::20 (2),intact,intact::20 (2),train,327cea4a558a515046b9dd8db4899cc0ce53f8e8b0a4bf7077e7699b0c7544d5,data_manifests/deepmask_gpr_unified_samples_20260811.csv,20260811,existing fold_id P2-style split when available; group fallback otherwise
deepmask_gpr,existing_fold_p2,deepmask_gpr::intact::20,intact,intact::20,train,3893393ad5d1391b34bb6d1598f5aa85a83b198e86ed431dcd01fb214b9beb8c,data_manifests/deepmask_gpr_unified_samples_20260811.csv,20260811,existing fold_id P2-style split when available; group fallback otherwise
deepmask_gpr,existing_fold_p2,deepmask_gpr::intact::21 (2),intact,intact::21 (2),train,635b36f8b1fce07b579d40e3b32d8d527f94718a204fec6e36d0acdae06f6511,data_manifests/deepmask_gpr_unified_samples_20260811.csv,20260811,existing fold_id P2-style split when available; group fallback otherwise
deepmask_gpr,existing_fold_p2,deepmask_gpr::intact::21,intact,intact::21,train,9a0c0748665f91e14e00e2beb107bc81ae2392f93cd0779458ca1f2b50557a3f,data_manifests/deepmask_gpr_unified_samples_20260811.csv,20260811,existing fold_id P2-style split when available; group fallback otherwise
deepmask_gpr,existing_fold_p2,deepmask_gpr::intact::23 (2),intact,intact::23 (2),train,dad184a92ef1bc55591e36be2eb49d8d4c37504cd995a87877149c7ce927bbca,data_manifests/deepmask_gpr_unified_samples_20260811.csv,20260811,existing fold_id P2-style split when available; group fallback otherwise
deepmask_gpr,existing_fold_p2,deepmask_gpr::intact::23,intact,intact::23,test,456d41362cbb5cd18d186981e8e94edddf434cf650c5001bb40c8c63a986e68c,data_manifests/deepmask_gpr_unified_samples_20260811.csv,20260811,existing fold_id P2-style split when available; group fallback otherwise
deepmask_gpr,existing_fold_p2,deepmask_gpr::intact::25 (2),intact,intact::25 (2),test,3cee0c127f4c75d454f81c982fdd091c9b3479aec97d58719ef5213845d81306,data_manifests/deepmask_gpr_unified_samples_20260811.csv,20260811,existing fold_id P2-style split when available; group fallback otherwise
deepmask_gpr,existing_fold_p2,deepmask_gpr::intact::25,intact,intact::25,train,a6f4d8be495fdd28344c7255d586a73a509c76e572694a915705b7a12972b5aa,data_manifests/deepmask_gpr_unified_samples_20260811.csv,20260811,existing fold_id P2-style split when available; group fallback otherwise
deepmask_gpr,existing_fold_p2,deepmask_gpr::intact::26 (2),intact,intact::26 (2),train,8613d3cc93029f433c546c960007871a5967e26b476dc1aee482e862201f258a,data_manifests/deepmask_gpr_unified_samples_20260811.csv,20260811,existing fold_id P2-style split when available; group fallback otherwise
deepmask_gpr,existing_fold_p2,deepmask_gpr::intact::26,intact,intact::26,train,f92ce2af42ab6a506671cf8428ddfdcdfb97169b186dfbb5071a527a2bc1d430,data_manifests/deepmask_gpr_unified_samples_20260811.csv,20260811,existing fold_id P2-style split when available; group fallback otherwise
deepmask_gpr,existing_fold_p2,deepmask_gpr::intact::27 (2),intact,intact::27 (2),train,92d02bb8f8f771df58e2a7cb5b15a23e8f1d808753541b03377e5fbb4d392cd5,data_manifests/deepmask_gpr_unified_samples_20260811.csv,20260811,existing fold_id P2-style split when available; group fallback otherwise
deepmask_gpr,existing_fold_p2,deepmask_gpr::intact::27,intact,intact::27,train,bc7a03a26c7a11ed3120d86192fb379292b59295455b11e8b0486b589c5b4eba,data_manifests/deepmask_gpr_unified_samples_20260811.csv,20260811,existing fold_id P2-style split when available; group fallback otherwise
deepmask_gpr,existing_fold_p2,deepmask_gpr::intact::28 (2),intact,intact::28 (2),train,443b74fe4fd49082209712723ce0c2601893df65035fce7a848329d07bba3287,data_manifests/deepmask_gpr_unified_samples_20260811.csv,20260811,existing fold_id P2-style split when available; group fallback otherwise
deepmask_gpr,existing_fold_p2,deepmask_gpr::intact::28,intact,intact::28,train,158ebf208db17e8b459f7ffb81f9ee5fc6df357bd7c057c9a41957eaf009b6ba,data_manifests/deepmask_gpr_unified_samples_20260811.csv,20260811,existing fold_id P2-style split when available; group fallback otherwise
deepmask_gpr,existing_fold_p2,deepmask_gpr::intact::3 (2),intact,intact::3 (2),train,5dba13ee3de99ab868ca202656fdd72f1c5d15db4eecbced1855521b36bb5010,data_manifests/deepmask_gpr_unified_samples_20260811.csv,20260811,existing fold_id P2-style split when available; group fallback otherwise
deepmask_gpr,existing_fold_p2,deepmask_gpr::intact::3,intact,intact::3,train,c8a62705be8651e132af614cff21d864b82a0a7e59ee4e00aad4c7eb5d4efe5f,data_manifests/deepmask_gpr_unified_samples_20260811.csv,20260811,existing fold_id P2-style split when available; group fallback otherwise
deepmask_gpr,existing_fold_p2,deepmask_gpr::intact::31 (2),intact,intact::31 (2),train,560d910b4a99d818cb54498b65a059b9794517187a96dd0a45289c064c931273,data_manifests/deepmask_gpr_unified_samples_20260811.csv,20260811,existing fold_id P2-style split when available; group fallback otherwise
deepmask_gpr,existing_fold_p2,deepmask_gpr::intact::31,intact,intact::31,train,85c1ed233cac2093201063a881fe387b0fe965ad04b2afca2c5d0593ec9c360a,data_manifests/deepmask_gpr_unified_samples_20260811.csv,20260811,existing fold_id P2-style split when available; group fallback otherwise
deepmask_gpr,existing_fold_p2,deepmask_gpr::intact::32 (2),intact,intact::32 (2),train,df71191665d0eddae19d07a23d34e4e2bd32ce7cc1da97340d5640a539ea6321,data_manifests/deepmask_gpr_unified_samples_20260811.csv,20260811,existing fold_id P2-style split when available; group fallback otherwise
deepmask_gpr,existing_fold_p2,deepmask_gpr::intact::32,intact,intact::32,train,3b863eb5de1550f6d8db589028f203324796ed11974f3f9eaf2585d749599745,data_manifests/deepmask_gpr_unified_samples_20260811.csv,20260811,existing fold_id P2-style split when available; group fallback otherwise
deepmask_gpr,existing_fold_p2,deepmask_gpr::intact::36 (2),intact,intact::36 (2),train,c654425e05e48c85fafd1fcbc9a1aa058d129e2a9e1d272454e742cc7e799c9f,data_manifests/deepmask_gpr_unified_samples_20260811.csv,20260811,existing fold_id P2-style split when available; group fallback otherwise
deepmask_gpr,existing_fold_p2,deepmask_gpr::intact::36,intact,intact::36,test,cf47c87d61eecb080e2be08ef8ac07f2a10f5f7c4f7c7b8c38347118436b9431,data_manifests/deepmask_gpr_unified_samples_20260811.csv,20260811,existing fold_id P2-style split when available; group fallback otherwise
deepmask_gpr,existing_fold_p2,deepmask_gpr::intact::37,intact,intact::37,val,2f0195b316d3751d8efa41cfdaa8c354a63a91d44a523419cf50da58e3b6a81b,data_manifests/deepmask_gpr_unified_samples_20260811.csv,20260811,existing fold_id P2-style split when available; group fallback otherwise
deepmask_gpr,existing_fold_p2,deepmask_gpr::intact::38 (2),intact,intact::38 (2),train,11a2f41dc79eb0a25ac738fb3e56da83b7118df84c0e18a86011eee092b90310,data_manifests/deepmask_gpr_unified_samples_20260811.csv,20260811,existing fold_id P2-style split when available; group fallback otherwise
deepmask_gpr,existing_fold_p2,deepmask_gpr::intact::38,intact,intact::38,train,6316fc59d40979196e17cedefea838225520323329910a4c95fbc5af920a6026,data_manifests/deepmask_gpr_unified_samples_20260811.csv,20260811,existing fold_id P2-style split when available; group fallback otherwise
deepmask_gpr,existing_fold_p2,deepmask_gpr::intact::39 (2),intact,intact::39 (2),val,5bdcabbf8752eacc8b662f95a58dd8935b8e1e0cbae506aeba6077c7d5455d31,data_manifests/deepmask_gpr_unified_samples_20260811.csv,20260811,existing fold_id P2-style split when available; group fallback otherwise
deepmask_gpr,existing_fold_p2,deepmask_gpr::intact::39,intact,intact::39,train,c3d305954f621e37c6dbd1573c2deb0444aa51304402ba0d604823a598debacb,data_manifests/deepmask_gpr_unified_samples_20260811.csv,20260811,existing fold_id P2-style split when available; group fallback otherwise
deepmask_gpr,existing_fold_p2,deepmask_gpr::intact::4 (2),intact,intact::4 (2),train,beda031bfac9c33a7a902f80fdc93f06ae368cb8eeac82b89ccc20562967bb49,data_manifests/deepmask_gpr_unified_samples_20260811.csv,20260811,existing fold_id P2-style split when available; group fallback otherwise
deepmask_gpr,existing_fold_p2,deepmask_gpr::intact::4,intact,intact::4,train,fcf38cffa5b8169edfdc16859632fb19b99b973f80d64854abf4a4c8805af486,data_manifests/deepmask_gpr_unified_samples_20260811.csv,20260811,existing fold_id P2-style split when available; group fallback otherwise
deepmask_gpr,existing_fold_p2,deepmask_gpr::intact::40 (2),intact,intact::40 (2),train,39521d2593c7d53f92a78c64a7e16c4aa1b7ab0180b79dc586a7fae0ed782675,data_manifests/deepmask_gpr_unified_samples_20260811.csv,20260811,existing fold_id P2-style split when available; group fallback otherwise
deepmask_gpr,existing_fold_p2,deepmask_gpr::intact::40,intact,intact::40,train,ae12bf0e6d388a3412e19bc0235a7372377abec28a9e2c6fed9799c579ceff28,data_manifests/deepmask_gpr_unified_samples_20260811.csv,20260811,existing fold_id P2-style split when available; group fallback otherwise
deepmask_gpr,existing_fold_p2,deepmask_gpr::intact::41 (2),intact,intact::41 (2),train,635c2066dd2ad44235bb6a7d2e892aa9738360da6c9d18fa04a03c3e2c8b2f58,data_manifests/deepmask_gpr_unified_samples_20260811.csv,20260811,existing fold_id P2-style split when available; group fallback otherwise
deepmask_gpr,existing_fold_p2,deepmask_gpr::intact::41,intact,intact::41,val,ed701770a3c59ce059210ecc2bd6d43fc76ae70ba2ffe2ff043b6c896d217474,data_manifests/deepmask_gpr_unified_samples_20260811.csv,20260811,existing fold_id P2-style split when available; group fallback otherwise
deepmask_gpr,existing_fold_p2,deepmask_gpr::intact::42 (2),intact,intact::42 (2),train,361db912a75697a45e1f8b26874ec1bcf9b3e1670fa8a00f13a0f8e08af5d9c3,data_manifests/deepmask_gpr_unified_samples_20260811.csv,20260811,existing fold_id P2-style split when available; group fallback otherwise
deepmask_gpr,existing_fold_p2,deepmask_gpr::intact::42,intact,intact::42,train,a3290d492a11a78c6c95d52eb5eb9fec1a67655b1160ea6bf91cdb9aeb3a694f,data_manifests/deepmask_gpr_unified_samples_20260811.csv,20260811,existing fold_id P2-style split when available; group fallback otherwise
deepmask_gpr,existing_fold_p2,deepmask_gpr::intact::43 (2),intact,intact::43 (2),test,d5c54016b7d5f72276e18d34bdef7f558dce4cd0f889f238ce5e34c07b362263,data_manifests/deepmask_gpr_unified_samples_20260811.csv,20260811,existing fold_id P2-style split when available; group fallback otherwise
deepmask_gpr,existing_fold_p2,deepmask_gpr::intact::43,intact,intact::43,train,72ebc66e6f72d965a8f5835feaec391d99b32a9e2f4fcc49c0883290e69e2ab1,data_manifests/deepmask_gpr_unified_samples_20260811.csv,20260811,existing fold_id P2-style split when available; group fallback otherwise
deepmask_gpr,existing_fold_p2,deepmask_gpr::intact::44 (2),intact,intact::44 (2),train,ad5e677e83e287bec1caaa9e52d7474a99281690744c0a40883be3bfbde589fd,data_manifests/deepmask_gpr_unified_samples_20260811.csv,20260811,existing fold_id P2-style split when available; group fallback otherwise
deepmask_gpr,existing_fold_p2,deepmask_gpr::intact::44,intact,intact::44,val,4c8de037aa9e2a1ac6b8d5ea101fca2eeccf532a461dac2beb909d53641a0fae,data_manifests/deepmask_gpr_unified_samples_20260811.csv,20260811,existing fold_id P2-style split when available; group fallback otherwise
deepmask_gpr,existing_fold_p2,deepmask_gpr::intact::45 (2),intact,intact::45 (2),test,61cd487660e6cb66f4669c8c71e4000c7b326408d9e30683e65371bfc77fe470,data_manifests/deepmask_gpr_unified_samples_20260811.csv,20260811,existing fold_id P2-style split when available; group fallback otherwise
deepmask_gpr,existing_fold_p2,deepmask_gpr::intact::45,intact,intact::45,test,ec9de650f36a941aa3cded34ef0ff20df8c5b5c6ad3a48d8a2118f359597591a,data_manifests/deepmask_gpr_unified_samples_20260811.csv,20260811,existing fold_id P2-style split when available; group fallback otherwise
deepmask_gpr,existing_fold_p2,deepmask_gpr::intact::5 (2),intact,intact::5 (2),train,78454df9080b2933eaf815a13cfe355ae87a9a66d8d34744942f80b35fa7b145,data_manifests/deepmask_gpr_unified_samples_20260811.csv,20260811,existing fold_id P2-style split when available; group fallback otherwise
deepmask_gpr,existing_fold_p2,deepmask_gpr::intact::5,intact,intact::5,test,dbd9bca01eb780b1249602e186d90f60cc339a499845e4c858915dcdcae87247,data_manifests/deepmask_gpr_unified_samples_20260811.csv,20260811,existing fold_id P2-style split when available; group fallback otherwise
deepmask_gpr,existing_fold_p2,deepmask_gpr::intact::6 (2),intact,intact::6 (2),train,046f961c927721621e2412b1d2d9291bfe3112029d63d3732f94acf729f69574,data_manifests/deepmask_gpr_unified_samples_20260811.csv,20260811,existing fold_id P2-style split when available; group fallback otherwise
deepmask_gpr,existing_fold_p2,deepmask_gpr::intact::6,intact,intact::6,test,902600ddf5c4ff03cb5d0e02426cb5ae1e5ba8cf6db33d39423f33069faceefe,data_manifests/deepmask_gpr_unified_samples_20260811.csv,20260811,existing fold_id P2-style split when available; group fallback otherwise
deepmask_gpr,existing_fold_p2,deepmask_gpr::intact::7 (2),intact,intact::7 (2),train,d55e3f7dd1d33ca764365d90d7aeb4fbf9cfafc8495ca025dea5197eadce156b,data_manifests/deepmask_gpr_unified_samples_20260811.csv,20260811,existing fold_id P2-style split when available; group fallback otherwise
deepmask_gpr,existing_fold_p2,deepmask_gpr::intact::7,intact,intact::7,test,75eccb18a305cac85a8e31d62a6fe064c3a8c788b72bff59a7e79bfe377782c3,data_manifests/deepmask_gpr_unified_samples_20260811.csv,20260811,existing fold_id P2-style split when available; group fallback otherwise
deepmask_gpr,existing_fold_p2,deepmask_gpr::intact::8 (2),intact,intact::8 (2),test,0c7b8eee18fd3c3c12478a0a27e723793f560d62863b26d6935fedc871d77aec,data_manifests/deepmask_gpr_unified_samples_20260811.csv,20260811,existing fold_id P2-style split when available; group fallback otherwise
deepmask_gpr,existing_fold_p2,deepmask_gpr::intact::8,intact,intact::8,train,3c122db4dc90a8ace73b5a564d497550641524f16ad196011b627d9543a4ff5c,data_manifests/deepmask_gpr_unified_samples_20260811.csv,20260811,existing fold_id P2-style split when available; group fallback otherwise
deepmask_gpr,existing_fold_p2,deepmask_gpr::intact::9 (2),intact,intact::9 (2),train,04b30e015cf1bb73abec7abb1407054627781431a0748a54917882742c3ec69a,data_manifests/deepmask_gpr_unified_samples_20260811.csv,20260811,existing fold_id P2-style split when available; group fallback otherwise
deepmask_gpr,existing_fold_p2,deepmask_gpr::intact::9,intact,intact::9,val,9d4cf33e8291517ddaca0f590e8c739e69c978c7a35e20d90a90719c317a0051,data_manifests/deepmask_gpr_unified_samples_20260811.csv,20260811,existing fold_id P2-style split when available; group fallback otherwise
deepmask_gpr,existing_fold_p2,deepmask_gpr::augmented_intact::1 (2)_aug_1,intact,intact::1 (2),test,d3c1e8ba1a1334749cd77f9f0d2870f96fb004a16048a98a67e1e37b382c4dd1,data_manifests/deepmask_gpr_unified_samples_20260811.csv,20260811,existing fold_id P2-style split when available; group fallback otherwise
deepmask_gpr,existing_fold_p2,deepmask_gpr::augmented_intact::1 (2)_aug_10,intact,intact::1 (2),test,04eef704928576fdc26bda1fd5eb8882b8eb69f0f814f0ff3c655ca95beabf71,data_manifests/deepmask_gpr_unified_samples_20260811.csv,20260811,existing fold_id P2-style split when available; group fallback otherwise
deepmask_gpr,existing_fold_p2,deepmask_gpr::augmented_intact::1 (2)_aug_11,intact,intact::1 (2),test,808fd741a2145dc3c9310cfd6d328e82d6d04f2b4c02e1452064814ddcb71eb5,data_manifests/deepmask_gpr_unified_samples_20260811.csv,20260811,existing fold_id P2-style split when available; group fallback otherwise
deepmask_gpr,existing_fold_p2,deepmask_gpr::augmented_intact::1 (2)_aug_12,intact,intact::1 (2),test,b781db0821cfae6b3f55387b0cfa0cccb0e77d674461e4896ccd4d1bf18ffe24,data_manifests/deepmask_gpr_unified_samples_20260811.csv,20260811,existing fold_id P2-style split when available; group fallback otherwise
deepmask_gpr,existing_fold_p2,deepmask_gpr::augmented_intact::1 (2)_aug_2,intact,intact::1 (2),test,b90c864dced8b309f4a8c14662c06291d4e1a0a480ce6cb614444aaf4b9bdf0b,data_manifests/deepmask_gpr_unified_samples_20260811.csv,20260811,existing fold_id P2-style split when available; group fallback otherwise
deepmask_gpr,existing_fold_p2,deepmask_gpr::augmented_intact::1 (2)_aug_3,intact,intact::1 (2),test,b646ec34d4932bf6b47ac2e8410845cf9f34e4f55105e24b2caced3f4b0a6837,data_manifests/deepmask_gpr_unified_samples_20260811.csv,20260811,existing fold_id P2-style split when available; group fallback otherwise
deepmask_gpr,existing_fold_p2,deepmask_gpr::augmented_intact::1 (2)_aug_4,intact,intact::1 (2),test,4f72ad8defccbef157c1867ba07af4df335c6286e53d447203289b676528b1ac,data_manifests/deepmask_gpr_unified_samples_20260811.csv,20260811,existing fold_id P2-style split when available; group fallback otherwise
deepmask_gpr,existing_fold_p2,deepmask_gpr::augmented_intact::1 (2)_aug_5,intact,intact::1 (2),test,b5f1c71459cb4194157f7c9d3e5394a3c0b3c1e5d39adee809bc8af4bcadec05,data_manifests/deepmask_gpr_unified_samples_20260811.csv,20260811,existing fold_id P2-style split when available; group fallback otherwise
deepmask_gpr,existing_fold_p2,deepmask_gpr::augmented_intact::1 (2)_aug_6,intact,intact::1 (2),test,20cab4785556513c0d693dfd223da31c4148ab725f6fcf6905f87f7cf22d5dff,data_manifests/deepmask_gpr_unified_samples_20260811.csv,20260811,existing fold_id P2-style split when available; group fallback otherwise
deepmask_gpr,existing_fold_p2,deepmask_gpr::augmented_intact::1 (2)_aug_7,intact,intact::1 (2),test,3e61287fc5d942aea385b40937d89db2245f3f7249bd14bf22a30db4f3d1fd56,data_manifests/deepmask_gpr_unified_samples_20260811.csv,20260811,existing fold_id P2-style split when available; group fallback otherwise
deepmask_gpr,existing_fold_p2,deepmask_gpr::augmented_intact::1 (2)_aug_8,intact,intact::1 (2),test,5e199e2e763efed92db5603f13c67ee57573e80a9805bcfee4dc88fc3f43e76c,data_manifests/deepmask_gpr_unified_samples_20260811.csv,20260811,existing fold_id P2-style split when available; group fallback otherwise
deepmask_gpr,existing_fold_p2,deepmask_gpr::augmented_intact::1 (2)_aug_9,intact,intact::1 (2),test,abed6045762de132625d5b0d87bfefbca20b10bc2ca6ca6f74573c83b3a3d56f,data_manifests/deepmask_gpr_unified_samples_20260811.csv,20260811,existing fold_id P2-style split when available; group fallback otherwise
deepmask_gpr,existing_fold_p2,deepmask_gpr::augmented_intact::10 (2)_aug_1,intact,intact::10 (2),train,a7ee7048f9cd5e6bfec9e49f0eaf68a8ff0dd47b62c7bd2a50e047a2b94781c9,data_manifests/deepmask_gpr_unified_samples_20260811.csv,20260811,existing fold_id P2-style split when available; group fallback otherwise
deepmask_gpr,existing_fold_p2,deepmask_gpr::augmented_intact::10 (2)_aug_10,intact,intact::10 (2),train,2994d1b0711b97f55a4512f1fe7bc7240f57bd131c77089d613b2d0d4060049d,data_manifests/deepmask_gpr_unified_samples_20260811.csv,20260811,existing fold_id P2-style split when available; group fallback otherwise
deepmask_gpr,existing_fold_p2,deepmask_gpr::augmented_intact::10 (2)_aug_11,intact,intact::10 (2),train,e1cc865c61d98e644e55ff9a267f1f62cbcd29e86f70d2549f282352c734fc73,data_manifests/deepmask_gpr_unified_samples_20260811.csv,20260811,existing fold_id P2-style split when available; group fallback otherwise
deepmask_gpr,existing_fold_p2,deepmask_gpr::augmented_intact::10 (2)_aug_12,intact,intact::10 (2),train,e75461988470c5a97da385d0f6f68ac4dd7ef91382b89bad2adf84e42189919e,data_manifests/deepmask_gpr_unified_samples_20260811.csv,20260811,existing fold_id P2-style split when available; group fallback otherwise
deepmask_gpr,existing_fold_p2,deepmask_gpr::augmented_intact::10 (2)_aug_2,intact,intact::10 (2),train,decae4ad9ff6cc8bbf275ac55b260c9780c89bb08e015b372259a2cad4f3a321,data_manifests/deepmask_gpr_unified_samples_20260811.csv,20260811,existing fold_id P2-style split when available; group fallback otherwise
deepmask_gpr,existing_fold_p2,deepmask_gpr::augmented_intact::10 (2)_aug_3,intact,intact::10 (2),train,e6b7e660663913d3d723b0b14cb9f147f60a188fc83526200fd62a3dbb8b9ee9,data_manifests/deepmask_gpr_unified_samples_20260811.csv,20260811,existing fold_id P2-style split when available; group fallback otherwise
deepmask_gpr,existing_fold_p2,deepmask_gpr::augmented_intact::10 (2)_aug_4,intact,intact::10 (2),train,0172b8881accd501cde9f84cc3e838bcc11dba5764fbff084d9e42ca0dc3114d,data_manifests/deepmask_gpr_unified_samples_20260811.csv,20260811,existing fold_id P2-style split when available; group fallback otherwise
deepmask_gpr,existing_fold_p2,deepmask_gpr::augmented_intact::10 (2)_aug_5,intact,intact::10 (2),train,854d9925ce64aa56c652c9297e5cbfb5470fa426a649b72c48fe014f2a62a44d,data_manifests/deepmask_gpr_unified_samples_20260811.csv,20260811,existing fold_id P2-style split when available; group fallback otherwise
deepmask_gpr,existing_fold_p2,deepmask_gpr::augmented_intact::10 (2)_aug_6,intact,intact::10 (2),train,0f629eae066e342d1f85728e4827de4a5e5151bdb78cb6df4618da5c50b5341a,data_manifests/deepmask_gpr_unified_samples_20260811.csv,20260811,existing fold_id P2-style split when available; group fallback otherwise
deepmask_gpr,existing_fold_p2,deepmask_gpr::augmented_intact::10 (2)_aug_7,intact,intact::10 (2),train,60954cabc36cac9ebf0e6aa2a3762f86dcfa9beeadb73636b9376136b87292ed,data_manifests/deepmask_gpr_unified_samples_20260811.csv,20260811,existing fold_id P2-style split when available; group fallback otherwise
deepmask_gpr,existing_fold_p2,deepmask_gpr::augmented_intact::10 (2)_aug_8,intact,intact::10 (2),train,acd8b1e9b1d189bf408fc49fadf91dd81a9286c6910e8d7ec5a0943f47d04e26,data_manifests/deepmask_gpr_unified_samples_20260811.csv,20260811,existing fold_id P2-style split when available; group fallback otherwise
deepmask_gpr,existing_fold_p2,deepmask_gpr::augmented_intact::10 (2)_aug_9,intact,intact::10 (2),train,4bb17cc1604b78f0653d7da6415369159dea51360b867fbef0c4a96a9bdc85a3,data_manifests/deepmask_gpr_unified_samples_20260811.csv,20260811,existing fold_id P2-style split when available; group fallback otherwise
deepmask_gpr,existing_fold_p2,deepmask_gpr::augmented_intact::10_aug_1,intact,intact::10,train,e2811ddcc065a47675bb5b5cb7e43b6a7c568d6a7af676cbab48baf2c2dc4954,data_manifests/deepmask_gpr_unified_samples_20260811.csv,20260811,existing fold_id P2-style split when available; group fallback otherwise
deepmask_gpr,existing_fold_p2,deepmask_gpr::augmented_intact::10_aug_10,intact,intact::10,train,2bfa9e3b6ff84aae88f070b86d15443ce1c42a9b885d602484bdc9bf661d8c65,data_manifests/deepmask_gpr_unified_samples_20260811.csv,20260811,existing fold_id P2-style split when available; group fallback otherwise
deepmask_gpr,existing_fold_p2,deepmask_gpr::augmented_intact::10_aug_11,intact,intact::10,train,48122949575ba120045b0c2945ef5d989e20d24199178ee30eac0c331991e5d6,data_manifests/deepmask_gpr_unified_samples_20260811.csv,20260811,existing fold_id P2-style split when available; group fallback otherwise
deepmask_gpr,existing_fold_p2,deepmask_gpr::augmented_intact::10_aug_12,intact,intact::10,train,7c2f551d079be60a6d8aa837874631e5b6a5bab7ce740bb4d33b2e1a6535b38d,data_manifests/deepmask_gpr_unified_samples_20260811.csv,20260811,existing fold_id P2-style split when available; group fallback otherwise
deepmask_gpr,existing_fold_p2,deepmask_gpr::augmented_intact::10_aug_2,intact,intact::10,train,9c736709de005e0a641abd24f0663ab686492169a7fcc251f481a5095c4b11d9,data_manifests/deepmask_gpr_unified_samples_20260811.csv,20260811,existing fold_id P2-style split when available; group fallback otherwise
deepmask_gpr,existing_fold_p2,deepmask_gpr::augmented_intact::10_aug_3,intact,intact::10,train,9c4ade074f89e359a4f3eef2b17f11828ca5e432fea775e007d8518ee9adfc09,data_manifests/deepmask_gpr_unified_samples_20260811.csv,20260811,existing fold_id P2-style split when available; group fallback otherwise
deepmask_gpr,existing_fold_p2,deepmask_gpr::augmented_intact::10_aug_4,intact,intact::10,train,95799de12ffb94983931ec64a2a6292fc32b988559d59bd8864ba77428f86b59,data_manifests/deepmask_gpr_unified_samples_20260811.csv,20260811,existing fold_id P2-style split when available; group fallback otherwise
deepmask_gpr,existing_fold_p2,deepmask_gpr::augmented_intact::10_aug_5,intact,intact::10,train,f4b70cda99d528ac53b1e9db821ccb74ea959de655d313d18546a2dbb9d09ae9,data_manifests/deepmask_gpr_unified_samples_20260811.csv,20260811,existing fold_id P2-style split when available; group fallback otherwise
deepmask_gpr,existing_fold_p2,deepmask_gpr::augmented_intact::10_aug_6,intact,intact::10,train,6ac5d62205bf7ce48f620097fe9d92c3aabf1ba5ba037184c5c89114094fceda,data_manifests/deepmask_gpr_unified_samples_20260811.csv,20260811,existing fold_id P2-style split when available; group fallback otherwise
deepmask_gpr,existing_fold_p2,deepmask_gpr::augmented_intact::10_aug_7,intact,intact::10,train,b3b4a3efa12630238fac61e1bd736c504c5853102399325c70467210a8192209,data_manifests/deepmask_gpr_unified_samples_20260811.csv,20260811,existing fold_id P2-style split when available; group fallback otherwise
deepmask_gpr,existing_fold_p2,deepmask_gpr::augmented_intact::10_aug_8,intact,intact::10,train,cd33d30198b70f8dd3d77b087a2793518d834267628302faae01501797d64693,data_manifests/deepmask_gpr_unified_samples_20260811.csv,20260811,existing fold_id P2-style split when available; group fallback otherwise
deepmask_gpr,existing_fold_p2,deepmask_gpr::augmented_intact::10_aug_9,intact,intact::10,train,c11542741f390edacabeb7b37228aedc862e4422ddb3168065025a08f83a4de8,data_manifests/deepmask_gpr_unified_samples_20260811.csv,20260811,existing fold_id P2-style split when available; group fallback otherwise
deepmask_gpr,existing_fold_p2,deepmask_gpr::augmented_intact::11 (2)_aug_1,intact,intact::11 (2),train,f28de47e04731b0de92d6478088fcdbd3f4cb546438d586b016043758dbed474,data_manifests/deepmask_gpr_unified_samples_20260811.csv,20260811,existing fold_id P2-style split when available; group fallback otherwise
deepmask_gpr,existing_fold_p2,deepmask_gpr::augmented_intact::11 (2)_aug_10,intact,intact::11 (2),train,f0369616539612774e1f2c9fc0925f5c303207e98295717f1ce33923a951134b,data_manifests/deepmask_gpr_unified_samples_20260811.csv,20260811,existing fold_id P2-style split when available; group fallback otherwise
deepmask_gpr,existing_fold_p2,deepmask_gpr::augmented_intact::11 (2)_aug_11,intact,intact::11 (2),train,2e455f4f85e37f38eddffbf6cd3720119e6d9d7490e7db6026a5f6063ba9b60f,data_manifests/deepmask_gpr_unified_samples_20260811.csv,20260811,existing fold_id P2-style split when available; group fallback otherwise
deepmask_gpr,existing_fold_p2,deepmask_gpr::augmented_intact::11 (2)_aug_12,intact,intact::11 (2),train,35331b97263b24a7f8c4e69bf1ccc8593cbbaf1209821b1d847a5fa84360e83d,data_manifests/deepmask_gpr_unified_samples_20260811.csv,20260811,existing fold_id P2-style split when available; group fallback otherwise
deepmask_gpr,existing_fold_p2,deepmask_gpr::augmented_intact::11 (2)_aug_2,intact,intact::11 (2),train,1c83d927bb62407a10e98069b311dfb1ddccd8bfe5954ee53666894bfd2d6123,data_manifests/deepmask_gpr_unified_samples_20260811.csv,20260811,existing fold_id P2-style split when available; group fallback otherwise
deepmask_gpr,existing_fold_p2,deepmask_gpr::augmented_intact::11 (2)_aug_3,intact,intact::11 (2),train,bc95f746fc103fb7b8cec58e0851da0fa41010fe37a61086806b6b010221a549,data_manifests/deepmask_gpr_unified_samples_20260811.csv,20260811,existing fold_id P2-style split when available; group fallback otherwise
deepmask_gpr,existing_fold_p2,deepmask_gpr::augmented_intact::11 (2)_aug_4,intact,intact::11 (2),train,438a09070ee17a9a0d589f59485f5bcac133da2a76fc401e59d69c0103bd9346,data_manifests/deepmask_gpr_unified_samples_20260811.csv,20260811,existing fold_id P2-style split when available; group fallback otherwise
deepmask_gpr,existing_fold_p2,deepmask_gpr::augmented_intact::11 (2)_aug_5,intact,intact::11 (2),train,d3c8c47466751875c39c0c13ce64699d40071c104866a44620b37b8545ed8c89,data_manifests/deepmask_gpr_unified_samples_20260811.csv,20260811,existing fold_id P2-style split when available; group fallback otherwise
deepmask_gpr,existing_fold_p2,deepmask_gpr::augmented_intact::11 (2)_aug_6,intact,intact::11 (2),train,5218bce4e8f0645fbfebfd2a7dc41add633c43b2452bae009817ad440db713fe,data_manifests/deepmask_gpr_unified_samples_20260811.csv,20260811,existing fold_id P2-style split when available; group fallback otherwise
deepmask_gpr,existing_fold_p2,deepmask_gpr::augmented_intact::11 (2)_aug_7,intact,intact::11 (2),train,4e215e228f68e66a2eadaa37c51fbaaafe1c9a6d0ee6ac7718215f734373b6c3,data_manifests/deepmask_gpr_unified_samples_20260811.csv,20260811,existing fold_id P2-style split when available; group fallback otherwise
deepmask_gpr,existing_fold_p2,deepmask_gpr::augmented_intact::11 (2)_aug_8,intact,intact::11 (2),train,ead609cd1f24a169be89bbcaf93cb17e5bbc2fbc403397d1021ee6914b61d600,data_manifests/deepmask_gpr_unified_samples_20260811.csv,20260811,existing fold_id P2-style split when available; group fallback otherwise
deepmask_gpr,existing_fold_p2,deepmask_gpr::augmented_intact::11 (2)_aug_9,intact,intact::11 (2),train,c52e4272904bc8acc7b695c6ff6037d005994c0f2174f9c392211d0027a76360,data_manifests/deepmask_gpr_unified_samples_20260811.csv,20260811,existing fold_id P2-style split when available; group fallback otherwise
deepmask_gpr,existing_fold_p2,deepmask_gpr::augmented_intact::11_aug_1,intact,intact::11,val,d9ac1bc4e54a107d8cfdf40c86c988db946ae49173072d390fd71104be98c3bb,data_manifests/deepmask_gpr_unified_samples_20260811.csv,20260811,existing fold_id P2-style split when available; group fallback otherwise
deepmask_gpr,existing_fold_p2,deepmask_gpr::augmented_intact::11_aug_10,intact,intact::11,val,c39117b7ece4b86c9a4c06c5d3296f8d9d2d7f48d24b550ded7212b2bd0f6fe2,data_manifests/deepmask_gpr_unified_samples_20260811.csv,20260811,existing fold_id P2-style split when available; group fallback otherwise
deepmask_gpr,existing_fold_p2,deepmask_gpr::augmented_intact::11_aug_11,intact,intact::11,val,6eeac214f37836ed8b8d81f9f93dbb70a40ec90b39a56bf0564ec94ade1df5ce,data_manifests/deepmask_gpr_unified_samples_20260811.csv,20260811,existing fold_id P2-style split when available; group fallback otherwise
deepmask_gpr,existing_fold_p2,deepmask_gpr::augmented_intact::11_aug_12,intact,intact::11,val,65e396fbcfc578ece29d0ef773b1499e025efd47d86fb3f7d5e9bd4a1c37f450,data_manifests/deepmask_gpr_unified_samples_20260811.csv,20260811,existing fold_id P2-style split when available; group fallback otherwise
deepmask_gpr,existing_fold_p2,deepmask_gpr::augmented_intact::11_aug_2,intact,intact::11,val,203477ccc81032a278273981953fa541af4175c295cc0b9a1607841653ba4712,data_manifests/deepmask_gpr_unified_samples_20260811.csv,20260811,existing fold_id P2-style split when available; group fallback otherwise
deepmask_gpr,existing_fold_p2,deepmask_gpr::augmented_intact::11_aug_3,intact,intact::11,val,40553c45ef357c2e9df50fa171b2d568bfe3055c6c1e5d7c331c4cb066699259,data_manifests/deepmask_gpr_unified_samples_20260811.csv,20260811,existing fold_id P2-style split when available; group fallback otherwise
deepmask_gpr,existing_fold_p2,deepmask_gpr::augmented_intact::11_aug_4,intact,intact::11,val,d4dd7078e231b0a590bd95af6daa553cb74dafef12cf20dbc67f889685c71bac,data_manifests/deepmask_gpr_unified_samples_20260811.csv,20260811,existing fold_id P2-style split when available; group fallback otherwise
deepmask_gpr,existing_fold_p2,deepmask_gpr::augmented_intact::11_aug_5,intact,intact::11,val,08664dd607fb32dffe5d9504c1522964ea5e9fbcee1d6880de7ca938d3f0406a,data_manifests/deepmask_gpr_unified_samples_20260811.csv,20260811,existing fold_id P2-style split when available; group fallback otherwise
deepmask_gpr,existing_fold_p2,deepmask_gpr::augmented_intact::11_aug_6,intact,intact::11,val,4a453d51548fa1b53a22917d693255b9187f019d2a7002f4407cb1f803e7dc84,data_manifests/deepmask_gpr_unified_samples_20260811.csv,20260811,existing fold_id P2-style split when available; group fallback otherwise
deepmask_gpr,existing_fold_p2,deepmask_gpr::augmented_intact::11_aug_7,intact,intact::11,val,c8a601c538f57c20d15e22404e715543226e631ad417bd9d35fc59b64d66d6fa,data_manifests/deepmask_gpr_unified_samples_20260811.csv,20260811,existing fold_id P2-style split when available; group fallback otherwise
deepmask_gpr,existing_fold_p2,deepmask_gpr::augmented_intact::11_aug_8,intact,intact::11,val,e18b943d9659757ecf4ad4a1008470a6a0fffbaf344a946a8ee61ed0bc882f07,data_manifests/deepmask_gpr_unified_samples_20260811.csv,20260811,existing fold_id P2-style split when available; group fallback otherwise
deepmask_gpr,existing_fold_p2,deepmask_gpr::augmented_intact::11_aug_9,intact,intact::11,val,1fe691f89baf0f7f253e2c50b9528a4b13143e8ea18ff5e78d6e5ef51bfb6652,data_manifests/deepmask_gpr_unified_samples_20260811.csv,20260811,existing fold_id P2-style split when available; group fallback otherwise
deepmask_gpr,existing_fold_p2,deepmask_gpr::augmented_intact::12 (2)_aug_1,intact,intact::12 (2),train,3c451d7f655a4e98b38d679b5165834c57e97481bb7f30537e6b8e4e930581f2,data_manifests/deepmask_gpr_unified_samples_20260811.csv,20260811,existing fold_id P2-style split when available; group fallback otherwise
deepmask_gpr,existing_fold_p2,deepmask_gpr::augmented_intact::12 (2)_aug_10,intact,intact::12 (2),train,83f2de60b6f0141f625ad0ef51b1ee48c0a02259b37341e266ffb7f295e9618c,data_manifests/deepmask_gpr_unified_samples_20260811.csv,20260811,existing fold_id P2-style split when available; group fallback otherwise
deepmask_gpr,existing_fold_p2,deepmask_gpr::augmented_intact::12 (2)_aug_11,intact,intact::12 (2),train,f2f290232e5b91d2e6f9f12361a60c69b90e9f22d0214691a081f2cd3403b98a,data_manifests/deepmask_gpr_unified_samples_20260811.csv,20260811,existing fold_id P2-style split when available; group fallback otherwise
deepmask_gpr,existing_fold_p2,deepmask_gpr::augmented_intact::12 (2)_aug_12,intact,intact::12 (2),train,10e92dd71fe62daac83ee06ef10f62aa308eea1e42ff1f86e448cd0244f455a1,data_manifests/deepmask_gpr_unified_samples_20260811.csv,20260811,existing fold_id P2-style split when available; group fallback otherwise
deepmask_gpr,existing_fold_p2,deepmask_gpr::augmented_intact::12 (2)_aug_2,intact,intact::12 (2),train,5fb01213caa051b28cf8e4caad7ad23ba13b6aee2a391e14da8130439129ec8e,data_manifests/deepmask_gpr_unified_samples_20260811.csv,20260811,existing fold_id P2-style split when available; group fallback otherwise
deepmask_gpr,existing_fold_p2,deepmask_gpr::augmented_intact::12 (2)_aug_3,intact,intact::12 (2),train,b3ecebc41e1c4ac6b58dc88b56236d5f34fd5337ff884400a3046cc70e2e52ea,data_manifests/deepmask_gpr_unified_samples_20260811.csv,20260811,existing fold_id P2-style split when available; group fallback otherwise
deepmask_gpr,existing_fold_p2,deepmask_gpr::augmented_intact::12 (2)_aug_4,intact,intact::12 (2),train,a6676d873832d1a63cb0c1c445e520c293ca43c77d12ca91e8b6de601569bede,data_manifests/deepmask_gpr_unified_samples_20260811.csv,20260811,existing fold_id P2-style split when available; group fallback otherwise
deepmask_gpr,existing_fold_p2,deepmask_gpr::augmented_intact::12 (2)_aug_5,intact,intact::12 (2),train,588091b2dd3f9cb29587160fcb379c4d1055b3b90d7cb76b5a9f4b6c31d6708a,data_manifests/deepmask_gpr_unified_samples_20260811.csv,20260811,existing fold_id P2-style split when available; group fallback otherwise
deepmask_gpr,existing_fold_p2,deepmask_gpr::augmented_intact::12 (2)_aug_6,intact,intact::12 (2),train,43f541677b9974426d55dbbb9d4c3be77464d1a6baa9cb053be9b7152d3b04b1,data_manifests/deepmask_gpr_unified_samples_20260811.csv,20260811,existing fold_id P2-style split when available; group fallback otherwise
deepmask_gpr,existing_fold_p2,deepmask_gpr::augmented_intact::12 (2)_aug_7,intact,intact::12 (2),train,34f338ec24bd941213dfdd46648accaa5e0dc4d83caf67bbd941748ff246af9a,data_manifests/deepmask_gpr_unified_samples_20260811.csv,20260811,existing fold_id P2-style split when available; group fallback otherwise
deepmask_gpr,existing_fold_p2,deepmask_gpr::augmented_intact::12 (2)_aug_8,intact,intact::12 (2),train,c11a876b1d0d17ef143ff6bb743cc2fda0da4f4fd85c8027e7c7d0f7a46fcfad,data_manifests/deepmask_gpr_unified_samples_20260811.csv,20260811,existing fold_id P2-style split when available; group fallback otherwise
deepmask_gpr,existing_fold_p2,deepmask_gpr::augmented_intact::12 (2)_aug_9,intact,intact::12 (2),train,75e904db92b54a8070016e849a01588b4017949d378dc869f7561fb527d534b2,data_manifests/deepmask_gpr_unified_samples_20260811.csv,20260811,existing fold_id P2-style split when available; group fallback otherwise
deepmask_gpr,existing_fold_p2,deepmask_gpr::augmented_intact::12_aug_1,intact,intact::12,train,1f3f9aa952d1687ea97db5bf131b3b27573feb051e6938ab7f1a31087eaa0e76,data_manifests/deepmask_gpr_unified_samples_20260811.csv,20260811,existing fold_id P2-style split when available; group fallback otherwise
deepmask_gpr,existing_fold_p2,deepmask_gpr::augmented_intact::12_aug_10,intact,intact::12,train,a0ccc3deb8b2a6d13095aa6fdd3c835e1641159b5707395fa25105e25fe338b5,data_manifests/deepmask_gpr_unified_samples_20260811.csv,20260811,existing fold_id P2-style split when available; group fallback otherwise
deepmask_gpr,existing_fold_p2,deepmask_gpr::augmented_intact::12_aug_11,intact,intact::12,train,8c40d3bf48682a1e62760cb0794113b0eabfdb9ba7f6f912bf945a6b0134bbf9,data_manifests/deepmask_gpr_unified_samples_20260811.csv,20260811,existing fold_id P2-style split when available; group fallback otherwise
deepmask_gpr,existing_fold_p2,deepmask_gpr::augmented_intact::12_aug_12,intact,intact::12,train,25fe279dbb24419484b8645c368019dd0f8b5199a44daaa2cc3c7d37d78bb7ce,data_manifests/deepmask_gpr_unified_samples_20260811.csv,20260811,existing fold_id P2-style split when available; group fallback otherwise
deepmask_gpr,existing_fold_p2,deepmask_gpr::augmented_intact::12_aug_2,intact,intact::12,train,d997407a4b839c2e2717172d1199128153d67403ddf3dc09b353188f7c88b21f,data_manifests/deepmask_gpr_unified_samples_20260811.csv,20260811,existing fold_id P2-style split when available; group fallback otherwise
deepmask_gpr,existing_fold_p2,deepmask_gpr::augmented_intact::12_aug_3,intact,intact::12,train,3f2f3d32a3b7b2f750c2f7826b19763fb5a8d1dba69e2838ac0e0c54e4d951f9,data_manifests/deepmask_gpr_unified_samples_20260811.csv,20260811,existing fold_id P2-style split when available; group fallback otherwise
deepmask_gpr,existing_fold_p2,deepmask_gpr::augmented_intact::12_aug_4,intact,intact::12,train,cab1fdf843e59c5fd44caa467b2db7385b63d8c19f3e167f82fa902cd65303ff,data_manifests/deepmask_gpr_unified_samples_20260811.csv,20260811,existing fold_id P2-style split when available; group fallback otherwise
deepmask_gpr,existing_fold_p2,deepmask_gpr::augmented_intact::12_aug_5,intact,intact::12,train,b0b4a8e839123430ec8557c8f2a7948bb6c122ebffe8740f201ec5952f66e307,data_manifests/deepmask_gpr_unified_samples_20260811.csv,20260811,existing fold_id P2-style split when available; group fallback otherwise
deepmask_gpr,existing_fold_p2,deepmask_gpr::augmented_intact::12_aug_6,intact,intact::12,train,65760cd4903f9bb82a78f1732c8c6463ba6c4a241cf8db58a7178d620e8e69c9,data_manifests/deepmask_gpr_unified_samples_20260811.csv,20260811,existing fold_id P2-style split when available; group fallback otherwise
deepmask_gpr,existing_fold_p2,deepmask_gpr::augmented_intact::12_aug_7,intact,intact::12,train,815b94e4d82c79a9a8363c74aa0ed7ac853536467c6d4e81f6d96f0eaf5abdb7,data_manifests/deepmask_gpr_unified_samples_20260811.csv,20260811,existing fold_id P2-style split when available; group fallback otherwise
deepmask_gpr,existing_fold_p2,deepmask_gpr::augmented_intact::12_aug_8,intact,intact::12,train,bf33deee53b3199a15291ae07bd59c2b5a4a46199cb5d62851af7f94a6c61067,data_manifests/deepmask_gpr_unified_samples_20260811.csv,20260811,existing fold_id P2-style split when available; group fallback otherwise
deepmask_gpr,existing_fold_p2,deepmask_gpr::augmented_intact::12_aug_9,intact,intact::12,train,ac6cd8f6ca1956801f883d20c8f44fc16813f058945b0c634abd9599887ac190,data_manifests/deepmask_gpr_unified_samples_20260811.csv,20260811,existing fold_id P2-style split when available; group fallback otherwise
deepmask_gpr,existing_fold_p2,deepmask_gpr::augmented_intact::13 (2)_aug_1,intact,intact::13 (2),train,c14a972f68fe2c73e63fb9d24448343404a7b9c4b886953eb1159a7923672e11,data_manifests/deepmask_gpr_unified_samples_20260811.csv,20260811,existing fold_id P2-style split when available; group fallback otherwise
deepmask_gpr,existing_fold_p2,deepmask_gpr::augmented_intact::13 (2)_aug_10,intact,intact::13 (2),train,96f98ca0d1bd7f032e9e9a8a40fbd738e416b741603a65bac60085c5e03fe715,data_manifests/deepmask_gpr_unified_samples_20260811.csv,20260811,existing fold_id P2-style split when available; group fallback otherwise
deepmask_gpr,existing_fold_p2,deepmask_gpr::augmented_intact::13 (2)_aug_11,intact,intact::13 (2),train,971b49feec5100a2017d4845946c7efd7621615a498a900c10dc672d8e1903dc,data_manifests/deepmask_gpr_unified_samples_20260811.csv,20260811,existing fold_id P2-style split when available; group fallback otherwise
deepmask_gpr,existing_fold_p2,deepmask_gpr::augmented_intact::13 (2)_aug_12,intact,intact::13 (2),train,57efb594e21990aeea9d90e30fb3f012d4de3068c0dc0c6d6523a06da977b52f,data_manifests/deepmask_gpr_unified_samples_20260811.csv,20260811,existing fold_id P2-style split when available; group fallback otherwise
deepmask_gpr,existing_fold_p2,deepmask_gpr::augmented_intact::13 (2)_aug_2,intact,intact::13 (2),train,d055ef17eee818a9cd383fe6c50e5e0dc29bcb00b52b6289840da8e3365c3751,data_manifests/deepmask_gpr_unified_samples_20260811.csv,20260811,existing fold_id P2-style split when available; group fallback otherwise
deepmask_gpr,existing_fold_p2,deepmask_gpr::augmented_intact::13 (2)_aug_3,intact,intact::13 (2),train,a59064fb39e4b73e24e16237d57097c10373f21311de4c353122405eee560fe8,data_manifests/deepmask_gpr_unified_samples_20260811.csv,20260811,existing fold_id P2-style split when available; group fallback otherwise
deepmask_gpr,existing_fold_p2,deepmask_gpr::augmented_intact::13 (2)_aug_4,intact,intact::13 (2),train,65c81d399bdb8ac82f19ab98e556ca7d948b2f4d0c7db413cc352f950aa91913,data_manifests/deepmask_gpr_unified_samples_20260811.csv,20260811,existing fold_id P2-style split when available; group fallback otherwise
deepmask_gpr,existing_fold_p2,deepmask_gpr::augmented_intact::13 (2)_aug_5,intact,intact::13 (2),train,98d3ba5bb9135e0d75dd191f0f1e3c57271cc7504a0eec8fc8213057e0a50c51,data_manifests/deepmask_gpr_unified_samples_20260811.csv,20260811,existing fold_id P2-style split when available; group fallback otherwise
deepmask_gpr,existing_fold_p2,deepmask_gpr::augmented_intact::13 (2)_aug_6,intact,intact::13 (2),train,e5e9befd04031da34cd54fa1ca7f8d1b3dc7d4dfe8947f1043f91a9cdcbf5e09,data_manifests/deepmask_gpr_unified_samples_20260811.csv,20260811,existing fold_id P2-style split when available; group fallback otherwise
deepmask_gpr,existing_fold_p2,deepmask_gpr::augmented_intact::13 (2)_aug_7,intact,intact::13 (2),train,f04fdedac78c1a0ae65e0e5e2e87c67176e5e55f28797e065819b08d78f4f03a,data_manifests/deepmask_gpr_unified_samples_20260811.csv,20260811,existing fold_id P2-style split when available; group fallback otherwise
deepmask_gpr,existing_fold_p2,deepmask_gpr::augmented_intact::13 (2)_aug_8,intact,intact::13 (2),train,caeebcfdaf842d56e51b7e1fe7061e3ec5806b4392791a9be6f6fe9d4aa7ceeb,data_manifests/deepmask_gpr_unified_samples_20260811.csv,20260811,existing fold_id P2-style split when available; group fallback otherwise
deepmask_gpr,existing_fold_p2,deepmask_gpr::augmented_intact::13 (2)_aug_9,intact,intact::13 (2),train,c9f7bd22edb38520636b9b54c3cb522cdac87260ed449c2dc0abaf97617b97bf,data_manifests/deepmask_gpr_unified_samples_20260811.csv,20260811,existing fold_id P2-style split when available; group fallback otherwise
deepmask_gpr,existing_fold_p2,deepmask_gpr::augmented_intact::13_aug_1,intact,intact::13,test,277e0e2b1bf08757638d52049b00d5a79736b9df30bd615fee6100eb135c814f,data_manifests/deepmask_gpr_unified_samples_20260811.csv,20260811,existing fold_id P2-style split when available; group fallback otherwise
deepmask_gpr,existing_fold_p2,deepmask_gpr::augmented_intact::13_aug_10,intact,intact::13,test,782ef1d0506d1ce82d2a12e8b6caccdf4f09d34f20db65e2bb646b825a5f21be,data_manifests/deepmask_gpr_unified_samples_20260811.csv,20260811,existing fold_id P2-style split when available; group fallback otherwise
deepmask_gpr,existing_fold_p2,deepmask_gpr::augmented_intact::13_aug_11,intact,intact::13,test,dc843d6d0618003e1fafbcd998ef9546943c9ef7e488dd2a5b5dace6a116e687,data_manifests/deepmask_gpr_unified_samples_20260811.csv,20260811,existing fold_id P2-style split when available; group fallback otherwise
deepmask_gpr,existing_fold_p2,deepmask_gpr::augmented_intact::13_aug_12,intact,intact::13,test,0521c464dadb87df82acee1eda0beb60b100c491aed2b7c00dfec7b6da6e411a,data_manifests/deepmask_gpr_unified_samples_20260811.csv,20260811,existing fold_id P2-style split when available; group fallback otherwise
deepmask_gpr,existing_fold_p2,deepmask_gpr::augmented_intact::13_aug_2,intact,intact::13,test,c210497def1139a72cc44a30defc0722979b39ef29b2888746a26a00966bed92,data_manifests/deepmask_gpr_unified_samples_20260811.csv,20260811,existing fold_id P2-style split when available; group fallback otherwise
deepmask_gpr,existing_fold_p2,deepmask_gpr::augmented_intact::13_aug_3,intact,intact::13,test,8060fa07bcc849e444f7d02bcc4062b9a87777beaf1600a4145600d175cee352,data_manifests/deepmask_gpr_unified_samples_20260811.csv,20260811,existing fold_id P2-style split when available; group fallback otherwise
deepmask_gpr,existing_fold_p2,deepmask_gpr::augmented_intact::13_aug_4,intact,intact::13,test,a04e36c2e6ef78b335d518a7c666365de20b78ccd65c974d6a0004eba4d544c2,data_manifests/deepmask_gpr_unified_samples_20260811.csv,20260811,existing fold_id P2-style split when available; group fallback otherwise
deepmask_gpr,existing_fold_p2,deepmask_gpr::augmented_intact::13_aug_5,intact,intact::13,test,f41717a1e4a2e489edd79808471e714ea341c32115d00d47a8cd565792829a91,data_manifests/deepmask_gpr_unified_samples_20260811.csv,20260811,existing fold_id P2-style split when available; group fallback otherwise
deepmask_gpr,existing_fold_p2,deepmask_gpr::augmented_intact::13_aug_6,intact,intact::13,test,15386db6d8c1cc221ee50bf315ed288023df615fd274a8e052a345775b5623df,data_manifests/deepmask_gpr_unified_samples_20260811.csv,20260811,existing fold_id P2-style split when available; group fallback otherwise
deepmask_gpr,existing_fold_p2,deepmask_gpr::augmented_intact::13_aug_7,intact,intact::13,test,06e69c80892d39cf1e1064efd26775a58c43ab565ec42a695bdfd373c2d16bb1,data_manifests/deepmask_gpr_unified_samples_20260811.csv,20260811,existing fold_id P2-style split when available; group fallback otherwise
deepmask_gpr,existing_fold_p2,deepmask_gpr::augmented_intact::13_aug_8,intact,intact::13,test,1ae4cb3ff80e1c9f0e0566d48de5b716bb309ecd4b7dbb7b1eedef71a4dabb91,data_manifests/deepmask_gpr_unified_samples_20260811.csv,20260811,existing fold_id P2-style split when available; group fallback otherwise
deepmask_gpr,existing_fold_p2,deepmask_gpr::augmented_intact::13_aug_9,intact,intact::13,test,fab958ec8fccf7bf22d0da44426f00fe978c02c81c3063f27117276bf1d1c93d,data_manifests/deepmask_gpr_unified_samples_20260811.csv,20260811,existing fold_id P2-style split when available; group fallback otherwise
deepmask_gpr,existing_fold_p2,deepmask_gpr::augmented_intact::14 (2)_aug_1,intact,intact::14 (2),test,a78adcae091319cc13cf76e4d61030fefff3bbf8211269c4e1d6eedd57675153,data_manifests/deepmask_gpr_unified_samples_20260811.csv,20260811,existing fold_id P2-style split when available; group fallback otherwise
deepmask_gpr,existing_fold_p2,deepmask_gpr::augmented_intact::14 (2)_aug_10,intact,intact::14 (2),test,9a53701c643e28b215770f5b9df93716ba30791ed2d5c283e71433761bec78e4,data_manifests/deepmask_gpr_unified_samples_20260811.csv,20260811,existing fold_id P2-style split when available; group fallback otherwise
deepmask_gpr,existing_fold_p2,deepmask_gpr::augmented_intact::14 (2)_aug_11,intact,intact::14 (2),test,9b1728be151d97bc2bb301fae84d3d23be9ef90a805cf60017b364308fc91933,data_manifests/deepmask_gpr_unified_samples_20260811.csv,20260811,existing fold_id P2-style split when available; group fallback otherwise
deepmask_gpr,existing_fold_p2,deepmask_gpr::augmented_intact::14 (2)_aug_12,intact,intact::14 (2),test,e696b75e5b060cc90dea6207ae127b22bad548b2920bc4e4c3f1a5e55a086ca4,data_manifests/deepmask_gpr_unified_samples_20260811.csv,20260811,existing fold_id P2-style split when available; group fallback otherwise
deepmask_gpr,existing_fold_p2,deepmask_gpr::augmented_intact::14 (2)_aug_2,intact,intact::14 (2),test,cb5461fb04e4bc139bebc96db3c0aa879987053f83295a2b3a96367ce0662412,data_manifests/deepmask_gpr_unified_samples_20260811.csv,20260811,existing fold_id P2-style split when available; group fallback otherwise
deepmask_gpr,existing_fold_p2,deepmask_gpr::augmented_intact::14 (2)_aug_3,intact,intact::14 (2),test,3c57b87eee4c7a56f8bb21ed1e2bb671e523a32eeee741c5016babc9af1bcc3d,data_manifests/deepmask_gpr_unified_samples_20260811.csv,20260811,existing fold_id P2-style split when available; group fallback otherwise
deepmask_gpr,existing_fold_p2,deepmask_gpr::augmented_intact::14 (2)_aug_4,intact,intact::14 (2),test,f3afdd4c7a1ca4c63bcdf597f39f22ed879ec9c944f7551c6869885022b6b7df,data_manifests/deepmask_gpr_unified_samples_20260811.csv,20260811,existing fold_id P2-style split when available; group fallback otherwise
deepmask_gpr,existing_fold_p2,deepmask_gpr::augmented_intact::14 (2)_aug_5,intact,intact::14 (2),test,5ec929473a4130652b991e6c50e33988ea9d009d571bf8daf1c3e47e9321a13c,data_manifests/deepmask_gpr_unified_samples_20260811.csv,20260811,existing fold_id P2-style split when available; group fallback otherwise
deepmask_gpr,existing_fold_p2,deepmask_gpr::augmented_intact::14 (2)_aug_6,intact,intact::14 (2),test,1f7df91aa45b7555966d18cb3fde6822a7e5f394ae3449394c5c26af89f75ed5,data_manifests/deepmask_gpr_unified_samples_20260811.csv,20260811,existing fold_id P2-style split when available; group fallback otherwise
deepmask_gpr,existing_fold_p2,deepmask_gpr::augmented_intact::14 (2)_aug_7,intact,intact::14 (2),test,981c0c17d61c5c0d2f4c4ae54d396786d1143f9c0fb24498f8303ab16f6b6085,data_manifests/deepmask_gpr_unified_samples_20260811.csv,20260811,existing fold_id P2-style split when available; group fallback otherwise
deepmask_gpr,existing_fold_p2,deepmask_gpr::augmented_intact::14 (2)_aug_8,intact,intact::14 (2),test,3bd17425f969a3ae7bdf3fbfeab116119a2a0c25419abde5e432040d29de2ba9,data_manifests/deepmask_gpr_unified_samples_20260811.csv,20260811,existing fold_id P2-style split when available; group fallback otherwise
deepmask_gpr,existing_fold_p2,deepmask_gpr::augmented_intact::14 (2)_aug_9,intact,intact::14 (2),test,97f03f7ac0842833bad7281ea47a27bfe1bb03351d1ed57c750891a2631c4428,data_manifests/deepmask_gpr_unified_samples_20260811.csv,20260811,existing fold_id P2-style split when available; group fallback otherwise
deepmask_gpr,existing_fold_p2,deepmask_gpr::augmented_intact::14_aug_1,intact,intact::14,train,08565ef4b47d60d5aafe5ef8800e0263c4257baa8723ff5f22be5926d6aaeb09,data_manifests/deepmask_gpr_unified_samples_20260811.csv,20260811,existing fold_id P2-style split when available; group fallback otherwise
deepmask_gpr,existing_fold_p2,deepmask_gpr::augmented_intact::14_aug_10,intact,intact::14,train,fd445e711c64208ffc39ac71e9a8953015cc3800bd607c9fbee5dd40ca9d7dae,data_manifests/deepmask_gpr_unified_samples_20260811.csv,20260811,existing fold_id P2-style split when available; group fallback otherwise
deepmask_gpr,existing_fold_p2,deepmask_gpr::augmented_intact::14_aug_11,intact,intact::14,train,205bc82fcc3cfedf23fc87f8ce87766a324e1d6d3fadc3f342807d34ecca5975,data_manifests/deepmask_gpr_unified_samples_20260811.csv,20260811,existing fold_id P2-style split when available; group fallback otherwise
deepmask_gpr,existing_fold_p2,deepmask_gpr::augmented_intact::14_aug_12,intact,intact::14,train,b2f827cae2f456a367c7304ab91eb523b13bdb9ac579181532ce7174ebd60ea4,data_manifests/deepmask_gpr_unified_samples_20260811.csv,20260811,existing fold_id P2-style split when available; group fallback otherwise
deepmask_gpr,existing_fold_p2,deepmask_gpr::augmented_intact::14_aug_2,intact,intact::14,train,966ae22b7a392481cb64d20cc986d588498175b9696d51b9ac95e51ae7c8e367,data_manifests/deepmask_gpr_unified_samples_20260811.csv,20260811,existing fold_id P2-style split when available; group fallback otherwise
deepmask_gpr,existing_fold_p2,deepmask_gpr::augmented_intact::14_aug_3,intact,intact::14,train,201e07d413b94f57354f9c10ddb77b9b9f34aec7edc97120d28962bb69ba693a,data_manifests/deepmask_gpr_unified_samples_20260811.csv,20260811,existing fold_id P2-style split when available; group fallback otherwise
deepmask_gpr,existing_fold_p2,deepmask_gpr::augmented_intact::14_aug_4,intact,intact::14,train,ba9606f1fd25c017088d64836e3e82709c73b9dd8357ac405732ccb8dfb7edfd,data_manifests/deepmask_gpr_unified_samples_20260811.csv,20260811,existing fold_id P2-style split when available; group fallback otherwise
deepmask_gpr,existing_fold_p2,deepmask_gpr::augmented_intact::14_aug_5,intact,intact::14,train,1758d30151827f5e7ce9aaa3de2efb0b9489723a960ce187a9dc5f69def84b84,data_manifests/deepmask_gpr_unified_samples_20260811.csv,20260811,existing fold_id P2-style split when available; group fallback otherwise
deepmask_gpr,existing_fold_p2,deepmask_gpr::augmented_intact::14_aug_6,intact,intact::14,train,094fa55570958df5ccd5576cd987f732903644e8fa46644828ff5fd9254837ee,data_manifests/deepmask_gpr_unified_samples_20260811.csv,20260811,existing fold_id P2-style split when available; group fallback otherwise
deepmask_gpr,existing_fold_p2,deepmask_gpr::augmented_intact::14_aug_7,intact,intact::14,train,1dd6149b8a12020863d767b0cb38b9886899c2e8f2fe4b606a374181cf47b10a,data_manifests/deepmask_gpr_unified_samples_20260811.csv,20260811,existing fold_id P2-style split when available; group fallback otherwise
deepmask_gpr,existing_fold_p2,deepmask_gpr::augmented_intact::14_aug_8,intact,intact::14,train,5bb7e31816d990ca6ea067b70bfbd77d21068840e14aa5493c06b092a47cb2f4,data_manifests/deepmask_gpr_unified_samples_20260811.csv,20260811,existing fold_id P2-style split when available; group fallback otherwise
deepmask_gpr,existing_fold_p2,deepmask_gpr::augmented_intact::14_aug_9,intact,intact::14,train,071f3054689fa14b9f689c997dabf7c2641e8a227de42fe83d9e82af35c1be3b,data_manifests/deepmask_gpr_unified_samples_20260811.csv,20260811,existing fold_id P2-style split when available; group fallback otherwise
deepmask_gpr,existing_fold_p2,deepmask_gpr::augmented_intact::15 (2)_aug_1,intact,intact::15 (2),train,5942a4e90ad3ffae081f64037132e6b47b70116ffb7a46d246af7fcdf8e21150,data_manifests/deepmask_gpr_unified_samples_20260811.csv,20260811,existing fold_id P2-style split when available; group fallback otherwise
deepmask_gpr,existing_fold_p2,deepmask_gpr::augmented_intact::15 (2)_aug_10,intact,intact::15 (2),train,9ae2f7ae9ef10a0c70dc3a98234106e150666c5901167a634020a32f109b0aa5,data_manifests/deepmask_gpr_unified_samples_20260811.csv,20260811,existing fold_id P2-style split when available; group fallback otherwise
deepmask_gpr,existing_fold_p2,deepmask_gpr::augmented_intact::15 (2)_aug_11,intact,intact::15 (2),train,0eb9abaf7e7ec68035d202644767e7ba88942881d0b9baa0f14de06fda5ae7fc,data_manifests/deepmask_gpr_unified_samples_20260811.csv,20260811,existing fold_id P2-style split when available; group fallback otherwise
deepmask_gpr,existing_fold_p2,deepmask_gpr::augmented_intact::15 (2)_aug_12,intact,intact::15 (2),train,3237ca49265718dc11ccb2b1878562deb6dc96871b8f1ef28c4aef682dc77faf,data_manifests/deepmask_gpr_unified_samples_20260811.csv,20260811,existing fold_id P2-style split when available; group fallback otherwise
deepmask_gpr,existing_fold_p2,deepmask_gpr::augmented_intact::15 (2)_aug_2,intact,intact::15 (2),train,2bd45819201c41d21dfdc5effc248f7c615c53294ccdc0c8b197228acee7becc,data_manifests/deepmask_gpr_unified_samples_20260811.csv,20260811,existing fold_id P2-style split when available; group fallback otherwise
deepmask_gpr,existing_fold_p2,deepmask_gpr::augmented_intact::15 (2)_aug_3,intact,intact::15 (2),train,bf12ecb0c19993f81a55c3d18d94a0822b10701af9dbe43af9252b2902dfb18e,data_manifests/deepmask_gpr_unified_samples_20260811.csv,20260811,existing fold_id P2-style split when available; group fallback otherwise
deepmask_gpr,existing_fold_p2,deepmask_gpr::augmented_intact::15 (2)_aug_4,intact,intact::15 (2),train,758d43dcfeaacff0df9711d83aef56a51f7df204a2c82a09908d3e93c913a14b,data_manifests/deepmask_gpr_unified_samples_20260811.csv,20260811,existing fold_id P2-style split when available; group fallback otherwise
deepmask_gpr,existing_fold_p2,deepmask_gpr::augmented_intact::15 (2)_aug_5,intact,intact::15 (2),train,d9f8e64a9da309880dfc002b8cc0cf78fdb0af0c6371b47d4278434c688b430a,data_manifests/deepmask_gpr_unified_samples_20260811.csv,20260811,existing fold_id P2-style split when available; group fallback otherwise
deepmask_gpr,existing_fold_p2,deepmask_gpr::augmented_intact::15 (2)_aug_6,intact,intact::15 (2),train,364fdbf8e1f449649796fe41d8ee9aff798b8e7f02a210b123cbd26e32191b79,data_manifests/deepmask_gpr_unified_samples_20260811.csv,20260811,existing fold_id P2-style split when available; group fallback otherwise
deepmask_gpr,existing_fold_p2,deepmask_gpr::augmented_intact::15 (2)_aug_7,intact,intact::15 (2),train,9f1fe9254256910962b18a4f07c6c6180bc206908f5080615388b8067320e5ec,data_manifests/deepmask_gpr_unified_samples_20260811.csv,20260811,existing fold_id P2-style split when available; group fallback otherwise
deepmask_gpr,existing_fold_p2,deepmask_gpr::augmented_intact::15 (2)_aug_8,intact,intact::15 (2),train,fcff03ccf47ef4237e696568bb0594d9890e42667f1c1978dddf32ab41d4153c,data_manifests/deepmask_gpr_unified_samples_20260811.csv,20260811,existing fold_id P2-style split when available; group fallback otherwise
deepmask_gpr,existing_fold_p2,deepmask_gpr::augmented_intact::15 (2)_aug_9,intact,intact::15 (2),train,109479773b6f693bb89240c055c795913c3068634958bb3685761581890d50ad,data_manifests/deepmask_gpr_unified_samples_20260811.csv,20260811,existing fold_id P2-style split when available; group fallback otherwise
deepmask_gpr,existing_fold_p2,deepmask_gpr::augmented_intact::15_aug_1,intact,intact::15,val,a2443e616750f7d4967aba3d1aeac5bc89ce8f45c7b600ed2cc00d9b18405a86,data_manifests/deepmask_gpr_unified_samples_20260811.csv,20260811,existing fold_id P2-style split when available; group fallback otherwise
deepmask_gpr,existing_fold_p2,deepmask_gpr::augmented_intact::15_aug_10,intact,intact::15,val,be8de71a2f2331e4f86ea6ee3003dee9c2bab28e206357f52b2baeeae38e538b,data_manifests/deepmask_gpr_unified_samples_20260811.csv,20260811,existing fold_id P2-style split when available; group fallback otherwise
deepmask_gpr,existing_fold_p2,deepmask_gpr::augmented_intact::15_aug_11,intact,intact::15,val,3fcb9f88b44ff554fb6de5979b4d99289d0453f8d8dfb90a88e461c7b7bdb254,data_manifests/deepmask_gpr_unified_samples_20260811.csv,20260811,existing fold_id P2-style split when available; group fallback otherwise
deepmask_gpr,existing_fold_p2,deepmask_gpr::augmented_intact::15_aug_12,intact,intact::15,val,ba9b693fdeecdb1aaef08856fc672e9af02e63a1c01a40d4b6eaa190c608652f,data_manifests/deepmask_gpr_unified_samples_20260811.csv,20260811,existing fold_id P2-style split when available; group fallback otherwise
deepmask_gpr,existing_fold_p2,deepmask_gpr::augmented_intact::15_aug_2,intact,intact::15,val,91711796a53e65e40d1457cf2a18aef38d78bf39d1c2b598c356b803aeeb00b1,data_manifests/deepmask_gpr_unified_samples_20260811.csv,20260811,existing fold_id P2-style split when available; group fallback otherwise
deepmask_gpr,existing_fold_p2,deepmask_gpr::augmented_intact::15_aug_3,intact,intact::15,val,56237826130669f1a1c6a8265299048e1de6252a5fa449b8cddda4830937252f,data_manifests/deepmask_gpr_unified_samples_20260811.csv,20260811,existing fold_id P2-style split when available; group fallback otherwise
deepmask_gpr,existing_fold_p2,deepmask_gpr::augmented_intact::15_aug_4,intact,intact::15,val,a07d2b0314884f05c35d21ec776bb2c4fe887c2564bb1d34c806b9aa1deeb0af,data_manifests/deepmask_gpr_unified_samples_20260811.csv,20260811,existing fold_id P2-style split when available; group fallback otherwise
deepmask_gpr,existing_fold_p2,deepmask_gpr::augmented_intact::15_aug_5,intact,intact::15,val,3e3ef5cfe0218dc8938f0be5d5f206ca6f02476b9776f17be920abfa84fbbdff,data_manifests/deepmask_gpr_unified_samples_20260811.csv,20260811,existing fold_id P2-style split when available; group fallback otherwise
deepmask_gpr,existing_fold_p2,deepmask_gpr::augmented_intact::15_aug_6,intact,intact::15,val,beefe865fb6e95b9f1ae0641adac201efb29ba539f03b0aba25564a5ad9b8b74,data_manifests/deepmask_gpr_unified_samples_20260811.csv,20260811,existing fold_id P2-style split when available; group fallback otherwise
deepmask_gpr,existing_fold_p2,deepmask_gpr::augmented_intact::15_aug_7,intact,intact::15,val,c7cf09f02c46f465bb19ee2b0206c6d6da17d135105d3dbe9d49a8652cac14a8,data_manifests/deepmask_gpr_unified_samples_20260811.csv,20260811,existing fold_id P2-style split when available; group fallback otherwise
deepmask_gpr,existing_fold_p2,deepmask_gpr::augmented_intact::15_aug_8,intact,intact::15,val,11b64c35a9de9fa36fe5e91b1d2860cfb7521497f616c45d6d08331eafa38e13,data_manifests/deepmask_gpr_unified_samples_20260811.csv,20260811,existing fold_id P2-style split when available; group fallback otherwise
deepmask_gpr,existing_fold_p2,deepmask_gpr::augmented_intact::15_aug_9,intact,intact::15,val,860d1fc531ba4c37f5de1833c60f3b368e19fdd4bf6d31df3c2af31853b9bc49,data_manifests/deepmask_gpr_unified_samples_20260811.csv,20260811,existing fold_id P2-style split when available; group fallback otherwise
deepmask_gpr,existing_fold_p2,deepmask_gpr::augmented_intact::16 (2)_aug_1,intact,intact::16 (2),train,b94b1dd10a4e555e53051a97eed02f165fe1377f6df43f7eb8c1ac91dce204cc,data_manifests/deepmask_gpr_unified_samples_20260811.csv,20260811,existing fold_id P2-style split when available; group fallback otherwise
deepmask_gpr,existing_fold_p2,deepmask_gpr::augmented_intact::16 (2)_aug_10,intact,intact::16 (2),train,a3f03dc5f5bd4863bc693e6bf9da715d18dcb7485fc536bf89e4e571ac0fbe02,data_manifests/deepmask_gpr_unified_samples_20260811.csv,20260811,existing fold_id P2-style split when available; group fallback otherwise
deepmask_gpr,existing_fold_p2,deepmask_gpr::augmented_intact::16 (2)_aug_11,intact,intact::16 (2),train,5c7e917d49a9e91687834a950bb277e1a0f0a8bf0e4875d4d310c19c247a8f0c,data_manifests/deepmask_gpr_unified_samples_20260811.csv,20260811,existing fold_id P2-style split when available; group fallback otherwise
deepmask_gpr,existing_fold_p2,deepmask_gpr::augmented_intact::16 (2)_aug_12,intact,intact::16 (2),train,b894f8cd3763f9a3ca67b57003f0e99a42e1cac337c474b6fb9e55c9f0d27c68,data_manifests/deepmask_gpr_unified_samples_20260811.csv,20260811,existing fold_id P2-style split when available; group fallback otherwise
deepmask_gpr,existing_fold_p2,deepmask_gpr::augmented_intact::16 (2)_aug_2,intact,intact::16 (2),train,d9b3a02456ad5e7ced4057f9ea0e6c9347574ce8706a1e8b7e4fec639aacd166,data_manifests/deepmask_gpr_unified_samples_20260811.csv,20260811,existing fold_id P2-style split when available; group fallback otherwise
deepmask_gpr,existing_fold_p2,deepmask_gpr::augmented_intact::16 (2)_aug_3,intact,intact::16 (2),train,7f1b177ce261dcaba569167895788742353e102e22dd8f6c613c44c215f102c9,data_manifests/deepmask_gpr_unified_samples_20260811.csv,20260811,existing fold_id P2-style split when available; group fallback otherwise
deepmask_gpr,existing_fold_p2,deepmask_gpr::augmented_intact::16 (2)_aug_4,intact,intact::16 (2),train,5180bd041abf34bd1756f797abb8c9f51422fe3cc8e882edd9fa3e383ccc5fa5,data_manifests/deepmask_gpr_unified_samples_20260811.csv,20260811,existing fold_id P2-style split when available; group fallback otherwise
deepmask_gpr,existing_fold_p2,deepmask_gpr::augmented_intact::16 (2)_aug_5,intact,intact::16 (2),train,8eaee8c33eef6bf2eac1abe6c458906182385595bf3f299c813efbd788b877e2,data_manifests/deepmask_gpr_unified_samples_20260811.csv,20260811,existing fold_id P2-style split when available; group fallback otherwise
deepmask_gpr,existing_fold_p2,deepmask_gpr::augmented_intact::16 (2)_aug_6,intact,intact::16 (2),train,702d8600d7a9e71b87d0817f7896d84404677e2b81d9b593eaa8c05861cc6f6d,data_manifests/deepmask_gpr_unified_samples_20260811.csv,20260811,existing fold_id P2-style split when available; group fallback otherwise
deepmask_gpr,existing_fold_p2,deepmask_gpr::augmented_intact::16 (2)_aug_7,intact,intact::16 (2),train,ba2a46d32e63fbb1488b54c811c1e4f4c6178f6368e3e7def39552e70c342708,data_manifests/deepmask_gpr_unified_samples_20260811.csv,20260811,existing fold_id P2-style split when available; group fallback otherwise
deepmask_gpr,existing_fold_p2,deepmask_gpr::augmented_intact::16 (2)_aug_8,intact,intact::16 (2),train,e56526884e124c280e07ee22c1c367a8a4e850d6d010cad1b0663b7e27d9c525,data_manifests/deepmask_gpr_unified_samples_20260811.csv,20260811,existing fold_id P2-style split when available; group fallback otherwise
deepmask_gpr,existing_fold_p2,deepmask_gpr::augmented_intact::16 (2)_aug_9,intact,intact::16 (2),train,947cea9903cfe65f2d54f351c9aa58e8823c4fd498b7867196aab92cf8f3948e,data_manifests/deepmask_gpr_unified_samples_20260811.csv,20260811,existing fold_id P2-style split when available; group fallback otherwise
deepmask_gpr,existing_fold_p2,deepmask_gpr::augmented_intact::16_aug_1,intact,intact::16,test,97fbe34719e40a05d75a254998cac7db380db9f390bc4f9fae0a4871929c791f,data_manifests/deepmask_gpr_unified_samples_20260811.csv,20260811,existing fold_id P2-style split when available; group fallback otherwise
deepmask_gpr,existing_fold_p2,deepmask_gpr::augmented_intact::16_aug_10,intact,intact::16,test,b5fbba7ea9c021df466bee18f6350e1bc05202c9aa1044c28d00df44f81de1e5,data_manifests/deepmask_gpr_unified_samples_20260811.csv,20260811,existing fold_id P2-style split when available; group fallback otherwise
deepmask_gpr,existing_fold_p2,deepmask_gpr::augmented_intact::16_aug_11,intact,intact::16,test,527f654e958d6264746bd8d398714abf22e638570891201a69ce07548ab67635,data_manifests/deepmask_gpr_unified_samples_20260811.csv,20260811,existing fold_id P2-style split when available; group fallback otherwise
deepmask_gpr,existing_fold_p2,deepmask_gpr::augmented_intact::16_aug_12,intact,intact::16,test,4c49f96dd4b36c800b1ca343e63d049d6d200f828ac6b10e8a1c02744b7847b9,data_manifests/deepmask_gpr_unified_samples_20260811.csv,20260811,existing fold_id P2-style split when available; group fallback otherwise
deepmask_gpr,existing_fold_p2,deepmask_gpr::augmented_intact::16_aug_2,intact,intact::16,test,7d82d295ff5812254832000b7f481d968239b6501ead05a09bcd7c3c502aba34,data_manifests/deepmask_gpr_unified_samples_20260811.csv,20260811,existing fold_id P2-style split when available; group fallback otherwise
deepmask_gpr,existing_fold_p2,deepmask_gpr::augmented_intact::16_aug_3,intact,intact::16,test,0658bf9696a4e5c223108979e110bf816079c85a9385d17398b8284b5549b645,data_manifests/deepmask_gpr_unified_samples_20260811.csv,20260811,existing fold_id P2-style split when available; group fallback otherwise
deepmask_gpr,existing_fold_p2,deepmask_gpr::augmented_intact::16_aug_4,intact,intact::16,test,89cd1d5d0a70c3503caa07fe5381d1418e577b5621dc183222514b90bc768991,data_manifests/deepmask_gpr_unified_samples_20260811.csv,20260811,existing fold_id P2-style split when available; group fallback otherwise
deepmask_gpr,existing_fold_p2,deepmask_gpr::augmented_intact::16_aug_5,intact,intact::16,test,e156edf144f6d3cd6475ec3dd3935c670e5b186cda3b31d1e45c294ee5101903,data_manifests/deepmask_gpr_unified_samples_20260811.csv,20260811,existing fold_id P2-style split when available; group fallback otherwise
deepmask_gpr,existing_fold_p2,deepmask_gpr::augmented_intact::16_aug_6,intact,intact::16,test,4689bb4481a2f95f8c2a8de5753b3cd65d1169da71da7e7af365c0240a00218b,data_manifests/deepmask_gpr_unified_samples_20260811.csv,20260811,existing fold_id P2-style split when available; group fallback otherwise
deepmask_gpr,existing_fold_p2,deepmask_gpr::augmented_intact::16_aug_7,intact,intact::16,test,bae62191cbabaf14d0f0762f358ca6128db0f053b7b06e996be6c5dbcf7d94f3,data_manifests/deepmask_gpr_unified_samples_20260811.csv,20260811,existing fold_id P2-style split when available; group fallback otherwise
deepmask_gpr,existing_fold_p2,deepmask_gpr::augmented_intact::16_aug_8,intact,intact::16,test,524b2e64677546968a938c5f4d0ea769ef55c2e36500e9def4a83624c59e4d80,data_manifests/deepmask_gpr_unified_samples_20260811.csv,20260811,existing fold_id P2-style split when available; group fallback otherwise
deepmask_gpr,existing_fold_p2,deepmask_gpr::augmented_intact::16_aug_9,intact,intact::16,test,85cb5f893dc35b498e4f638b37c2b290bc4bb2bec5576f749f4c55db4db85350,data_manifests/deepmask_gpr_unified_samples_20260811.csv,20260811,existing fold_id P2-style split when available; group fallback otherwise
deepmask_gpr,existing_fold_p2,deepmask_gpr::augmented_intact::17 (2)_aug_1,intact,intact::17 (2),val,847567c493d26a44925ef52dddc3c89e3d0da6210ab04bf96ba1d5cd69dac698,data_manifests/deepmask_gpr_unified_samples_20260811.csv,20260811,existing fold_id P2-style split when available; group fallback otherwise
deepmask_gpr,existing_fold_p2,deepmask_gpr::augmented_intact::17 (2)_aug_10,intact,intact::17 (2),val,b91af362381550075e031a16cb3d33b1af7c699aafc4ab03cd3ac1503bd7f916,data_manifests/deepmask_gpr_unified_samples_20260811.csv,20260811,existing fold_id P2-style split when available; group fallback otherwise
deepmask_gpr,existing_fold_p2,deepmask_gpr::augmented_intact::17 (2)_aug_11,intact,intact::17 (2),val,6679e4baa59c61a31ec036e7104c437badba5b4a3b5350ac77143dd141c7739d,data_manifests/deepmask_gpr_unified_samples_20260811.csv,20260811,existing fold_id P2-style split when available; group fallback otherwise
deepmask_gpr,existing_fold_p2,deepmask_gpr::augmented_intact::17 (2)_aug_12,intact,intact::17 (2),val,5b1d856c075b8c340e983e8232107059adce2e15f91659fcf2ed095ab79f2550,data_manifests/deepmask_gpr_unified_samples_20260811.csv,20260811,existing fold_id P2-style split when available; group fallback otherwise
deepmask_gpr,existing_fold_p2,deepmask_gpr::augmented_intact::17 (2)_aug_2,intact,intact::17 (2),val,f8f4ba80becdad840ec15929acf245eee2d7177745c1941a6501f14be8f4afbe,data_manifests/deepmask_gpr_unified_samples_20260811.csv,20260811,existing fold_id P2-style split when available; group fallback otherwise
deepmask_gpr,existing_fold_p2,deepmask_gpr::augmented_intact::17 (2)_aug_3,intact,intact::17 (2),val,e11af5483270f2c93fd8a2c34744a208a6cb69f288055077d00f544b1c41a6d4,data_manifests/deepmask_gpr_unified_samples_20260811.csv,20260811,existing fold_id P2-style split when available; group fallback otherwise
deepmask_gpr,existing_fold_p2,deepmask_gpr::augmented_intact::17 (2)_aug_4,intact,intact::17 (2),val,948d676492ac737ad51d4093d10895967c8e584ef1d37bb95180e9037a375f67,data_manifests/deepmask_gpr_unified_samples_20260811.csv,20260811,existing fold_id P2-style split when available; group fallback otherwise
deepmask_gpr,existing_fold_p2,deepmask_gpr::augmented_intact::17 (2)_aug_5,intact,intact::17 (2),val,dba67406d0c549ed7f4c87f8404205e2fc57d5fb466996adb39970bd01a1c61b,data_manifests/deepmask_gpr_unified_samples_20260811.csv,20260811,existing fold_id P2-style split when available; group fallback otherwise
deepmask_gpr,existing_fold_p2,deepmask_gpr::augmented_intact::17 (2)_aug_6,intact,intact::17 (2),val,3e3ffe1fed0ea8d813d53f1eccf6efda44bbac8e3b97cf34daeb0117c6565c74,data_manifests/deepmask_gpr_unified_samples_20260811.csv,20260811,existing fold_id P2-style split when available; group fallback otherwise
deepmask_gpr,existing_fold_p2,deepmask_gpr::augmented_intact::17 (2)_aug_7,intact,intact::17 (2),val,30325b3ffb9f6a7989b08607c3473dc3ca7ef7b69e3ccaca4df71ee31d07232f,data_manifests/deepmask_gpr_unified_samples_20260811.csv,20260811,existing fold_id P2-style split when available; group fallback otherwise
deepmask_gpr,existing_fold_p2,deepmask_gpr::augmented_intact::17 (2)_aug_8,intact,intact::17 (2),val,6d2403453de13ee632ce34194ac6e871f6d894fc85d9c6bdd281aef34afb2a25,data_manifests/deepmask_gpr_unified_samples_20260811.csv,20260811,existing fold_id P2-style split when available; group fallback otherwise
deepmask_gpr,existing_fold_p2,deepmask_gpr::augmented_intact::17 (2)_aug_9,intact,intact::17 (2),val,1ad65e5f990b98f0f6f47499927781ac83fc1ecf2de425d8e1dd5be71d24f299,data_manifests/deepmask_gpr_unified_samples_20260811.csv,20260811,existing fold_id P2-style split when available; group fallback otherwise
deepmask_gpr,existing_fold_p2,deepmask_gpr::augmented_intact::17_aug_1,intact,intact::17,train,a78df8a807eed14b01705da5383eb3736b65e205ebff21353e7e867fa6f13eaf,data_manifests/deepmask_gpr_unified_samples_20260811.csv,20260811,existing fold_id P2-style split when available; group fallback otherwise
deepmask_gpr,existing_fold_p2,deepmask_gpr::augmented_intact::17_aug_10,intact,intact::17,train,195bf93ec1bcf493114b191c773b92ed984767ebedc62ea687a4ad391c6931df,data_manifests/deepmask_gpr_unified_samples_20260811.csv,20260811,existing fold_id P2-style split when available; group fallback otherwise
deepmask_gpr,existing_fold_p2,deepmask_gpr::augmented_intact::17_aug_11,intact,intact::17,train,cd9cb20b511789b383c106d09e8885027efa2cdf1cd382f807d1d87ab9eccd01,data_manifests/deepmask_gpr_unified_samples_20260811.csv,20260811,existing fold_id P2-style split when available; group fallback otherwise
deepmask_gpr,existing_fold_p2,deepmask_gpr::augmented_intact::17_aug_12,intact,intact::17,train,ae9a92f9eda01d65b223b89774fc98d6888f1ff64634c001a8e42c90e7f7efa0,data_manifests/deepmask_gpr_unified_samples_20260811.csv,20260811,existing fold_id P2-style split when available; group fallback otherwise
deepmask_gpr,existing_fold_p2,deepmask_gpr::augmented_intact::17_aug_2,intact,intact::17,train,af56287c63dcf34689569bd2a015e988dbd03f0cf99980baa0a1a2704cb13eda,data_manifests/deepmask_gpr_unified_samples_20260811.csv,20260811,existing fold_id P2-style split when available; group fallback otherwise
deepmask_gpr,existing_fold_p2,deepmask_gpr::augmented_intact::17_aug_3,intact,intact::17,train,0449679e734cb2bcb2089fac48198f9159de33a4cc6b78fcc9804e92741eed3f,data_manifests/deepmask_gpr_unified_samples_20260811.csv,20260811,existing fold_id P2-style split when available; group fallback otherwise
deepmask_gpr,existing_fold_p2,deepmask_gpr::augmented_intact::17_aug_4,intact,intact::17,train,bb66d0d3b4afec829daf3bfc91655ab1ed5b011785335a5dd1498f9eb8b70773,data_manifests/deepmask_gpr_unified_samples_20260811.csv,20260811,existing fold_id P2-style split when available; group fallback otherwise
deepmask_gpr,existing_fold_p2,deepmask_gpr::augmented_intact::17_aug_5,intact,intact::17,train,e655deb2a9b3f7a2e2b45bec65349ac41b9e381662cf884e6ee96d6633042b4b,data_manifests/deepmask_gpr_unified_samples_20260811.csv,20260811,existing fold_id P2-style split when available; group fallback otherwise
deepmask_gpr,existing_fold_p2,deepmask_gpr::augmented_intact::17_aug_6,intact,intact::17,train,c0bf4dadbb600dc7ab25e41c25915878bc89451f89ed3edc57bcae09cadbcd45,data_manifests/deepmask_gpr_unified_samples_20260811.csv,20260811,existing fold_id P2-style split when available; group fallback otherwise
deepmask_gpr,existing_fold_p2,deepmask_gpr::augmented_intact::17_aug_7,intact,intact::17,train,4e924576a942e570bddd0ed51a33242e823e0cd4df57025d1124d95b9bde5adb,data_manifests/deepmask_gpr_unified_samples_20260811.csv,20260811,existing fold_id P2-style split when available; group fallback otherwise
deepmask_gpr,existing_fold_p2,deepmask_gpr::augmented_intact::17_aug_8,intact,intact::17,train,475078c19118963d75e123d69274a16e03f0b0a5ec1a490cac5e8120c3177363,data_manifests/deepmask_gpr_unified_samples_20260811.csv,20260811,existing fold_id P2-style split when available; group fallback otherwise
deepmask_gpr,existing_fold_p2,deepmask_gpr::augmented_intact::17_aug_9,intact,intact::17,train,014d2969144947377120c43ff1839f4121aeb3d660a453f8789edbf35592909b,data_manifests/deepmask_gpr_unified_samples_20260811.csv,20260811,existing fold_id P2-style split when available; group fallback otherwise
deepmask_gpr,existing_fold_p2,deepmask_gpr::augmented_intact::18 (2)_aug_1,intact,intact::18 (2),test,63969496e457b0385ae6bd1ba12e9c9f9455945ace38b540632ca81c8ac86fae,data_manifests/deepmask_gpr_unified_samples_20260811.csv,20260811,existing fold_id P2-style split when available; group fallback otherwise
deepmask_gpr,existing_fold_p2,deepmask_gpr::augmented_intact::18 (2)_aug_10,intact,intact::18 (2),test,5cef9dde593b052527ba7fe4833580fce6e088d2048f885b5946bf9e7a9ad678,data_manifests/deepmask_gpr_unified_samples_20260811.csv,20260811,existing fold_id P2-style split when available; group fallback otherwise
deepmask_gpr,existing_fold_p2,deepmask_gpr::augmented_intact::18 (2)_aug_11,intact,intact::18 (2),test,110721c90b1d85bd8d52f2d198f304ccc15343fd8162205270f2b90c91a6b9fb,data_manifests/deepmask_gpr_unified_samples_20260811.csv,20260811,existing fold_id P2-style split when available; group fallback otherwise
deepmask_gpr,existing_fold_p2,deepmask_gpr::augmented_intact::18 (2)_aug_12,intact,intact::18 (2),test,2cbbe2152aa98686380b281059921d41f8ba330b83815563325ec40065f43165,data_manifests/deepmask_gpr_unified_samples_20260811.csv,20260811,existing fold_id P2-style split when available; group fallback otherwise
deepmask_gpr,existing_fold_p2,deepmask_gpr::augmented_intact::18 (2)_aug_2,intact,intact::18 (2),test,f905799dd4360e08dda274ad24ff7dca61ee997840b8a39d655f0920838fedfd,data_manifests/deepmask_gpr_unified_samples_20260811.csv,20260811,existing fold_id P2-style split when available; group fallback otherwise
deepmask_gpr,existing_fold_p2,deepmask_gpr::augmented_intact::18 (2)_aug_3,intact,intact::18 (2),test,6bfba4a5ab433805e1ee937778865ff688527bf179270270bfa7d2884597520b,data_manifests/deepmask_gpr_unified_samples_20260811.csv,20260811,existing fold_id P2-style split when available; group fallback otherwise
deepmask_gpr,existing_fold_p2,deepmask_gpr::augmented_intact::18 (2)_aug_4,intact,intact::18 (2),test,e43f8e358d5f7b0494d1403b7df0156b5ed639cbe2f163678ff2be004d5754e7,data_manifests/deepmask_gpr_unified_samples_20260811.csv,20260811,existing fold_id P2-style split when available; group fallback otherwise
deepmask_gpr,existing_fold_p2,deepmask_gpr::augmented_intact::18 (2)_aug_5,intact,intact::18 (2),test,4a31e1669874123116b5a6423f9d08c0d48d4008feb567e1b601d63c74f3368d,data_manifests/deepmask_gpr_unified_samples_20260811.csv,20260811,existing fold_id P2-style split when available; group fallback otherwise
deepmask_gpr,existing_fold_p2,deepmask_gpr::augmented_intact::18 (2)_aug_6,intact,intact::18 (2),test,b8043dbf77da5ebd1beb6df943760db070643928e4782d1e8c793e657eb8e8b8,data_manifests/deepmask_gpr_unified_samples_20260811.csv,20260811,existing fold_id P2-style split when available; group fallback otherwise
deepmask_gpr,existing_fold_p2,deepmask_gpr::augmented_intact::18 (2)_aug_7,intact,intact::18 (2),test,e7037b21c379d696d205815acd1b2fb7e3c338f2cc2637ac7fe4377e8d6d1f71,data_manifests/deepmask_gpr_unified_samples_20260811.csv,20260811,existing fold_id P2-style split when available; group fallback otherwise
deepmask_gpr,existing_fold_p2,deepmask_gpr::augmented_intact::18 (2)_aug_8,intact,intact::18 (2),test,0fe6450a912c28f7c489679348dcd2dc635b4b206ef961de712f2e514ac0ef31,data_manifests/deepmask_gpr_unified_samples_20260811.csv,20260811,existing fold_id P2-style split when available; group fallback otherwise
deepmask_gpr,existing_fold_p2,deepmask_gpr::augmented_intact::18 (2)_aug_9,intact,intact::18 (2),test,47703e55a084ad37237a0f06cb23535904b7c53bc457ae0ae558b825f82e6fb8,data_manifests/deepmask_gpr_unified_samples_20260811.csv,20260811,existing fold_id P2-style split when available; group fallback otherwise
deepmask_gpr,existing_fold_p2,deepmask_gpr::augmented_intact::18_aug_1,intact,intact::18,train,3f0a185a935cd0f83ae7d758f1a0fae06bfa6c962a5a73ff86fa26d5550eba2c,data_manifests/deepmask_gpr_unified_samples_20260811.csv,20260811,existing fold_id P2-style split when available; group fallback otherwise
deepmask_gpr,existing_fold_p2,deepmask_gpr::augmented_intact::18_aug_10,intact,intact::18,train,364c8c3a65903e165ff55356aa2ea17add32de3978fb211781b4efc860c65492,data_manifests/deepmask_gpr_unified_samples_20260811.csv,20260811,existing fold_id P2-style split when available; group fallback otherwise
deepmask_gpr,existing_fold_p2,deepmask_gpr::augmented_intact::18_aug_11,intact,intact::18,train,d5ee1b5ed0d1c1aa85c9371f1897325cbe02c75614ba45add2b4736c116f8e75,data_manifests/deepmask_gpr_unified_samples_20260811.csv,20260811,existing fold_id P2-style split when available; group fallback otherwise
deepmask_gpr,existing_fold_p2,deepmask_gpr::augmented_intact::18_aug_12,intact,intact::18,train,170513e521bfff038d2b2e90a180bbad879841becd87f592266e5206610a06fb,data_manifests/deepmask_gpr_unified_samples_20260811.csv,20260811,existing fold_id P2-style split when available; group fallback otherwise
deepmask_gpr,existing_fold_p2,deepmask_gpr::augmented_intact::18_aug_2,intact,intact::18,train,379ac0566215ec0104b544b877b699fda9c2cf92efbe74916200c784486249d3,data_manifests/deepmask_gpr_unified_samples_20260811.csv,20260811,existing fold_id P2-style split when available; group fallback otherwise
deepmask_gpr,existing_fold_p2,deepmask_gpr::augmented_intact::18_aug_3,intact,intact::18,train,5c7097d601aeee5090c9621c20d4c76a29871a2a8936d8518050d6d08ff9d5da,data_manifests/deepmask_gpr_unified_samples_20260811.csv,20260811,existing fold_id P2-style split when available; group fallback otherwise
deepmask_gpr,existing_fold_p2,deepmask_gpr::augmented_intact::18_aug_4,intact,intact::18,train,d67dc7c7eb6ec2ebd9ea01a7444a1230a60737aa9f6d02fca2c5f1f48af0de13,data_manifests/deepmask_gpr_unified_samples_20260811.csv,20260811,existing fold_id P2-style split when available; group fallback otherwise
deepmask_gpr,existing_fold_p2,deepmask_gpr::augmented_intact::18_aug_5,intact,intact::18,train,7d9e32a08f458259a40c88fbb79c9fb98bac44896eb3677902edc4ce64f98495,data_manifests/deepmask_gpr_unified_samples_20260811.csv,20260811,existing fold_id P2-style split when available; group fallback otherwise
deepmask_gpr,existing_fold_p2,deepmask_gpr::augmented_intact::18_aug_6,intact,intact::18,train,f1d3382c55c94b9781808da4719f8c4763497a4a2dba9039b5d4f8c17ffbb18b,data_manifests/deepmask_gpr_unified_samples_20260811.csv,20260811,existing fold_id P2-style split when available; group fallback otherwise
deepmask_gpr,existing_fold_p2,deepmask_gpr::augmented_intact::18_aug_7,intact,intact::18,train,5e7d9044d47becc7ed4aa9f3428b48cd968e3ac7139b7baf34f3e0c856b3293a,data_manifests/deepmask_gpr_unified_samples_20260811.csv,20260811,existing fold_id P2-style split when available; group fallback otherwise
deepmask_gpr,existing_fold_p2,deepmask_gpr::augmented_intact::18_aug_8,intact,intact::18,train,e071879f0e2d34a26228cb41c4923ead115ac3a73a0773aeda9923063338a17f,data_manifests/deepmask_gpr_unified_samples_20260811.csv,20260811,existing fold_id P2-style split when available; group fallback otherwise
deepmask_gpr,existing_fold_p2,deepmask_gpr::augmented_intact::18_aug_9,intact,intact::18,train,eab2568b627df99bc29f8e34bf01d0f378b4c9effca8069e3a637dc57955204b,data_manifests/deepmask_gpr_unified_samples_20260811.csv,20260811,existing fold_id P2-style split when available; group fallback otherwise
deepmask_gpr,existing_fold_p2,deepmask_gpr::augmented_intact::19 (2)_aug_1,intact,intact::19 (2),train,3f8712e8d42313fc955ac2587ad7d27a01da542f53aa2d9a9afb1381c500b89b,data_manifests/deepmask_gpr_unified_samples_20260811.csv,20260811,existing fold_id P2-style split when available; group fallback otherwise
deepmask_gpr,existing_fold_p2,deepmask_gpr::augmented_intact::19 (2)_aug_10,intact,intact::19 (2),train,aed5514b79b4cb7b8241e0cb2c289a4e81ce73789b31b7206f5a589c42abb696,data_manifests/deepmask_gpr_unified_samples_20260811.csv,20260811,existing fold_id P2-style split when available; group fallback otherwise
deepmask_gpr,existing_fold_p2,deepmask_gpr::augmented_intact::19 (2)_aug_11,intact,intact::19 (2),train,714c872c12e15ebb751f9c541a958c4e4d11b8594d648e538b9098382fdc1963,data_manifests/deepmask_gpr_unified_samples_20260811.csv,20260811,existing fold_id P2-style split when available; group fallback otherwise
deepmask_gpr,existing_fold_p2,deepmask_gpr::augmented_intact::19 (2)_aug_12,intact,intact::19 (2),train,d42354d7d267298bc4ac903c72138cde613d6a28defdc2a312ee126484c77281,data_manifests/deepmask_gpr_unified_samples_20260811.csv,20260811,existing fold_id P2-style split when available; group fallback otherwise
deepmask_gpr,existing_fold_p2,deepmask_gpr::augmented_intact::19 (2)_aug_2,intact,intact::19 (2),train,310bc5864bc2378f651c8652d6e317b35bf2693fda320cc273ac836653faace7,data_manifests/deepmask_gpr_unified_samples_20260811.csv,20260811,existing fold_id P2-style split when available; group fallback otherwise
deepmask_gpr,existing_fold_p2,deepmask_gpr::augmented_intact::19 (2)_aug_3,intact,intact::19 (2),train,47fe9ea55a1c931c6cd67e4420b84a0de92875150b4114bfbbe15ccf5efeb392,data_manifests/deepmask_gpr_unified_samples_20260811.csv,20260811,existing fold_id P2-style split when available; group fallback otherwise
deepmask_gpr,existing_fold_p2,deepmask_gpr::augmented_intact::19 (2)_aug_4,intact,intact::19 (2),train,8f3cabad1f90e92874624f56b5f33824d81f52b5b9a28f13304a897ae715cc17,data_manifests/deepmask_gpr_unified_samples_20260811.csv,20260811,existing fold_id P2-style split when available; group fallback otherwise
deepmask_gpr,existing_fold_p2,deepmask_gpr::augmented_intact::19 (2)_aug_5,intact,intact::19 (2),train,2d0004ff0e129b0a9ac1cc12773a0efcb9ab6e652b4b87f9ceaaa7ad6df4d4f3,data_manifests/deepmask_gpr_unified_samples_20260811.csv,20260811,existing fold_id P2-style split when available; group fallback otherwise
deepmask_gpr,existing_fold_p2,deepmask_gpr::augmented_intact::19 (2)_aug_6,intact,intact::19 (2),train,af42dc67f8fd70bc10fcf3371e0db08bf572f03a23c5df9046ca5156a39b0461,data_manifests/deepmask_gpr_unified_samples_20260811.csv,20260811,existing fold_id P2-style split when available; group fallback otherwise
deepmask_gpr,existing_fold_p2,deepmask_gpr::augmented_intact::19 (2)_aug_7,intact,intact::19 (2),train,900f9966bddb9b1517a85be56fa9cb733b8d6f5b430929e1321252fde18546b6,data_manifests/deepmask_gpr_unified_samples_20260811.csv,20260811,existing fold_id P2-style split when available; group fallback otherwise
deepmask_gpr,existing_fold_p2,deepmask_gpr::augmented_intact::19 (2)_aug_8,intact,intact::19 (2),train,ee86826f655048abfca9560b8caaed5c974315b8acb55e6422a66fe6b15dab33,data_manifests/deepmask_gpr_unified_samples_20260811.csv,20260811,existing fold_id P2-style split when available; group fallback otherwise
deepmask_gpr,existing_fold_p2,deepmask_gpr::augmented_intact::19 (2)_aug_9,intact,intact::19 (2),train,96c45b8f0c8e4a17be147d4ec2f5f6410d200cb75913c81a3dd15e698aca6350,data_manifests/deepmask_gpr_unified_samples_20260811.csv,20260811,existing fold_id P2-style split when available; group fallback otherwise
deepmask_gpr,existing_fold_p2,deepmask_gpr::augmented_intact::19_aug_1,intact,intact::19,train,95f9c921bb99fccbe3ef829313cfefeca08955fa205051e0374afa37185f692d,data_manifests/deepmask_gpr_unified_samples_20260811.csv,20260811,existing fold_id P2-style split when available; group fallback otherwise
deepmask_gpr,existing_fold_p2,deepmask_gpr::augmented_intact::19_aug_10,intact,intact::19,train,f6c78394d747194256b6277797fbc9b12b4b167d14e2a4fd275e0807ddfb1576,data_manifests/deepmask_gpr_unified_samples_20260811.csv,20260811,existing fold_id P2-style split when available; group fallback otherwise
deepmask_gpr,existing_fold_p2,deepmask_gpr::augmented_intact::19_aug_11,intact,intact::19,train,17853015178dbfa0b7c62ee94fd9ade974322fb0e03473746502a8b61235b322,data_manifests/deepmask_gpr_unified_samples_20260811.csv,20260811,existing fold_id P2-style split when available; group fallback otherwise
deepmask_gpr,existing_fold_p2,deepmask_gpr::augmented_intact::19_aug_12,intact,intact::19,train,7671c47f240b19c1e7b7387fd027570ba13d3246ac7bb65c82347a4bddc61823,data_manifests/deepmask_gpr_unified_samples_20260811.csv,20260811,existing fold_id P2-style split when available; group fallback otherwise
deepmask_gpr,existing_fold_p2,deepmask_gpr::augmented_intact::19_aug_2,intact,intact::19,train,fdd2a6670a2df738ad3d5b16de9a6574472940b1a0d4a9d346c70eb5a8ed1b7a,data_manifests/deepmask_gpr_unified_samples_20260811.csv,20260811,existing fold_id P2-style split when available; group fallback otherwise
deepmask_gpr,existing_fold_p2,deepmask_gpr::augmented_intact::19_aug_3,intact,intact::19,train,28af5e1fff1d22631029e8c7165d0a045d9b9ed6fa549f01b8f9b0c864383d7f,data_manifests/deepmask_gpr_unified_samples_20260811.csv,20260811,existing fold_id P2-style split when available; group fallback otherwise
deepmask_gpr,existing_fold_p2,deepmask_gpr::augmented_intact::19_aug_4,intact,intact::19,train,acd67fa2530c5d29a7532082a7705ce9b537d0a0816afdfefa3290c45ceea9c9,data_manifests/deepmask_gpr_unified_samples_20260811.csv,20260811,existing fold_id P2-style split when available; group fallback otherwise
deepmask_gpr,existing_fold_p2,deepmask_gpr::augmented_intact::19_aug_5,intact,intact::19,train,4436016a489cdff8e05870d471f41bb96897520162557860265c99b898186393,data_manifests/deepmask_gpr_unified_samples_20260811.csv,20260811,existing fold_id P2-style split when available; group fallback otherwise
deepmask_gpr,existing_fold_p2,deepmask_gpr::augmented_intact::19_aug_6,intact,intact::19,train,fa79ca7d16ecb4b8aa98ab3aea91dac1c8d0f2073bc53878599ef1340fa945df,data_manifests/deepmask_gpr_unified_samples_20260811.csv,20260811,existing fold_id P2-style split when available; group fallback otherwise
deepmask_gpr,existing_fold_p2,deepmask_gpr::augmented_intact::19_aug_7,intact,intact::19,train,d8bb84481a915431a57a69e396c503b10bd13df8a4ab0612e8752050a9fc38a7,data_manifests/deepmask_gpr_unified_samples_20260811.csv,20260811,existing fold_id P2-style split when available; group fallback otherwise
deepmask_gpr,existing_fold_p2,deepmask_gpr::augmented_intact::19_aug_8,intact,intact::19,train,498fdfe44a59ddcf601acb1d43bab49fcb30b5c4186983ac5319f3578db1e951,data_manifests/deepmask_gpr_unified_samples_20260811.csv,20260811,existing fold_id P2-style split when available; group fallback otherwise
deepmask_gpr,existing_fold_p2,deepmask_gpr::augmented_intact::19_aug_9,intact,intact::19,train,0814d2d4802b318a5877909748a7ecde0aa09e67d90b5fe34962a50671b02f52,data_manifests/deepmask_gpr_unified_samples_20260811.csv,20260811,existing fold_id P2-style split when available; group fallback otherwise
deepmask_gpr,existing_fold_p2,deepmask_gpr::augmented_intact::1_aug_1,intact,intact::1,train,a93b57dcb5224e1b33e62b7a3944a72d8d4c5c2fb2a0e696a3734d621cbd2628,data_manifests/deepmask_gpr_unified_samples_20260811.csv,20260811,existing fold_id P2-style split when available; group fallback otherwise
deepmask_gpr,existing_fold_p2,deepmask_gpr::augmented_intact::1_aug_10,intact,intact::1,train,aab34a1195f33a177a6c0bfbd3cc0d1c9a4ea64d5c23de32ca24457e70a2f665,data_manifests/deepmask_gpr_unified_samples_20260811.csv,20260811,existing fold_id P2-style split when available; group fallback otherwise
deepmask_gpr,existing_fold_p2,deepmask_gpr::augmented_intact::1_aug_11,intact,intact::1,train,1e39869eb746a211157215af21633c3905969569c86314dd1e5dea76c026180c,data_manifests/deepmask_gpr_unified_samples_20260811.csv,20260811,existing fold_id P2-style split when available; group fallback otherwise
deepmask_gpr,existing_fold_p2,deepmask_gpr::augmented_intact::1_aug_12,intact,intact::1,train,e2b30eb497fe121b8bf40234a10d5582fe3afb3ef76358655aa8ac13cfd5d69f,data_manifests/deepmask_gpr_unified_samples_20260811.csv,20260811,existing fold_id P2-style split when available; group fallback otherwise
deepmask_gpr,existing_fold_p2,deepmask_gpr::augmented_intact::1_aug_2,intact,intact::1,train,267480dd95a686d86d23a40b8b5b3e96f96b2ed358fefebe0f463f25a3450953,data_manifests/deepmask_gpr_unified_samples_20260811.csv,20260811,existing fold_id P2-style split when available; group fallback otherwise
deepmask_gpr,existing_fold_p2,deepmask_gpr::augmented_intact::1_aug_3,intact,intact::1,train,02fbe77cd47bb773f62b76b9ad30c08ccdd488c26192527d9b88801a329958c1,data_manifests/deepmask_gpr_unified_samples_20260811.csv,20260811,existing fold_id P2-style split when available; group fallback otherwise
deepmask_gpr,existing_fold_p2,deepmask_gpr::augmented_intact::1_aug_4,intact,intact::1,train,9f8bd58d5afd51126fb24a319ebf1b5b93d4c74216aa73438de0c9e87d88647b,data_manifests/deepmask_gpr_unified_samples_20260811.csv,20260811,existing fold_id P2-style split when available; group fallback otherwise
deepmask_gpr,existing_fold_p2,deepmask_gpr::augmented_intact::1_aug_5,intact,intact::1,train,87709dfb08f6ef5e3dd40c87944d3e103fe0e2186feeeec7e973b2eefdd6e298,data_manifests/deepmask_gpr_unified_samples_20260811.csv,20260811,existing fold_id P2-style split when available; group fallback otherwise
deepmask_gpr,existing_fold_p2,deepmask_gpr::augmented_intact::1_aug_6,intact,intact::1,train,46e9c6b8a883d9ea5edeef104b02ff8600a4f6a31f5e4691937fab7fef634e09,data_manifests/deepmask_gpr_unified_samples_20260811.csv,20260811,existing fold_id P2-style split when available; group fallback otherwise
deepmask_gpr,existing_fold_p2,deepmask_gpr::augmented_intact::1_aug_7,intact,intact::1,train,e5292601a92af4019d63635d1af0b85104dcb0a192eae30a19b22d26313d462b,data_manifests/deepmask_gpr_unified_samples_20260811.csv,20260811,existing fold_id P2-style split when available; group fallback otherwise
deepmask_gpr,existing_fold_p2,deepmask_gpr::augmented_intact::1_aug_8,intact,intact::1,train,e41002cc1c79775a79b1e4c2711b5e6570952a2caab6fcb37a40cd5825a083cd,data_manifests/deepmask_gpr_unified_samples_20260811.csv,20260811,existing fold_id P2-style split when available; group fallback otherwise
deepmask_gpr,existing_fold_p2,deepmask_gpr::augmented_intact::1_aug_9,intact,intact::1,train,fa003386dc7eae791bd2204c283982a944c0af54164982806d91b069dfcd39ce,data_manifests/deepmask_gpr_unified_samples_20260811.csv,20260811,existing fold_id P2-style split when available; group fallback otherwise
deepmask_gpr,existing_fold_p2,deepmask_gpr::augmented_intact::2 (2)_aug_1,intact,intact::2 (2),train,a21bb6c86450bd310cc308f385f8552895dbda1d5f034cdb432544719fb22f4c,data_manifests/deepmask_gpr_unified_samples_20260811.csv,20260811,existing fold_id P2-style split when available; group fallback otherwise
deepmask_gpr,existing_fold_p2,deepmask_gpr::augmented_intact::2 (2)_aug_10,intact,intact::2 (2),train,3b33685b38e7e1aa687a6a6c627ae6fcad5f71a62fe7f4e5447001169d1cf170,data_manifests/deepmask_gpr_unified_samples_20260811.csv,20260811,existing fold_id P2-style split when available; group fallback otherwise
deepmask_gpr,existing_fold_p2,deepmask_gpr::augmented_intact::2 (2)_aug_11,intact,intact::2 (2),train,f5755d98c32103f9df7717b92d88c2377956d49ff8ab38d131aaadd86076a6d0,data_manifests/deepmask_gpr_unified_samples_20260811.csv,20260811,existing fold_id P2-style split when available; group fallback otherwise
deepmask_gpr,existing_fold_p2,deepmask_gpr::augmented_intact::2 (2)_aug_12,intact,intact::2 (2),train,ed37dee3d850b30656184928f0f5e0313259fe3bfc9d16d02b96f232136f5549,data_manifests/deepmask_gpr_unified_samples_20260811.csv,20260811,existing fold_id P2-style split when available; group fallback otherwise
deepmask_gpr,existing_fold_p2,deepmask_gpr::augmented_intact::2 (2)_aug_2,intact,intact::2 (2),train,c7eb6e6e266b4715801c916b670b173181fa9cda026adc4f21a08938111223fc,data_manifests/deepmask_gpr_unified_samples_20260811.csv,20260811,existing fold_id P2-style split when available; group fallback otherwise
deepmask_gpr,existing_fold_p2,deepmask_gpr::augmented_intact::2 (2)_aug_3,intact,intact::2 (2),train,b69016938bc0eed94f2d67e63ab889d6ec1235decdbf08fa7959e4f380a6dbff,data_manifests/deepmask_gpr_unified_samples_20260811.csv,20260811,existing fold_id P2-style split when available; group fallback otherwise
deepmask_gpr,existing_fold_p2,deepmask_gpr::augmented_intact::2 (2)_aug_4,intact,intact::2 (2),train,5d4c59fcd94c2f69d9d5c7fc771786a42d01228d2da6e158e7b93d0988043883,data_manifests/deepmask_gpr_unified_samples_20260811.csv,20260811,existing fold_id P2-style split when available; group fallback otherwise
deepmask_gpr,existing_fold_p2,deepmask_gpr::augmented_intact::2 (2)_aug_5,intact,intact::2 (2),train,d6d718ac980cb2d0093a6832064fa94f2bb989f68a27ceb2fc94321ea458606e,data_manifests/deepmask_gpr_unified_samples_20260811.csv,20260811,existing fold_id P2-style split when available; group fallback otherwise
deepmask_gpr,existing_fold_p2,deepmask_gpr::augmented_intact::2 (2)_aug_6,intact,intact::2 (2),train,fb8451260941bc2d10bea80a33e05537958dbd918cf4a07aec5fd75647ad136a,data_manifests/deepmask_gpr_unified_samples_20260811.csv,20260811,existing fold_id P2-style split when available; group fallback otherwise
deepmask_gpr,existing_fold_p2,deepmask_gpr::augmented_intact::2 (2)_aug_7,intact,intact::2 (2),train,244f8b2bc361e833e5c9c4c03d4a8bcccec7de918ab1fc0b49e5eb619f0f00f7,data_manifests/deepmask_gpr_unified_samples_20260811.csv,20260811,existing fold_id P2-style split when available; group fallback otherwise
deepmask_gpr,existing_fold_p2,deepmask_gpr::augmented_intact::2 (2)_aug_8,intact,intact::2 (2),train,a0e69a6412b7fe7ecef07ab4edc0bc94ac5bdaca5128728d4e4ab7677e6fd1ef,data_manifests/deepmask_gpr_unified_samples_20260811.csv,20260811,existing fold_id P2-style split when available; group fallback otherwise
deepmask_gpr,existing_fold_p2,deepmask_gpr::augmented_intact::2 (2)_aug_9,intact,intact::2 (2),train,ce898f1129f665152469751c13ac8011dba998c039c3e0a85f5f92275aa2e95d,data_manifests/deepmask_gpr_unified_samples_20260811.csv,20260811,existing fold_id P2-style split when available; group fallback otherwise
deepmask_gpr,existing_fold_p2,deepmask_gpr::augmented_intact::20 (2)_aug_1,intact,intact::20 (2),train,b3072c87a60ac279edae12c7c9796a1a08668c960e2b29475d28990da1f30800,data_manifests/deepmask_gpr_unified_samples_20260811.csv,20260811,existing fold_id P2-style split when available; group fallback otherwise
deepmask_gpr,existing_fold_p2,deepmask_gpr::augmented_intact::20 (2)_aug_10,intact,intact::20 (2),train,ee9ac3b659f7f7d18792f848dae72c0c10515f6d94c4eded9b93e6222c620b51,data_manifests/deepmask_gpr_unified_samples_20260811.csv,20260811,existing fold_id P2-style split when available; group fallback otherwise
deepmask_gpr,existing_fold_p2,deepmask_gpr::augmented_intact::20 (2)_aug_11,intact,intact::20 (2),train,1bd55d05e73a33ebdeeff6a3731902f640c5326a19ab7f7dc252f912dd9a0ea1,data_manifests/deepmask_gpr_unified_samples_20260811.csv,20260811,existing fold_id P2-style split when available; group fallback otherwise
deepmask_gpr,existing_fold_p2,deepmask_gpr::augmented_intact::20 (2)_aug_12,intact,intact::20 (2),train,d906afbaf078591510031fde8532346f68d3ea8e555246b9268752c9c62e5c14,data_manifests/deepmask_gpr_unified_samples_20260811.csv,20260811,existing fold_id P2-style split when available; group fallback otherwise
deepmask_gpr,existing_fold_p2,deepmask_gpr::augmented_intact::20 (2)_aug_2,intact,intact::20 (2),train,76c6ad55afab3aacc6203370e2904ddba013a8f9d01ce75d20954c1e8b64c17f,data_manifests/deepmask_gpr_unified_samples_20260811.csv,20260811,existing fold_id P2-style split when available; group fallback otherwise
deepmask_gpr,existing_fold_p2,deepmask_gpr::augmented_intact::20 (2)_aug_3,intact,intact::20 (2),train,5d732b679d9f460bb29dde5603c025252408a2f10d53e499f1bc54cf8441690e,data_manifests/deepmask_gpr_unified_samples_20260811.csv,20260811,existing fold_id P2-style split when available; group fallback otherwise
deepmask_gpr,existing_fold_p2,deepmask_gpr::augmented_intact::20 (2)_aug_4,intact,intact::20 (2),train,048371c95cc15f6b66b5874564ed7f7ced71f579e359eeb944be8534ae6a2094,data_manifests/deepmask_gpr_unified_samples_20260811.csv,20260811,existing fold_id P2-style split when available; group fallback otherwise
deepmask_gpr,existing_fold_p2,deepmask_gpr::augmented_intact::20 (2)_aug_5,intact,intact::20 (2),train,288bc1d46151a9eaff4db60a6cd900e6195681dc520d3df031646a75b2d2e691,data_manifests/deepmask_gpr_unified_samples_20260811.csv,20260811,existing fold_id P2-style split when available; group fallback otherwise
deepmask_gpr,existing_fold_p2,deepmask_gpr::augmented_intact::20 (2)_aug_6,intact,intact::20 (2),train,3b49c36eb1c8047ad36a5e7ef0c5c2f2dff5d302a766789ca314b1860520a068,data_manifests/deepmask_gpr_unified_samples_20260811.csv,20260811,existing fold_id P2-style split when available; group fallback otherwise
deepmask_gpr,existing_fold_p2,deepmask_gpr::augmented_intact::20 (2)_aug_7,intact,intact::20 (2),train,d57a30bd30a0d806db940c94ddcb74e5def7dd9fc1dfaa5251ad5c39bc5af0fd,data_manifests/deepmask_gpr_unified_samples_20260811.csv,20260811,existing fold_id P2-style split when available; group fallback otherwise
deepmask_gpr,existing_fold_p2,deepmask_gpr::augmented_intact::20 (2)_aug_8,intact,intact::20 (2),train,24e78aabf5e3d44e07fe7f3f45c751fad151cf916eae69c3dd05f3a69955f8ea,data_manifests/deepmask_gpr_unified_samples_20260811.csv,20260811,existing fold_id P2-style split when available; group fallback otherwise
deepmask_gpr,existing_fold_p2,deepmask_gpr::augmented_intact::20 (2)_aug_9,intact,intact::20 (2),train,99c462f5e80699ca08247c0f5b3b53a6f447f2e03f12dbc299f7463118f8b579,data_manifests/deepmask_gpr_unified_samples_20260811.csv,20260811,existing fold_id P2-style split when available; group fallback otherwise
deepmask_gpr,existing_fold_p2,deepmask_gpr::augmented_intact::20_aug_1,intact,intact::20,train,e0af1bc4e8bc41062c5175211ca906ebc8bdbb55aad111e580a6d45ca5003df2,data_manifests/deepmask_gpr_unified_samples_20260811.csv,20260811,existing fold_id P2-style split when available; group fallback otherwise
deepmask_gpr,existing_fold_p2,deepmask_gpr::augmented_intact::20_aug_10,intact,intact::20,train,01306c5c1ae64e418dd1f88308814b246bc948c755768aba28abb79367cfd7fc,data_manifests/deepmask_gpr_unified_samples_20260811.csv,20260811,existing fold_id P2-style split when available; group fallback otherwise
deepmask_gpr,existing_fold_p2,deepmask_gpr::augmented_intact::20_aug_11,intact,intact::20,train,b5699b0e11b1f23b3459c65e6cff3ec0ce1904a397c84e5e411681ad5aba7929,data_manifests/deepmask_gpr_unified_samples_20260811.csv,20260811,existing fold_id P2-style split when available; group fallback otherwise
deepmask_gpr,existing_fold_p2,deepmask_gpr::augmented_intact::20_aug_12,intact,intact::20,train,2e3535ab9978e43aa34e0a4f3048ce1879e43d28cf264f700d37d900abdc5f7d,data_manifests/deepmask_gpr_unified_samples_20260811.csv,20260811,existing fold_id P2-style split when available; group fallback otherwise
deepmask_gpr,existing_fold_p2,deepmask_gpr::augmented_intact::20_aug_2,intact,intact::20,train,8bfc8e12fb3c1c34a2330b9a827c748ca8c51989e61016805b6b266677464a82,data_manifests/deepmask_gpr_unified_samples_20260811.csv,20260811,existing fold_id P2-style split when available; group fallback otherwise
deepmask_gpr,existing_fold_p2,deepmask_gpr::augmented_intact::20_aug_3,intact,intact::20,train,c27d2d0b32119b364512e2a55d2d6d18143fb4c4910815707f51854eb5f97b8f,data_manifests/deepmask_gpr_unified_samples_20260811.csv,20260811,existing fold_id P2-style split when available; group fallback otherwise
deepmask_gpr,existing_fold_p2,deepmask_gpr::augmented_intact::20_aug_4,intact,intact::20,train,f9e6e114bbf1f93eada9614ca9c9c8e5ea1850bf88dbb2735589c3e3de7494b9,data_manifests/deepmask_gpr_unified_samples_20260811.csv,20260811,existing fold_id P2-style split when available; group fallback otherwise
deepmask_gpr,existing_fold_p2,deepmask_gpr::augmented_intact::20_aug_5,intact,intact::20,train,416e82045c40f392f2b8d336fb8ed8271c502b20eadacc838294280e04eb9b90,data_manifests/deepmask_gpr_unified_samples_20260811.csv,20260811,existing fold_id P2-style split when available; group fallback otherwise
deepmask_gpr,existing_fold_p2,deepmask_gpr::augmented_intact::20_aug_6,intact,intact::20,train,193b1b7ff57bd13411f699587384cf9050659da705a2f8d4684bbd6cf58ccb35,data_manifests/deepmask_gpr_unified_samples_20260811.csv,20260811,existing fold_id P2-style split when available; group fallback otherwise
deepmask_gpr,existing_fold_p2,deepmask_gpr::augmented_intact::20_aug_7,intact,intact::20,train,70028674e5b995c3ae85176dfeab4b3fcb6f9f6e0b769d1da506b9525eeff256,data_manifests/deepmask_gpr_unified_samples_20260811.csv,20260811,existing fold_id P2-style split when available; group fallback otherwise
deepmask_gpr,existing_fold_p2,deepmask_gpr::augmented_intact::20_aug_8,intact,intact::20,train,f207b048fa59da7c59ccec01de2699e6383ce8c910c33ebf63d4786c7f9be43b,data_manifests/deepmask_gpr_unified_samples_20260811.csv,20260811,existing fold_id P2-style split when available; group fallback otherwise
deepmask_gpr,existing_fold_p2,deepmask_gpr::augmented_intact::20_aug_9,intact,intact::20,train,295a01a8ee3385a5bbe63fb69dd2fcb4d4fa82bcf8525876548fabb5d7dc7ac3,data_manifests/deepmask_gpr_unified_samples_20260811.csv,20260811,existing fold_id P2-style split when available; group fallback otherwise
deepmask_gpr,existing_fold_p2,deepmask_gpr::augmented_intact::21 (2)_aug_1,intact,intact::21 (2),train,378a4e58f91084f469a62103a6112837a9a5ade5180888479247aaa957437597,data_manifests/deepmask_gpr_unified_samples_20260811.csv,20260811,existing fold_id P2-style split when available; group fallback otherwise
deepmask_gpr,existing_fold_p2,deepmask_gpr::augmented_intact::21 (2)_aug_10,intact,intact::21 (2),train,e3ccc96804cd62afc63b1aa0a85355a2aa4ed7479c6c11fa93206b425a82624f,data_manifests/deepmask_gpr_unified_samples_20260811.csv,20260811,existing fold_id P2-style split when available; group fallback otherwise
deepmask_gpr,existing_fold_p2,deepmask_gpr::augmented_intact::21 (2)_aug_11,intact,intact::21 (2),train,d525878900015c45bc8be51edfa6f0c02445a264daeec9fcd49dc9bdd7feae7f,data_manifests/deepmask_gpr_unified_samples_20260811.csv,20260811,existing fold_id P2-style split when available; group fallback otherwise
deepmask_gpr,existing_fold_p2,deepmask_gpr::augmented_intact::21 (2)_aug_12,intact,intact::21 (2),train,80e9971f1409be2fe041e620b966372842ac63a77c73a46d5d86d13779a166da,data_manifests/deepmask_gpr_unified_samples_20260811.csv,20260811,existing fold_id P2-style split when available; group fallback otherwise
deepmask_gpr,existing_fold_p2,deepmask_gpr::augmented_intact::21 (2)_aug_2,intact,intact::21 (2),train,96efff9f6e798a60315b71f6f692263e98a9a3d4cf00b21474aaa5434d5d6403,data_manifests/deepmask_gpr_unified_samples_20260811.csv,20260811,existing fold_id P2-style split when available; group fallback otherwise
deepmask_gpr,existing_fold_p2,deepmask_gpr::augmented_intact::21 (2)_aug_3,intact,intact::21 (2),train,f2d8f9bbd3e16cf84ab504632b20adfebcaaf923170ef75dacde27330e739851,data_manifests/deepmask_gpr_unified_samples_20260811.csv,20260811,existing fold_id P2-style split when available; group fallback otherwise
deepmask_gpr,existing_fold_p2,deepmask_gpr::augmented_intact::21 (2)_aug_4,intact,intact::21 (2),train,13bb6b08228fa7645dd5374026c9d5cd66fb88193c4080ac894b2d2a1a87a034,data_manifests/deepmask_gpr_unified_samples_20260811.csv,20260811,existing fold_id P2-style split when available; group fallback otherwise
deepmask_gpr,existing_fold_p2,deepmask_gpr::augmented_intact::21 (2)_aug_5,intact,intact::21 (2),train,48c1b3801458b8f48239a767a15aa6f85fc3bcf679033134a75c139fda842cb5,data_manifests/deepmask_gpr_unified_samples_20260811.csv,20260811,existing fold_id P2-style split when available; group fallback otherwise
deepmask_gpr,existing_fold_p2,deepmask_gpr::augmented_intact::21 (2)_aug_6,intact,intact::21 (2),train,5bee1d3ea130d9c5a1be9ebf439578f447a684fb001ff972ed0fdaf54dceaeba,data_manifests/deepmask_gpr_unified_samples_20260811.csv,20260811,existing fold_id P2-style split when available; group fallback otherwise
deepmask_gpr,existing_fold_p2,deepmask_gpr::augmented_intact::21 (2)_aug_7,intact,intact::21 (2),train,637c2e3ac88694013aebf26095b7d671470cd1ce390378784ee82e215a72b1f9,data_manifests/deepmask_gpr_unified_samples_20260811.csv,20260811,existing fold_id P2-style split when available; group fallback otherwise
deepmask_gpr,existing_fold_p2,deepmask_gpr::augmented_intact::21 (2)_aug_8,intact,intact::21 (2),train,9e8ed1455debe7d2aa4d392fc3d9749fa6f056f106b2b3272f9a9de8fe1d9a1a,data_manifests/deepmask_gpr_unified_samples_20260811.csv,20260811,existing fold_id P2-style split when available; group fallback otherwise
deepmask_gpr,existing_fold_p2,deepmask_gpr::augmented_intact::21 (2)_aug_9,intact,intact::21 (2),train,10295667cbcbebb9126f92a6baa18912fedcbe0a455d483170235737ffb9e7fa,data_manifests/deepmask_gpr_unified_samples_20260811.csv,20260811,existing fold_id P2-style split when available; group fallback otherwise
deepmask_gpr,existing_fold_p2,deepmask_gpr::augmented_intact::21_aug_1,intact,intact::21,train,702d6d524c739a06eb080b318554a72f35befc0da92dacc7b9c97dd2e659adb0,data_manifests/deepmask_gpr_unified_samples_20260811.csv,20260811,existing fold_id P2-style split when available; group fallback otherwise
deepmask_gpr,existing_fold_p2,deepmask_gpr::augmented_intact::21_aug_10,intact,intact::21,train,6042ff140bcfa5c1993783f91ffc76d04560b0a25d29925e4b30a7cb666fa446,data_manifests/deepmask_gpr_unified_samples_20260811.csv,20260811,existing fold_id P2-style split when available; group fallback otherwise
deepmask_gpr,existing_fold_p2,deepmask_gpr::augmented_intact::21_aug_11,intact,intact::21,train,0131123456a887cc1a0cae537f6614346b380289b50d9bd3eb4fee9491a163cd,data_manifests/deepmask_gpr_unified_samples_20260811.csv,20260811,existing fold_id P2-style split when available; group fallback otherwise
deepmask_gpr,existing_fold_p2,deepmask_gpr::augmented_intact::21_aug_12,intact,intact::21,train,24b0ca1dd14368090e5f4f29c113e06eaed60bc86ffae887f1919eb8e8bddbd5,data_manifests/deepmask_gpr_unified_samples_20260811.csv,20260811,existing fold_id P2-style split when available; group fallback otherwise
deepmask_gpr,existing_fold_p2,deepmask_gpr::augmented_intact::21_aug_2,intact,intact::21,train,5ae4b3521205151ef6478d0975a0e0ee5bd72cfb511723a0e238c8870d4d8b94,data_manifests/deepmask_gpr_unified_samples_20260811.csv,20260811,existing fold_id P2-style split when available; group fallback otherwise
deepmask_gpr,existing_fold_p2,deepmask_gpr::augmented_intact::21_aug_3,intact,intact::21,train,cbdf469897f8a2d719c3ec09ce3ab57dea4d280610e7a7f03deede4e271348df,data_manifests/deepmask_gpr_unified_samples_20260811.csv,20260811,existing fold_id P2-style split when available; group fallback otherwise
deepmask_gpr,existing_fold_p2,deepmask_gpr::augmented_intact::21_aug_4,intact,intact::21,train,0ef450a75d94dd61fc85c75f301e18432feeda0adeb76baaee1f3c32665b511b,data_manifests/deepmask_gpr_unified_samples_20260811.csv,20260811,existing fold_id P2-style split when available; group fallback otherwise
deepmask_gpr,existing_fold_p2,deepmask_gpr::augmented_intact::21_aug_5,intact,intact::21,train,4195b6f05f22f022c3d89fa7c89f22e2b161c02a6cf3a6de86ac414f7848871b,data_manifests/deepmask_gpr_unified_samples_20260811.csv,20260811,existing fold_id P2-style split when available; group fallback otherwise
deepmask_gpr,existing_fold_p2,deepmask_gpr::augmented_intact::21_aug_6,intact,intact::21,train,6ebc6b8b10ccdaf2b2ce67201769d3aefe574066f8d1fb2f71b627d37efd9595,data_manifests/deepmask_gpr_unified_samples_20260811.csv,20260811,existing fold_id P2-style split when available; group fallback otherwise
deepmask_gpr,existing_fold_p2,deepmask_gpr::augmented_intact::21_aug_7,intact,intact::21,train,f0a98995c0bfd833ab660d161f299bc42d7715a34d2ef58a9fe0e84859680cc0,data_manifests/deepmask_gpr_unified_samples_20260811.csv,20260811,existing fold_id P2-style split when available; group fallback otherwise
deepmask_gpr,existing_fold_p2,deepmask_gpr::augmented_intact::21_aug_8,intact,intact::21,train,a4c262a6623522b7b34524853f56a22d984eb58792260ecfc80915f6fe495b5b,data_manifests/deepmask_gpr_unified_samples_20260811.csv,20260811,existing fold_id P2-style split when available; group fallback otherwise
deepmask_gpr,existing_fold_p2,deepmask_gpr::augmented_intact::21_aug_9,intact,intact::21,train,b1c6fa52c468e9db32d8e6f70ddd1904e5d5f7480887204f0da3a87249825c41,data_manifests/deepmask_gpr_unified_samples_20260811.csv,20260811,existing fold_id P2-style split when available; group fallback otherwise
deepmask_gpr,existing_fold_p2,deepmask_gpr::augmented_intact::23 (2)_aug_1,intact,intact::23 (2),train,c8f9141ca378306d00839b3ee61f4bfd67c9b0913ce8bc6fe801ca1438b103f7,data_manifests/deepmask_gpr_unified_samples_20260811.csv,20260811,existing fold_id P2-style split when available; group fallback otherwise
deepmask_gpr,existing_fold_p2,deepmask_gpr::augmented_intact::23 (2)_aug_10,intact,intact::23 (2),train,c18664804932a62d061def3e41c266bf430653a7ffcb0ee0ba42627a57919c6a,data_manifests/deepmask_gpr_unified_samples_20260811.csv,20260811,existing fold_id P2-style split when available; group fallback otherwise
deepmask_gpr,existing_fold_p2,deepmask_gpr::augmented_intact::23 (2)_aug_11,intact,intact::23 (2),train,04aa2a2f18ba04a3b09775840f9238a9e66d8386a74320d418ca18488c1b30f2,data_manifests/deepmask_gpr_unified_samples_20260811.csv,20260811,existing fold_id P2-style split when available; group fallback otherwise
deepmask_gpr,existing_fold_p2,deepmask_gpr::augmented_intact::23 (2)_aug_12,intact,intact::23 (2),train,f8ef2d7cf8b1e8d5c33d958c0fada279ec17f15b63a7738b4a004c27b07ae7b0,data_manifests/deepmask_gpr_unified_samples_20260811.csv,20260811,existing fold_id P2-style split when available; group fallback otherwise
deepmask_gpr,existing_fold_p2,deepmask_gpr::augmented_intact::23 (2)_aug_2,intact,intact::23 (2),train,df119e560b89c37157b6c0667a386b790f1a63d66fd56d9d30fa8efda717cf17,data_manifests/deepmask_gpr_unified_samples_20260811.csv,20260811,existing fold_id P2-style split when available; group fallback otherwise
deepmask_gpr,existing_fold_p2,deepmask_gpr::augmented_intact::23 (2)_aug_3,intact,intact::23 (2),train,1fd6dbbc525beec28171799c54aa249f364ad148c220666c04f17d36d9cd463f,data_manifests/deepmask_gpr_unified_samples_20260811.csv,20260811,existing fold_id P2-style split when available; group fallback otherwise
deepmask_gpr,existing_fold_p2,deepmask_gpr::augmented_intact::23 (2)_aug_4,intact,intact::23 (2),train,1ac6d2c1d150e02b69b97234b46c86f75c645d903f5634985cc4f398357addc5,data_manifests/deepmask_gpr_unified_samples_20260811.csv,20260811,existing fold_id P2-style split when available; group fallback otherwise
deepmask_gpr,existing_fold_p2,deepmask_gpr::augmented_intact::23 (2)_aug_5,intact,intact::23 (2),train,8c71fb85826b97aa72bf5fa747bd177ab78e1e3a7571af9e157475b80b59f4c9,data_manifests/deepmask_gpr_unified_samples_20260811.csv,20260811,existing fold_id P2-style split when available; group fallback otherwise
deepmask_gpr,existing_fold_p2,deepmask_gpr::augmented_intact::23 (2)_aug_6,intact,intact::23 (2),train,ddd909ff73c5752badded0ad27ca996641b679e04d1b359da47bdc603f517da9,data_manifests/deepmask_gpr_unified_samples_20260811.csv,20260811,existing fold_id P2-style split when available; group fallback otherwise
deepmask_gpr,existing_fold_p2,deepmask_gpr::augmented_intact::23 (2)_aug_7,intact,intact::23 (2),train,8847ebccad7df89f6813b645b73e32a160fe5918e87e939e58469832e613093a,data_manifests/deepmask_gpr_unified_samples_20260811.csv,20260811,existing fold_id P2-style split when available; group fallback otherwise
deepmask_gpr,existing_fold_p2,deepmask_gpr::augmented_intact::23 (2)_aug_8,intact,intact::23 (2),train,f4e3c03d408e6e27db2f17f2c38c5d1ae54c5b21edd0c417def7e94eb7dba932,data_manifests/deepmask_gpr_unified_samples_20260811.csv,20260811,existing fold_id P2-style split when available; group fallback otherwise
deepmask_gpr,existing_fold_p2,deepmask_gpr::augmented_intact::23 (2)_aug_9,intact,intact::23 (2),train,97fae43fc10831fa7ff33273f0c83adcc19c0208e01fe5d1fd4b98bc905f0942,data_manifests/deepmask_gpr_unified_samples_20260811.csv,20260811,existing fold_id P2-style split when available; group fallback otherwise
deepmask_gpr,existing_fold_p2,deepmask_gpr::augmented_intact::23_aug_1,intact,intact::23,test,31ef6bf364e2bf0cc4ed85f37d924672a2ab056d43f3f2c7892da4f193e1c785,data_manifests/deepmask_gpr_unified_samples_20260811.csv,20260811,existing fold_id P2-style split when available; group fallback otherwise
deepmask_gpr,existing_fold_p2,deepmask_gpr::augmented_intact::23_aug_10,intact,intact::23,test,cb6c503ecd83dd27c17f6cf7c32069b14410a52a7899c0bc351da4ee65fac6ed,data_manifests/deepmask_gpr_unified_samples_20260811.csv,20260811,existing fold_id P2-style split when available; group fallback otherwise
deepmask_gpr,existing_fold_p2,deepmask_gpr::augmented_intact::23_aug_11,intact,intact::23,test,35e095f737db478a0c7c8da8ab436ac9e4c40539f8197b84f5e95cf9407eeb46,data_manifests/deepmask_gpr_unified_samples_20260811.csv,20260811,existing fold_id P2-style split when available; group fallback otherwise
deepmask_gpr,existing_fold_p2,deepmask_gpr::augmented_intact::23_aug_12,intact,intact::23,test,d3da2cd036252d0d38adb21bddf786228bf9a9d0f7a453d6a33351ad7c5815c1,data_manifests/deepmask_gpr_unified_samples_20260811.csv,20260811,existing fold_id P2-style split when available; group fallback otherwise
deepmask_gpr,existing_fold_p2,deepmask_gpr::augmented_intact::23_aug_2,intact,intact::23,test,2eed6a07ae60fe375cc0f453edb96c6cd68046b68ccc5a75dd80d090f8b08e8a,data_manifests/deepmask_gpr_unified_samples_20260811.csv,20260811,existing fold_id P2-style split when available; group fallback otherwise
deepmask_gpr,existing_fold_p2,deepmask_gpr::augmented_intact::23_aug_3,intact,intact::23,test,760cf20168c02d443c1742065c56ad89384e9c8db3f56bb9c431a3bf1789af1b,data_manifests/deepmask_gpr_unified_samples_20260811.csv,20260811,existing fold_id P2-style split when available; group fallback otherwise
deepmask_gpr,existing_fold_p2,deepmask_gpr::augmented_intact::23_aug_4,intact,intact::23,test,7405e5d1627ee7e1094358e652ceb0b9d1d28f7be32b3d6643f1cd89f28f94b8,data_manifests/deepmask_gpr_unified_samples_20260811.csv,20260811,existing fold_id P2-style split when available; group fallback otherwise
deepmask_gpr,existing_fold_p2,deepmask_gpr::augmented_intact::23_aug_5,intact,intact::23,test,9ba6ebff604ec7eff19f2381ed1d0319e150c3c52ba97ff51a05de3c4f6e1f62,data_manifests/deepmask_gpr_unified_samples_20260811.csv,20260811,existing fold_id P2-style split when available; group fallback otherwise
deepmask_gpr,existing_fold_p2,deepmask_gpr::augmented_intact::23_aug_6,intact,intact::23,test,6d7fd271a3c690e41767fd0bc01cac2899a3f9ccd7297399a82560a04f442e89,data_manifests/deepmask_gpr_unified_samples_20260811.csv,20260811,existing fold_id P2-style split when available; group fallback otherwise
deepmask_gpr,existing_fold_p2,deepmask_gpr::augmented_intact::23_aug_7,intact,intact::23,test,cc6807e089df314fa3bae4be971fac876bb7502af897d7710dcd77c6bee64077,data_manifests/deepmask_gpr_unified_samples_20260811.csv,20260811,existing fold_id P2-style split when available; group fallback otherwise
deepmask_gpr,existing_fold_p2,deepmask_gpr::augmented_intact::23_aug_8,intact,intact::23,test,873c6cdab53c4ac8a067d8bebf937a2149dca64ec9d53c5ecae7fd855104bc46,data_manifests/deepmask_gpr_unified_samples_20260811.csv,20260811,existing fold_id P2-style split when available; group fallback otherwise
deepmask_gpr,existing_fold_p2,deepmask_gpr::augmented_intact::23_aug_9,intact,intact::23,test,b28c146a552d94ec390bd35e30365b476bc4db8b442a2b03f27077fbb64f88b6,data_manifests/deepmask_gpr_unified_samples_20260811.csv,20260811,existing fold_id P2-style split when available; group fallback otherwise
deepmask_gpr,existing_fold_p2,deepmask_gpr::augmented_intact::25 (2)_aug_1,intact,intact::25 (2),test,553fab8e80799d5969f5fc9eee32459318c5ca0b56e258c41bb13b342077e4fc,data_manifests/deepmask_gpr_unified_samples_20260811.csv,20260811,existing fold_id P2-style split when available; group fallback otherwise
deepmask_gpr,existing_fold_p2,deepmask_gpr::augmented_intact::25 (2)_aug_10,intact,intact::25 (2),test,e8c3b79417d81a6a4d3318c987852095e15c8b8bd55f95f6f640b5eb5298368c,data_manifests/deepmask_gpr_unified_samples_20260811.csv,20260811,existing fold_id P2-style split when available; group fallback otherwise
deepmask_gpr,existing_fold_p2,deepmask_gpr::augmented_intact::25 (2)_aug_11,intact,intact::25 (2),test,832ecb70ef81dcbfeb4665b314562aca5f3b3434e746f8bccf77ffbaaf3820c1,data_manifests/deepmask_gpr_unified_samples_20260811.csv,20260811,existing fold_id P2-style split when available; group fallback otherwise
deepmask_gpr,existing_fold_p2,deepmask_gpr::augmented_intact::25 (2)_aug_12,intact,intact::25 (2),test,e33c430a48cd51c4ec91b461d500840d9589cddbadda92e44dcbc3c8911692ba,data_manifests/deepmask_gpr_unified_samples_20260811.csv,20260811,existing fold_id P2-style split when available; group fallback otherwise
deepmask_gpr,existing_fold_p2,deepmask_gpr::augmented_intact::25 (2)_aug_2,intact,intact::25 (2),test,f08c4832ff9edabf57e981483be6ee54ac8f3e2e8cc081d007f79c9fe94cf3a8,data_manifests/deepmask_gpr_unified_samples_20260811.csv,20260811,existing fold_id P2-style split when available; group fallback otherwise
deepmask_gpr,existing_fold_p2,deepmask_gpr::augmented_intact::25 (2)_aug_3,intact,intact::25 (2),test,66a1a1bbf155deaaa032b1ad4451644992953d7454d3e9e94fdf1517e6ce1140,data_manifests/deepmask_gpr_unified_samples_20260811.csv,20260811,existing fold_id P2-style split when available; group fallback otherwise
deepmask_gpr,existing_fold_p2,deepmask_gpr::augmented_intact::25 (2)_aug_4,intact,intact::25 (2),test,1b0998e563155fcc2fc689b2c620a99399e35219f419c0ce6cefa6bff786a00f,data_manifests/deepmask_gpr_unified_samples_20260811.csv,20260811,existing fold_id P2-style split when available; group fallback otherwise
deepmask_gpr,existing_fold_p2,deepmask_gpr::augmented_intact::25 (2)_aug_5,intact,intact::25 (2),test,e14807495307674bf124c27b03a1654b6ce4c43b5552c88143144393b049e7d4,data_manifests/deepmask_gpr_unified_samples_20260811.csv,20260811,existing fold_id P2-style split when available; group fallback otherwise
deepmask_gpr,existing_fold_p2,deepmask_gpr::augmented_intact::25 (2)_aug_6,intact,intact::25 (2),test,ca5f5ccf9c481d66fe2ebcc64602ac07df08f28cce366229e3733b3f6c0cd311,data_manifests/deepmask_gpr_unified_samples_20260811.csv,20260811,existing fold_id P2-style split when available; group fallback otherwise
deepmask_gpr,existing_fold_p2,deepmask_gpr::augmented_intact::25 (2)_aug_7,intact,intact::25 (2),test,d74b1df8b373ebb0a287a3fe247c07585c8d7709772dbb478db56afb005255aa,data_manifests/deepmask_gpr_unified_samples_20260811.csv,20260811,existing fold_id P2-style split when available; group fallback otherwise
deepmask_gpr,existing_fold_p2,deepmask_gpr::augmented_intact::25 (2)_aug_8,intact,intact::25 (2),test,4414eb6cafa760918849f5bf5dfceb7ea59a6961077b7bde5ea6ff519cf0dc2a,data_manifests/deepmask_gpr_unified_samples_20260811.csv,20260811,existing fold_id P2-style split when available; group fallback otherwise
deepmask_gpr,existing_fold_p2,deepmask_gpr::augmented_intact::25 (2)_aug_9,intact,intact::25 (2),test,4590367913ed363bbcd41adf2924a7c95754da31c1e8007128c1cdcc0898fa44,data_manifests/deepmask_gpr_unified_samples_20260811.csv,20260811,existing fold_id P2-style split when available; group fallback otherwise
deepmask_gpr,existing_fold_p2,deepmask_gpr::augmented_intact::25_aug_1,intact,intact::25,train,a2cbd6da70bf7508f50316d5899839a6c7ad4402908b2e2b71a2c8efd78b09d2,data_manifests/deepmask_gpr_unified_samples_20260811.csv,20260811,existing fold_id P2-style split when available; group fallback otherwise
deepmask_gpr,existing_fold_p2,deepmask_gpr::augmented_intact::25_aug_10,intact,intact::25,train,35972186a9247ce5edbbf9c5c5f580d32ac0e23e82e7320e035ff99b86f21425,data_manifests/deepmask_gpr_unified_samples_20260811.csv,20260811,existing fold_id P2-style split when available; group fallback otherwise
deepmask_gpr,existing_fold_p2,deepmask_gpr::augmented_intact::25_aug_11,intact,intact::25,train,0d7aa4401da6746eb1a5ffa3788d006abd82440fc60e89f56577db71990273f8,data_manifests/deepmask_gpr_unified_samples_20260811.csv,20260811,existing fold_id P2-style split when available; group fallback otherwise
deepmask_gpr,existing_fold_p2,deepmask_gpr::augmented_intact::25_aug_12,intact,intact::25,train,b2df07472a0be4fa0fce1598d246cdd7a1a8a9b27b941789a927060214ac96ed,data_manifests/deepmask_gpr_unified_samples_20260811.csv,20260811,existing fold_id P2-style split when available; group fallback otherwise
deepmask_gpr,existing_fold_p2,deepmask_gpr::augmented_intact::25_aug_2,intact,intact::25,train,88d4afbca8121546f2d1fe3cdbba400f94e1cecc547157cc6756bf4e40e6218a,data_manifests/deepmask_gpr_unified_samples_20260811.csv,20260811,existing fold_id P2-style split when available; group fallback otherwise
deepmask_gpr,existing_fold_p2,deepmask_gpr::augmented_intact::25_aug_3,intact,intact::25,train,29a037f1da41a1f64d7cd117b40884511130866f496c6ad0ea0e2af998b096e4,data_manifests/deepmask_gpr_unified_samples_20260811.csv,20260811,existing fold_id P2-style split when available; group fallback otherwise
deepmask_gpr,existing_fold_p2,deepmask_gpr::augmented_intact::25_aug_4,intact,intact::25,train,17b26fa5208e8d274a9a5ca44f15c392ee521cf42add707bc50c6a65fef7d318,data_manifests/deepmask_gpr_unified_samples_20260811.csv,20260811,existing fold_id P2-style split when available; group fallback otherwise
deepmask_gpr,existing_fold_p2,deepmask_gpr::augmented_intact::25_aug_5,intact,intact::25,train,726bbf823ed0397caeed4cd78e081cc11fbc4a042d6fe2b245cba9a043617c7b,data_manifests/deepmask_gpr_unified_samples_20260811.csv,20260811,existing fold_id P2-style split when available; group fallback otherwise
deepmask_gpr,existing_fold_p2,deepmask_gpr::augmented_intact::25_aug_6,intact,intact::25,train,cc1042222467d8d7c283ae44c512275587f3bbe58295801878fc5d2ca596806a,data_manifests/deepmask_gpr_unified_samples_20260811.csv,20260811,existing fold_id P2-style split when available; group fallback otherwise
deepmask_gpr,existing_fold_p2,deepmask_gpr::augmented_intact::25_aug_7,intact,intact::25,train,cf64615a668777bcbe362909bcd4f43822af136197424c1782e7665928c08d92,data_manifests/deepmask_gpr_unified_samples_20260811.csv,20260811,existing fold_id P2-style split when available; group fallback otherwise
deepmask_gpr,existing_fold_p2,deepmask_gpr::augmented_intact::25_aug_8,intact,intact::25,train,8fcc4e29c2b0cda34f7eca8ba8c6d53a6814b3e1176d578bfe5e226ab952d50d,data_manifests/deepmask_gpr_unified_samples_20260811.csv,20260811,existing fold_id P2-style split when available; group fallback otherwise
deepmask_gpr,existing_fold_p2,deepmask_gpr::augmented_intact::25_aug_9,intact,intact::25,train,a27670de1033555da5945ff7429adeaf6cff50c595c417b75f81d39eedb46148,data_manifests/deepmask_gpr_unified_samples_20260811.csv,20260811,existing fold_id P2-style split when available; group fallback otherwise
deepmask_gpr,existing_fold_p2,deepmask_gpr::augmented_intact::26 (2)_aug_1,intact,intact::26 (2),train,e0f2b8795a72c22e4576c2032d84c3ae207bd4c8dc82b38440d3bd55f7558b9e,data_manifests/deepmask_gpr_unified_samples_20260811.csv,20260811,existing fold_id P2-style split when available; group fallback otherwise
deepmask_gpr,existing_fold_p2,deepmask_gpr::augmented_intact::26 (2)_aug_10,intact,intact::26 (2),train,eb549296108ad44f27ce546151037d998abb6dcfcee171d0f314cbaa42c508fb,data_manifests/deepmask_gpr_unified_samples_20260811.csv,20260811,existing fold_id P2-style split when available; group fallback otherwise
deepmask_gpr,existing_fold_p2,deepmask_gpr::augmented_intact::26 (2)_aug_11,intact,intact::26 (2),train,add8e9584f762722456e8ba7c90eeefb2a072202d99a03a1ea31b264d2b0171a,data_manifests/deepmask_gpr_unified_samples_20260811.csv,20260811,existing fold_id P2-style split when available; group fallback otherwise
deepmask_gpr,existing_fold_p2,deepmask_gpr::augmented_intact::26 (2)_aug_12,intact,intact::26 (2),train,a34cb279ae73c3d179d264adc749ad3a55f3009aaa2a10017361256a6cb6d33f,data_manifests/deepmask_gpr_unified_samples_20260811.csv,20260811,existing fold_id P2-style split when available; group fallback otherwise
deepmask_gpr,existing_fold_p2,deepmask_gpr::augmented_intact::26 (2)_aug_2,intact,intact::26 (2),train,2addff009b4884ec76f5857b92a3ad99e5cc3a7664629f661116c1391013390c,data_manifests/deepmask_gpr_unified_samples_20260811.csv,20260811,existing fold_id P2-style split when available; group fallback otherwise
deepmask_gpr,existing_fold_p2,deepmask_gpr::augmented_intact::26 (2)_aug_3,intact,intact::26 (2),train,e7d8663710b875327c28d5d1b5292714900d5a4c346ea7dc09de898111295d9a,data_manifests/deepmask_gpr_unified_samples_20260811.csv,20260811,existing fold_id P2-style split when available; group fallback otherwise
deepmask_gpr,existing_fold_p2,deepmask_gpr::augmented_intact::26 (2)_aug_4,intact,intact::26 (2),train,ea90dcb97ce879a8cf23fc3a5b96eec14623a99d98a5f57055f2f479eda9229c,data_manifests/deepmask_gpr_unified_samples_20260811.csv,20260811,existing fold_id P2-style split when available; group fallback otherwise
deepmask_gpr,existing_fold_p2,deepmask_gpr::augmented_intact::26 (2)_aug_5,intact,intact::26 (2),train,ee40cfca3dfc56983553351baddccab3170c0b3727b0aafdb5bcb8ca9a851e99,data_manifests/deepmask_gpr_unified_samples_20260811.csv,20260811,existing fold_id P2-style split when available; group fallback otherwise
deepmask_gpr,existing_fold_p2,deepmask_gpr::augmented_intact::26 (2)_aug_6,intact,intact::26 (2),train,fc72161ed6fb5e538dcdc9dd3603fe3332910a84fb7de592b13e2103857aa77e,data_manifests/deepmask_gpr_unified_samples_20260811.csv,20260811,existing fold_id P2-style split when available; group fallback otherwise
deepmask_gpr,existing_fold_p2,deepmask_gpr::augmented_intact::26 (2)_aug_7,intact,intact::26 (2),train,9a5f304649af2981eaae1ad95cfa86f3ac72d56b677a45e9464f10759d9242c4,data_manifests/deepmask_gpr_unified_samples_20260811.csv,20260811,existing fold_id P2-style split when available; group fallback otherwise
deepmask_gpr,existing_fold_p2,deepmask_gpr::augmented_intact::26 (2)_aug_8,intact,intact::26 (2),train,be7ead29dd865d1ab8fd88bd1d583f71d56e82cacf6c0c4e914e0617d20f9e82,data_manifests/deepmask_gpr_unified_samples_20260811.csv,20260811,existing fold_id P2-style split when available; group fallback otherwise
deepmask_gpr,existing_fold_p2,deepmask_gpr::augmented_intact::26 (2)_aug_9,intact,intact::26 (2),train,e0b22a1718bd14a0d496babac1388567eb39f20b9611e81decdd1494ee3550d2,data_manifests/deepmask_gpr_unified_samples_20260811.csv,20260811,existing fold_id P2-style split when available; group fallback otherwise
deepmask_gpr,existing_fold_p2,deepmask_gpr::augmented_intact::26_aug_1,intact,intact::26,train,608a1758324fd81d62d77233f565a62a0fc257abcc8a1002dbdaedc93be568d5,data_manifests/deepmask_gpr_unified_samples_20260811.csv,20260811,existing fold_id P2-style split when available; group fallback otherwise
deepmask_gpr,existing_fold_p2,deepmask_gpr::augmented_intact::26_aug_10,intact,intact::26,train,9e42520913c28a13b29ac9f91491467323c7f26b1da028922d58fde446895637,data_manifests/deepmask_gpr_unified_samples_20260811.csv,20260811,existing fold_id P2-style split when available; group fallback otherwise
deepmask_gpr,existing_fold_p2,deepmask_gpr::augmented_intact::26_aug_11,intact,intact::26,train,ed76bbdad39bbdfcad7bd6b382f7195d9214840592b70680a6a6fa1eff3f17b6,data_manifests/deepmask_gpr_unified_samples_20260811.csv,20260811,existing fold_id P2-style split when available; group fallback otherwise
deepmask_gpr,existing_fold_p2,deepmask_gpr::augmented_intact::26_aug_12,intact,intact::26,train,483b40251e32cae77d3b9e7c15441debe294b5a3dfe152ba1a9d52bba0ba99c6,data_manifests/deepmask_gpr_unified_samples_20260811.csv,20260811,existing fold_id P2-style split when available; group fallback otherwise
deepmask_gpr,existing_fold_p2,deepmask_gpr::augmented_intact::26_aug_2,intact,intact::26,train,e248942e9f4372c685fc0785e149c7f04474bbf524ade6d66774624efd00d43a,data_manifests/deepmask_gpr_unified_samples_20260811.csv,20260811,existing fold_id P2-style split when available; group fallback otherwise
deepmask_gpr,existing_fold_p2,deepmask_gpr::augmented_intact::26_aug_3,intact,intact::26,train,2f769d1ef2dbf2db51b663fc0f047e3bec498ecf471c23b223236dea47b902b4,data_manifests/deepmask_gpr_unified_samples_20260811.csv,20260811,existing fold_id P2-style split when available; group fallback otherwise
deepmask_gpr,existing_fold_p2,deepmask_gpr::augmented_intact::26_aug_4,intact,intact::26,train,a66eeeb698319b60e86fd22cf5e894ab78c6c81f1963a2a11f4396aaae30f3ba,data_manifests/deepmask_gpr_unified_samples_20260811.csv,20260811,existing fold_id P2-style split when available; group fallback otherwise
deepmask_gpr,existing_fold_p2,deepmask_gpr::augmented_intact::26_aug_5,intact,intact::26,train,738d24cc812ccadb16d604014487d06ab556ecf052d9906feb91bb0f7ce9ce0f,data_manifests/deepmask_gpr_unified_samples_20260811.csv,20260811,existing fold_id P2-style split when available; group fallback otherwise
deepmask_gpr,existing_fold_p2,deepmask_gpr::augmented_intact::26_aug_6,intact,intact::26,train,1aadcb5eaef81f27416b54e97c9435be44351712d44be2bab6887bf9a121e538,data_manifests/deepmask_gpr_unified_samples_20260811.csv,20260811,existing fold_id P2-style split when available; group fallback otherwise
deepmask_gpr,existing_fold_p2,deepmask_gpr::augmented_intact::26_aug_7,intact,intact::26,train,35360bb7545d140082d34a4130bf980d596024db4eb9d546c24214904ef2a959,data_manifests/deepmask_gpr_unified_samples_20260811.csv,20260811,existing fold_id P2-style split when available; group fallback otherwise
deepmask_gpr,existing_fold_p2,deepmask_gpr::augmented_intact::26_aug_8,intact,intact::26,train,537fe78be0fdb81890d7a9de75a2aa97381a01bea9820fdff97a6eee234fb607,data_manifests/deepmask_gpr_unified_samples_20260811.csv,20260811,existing fold_id P2-style split when available; group fallback otherwise
deepmask_gpr,existing_fold_p2,deepmask_gpr::augmented_intact::26_aug_9,intact,intact::26,train,dd6759ccd31eebc2e6f3dab8d836e54af26f5c370ad6e32d8ab27e75762e94f7,data_manifests/deepmask_gpr_unified_samples_20260811.csv,20260811,existing fold_id P2-style split when available; group fallback otherwise
deepmask_gpr,existing_fold_p2,deepmask_gpr::augmented_intact::27 (2)_aug_1,intact,intact::27 (2),train,4c4dd031392bc3dfb1b84fa6534a0be287c09a10db9680616971b08b1d5aad5d,data_manifests/deepmask_gpr_unified_samples_20260811.csv,20260811,existing fold_id P2-style split when available; group fallback otherwise
deepmask_gpr,existing_fold_p2,deepmask_gpr::augmented_intact::27 (2)_aug_10,intact,intact::27 (2),train,07376336112fb3812ec74cc71d72569b7d313eb92b215f2fbe7edddb5172b2f5,data_manifests/deepmask_gpr_unified_samples_20260811.csv,20260811,existing fold_id P2-style split when available; group fallback otherwise
deepmask_gpr,existing_fold_p2,deepmask_gpr::augmented_intact::27 (2)_aug_11,intact,intact::27 (2),train,4bcd19f73d33759fc30dc932b0b60fb25f570bd0be4faede43bd1ee87e41750d,data_manifests/deepmask_gpr_unified_samples_20260811.csv,20260811,existing fold_id P2-style split when available; group fallback otherwise
deepmask_gpr,existing_fold_p2,deepmask_gpr::augmented_intact::27 (2)_aug_12,intact,intact::27 (2),train,c137fdd88f57c48dc6dc16639c96121e0b2395bb9b8a4bfe79ead909b23a7f05,data_manifests/deepmask_gpr_unified_samples_20260811.csv,20260811,existing fold_id P2-style split when available; group fallback otherwise
deepmask_gpr,existing_fold_p2,deepmask_gpr::augmented_intact::27 (2)_aug_2,intact,intact::27 (2),train,7fdfbb37c534909413a0dc5af3323372622bd50347b638a6b652e89abeb2e0f0,data_manifests/deepmask_gpr_unified_samples_20260811.csv,20260811,existing fold_id P2-style split when available; group fallback otherwise
deepmask_gpr,existing_fold_p2,deepmask_gpr::augmented_intact::27 (2)_aug_3,intact,intact::27 (2),train,5c488bc0fface8e18a738b3e6ca052003134ce67fbf0f65a9d67954468868ffb,data_manifests/deepmask_gpr_unified_samples_20260811.csv,20260811,existing fold_id P2-style split when available; group fallback otherwise
deepmask_gpr,existing_fold_p2,deepmask_gpr::augmented_intact::27 (2)_aug_4,intact,intact::27 (2),train,0cb0ca40a0ed144302f821060f9b1cbe156208ee37b2a7765cfc8606611617d8,data_manifests/deepmask_gpr_unified_samples_20260811.csv,20260811,existing fold_id P2-style split when available; group fallback otherwise
deepmask_gpr,existing_fold_p2,deepmask_gpr::augmented_intact::27 (2)_aug_5,intact,intact::27 (2),train,f713b93be5a197121b2c96eee9c42eec3e66daeabcd5ecfd72c51e8a60d8c079,data_manifests/deepmask_gpr_unified_samples_20260811.csv,20260811,existing fold_id P2-style split when available; group fallback otherwise
deepmask_gpr,existing_fold_p2,deepmask_gpr::augmented_intact::27 (2)_aug_6,intact,intact::27 (2),train,885a55a8933b182d3452560be034e78a51daeba1250c24826f1336ea65f97054,data_manifests/deepmask_gpr_unified_samples_20260811.csv,20260811,existing fold_id P2-style split when available; group fallback otherwise
deepmask_gpr,existing_fold_p2,deepmask_gpr::augmented_intact::27 (2)_aug_7,intact,intact::27 (2),train,d7d2613841e8e67b5bce4d120e04efe0f78db0de043fc7272b8acfe98a7cc206,data_manifests/deepmask_gpr_unified_samples_20260811.csv,20260811,existing fold_id P2-style split when available; group fallback otherwise
deepmask_gpr,existing_fold_p2,deepmask_gpr::augmented_intact::27 (2)_aug_8,intact,intact::27 (2),train,82523988fa6a3dfaef4145f0faa72a5310b4c02fdad11a5e7a0d18790debc816,data_manifests/deepmask_gpr_unified_samples_20260811.csv,20260811,existing fold_id P2-style split when available; group fallback otherwise
deepmask_gpr,existing_fold_p2,deepmask_gpr::augmented_intact::27 (2)_aug_9,intact,intact::27 (2),train,6804848302cb105ce4689e91a98eab88a2eaecbd98b40c4ae0eb4ebff6b0aae8,data_manifests/deepmask_gpr_unified_samples_20260811.csv,20260811,existing fold_id P2-style split when available; group fallback otherwise
deepmask_gpr,existing_fold_p2,deepmask_gpr::augmented_intact::27_aug_1,intact,intact::27,train,cd947090f9dc52374a156d3623c9cbf7908e86e501a4f7852c5c5de60c314667,data_manifests/deepmask_gpr_unified_samples_20260811.csv,20260811,existing fold_id P2-style split when available; group fallback otherwise
deepmask_gpr,existing_fold_p2,deepmask_gpr::augmented_intact::27_aug_10,intact,intact::27,train,0f4068a691102993195aff7aabf5ecc509e517076b18bfedb60c4c66a2a05d01,data_manifests/deepmask_gpr_unified_samples_20260811.csv,20260811,existing fold_id P2-style split when available; group fallback otherwise
deepmask_gpr,existing_fold_p2,deepmask_gpr::augmented_intact::27_aug_11,intact,intact::27,train,f7a2c77e304dcdebc15e5ac1bd0d801a9d9a229250a2b81ac6b0fe7de90d07ce,data_manifests/deepmask_gpr_unified_samples_20260811.csv,20260811,existing fold_id P2-style split when available; group fallback otherwise
deepmask_gpr,existing_fold_p2,deepmask_gpr::augmented_intact::27_aug_12,intact,intact::27,train,8e4b29fa9a496cb90ee2220b70f5c897651cc84fb054b631f2ea8baf29995430,data_manifests/deepmask_gpr_unified_samples_20260811.csv,20260811,existing fold_id P2-style split when available; group fallback otherwise
deepmask_gpr,existing_fold_p2,deepmask_gpr::augmented_intact::27_aug_2,intact,intact::27,train,14b8c2b9f2cd32b7a3b765af9553126b8204cc7464ea662fd08382a83e5a79d5,data_manifests/deepmask_gpr_unified_samples_20260811.csv,20260811,existing fold_id P2-style split when available; group fallback otherwise
deepmask_gpr,existing_fold_p2,deepmask_gpr::augmented_intact::27_aug_3,intact,intact::27,train,f613289e825e7b6a1a97fe4ee7a7e4484ae53c5b17e98acb489dbad7359c061f,data_manifests/deepmask_gpr_unified_samples_20260811.csv,20260811,existing fold_id P2-style split when available; group fallback otherwise
deepmask_gpr,existing_fold_p2,deepmask_gpr::augmented_intact::27_aug_4,intact,intact::27,train,f56becd99ef2ac3c07b2b86f951ed7e7c774f8011d8dfea070295696e832f39b,data_manifests/deepmask_gpr_unified_samples_20260811.csv,20260811,existing fold_id P2-style split when available; group fallback otherwise
deepmask_gpr,existing_fold_p2,deepmask_gpr::augmented_intact::27_aug_5,intact,intact::27,train,b8b025c82c2f06d15fed74101967b604e29be3fde0a54b4a4d860d88cf1f2cea,data_manifests/deepmask_gpr_unified_samples_20260811.csv,20260811,existing fold_id P2-style split when available; group fallback otherwise
deepmask_gpr,existing_fold_p2,deepmask_gpr::augmented_intact::27_aug_6,intact,intact::27,train,c064be2a318f21c7f7ffc12b6db9a61f0a7df9b10e9751192b74a6ebaa7552e3,data_manifests/deepmask_gpr_unified_samples_20260811.csv,20260811,existing fold_id P2-style split when available; group fallback otherwise
deepmask_gpr,existing_fold_p2,deepmask_gpr::augmented_intact::27_aug_7,intact,intact::27,train,47d6f61287c75669249752537c5a8a0956c3560b40f63a6ff5d3d6835a1071c4,data_manifests/deepmask_gpr_unified_samples_20260811.csv,20260811,existing fold_id P2-style split when available; group fallback otherwise
deepmask_gpr,existing_fold_p2,deepmask_gpr::augmented_intact::27_aug_8,intact,intact::27,train,87227fb92452e1460b65f96e2a566103e00d878ad3b993ad9db08f1e9d6249be,data_manifests/deepmask_gpr_unified_samples_20260811.csv,20260811,existing fold_id P2-style split when available; group fallback otherwise
deepmask_gpr,existing_fold_p2,deepmask_gpr::augmented_intact::27_aug_9,intact,intact::27,train,082408f9bc24147ac5fc3c409f1af1f07f12bf77d82fa506bda33acd0a23fbb8,data_manifests/deepmask_gpr_unified_samples_20260811.csv,20260811,existing fold_id P2-style split when available; group fallback otherwise
deepmask_gpr,existing_fold_p2,deepmask_gpr::augmented_intact::28 (2)_aug_1,intact,intact::28 (2),train,b62e051a0b83fb5ff1d93b0372b8dfbfd90b0c57459e5de24e11f3797431706c,data_manifests/deepmask_gpr_unified_samples_20260811.csv,20260811,existing fold_id P2-style split when available; group fallback otherwise
deepmask_gpr,existing_fold_p2,deepmask_gpr::augmented_intact::28 (2)_aug_10,intact,intact::28 (2),train,a0bb661914177375ad87cd1ffa174bceb554512269e09f426c78fde55ca45c78,data_manifests/deepmask_gpr_unified_samples_20260811.csv,20260811,existing fold_id P2-style split when available; group fallback otherwise
deepmask_gpr,existing_fold_p2,deepmask_gpr::augmented_intact::28 (2)_aug_11,intact,intact::28 (2),train,34b17a91e11108073f91cba229cffba95c9fb8060adf4e376e4ad5fd8e4c48b1,data_manifests/deepmask_gpr_unified_samples_20260811.csv,20260811,existing fold_id P2-style split when available; group fallback otherwise
deepmask_gpr,existing_fold_p2,deepmask_gpr::augmented_intact::28 (2)_aug_12,intact,intact::28 (2),train,f08964b50b8269e5526b6edea4f8f89bb3bf4a498ddfe4dc2d84d098219f00b6,data_manifests/deepmask_gpr_unified_samples_20260811.csv,20260811,existing fold_id P2-style split when available; group fallback otherwise
deepmask_gpr,existing_fold_p2,deepmask_gpr::augmented_intact::28 (2)_aug_2,intact,intact::28 (2),train,9e439bff29e0eac2655bde7081ddfa7abb170004aec01654f9aa63a82b133af7,data_manifests/deepmask_gpr_unified_samples_20260811.csv,20260811,existing fold_id P2-style split when available; group fallback otherwise
deepmask_gpr,existing_fold_p2,deepmask_gpr::augmented_intact::28 (2)_aug_3,intact,intact::28 (2),train,70705de013183da2ac433ed9a7b1ce22f67af9454debe2b48fc831b0e0e128d1,data_manifests/deepmask_gpr_unified_samples_20260811.csv,20260811,existing fold_id P2-style split when available; group fallback otherwise
deepmask_gpr,existing_fold_p2,deepmask_gpr::augmented_intact::28 (2)_aug_4,intact,intact::28 (2),train,c59adc70dcc74a394fc612d0a6408f5628c415842637921e3ec5430f849b039b,data_manifests/deepmask_gpr_unified_samples_20260811.csv,20260811,existing fold_id P2-style split when available; group fallback otherwise
deepmask_gpr,existing_fold_p2,deepmask_gpr::augmented_intact::28 (2)_aug_5,intact,intact::28 (2),train,263682464c6b936ab69654663a29b662b944cee28610cb48fd1fa1e15a48221d,data_manifests/deepmask_gpr_unified_samples_20260811.csv,20260811,existing fold_id P2-style split when available; group fallback otherwise
deepmask_gpr,existing_fold_p2,deepmask_gpr::augmented_intact::28 (2)_aug_6,intact,intact::28 (2),train,77d044d6ac67b3e65ec567761448936484d5b32c8191bc96866dfebc40c6680e,data_manifests/deepmask_gpr_unified_samples_20260811.csv,20260811,existing fold_id P2-style split when available; group fallback otherwise
deepmask_gpr,existing_fold_p2,deepmask_gpr::augmented_intact::28 (2)_aug_7,intact,intact::28 (2),train,47eda329ea60d7b77c18c3b1efe60a50cd9e60005e59a118242006f98af00b97,data_manifests/deepmask_gpr_unified_samples_20260811.csv,20260811,existing fold_id P2-style split when available; group fallback otherwise
deepmask_gpr,existing_fold_p2,deepmask_gpr::augmented_intact::28 (2)_aug_8,intact,intact::28 (2),train,68da15721e22ce337efd84aa86259cc06f81438b5358511cb69e59259bc1af81,data_manifests/deepmask_gpr_unified_samples_20260811.csv,20260811,existing fold_id P2-style split when available; group fallback otherwise
deepmask_gpr,existing_fold_p2,deepmask_gpr::augmented_intact::28 (2)_aug_9,intact,intact::28 (2),train,619df933a09f981c55fae2881878656abbc576ad6652ea8d3e99bf231f2c3c14,data_manifests/deepmask_gpr_unified_samples_20260811.csv,20260811,existing fold_id P2-style split when available; group fallback otherwise
deepmask_gpr,existing_fold_p2,deepmask_gpr::augmented_intact::28_aug_1,intact,intact::28,train,a24ea217c2b11e2364359f8e6cd7119f76e98a985548be70c0986dc4678c3c2e,data_manifests/deepmask_gpr_unified_samples_20260811.csv,20260811,existing fold_id P2-style split when available; group fallback otherwise
deepmask_gpr,existing_fold_p2,deepmask_gpr::augmented_intact::28_aug_10,intact,intact::28,train,dd17ea5a1d5829a933b5bd2903153a1936987d6b10311e33280989ab0d717516,data_manifests/deepmask_gpr_unified_samples_20260811.csv,20260811,existing fold_id P2-style split when available; group fallback otherwise
deepmask_gpr,existing_fold_p2,deepmask_gpr::augmented_intact::28_aug_11,intact,intact::28,train,464437667d8b295f77b31ef2e0a1d56f5a38449c9456324ed20b1dddf5636f46,data_manifests/deepmask_gpr_unified_samples_20260811.csv,20260811,existing fold_id P2-style split when available; group fallback otherwise
deepmask_gpr,existing_fold_p2,deepmask_gpr::augmented_intact::28_aug_12,intact,intact::28,train,f2decf71f4e44fc1aa866cbd3ebcf9d53a5fe380ce288ba6af23cccfc19ad559,data_manifests/deepmask_gpr_unified_samples_20260811.csv,20260811,existing fold_id P2-style split when available; group fallback otherwise
deepmask_gpr,existing_fold_p2,deepmask_gpr::augmented_intact::28_aug_2,intact,intact::28,train,5f09ddf2722b3371d9b99060041b6c52edfca299617231c34807b9d4842746f0,data_manifests/deepmask_gpr_unified_samples_20260811.csv,20260811,existing fold_id P2-style split when available; group fallback otherwise
deepmask_gpr,existing_fold_p2,deepmask_gpr::augmented_intact::28_aug_3,intact,intact::28,train,fe07b88f1ff4e790cad163c20bc0014b95b30ed2feaed41e2dda9cdcd86cdba4,data_manifests/deepmask_gpr_unified_samples_20260811.csv,20260811,existing fold_id P2-style split when available; group fallback otherwise
deepmask_gpr,existing_fold_p2,deepmask_gpr::augmented_intact::28_aug_4,intact,intact::28,train,58e292febc83b66a491dfa3e964141430dda7dc9c2839de2154caaf6b0e968d4,data_manifests/deepmask_gpr_unified_samples_20260811.csv,20260811,existing fold_id P2-style split when available; group fallback otherwise
deepmask_gpr,existing_fold_p2,deepmask_gpr::augmented_intact::28_aug_5,intact,intact::28,train,d258140458cdb7e7ba3a8d099cf0df67d1df9456a1d2830ffdb859ebdbf11e3d,data_manifests/deepmask_gpr_unified_samples_20260811.csv,20260811,existing fold_id P2-style split when available; group fallback otherwise
deepmask_gpr,existing_fold_p2,deepmask_gpr::augmented_intact::28_aug_6,intact,intact::28,train,4291e15864d4832db209d04c532d88aef7591ec6110c9d2b8734041be577c75c,data_manifests/deepmask_gpr_unified_samples_20260811.csv,20260811,existing fold_id P2-style split when available; group fallback otherwise
deepmask_gpr,existing_fold_p2,deepmask_gpr::augmented_intact::28_aug_7,intact,intact::28,train,555076f00957b7aa778532b43893217d15e0dce3943620b456d2c3512841a36e,data_manifests/deepmask_gpr_unified_samples_20260811.csv,20260811,existing fold_id P2-style split when available; group fallback otherwise
deepmask_gpr,existing_fold_p2,deepmask_gpr::augmented_intact::28_aug_8,intact,intact::28,train,2a157a3e3131680e9e21b153b1bd42c8e9697295cac18bcaa59bfddf4d00c09a,data_manifests/deepmask_gpr_unified_samples_20260811.csv,20260811,existing fold_id P2-style split when available; group fallback otherwise
deepmask_gpr,existing_fold_p2,deepmask_gpr::augmented_intact::28_aug_9,intact,intact::28,train,413fefca81b23620ab5646be43cb139d15c058feb7bf67c55b94d73c4ae5f778,data_manifests/deepmask_gpr_unified_samples_20260811.csv,20260811,existing fold_id P2-style split when available; group fallback otherwise
deepmask_gpr,existing_fold_p2,deepmask_gpr::augmented_intact::2_aug_1,intact,intact::2,train,f5810bd325294012fe11eb67e0e560f6a4ad9d26adb3afb6f57b355d51c69df4,data_manifests/deepmask_gpr_unified_samples_20260811.csv,20260811,existing fold_id P2-style split when available; group fallback otherwise
deepmask_gpr,existing_fold_p2,deepmask_gpr::augmented_intact::2_aug_10,intact,intact::2,train,a40a250b76170873debe12eacc204b656b61415e315b7bc5f5c545af4333013f,data_manifests/deepmask_gpr_unified_samples_20260811.csv,20260811,existing fold_id P2-style split when available; group fallback otherwise
deepmask_gpr,existing_fold_p2,deepmask_gpr::augmented_intact::2_aug_11,intact,intact::2,train,bb6253531c67d803ebdca500463982cb0fe3757ead85d555f80de3adc76daa9e,data_manifests/deepmask_gpr_unified_samples_20260811.csv,20260811,existing fold_id P2-style split when available; group fallback otherwise
deepmask_gpr,existing_fold_p2,deepmask_gpr::augmented_intact::2_aug_12,intact,intact::2,train,f2e51c5e94efa93aee795bc3b8e088f403594f17d5f542065a546eca056fdb0c,data_manifests/deepmask_gpr_unified_samples_20260811.csv,20260811,existing fold_id P2-style split when available; group fallback otherwise
deepmask_gpr,existing_fold_p2,deepmask_gpr::augmented_intact::2_aug_2,intact,intact::2,train,147a03329b6c063097c43e0d5807a0396bc7e184cf4020025d13128f5eee4438,data_manifests/deepmask_gpr_unified_samples_20260811.csv,20260811,existing fold_id P2-style split when available; group fallback otherwise
deepmask_gpr,existing_fold_p2,deepmask_gpr::augmented_intact::2_aug_3,intact,intact::2,train,1ab9bb2eedb00203f87125fb10c51bf45f4c2486b956e04313d996b8ab9d29b5,data_manifests/deepmask_gpr_unified_samples_20260811.csv,20260811,existing fold_id P2-style split when available; group fallback otherwise
deepmask_gpr,existing_fold_p2,deepmask_gpr::augmented_intact::2_aug_4,intact,intact::2,train,307b3063fc12f6a7aa47732ba7edea76016fc384ac1e039305070d445571bf75,data_manifests/deepmask_gpr_unified_samples_20260811.csv,20260811,existing fold_id P2-style split when available; group fallback otherwise
deepmask_gpr,existing_fold_p2,deepmask_gpr::augmented_intact::2_aug_5,intact,intact::2,train,fea43d763951d2fee2439a001016778892663e8f65fa2ddcbb38c177ba00ea7c,data_manifests/deepmask_gpr_unified_samples_20260811.csv,20260811,existing fold_id P2-style split when available; group fallback otherwise
deepmask_gpr,existing_fold_p2,deepmask_gpr::augmented_intact::2_aug_6,intact,intact::2,train,84a1bc5a384dbaa1ec4b5ad8214bfd0c55fb20dd0496882cbdc4ecde6b89dc46,data_manifests/deepmask_gpr_unified_samples_20260811.csv,20260811,existing fold_id P2-style split when available; group fallback otherwise
deepmask_gpr,existing_fold_p2,deepmask_gpr::augmented_intact::2_aug_7,intact,intact::2,train,aef285d1b0d9695805614ec191f5e4898a1bff3b0e9dfacb1f8aedb57f5c08a3,data_manifests/deepmask_gpr_unified_samples_20260811.csv,20260811,existing fold_id P2-style split when available; group fallback otherwise
deepmask_gpr,existing_fold_p2,deepmask_gpr::augmented_intact::2_aug_8,intact,intact::2,train,4b93a099e4c4794836b61df34dc44919d9440dcf7a6cc963a1937d949594f99a,data_manifests/deepmask_gpr_unified_samples_20260811.csv,20260811,existing fold_id P2-style split when available; group fallback otherwise
deepmask_gpr,existing_fold_p2,deepmask_gpr::augmented_intact::2_aug_9,intact,intact::2,train,82c1b0ba37311e5bacb5a5dc5ebda2c22bd0e279daa991fd419619488d1df474,data_manifests/deepmask_gpr_unified_samples_20260811.csv,20260811,existing fold_id P2-style split when available; group fallback otherwise
deepmask_gpr,existing_fold_p2,deepmask_gpr::augmented_intact::3 (2)_aug_1,intact,intact::3 (2),train,e63a6ddf20bd2c761b2904b37ed51cd96a82230a8351728b26e3371d8994da00,data_manifests/deepmask_gpr_unified_samples_20260811.csv,20260811,existing fold_id P2-style split when available; group fallback otherwise
deepmask_gpr,existing_fold_p2,deepmask_gpr::augmented_intact::3 (2)_aug_10,intact,intact::3 (2),train,8402ab5e978f3d4a28d5a4b7609b88702c654f09321cf7279823cafd7eddd9da,data_manifests/deepmask_gpr_unified_samples_20260811.csv,20260811,existing fold_id P2-style split when available; group fallback otherwise
deepmask_gpr,existing_fold_p2,deepmask_gpr::augmented_intact::3 (2)_aug_11,intact,intact::3 (2),train,4e85c676100a2495517d3dab0da778cd5ae54ff9997146610ebd25db618805eb,data_manifests/deepmask_gpr_unified_samples_20260811.csv,20260811,existing fold_id P2-style split when available; group fallback otherwise
deepmask_gpr,existing_fold_p2,deepmask_gpr::augmented_intact::3 (2)_aug_12,intact,intact::3 (2),train,f95df506298dbe540962eb0ce25df45d4a1e5fea08a05d8d384b9026fc011b08,data_manifests/deepmask_gpr_unified_samples_20260811.csv,20260811,existing fold_id P2-style split when available; group fallback otherwise
deepmask_gpr,existing_fold_p2,deepmask_gpr::augmented_intact::3 (2)_aug_2,intact,intact::3 (2),train,a8de920e4e10d05a892ae0f33eb53f53fa817a117a7ab1c00163298464850657,data_manifests/deepmask_gpr_unified_samples_20260811.csv,20260811,existing fold_id P2-style split when available; group fallback otherwise
deepmask_gpr,existing_fold_p2,deepmask_gpr::augmented_intact::3 (2)_aug_3,intact,intact::3 (2),train,2cebff0f0c1b8ea11e4b9ef692bffc52de8b1cdaedc14de9506995c8a6396ab9,data_manifests/deepmask_gpr_unified_samples_20260811.csv,20260811,existing fold_id P2-style split when available; group fallback otherwise
deepmask_gpr,existing_fold_p2,deepmask_gpr::augmented_intact::3 (2)_aug_4,intact,intact::3 (2),train,cfa1b0e539177732891243a0bbf9414d8da9f263f67230843a02244c89772848,data_manifests/deepmask_gpr_unified_samples_20260811.csv,20260811,existing fold_id P2-style split when available; group fallback otherwise
deepmask_gpr,existing_fold_p2,deepmask_gpr::augmented_intact::3 (2)_aug_5,intact,intact::3 (2),train,00a8f5436ea09ab2c021d6ed0642dd7f7229db581cecceb8347e41cd5433c93e,data_manifests/deepmask_gpr_unified_samples_20260811.csv,20260811,existing fold_id P2-style split when available; group fallback otherwise
deepmask_gpr,existing_fold_p2,deepmask_gpr::augmented_intact::3 (2)_aug_6,intact,intact::3 (2),train,32962fd4fbd5b7c1fe3d3f5f6eb67962c031d59236191e785bc940ec5afbd154,data_manifests/deepmask_gpr_unified_samples_20260811.csv,20260811,existing fold_id P2-style split when available; group fallback otherwise
deepmask_gpr,existing_fold_p2,deepmask_gpr::augmented_intact::3 (2)_aug_7,intact,intact::3 (2),train,ee282f1797eb02f7446defb23180e223aa05fa6631ea307fdc7fe13bfbfd7aee,data_manifests/deepmask_gpr_unified_samples_20260811.csv,20260811,existing fold_id P2-style split when available; group fallback otherwise
deepmask_gpr,existing_fold_p2,deepmask_gpr::augmented_intact::3 (2)_aug_8,intact,intact::3 (2),train,da8f65ed86af83ed4bca31b73590e96dd189b37d196ed2804f4fcefe4ac6c28d,data_manifests/deepmask_gpr_unified_samples_20260811.csv,20260811,existing fold_id P2-style split when available; group fallback otherwise
deepmask_gpr,existing_fold_p2,deepmask_gpr::augmented_intact::3 (2)_aug_9,intact,intact::3 (2),train,0b31ece2d845742ce2abb9719ea6e6c958622b0de5b50acef2f201b18c591839,data_manifests/deepmask_gpr_unified_samples_20260811.csv,20260811,existing fold_id P2-style split when available; group fallback otherwise
deepmask_gpr,existing_fold_p2,deepmask_gpr::augmented_intact::31 (2)_aug_1,intact,intact::31 (2),train,04a4c9dbb58af8df6ef5967d40f593d84e45262c49cdbf0c714ee02bc7dae467,data_manifests/deepmask_gpr_unified_samples_20260811.csv,20260811,existing fold_id P2-style split when available; group fallback otherwise
deepmask_gpr,existing_fold_p2,deepmask_gpr::augmented_intact::31 (2)_aug_10,intact,intact::31 (2),train,776d621db9afff57ad31dbf26590d13a26ef8e437c17f0a24e0d97cb91a1c745,data_manifests/deepmask_gpr_unified_samples_20260811.csv,20260811,existing fold_id P2-style split when available; group fallback otherwise
deepmask_gpr,existing_fold_p2,deepmask_gpr::augmented_intact::31 (2)_aug_11,intact,intact::31 (2),train,eb88be239a43c7fbc091532163d6244f8fce31b83e236607d812b485b77f5ce5,data_manifests/deepmask_gpr_unified_samples_20260811.csv,20260811,existing fold_id P2-style split when available; group fallback otherwise
deepmask_gpr,existing_fold_p2,deepmask_gpr::augmented_intact::31 (2)_aug_12,intact,intact::31 (2),train,552b55667f8ab226ea553c008e7d54e8e90e23874c7fe9bf441a755007f6dd74,data_manifests/deepmask_gpr_unified_samples_20260811.csv,20260811,existing fold_id P2-style split when available; group fallback otherwise
deepmask_gpr,existing_fold_p2,deepmask_gpr::augmented_intact::31 (2)_aug_2,intact,intact::31 (2),train,a3e229345216c0df8dd85cdaf4f2b9516e44d46c401d4ca7fa6751d748aa7f9d,data_manifests/deepmask_gpr_unified_samples_20260811.csv,20260811,existing fold_id P2-style split when available; group fallback otherwise
deepmask_gpr,existing_fold_p2,deepmask_gpr::augmented_intact::31 (2)_aug_3,intact,intact::31 (2),train,6daa19896ddf957f0dd02bb9c48283d6bd2ee7b2c607affe79545888c3b4d75c,data_manifests/deepmask_gpr_unified_samples_20260811.csv,20260811,existing fold_id P2-style split when available; group fallback otherwise
deepmask_gpr,existing_fold_p2,deepmask_gpr::augmented_intact::31 (2)_aug_4,intact,intact::31 (2),train,f4f1a01aa1bea25ad8ec31710d255e9af5b66e6a0acf952040381fffc051befb,data_manifests/deepmask_gpr_unified_samples_20260811.csv,20260811,existing fold_id P2-style split when available; group fallback otherwise
deepmask_gpr,existing_fold_p2,deepmask_gpr::augmented_intact::31 (2)_aug_5,intact,intact::31 (2),train,12e2d3d16b27ed1fadacc6393d755a104630a1e590df78c24c68fa83b584f09d,data_manifests/deepmask_gpr_unified_samples_20260811.csv,20260811,existing fold_id P2-style split when available; group fallback otherwise
deepmask_gpr,existing_fold_p2,deepmask_gpr::augmented_intact::31 (2)_aug_6,intact,intact::31 (2),train,d16b54c7ae9c50c1f49364fc19787e14576c5e6d83467844621c0ab4b93886c2,data_manifests/deepmask_gpr_unified_samples_20260811.csv,20260811,existing fold_id P2-style split when available; group fallback otherwise
deepmask_gpr,existing_fold_p2,deepmask_gpr::augmented_intact::31 (2)_aug_7,intact,intact::31 (2),train,afec8150fb0303bd3e57b6220d3bacec54f0d8580c04ce463c6bed6d5018db19,data_manifests/deepmask_gpr_unified_samples_20260811.csv,20260811,existing fold_id P2-style split when available; group fallback otherwise
deepmask_gpr,existing_fold_p2,deepmask_gpr::augmented_intact::31 (2)_aug_8,intact,intact::31 (2),train,7f696c73ecd63951f5a84d01b58109d636fe52d302cb68c71c222efbfd1ade88,data_manifests/deepmask_gpr_unified_samples_20260811.csv,20260811,existing fold_id P2-style split when available; group fallback otherwise
deepmask_gpr,existing_fold_p2,deepmask_gpr::augmented_intact::31 (2)_aug_9,intact,intact::31 (2),train,de72c5191fa3ec05d46073bb56ac1ee36fff687ec5a3157116b7c182cc02abf4,data_manifests/deepmask_gpr_unified_samples_20260811.csv,20260811,existing fold_id P2-style split when available; group fallback otherwise
deepmask_gpr,existing_fold_p2,deepmask_gpr::augmented_intact::31_aug_1,intact,intact::31,train,124adc7e5be424dae6cb7d13bed49f62b5a5523c8acf65ae4a0376f0eedec92c,data_manifests/deepmask_gpr_unified_samples_20260811.csv,20260811,existing fold_id P2-style split when available; group fallback otherwise
deepmask_gpr,existing_fold_p2,deepmask_gpr::augmented_intact::31_aug_10,intact,intact::31,train,2e5e8c1867fef4b450cb716ac304fb912415a1b9bf9a90fac0555afdee419969,data_manifests/deepmask_gpr_unified_samples_20260811.csv,20260811,existing fold_id P2-style split when available; group fallback otherwise
deepmask_gpr,existing_fold_p2,deepmask_gpr::augmented_intact::31_aug_11,intact,intact::31,train,f1e703f3e3f3ca570e18fa657611b57f9f79241f8a10ec7b1adbd5924607464c,data_manifests/deepmask_gpr_unified_samples_20260811.csv,20260811,existing fold_id P2-style split when available; group fallback otherwise
deepmask_gpr,existing_fold_p2,deepmask_gpr::augmented_intact::31_aug_12,intact,intact::31,train,ba064437eea5126e6da7a03e5f68c9764e130ef0f31da331705d2f564164bfe7,data_manifests/deepmask_gpr_unified_samples_20260811.csv,20260811,existing fold_id P2-style split when available; group fallback otherwise
deepmask_gpr,existing_fold_p2,deepmask_gpr::augmented_intact::31_aug_2,intact,intact::31,train,44cd0bb51a78c5800fc6f73a0a322dfbebead523b7e3ac991e932a17b284119a,data_manifests/deepmask_gpr_unified_samples_20260811.csv,20260811,existing fold_id P2-style split when available; group fallback otherwise
deepmask_gpr,existing_fold_p2,deepmask_gpr::augmented_intact::31_aug_3,intact,intact::31,train,2b52c481d2abf03a6a6dfc7de4136bc44e5b261c6cd773a1805d8259e9e1a117,data_manifests/deepmask_gpr_unified_samples_20260811.csv,20260811,existing fold_id P2-style split when available; group fallback otherwise
deepmask_gpr,existing_fold_p2,deepmask_gpr::augmented_intact::31_aug_4,intact,intact::31,train,36f385e4fc441ec97c039988ff35c16da4df3875a6d117cd3b0e062fdb39c7c9,data_manifests/deepmask_gpr_unified_samples_20260811.csv,20260811,existing fold_id P2-style split when available; group fallback otherwise
deepmask_gpr,existing_fold_p2,deepmask_gpr::augmented_intact::31_aug_5,intact,intact::31,train,ff15da8fc023cc3daf3489e93c194c4c934d681318734e428aa69e61bab5d455,data_manifests/deepmask_gpr_unified_samples_20260811.csv,20260811,existing fold_id P2-style split when available; group fallback otherwise
deepmask_gpr,existing_fold_p2,deepmask_gpr::augmented_intact::31_aug_6,intact,intact::31,train,007155ab05cce2246435282324c049b68f410197baa89d408b7603fa0b6d8678,data_manifests/deepmask_gpr_unified_samples_20260811.csv,20260811,existing fold_id P2-style split when available; group fallback otherwise
deepmask_gpr,existing_fold_p2,deepmask_gpr::augmented_intact::31_aug_7,intact,intact::31,train,278eb4be7743c17842624e727d574ae207955559a1f43742f3ef9444136d6853,data_manifests/deepmask_gpr_unified_samples_20260811.csv,20260811,existing fold_id P2-style split when available; group fallback otherwise
deepmask_gpr,existing_fold_p2,deepmask_gpr::augmented_intact::31_aug_8,intact,intact::31,train,d16fd97a833595b65e83063aebc04bde2b78721e59d6fa2aed882d544db0538c,data_manifests/deepmask_gpr_unified_samples_20260811.csv,20260811,existing fold_id P2-style split when available; group fallback otherwise
deepmask_gpr,existing_fold_p2,deepmask_gpr::augmented_intact::31_aug_9,intact,intact::31,train,ff63b69e7ebb79b4448cf3836bcf4b689ccef0f372bed3513c36250ab8d59d47,data_manifests/deepmask_gpr_unified_samples_20260811.csv,20260811,existing fold_id P2-style split when available; group fallback otherwise
deepmask_gpr,existing_fold_p2,deepmask_gpr::augmented_intact::32 (2)_aug_1,intact,intact::32 (2),train,9c66888d888d7699f8fbbaadaf2484328eb2a81c3f2824301adca56e999a7699,data_manifests/deepmask_gpr_unified_samples_20260811.csv,20260811,existing fold_id P2-style split when available; group fallback otherwise
deepmask_gpr,existing_fold_p2,deepmask_gpr::augmented_intact::32 (2)_aug_10,intact,intact::32 (2),train,db66c0a4dbeac0ca5fc52c29b4eda8838f3c8e85fa48569001573bf41a83217a,data_manifests/deepmask_gpr_unified_samples_20260811.csv,20260811,existing fold_id P2-style split when available; group fallback otherwise
deepmask_gpr,existing_fold_p2,deepmask_gpr::augmented_intact::32 (2)_aug_11,intact,intact::32 (2),train,b5137de98d03629401a1a005ddd41f3fd47c667c2ece7da50e3b807658924ad7,data_manifests/deepmask_gpr_unified_samples_20260811.csv,20260811,existing fold_id P2-style split when available; group fallback otherwise
deepmask_gpr,existing_fold_p2,deepmask_gpr::augmented_intact::32 (2)_aug_12,intact,intact::32 (2),train,612c0b99b25c3cafefb5034fda6975167dca16d2da8d76a59eaa7cd876fa1591,data_manifests/deepmask_gpr_unified_samples_20260811.csv,20260811,existing fold_id P2-style split when available; group fallback otherwise
deepmask_gpr,existing_fold_p2,deepmask_gpr::augmented_intact::32 (2)_aug_2,intact,intact::32 (2),train,c8db48389c8b134b7e0a6dbb030f8e4bc705b312004f092f75d6dd83334ff33d,data_manifests/deepmask_gpr_unified_samples_20260811.csv,20260811,existing fold_id P2-style split when available; group fallback otherwise
deepmask_gpr,existing_fold_p2,deepmask_gpr::augmented_intact::32 (2)_aug_3,intact,intact::32 (2),train,f117c09b7fb07254b9e7f8ec53fa426bed806b8ad3133934cf947a4c2bd02e2d,data_manifests/deepmask_gpr_unified_samples_20260811.csv,20260811,existing fold_id P2-style split when available; group fallback otherwise
deepmask_gpr,existing_fold_p2,deepmask_gpr::augmented_intact::32 (2)_aug_4,intact,intact::32 (2),train,f9eeeb386113b55c27767e5e312a9794e75a700324350724e73304099f0e365b,data_manifests/deepmask_gpr_unified_samples_20260811.csv,20260811,existing fold_id P2-style split when available; group fallback otherwise
deepmask_gpr,existing_fold_p2,deepmask_gpr::augmented_intact::32 (2)_aug_5,intact,intact::32 (2),train,f4b2e6f5bbfece00ef32b2e9954b3b221274c8069d51ae29219bb197d289b686,data_manifests/deepmask_gpr_unified_samples_20260811.csv,20260811,existing fold_id P2-style split when available; group fallback otherwise
deepmask_gpr,existing_fold_p2,deepmask_gpr::augmented_intact::32 (2)_aug_6,intact,intact::32 (2),train,981c2928521ef6a3cf3ebb6ee02d198e070978c967a8f8b492b25b4f073e9930,data_manifests/deepmask_gpr_unified_samples_20260811.csv,20260811,existing fold_id P2-style split when available; group fallback otherwise
deepmask_gpr,existing_fold_p2,deepmask_gpr::augmented_intact::32 (2)_aug_7,intact,intact::32 (2),train,8fc85faba2c11bd883e3c274e2b81212296d24737311a610b212be7aa2206b37,data_manifests/deepmask_gpr_unified_samples_20260811.csv,20260811,existing fold_id P2-style split when available; group fallback otherwise
deepmask_gpr,existing_fold_p2,deepmask_gpr::augmented_intact::32 (2)_aug_8,intact,intact::32 (2),train,f7b97b5478c6860c5ea168463a41793f596cf9e2552a85f0d3816bf5f782a47e,data_manifests/deepmask_gpr_unified_samples_20260811.csv,20260811,existing fold_id P2-style split when available; group fallback otherwise
deepmask_gpr,existing_fold_p2,deepmask_gpr::augmented_intact::32 (2)_aug_9,intact,intact::32 (2),train,f01bd7ec86a92e002dd9a8bccd027007aa1c8f9f9d44d64f401f6a66bbc56de4,data_manifests/deepmask_gpr_unified_samples_20260811.csv,20260811,existing fold_id P2-style split when available; group fallback otherwise
deepmask_gpr,existing_fold_p2,deepmask_gpr::augmented_intact::32_aug_1,intact,intact::32,train,0d2dd0174d29d7ca1320f4b5a77da83ef7a449aa1189756e3499c8b7b592feba,data_manifests/deepmask_gpr_unified_samples_20260811.csv,20260811,existing fold_id P2-style split when available; group fallback otherwise
deepmask_gpr,existing_fold_p2,deepmask_gpr::augmented_intact::32_aug_10,intact,intact::32,train,bb48168e0fd5f129e8b8ef98923a92f6a4feaeeece0a7e8a3d92ce0a10fe3126,data_manifests/deepmask_gpr_unified_samples_20260811.csv,20260811,existing fold_id P2-style split when available; group fallback otherwise
deepmask_gpr,existing_fold_p2,deepmask_gpr::augmented_intact::32_aug_11,intact,intact::32,train,b12ab2fdf6e883e3477cbf11b02e059a0bab9ae66e90482bee6e6920d6d0c47a,data_manifests/deepmask_gpr_unified_samples_20260811.csv,20260811,existing fold_id P2-style split when available; group fallback otherwise
deepmask_gpr,existing_fold_p2,deepmask_gpr::augmented_intact::32_aug_12,intact,intact::32,train,1130166ae08734bf77c7d49a1476245b6e2325a5b52a1d20113ce321dba2fdf9,data_manifests/deepmask_gpr_unified_samples_20260811.csv,20260811,existing fold_id P2-style split when available; group fallback otherwise
deepmask_gpr,existing_fold_p2,deepmask_gpr::augmented_intact::32_aug_2,intact,intact::32,train,eeea258e8f9c66eb4f9c62a0f398e31b1f615ce506d93412c47306a0ce381828,data_manifests/deepmask_gpr_unified_samples_20260811.csv,20260811,existing fold_id P2-style split when available; group fallback otherwise
deepmask_gpr,existing_fold_p2,deepmask_gpr::augmented_intact::32_aug_3,intact,intact::32,train,4ca9124c2570529317ebd3e706414181298401b68886d568cf1bd0feacc28d24,data_manifests/deepmask_gpr_unified_samples_20260811.csv,20260811,existing fold_id P2-style split when available; group fallback otherwise
deepmask_gpr,existing_fold_p2,deepmask_gpr::augmented_intact::32_aug_4,intact,intact::32,train,ae8428e410e02866b7a3c2fcdcbb2b21dfdc614336f524ab53d7690b05a1f583,data_manifests/deepmask_gpr_unified_samples_20260811.csv,20260811,existing fold_id P2-style split when available; group fallback otherwise
deepmask_gpr,existing_fold_p2,deepmask_gpr::augmented_intact::32_aug_5,intact,intact::32,train,9b4d8ed0180a7c7ccc4758ca7331f10b949e8f3a4d48aa56749aebdd7ed253a4,data_manifests/deepmask_gpr_unified_samples_20260811.csv,20260811,existing fold_id P2-style split when available; group fallback otherwise
deepmask_gpr,existing_fold_p2,deepmask_gpr::augmented_intact::32_aug_6,intact,intact::32,train,682f6fbb0833729d0e023628ed4eb4a06b762cd919356afb5b6c5a92ce869c7c,data_manifests/deepmask_gpr_unified_samples_20260811.csv,20260811,existing fold_id P2-style split when available; group fallback otherwise
deepmask_gpr,existing_fold_p2,deepmask_gpr::augmented_intact::32_aug_7,intact,intact::32,train,23f5ca4494e4ad051f9f5b65712b473dd2f38480a3be14285a626730bbecae91,data_manifests/deepmask_gpr_unified_samples_20260811.csv,20260811,existing fold_id P2-style split when available; group fallback otherwise
deepmask_gpr,existing_fold_p2,deepmask_gpr::augmented_intact::32_aug_8,intact,intact::32,train,ed3e4677196a7f956737f708f79bbfaf2d69a7f8001b56fcd439a9e53673b01c,data_manifests/deepmask_gpr_unified_samples_20260811.csv,20260811,existing fold_id P2-style split when available; group fallback otherwise
deepmask_gpr,existing_fold_p2,deepmask_gpr::augmented_intact::32_aug_9,intact,intact::32,train,4b3b26e9e9e012c137051cd0c97b4d33349485512fe558a19f18b635cb38bb86,data_manifests/deepmask_gpr_unified_samples_20260811.csv,20260811,existing fold_id P2-style split when available; group fallback otherwise
deepmask_gpr,existing_fold_p2,deepmask_gpr::augmented_intact::36 (2)_aug_1,intact,intact::36 (2),train,77e0c3b5d9e137ca756a0d0409d218a0d49ef7b62fa1755a1c321616344b9d75,data_manifests/deepmask_gpr_unified_samples_20260811.csv,20260811,existing fold_id P2-style split when available; group fallback otherwise
deepmask_gpr,existing_fold_p2,deepmask_gpr::augmented_intact::36 (2)_aug_10,intact,intact::36 (2),train,2e2d83411294a06117937b9bcd03730534822d8f388fb34591917c43946f244d,data_manifests/deepmask_gpr_unified_samples_20260811.csv,20260811,existing fold_id P2-style split when available; group fallback otherwise
deepmask_gpr,existing_fold_p2,deepmask_gpr::augmented_intact::36 (2)_aug_11,intact,intact::36 (2),train,20fc833cf03059da22b71659ac86726198b7f99afbbd306fdd62bd92e7302fc0,data_manifests/deepmask_gpr_unified_samples_20260811.csv,20260811,existing fold_id P2-style split when available; group fallback otherwise
deepmask_gpr,existing_fold_p2,deepmask_gpr::augmented_intact::36 (2)_aug_12,intact,intact::36 (2),train,4a060f973641a7f31493bfed5e4ba1aeda1115c72ed522465663ca2a46ddfe43,data_manifests/deepmask_gpr_unified_samples_20260811.csv,20260811,existing fold_id P2-style split when available; group fallback otherwise
deepmask_gpr,existing_fold_p2,deepmask_gpr::augmented_intact::36 (2)_aug_2,intact,intact::36 (2),train,f1790d50969e1ba30bc76e774b9549b9c9a1d341225f5ab5bbf1f9ec51f10264,data_manifests/deepmask_gpr_unified_samples_20260811.csv,20260811,existing fold_id P2-style split when available; group fallback otherwise
deepmask_gpr,existing_fold_p2,deepmask_gpr::augmented_intact::36 (2)_aug_3,intact,intact::36 (2),train,415b0d72e4866094d59f176f46a5aa6e1d12c1769ecdd3087c0c841a0c16a02c,data_manifests/deepmask_gpr_unified_samples_20260811.csv,20260811,existing fold_id P2-style split when available; group fallback otherwise
deepmask_gpr,existing_fold_p2,deepmask_gpr::augmented_intact::36 (2)_aug_4,intact,intact::36 (2),train,322de9ba893ea63714604bc6325a94bb289ec44fb1f6c2c70f7ae4bbfde231e5,data_manifests/deepmask_gpr_unified_samples_20260811.csv,20260811,existing fold_id P2-style split when available; group fallback otherwise
deepmask_gpr,existing_fold_p2,deepmask_gpr::augmented_intact::36 (2)_aug_5,intact,intact::36 (2),train,ddb2e0e1bdcc3a8da35774e72a75c725ec344a9a8216288c32de891065d2ff6e,data_manifests/deepmask_gpr_unified_samples_20260811.csv,20260811,existing fold_id P2-style split when available; group fallback otherwise
deepmask_gpr,existing_fold_p2,deepmask_gpr::augmented_intact::36 (2)_aug_6,intact,intact::36 (2),train,51a8037a47f3862bdcc740eab9a8b14cf3d9399704b6dff30bc8436ca9424018,data_manifests/deepmask_gpr_unified_samples_20260811.csv,20260811,existing fold_id P2-style split when available; group fallback otherwise
deepmask_gpr,existing_fold_p2,deepmask_gpr::augmented_intact::36 (2)_aug_7,intact,intact::36 (2),train,3ff3edca7c1edf7437d8485d993918e4bf468e6dd25483bbdb67e7fb49e8b196,data_manifests/deepmask_gpr_unified_samples_20260811.csv,20260811,existing fold_id P2-style split when available; group fallback otherwise
deepmask_gpr,existing_fold_p2,deepmask_gpr::augmented_intact::36 (2)_aug_8,intact,intact::36 (2),train,d2be9e952bbcc4dfa05f9936b707806b5bc7dbac459ecc980f8e1d81548d7577,data_manifests/deepmask_gpr_unified_samples_20260811.csv,20260811,existing fold_id P2-style split when available; group fallback otherwise
deepmask_gpr,existing_fold_p2,deepmask_gpr::augmented_intact::36 (2)_aug_9,intact,intact::36 (2),train,15e7a8df880038dddd022804294371693cf8a68f699fa12f041f3ebb5c3d5b5b,data_manifests/deepmask_gpr_unified_samples_20260811.csv,20260811,existing fold_id P2-style split when available; group fallback otherwise
deepmask_gpr,existing_fold_p2,deepmask_gpr::augmented_intact::36_aug_1,intact,intact::36,test,f31466172eb250147b5b53f57503ecf911a423b21c35e1038ca1803910fa44a6,data_manifests/deepmask_gpr_unified_samples_20260811.csv,20260811,existing fold_id P2-style split when available; group fallback otherwise
deepmask_gpr,existing_fold_p2,deepmask_gpr::augmented_intact::36_aug_10,intact,intact::36,test,968ffb9d1b649a1d22143b7447074d5ced44c4bea3471e95974bb70d14395ad0,data_manifests/deepmask_gpr_unified_samples_20260811.csv,20260811,existing fold_id P2-style split when available; group fallback otherwise
deepmask_gpr,existing_fold_p2,deepmask_gpr::augmented_intact::36_aug_11,intact,intact::36,test,d378572dcd4a261ef6d51ca70e58cdf6a4e4471b694a8c54396bbbb4be130daa,data_manifests/deepmask_gpr_unified_samples_20260811.csv,20260811,existing fold_id P2-style split when available; group fallback otherwise
deepmask_gpr,existing_fold_p2,deepmask_gpr::augmented_intact::36_aug_12,intact,intact::36,test,fe894098bd0b973bd54290823b457966fc34cf2feb7c0da6fc8caf5e2efe236e,data_manifests/deepmask_gpr_unified_samples_20260811.csv,20260811,existing fold_id P2-style split when available; group fallback otherwise
deepmask_gpr,existing_fold_p2,deepmask_gpr::augmented_intact::36_aug_2,intact,intact::36,test,ce2d9f4d4753b888e021bebd7e0d7c3ef1c533be5240f4dc29178fe4120cfb7f,data_manifests/deepmask_gpr_unified_samples_20260811.csv,20260811,existing fold_id P2-style split when available; group fallback otherwise
deepmask_gpr,existing_fold_p2,deepmask_gpr::augmented_intact::36_aug_3,intact,intact::36,test,f2aba85a10e9e53ba66e3eae555a7ae908a49ce3c428638ac3f99d05e2b94fdc,data_manifests/deepmask_gpr_unified_samples_20260811.csv,20260811,existing fold_id P2-style split when available; group fallback otherwise
deepmask_gpr,existing_fold_p2,deepmask_gpr::augmented_intact::36_aug_4,intact,intact::36,test,ee08c8b763b8c534e9c21f63490d7c11c7398f9c293714c0e77be2b21638f0fb,data_manifests/deepmask_gpr_unified_samples_20260811.csv,20260811,existing fold_id P2-style split when available; group fallback otherwise
deepmask_gpr,existing_fold_p2,deepmask_gpr::augmented_intact::36_aug_5,intact,intact::36,test,f63f9237761701108a612592bdaf442e20049506fb3030f50863cd54e1d264c4,data_manifests/deepmask_gpr_unified_samples_20260811.csv,20260811,existing fold_id P2-style split when available; group fallback otherwise
deepmask_gpr,existing_fold_p2,deepmask_gpr::augmented_intact::36_aug_6,intact,intact::36,test,889abc30dd7852d52dafd8078bf673dd077e9226e6ad19edeb45197676e9aff8,data_manifests/deepmask_gpr_unified_samples_20260811.csv,20260811,existing fold_id P2-style split when available; group fallback otherwise
deepmask_gpr,existing_fold_p2,deepmask_gpr::augmented_intact::36_aug_7,intact,intact::36,test,8d7d7c563550a2688a6fa2d5c6e01677e429bf7d27aa6c358313c3a48b5fd3e2,data_manifests/deepmask_gpr_unified_samples_20260811.csv,20260811,existing fold_id P2-style split when available; group fallback otherwise
deepmask_gpr,existing_fold_p2,deepmask_gpr::augmented_intact::36_aug_8,intact,intact::36,test,25d1e4d41d88e0a6698452bf7b13e7a7307d71654879151eb69fbd07e42eafcf,data_manifests/deepmask_gpr_unified_samples_20260811.csv,20260811,existing fold_id P2-style split when available; group fallback otherwise
deepmask_gpr,existing_fold_p2,deepmask_gpr::augmented_intact::36_aug_9,intact,intact::36,test,afa23ba0a5dab383ea0d6eaee6d146aba7ccdee28720e89a0ba81b7414c7892e,data_manifests/deepmask_gpr_unified_samples_20260811.csv,20260811,existing fold_id P2-style split when available; group fallback otherwise
deepmask_gpr,existing_fold_p2,deepmask_gpr::augmented_intact::37_aug_1,intact,intact::37,val,2ac3d4567424ddff3b29655a746cb5e2ec31a62b56b71d5e05c5dd92dfa18f68,data_manifests/deepmask_gpr_unified_samples_20260811.csv,20260811,existing fold_id P2-style split when available; group fallback otherwise
deepmask_gpr,existing_fold_p2,deepmask_gpr::augmented_intact::37_aug_10,intact,intact::37,val,7f4bdf4fe494d272c0834ddb3f1404edb6d42a3c8c6475e028f454cceb1793cc,data_manifests/deepmask_gpr_unified_samples_20260811.csv,20260811,existing fold_id P2-style split when available; group fallback otherwise
deepmask_gpr,existing_fold_p2,deepmask_gpr::augmented_intact::37_aug_11,intact,intact::37,val,df5dfa8be69c052d301c51271667d7cf06c55cb700c665325f53a31434900106,data_manifests/deepmask_gpr_unified_samples_20260811.csv,20260811,existing fold_id P2-style split when available; group fallback otherwise
deepmask_gpr,existing_fold_p2,deepmask_gpr::augmented_intact::37_aug_12,intact,intact::37,val,183f64f2c5fa81ad3d53600825e3ea06c9c14be0f3d16eb5c75b17b78e659cc2,data_manifests/deepmask_gpr_unified_samples_20260811.csv,20260811,existing fold_id P2-style split when available; group fallback otherwise
deepmask_gpr,existing_fold_p2,deepmask_gpr::augmented_intact::37_aug_2,intact,intact::37,val,995b3534d86170819142370f8cf2ef311ee29a9c9e2de709ac89842cd5adc80d,data_manifests/deepmask_gpr_unified_samples_20260811.csv,20260811,existing fold_id P2-style split when available; group fallback otherwise
deepmask_gpr,existing_fold_p2,deepmask_gpr::augmented_intact::37_aug_3,intact,intact::37,val,96d170a6b235c57ffc048453c79f56b0d1b6e986f63307f49846013c3cedb6e4,data_manifests/deepmask_gpr_unified_samples_20260811.csv,20260811,existing fold_id P2-style split when available; group fallback otherwise
deepmask_gpr,existing_fold_p2,deepmask_gpr::augmented_intact::37_aug_4,intact,intact::37,val,809c40ee752c6aded5cb951401b92520ce0aae3f4ad090a20946cb08a17345bc,data_manifests/deepmask_gpr_unified_samples_20260811.csv,20260811,existing fold_id P2-style split when available; group fallback otherwise
deepmask_gpr,existing_fold_p2,deepmask_gpr::augmented_intact::37_aug_5,intact,intact::37,val,36b2ffd241bb0c91034b144cd6a0d3d33abffa4252077ee74532b4182f83cafc,data_manifests/deepmask_gpr_unified_samples_20260811.csv,20260811,existing fold_id P2-style split when available; group fallback otherwise
deepmask_gpr,existing_fold_p2,deepmask_gpr::augmented_intact::37_aug_6,intact,intact::37,val,62e5a55fee788794ddcd2317b3788f5bbfbdea200ace47d175080d05e549a0dd,data_manifests/deepmask_gpr_unified_samples_20260811.csv,20260811,existing fold_id P2-style split when available; group fallback otherwise
deepmask_gpr,existing_fold_p2,deepmask_gpr::augmented_intact::37_aug_7,intact,intact::37,val,e2ad69d7a2abf72bb9c0db54d8e3b1defe38db4c73861712a112fd3dae12f775,data_manifests/deepmask_gpr_unified_samples_20260811.csv,20260811,existing fold_id P2-style split when available; group fallback otherwise
deepmask_gpr,existing_fold_p2,deepmask_gpr::augmented_intact::37_aug_8,intact,intact::37,val,4e5c4218df4af26176d8fa87892ef4e84ef340cbe9eb9d8e2ccb5a26e87afeac,data_manifests/deepmask_gpr_unified_samples_20260811.csv,20260811,existing fold_id P2-style split when available; group fallback otherwise
deepmask_gpr,existing_fold_p2,deepmask_gpr::augmented_intact::37_aug_9,intact,intact::37,val,96d7b3b6101d9215aeabe918982ad05f083c6728294f5c5453c882aade523e07,data_manifests/deepmask_gpr_unified_samples_20260811.csv,20260811,existing fold_id P2-style split when available; group fallback otherwise
deepmask_gpr,existing_fold_p2,deepmask_gpr::augmented_intact::38 (2)_aug_1,intact,intact::38 (2),train,93b89f5222cb7759c8a63bf2da8d834d1cf89241255c0feda3b4c0dc59f746cb,data_manifests/deepmask_gpr_unified_samples_20260811.csv,20260811,existing fold_id P2-style split when available; group fallback otherwise
deepmask_gpr,existing_fold_p2,deepmask_gpr::augmented_intact::38 (2)_aug_10,intact,intact::38 (2),train,6663e16797bada42747b37258c7ebc75aadce71747620075eff05b6f616969de,data_manifests/deepmask_gpr_unified_samples_20260811.csv,20260811,existing fold_id P2-style split when available; group fallback otherwise
deepmask_gpr,existing_fold_p2,deepmask_gpr::augmented_intact::38 (2)_aug_11,intact,intact::38 (2),train,a956377c9fb593780d97b09a7dae15c3d1a52469b71da0555ccd6a7b63e73dea,data_manifests/deepmask_gpr_unified_samples_20260811.csv,20260811,existing fold_id P2-style split when available; group fallback otherwise
deepmask_gpr,existing_fold_p2,deepmask_gpr::augmented_intact::38 (2)_aug_12,intact,intact::38 (2),train,295a0e4a62ae48ee2de6f64f292fa614f3cd939d91bc60b430cec8b5acf2f9c2,data_manifests/deepmask_gpr_unified_samples_20260811.csv,20260811,existing fold_id P2-style split when available; group fallback otherwise
deepmask_gpr,existing_fold_p2,deepmask_gpr::augmented_intact::38 (2)_aug_2,intact,intact::38 (2),train,98d640cf8d0fa23f2c6beedcc91342a431ba679d9339ceb89ddf8d1770b08106,data_manifests/deepmask_gpr_unified_samples_20260811.csv,20260811,existing fold_id P2-style split when available; group fallback otherwise
deepmask_gpr,existing_fold_p2,deepmask_gpr::augmented_intact::38 (2)_aug_3,intact,intact::38 (2),train,20ef41ded5cdaeb4e9139f908dc8074159817d286a0570e100fb146f6eaacdbe,data_manifests/deepmask_gpr_unified_samples_20260811.csv,20260811,existing fold_id P2-style split when available; group fallback otherwise
deepmask_gpr,existing_fold_p2,deepmask_gpr::augmented_intact::38 (2)_aug_4,intact,intact::38 (2),train,6ce1138404c660113912f819d1316a9180c9f0d11017d398738a67d611852e42,data_manifests/deepmask_gpr_unified_samples_20260811.csv,20260811,existing fold_id P2-style split when available; group fallback otherwise
deepmask_gpr,existing_fold_p2,deepmask_gpr::augmented_intact::38 (2)_aug_5,intact,intact::38 (2),train,4b0b9006e2cff31c8f358a9d8b5e80d5b05e538fbb46cb70140a00bd42c14fe2,data_manifests/deepmask_gpr_unified_samples_20260811.csv,20260811,existing fold_id P2-style split when available; group fallback otherwise
deepmask_gpr,existing_fold_p2,deepmask_gpr::augmented_intact::38 (2)_aug_6,intact,intact::38 (2),train,3ca1f10ce12eb258f7ab3c6337aa6b6ad39f99eef3e4c0756dd712ce1df5d6f0,data_manifests/deepmask_gpr_unified_samples_20260811.csv,20260811,existing fold_id P2-style split when available; group fallback otherwise
deepmask_gpr,existing_fold_p2,deepmask_gpr::augmented_intact::38 (2)_aug_7,intact,intact::38 (2),train,52f7aab99c2baa01c18cb0e388c64aed8d241332bff3c0a22ecfe327e1073ccc,data_manifests/deepmask_gpr_unified_samples_20260811.csv,20260811,existing fold_id P2-style split when available; group fallback otherwise
deepmask_gpr,existing_fold_p2,deepmask_gpr::augmented_intact::38 (2)_aug_8,intact,intact::38 (2),train,264ebbf1c136550f7e749551c439c984e9e3394227c8f122eecdaab75c7bcbbd,data_manifests/deepmask_gpr_unified_samples_20260811.csv,20260811,existing fold_id P2-style split when available; group fallback otherwise
deepmask_gpr,existing_fold_p2,deepmask_gpr::augmented_intact::38 (2)_aug_9,intact,intact::38 (2),train,d884744365f4f0badbdc42ce6f0e7694248c20f055bbab69846af27e31acfe11,data_manifests/deepmask_gpr_unified_samples_20260811.csv,20260811,existing fold_id P2-style split when available; group fallback otherwise
deepmask_gpr,existing_fold_p2,deepmask_gpr::augmented_intact::38_aug_1,intact,intact::38,train,8d807501caebfd6806a20e808dc14e22fb906813e6635b7d087d826e63839526,data_manifests/deepmask_gpr_unified_samples_20260811.csv,20260811,existing fold_id P2-style split when available; group fallback otherwise
deepmask_gpr,existing_fold_p2,deepmask_gpr::augmented_intact::38_aug_10,intact,intact::38,train,5bc58e675968196067607d1c2e5e59798f5f156b419b516b8a964b35bdc55f7b,data_manifests/deepmask_gpr_unified_samples_20260811.csv,20260811,existing fold_id P2-style split when available; group fallback otherwise
deepmask_gpr,existing_fold_p2,deepmask_gpr::augmented_intact::38_aug_11,intact,intact::38,train,fb305e4a7d007057addd3a2b3d5fe11ada0a8181981696661a543484692a042d,data_manifests/deepmask_gpr_unified_samples_20260811.csv,20260811,existing fold_id P2-style split when available; group fallback otherwise
deepmask_gpr,existing_fold_p2,deepmask_gpr::augmented_intact::38_aug_12,intact,intact::38,train,fd2937e287fcfd8a65cf4379f439e8084389577a125f4645e13112033a5b7ce6,data_manifests/deepmask_gpr_unified_samples_20260811.csv,20260811,existing fold_id P2-style split when available; group fallback otherwise
deepmask_gpr,existing_fold_p2,deepmask_gpr::augmented_intact::38_aug_2,intact,intact::38,train,7bc138eb9b77f1d13c9c1926d4e7626c78c1cb4f4275943fd42a5f19f9d33f54,data_manifests/deepmask_gpr_unified_samples_20260811.csv,20260811,existing fold_id P2-style split when available; group fallback otherwise
deepmask_gpr,existing_fold_p2,deepmask_gpr::augmented_intact::38_aug_3,intact,intact::38,train,b724076037b0edb8ff4bb794f77f3e11dfcff321d4441a9d2fb4c9d0e9798860,data_manifests/deepmask_gpr_unified_samples_20260811.csv,20260811,existing fold_id P2-style split when available; group fallback otherwise
deepmask_gpr,existing_fold_p2,deepmask_gpr::augmented_intact::38_aug_4,intact,intact::38,train,6f875bf142205b613aa18e2b8d39dd8c3ec1b1a22c9c4b2226d6e84aba2450fb,data_manifests/deepmask_gpr_unified_samples_20260811.csv,20260811,existing fold_id P2-style split when available; group fallback otherwise
deepmask_gpr,existing_fold_p2,deepmask_gpr::augmented_intact::38_aug_5,intact,intact::38,train,15df4a29061148d6e58b55e2027f8aee2e1129386734093288ed4d02071b8e23,data_manifests/deepmask_gpr_unified_samples_20260811.csv,20260811,existing fold_id P2-style split when available; group fallback otherwise
deepmask_gpr,existing_fold_p2,deepmask_gpr::augmented_intact::38_aug_6,intact,intact::38,train,4abd0778a53229fca979de823742e1f237fd27a18713f76361e782108341c3c7,data_manifests/deepmask_gpr_unified_samples_20260811.csv,20260811,existing fold_id P2-style split when available; group fallback otherwise
deepmask_gpr,existing_fold_p2,deepmask_gpr::augmented_intact::38_aug_7,intact,intact::38,train,c7a740d25216b484b25947bf077049ac85ac9015452fc27d967781cab2ed4dd9,data_manifests/deepmask_gpr_unified_samples_20260811.csv,20260811,existing fold_id P2-style split when available; group fallback otherwise
deepmask_gpr,existing_fold_p2,deepmask_gpr::augmented_intact::38_aug_8,intact,intact::38,train,22d5716523fa1354b7237bbd1705a6d33b0771ad0f2e29f9cbc48c769a28be30,data_manifests/deepmask_gpr_unified_samples_20260811.csv,20260811,existing fold_id P2-style split when available; group fallback otherwise
deepmask_gpr,existing_fold_p2,deepmask_gpr::augmented_intact::38_aug_9,intact,intact::38,train,142f2e48913a4dcbbaec1e756d30ab3ee32caac7fb95ca6115c786a8bdef8ae9,data_manifests/deepmask_gpr_unified_samples_20260811.csv,20260811,existing fold_id P2-style split when available; group fallback otherwise
deepmask_gpr,existing_fold_p2,deepmask_gpr::augmented_intact::39 (2)_aug_1,intact,intact::39 (2),val,d3ea9d43d676fcfedc3f5cc8248e8b334569e4fc9ff2b910b1a485a8e517288b,data_manifests/deepmask_gpr_unified_samples_20260811.csv,20260811,existing fold_id P2-style split when available; group fallback otherwise
deepmask_gpr,existing_fold_p2,deepmask_gpr::augmented_intact::39 (2)_aug_10,intact,intact::39 (2),val,3eaf93ca358bd742fa6a7a2a3e39924a8295c92f87d022d000ada223729a5b59,data_manifests/deepmask_gpr_unified_samples_20260811.csv,20260811,existing fold_id P2-style split when available; group fallback otherwise
deepmask_gpr,existing_fold_p2,deepmask_gpr::augmented_intact::39 (2)_aug_11,intact,intact::39 (2),val,dc0e9b9e718f1ab50d5a9f9d27fd2fb71a64b3f6bd57192f2c89891915d39d87,data_manifests/deepmask_gpr_unified_samples_20260811.csv,20260811,existing fold_id P2-style split when available; group fallback otherwise
deepmask_gpr,existing_fold_p2,deepmask_gpr::augmented_intact::39 (2)_aug_12,intact,intact::39 (2),val,cc53bafe96c6d92d6c6ffa551a2fda8703d3f56ad45ba8e304634f69588c82f2,data_manifests/deepmask_gpr_unified_samples_20260811.csv,20260811,existing fold_id P2-style split when available; group fallback otherwise
deepmask_gpr,existing_fold_p2,deepmask_gpr::augmented_intact::39 (2)_aug_2,intact,intact::39 (2),val,e7ebbb630041ad6484cff142ef1551b31dee9aa3118dacdf773822eacc6a39dc,data_manifests/deepmask_gpr_unified_samples_20260811.csv,20260811,existing fold_id P2-style split when available; group fallback otherwise
deepmask_gpr,existing_fold_p2,deepmask_gpr::augmented_intact::39 (2)_aug_3,intact,intact::39 (2),val,16d18911a3879904444fa0c165915678dcaaaaa2573a810c91ed38685f52dc85,data_manifests/deepmask_gpr_unified_samples_20260811.csv,20260811,existing fold_id P2-style split when available; group fallback otherwise
deepmask_gpr,existing_fold_p2,deepmask_gpr::augmented_intact::39 (2)_aug_4,intact,intact::39 (2),val,6217d9e614341638c1964e2cc2d23b33ff730d07de9a4b71d614f83411b64cd2,data_manifests/deepmask_gpr_unified_samples_20260811.csv,20260811,existing fold_id P2-style split when available; group fallback otherwise
deepmask_gpr,existing_fold_p2,deepmask_gpr::augmented_intact::39 (2)_aug_5,intact,intact::39 (2),val,b37a0a5daf2a292820d91289d77f3be31ab6f4638cca41c08482d509b501dc80,data_manifests/deepmask_gpr_unified_samples_20260811.csv,20260811,existing fold_id P2-style split when available; group fallback otherwise
deepmask_gpr,existing_fold_p2,deepmask_gpr::augmented_intact::39 (2)_aug_6,intact,intact::39 (2),val,78d6002f0f81ff7cd833446344dfd88a9f4a5481886bc292571c96a8c34d9b85,data_manifests/deepmask_gpr_unified_samples_20260811.csv,20260811,existing fold_id P2-style split when available; group fallback otherwise
deepmask_gpr,existing_fold_p2,deepmask_gpr::augmented_intact::39 (2)_aug_7,intact,intact::39 (2),val,2d3ce199e2c37b36ac01621ffc1d649e3d8c3e94fc6187a25cfe017851093f0b,data_manifests/deepmask_gpr_unified_samples_20260811.csv,20260811,existing fold_id P2-style split when available; group fallback otherwise
deepmask_gpr,existing_fold_p2,deepmask_gpr::augmented_intact::39 (2)_aug_8,intact,intact::39 (2),val,4cdaa72bf0abad965ef77a3714fa3b81b7e8148b845cae4b074ba8ab2a2ef652,data_manifests/deepmask_gpr_unified_samples_20260811.csv,20260811,existing fold_id P2-style split when available; group fallback otherwise
deepmask_gpr,existing_fold_p2,deepmask_gpr::augmented_intact::39 (2)_aug_9,intact,intact::39 (2),val,271d44f48ba322e488e403574b3e155f7029dc9600c81f704ee72fb44d740726,data_manifests/deepmask_gpr_unified_samples_20260811.csv,20260811,existing fold_id P2-style split when available; group fallback otherwise
deepmask_gpr,existing_fold_p2,deepmask_gpr::augmented_intact::39_aug_1,intact,intact::39,train,007d2d861dc5183cc70fe59aca9cca3306fd9c2e7b39fad93c7007b929c2823a,data_manifests/deepmask_gpr_unified_samples_20260811.csv,20260811,existing fold_id P2-style split when available; group fallback otherwise
deepmask_gpr,existing_fold_p2,deepmask_gpr::augmented_intact::39_aug_10,intact,intact::39,train,00e7b1897979f97a85fa749c04ab5ae0a373ae25692260da4416ee6b9000b5b6,data_manifests/deepmask_gpr_unified_samples_20260811.csv,20260811,existing fold_id P2-style split when available; group fallback otherwise
deepmask_gpr,existing_fold_p2,deepmask_gpr::augmented_intact::39_aug_11,intact,intact::39,train,24d7b58f968b9fda650c3fa700bd299c2bdc2bbc43ec7d10a913efcd5251890c,data_manifests/deepmask_gpr_unified_samples_20260811.csv,20260811,existing fold_id P2-style split when available; group fallback otherwise
deepmask_gpr,existing_fold_p2,deepmask_gpr::augmented_intact::39_aug_12,intact,intact::39,train,ffe71365fe3fd65f27ca506cb46723de551488b4c9f9bb1c22e967c7bc661196,data_manifests/deepmask_gpr_unified_samples_20260811.csv,20260811,existing fold_id P2-style split when available; group fallback otherwise
deepmask_gpr,existing_fold_p2,deepmask_gpr::augmented_intact::39_aug_2,intact,intact::39,train,50ef46101bcd717abaabbf8d22a625109d9aeeaee989b6c8ebbcb66f7b462b73,data_manifests/deepmask_gpr_unified_samples_20260811.csv,20260811,existing fold_id P2-style split when available; group fallback otherwise
deepmask_gpr,existing_fold_p2,deepmask_gpr::augmented_intact::39_aug_3,intact,intact::39,train,84aeeadaa1dda0fd5926482bf5b3555080ab6efab5127f45c413243124e3d3cb,data_manifests/deepmask_gpr_unified_samples_20260811.csv,20260811,existing fold_id P2-style split when available; group fallback otherwise
deepmask_gpr,existing_fold_p2,deepmask_gpr::augmented_intact::39_aug_4,intact,intact::39,train,badce548323bffca0268f5a75631e410aa9535c77dc83f4aafc32db12f1fc234,data_manifests/deepmask_gpr_unified_samples_20260811.csv,20260811,existing fold_id P2-style split when available; group fallback otherwise
deepmask_gpr,existing_fold_p2,deepmask_gpr::augmented_intact::39_aug_5,intact,intact::39,train,565784cb95371a9d177591a6fadb8d78ba752eb64e4cafe526942173e31e5fba,data_manifests/deepmask_gpr_unified_samples_20260811.csv,20260811,existing fold_id P2-style split when available; group fallback otherwise
deepmask_gpr,existing_fold_p2,deepmask_gpr::augmented_intact::39_aug_6,intact,intact::39,train,3ba20d1f247deecd2764e64aeff31f348e9052994910c4c45eed50cfca8328c5,data_manifests/deepmask_gpr_unified_samples_20260811.csv,20260811,existing fold_id P2-style split when available; group fallback otherwise
deepmask_gpr,existing_fold_p2,deepmask_gpr::augmented_intact::39_aug_7,intact,intact::39,train,c0c6f922eb554a4ac95b610cf86a3b0d4c7b0c9b86149f59f3e3d82a2eadfae3,data_manifests/deepmask_gpr_unified_samples_20260811.csv,20260811,existing fold_id P2-style split when available; group fallback otherwise
deepmask_gpr,existing_fold_p2,deepmask_gpr::augmented_intact::39_aug_8,intact,intact::39,train,7c724bccb32193033cbabf6e61e9dc2e9689602e2cfad10f333b1622d8b25caa,data_manifests/deepmask_gpr_unified_samples_20260811.csv,20260811,existing fold_id P2-style split when available; group fallback otherwise
deepmask_gpr,existing_fold_p2,deepmask_gpr::augmented_intact::39_aug_9,intact,intact::39,train,4a4e5d0860929a22dea302ebf3d59ee55c68ae2545aa027dd6bad03ba6fdd1c8,data_manifests/deepmask_gpr_unified_samples_20260811.csv,20260811,existing fold_id P2-style split when available; group fallback otherwise
deepmask_gpr,existing_fold_p2,deepmask_gpr::augmented_intact::3_aug_1,intact,intact::3,train,e9e033575cf475da106c25b65bfa453978dac5ca0031d71b2259bb4e05b6238f,data_manifests/deepmask_gpr_unified_samples_20260811.csv,20260811,existing fold_id P2-style split when available; group fallback otherwise
deepmask_gpr,existing_fold_p2,deepmask_gpr::augmented_intact::3_aug_10,intact,intact::3,train,4e5a80cb1b4deee286b9f551aae1ffe9e68160b5e0f45c4c1b31e0d0bdebc020,data_manifests/deepmask_gpr_unified_samples_20260811.csv,20260811,existing fold_id P2-style split when available; group fallback otherwise
deepmask_gpr,existing_fold_p2,deepmask_gpr::augmented_intact::3_aug_11,intact,intact::3,train,8dccba814db1c5f0b79ef54c4d1cd3d7386c15e9058832e271108639c00c6efa,data_manifests/deepmask_gpr_unified_samples_20260811.csv,20260811,existing fold_id P2-style split when available; group fallback otherwise
deepmask_gpr,existing_fold_p2,deepmask_gpr::augmented_intact::3_aug_12,intact,intact::3,train,6b76f32f3bd307d4c7687496e69e4ef4f238197f6e56497a202e322261b339c6,data_manifests/deepmask_gpr_unified_samples_20260811.csv,20260811,existing fold_id P2-style split when available; group fallback otherwise
deepmask_gpr,existing_fold_p2,deepmask_gpr::augmented_intact::3_aug_2,intact,intact::3,train,e7712745a79af51f5d8ce6d9592764199e5643b33c6326c34954a522490a2f72,data_manifests/deepmask_gpr_unified_samples_20260811.csv,20260811,existing fold_id P2-style split when available; group fallback otherwise
deepmask_gpr,existing_fold_p2,deepmask_gpr::augmented_intact::3_aug_3,intact,intact::3,train,8a56b395b677707ddc40c96d1cc8c653e23135d7e76e70292550436e4c8c5796,data_manifests/deepmask_gpr_unified_samples_20260811.csv,20260811,existing fold_id P2-style split when available; group fallback otherwise
deepmask_gpr,existing_fold_p2,deepmask_gpr::augmented_intact::3_aug_4,intact,intact::3,train,e6cf65af0ec68f98fdd001d98efd3408c832fffea519f500098c29fa0ad78069,data_manifests/deepmask_gpr_unified_samples_20260811.csv,20260811,existing fold_id P2-style split when available; group fallback otherwise
deepmask_gpr,existing_fold_p2,deepmask_gpr::augmented_intact::3_aug_5,intact,intact::3,train,9fb5912689a17e59ead309a37e6feaab535d096792a794bff65f062a69a44321,data_manifests/deepmask_gpr_unified_samples_20260811.csv,20260811,existing fold_id P2-style split when available; group fallback otherwise
deepmask_gpr,existing_fold_p2,deepmask_gpr::augmented_intact::3_aug_6,intact,intact::3,train,979c45f00e417f501eea5fe1d3b5395369b2684759170f79cbfb88903ca1ab53,data_manifests/deepmask_gpr_unified_samples_20260811.csv,20260811,existing fold_id P2-style split when available; group fallback otherwise
deepmask_gpr,existing_fold_p2,deepmask_gpr::augmented_intact::3_aug_7,intact,intact::3,train,3c7c4136e4ea6ed218c9bd63b697d75feb171982d598f977ab1c64cbb23fcdd5,data_manifests/deepmask_gpr_unified_samples_20260811.csv,20260811,existing fold_id P2-style split when available; group fallback otherwise
deepmask_gpr,existing_fold_p2,deepmask_gpr::augmented_intact::3_aug_8,intact,intact::3,train,110eaf13c7843d04cba945e3c46dbb6f350dc15544aeced8a5db0f73f4bd7296,data_manifests/deepmask_gpr_unified_samples_20260811.csv,20260811,existing fold_id P2-style split when available; group fallback otherwise
deepmask_gpr,existing_fold_p2,deepmask_gpr::augmented_intact::3_aug_9,intact,intact::3,train,9ae5d2d02304c9ce212724e0b9e5ddfabd71ac59b46154e4182ff4f960e5b427,data_manifests/deepmask_gpr_unified_samples_20260811.csv,20260811,existing fold_id P2-style split when available; group fallback otherwise
deepmask_gpr,existing_fold_p2,deepmask_gpr::augmented_intact::4 (2)_aug_1,intact,intact::4 (2),train,9175fdd89c952c7aeb1de2ae993d1d310b9a500707b2b203c8fff35143ba58c0,data_manifests/deepmask_gpr_unified_samples_20260811.csv,20260811,existing fold_id P2-style split when available; group fallback otherwise
deepmask_gpr,existing_fold_p2,deepmask_gpr::augmented_intact::4 (2)_aug_10,intact,intact::4 (2),train,898222261a22efa94247df1332b95359247ce9ec053b5dbd2e393551f83f2eed,data_manifests/deepmask_gpr_unified_samples_20260811.csv,20260811,existing fold_id P2-style split when available; group fallback otherwise
deepmask_gpr,existing_fold_p2,deepmask_gpr::augmented_intact::4 (2)_aug_11,intact,intact::4 (2),train,b7351ae36e042918de267286351838e2b296d913a09f72d78e5e34856dabc2bf,data_manifests/deepmask_gpr_unified_samples_20260811.csv,20260811,existing fold_id P2-style split when available; group fallback otherwise
deepmask_gpr,existing_fold_p2,deepmask_gpr::augmented_intact::4 (2)_aug_12,intact,intact::4 (2),train,c490aeb38d80b543a1d2bc4416b60a4b0a22035812b0a96d301872d0fc26010b,data_manifests/deepmask_gpr_unified_samples_20260811.csv,20260811,existing fold_id P2-style split when available; group fallback otherwise
deepmask_gpr,existing_fold_p2,deepmask_gpr::augmented_intact::4 (2)_aug_2,intact,intact::4 (2),train,ebf1cd674a6d7641f2d20538a7a7cf585a1985cb6b744d4d93ec8493ac51b437,data_manifests/deepmask_gpr_unified_samples_20260811.csv,20260811,existing fold_id P2-style split when available; group fallback otherwise
deepmask_gpr,existing_fold_p2,deepmask_gpr::augmented_intact::4 (2)_aug_3,intact,intact::4 (2),train,07c93d65ea38dc4107e98be8c7d72631c34d019614a447a74c3bf34d46b525b6,data_manifests/deepmask_gpr_unified_samples_20260811.csv,20260811,existing fold_id P2-style split when available; group fallback otherwise
deepmask_gpr,existing_fold_p2,deepmask_gpr::augmented_intact::4 (2)_aug_4,intact,intact::4 (2),train,5fe362e183bb3a71900adbb72889a28d0e71a8a96c7fa6b8b464fb2e7b6f9f7c,data_manifests/deepmask_gpr_unified_samples_20260811.csv,20260811,existing fold_id P2-style split when available; group fallback otherwise
deepmask_gpr,existing_fold_p2,deepmask_gpr::augmented_intact::4 (2)_aug_5,intact,intact::4 (2),train,5fb8703ce701a9d414c17eb51f975d1e2de6a05bc1eca4f0d75f56e05320b07b,data_manifests/deepmask_gpr_unified_samples_20260811.csv,20260811,existing fold_id P2-style split when available; group fallback otherwise
deepmask_gpr,existing_fold_p2,deepmask_gpr::augmented_intact::4 (2)_aug_6,intact,intact::4 (2),train,dfbbb65e70eff2c52b58f3a98490a693a020de2625c85b3e8f4fe98320ffe03b,data_manifests/deepmask_gpr_unified_samples_20260811.csv,20260811,existing fold_id P2-style split when available; group fallback otherwise
deepmask_gpr,existing_fold_p2,deepmask_gpr::augmented_intact::4 (2)_aug_7,intact,intact::4 (2),train,ef7679b64b42f5264f044bf46b56fbaeccfaad4c2ca7fffec2c593f0d62d6861,data_manifests/deepmask_gpr_unified_samples_20260811.csv,20260811,existing fold_id P2-style split when available; group fallback otherwise
deepmask_gpr,existing_fold_p2,deepmask_gpr::augmented_intact::4 (2)_aug_8,intact,intact::4 (2),train,f137d6aacd3861b2a3d475a894e516633e4afa0c6ddb1619f57800f69fe0235a,data_manifests/deepmask_gpr_unified_samples_20260811.csv,20260811,existing fold_id P2-style split when available; group fallback otherwise
deepmask_gpr,existing_fold_p2,deepmask_gpr::augmented_intact::4 (2)_aug_9,intact,intact::4 (2),train,106162192c035aface20866679c973df04459dff5039703ef7e6decd652ab455,data_manifests/deepmask_gpr_unified_samples_20260811.csv,20260811,existing fold_id P2-style split when available; group fallback otherwise
deepmask_gpr,existing_fold_p2,deepmask_gpr::augmented_intact::40 (2)_aug_1,intact,intact::40 (2),train,11fec8735c5ed50391e7dfbeea38e8ebe59ecb8bd409afe3ec5eb3c284e76cf4,data_manifests/deepmask_gpr_unified_samples_20260811.csv,20260811,existing fold_id P2-style split when available; group fallback otherwise
deepmask_gpr,existing_fold_p2,deepmask_gpr::augmented_intact::40 (2)_aug_10,intact,intact::40 (2),train,d8016131a6b97c6ed4e09a049d4dcf8d8f010c29a4ae776b622901c1a8eeec30,data_manifests/deepmask_gpr_unified_samples_20260811.csv,20260811,existing fold_id P2-style split when available; group fallback otherwise
deepmask_gpr,existing_fold_p2,deepmask_gpr::augmented_intact::40 (2)_aug_11,intact,intact::40 (2),train,70aa4030048b5e5f74abd79ee1b30b51821994b43dc9e8629cb21726bd90b468,data_manifests/deepmask_gpr_unified_samples_20260811.csv,20260811,existing fold_id P2-style split when available; group fallback otherwise
deepmask_gpr,existing_fold_p2,deepmask_gpr::augmented_intact::40 (2)_aug_12,intact,intact::40 (2),train,f571bc52a119bb787cbdd4535782a345bb5e1ca8f9e08c981d0327c6b8af0567,data_manifests/deepmask_gpr_unified_samples_20260811.csv,20260811,existing fold_id P2-style split when available; group fallback otherwise
deepmask_gpr,existing_fold_p2,deepmask_gpr::augmented_intact::40 (2)_aug_2,intact,intact::40 (2),train,2a90a0b795940f6f6d0a024d57099a5e276823a54f9da162c791d9559ce9ab99,data_manifests/deepmask_gpr_unified_samples_20260811.csv,20260811,existing fold_id P2-style split when available; group fallback otherwise
deepmask_gpr,existing_fold_p2,deepmask_gpr::augmented_intact::40 (2)_aug_3,intact,intact::40 (2),train,fe640390540dfbfbbe0078f478c401bd6d884c5f5ed81f8c8270a29c17565d9c,data_manifests/deepmask_gpr_unified_samples_20260811.csv,20260811,existing fold_id P2-style split when available; group fallback otherwise
deepmask_gpr,existing_fold_p2,deepmask_gpr::augmented_intact::40 (2)_aug_4,intact,intact::40 (2),train,16da16f811d51e8c70ddf62dc59f7c2b0c152bf642e08be595422beac8a7b4a0,data_manifests/deepmask_gpr_unified_samples_20260811.csv,20260811,existing fold_id P2-style split when available; group fallback otherwise
deepmask_gpr,existing_fold_p2,deepmask_gpr::augmented_intact::40 (2)_aug_5,intact,intact::40 (2),train,74e76c9bf2d1b43d005001ff4361980085c9c450a9993f95e4c535aabea05a02,data_manifests/deepmask_gpr_unified_samples_20260811.csv,20260811,existing fold_id P2-style split when available; group fallback otherwise
deepmask_gpr,existing_fold_p2,deepmask_gpr::augmented_intact::40 (2)_aug_6,intact,intact::40 (2),train,a98ce6cbb1da835ac0013b64c7f6394a5d403d73ff7d861ee371f9dfcb442977,data_manifests/deepmask_gpr_unified_samples_20260811.csv,20260811,existing fold_id P2-style split when available; group fallback otherwise
deepmask_gpr,existing_fold_p2,deepmask_gpr::augmented_intact::40 (2)_aug_7,intact,intact::40 (2),train,5f755594a4c677812ed8c45f6a958f8747327d8a30fb71a999e6f1ff6f2b1802,data_manifests/deepmask_gpr_unified_samples_20260811.csv,20260811,existing fold_id P2-style split when available; group fallback otherwise
deepmask_gpr,existing_fold_p2,deepmask_gpr::augmented_intact::40 (2)_aug_8,intact,intact::40 (2),train,0575821258020dfb5ddbae6c20f2f5f6689cf6ffacf255c1ac51c88a5c74f494,data_manifests/deepmask_gpr_unified_samples_20260811.csv,20260811,existing fold_id P2-style split when available; group fallback otherwise
deepmask_gpr,existing_fold_p2,deepmask_gpr::augmented_intact::40 (2)_aug_9,intact,intact::40 (2),train,9e4e3541ea6522d0f017e9c5364ee48d37c87b0d4c76889bfaac35bcf09f42b3,data_manifests/deepmask_gpr_unified_samples_20260811.csv,20260811,existing fold_id P2-style split when available; group fallback otherwise
deepmask_gpr,existing_fold_p2,deepmask_gpr::augmented_intact::40_aug_1,intact,intact::40,train,5b1d3cb48fe49d9ecbf123cf6d22cb911cebdbd58d1bca28f335b62ad3fc4c08,data_manifests/deepmask_gpr_unified_samples_20260811.csv,20260811,existing fold_id P2-style split when available; group fallback otherwise
deepmask_gpr,existing_fold_p2,deepmask_gpr::augmented_intact::40_aug_10,intact,intact::40,train,697ae612d45927c88fc32d6ed8be069ea2998febea03cc162d4dc062916bd51e,data_manifests/deepmask_gpr_unified_samples_20260811.csv,20260811,existing fold_id P2-style split when available; group fallback otherwise
deepmask_gpr,existing_fold_p2,deepmask_gpr::augmented_intact::40_aug_11,intact,intact::40,train,c0fe3786f8f6b5f6d27d6b9ecb3b8ea2fad3bd46546e812f2c7f3cfdc3c7f30f,data_manifests/deepmask_gpr_unified_samples_20260811.csv,20260811,existing fold_id P2-style split when available; group fallback otherwise
deepmask_gpr,existing_fold_p2,deepmask_gpr::augmented_intact::40_aug_12,intact,intact::40,train,1e760a809ff012d2b8143bffc384d2a892a403d39546274bc552f4101afce67a,data_manifests/deepmask_gpr_unified_samples_20260811.csv,20260811,existing fold_id P2-style split when available; group fallback otherwise
deepmask_gpr,existing_fold_p2,deepmask_gpr::augmented_intact::40_aug_2,intact,intact::40,train,c4049ea9894f6378cbfd8040cc7e205c2c04db343474b59ffe2a30e602974067,data_manifests/deepmask_gpr_unified_samples_20260811.csv,20260811,existing fold_id P2-style split when available; group fallback otherwise
deepmask_gpr,existing_fold_p2,deepmask_gpr::augmented_intact::40_aug_3,intact,intact::40,train,aaddcee10b06a75a95e80a7a9f62c48cab0666860bec046d7bb4c0d5ddc24425,data_manifests/deepmask_gpr_unified_samples_20260811.csv,20260811,existing fold_id P2-style split when available; group fallback otherwise
deepmask_gpr,existing_fold_p2,deepmask_gpr::augmented_intact::40_aug_4,intact,intact::40,train,26e048f0ac9cab6f9cd1cab68671037585cf40b0853d71c36038d5b592807c87,data_manifests/deepmask_gpr_unified_samples_20260811.csv,20260811,existing fold_id P2-style split when available; group fallback otherwise
deepmask_gpr,existing_fold_p2,deepmask_gpr::augmented_intact::40_aug_5,intact,intact::40,train,33452add6283e888185c7f16a875991fc5f446961588ac16ee96ce686ec7f5bc,data_manifests/deepmask_gpr_unified_samples_20260811.csv,20260811,existing fold_id P2-style split when available; group fallback otherwise
deepmask_gpr,existing_fold_p2,deepmask_gpr::augmented_intact::40_aug_6,intact,intact::40,train,8de135da3b3cb9ee3fc90a069d6a645196728ebccdee623e25329db4798e2596,data_manifests/deepmask_gpr_unified_samples_20260811.csv,20260811,existing fold_id P2-style split when available; group fallback otherwise
deepmask_gpr,existing_fold_p2,deepmask_gpr::augmented_intact::40_aug_7,intact,intact::40,train,e9d64765130ed2748964a41c6cb89138690ae11f151932dadc6a32e8f2ec0be0,data_manifests/deepmask_gpr_unified_samples_20260811.csv,20260811,existing fold_id P2-style split when available; group fallback otherwise
deepmask_gpr,existing_fold_p2,deepmask_gpr::augmented_intact::40_aug_8,intact,intact::40,train,e4e7ae3f839724000cb52ec2d9079cfcda92e8d5a1d5b52ab34d5dd751c355bd,data_manifests/deepmask_gpr_unified_samples_20260811.csv,20260811,existing fold_id P2-style split when available; group fallback otherwise
deepmask_gpr,existing_fold_p2,deepmask_gpr::augmented_intact::40_aug_9,intact,intact::40,train,d50ec7eb767ee0263488f47ab1a215ef03ce69f679409cbcfc3c4f34856043df,data_manifests/deepmask_gpr_unified_samples_20260811.csv,20260811,existing fold_id P2-style split when available; group fallback otherwise
deepmask_gpr,existing_fold_p2,deepmask_gpr::augmented_intact::41 (2)_aug_1,intact,intact::41 (2),train,0575f29d20a4b359eb6ae672742a29d36cdf3c14b269d1d7d685451538ebbc13,data_manifests/deepmask_gpr_unified_samples_20260811.csv,20260811,existing fold_id P2-style split when available; group fallback otherwise
deepmask_gpr,existing_fold_p2,deepmask_gpr::augmented_intact::41 (2)_aug_10,intact,intact::41 (2),train,03e04d1f60aee55d2d6b55c83e3283e9a9d25c1342f66b658e990405d7c7c138,data_manifests/deepmask_gpr_unified_samples_20260811.csv,20260811,existing fold_id P2-style split when available; group fallback otherwise
deepmask_gpr,existing_fold_p2,deepmask_gpr::augmented_intact::41 (2)_aug_11,intact,intact::41 (2),train,58d4eab772eec50d67ac8366074b10b859950b972bbd9e426f63164b4f9358d6,data_manifests/deepmask_gpr_unified_samples_20260811.csv,20260811,existing fold_id P2-style split when available; group fallback otherwise
deepmask_gpr,existing_fold_p2,deepmask_gpr::augmented_intact::41 (2)_aug_12,intact,intact::41 (2),train,f354d1df2c85ad530c228e945a001810dbe12f0a94702d66d879d1c26c290449,data_manifests/deepmask_gpr_unified_samples_20260811.csv,20260811,existing fold_id P2-style split when available; group fallback otherwise
deepmask_gpr,existing_fold_p2,deepmask_gpr::augmented_intact::41 (2)_aug_2,intact,intact::41 (2),train,edd05dabc0777b025b73558779a4e559622e31775e94042e0be1210c9ee635f3,data_manifests/deepmask_gpr_unified_samples_20260811.csv,20260811,existing fold_id P2-style split when available; group fallback otherwise
deepmask_gpr,existing_fold_p2,deepmask_gpr::augmented_intact::41 (2)_aug_3,intact,intact::41 (2),train,badf6ad22327641b2e70b91934705b39e7029554d8cb176af5d19d68838110ed,data_manifests/deepmask_gpr_unified_samples_20260811.csv,20260811,existing fold_id P2-style split when available; group fallback otherwise
deepmask_gpr,existing_fold_p2,deepmask_gpr::augmented_intact::41 (2)_aug_4,intact,intact::41 (2),train,6dac9acac58f54b8fbcd8f1fc1238054829b257bbe1a32555ab9a507dbb41e60,data_manifests/deepmask_gpr_unified_samples_20260811.csv,20260811,existing fold_id P2-style split when available; group fallback otherwise
deepmask_gpr,existing_fold_p2,deepmask_gpr::augmented_intact::41 (2)_aug_5,intact,intact::41 (2),train,82d1b2daf82637d5c94cbaa441e8516256e45edd870f8cd7cc6ed661e65f0505,data_manifests/deepmask_gpr_unified_samples_20260811.csv,20260811,existing fold_id P2-style split when available; group fallback otherwise
deepmask_gpr,existing_fold_p2,deepmask_gpr::augmented_intact::41 (2)_aug_6,intact,intact::41 (2),train,d7fe112949117a59e3f5424535826e61b1b4b8bb96bb404da258f7b6e514b3dc,data_manifests/deepmask_gpr_unified_samples_20260811.csv,20260811,existing fold_id P2-style split when available; group fallback otherwise
deepmask_gpr,existing_fold_p2,deepmask_gpr::augmented_intact::41 (2)_aug_7,intact,intact::41 (2),train,894061262fff22cdb161083be8795a950c40fc50162d7bb08bd02347ffd2b28e,data_manifests/deepmask_gpr_unified_samples_20260811.csv,20260811,existing fold_id P2-style split when available; group fallback otherwise
deepmask_gpr,existing_fold_p2,deepmask_gpr::augmented_intact::41 (2)_aug_8,intact,intact::41 (2),train,2073c2dda7bb91829271abe4cdb669884d0a60a4244e4a28a7505396bd186d87,data_manifests/deepmask_gpr_unified_samples_20260811.csv,20260811,existing fold_id P2-style split when available; group fallback otherwise
deepmask_gpr,existing_fold_p2,deepmask_gpr::augmented_intact::41 (2)_aug_9,intact,intact::41 (2),train,facae8439f259ff637f948981c57d16bb68723ca01b0cbe5ad4a092a97c78ec7,data_manifests/deepmask_gpr_unified_samples_20260811.csv,20260811,existing fold_id P2-style split when available; group fallback otherwise
deepmask_gpr,existing_fold_p2,deepmask_gpr::augmented_intact::41_aug_1,intact,intact::41,val,d7842c25c6bbed224280ce3e32600b533b9bfcb611c00030bf032b4721f1478f,data_manifests/deepmask_gpr_unified_samples_20260811.csv,20260811,existing fold_id P2-style split when available; group fallback otherwise
deepmask_gpr,existing_fold_p2,deepmask_gpr::augmented_intact::41_aug_10,intact,intact::41,val,2e1ea7b1d6b79a797d5b18d29fdbd8d5d6e79715f226c56a77db44050edaf303,data_manifests/deepmask_gpr_unified_samples_20260811.csv,20260811,existing fold_id P2-style split when available; group fallback otherwise
deepmask_gpr,existing_fold_p2,deepmask_gpr::augmented_intact::41_aug_11,intact,intact::41,val,e3b48b34c1020f72e4ae24c3b8eb96cea0710254d08eca2bd92dbe6e17b99047,data_manifests/deepmask_gpr_unified_samples_20260811.csv,20260811,existing fold_id P2-style split when available; group fallback otherwise
deepmask_gpr,existing_fold_p2,deepmask_gpr::augmented_intact::41_aug_12,intact,intact::41,val,1054fe8c5b5d92fe0db2423382f2fd988eb3566ffbce63deef6926603726846d,data_manifests/deepmask_gpr_unified_samples_20260811.csv,20260811,existing fold_id P2-style split when available; group fallback otherwise
deepmask_gpr,existing_fold_p2,deepmask_gpr::augmented_intact::41_aug_2,intact,intact::41,val,1247edbc54c4d9c4cd01f902f0daccb245c5e7aac21f026e5189f381214e37be,data_manifests/deepmask_gpr_unified_samples_20260811.csv,20260811,existing fold_id P2-style split when available; group fallback otherwise
deepmask_gpr,existing_fold_p2,deepmask_gpr::augmented_intact::41_aug_3,intact,intact::41,val,12197b3aa121dd44c45ce7f3fc85b4049d00f379396eb30cbc777f058e91f274,data_manifests/deepmask_gpr_unified_samples_20260811.csv,20260811,existing fold_id P2-style split when available; group fallback otherwise
deepmask_gpr,existing_fold_p2,deepmask_gpr::augmented_intact::41_aug_4,intact,intact::41,val,678afe45c95ee4f60a245d21dde18e05fa49bef58135ebb67c18a0e2914c108d,data_manifests/deepmask_gpr_unified_samples_20260811.csv,20260811,existing fold_id P2-style split when available; group fallback otherwise
deepmask_gpr,existing_fold_p2,deepmask_gpr::augmented_intact::41_aug_5,intact,intact::41,val,c8aa5eab8ab47b0f5a2d8cc2c9a55d4aa593c0f5c56b63b28d67a27c7fed358d,data_manifests/deepmask_gpr_unified_samples_20260811.csv,20260811,existing fold_id P2-style split when available; group fallback otherwise
deepmask_gpr,existing_fold_p2,deepmask_gpr::augmented_intact::41_aug_6,intact,intact::41,val,aada64c39b036d366288b6c10219522e8771cedb3907e223647394f1b2194982,data_manifests/deepmask_gpr_unified_samples_20260811.csv,20260811,existing fold_id P2-style split when available; group fallback otherwise
deepmask_gpr,existing_fold_p2,deepmask_gpr::augmented_intact::41_aug_7,intact,intact::41,val,0579114a228d18340f40d06c910dbeb5e5ecb7d44905b9c26a16f555c14599c0,data_manifests/deepmask_gpr_unified_samples_20260811.csv,20260811,existing fold_id P2-style split when available; group fallback otherwise
deepmask_gpr,existing_fold_p2,deepmask_gpr::augmented_intact::41_aug_8,intact,intact::41,val,ff57542946461c3552a0e36a6ad7207420026f6fda4010a7c02825a98a02660f,data_manifests/deepmask_gpr_unified_samples_20260811.csv,20260811,existing fold_id P2-style split when available; group fallback otherwise
deepmask_gpr,existing_fold_p2,deepmask_gpr::augmented_intact::41_aug_9,intact,intact::41,val,2d3af4c2f58311776771cf5aa830f8f9cc76135a586a7234b920b936b3e003fe,data_manifests/deepmask_gpr_unified_samples_20260811.csv,20260811,existing fold_id P2-style split when available; group fallback otherwise
deepmask_gpr,existing_fold_p2,deepmask_gpr::augmented_intact::42 (2)_aug_1,intact,intact::42 (2),train,c55997a1603124131fd624bceaf66a98014aec880ad3bf8fae603488ecfc0a77,data_manifests/deepmask_gpr_unified_samples_20260811.csv,20260811,existing fold_id P2-style split when available; group fallback otherwise
deepmask_gpr,existing_fold_p2,deepmask_gpr::augmented_intact::42 (2)_aug_10,intact,intact::42 (2),train,dc9c3b0e09c8da1451db058943a7090fad5d73b867f1627465790e8b9061c777,data_manifests/deepmask_gpr_unified_samples_20260811.csv,20260811,existing fold_id P2-style split when available; group fallback otherwise
deepmask_gpr,existing_fold_p2,deepmask_gpr::augmented_intact::42 (2)_aug_11,intact,intact::42 (2),train,0405f820b4a2751328e85ef264e44098df3ecabe5c99c8b521524873576185ff,data_manifests/deepmask_gpr_unified_samples_20260811.csv,20260811,existing fold_id P2-style split when available; group fallback otherwise
deepmask_gpr,existing_fold_p2,deepmask_gpr::augmented_intact::42 (2)_aug_12,intact,intact::42 (2),train,c5c6979c0788ca3c8c866c4006fa0c4ce24add425bd01583d88cf0fbe54a1c52,data_manifests/deepmask_gpr_unified_samples_20260811.csv,20260811,existing fold_id P2-style split when available; group fallback otherwise
deepmask_gpr,existing_fold_p2,deepmask_gpr::augmented_intact::42 (2)_aug_2,intact,intact::42 (2),train,33f9bd5ba99e528014c9d1269686bb698a6cf2b06644e838f3be8f1edacab8c6,data_manifests/deepmask_gpr_unified_samples_20260811.csv,20260811,existing fold_id P2-style split when available; group fallback otherwise
deepmask_gpr,existing_fold_p2,deepmask_gpr::augmented_intact::42 (2)_aug_3,intact,intact::42 (2),train,298870208d7ea9fd87fb05458eac1928b32d78bc0dc563d85cebbbaf2d6dc475,data_manifests/deepmask_gpr_unified_samples_20260811.csv,20260811,existing fold_id P2-style split when available; group fallback otherwise
deepmask_gpr,existing_fold_p2,deepmask_gpr::augmented_intact::42 (2)_aug_4,intact,intact::42 (2),train,584a2d601a04e8664d8cfaeb27af16d895e748915f5496801a217322fe460542,data_manifests/deepmask_gpr_unified_samples_20260811.csv,20260811,existing fold_id P2-style split when available; group fallback otherwise
deepmask_gpr,existing_fold_p2,deepmask_gpr::augmented_intact::42 (2)_aug_5,intact,intact::42 (2),train,d36449d5d924e45a502bf85b846060de3f626fcc20d1213772c6f2cd95e5b409,data_manifests/deepmask_gpr_unified_samples_20260811.csv,20260811,existing fold_id P2-style split when available; group fallback otherwise
deepmask_gpr,existing_fold_p2,deepmask_gpr::augmented_intact::42 (2)_aug_6,intact,intact::42 (2),train,52fb6df3d3d175126183e193a65225ef3366ae25e4110d7928cd9d28abc459c1,data_manifests/deepmask_gpr_unified_samples_20260811.csv,20260811,existing fold_id P2-style split when available; group fallback otherwise
deepmask_gpr,existing_fold_p2,deepmask_gpr::augmented_intact::42 (2)_aug_7,intact,intact::42 (2),train,c0f5b833b58f4068b6d984721f07e88856d76abc4ee8e44ff7bb65771516062a,data_manifests/deepmask_gpr_unified_samples_20260811.csv,20260811,existing fold_id P2-style split when available; group fallback otherwise
deepmask_gpr,existing_fold_p2,deepmask_gpr::augmented_intact::42 (2)_aug_8,intact,intact::42 (2),train,04447dd968fb884562a912ec8f2eae4af47d5eab34a6fe0caab604a60297c94b,data_manifests/deepmask_gpr_unified_samples_20260811.csv,20260811,existing fold_id P2-style split when available; group fallback otherwise
deepmask_gpr,existing_fold_p2,deepmask_gpr::augmented_intact::42 (2)_aug_9,intact,intact::42 (2),train,1be08215b04b84d3642418f7f66ee1b7c28c24cf069a743da33b443f9a405618,data_manifests/deepmask_gpr_unified_samples_20260811.csv,20260811,existing fold_id P2-style split when available; group fallback otherwise
deepmask_gpr,existing_fold_p2,deepmask_gpr::augmented_intact::42_aug_1,intact,intact::42,train,fddff8241b5bb9ef99e52fb710a7d7658a5aa3aa2699b51c204e9485c88b10c5,data_manifests/deepmask_gpr_unified_samples_20260811.csv,20260811,existing fold_id P2-style split when available; group fallback otherwise
deepmask_gpr,existing_fold_p2,deepmask_gpr::augmented_intact::42_aug_10,intact,intact::42,train,6883f330c2bbaa8fdccec74fc3e857abfbef2dfbbc95dbe255405d83b823a883,data_manifests/deepmask_gpr_unified_samples_20260811.csv,20260811,existing fold_id P2-style split when available; group fallback otherwise
deepmask_gpr,existing_fold_p2,deepmask_gpr::augmented_intact::42_aug_11,intact,intact::42,train,d285fb35b6aff5cf95d3c17a3a703594bd8ff5cabdaf0b9a79ce952ce5254291,data_manifests/deepmask_gpr_unified_samples_20260811.csv,20260811,existing fold_id P2-style split when available; group fallback otherwise
deepmask_gpr,existing_fold_p2,deepmask_gpr::augmented_intact::42_aug_12,intact,intact::42,train,875031ca06c796b2c43e9878dc691cf55437961afaec8e8d9c968060019927cc,data_manifests/deepmask_gpr_unified_samples_20260811.csv,20260811,existing fold_id P2-style split when available; group fallback otherwise
deepmask_gpr,existing_fold_p2,deepmask_gpr::augmented_intact::42_aug_2,intact,intact::42,train,70cbbf88c4643c25245d3d35dc95940bb2a338a6a600de462118e9afaaaa8680,data_manifests/deepmask_gpr_unified_samples_20260811.csv,20260811,existing fold_id P2-style split when available; group fallback otherwise
deepmask_gpr,existing_fold_p2,deepmask_gpr::augmented_intact::42_aug_3,intact,intact::42,train,2308b4f967d5a27603fa7553f44f3591b19f968ea5fdf4911df1637b5b83c594,data_manifests/deepmask_gpr_unified_samples_20260811.csv,20260811,existing fold_id P2-style split when available; group fallback otherwise
deepmask_gpr,existing_fold_p2,deepmask_gpr::augmented_intact::42_aug_4,intact,intact::42,train,e7ce3c360ea2847453051056261acb8e42bf0a98c082543aedb11a9b30245541,data_manifests/deepmask_gpr_unified_samples_20260811.csv,20260811,existing fold_id P2-style split when available; group fallback otherwise
deepmask_gpr,existing_fold_p2,deepmask_gpr::augmented_intact::42_aug_5,intact,intact::42,train,b2d2e32587f15db183f8ed98d5017aeddc7e5a31fb98213fcf0b7868ac52f280,data_manifests/deepmask_gpr_unified_samples_20260811.csv,20260811,existing fold_id P2-style split when available; group fallback otherwise
deepmask_gpr,existing_fold_p2,deepmask_gpr::augmented_intact::42_aug_6,intact,intact::42,train,55bd5e7ac9c3d536e3f45b0a50e9badce114d2d441418969e030bae1cf1c3831,data_manifests/deepmask_gpr_unified_samples_20260811.csv,20260811,existing fold_id P2-style split when available; group fallback otherwise
deepmask_gpr,existing_fold_p2,deepmask_gpr::augmented_intact::42_aug_7,intact,intact::42,train,cb6b4d3e674ea30da598d25ce54dd5f897362b2c6d04b22fa1cf820cc1adcf59,data_manifests/deepmask_gpr_unified_samples_20260811.csv,20260811,existing fold_id P2-style split when available; group fallback otherwise
deepmask_gpr,existing_fold_p2,deepmask_gpr::augmented_intact::42_aug_8,intact,intact::42,train,1277879fdfc45f04eecbc8225a2f31d8195c8b198754de4e8aebacf816cf1039,data_manifests/deepmask_gpr_unified_samples_20260811.csv,20260811,existing fold_id P2-style split when available; group fallback otherwise
deepmask_gpr,existing_fold_p2,deepmask_gpr::augmented_intact::42_aug_9,intact,intact::42,train,45aff6467ed435b35b5ed6891ee9406d5a829b150000d13a69f19b90060d6b49,data_manifests/deepmask_gpr_unified_samples_20260811.csv,20260811,existing fold_id P2-style split when available; group fallback otherwise
deepmask_gpr,existing_fold_p2,deepmask_gpr::augmented_intact::43 (2)_aug_1,intact,intact::43 (2),test,0e9959e12b245a797ae5d4f7755af22d37df837c67a3fba0d83cc9c139798d92,data_manifests/deepmask_gpr_unified_samples_20260811.csv,20260811,existing fold_id P2-style split when available; group fallback otherwise
deepmask_gpr,existing_fold_p2,deepmask_gpr::augmented_intact::43 (2)_aug_10,intact,intact::43 (2),test,327b9dcc951fd0dcbffe3fb7ef3dd718fbc2ba063eae9bf52b6396aa767e9fa1,data_manifests/deepmask_gpr_unified_samples_20260811.csv,20260811,existing fold_id P2-style split when available; group fallback otherwise
deepmask_gpr,existing_fold_p2,deepmask_gpr::augmented_intact::43 (2)_aug_11,intact,intact::43 (2),test,b252002ab033053589ee5e57509ad1170d71d62bc5d2be4116b224313e64f50c,data_manifests/deepmask_gpr_unified_samples_20260811.csv,20260811,existing fold_id P2-style split when available; group fallback otherwise
deepmask_gpr,existing_fold_p2,deepmask_gpr::augmented_intact::43 (2)_aug_12,intact,intact::43 (2),test,3b9041818247439099b4b24882f9528e2f208cfe4a2548ded7038a850901d95d,data_manifests/deepmask_gpr_unified_samples_20260811.csv,20260811,existing fold_id P2-style split when available; group fallback otherwise
deepmask_gpr,existing_fold_p2,deepmask_gpr::augmented_intact::43 (2)_aug_2,intact,intact::43 (2),test,b1f343a16fe33d73a7541f1527e8791a9876c5989440fe6cf7f903d6d025712a,data_manifests/deepmask_gpr_unified_samples_20260811.csv,20260811,existing fold_id P2-style split when available; group fallback otherwise
deepmask_gpr,existing_fold_p2,deepmask_gpr::augmented_intact::43 (2)_aug_3,intact,intact::43 (2),test,c8c8b2d657aab75abd858f2a95df7c4773c9e667fd2640ba2277ec13c39c1637,data_manifests/deepmask_gpr_unified_samples_20260811.csv,20260811,existing fold_id P2-style split when available; group fallback otherwise
deepmask_gpr,existing_fold_p2,deepmask_gpr::augmented_intact::43 (2)_aug_4,intact,intact::43 (2),test,48734a39b60bd67c4dd1d0cb599aaed95f0695bf91975e529363b8126044e19e,data_manifests/deepmask_gpr_unified_samples_20260811.csv,20260811,existing fold_id P2-style split when available; group fallback otherwise
deepmask_gpr,existing_fold_p2,deepmask_gpr::augmented_intact::43 (2)_aug_5,intact,intact::43 (2),test,cefe5b4dd0dc60beb905f948c9057500f4d77fa013744f602c66069cc3e494db,data_manifests/deepmask_gpr_unified_samples_20260811.csv,20260811,existing fold_id P2-style split when available; group fallback otherwise
deepmask_gpr,existing_fold_p2,deepmask_gpr::augmented_intact::43 (2)_aug_6,intact,intact::43 (2),test,e35dcb149945a1d0c2a7f65e5a9a586ca4b0c3a6aed1d7e12df2e6293d6c146a,data_manifests/deepmask_gpr_unified_samples_20260811.csv,20260811,existing fold_id P2-style split when available; group fallback otherwise
deepmask_gpr,existing_fold_p2,deepmask_gpr::augmented_intact::43 (2)_aug_7,intact,intact::43 (2),test,b471e6ef72a1c9c52495d835e5477509ce5b18f5e45ae526eb187d103fce43d2,data_manifests/deepmask_gpr_unified_samples_20260811.csv,20260811,existing fold_id P2-style split when available; group fallback otherwise
deepmask_gpr,existing_fold_p2,deepmask_gpr::augmented_intact::43 (2)_aug_8,intact,intact::43 (2),test,13592e67b0258f4879584e42244045b6a7bcee506d3b50caea424abe9c0812f5,data_manifests/deepmask_gpr_unified_samples_20260811.csv,20260811,existing fold_id P2-style split when available; group fallback otherwise
deepmask_gpr,existing_fold_p2,deepmask_gpr::augmented_intact::43 (2)_aug_9,intact,intact::43 (2),test,c06e9ca4c8e6ff75abfb0d3c45a64bade2ef4c1325e0036db169ee3a2d0337ad,data_manifests/deepmask_gpr_unified_samples_20260811.csv,20260811,existing fold_id P2-style split when available; group fallback otherwise
deepmask_gpr,existing_fold_p2,deepmask_gpr::augmented_intact::43_aug_1,intact,intact::43,train,e41d6e17eb77d8bda816f45efccf5f86a4d1edf456f0da6892887783d5e455f8,data_manifests/deepmask_gpr_unified_samples_20260811.csv,20260811,existing fold_id P2-style split when available; group fallback otherwise
deepmask_gpr,existing_fold_p2,deepmask_gpr::augmented_intact::43_aug_10,intact,intact::43,train,4532e5ecb090800b61499374304739aa318eebafc9859ed61d2663cc5f48e4c1,data_manifests/deepmask_gpr_unified_samples_20260811.csv,20260811,existing fold_id P2-style split when available; group fallback otherwise
deepmask_gpr,existing_fold_p2,deepmask_gpr::augmented_intact::43_aug_11,intact,intact::43,train,777463588a3772b051793ef23848e09513d590fe5293f23f876331cfd286a718,data_manifests/deepmask_gpr_unified_samples_20260811.csv,20260811,existing fold_id P2-style split when available; group fallback otherwise
deepmask_gpr,existing_fold_p2,deepmask_gpr::augmented_intact::43_aug_12,intact,intact::43,train,4735107686104a801600c8223c868a803ba52fefd3192f9e20ae9cc37f18c6c0,data_manifests/deepmask_gpr_unified_samples_20260811.csv,20260811,existing fold_id P2-style split when available; group fallback otherwise
deepmask_gpr,existing_fold_p2,deepmask_gpr::augmented_intact::43_aug_2,intact,intact::43,train,6b97d036a5c6642753341d4c68e354e1fd21f6f32557adf5ad6f008a9fb304b4,data_manifests/deepmask_gpr_unified_samples_20260811.csv,20260811,existing fold_id P2-style split when available; group fallback otherwise
deepmask_gpr,existing_fold_p2,deepmask_gpr::augmented_intact::43_aug_3,intact,intact::43,train,ca91767a56bc607f5ccf20ed7a67ddcdae80b4e2ffb85b3edcf75bfeaeeaa87b,data_manifests/deepmask_gpr_unified_samples_20260811.csv,20260811,existing fold_id P2-style split when available; group fallback otherwise
deepmask_gpr,existing_fold_p2,deepmask_gpr::augmented_intact::43_aug_4,intact,intact::43,train,64d0902fa9b77c132ed7064fa963f66926d7bc0625b7682a7bf8a0f293a31528,data_manifests/deepmask_gpr_unified_samples_20260811.csv,20260811,existing fold_id P2-style split when available; group fallback otherwise
deepmask_gpr,existing_fold_p2,deepmask_gpr::augmented_intact::43_aug_5,intact,intact::43,train,600ccdca7260a1c1aeeec78aee5b8ae256bc8fd67aae677013afa4264b767901,data_manifests/deepmask_gpr_unified_samples_20260811.csv,20260811,existing fold_id P2-style split when available; group fallback otherwise
deepmask_gpr,existing_fold_p2,deepmask_gpr::augmented_intact::43_aug_6,intact,intact::43,train,88f43608f8ae8369034ec3f0a40d781d86a22318ee58e44cc48cd32604cc5967,data_manifests/deepmask_gpr_unified_samples_20260811.csv,20260811,existing fold_id P2-style split when available; group fallback otherwise
deepmask_gpr,existing_fold_p2,deepmask_gpr::augmented_intact::43_aug_7,intact,intact::43,train,621180249257f2b41fdae23b87ffbd8e9826d510a8a3a823b3014b43219cc1d5,data_manifests/deepmask_gpr_unified_samples_20260811.csv,20260811,existing fold_id P2-style split when available; group fallback otherwise
deepmask_gpr,existing_fold_p2,deepmask_gpr::augmented_intact::43_aug_8,intact,intact::43,train,f1b214b3fcd4668e0235a9ffc964622cacf6fdc127f3167f626adc96fd5721f9,data_manifests/deepmask_gpr_unified_samples_20260811.csv,20260811,existing fold_id P2-style split when available; group fallback otherwise
deepmask_gpr,existing_fold_p2,deepmask_gpr::augmented_intact::43_aug_9,intact,intact::43,train,99091c609ea35739051dbc9aa89804914a8cd1d4cff6559074047080e3cf6da4,data_manifests/deepmask_gpr_unified_samples_20260811.csv,20260811,existing fold_id P2-style split when available; group fallback otherwise
deepmask_gpr,existing_fold_p2,deepmask_gpr::augmented_intact::44 (2)_aug_1,intact,intact::44 (2),train,07e88c8fc77fe457732ea2d0ed4c3c94cfdf4d0b8526bb0fbdde2d474678340e,data_manifests/deepmask_gpr_unified_samples_20260811.csv,20260811,existing fold_id P2-style split when available; group fallback otherwise
deepmask_gpr,existing_fold_p2,deepmask_gpr::augmented_intact::44 (2)_aug_10,intact,intact::44 (2),train,275a76c2d4a120f8e10e5e110cbfb7b7275ed37edd373f30f4ebdc7d0ce2478e,data_manifests/deepmask_gpr_unified_samples_20260811.csv,20260811,existing fold_id P2-style split when available; group fallback otherwise
deepmask_gpr,existing_fold_p2,deepmask_gpr::augmented_intact::44 (2)_aug_11,intact,intact::44 (2),train,3c2f03389eb176ce2d6b3537e8f14b237ddcbd38e83758f6e616858191a6b825,data_manifests/deepmask_gpr_unified_samples_20260811.csv,20260811,existing fold_id P2-style split when available; group fallback otherwise
deepmask_gpr,existing_fold_p2,deepmask_gpr::augmented_intact::44 (2)_aug_12,intact,intact::44 (2),train,882130ee01a06de175e932cd082c6948369857bbeb6ed0f0ba8e734fb1f21959,data_manifests/deepmask_gpr_unified_samples_20260811.csv,20260811,existing fold_id P2-style split when available; group fallback otherwise
deepmask_gpr,existing_fold_p2,deepmask_gpr::augmented_intact::44 (2)_aug_2,intact,intact::44 (2),train,c2245488d49721b98480e2ad89bd9e71afe39dfbd6f65e217f87321a6c8959e6,data_manifests/deepmask_gpr_unified_samples_20260811.csv,20260811,existing fold_id P2-style split when available; group fallback otherwise
deepmask_gpr,existing_fold_p2,deepmask_gpr::augmented_intact::44 (2)_aug_3,intact,intact::44 (2),train,09a8b45bac167947b24ad11cd36622febb97581627e61c832f8f0546bc96190a,data_manifests/deepmask_gpr_unified_samples_20260811.csv,20260811,existing fold_id P2-style split when available; group fallback otherwise
deepmask_gpr,existing_fold_p2,deepmask_gpr::augmented_intact::44 (2)_aug_4,intact,intact::44 (2),train,e52ee26503541e52f0ad7cbf75907be9c01843bf34692b63ae9348b53629b62e,data_manifests/deepmask_gpr_unified_samples_20260811.csv,20260811,existing fold_id P2-style split when available; group fallback otherwise
deepmask_gpr,existing_fold_p2,deepmask_gpr::augmented_intact::44 (2)_aug_5,intact,intact::44 (2),train,e95ed982c68a406df7fb84d3e16293f2da9bee50b7aa0592af4d58baec29ead4,data_manifests/deepmask_gpr_unified_samples_20260811.csv,20260811,existing fold_id P2-style split when available; group fallback otherwise
deepmask_gpr,existing_fold_p2,deepmask_gpr::augmented_intact::44 (2)_aug_6,intact,intact::44 (2),train,78df7f927c589a25fe79182d44c6881c669801b3b3482cbc2a9ee6cf68ab3e23,data_manifests/deepmask_gpr_unified_samples_20260811.csv,20260811,existing fold_id P2-style split when available; group fallback otherwise
deepmask_gpr,existing_fold_p2,deepmask_gpr::augmented_intact::44 (2)_aug_7,intact,intact::44 (2),train,4316f06e52e68684bfd6bfcc178d35668d1f1196c6b2515d5010560a2544291b,data_manifests/deepmask_gpr_unified_samples_20260811.csv,20260811,existing fold_id P2-style split when available; group fallback otherwise
deepmask_gpr,existing_fold_p2,deepmask_gpr::augmented_intact::44 (2)_aug_8,intact,intact::44 (2),train,c7873dda6b78bf07be90ffe5cb9980efe8d738ecfbaeb55d510dfc0643697936,data_manifests/deepmask_gpr_unified_samples_20260811.csv,20260811,existing fold_id P2-style split when available; group fallback otherwise
deepmask_gpr,existing_fold_p2,deepmask_gpr::augmented_intact::44 (2)_aug_9,intact,intact::44 (2),train,f9e9f3a6b3a1e7ba01e74e39eb1a6408ec4f5094ebeb084f185467c97f3741d0,data_manifests/deepmask_gpr_unified_samples_20260811.csv,20260811,existing fold_id P2-style split when available; group fallback otherwise
deepmask_gpr,existing_fold_p2,deepmask_gpr::augmented_intact::44_aug_1,intact,intact::44,val,35552cad9d0fe072b2ec0b74da1744c53d4d8fdc6504bfc2d96457da4f4fb80c,data_manifests/deepmask_gpr_unified_samples_20260811.csv,20260811,existing fold_id P2-style split when available; group fallback otherwise
deepmask_gpr,existing_fold_p2,deepmask_gpr::augmented_intact::44_aug_10,intact,intact::44,val,bc38d32509e4dc5e39f935549cbde403cc2075bee4946b12a09447372863fade,data_manifests/deepmask_gpr_unified_samples_20260811.csv,20260811,existing fold_id P2-style split when available; group fallback otherwise
deepmask_gpr,existing_fold_p2,deepmask_gpr::augmented_intact::44_aug_11,intact,intact::44,val,f5879714b5e91fdde51ffe0114000aa2570ee1278b978ac4dffc66f3498fac04,data_manifests/deepmask_gpr_unified_samples_20260811.csv,20260811,existing fold_id P2-style split when available; group fallback otherwise
deepmask_gpr,existing_fold_p2,deepmask_gpr::augmented_intact::44_aug_12,intact,intact::44,val,be99f58b87bc6b1fe3998200fe9362cd5768e9291c2be6c722d80ab48ab5bc55,data_manifests/deepmask_gpr_unified_samples_20260811.csv,20260811,existing fold_id P2-style split when available; group fallback otherwise
deepmask_gpr,existing_fold_p2,deepmask_gpr::augmented_intact::44_aug_2,intact,intact::44,val,051252af8f20f01f59ec3c8051963d791312fb3fa0a047d56a7710b2af0ae7d3,data_manifests/deepmask_gpr_unified_samples_20260811.csv,20260811,existing fold_id P2-style split when available; group fallback otherwise
deepmask_gpr,existing_fold_p2,deepmask_gpr::augmented_intact::44_aug_3,intact,intact::44,val,da960ce74ce5c8fd2be3efe33c2875068d63eef7d5be213b25d8b6c89d39758a,data_manifests/deepmask_gpr_unified_samples_20260811.csv,20260811,existing fold_id P2-style split when available; group fallback otherwise
deepmask_gpr,existing_fold_p2,deepmask_gpr::augmented_intact::44_aug_4,intact,intact::44,val,f73770c9a27f4885f2276a8c725f70f2e266693d4db27688d31b3770943cf417,data_manifests/deepmask_gpr_unified_samples_20260811.csv,20260811,existing fold_id P2-style split when available; group fallback otherwise
deepmask_gpr,existing_fold_p2,deepmask_gpr::augmented_intact::44_aug_5,intact,intact::44,val,d2f53e49e26a38bc9dea74e2839bc16347abf374970845d6441ce45552727f3c,data_manifests/deepmask_gpr_unified_samples_20260811.csv,20260811,existing fold_id P2-style split when available; group fallback otherwise
deepmask_gpr,existing_fold_p2,deepmask_gpr::augmented_intact::44_aug_6,intact,intact::44,val,ab04711254a9a76a2013e1794a4d4c4b6360c308e3f25758020d7491a4548546,data_manifests/deepmask_gpr_unified_samples_20260811.csv,20260811,existing fold_id P2-style split when available; group fallback otherwise
deepmask_gpr,existing_fold_p2,deepmask_gpr::augmented_intact::44_aug_7,intact,intact::44,val,7cf1a59958feea931e4e45a711b3888ea8fe66dde80a1f7a2cf269cc89ca1c88,data_manifests/deepmask_gpr_unified_samples_20260811.csv,20260811,existing fold_id P2-style split when available; group fallback otherwise
deepmask_gpr,existing_fold_p2,deepmask_gpr::augmented_intact::44_aug_8,intact,intact::44,val,2ae7db1dc8ea22138f7139915c783eeeb45299f8eafb21b10dc13ad9194a899a,data_manifests/deepmask_gpr_unified_samples_20260811.csv,20260811,existing fold_id P2-style split when available; group fallback otherwise
deepmask_gpr,existing_fold_p2,deepmask_gpr::augmented_intact::44_aug_9,intact,intact::44,val,f2022448c633d726ac34a211b51a26f8429335106b68cab5269fd632bb6fe43f,data_manifests/deepmask_gpr_unified_samples_20260811.csv,20260811,existing fold_id P2-style split when available; group fallback otherwise
deepmask_gpr,existing_fold_p2,deepmask_gpr::augmented_intact::45 (2)_aug_1,intact,intact::45 (2),test,74d89e70aa3f16f60e23d1caaf1ed92b4e330df27dec9e8cdef7cec68ed56478,data_manifests/deepmask_gpr_unified_samples_20260811.csv,20260811,existing fold_id P2-style split when available; group fallback otherwise
deepmask_gpr,existing_fold_p2,deepmask_gpr::augmented_intact::45 (2)_aug_10,intact,intact::45 (2),test,bc9087476d322acb8790fce3a15865b5e3f06f5f16d34b6a1eda4f1b90666602,data_manifests/deepmask_gpr_unified_samples_20260811.csv,20260811,existing fold_id P2-style split when available; group fallback otherwise
deepmask_gpr,existing_fold_p2,deepmask_gpr::augmented_intact::45 (2)_aug_11,intact,intact::45 (2),test,89f54dab454239f2f31770951871d737e61ee7f7a320340e41a275c9c1c1fe72,data_manifests/deepmask_gpr_unified_samples_20260811.csv,20260811,existing fold_id P2-style split when available; group fallback otherwise
deepmask_gpr,existing_fold_p2,deepmask_gpr::augmented_intact::45 (2)_aug_12,intact,intact::45 (2),test,2415d94082430ccdb078a2783dc0d70ba66662b8e8f5ec8ec83a5e2400042488,data_manifests/deepmask_gpr_unified_samples_20260811.csv,20260811,existing fold_id P2-style split when available; group fallback otherwise
deepmask_gpr,existing_fold_p2,deepmask_gpr::augmented_intact::45 (2)_aug_2,intact,intact::45 (2),test,16d8c684502d6c2900066d53c3238b4666cb35c3b52a051ee190fcb17b5517ce,data_manifests/deepmask_gpr_unified_samples_20260811.csv,20260811,existing fold_id P2-style split when available; group fallback otherwise
deepmask_gpr,existing_fold_p2,deepmask_gpr::augmented_intact::45 (2)_aug_3,intact,intact::45 (2),test,c4f8d3ba0a04a7b13f98fafd68c3b2d128dc29ff85a0ef7a4a5c2f14e11f5a05,data_manifests/deepmask_gpr_unified_samples_20260811.csv,20260811,existing fold_id P2-style split when available; group fallback otherwise
deepmask_gpr,existing_fold_p2,deepmask_gpr::augmented_intact::45 (2)_aug_4,intact,intact::45 (2),test,36c0746b90a6ee8994e3ea8d853bd9827cf9737667e1a3dd1bc9a067de4c3dfa,data_manifests/deepmask_gpr_unified_samples_20260811.csv,20260811,existing fold_id P2-style split when available; group fallback otherwise
deepmask_gpr,existing_fold_p2,deepmask_gpr::augmented_intact::45 (2)_aug_5,intact,intact::45 (2),test,0e7103854e9b47458162d2f2023f7815fc925175ed95f1ff118a01e6fd6749d6,data_manifests/deepmask_gpr_unified_samples_20260811.csv,20260811,existing fold_id P2-style split when available; group fallback otherwise
deepmask_gpr,existing_fold_p2,deepmask_gpr::augmented_intact::45 (2)_aug_6,intact,intact::45 (2),test,f37f771826b660be19d8312d4eaa240a7cea61b7c87a8891c4f91c00b682ae40,data_manifests/deepmask_gpr_unified_samples_20260811.csv,20260811,existing fold_id P2-style split when available; group fallback otherwise
deepmask_gpr,existing_fold_p2,deepmask_gpr::augmented_intact::45 (2)_aug_7,intact,intact::45 (2),test,f0d94a299b56cba01a082a93e280d8905318fa5f3f6edcd28160ed6ba4028f1b,data_manifests/deepmask_gpr_unified_samples_20260811.csv,20260811,existing fold_id P2-style split when available; group fallback otherwise
deepmask_gpr,existing_fold_p2,deepmask_gpr::augmented_intact::45 (2)_aug_8,intact,intact::45 (2),test,29c1846b1c2b2c7ea506dba3ae4eb247b07b73d7376ed5c1aa018d16ee8a27e8,data_manifests/deepmask_gpr_unified_samples_20260811.csv,20260811,existing fold_id P2-style split when available; group fallback otherwise
deepmask_gpr,existing_fold_p2,deepmask_gpr::augmented_intact::45 (2)_aug_9,intact,intact::45 (2),test,3c24c09dd68be1065c6ddc43b107faed03fd09696e6c47d434f899e44500292a,data_manifests/deepmask_gpr_unified_samples_20260811.csv,20260811,existing fold_id P2-style split when available; group fallback otherwise
deepmask_gpr,existing_fold_p2,deepmask_gpr::augmented_intact::45_aug_1,intact,intact::45,test,d553237edc505e65b8b686f654727cc3e2cb11198d84d51ccf522648c5ca5f83,data_manifests/deepmask_gpr_unified_samples_20260811.csv,20260811,existing fold_id P2-style split when available; group fallback otherwise
deepmask_gpr,existing_fold_p2,deepmask_gpr::augmented_intact::45_aug_10,intact,intact::45,test,0e1c2f92622b4e322e1deb0b42654ba687aeec21f09894395ce8987f30793c1f,data_manifests/deepmask_gpr_unified_samples_20260811.csv,20260811,existing fold_id P2-style split when available; group fallback otherwise
deepmask_gpr,existing_fold_p2,deepmask_gpr::augmented_intact::45_aug_11,intact,intact::45,test,f1ec4226e866d77605ba342496038196c7142edd1a4207c33ea639e420f2d6ce,data_manifests/deepmask_gpr_unified_samples_20260811.csv,20260811,existing fold_id P2-style split when available; group fallback otherwise
deepmask_gpr,existing_fold_p2,deepmask_gpr::augmented_intact::45_aug_12,intact,intact::45,test,fb5a184c5788610e131649678fac8b27768766f181b3271968553deb46c75f4d,data_manifests/deepmask_gpr_unified_samples_20260811.csv,20260811,existing fold_id P2-style split when available; group fallback otherwise
deepmask_gpr,existing_fold_p2,deepmask_gpr::augmented_intact::45_aug_2,intact,intact::45,test,76e7191c3f7cc884e1f5139503ee411e1cb355747f7f57c85fa96d359f227d7a,data_manifests/deepmask_gpr_unified_samples_20260811.csv,20260811,existing fold_id P2-style split when available; group fallback otherwise
deepmask_gpr,existing_fold_p2,deepmask_gpr::augmented_intact::45_aug_3,intact,intact::45,test,6eb131ce0fb38290c6cbf509552cc167df8b2e812217e7a3a7ea1719ff745315,data_manifests/deepmask_gpr_unified_samples_20260811.csv,20260811,existing fold_id P2-style split when available; group fallback otherwise
deepmask_gpr,existing_fold_p2,deepmask_gpr::augmented_intact::45_aug_4,intact,intact::45,test,0355946ba6583e6fccbfc9f9b9475e8b0b97fb98050d20efacbd64d36b3131bf,data_manifests/deepmask_gpr_unified_samples_20260811.csv,20260811,existing fold_id P2-style split when available; group fallback otherwise
deepmask_gpr,existing_fold_p2,deepmask_gpr::augmented_intact::45_aug_5,intact,intact::45,test,4494c7b1cf38c4ea0b348407a3d350c91fe9a0a50d8f432a7fd0db36a4c40efd,data_manifests/deepmask_gpr_unified_samples_20260811.csv,20260811,existing fold_id P2-style split when available; group fallback otherwise
deepmask_gpr,existing_fold_p2,deepmask_gpr::augmented_intact::45_aug_6,intact,intact::45,test,30bab9bbfc1a3227e73e2b1449febe4015f964fdd3d9d9f7f128cf0c0cc526be,data_manifests/deepmask_gpr_unified_samples_20260811.csv,20260811,existing fold_id P2-style split when available; group fallback otherwise
deepmask_gpr,existing_fold_p2,deepmask_gpr::augmented_intact::45_aug_7,intact,intact::45,test,8cce4271b4ac465d9e5b3abf86ff66c2f5e4a5a64e7e902b62450167d8617e11,data_manifests/deepmask_gpr_unified_samples_20260811.csv,20260811,existing fold_id P2-style split when available; group fallback otherwise
deepmask_gpr,existing_fold_p2,deepmask_gpr::augmented_intact::45_aug_8,intact,intact::45,test,38b4eca3edbd53aac59672127d4146e8d8799208f8098693c09bccfe5e1c559d,data_manifests/deepmask_gpr_unified_samples_20260811.csv,20260811,existing fold_id P2-style split when available; group fallback otherwise
deepmask_gpr,existing_fold_p2,deepmask_gpr::augmented_intact::45_aug_9,intact,intact::45,test,246050c9687c51f329ea3c359d58c3922bf84210139a5f741ea48f4ef7236e9e,data_manifests/deepmask_gpr_unified_samples_20260811.csv,20260811,existing fold_id P2-style split when available; group fallback otherwise
deepmask_gpr,existing_fold_p2,deepmask_gpr::augmented_intact::4_aug_1,intact,intact::4,train,c4fe19d1f2d813a98384efa2f0039a6b199da1c908f5ecb15a544eaa693a25bb,data_manifests/deepmask_gpr_unified_samples_20260811.csv,20260811,existing fold_id P2-style split when available; group fallback otherwise
deepmask_gpr,existing_fold_p2,deepmask_gpr::augmented_intact::4_aug_10,intact,intact::4,train,f538c6e9617b86ab7991434a7b39257c3d38136e738f9d8fe96d9100e09e6705,data_manifests/deepmask_gpr_unified_samples_20260811.csv,20260811,existing fold_id P2-style split when available; group fallback otherwise
deepmask_gpr,existing_fold_p2,deepmask_gpr::augmented_intact::4_aug_11,intact,intact::4,train,3455d3d966c0aeb1d6151638948e0470ccc4402e7fa73bb0183ae8844d418134,data_manifests/deepmask_gpr_unified_samples_20260811.csv,20260811,existing fold_id P2-style split when available; group fallback otherwise
deepmask_gpr,existing_fold_p2,deepmask_gpr::augmented_intact::4_aug_12,intact,intact::4,train,ab1728b3c9f4457057749e4c8f9627cc6c894dd2028c24595308321a8b9bdaa3,data_manifests/deepmask_gpr_unified_samples_20260811.csv,20260811,existing fold_id P2-style split when available; group fallback otherwise
deepmask_gpr,existing_fold_p2,deepmask_gpr::augmented_intact::4_aug_2,intact,intact::4,train,4c11a344c5546bc970927e6a38d0d30a4f2b5acda83a79a123adb7cdb263d829,data_manifests/deepmask_gpr_unified_samples_20260811.csv,20260811,existing fold_id P2-style split when available; group fallback otherwise
deepmask_gpr,existing_fold_p2,deepmask_gpr::augmented_intact::4_aug_3,intact,intact::4,train,3ed28f5514fc8f04e61026df111fb0f2bccecc10f37d1acaf6b466787b5a8957,data_manifests/deepmask_gpr_unified_samples_20260811.csv,20260811,existing fold_id P2-style split when available; group fallback otherwise
deepmask_gpr,existing_fold_p2,deepmask_gpr::augmented_intact::4_aug_4,intact,intact::4,train,bdf567922978ee30d26decc90ebe59a55da310055df903ef841862923b58b5d8,data_manifests/deepmask_gpr_unified_samples_20260811.csv,20260811,existing fold_id P2-style split when available; group fallback otherwise
deepmask_gpr,existing_fold_p2,deepmask_gpr::augmented_intact::4_aug_5,intact,intact::4,train,e55c035fe25173f3cd4e2f975d862fef72138b5a9a269768df7c5177f97969f1,data_manifests/deepmask_gpr_unified_samples_20260811.csv,20260811,existing fold_id P2-style split when available; group fallback otherwise
deepmask_gpr,existing_fold_p2,deepmask_gpr::augmented_intact::4_aug_6,intact,intact::4,train,d7092541fe7220bf455a5079b83e0781fac391a8c7e66256b631c12d6afa60ac,data_manifests/deepmask_gpr_unified_samples_20260811.csv,20260811,existing fold_id P2-style split when available; group fallback otherwise
deepmask_gpr,existing_fold_p2,deepmask_gpr::augmented_intact::4_aug_7,intact,intact::4,train,ffc3c53ae5cca1820375bf94d374bf7e25b48f932b9642d97c2df5e8f5044f8a,data_manifests/deepmask_gpr_unified_samples_20260811.csv,20260811,existing fold_id P2-style split when available; group fallback otherwise
deepmask_gpr,existing_fold_p2,deepmask_gpr::augmented_intact::4_aug_8,intact,intact::4,train,f457cab9a57719ad28b4e4e5a7e2ad09873bb9c3a2d20e894c7e83644e5c1fc2,data_manifests/deepmask_gpr_unified_samples_20260811.csv,20260811,existing fold_id P2-style split when available; group fallback otherwise
deepmask_gpr,existing_fold_p2,deepmask_gpr::augmented_intact::4_aug_9,intact,intact::4,train,3fa9fe90e6b863b0dd9f6096adc25eaa40c7c7b44184bdfaebc09077c7de5222,data_manifests/deepmask_gpr_unified_samples_20260811.csv,20260811,existing fold_id P2-style split when available; group fallback otherwise
deepmask_gpr,existing_fold_p2,deepmask_gpr::augmented_intact::5 (2)_aug_1,intact,intact::5 (2),train,af13e876eea2a842208ce1d5385989d2508df69a3bcbfceb488c47d6ad159ad8,data_manifests/deepmask_gpr_unified_samples_20260811.csv,20260811,existing fold_id P2-style split when available; group fallback otherwise
deepmask_gpr,existing_fold_p2,deepmask_gpr::augmented_intact::5 (2)_aug_10,intact,intact::5 (2),train,f1e0c16db62d4b0df92d30e8ea59071b7b421ac9852f3a8ba6abfd2da7584462,data_manifests/deepmask_gpr_unified_samples_20260811.csv,20260811,existing fold_id P2-style split when available; group fallback otherwise
deepmask_gpr,existing_fold_p2,deepmask_gpr::augmented_intact::5 (2)_aug_11,intact,intact::5 (2),train,56c80e410961f7df519f94b984d945b4b69f90669de7eb528383edf148613b90,data_manifests/deepmask_gpr_unified_samples_20260811.csv,20260811,existing fold_id P2-style split when available; group fallback otherwise
deepmask_gpr,existing_fold_p2,deepmask_gpr::augmented_intact::5 (2)_aug_12,intact,intact::5 (2),train,2c17626a630458a947888475af6108d288d2469cc5249d2a96b628830a280ac6,data_manifests/deepmask_gpr_unified_samples_20260811.csv,20260811,existing fold_id P2-style split when available; group fallback otherwise
deepmask_gpr,existing_fold_p2,deepmask_gpr::augmented_intact::5 (2)_aug_2,intact,intact::5 (2),train,8fb65f7d6dab9eda070d07aaac083c4f860b8b24b058a340fb02b330493e37f8,data_manifests/deepmask_gpr_unified_samples_20260811.csv,20260811,existing fold_id P2-style split when available; group fallback otherwise
deepmask_gpr,existing_fold_p2,deepmask_gpr::augmented_intact::5 (2)_aug_3,intact,intact::5 (2),train,3f6b10707c38805bebbb5dd3eeac61feaa8fbfe6397136bb7317b84b039ed352,data_manifests/deepmask_gpr_unified_samples_20260811.csv,20260811,existing fold_id P2-style split when available; group fallback otherwise
deepmask_gpr,existing_fold_p2,deepmask_gpr::augmented_intact::5 (2)_aug_4,intact,intact::5 (2),train,86797190922d5fed0e4acd9b996f829ec341d214e42ec0324121c373af2d38e3,data_manifests/deepmask_gpr_unified_samples_20260811.csv,20260811,existing fold_id P2-style split when available; group fallback otherwise
deepmask_gpr,existing_fold_p2,deepmask_gpr::augmented_intact::5 (2)_aug_5,intact,intact::5 (2),train,15c04368b2193d4741bee91c4f15008d2b395ffb405f49673caa325d9757e049,data_manifests/deepmask_gpr_unified_samples_20260811.csv,20260811,existing fold_id P2-style split when available; group fallback otherwise
deepmask_gpr,existing_fold_p2,deepmask_gpr::augmented_intact::5 (2)_aug_6,intact,intact::5 (2),train,12b7f6e66e9a22fad10b7051dadff487fb4d28ecc8b0dc8bf623e8a6b4974a4a,data_manifests/deepmask_gpr_unified_samples_20260811.csv,20260811,existing fold_id P2-style split when available; group fallback otherwise
deepmask_gpr,existing_fold_p2,deepmask_gpr::augmented_intact::5 (2)_aug_7,intact,intact::5 (2),train,56315d638ce0f9b7c69bdd1d90cadce9b8b2157b74ebacffa2806a3e6ae9e538,data_manifests/deepmask_gpr_unified_samples_20260811.csv,20260811,existing fold_id P2-style split when available; group fallback otherwise
deepmask_gpr,existing_fold_p2,deepmask_gpr::augmented_intact::5 (2)_aug_8,intact,intact::5 (2),train,d6db28fb5ae014afd36d8b99c5b145fec73464d7b066f10806e38e8359771a33,data_manifests/deepmask_gpr_unified_samples_20260811.csv,20260811,existing fold_id P2-style split when available; group fallback otherwise
deepmask_gpr,existing_fold_p2,deepmask_gpr::augmented_intact::5 (2)_aug_9,intact,intact::5 (2),train,2c9c3f1a5828c64e3b16b703d6a109e51fe71f87c9692e18a50f0a2cbc2da4ef,data_manifests/deepmask_gpr_unified_samples_20260811.csv,20260811,existing fold_id P2-style split when available; group fallback otherwise
deepmask_gpr,existing_fold_p2,deepmask_gpr::augmented_intact::5_aug_1,intact,intact::5,test,46d99bc623cbe114382ee501e664b51215d368addfc60e54e14866e2fff35f5f,data_manifests/deepmask_gpr_unified_samples_20260811.csv,20260811,existing fold_id P2-style split when available; group fallback otherwise
deepmask_gpr,existing_fold_p2,deepmask_gpr::augmented_intact::5_aug_10,intact,intact::5,test,7c1dbd51e407a4f8b9588d6a14f1daf1027782887329bd8266bbd30933c25812,data_manifests/deepmask_gpr_unified_samples_20260811.csv,20260811,existing fold_id P2-style split when available; group fallback otherwise
deepmask_gpr,existing_fold_p2,deepmask_gpr::augmented_intact::5_aug_11,intact,intact::5,test,ee7a0b9e8f63fcda2ed50748c7728d5cc8f080cf1e52736a0950a83dd0aea9b2,data_manifests/deepmask_gpr_unified_samples_20260811.csv,20260811,existing fold_id P2-style split when available; group fallback otherwise
deepmask_gpr,existing_fold_p2,deepmask_gpr::augmented_intact::5_aug_12,intact,intact::5,test,52c75ab7f57a1c76eea8d8cb8a55f6ab93cbd2f64f5822059c4e3e8b299f9795,data_manifests/deepmask_gpr_unified_samples_20260811.csv,20260811,existing fold_id P2-style split when available; group fallback otherwise
deepmask_gpr,existing_fold_p2,deepmask_gpr::augmented_intact::5_aug_2,intact,intact::5,test,e498d61423386e6d7a33f8097e0fc64f7b30418da201769d7158710f2f183b9d,data_manifests/deepmask_gpr_unified_samples_20260811.csv,20260811,existing fold_id P2-style split when available; group fallback otherwise
deepmask_gpr,existing_fold_p2,deepmask_gpr::augmented_intact::5_aug_3,intact,intact::5,test,181e026844051afc475b3c6cab58b76125cff96248fcd8f00b87a881a1308cb4,data_manifests/deepmask_gpr_unified_samples_20260811.csv,20260811,existing fold_id P2-style split when available; group fallback otherwise
deepmask_gpr,existing_fold_p2,deepmask_gpr::augmented_intact::5_aug_4,intact,intact::5,test,f74dbf81f48a982c179e52dfc60065975cd78c679a93a4c8164ccf23a711f4a3,data_manifests/deepmask_gpr_unified_samples_20260811.csv,20260811,existing fold_id P2-style split when available; group fallback otherwise
deepmask_gpr,existing_fold_p2,deepmask_gpr::augmented_intact::5_aug_5,intact,intact::5,test,b4639f8b07fe99449d8551591ccb32575e90e9a779e6d947d10bac902540ec1e,data_manifests/deepmask_gpr_unified_samples_20260811.csv,20260811,existing fold_id P2-style split when available; group fallback otherwise
deepmask_gpr,existing_fold_p2,deepmask_gpr::augmented_intact::5_aug_6,intact,intact::5,test,eb3df175b4e72ada3ae6281896ac818bd7edae9ac3cf21b9694b2bd092320421,data_manifests/deepmask_gpr_unified_samples_20260811.csv,20260811,existing fold_id P2-style split when available; group fallback otherwise
deepmask_gpr,existing_fold_p2,deepmask_gpr::augmented_intact::5_aug_7,intact,intact::5,test,a18ba93be6998847b07d92779c353b6be978acc9002973cca6168e296bd164d3,data_manifests/deepmask_gpr_unified_samples_20260811.csv,20260811,existing fold_id P2-style split when available; group fallback otherwise
deepmask_gpr,existing_fold_p2,deepmask_gpr::augmented_intact::5_aug_8,intact,intact::5,test,f149edc432ac91847ba1d2d70d5d46eaa32006b82ae175bc9efc9f8a267a24b5,data_manifests/deepmask_gpr_unified_samples_20260811.csv,20260811,existing fold_id P2-style split when available; group fallback otherwise
deepmask_gpr,existing_fold_p2,deepmask_gpr::augmented_intact::5_aug_9,intact,intact::5,test,ae44ed20c905309f559eeb567e2bd73fc728bd8e7bbdfa737639af802ba13784,data_manifests/deepmask_gpr_unified_samples_20260811.csv,20260811,existing fold_id P2-style split when available; group fallback otherwise
deepmask_gpr,existing_fold_p2,deepmask_gpr::augmented_intact::6 (2)_aug_1,intact,intact::6 (2),train,6e968e7231e7772d853ded0800a97d029f4abb29f18ba61de0a0468d9ddc72ac,data_manifests/deepmask_gpr_unified_samples_20260811.csv,20260811,existing fold_id P2-style split when available; group fallback otherwise
deepmask_gpr,existing_fold_p2,deepmask_gpr::augmented_intact::6 (2)_aug_10,intact,intact::6 (2),train,01a885d12dc6bb2e9e6ba4d82c4077e12a36b4aa3c7e5b74e5587bd61011796f,data_manifests/deepmask_gpr_unified_samples_20260811.csv,20260811,existing fold_id P2-style split when available; group fallback otherwise
deepmask_gpr,existing_fold_p2,deepmask_gpr::augmented_intact::6 (2)_aug_11,intact,intact::6 (2),train,38def621188f182d7d6a41e4873925d00ca7b4d62fb6db7a45b6115bc1ab513e,data_manifests/deepmask_gpr_unified_samples_20260811.csv,20260811,existing fold_id P2-style split when available; group fallback otherwise
deepmask_gpr,existing_fold_p2,deepmask_gpr::augmented_intact::6 (2)_aug_12,intact,intact::6 (2),train,446ad6be53fc35045074758c63b20225cc1c4f416e93f743ea0fc2f949448890,data_manifests/deepmask_gpr_unified_samples_20260811.csv,20260811,existing fold_id P2-style split when available; group fallback otherwise
deepmask_gpr,existing_fold_p2,deepmask_gpr::augmented_intact::6 (2)_aug_2,intact,intact::6 (2),train,24cea1380928c5b4954df45201a87109d188429fceca22065d42e1b01f968e11,data_manifests/deepmask_gpr_unified_samples_20260811.csv,20260811,existing fold_id P2-style split when available; group fallback otherwise
deepmask_gpr,existing_fold_p2,deepmask_gpr::augmented_intact::6 (2)_aug_3,intact,intact::6 (2),train,01be0bf612261be75d6865afb3d7edf46eaa34d9086017b73ebf524b9ee468bd,data_manifests/deepmask_gpr_unified_samples_20260811.csv,20260811,existing fold_id P2-style split when available; group fallback otherwise
deepmask_gpr,existing_fold_p2,deepmask_gpr::augmented_intact::6 (2)_aug_4,intact,intact::6 (2),train,e3118b44e98045c48456d7cc4b59681ad1f83f29c43dd6f91ca70ead61979087,data_manifests/deepmask_gpr_unified_samples_20260811.csv,20260811,existing fold_id P2-style split when available; group fallback otherwise
deepmask_gpr,existing_fold_p2,deepmask_gpr::augmented_intact::6 (2)_aug_5,intact,intact::6 (2),train,30020e0c5c56bb8ae57a839c7b8648a5350a4cdad7c7bf5d2624028b85cef03c,data_manifests/deepmask_gpr_unified_samples_20260811.csv,20260811,existing fold_id P2-style split when available; group fallback otherwise
deepmask_gpr,existing_fold_p2,deepmask_gpr::augmented_intact::6 (2)_aug_6,intact,intact::6 (2),train,cfbe5358d65c44ceb963b4fdd77d843929b8ab78350c2c6b875b95d51a8521a0,data_manifests/deepmask_gpr_unified_samples_20260811.csv,20260811,existing fold_id P2-style split when available; group fallback otherwise
deepmask_gpr,existing_fold_p2,deepmask_gpr::augmented_intact::6 (2)_aug_7,intact,intact::6 (2),train,50bb2066268b6f2311d558d88c93cd90b40f7539c89a654adbee75d0bafbd231,data_manifests/deepmask_gpr_unified_samples_20260811.csv,20260811,existing fold_id P2-style split when available; group fallback otherwise
deepmask_gpr,existing_fold_p2,deepmask_gpr::augmented_intact::6 (2)_aug_8,intact,intact::6 (2),train,847e6f0a103f1768f74541d20045a7a5ea562fb0998e6cdcc66026ad9bddbbbe,data_manifests/deepmask_gpr_unified_samples_20260811.csv,20260811,existing fold_id P2-style split when available; group fallback otherwise
deepmask_gpr,existing_fold_p2,deepmask_gpr::augmented_intact::6 (2)_aug_9,intact,intact::6 (2),train,fd7bac56783ad01b85750b73dbe1c7b542faeec321cb39f3fb850b7952332200,data_manifests/deepmask_gpr_unified_samples_20260811.csv,20260811,existing fold_id P2-style split when available; group fallback otherwise
deepmask_gpr,existing_fold_p2,deepmask_gpr::augmented_intact::6_aug_1,intact,intact::6,test,e837120f283efca8c14db11c835d7f8ecf0495dd2ccd0bbb442ab4083bab23e6,data_manifests/deepmask_gpr_unified_samples_20260811.csv,20260811,existing fold_id P2-style split when available; group fallback otherwise
deepmask_gpr,existing_fold_p2,deepmask_gpr::augmented_intact::6_aug_10,intact,intact::6,test,ef63f916a0123ae0aea4169dd8eb7e54d635827ed87842c433ea731943cfd654,data_manifests/deepmask_gpr_unified_samples_20260811.csv,20260811,existing fold_id P2-style split when available; group fallback otherwise
deepmask_gpr,existing_fold_p2,deepmask_gpr::augmented_intact::6_aug_11,intact,intact::6,test,9222529ff6735bc792a96de21aba0b0de41fba890264c9c5377e2d1e3e3ed32f,data_manifests/deepmask_gpr_unified_samples_20260811.csv,20260811,existing fold_id P2-style split when available; group fallback otherwise
deepmask_gpr,existing_fold_p2,deepmask_gpr::augmented_intact::6_aug_12,intact,intact::6,test,657deb5743f3c13cd9850c2f390aa06cdd546a647982eed1aab70494c8f5f164,data_manifests/deepmask_gpr_unified_samples_20260811.csv,20260811,existing fold_id P2-style split when available; group fallback otherwise
deepmask_gpr,existing_fold_p2,deepmask_gpr::augmented_intact::6_aug_2,intact,intact::6,test,70305247862d3ebd6ce3f67f174926a00648eebbabccac968330722e853d2b74,data_manifests/deepmask_gpr_unified_samples_20260811.csv,20260811,existing fold_id P2-style split when available; group fallback otherwise
deepmask_gpr,existing_fold_p2,deepmask_gpr::augmented_intact::6_aug_3,intact,intact::6,test,b3c4d65708d75bff1e65853be37865cf7f4693de24fc425267cb60013a1dbe03,data_manifests/deepmask_gpr_unified_samples_20260811.csv,20260811,existing fold_id P2-style split when available; group fallback otherwise
deepmask_gpr,existing_fold_p2,deepmask_gpr::augmented_intact::6_aug_4,intact,intact::6,test,36f91e7be42bf35d389294fc7c4ad1f11184854e201a75653d7db7a365935136,data_manifests/deepmask_gpr_unified_samples_20260811.csv,20260811,existing fold_id P2-style split when available; group fallback otherwise
deepmask_gpr,existing_fold_p2,deepmask_gpr::augmented_intact::6_aug_5,intact,intact::6,test,6ef13a4db1c3354147d835799b388ec83a5800b2791d1aa232b52a81ebec6837,data_manifests/deepmask_gpr_unified_samples_20260811.csv,20260811,existing fold_id P2-style split when available; group fallback otherwise
deepmask_gpr,existing_fold_p2,deepmask_gpr::augmented_intact::6_aug_6,intact,intact::6,test,4673d02e88150381b044e8cd279f4961b291da5eb0fbbc6b16a645c5e7dc9970,data_manifests/deepmask_gpr_unified_samples_20260811.csv,20260811,existing fold_id P2-style split when available; group fallback otherwise
deepmask_gpr,existing_fold_p2,deepmask_gpr::augmented_intact::6_aug_7,intact,intact::6,test,aef0f4d5c03f99d809f649335c68e84bfd689d34b0838e089cbf688686431c39,data_manifests/deepmask_gpr_unified_samples_20260811.csv,20260811,existing fold_id P2-style split when available; group fallback otherwise
deepmask_gpr,existing_fold_p2,deepmask_gpr::augmented_intact::6_aug_8,intact,intact::6,test,203fbeaba1e29cf18e03d959b927c2871ae987a28e0418f2b8fc6d0f4b7aa9c5,data_manifests/deepmask_gpr_unified_samples_20260811.csv,20260811,existing fold_id P2-style split when available; group fallback otherwise
deepmask_gpr,existing_fold_p2,deepmask_gpr::augmented_intact::6_aug_9,intact,intact::6,test,2993998573e26fd0189a7643a0fec3f8391959cdc4ebd7d5dc25b2018dcdd6cc,data_manifests/deepmask_gpr_unified_samples_20260811.csv,20260811,existing fold_id P2-style split when available; group fallback otherwise
deepmask_gpr,existing_fold_p2,deepmask_gpr::augmented_intact::7 (2)_aug_1,intact,intact::7 (2),train,fe2ebbe72108728964d65ff9a3e46228571bab2ddf159932910d6df9249b258c,data_manifests/deepmask_gpr_unified_samples_20260811.csv,20260811,existing fold_id P2-style split when available; group fallback otherwise
deepmask_gpr,existing_fold_p2,deepmask_gpr::augmented_intact::7 (2)_aug_10,intact,intact::7 (2),train,aa7e0161ec1c9fc5632399e7d339517e57090508a6372f05f6633e23579ad9e4,data_manifests/deepmask_gpr_unified_samples_20260811.csv,20260811,existing fold_id P2-style split when available; group fallback otherwise
deepmask_gpr,existing_fold_p2,deepmask_gpr::augmented_intact::7 (2)_aug_11,intact,intact::7 (2),train,28abcfcc56549f5db2eedc29a4a694b789bf91b5dc2d911af7111c75d5090963,data_manifests/deepmask_gpr_unified_samples_20260811.csv,20260811,existing fold_id P2-style split when available; group fallback otherwise
deepmask_gpr,existing_fold_p2,deepmask_gpr::augmented_intact::7 (2)_aug_12,intact,intact::7 (2),train,189becfb0b168b5f8bb0f57d375b7ff36aac5de96410768358439f35e3887958,data_manifests/deepmask_gpr_unified_samples_20260811.csv,20260811,existing fold_id P2-style split when available; group fallback otherwise
deepmask_gpr,existing_fold_p2,deepmask_gpr::augmented_intact::7 (2)_aug_2,intact,intact::7 (2),train,cdc573d04e938fb113770e7de4a3ece1c15b072017f3bf331e86f38c45396712,data_manifests/deepmask_gpr_unified_samples_20260811.csv,20260811,existing fold_id P2-style split when available; group fallback otherwise
deepmask_gpr,existing_fold_p2,deepmask_gpr::augmented_intact::7 (2)_aug_3,intact,intact::7 (2),train,1a54c8b5a4b003c32c7d5a7cc69290bfbb1fbc7d2b608fa3bd9648ec44a26790,data_manifests/deepmask_gpr_unified_samples_20260811.csv,20260811,existing fold_id P2-style split when available; group fallback otherwise
deepmask_gpr,existing_fold_p2,deepmask_gpr::augmented_intact::7 (2)_aug_4,intact,intact::7 (2),train,9e5f618571ff603396d68a0f5995e636d0faee77fe445343a2b3ce444d16638b,data_manifests/deepmask_gpr_unified_samples_20260811.csv,20260811,existing fold_id P2-style split when available; group fallback otherwise
deepmask_gpr,existing_fold_p2,deepmask_gpr::augmented_intact::7 (2)_aug_5,intact,intact::7 (2),train,908f327d711e424a96d9c5982bb49a71808b9dde74a05f254c6f20aad17b3da4,data_manifests/deepmask_gpr_unified_samples_20260811.csv,20260811,existing fold_id P2-style split when available; group fallback otherwise
deepmask_gpr,existing_fold_p2,deepmask_gpr::augmented_intact::7 (2)_aug_6,intact,intact::7 (2),train,cc5f49c93c316e9afc65af7b34a2660cba6d050353af2bd0aafa371b7280eba9,data_manifests/deepmask_gpr_unified_samples_20260811.csv,20260811,existing fold_id P2-style split when available; group fallback otherwise
deepmask_gpr,existing_fold_p2,deepmask_gpr::augmented_intact::7 (2)_aug_7,intact,intact::7 (2),train,8f92c6e66eac5084881c71df570aa35876f585cded167553893de4c12e08bcfa,data_manifests/deepmask_gpr_unified_samples_20260811.csv,20260811,existing fold_id P2-style split when available; group fallback otherwise
deepmask_gpr,existing_fold_p2,deepmask_gpr::augmented_intact::7 (2)_aug_8,intact,intact::7 (2),train,9aca013a6001d2006bfc643c54e74411fad9c068ffa275c132a52182684f2523,data_manifests/deepmask_gpr_unified_samples_20260811.csv,20260811,existing fold_id P2-style split when available; group fallback otherwise
deepmask_gpr,existing_fold_p2,deepmask_gpr::augmented_intact::7 (2)_aug_9,intact,intact::7 (2),train,2b3c5b8bf424cfedc5cb1503981c4b8840ea2702ddbc2f383f728d3a2e27f85a,data_manifests/deepmask_gpr_unified_samples_20260811.csv,20260811,existing fold_id P2-style split when available; group fallback otherwise
deepmask_gpr,existing_fold_p2,deepmask_gpr::augmented_intact::7_aug_1,intact,intact::7,test,e1c82c6925ff6a35a1ee1f9618c3c41d58c357f1be4ffc682776e19805a3fcde,data_manifests/deepmask_gpr_unified_samples_20260811.csv,20260811,existing fold_id P2-style split when available; group fallback otherwise
deepmask_gpr,existing_fold_p2,deepmask_gpr::augmented_intact::7_aug_10,intact,intact::7,test,3dcecd4d1f17d24cf337c3444378e1858c3d5fe1059a347cb602f532b95c6139,data_manifests/deepmask_gpr_unified_samples_20260811.csv,20260811,existing fold_id P2-style split when available; group fallback otherwise
deepmask_gpr,existing_fold_p2,deepmask_gpr::augmented_intact::7_aug_11,intact,intact::7,test,ee3b7cb4aa214c3ed904a71c6d52d45d6d40991ef82e73dc3f003f336e9d2c5a,data_manifests/deepmask_gpr_unified_samples_20260811.csv,20260811,existing fold_id P2-style split when available; group fallback otherwise
deepmask_gpr,existing_fold_p2,deepmask_gpr::augmented_intact::7_aug_12,intact,intact::7,test,5160740406cf0c36470342e7add9ede43a5a5bb17d70ff8d9d5ce7a5988912d5,data_manifests/deepmask_gpr_unified_samples_20260811.csv,20260811,existing fold_id P2-style split when available; group fallback otherwise
deepmask_gpr,existing_fold_p2,deepmask_gpr::augmented_intact::7_aug_2,intact,intact::7,test,8944575b8b102d14bafc58654b0042b3c59c42d4a91580cde6c8b384b5576de5,data_manifests/deepmask_gpr_unified_samples_20260811.csv,20260811,existing fold_id P2-style split when available; group fallback otherwise
deepmask_gpr,existing_fold_p2,deepmask_gpr::augmented_intact::7_aug_3,intact,intact::7,test,e14e830e65047963fcc125f614abdd326240a4bd88764c507ecbcbcc8fda7166,data_manifests/deepmask_gpr_unified_samples_20260811.csv,20260811,existing fold_id P2-style split when available; group fallback otherwise
deepmask_gpr,existing_fold_p2,deepmask_gpr::augmented_intact::7_aug_4,intact,intact::7,test,35f9d4949446c1e6883cb41b69a9ea766680421b2bf2b45433b38dbb70c7355a,data_manifests/deepmask_gpr_unified_samples_20260811.csv,20260811,existing fold_id P2-style split when available; group fallback otherwise
deepmask_gpr,existing_fold_p2,deepmask_gpr::augmented_intact::7_aug_5,intact,intact::7,test,ad5dd81053ffe924cbc66ede388a3c8e9abbe883dc1edb47712742921a40dd97,data_manifests/deepmask_gpr_unified_samples_20260811.csv,20260811,existing fold_id P2-style split when available; group fallback otherwise
deepmask_gpr,existing_fold_p2,deepmask_gpr::augmented_intact::7_aug_6,intact,intact::7,test,056f71cfde6705ca2752fb854ac2dd3e3c6f7453cbf50be7565383016fc2c4de,data_manifests/deepmask_gpr_unified_samples_20260811.csv,20260811,existing fold_id P2-style split when available; group fallback otherwise
deepmask_gpr,existing_fold_p2,deepmask_gpr::augmented_intact::7_aug_7,intact,intact::7,test,a0dffe9ef8157712e605aa2056bfacc03796bb1710c2cdf8c5e90a82d9a4bbba,data_manifests/deepmask_gpr_unified_samples_20260811.csv,20260811,existing fold_id P2-style split when available; group fallback otherwise
deepmask_gpr,existing_fold_p2,deepmask_gpr::augmented_intact::7_aug_8,intact,intact::7,test,5615e1c2440eb9ec6df48a308e6cfbd969cb43aed93ae16312cfbc54fa4663f8,data_manifests/deepmask_gpr_unified_samples_20260811.csv,20260811,existing fold_id P2-style split when available; group fallback otherwise
deepmask_gpr,existing_fold_p2,deepmask_gpr::augmented_intact::7_aug_9,intact,intact::7,test,23a33b787aa2a2de18652201825fdb3cbb0d2a04a43f4b5a57470b47cbed20bf,data_manifests/deepmask_gpr_unified_samples_20260811.csv,20260811,existing fold_id P2-style split when available; group fallback otherwise
deepmask_gpr,existing_fold_p2,deepmask_gpr::augmented_intact::8 (2)_aug_1,intact,intact::8 (2),test,645d42beb462e7ede5e31e29fb7ba98c9783eb9f6ee5d6f2fb506ab49612762e,data_manifests/deepmask_gpr_unified_samples_20260811.csv,20260811,existing fold_id P2-style split when available; group fallback otherwise
deepmask_gpr,existing_fold_p2,deepmask_gpr::augmented_intact::8 (2)_aug_10,intact,intact::8 (2),test,508b2188a6e6e1cdde4c95143bdecfaaae2e99a001204170b702ba41865dcfec,data_manifests/deepmask_gpr_unified_samples_20260811.csv,20260811,existing fold_id P2-style split when available; group fallback otherwise
deepmask_gpr,existing_fold_p2,deepmask_gpr::augmented_intact::8 (2)_aug_11,intact,intact::8 (2),test,19d88ca176dc0ccaf069834276c264a429aadbc6b2d07ed3066c711b4d19463d,data_manifests/deepmask_gpr_unified_samples_20260811.csv,20260811,existing fold_id P2-style split when available; group fallback otherwise
deepmask_gpr,existing_fold_p2,deepmask_gpr::augmented_intact::8 (2)_aug_12,intact,intact::8 (2),test,49ecc8815e10acbf84415675c5fa539b21c12b9cea6e53569e29ae22f081f540,data_manifests/deepmask_gpr_unified_samples_20260811.csv,20260811,existing fold_id P2-style split when available; group fallback otherwise
deepmask_gpr,existing_fold_p2,deepmask_gpr::augmented_intact::8 (2)_aug_2,intact,intact::8 (2),test,c49e6e46df2a05855629ba3b18dbb73d5797bd17fcf77d353d5d70cb83d1721a,data_manifests/deepmask_gpr_unified_samples_20260811.csv,20260811,existing fold_id P2-style split when available; group fallback otherwise
deepmask_gpr,existing_fold_p2,deepmask_gpr::augmented_intact::8 (2)_aug_3,intact,intact::8 (2),test,313d609d52b0f0ea62a092848390e2a726d37cd42f6fe3147a0e6d8b9428985e,data_manifests/deepmask_gpr_unified_samples_20260811.csv,20260811,existing fold_id P2-style split when available; group fallback otherwise
deepmask_gpr,existing_fold_p2,deepmask_gpr::augmented_intact::8 (2)_aug_4,intact,intact::8 (2),test,c1a911a232e15de68e2fde9a5b74c4fc0a5f3cb16ee4a13485dffce8b10f0d23,data_manifests/deepmask_gpr_unified_samples_20260811.csv,20260811,existing fold_id P2-style split when available; group fallback otherwise
deepmask_gpr,existing_fold_p2,deepmask_gpr::augmented_intact::8 (2)_aug_5,intact,intact::8 (2),test,fb31cb8ee71ec934ebf551d21219c32ecec757beb2d5782f4c519fe29fad3af1,data_manifests/deepmask_gpr_unified_samples_20260811.csv,20260811,existing fold_id P2-style split when available; group fallback otherwise
deepmask_gpr,existing_fold_p2,deepmask_gpr::augmented_intact::8 (2)_aug_6,intact,intact::8 (2),test,e7287b7ba6337b51ae5f7cf2e141ac01104ed1639f83ff909ab81edf7bf8a693,data_manifests/deepmask_gpr_unified_samples_20260811.csv,20260811,existing fold_id P2-style split when available; group fallback otherwise
deepmask_gpr,existing_fold_p2,deepmask_gpr::augmented_intact::8 (2)_aug_7,intact,intact::8 (2),test,874558a82cc9aa93666ccaa8fba145022d573a25ac678c9173e0d4b0729a87a5,data_manifests/deepmask_gpr_unified_samples_20260811.csv,20260811,existing fold_id P2-style split when available; group fallback otherwise
deepmask_gpr,existing_fold_p2,deepmask_gpr::augmented_intact::8 (2)_aug_8,intact,intact::8 (2),test,2a3637a7c702c8e3ce4c4e0e2cb5ead2c41050759ce78a12c39ab17ee12ef096,data_manifests/deepmask_gpr_unified_samples_20260811.csv,20260811,existing fold_id P2-style split when available; group fallback otherwise
deepmask_gpr,existing_fold_p2,deepmask_gpr::augmented_intact::8 (2)_aug_9,intact,intact::8 (2),test,3b382770ac58dd9fa4ab3c3d8abd458a282938088f9d4c887517f71d33daed9f,data_manifests/deepmask_gpr_unified_samples_20260811.csv,20260811,existing fold_id P2-style split when available; group fallback otherwise
deepmask_gpr,existing_fold_p2,deepmask_gpr::augmented_intact::8_aug_1,intact,intact::8,train,7963dc4df1fcd007064b0ed9e23d24d363c043797c50f9efd2b8f41f24679a4d,data_manifests/deepmask_gpr_unified_samples_20260811.csv,20260811,existing fold_id P2-style split when available; group fallback otherwise
deepmask_gpr,existing_fold_p2,deepmask_gpr::augmented_intact::8_aug_10,intact,intact::8,train,31846a45c67a3db8b6fa6761d313f013bdbbd5863c95a1cc9464e8b530b966e8,data_manifests/deepmask_gpr_unified_samples_20260811.csv,20260811,existing fold_id P2-style split when available; group fallback otherwise
deepmask_gpr,existing_fold_p2,deepmask_gpr::augmented_intact::8_aug_11,intact,intact::8,train,4c72bd5b8c97a9f0b6e4429d39502216c2f9cf8991cc3b5a77af746b48844999,data_manifests/deepmask_gpr_unified_samples_20260811.csv,20260811,existing fold_id P2-style split when available; group fallback otherwise
deepmask_gpr,existing_fold_p2,deepmask_gpr::augmented_intact::8_aug_12,intact,intact::8,train,6584ee91516cd6ff84124a39b01ca2b09504b8545a76b55bd6e44ca8b40cf8ba,data_manifests/deepmask_gpr_unified_samples_20260811.csv,20260811,existing fold_id P2-style split when available; group fallback otherwise
deepmask_gpr,existing_fold_p2,deepmask_gpr::augmented_intact::8_aug_2,intact,intact::8,train,ecd6972b039362ec815aaeaf4831d97e51a6d37d270b61208e094c7cab6f8279,data_manifests/deepmask_gpr_unified_samples_20260811.csv,20260811,existing fold_id P2-style split when available; group fallback otherwise
deepmask_gpr,existing_fold_p2,deepmask_gpr::augmented_intact::8_aug_3,intact,intact::8,train,13bbecee4b049ebebaa77a5742f0944d5943c49e90bcceba76cb50d971fb12b1,data_manifests/deepmask_gpr_unified_samples_20260811.csv,20260811,existing fold_id P2-style split when available; group fallback otherwise
deepmask_gpr,existing_fold_p2,deepmask_gpr::augmented_intact::8_aug_4,intact,intact::8,train,7e1132950df2c461042a9d6329802b17dc4404966408e3dd704fabda169cbf79,data_manifests/deepmask_gpr_unified_samples_20260811.csv,20260811,existing fold_id P2-style split when available; group fallback otherwise
deepmask_gpr,existing_fold_p2,deepmask_gpr::augmented_intact::8_aug_5,intact,intact::8,train,36a01de843fd42926fb31b174556d6c1fc28272ed44e2edce7cf23048d8bd0f3,data_manifests/deepmask_gpr_unified_samples_20260811.csv,20260811,existing fold_id P2-style split when available; group fallback otherwise
deepmask_gpr,existing_fold_p2,deepmask_gpr::augmented_intact::8_aug_6,intact,intact::8,train,56e03461a90032cd387989b9e217eb8bb3a1b4df061951f335fd0300800ed120,data_manifests/deepmask_gpr_unified_samples_20260811.csv,20260811,existing fold_id P2-style split when available; group fallback otherwise
deepmask_gpr,existing_fold_p2,deepmask_gpr::augmented_intact::8_aug_7,intact,intact::8,train,900a9526a0c503be4d9b8ae1872be557023ef236e00cf15e20da6d19126a7a11,data_manifests/deepmask_gpr_unified_samples_20260811.csv,20260811,existing fold_id P2-style split when available; group fallback otherwise
deepmask_gpr,existing_fold_p2,deepmask_gpr::augmented_intact::8_aug_8,intact,intact::8,train,e5585cdd6f3580e50a26728f7caf457bc1f1fb72ba8e4ecb51c0beef8031e30c,data_manifests/deepmask_gpr_unified_samples_20260811.csv,20260811,existing fold_id P2-style split when available; group fallback otherwise
deepmask_gpr,existing_fold_p2,deepmask_gpr::augmented_intact::8_aug_9,intact,intact::8,train,4b4f15003bab54e3a1f3c290cbae193ccf4689069282f0c587dca85b15648c0b,data_manifests/deepmask_gpr_unified_samples_20260811.csv,20260811,existing fold_id P2-style split when available; group fallback otherwise
deepmask_gpr,existing_fold_p2,deepmask_gpr::augmented_intact::9 (2)_aug_1,intact,intact::9 (2),train,881aceeefb8da0e8ed99ab4171d48f83b9a69d4e87659b777fca83d5a870dbe4,data_manifests/deepmask_gpr_unified_samples_20260811.csv,20260811,existing fold_id P2-style split when available; group fallback otherwise
deepmask_gpr,existing_fold_p2,deepmask_gpr::augmented_intact::9 (2)_aug_10,intact,intact::9 (2),train,de6a0d5b37e4d3acdb38e372ab5f053766aeb25ee298a7f108bce83bc954feb6,data_manifests/deepmask_gpr_unified_samples_20260811.csv,20260811,existing fold_id P2-style split when available; group fallback otherwise
deepmask_gpr,existing_fold_p2,deepmask_gpr::augmented_intact::9 (2)_aug_11,intact,intact::9 (2),train,3046b62b8528ebe26be7aa3b8ea6fa43271266895781db6012ebcfbb64501afb,data_manifests/deepmask_gpr_unified_samples_20260811.csv,20260811,existing fold_id P2-style split when available; group fallback otherwise
deepmask_gpr,existing_fold_p2,deepmask_gpr::augmented_intact::9 (2)_aug_12,intact,intact::9 (2),train,96f2a13a3da5853a967fb797634393e8c555edeabe338c6d797b1bee61f200cf,data_manifests/deepmask_gpr_unified_samples_20260811.csv,20260811,existing fold_id P2-style split when available; group fallback otherwise
deepmask_gpr,existing_fold_p2,deepmask_gpr::augmented_intact::9 (2)_aug_2,intact,intact::9 (2),train,9c3e15d722ff405ecfa4a893d934459f9811137e0681f82a3e047275ad1ddc44,data_manifests/deepmask_gpr_unified_samples_20260811.csv,20260811,existing fold_id P2-style split when available; group fallback otherwise
deepmask_gpr,existing_fold_p2,deepmask_gpr::augmented_intact::9 (2)_aug_3,intact,intact::9 (2),train,1593d0926b72599dd7d09c10d60e723fd53368ca3b11a0083ce1a025a150554b,data_manifests/deepmask_gpr_unified_samples_20260811.csv,20260811,existing fold_id P2-style split when available; group fallback otherwise
deepmask_gpr,existing_fold_p2,deepmask_gpr::augmented_intact::9 (2)_aug_4,intact,intact::9 (2),train,24ec4ee2c189a025de3a5690a9c6b8ffd8d19a3fafd2bab864549f502cd28608,data_manifests/deepmask_gpr_unified_samples_20260811.csv,20260811,existing fold_id P2-style split when available; group fallback otherwise
deepmask_gpr,existing_fold_p2,deepmask_gpr::augmented_intact::9 (2)_aug_5,intact,intact::9 (2),train,83e24d7171c1f6f6efcab8ec7945efe121b1519eb27ed62d022cc3686ab59366,data_manifests/deepmask_gpr_unified_samples_20260811.csv,20260811,existing fold_id P2-style split when available; group fallback otherwise
deepmask_gpr,existing_fold_p2,deepmask_gpr::augmented_intact::9 (2)_aug_6,intact,intact::9 (2),train,c53dd43061bf57a169b8db8e0066d2e74ee858672db8ae0994a0225167bc3ccc,data_manifests/deepmask_gpr_unified_samples_20260811.csv,20260811,existing fold_id P2-style split when available; group fallback otherwise
deepmask_gpr,existing_fold_p2,deepmask_gpr::augmented_intact::9 (2)_aug_7,intact,intact::9 (2),train,a062a87cdc22098241d46e90251804a6d4dd4286f09f766831d664d02e586621,data_manifests/deepmask_gpr_unified_samples_20260811.csv,20260811,existing fold_id P2-style split when available; group fallback otherwise
deepmask_gpr,existing_fold_p2,deepmask_gpr::augmented_intact::9 (2)_aug_8,intact,intact::9 (2),train,eef1c84c2ad7a015157c76f2957afa4c7a138d1c9228a2087fc91e9c39da599f,data_manifests/deepmask_gpr_unified_samples_20260811.csv,20260811,existing fold_id P2-style split when available; group fallback otherwise
deepmask_gpr,existing_fold_p2,deepmask_gpr::augmented_intact::9 (2)_aug_9,intact,intact::9 (2),train,115d39458a21446a7c5884a3e9c5b4917d10d053a8a12427be9ee0ad00852fb0,data_manifests/deepmask_gpr_unified_samples_20260811.csv,20260811,existing fold_id P2-style split when available; group fallback otherwise
deepmask_gpr,existing_fold_p2,deepmask_gpr::augmented_intact::9_aug_1,intact,intact::9,val,b0ddf10b162d8930069cd4657474fb393b868e39a2868a19dbd41b3f6b1e4584,data_manifests/deepmask_gpr_unified_samples_20260811.csv,20260811,existing fold_id P2-style split when available; group fallback otherwise
deepmask_gpr,existing_fold_p2,deepmask_gpr::augmented_intact::9_aug_10,intact,intact::9,val,701c04ad7911bd519b2aec7451c69c10355859e2ccaa61ab6c0e911c70c4710a,data_manifests/deepmask_gpr_unified_samples_20260811.csv,20260811,existing fold_id P2-style split when available; group fallback otherwise
deepmask_gpr,existing_fold_p2,deepmask_gpr::augmented_intact::9_aug_11,intact,intact::9,val,334f8aac96680a93431aead0003ebb27e593f7b4721147e3289e7676b556e02c,data_manifests/deepmask_gpr_unified_samples_20260811.csv,20260811,existing fold_id P2-style split when available; group fallback otherwise
deepmask_gpr,existing_fold_p2,deepmask_gpr::augmented_intact::9_aug_12,intact,intact::9,val,df26ed2f798a113d23fbc11062f3a3ecbf29d37881315f9ff7394f3c7a7b469d,data_manifests/deepmask_gpr_unified_samples_20260811.csv,20260811,existing fold_id P2-style split when available; group fallback otherwise
deepmask_gpr,existing_fold_p2,deepmask_gpr::augmented_intact::9_aug_2,intact,intact::9,val,495afbcdadf9db0ffbd267fa6b26bb28b5f1a2b44f4b4ebf6ff8f27701163e26,data_manifests/deepmask_gpr_unified_samples_20260811.csv,20260811,existing fold_id P2-style split when available; group fallback otherwise
deepmask_gpr,existing_fold_p2,deepmask_gpr::augmented_intact::9_aug_3,intact,intact::9,val,12f6581dfbc03bb178c536896a42309a93e91016ce9d702a9209908461322617,data_manifests/deepmask_gpr_unified_samples_20260811.csv,20260811,existing fold_id P2-style split when available; group fallback otherwise
deepmask_gpr,existing_fold_p2,deepmask_gpr::augmented_intact::9_aug_4,intact,intact::9,val,3e62711e121348786abf1d071b379e4e161207803065f02b3c72ba4aaaa1ebba,data_manifests/deepmask_gpr_unified_samples_20260811.csv,20260811,existing fold_id P2-style split when available; group fallback otherwise
deepmask_gpr,existing_fold_p2,deepmask_gpr::augmented_intact::9_aug_5,intact,intact::9,val,802486aa545e6321e527b39f8b90cd68703ceafa790c21038be43a070e0913cf,data_manifests/deepmask_gpr_unified_samples_20260811.csv,20260811,existing fold_id P2-style split when available; group fallback otherwise
deepmask_gpr,existing_fold_p2,deepmask_gpr::augmented_intact::9_aug_6,intact,intact::9,val,bca10934a63422079ca9bb24a812ec4731b690bb54c9735a392a83a47fc06309,data_manifests/deepmask_gpr_unified_samples_20260811.csv,20260811,existing fold_id P2-style split when available; group fallback otherwise
deepmask_gpr,existing_fold_p2,deepmask_gpr::augmented_intact::9_aug_7,intact,intact::9,val,da7fcfb267d24d44c7abccdd97e2a36f9a8dedf9d5a81d049aeceac562ed2bcb,data_manifests/deepmask_gpr_unified_samples_20260811.csv,20260811,existing fold_id P2-style split when available; group fallback otherwise
deepmask_gpr,existing_fold_p2,deepmask_gpr::augmented_intact::9_aug_8,intact,intact::9,val,0a87dfd2ba8d2c1e02d7b241e3807e05a57cfee45bc7e12d0f384f21f5975026,data_manifests/deepmask_gpr_unified_samples_20260811.csv,20260811,existing fold_id P2-style split when available; group fallback otherwise
deepmask_gpr,existing_fold_p2,deepmask_gpr::augmented_intact::9_aug_9,intact,intact::9,val,034e5aa1fffaaa3340a1ecafe5402f6dbeeb5f72fac61aef31d4131267c222e2,data_manifests/deepmask_gpr_unified_samples_20260811.csv,20260811,existing fold_id P2-style split when available; group fallback otherwise
deepmask_gpr,existing_fold_p2,deepmask_gpr::Utilities::001,utility,utility::001,train,b9a6cdfdf8483bc9bf295c8e2a347ab54bc75b440a6fc3752564ece09d69bec0,data_manifests/deepmask_gpr_unified_samples_20260811.csv,20260811,existing fold_id P2-style split when available; group fallback otherwise
deepmask_gpr,existing_fold_p2,deepmask_gpr::Utilities::004,utility,utility::004,train,2ea4a654f039de54a22ada35ca311cf8c2f42f48e8ce4baf62eb621320cb3e89,data_manifests/deepmask_gpr_unified_samples_20260811.csv,20260811,existing fold_id P2-style split when available; group fallback otherwise
deepmask_gpr,existing_fold_p2,deepmask_gpr::Utilities::007,utility,utility::007,train,686b62bb428722b0d14dbe21ac1e6da760c74c58373e101ee8cff2d03024b252,data_manifests/deepmask_gpr_unified_samples_20260811.csv,20260811,existing fold_id P2-style split when available; group fallback otherwise
deepmask_gpr,existing_fold_p2,deepmask_gpr::Utilities::008,utility,utility::008,train,511326cdc4c73cff53f8b62de840a2bf302c5275fa5842d48a015818597e117a,data_manifests/deepmask_gpr_unified_samples_20260811.csv,20260811,existing fold_id P2-style split when available; group fallback otherwise
deepmask_gpr,existing_fold_p2,deepmask_gpr::Utilities::009,utility,utility::009,train,645aaf611124e8d8afea067cefd6a63e795bc5fe2ef685d229b330879ffb120c,data_manifests/deepmask_gpr_unified_samples_20260811.csv,20260811,existing fold_id P2-style split when available; group fallback otherwise
deepmask_gpr,existing_fold_p2,deepmask_gpr::Utilities::011,utility,utility::011,train,0e3a0e3c13a5ef7e526e570407dc6f1acb75462353f65964f529902824bc60fc,data_manifests/deepmask_gpr_unified_samples_20260811.csv,20260811,existing fold_id P2-style split when available; group fallback otherwise
deepmask_gpr,existing_fold_p2,deepmask_gpr::Utilities::012,utility,utility::012,test,75abc5bcc78228e52bc327c52ac97e4528283ed1cc2609ae89bfff6bb74cdd82,data_manifests/deepmask_gpr_unified_samples_20260811.csv,20260811,existing fold_id P2-style split when available; group fallback otherwise
deepmask_gpr,existing_fold_p2,deepmask_gpr::Utilities::013,utility,utility::013,train,d285680e0f3cb5d1f5b98dc1953dacdff15e109de9ef3494477d8d30c4928017,data_manifests/deepmask_gpr_unified_samples_20260811.csv,20260811,existing fold_id P2-style split when available; group fallback otherwise
deepmask_gpr,existing_fold_p2,deepmask_gpr::Utilities::014,utility,utility::014,train,e8d3c0f6c33e5044bedc9b65e08df756781a889b2df9535e6bb2a5e11d12b9f4,data_manifests/deepmask_gpr_unified_samples_20260811.csv,20260811,existing fold_id P2-style split when available; group fallback otherwise
deepmask_gpr,existing_fold_p2,deepmask_gpr::Utilities::015,utility,utility::015,test,b51fe454f8523e70f13a108fccdc0d1ae68eb6e5c5a900362f4e25ecfa3c9ab1,data_manifests/deepmask_gpr_unified_samples_20260811.csv,20260811,existing fold_id P2-style split when available; group fallback otherwise
deepmask_gpr,existing_fold_p2,deepmask_gpr::Utilities::016,utility,utility::016,train,0eb2d804a52124b1429ebc9ee70eec95c0102503f537a14460a9b1419804f4a4,data_manifests/deepmask_gpr_unified_samples_20260811.csv,20260811,existing fold_id P2-style split when available; group fallback otherwise
deepmask_gpr,existing_fold_p2,deepmask_gpr::Utilities::018,utility,utility::018,train,b003e5850dd5d3782a55ac0d6b5604422efd8e1e0c5c774a2a86d2dab90b544e,data_manifests/deepmask_gpr_unified_samples_20260811.csv,20260811,existing fold_id P2-style split when available; group fallback otherwise
deepmask_gpr,existing_fold_p2,deepmask_gpr::Utilities::023,utility,utility::023,train,f038e37d938101446336337ebe4d354e14a01e1d4ba5d942e52b4b91a933b80a,data_manifests/deepmask_gpr_unified_samples_20260811.csv,20260811,existing fold_id P2-style split when available; group fallback otherwise
deepmask_gpr,existing_fold_p2,deepmask_gpr::Utilities::024,utility,utility::024,val,7953aaa6188ce19d9a952a783afef5fd57857f911b868120c02dee0fa08fac2d,data_manifests/deepmask_gpr_unified_samples_20260811.csv,20260811,existing fold_id P2-style split when available; group fallback otherwise
deepmask_gpr,existing_fold_p2,deepmask_gpr::Utilities::026,utility,utility::026,train,b6dce9c4b11905fd52b7b3716af7e26fb306671251d31e90979275178f073f6b,data_manifests/deepmask_gpr_unified_samples_20260811.csv,20260811,existing fold_id P2-style split when available; group fallback otherwise
deepmask_gpr,existing_fold_p2,deepmask_gpr::Utilities::027,utility,utility::027,train,4ea7a85b24c5021e3335bdf511d8a5fb122bf02d004c09e4977155e30bf75c60,data_manifests/deepmask_gpr_unified_samples_20260811.csv,20260811,existing fold_id P2-style split when available; group fallback otherwise
deepmask_gpr,existing_fold_p2,deepmask_gpr::Utilities::028,utility,utility::028,test,89806ab96d7790799d48aaf07d900c0238abc3ec780e29afaf66eaf6a8fe5866,data_manifests/deepmask_gpr_unified_samples_20260811.csv,20260811,existing fold_id P2-style split when available; group fallback otherwise
deepmask_gpr,existing_fold_p2,deepmask_gpr::Utilities::029,utility,utility::029,train,027499d6afacc713e11defbba786d5bf8e1bb52039650c4746dcdc65cf13d143,data_manifests/deepmask_gpr_unified_samples_20260811.csv,20260811,existing fold_id P2-style split when available; group fallback otherwise
deepmask_gpr,existing_fold_p2,deepmask_gpr::Utilities::030,utility,utility::030,train,f2461076a58e5363ca324cdc828503585ea2567fba4ffc53c236ec549fc3387b,data_manifests/deepmask_gpr_unified_samples_20260811.csv,20260811,existing fold_id P2-style split when available; group fallback otherwise
deepmask_gpr,existing_fold_p2,deepmask_gpr::Utilities::031,utility,utility::031,train,fb65188bb63b11701b605fac547605ad645e774393014862de1c9e573fe11a53,data_manifests/deepmask_gpr_unified_samples_20260811.csv,20260811,existing fold_id P2-style split when available; group fallback otherwise
deepmask_gpr,existing_fold_p2,deepmask_gpr::Utilities::032,utility,utility::032,train,d8c43117dff9e6cab173648e80e4159548ce7c5f0737b6c53b76009a3ddb1f75,data_manifests/deepmask_gpr_unified_samples_20260811.csv,20260811,existing fold_id P2-style split when available; group fallback otherwise
deepmask_gpr,existing_fold_p2,deepmask_gpr::Utilities::033,utility,utility::033,train,10611003cc9d9686f4e0138bf1226ae52e9ea45d4ec7582ab124b309247720d6,data_manifests/deepmask_gpr_unified_samples_20260811.csv,20260811,existing fold_id P2-style split when available; group fallback otherwise
deepmask_gpr,existing_fold_p2,deepmask_gpr::Utilities::034,utility,utility::034,val,305e53c7c03c3ed81d83e944a9809045788a26a9666676e5735cc016bbbd0ce7,data_manifests/deepmask_gpr_unified_samples_20260811.csv,20260811,existing fold_id P2-style split when available; group fallback otherwise
deepmask_gpr,existing_fold_p2,deepmask_gpr::Utilities::036,utility,utility::036,train,1da97902523639af55f734c30df7cb8523784962e35693e8f35acad8db2494ea,data_manifests/deepmask_gpr_unified_samples_20260811.csv,20260811,existing fold_id P2-style split when available; group fallback otherwise
deepmask_gpr,existing_fold_p2,deepmask_gpr::Utilities::037,utility,utility::037,train,f3b68e4d408e935dd79f352b8d07b59eeec8776ef20aab46d3cf1fd99c0be703,data_manifests/deepmask_gpr_unified_samples_20260811.csv,20260811,existing fold_id P2-style split when available; group fallback otherwise
deepmask_gpr,existing_fold_p2,deepmask_gpr::Utilities::040,utility,utility::040,train,d9bc85d8c93baff7a97c5b8033d3fd1fe973b0d30a374dc684fa53d5e9be92f3,data_manifests/deepmask_gpr_unified_samples_20260811.csv,20260811,existing fold_id P2-style split when available; group fallback otherwise
deepmask_gpr,existing_fold_p2,deepmask_gpr::Utilities::042,utility,utility::042,val,baef8ba09370253dbca2cf5a82baa5d88b73d67fd20669a5b8e237cae680bdaf,data_manifests/deepmask_gpr_unified_samples_20260811.csv,20260811,existing fold_id P2-style split when available; group fallback otherwise
deepmask_gpr,existing_fold_p2,deepmask_gpr::Utilities::044,utility,utility::044,train,bf5eec9acc5272cd55e20a3f2243cdee0be8b6e2a19e6af18f01e2fe4acffc5e,data_manifests/deepmask_gpr_unified_samples_20260811.csv,20260811,existing fold_id P2-style split when available; group fallback otherwise
deepmask_gpr,existing_fold_p2,deepmask_gpr::Utilities::046,utility,utility::046,test,6342e0b314d6bb3a88a1bc25eb1ac47eb345ca80945cf1fb3691d99e0000d594,data_manifests/deepmask_gpr_unified_samples_20260811.csv,20260811,existing fold_id P2-style split when available; group fallback otherwise
deepmask_gpr,existing_fold_p2,deepmask_gpr::Utilities::055,utility,utility::055,test,d81e2c229552a61a650457c78f7134f947c0fb5f6fb1d561d76e2fdd976b3d95,data_manifests/deepmask_gpr_unified_samples_20260811.csv,20260811,existing fold_id P2-style split when available; group fallback otherwise
deepmask_gpr,existing_fold_p2,deepmask_gpr::Utilities::059,utility,utility::059,test,c1a5a111c7c7b4b4ab6ce60fb508eb65bb399c97c42fd5f41e90dce9402a5a44,data_manifests/deepmask_gpr_unified_samples_20260811.csv,20260811,existing fold_id P2-style split when available; group fallback otherwise
deepmask_gpr,existing_fold_p2,deepmask_gpr::Utilities::060,utility,utility::060,train,64fb20737ac87d0109874a3eb5004c13b3a4d9470ee41fc9337a666e967da630,data_manifests/deepmask_gpr_unified_samples_20260811.csv,20260811,existing fold_id P2-style split when available; group fallback otherwise
deepmask_gpr,existing_fold_p2,deepmask_gpr::Utilities::061,utility,utility::061,test,778d9db3b854f5caeafa1bde62b0699673dfbf62fa2edc3f178cc5abbdad26a1,data_manifests/deepmask_gpr_unified_samples_20260811.csv,20260811,existing fold_id P2-style split when available; group fallback otherwise
deepmask_gpr,existing_fold_p2,deepmask_gpr::Utilities::062,utility,utility::062,train,092aa06e8640d4b46045a123d7298786a33ce6d6242d20e4412dcbfa32c6976b,data_manifests/deepmask_gpr_unified_samples_20260811.csv,20260811,existing fold_id P2-style split when available; group fallback otherwise
deepmask_gpr,existing_fold_p2,deepmask_gpr::Utilities::063,utility,utility::063,test,6d871943da88b14e2baa43d0f5abacaeb9183a405926090e531a6cbbc2426fb7,data_manifests/deepmask_gpr_unified_samples_20260811.csv,20260811,existing fold_id P2-style split when available; group fallback otherwise
deepmask_gpr,existing_fold_p2,deepmask_gpr::Utilities::064,utility,utility::064,train,52ee1f0c7abee313298e04cc65a91c81318ba29c51c2b8c6df3c8ff669706b8a,data_manifests/deepmask_gpr_unified_samples_20260811.csv,20260811,existing fold_id P2-style split when available; group fallback otherwise
deepmask_gpr,existing_fold_p2,deepmask_gpr::Utilities::065,utility,utility::065,train,63f1185db7f0fa69c96ff61819a96b376494aca80c351e8cd59af08ac88f7354,data_manifests/deepmask_gpr_unified_samples_20260811.csv,20260811,existing fold_id P2-style split when available; group fallback otherwise
deepmask_gpr,existing_fold_p2,deepmask_gpr::Utilities::068,utility,utility::068,val,693cb1af8c87622dbd298837f458ef13fe8f51c4281668c23f11e6a2448615ff,data_manifests/deepmask_gpr_unified_samples_20260811.csv,20260811,existing fold_id P2-style split when available; group fallback otherwise
deepmask_gpr,existing_fold_p2,deepmask_gpr::Utilities::071,utility,utility::071,train,ba04cad2f5c6c428722685875159c0749fb7ab72fe5f1c2e1f3fbb47adaa889a,data_manifests/deepmask_gpr_unified_samples_20260811.csv,20260811,existing fold_id P2-style split when available; group fallback otherwise
deepmask_gpr,existing_fold_p2,deepmask_gpr::Utilities::073,utility,utility::073,train,eae13dbe7fd8eb88edf72e9f28423bb10f1465922edf8ad655b29006d7f1bae7,data_manifests/deepmask_gpr_unified_samples_20260811.csv,20260811,existing fold_id P2-style split when available; group fallback otherwise
deepmask_gpr,existing_fold_p2,deepmask_gpr::Utilities::075,utility,utility::075,test,cbc69edff3eba3388b58b3b975a134e75d80d3eb2cba28628cd9a2755d92acd5,data_manifests/deepmask_gpr_unified_samples_20260811.csv,20260811,existing fold_id P2-style split when available; group fallback otherwise
deepmask_gpr,existing_fold_p2,deepmask_gpr::Utilities::083,utility,utility::083,train,885ee915870b80f86f12c0e0da70868be985c6e2c9add97d8592a84ecb8a91d2,data_manifests/deepmask_gpr_unified_samples_20260811.csv,20260811,existing fold_id P2-style split when available; group fallback otherwise
deepmask_gpr,existing_fold_p2,deepmask_gpr::Utilities::091,utility,utility::091,train,2e522a385928849b875fd9bcf4cf51ad515fa0c38f03ccb6de665076f5ecf7aa,data_manifests/deepmask_gpr_unified_samples_20260811.csv,20260811,existing fold_id P2-style split when available; group fallback otherwise
deepmask_gpr,existing_fold_p2,deepmask_gpr::Utilities::095,utility,utility::095,val,63f657ad40c8bc13655b3ccc002f0951996a1c183933ff6e99ff52e10ef280f7,data_manifests/deepmask_gpr_unified_samples_20260811.csv,20260811,existing fold_id P2-style split when available; group fallback otherwise
deepmask_gpr,existing_fold_p2,deepmask_gpr::Utilities::098,utility,utility::098,train,74ea5fd03bbe7d4145338ec2ad2cd822aeb64e277cbe8d739cdda5c312cef296,data_manifests/deepmask_gpr_unified_samples_20260811.csv,20260811,existing fold_id P2-style split when available; group fallback otherwise
deepmask_gpr,existing_fold_p2,deepmask_gpr::Utilities::101,utility,utility::101,test,48f9eece7b25bfdf7e313523e1e8e942af4cf427106d056c5b3cce846ebc7df7,data_manifests/deepmask_gpr_unified_samples_20260811.csv,20260811,existing fold_id P2-style split when available; group fallback otherwise
deepmask_gpr,existing_fold_p2,deepmask_gpr::Utilities::102,utility,utility::102,val,09bc10fd1b27d94154f5639c725975394d6eb369f6215c9dec58b0fafcb6f2a1,data_manifests/deepmask_gpr_unified_samples_20260811.csv,20260811,existing fold_id P2-style split when available; group fallback otherwise
deepmask_gpr,existing_fold_p2,deepmask_gpr::Utilities::103,utility,utility::103,train,0888a8c2dde7190ad3faa8b6190737006f9e12a4d14ebaaba43ae95bf4507ae9,data_manifests/deepmask_gpr_unified_samples_20260811.csv,20260811,existing fold_id P2-style split when available; group fallback otherwise
deepmask_gpr,existing_fold_p2,deepmask_gpr::Utilities::105,utility,utility::105,train,4eee1f1f4f342d68f5b4f0e57dc5faa01bb5eb4ebab95c503bd310d16cb00946,data_manifests/deepmask_gpr_unified_samples_20260811.csv,20260811,existing fold_id P2-style split when available; group fallback otherwise
deepmask_gpr,existing_fold_p2,deepmask_gpr::Utilities::106,utility,utility::106,train,eabc0ce94c42ae7460e6684a772699a7b130451250cdd3663e2d33dda3b9ec63,data_manifests/deepmask_gpr_unified_samples_20260811.csv,20260811,existing fold_id P2-style split when available; group fallback otherwise
deepmask_gpr,existing_fold_p2,deepmask_gpr::Utilities::107,utility,utility::107,train,7d0de71b7df9e52812e84420216c5b9c66564c8aba2ad3c1a319ddfbb42426d1,data_manifests/deepmask_gpr_unified_samples_20260811.csv,20260811,existing fold_id P2-style split when available; group fallback otherwise
deepmask_gpr,existing_fold_p2,deepmask_gpr::Utilities::110,utility,utility::110,train,d20228f6e2609e48c192b265ecda7873128a8ac3b00b1fa456ad4e49a28023e3,data_manifests/deepmask_gpr_unified_samples_20260811.csv,20260811,existing fold_id P2-style split when available; group fallback otherwise
deepmask_gpr,existing_fold_p2,deepmask_gpr::Utilities::113,utility,utility::113,train,0aee2f1d754ffb2fc460d60159ef18b82b973211a66161059978dd458a81c936,data_manifests/deepmask_gpr_unified_samples_20260811.csv,20260811,existing fold_id P2-style split when available; group fallback otherwise
deepmask_gpr,existing_fold_p2,deepmask_gpr::Utilities::115,utility,utility::115,train,83aa2500856f650971964cba6000cad9a76572c613b469f740573fc1fa20e915,data_manifests/deepmask_gpr_unified_samples_20260811.csv,20260811,existing fold_id P2-style split when available; group fallback otherwise
deepmask_gpr,existing_fold_p2,deepmask_gpr::Utilities::121,utility,utility::121,train,ffc41d054f132e60b2499aba2cef3227aa80b66c14404df1569d8798611e595a,data_manifests/deepmask_gpr_unified_samples_20260811.csv,20260811,existing fold_id P2-style split when available; group fallback otherwise
deepmask_gpr,existing_fold_p2,deepmask_gpr::Utilities::125,utility,utility::125,test,cf0e3d79dbf20773b0e3781c506c9f41632006aa585cb5f6008394a002f2cfd9,data_manifests/deepmask_gpr_unified_samples_20260811.csv,20260811,existing fold_id P2-style split when available; group fallback otherwise
deepmask_gpr,existing_fold_p2,deepmask_gpr::Utilities::128,utility,utility::128,train,136d0bf10ca7b950f89bfd88530599ae5484453869fc0315127edb618b097d7c,data_manifests/deepmask_gpr_unified_samples_20260811.csv,20260811,existing fold_id P2-style split when available; group fallback otherwise
deepmask_gpr,existing_fold_p2,deepmask_gpr::Utilities::129,utility,utility::129,test,71dc5bf3b4f3298f6277e0d0ba8bf9228de75a1a19cdae3810039376b7f445ce,data_manifests/deepmask_gpr_unified_samples_20260811.csv,20260811,existing fold_id P2-style split when available; group fallback otherwise
deepmask_gpr,existing_fold_p2,deepmask_gpr::Utilities::132,utility,utility::132,train,d205dfd24d49e7737d3be01267bc01eece310b3787cec7f6b33619f518114d19,data_manifests/deepmask_gpr_unified_samples_20260811.csv,20260811,existing fold_id P2-style split when available; group fallback otherwise
deepmask_gpr,existing_fold_p2,deepmask_gpr::Utilities::133,utility,utility::133,val,49b5ccf37fee3a80c1c5346e71f44a6d5ee3f4f5594b934f2d5f5e504c8e58e1,data_manifests/deepmask_gpr_unified_samples_20260811.csv,20260811,existing fold_id P2-style split when available; group fallback otherwise
deepmask_gpr,existing_fold_p2,deepmask_gpr::Utilities::139,utility,utility::139,val,bcc8299c264d7157d0bb90f9237ca71375e147afd9cddb2e6af38ac474517a2b,data_manifests/deepmask_gpr_unified_samples_20260811.csv,20260811,existing fold_id P2-style split when available; group fallback otherwise
deepmask_gpr,existing_fold_p2,deepmask_gpr::Utilities::141,utility,utility::141,test,38f65def599720cd9fe12532996df677746d0f3ff374834c8845d3c9ab8edf6a,data_manifests/deepmask_gpr_unified_samples_20260811.csv,20260811,existing fold_id P2-style split when available; group fallback otherwise
deepmask_gpr,existing_fold_p2,deepmask_gpr::Utilities::142,utility,utility::142,test,b530e98d5ed4efd445e4e3a9a6d74d34de16fbbf516a3037470931f205662940,data_manifests/deepmask_gpr_unified_samples_20260811.csv,20260811,existing fold_id P2-style split when available; group fallback otherwise
deepmask_gpr,existing_fold_p2,deepmask_gpr::Utilities::143,utility,utility::143,train,3ecc7c2abd9dcbcf1377f32d5cc51cd6776e3601fedc206c4f50eb65c0fbe443,data_manifests/deepmask_gpr_unified_samples_20260811.csv,20260811,existing fold_id P2-style split when available; group fallback otherwise
deepmask_gpr,existing_fold_p2,deepmask_gpr::Utilities::145,utility,utility::145,train,d0e39cb980bcd8100b0db4cb14aad1cbb033ef8f1c5b9b7cb4643c02707877f7,data_manifests/deepmask_gpr_unified_samples_20260811.csv,20260811,existing fold_id P2-style split when available; group fallback otherwise
deepmask_gpr,existing_fold_p2,deepmask_gpr::Utilities::146,utility,utility::146,train,0d4bac443550c455217cbc112183d111287a35ea1c53bbbf430bce5489fd5a58,data_manifests/deepmask_gpr_unified_samples_20260811.csv,20260811,existing fold_id P2-style split when available; group fallback otherwise
deepmask_gpr,existing_fold_p2,deepmask_gpr::Utilities::147,utility,utility::147,train,3242f6d58b1b6046485d2f1d24175a3a98059f003cff9957bff441dbb0eb3cb5,data_manifests/deepmask_gpr_unified_samples_20260811.csv,20260811,existing fold_id P2-style split when available; group fallback otherwise
deepmask_gpr,existing_fold_p2,deepmask_gpr::Utilities::148,utility,utility::148,val,697be9ee74b7525f1ca39c17214d96c69c07b7ec7fb02cb9db99a65822c1312e,data_manifests/deepmask_gpr_unified_samples_20260811.csv,20260811,existing fold_id P2-style split when available; group fallback otherwise
deepmask_gpr,existing_fold_p2,deepmask_gpr::Utilities::150,utility,utility::150,train,8240faeaf6ecc2fa73766438ed3c838dcb0a798b458e8bb30b7ca4ba92568560,data_manifests/deepmask_gpr_unified_samples_20260811.csv,20260811,existing fold_id P2-style split when available; group fallback otherwise
deepmask_gpr,existing_fold_p2,deepmask_gpr::Utilities::151,utility,utility::151,test,657d9b1164c132899d662ee37f76c9352097e5641e0ccabd6c1958a0e605228d,data_manifests/deepmask_gpr_unified_samples_20260811.csv,20260811,existing fold_id P2-style split when available; group fallback otherwise
deepmask_gpr,existing_fold_p2,deepmask_gpr::Utilities::152,utility,utility::152,train,d38c6198b701870f22a8001b251067a317f9cc577a39b6d7beb6d70038eb2e2f,data_manifests/deepmask_gpr_unified_samples_20260811.csv,20260811,existing fold_id P2-style split when available; group fallback otherwise
deepmask_gpr,existing_fold_p2,deepmask_gpr::Utilities::153,utility,utility::153,train,acda29509240cbb23e0c7dbb5d561512bc912bd6c156a497fd9f0b795cbf4396,data_manifests/deepmask_gpr_unified_samples_20260811.csv,20260811,existing fold_id P2-style split when available; group fallback otherwise
deepmask_gpr,existing_fold_p2,deepmask_gpr::Utilities::155,utility,utility::155,train,21fb9d74411e1aed5b5688fc6c5844bc27b0808fdb49e21f38e3be751eff9c7b,data_manifests/deepmask_gpr_unified_samples_20260811.csv,20260811,existing fold_id P2-style split when available; group fallback otherwise
deepmask_gpr,existing_fold_p2,deepmask_gpr::Utilities::156,utility,utility::156,test,26646f1d7c43ebb8d46f5c88f74c7496ac69abe081b1459457f62d7b4f47611e,data_manifests/deepmask_gpr_unified_samples_20260811.csv,20260811,existing fold_id P2-style split when available; group fallback otherwise
deepmask_gpr,existing_fold_p2,deepmask_gpr::Utilities::157,utility,utility::157,train,9b8ff676659ecf444030608adcd227534b154e869499c3eb38241e49e4aae48a,data_manifests/deepmask_gpr_unified_samples_20260811.csv,20260811,existing fold_id P2-style split when available; group fallback otherwise
deepmask_gpr,existing_fold_p2,deepmask_gpr::Utilities::159,utility,utility::159,train,54ca56119572d9257242166dbfb5666116295e87c9fa4b22bb0e7327b278825d,data_manifests/deepmask_gpr_unified_samples_20260811.csv,20260811,existing fold_id P2-style split when available; group fallback otherwise
deepmask_gpr,existing_fold_p2,deepmask_gpr::Utilities::161,utility,utility::161,train,c9277dd37f2c710363f460c1fd2ac19372e908bf470373c4921499fd65d933a6,data_manifests/deepmask_gpr_unified_samples_20260811.csv,20260811,existing fold_id P2-style split when available; group fallback otherwise
deepmask_gpr,existing_fold_p2,deepmask_gpr::Utilities::164,utility,utility::164,train,80dcf12ffa3b4c3e55913a968dd817e7a8f958d712aabf35148e7f38c8098d73,data_manifests/deepmask_gpr_unified_samples_20260811.csv,20260811,existing fold_id P2-style split when available; group fallback otherwise
deepmask_gpr,existing_fold_p2,deepmask_gpr::Utilities::166,utility,utility::166,train,91860f7d0c7e25b4892283e1cb1459ecc159b63c0e37f5f7f9bbaf60b4ca8099,data_manifests/deepmask_gpr_unified_samples_20260811.csv,20260811,existing fold_id P2-style split when available; group fallback otherwise
deepmask_gpr,existing_fold_p2,deepmask_gpr::Utilities::168,utility,utility::168,train,042ae41d83a71db06a9d6917035598bac8ccc0033398f80915325b9437bec043,data_manifests/deepmask_gpr_unified_samples_20260811.csv,20260811,existing fold_id P2-style split when available; group fallback otherwise
deepmask_gpr,existing_fold_p2,deepmask_gpr::Utilities::170,utility,utility::170,test,900aee98fe2a99e155ff45e6d4c0e4ee3caa39ca9e1474cc1581fb220d47884c,data_manifests/deepmask_gpr_unified_samples_20260811.csv,20260811,existing fold_id P2-style split when available; group fallback otherwise
deepmask_gpr,existing_fold_p2,deepmask_gpr::Utilities::173,utility,utility::173,train,75527de2442081ebf3f7fae305317ed71b125bcc80041c23dd0d4cae6762b680,data_manifests/deepmask_gpr_unified_samples_20260811.csv,20260811,existing fold_id P2-style split when available; group fallback otherwise
deepmask_gpr,existing_fold_p2,deepmask_gpr::Utilities::175,utility,utility::175,train,cfc82745772c598b24c435cfd6957cfda49c3d81951dda282c862771fe63b9ff,data_manifests/deepmask_gpr_unified_samples_20260811.csv,20260811,existing fold_id P2-style split when available; group fallback otherwise
deepmask_gpr,existing_fold_p2,deepmask_gpr::Utilities::176,utility,utility::176,val,9f3186f2af77329788e366a78df3544ca338ab0f3e9a8e0aa246ccc10f7873f8,data_manifests/deepmask_gpr_unified_samples_20260811.csv,20260811,existing fold_id P2-style split when available; group fallback otherwise
deepmask_gpr,existing_fold_p2,deepmask_gpr::Utilities::177,utility,utility::177,test,a7d76b7c9816074dc9c4caafb264bee084918b673b0751e56f798d0c72299b25,data_manifests/deepmask_gpr_unified_samples_20260811.csv,20260811,existing fold_id P2-style split when available; group fallback otherwise
deepmask_gpr,existing_fold_p2,deepmask_gpr::Utilities::179,utility,utility::179,test,589ae732eefd5fb40a54b7b6bc17c9b6d23317ea872e8475e520b1953a5ec28a,data_manifests/deepmask_gpr_unified_samples_20260811.csv,20260811,existing fold_id P2-style split when available; group fallback otherwise
deepmask_gpr,existing_fold_p2,deepmask_gpr::Utilities::181,utility,utility::181,train,b0fc5c4c2b799fb5b71fb7ef45de286c5f4d4adee5aeb80996f43d712646274e,data_manifests/deepmask_gpr_unified_samples_20260811.csv,20260811,existing fold_id P2-style split when available; group fallback otherwise
deepmask_gpr,existing_fold_p2,deepmask_gpr::Utilities::183,utility,utility::183,val,e7b7460b2f0a0fc064ab3972b25591c6d61193cecf9a60e389162a7a435008cd,data_manifests/deepmask_gpr_unified_samples_20260811.csv,20260811,existing fold_id P2-style split when available; group fallback otherwise
deepmask_gpr,existing_fold_p2,deepmask_gpr::Utilities::185,utility,utility::185,test,945d53364a32bb801bc2db013ed5e120f425b51d81d6f75cb7eceaf095473ce5,data_manifests/deepmask_gpr_unified_samples_20260811.csv,20260811,existing fold_id P2-style split when available; group fallback otherwise
deepmask_gpr,existing_fold_p2,deepmask_gpr::Utilities::186,utility,utility::186,train,b9e6f25f55be8bd6e6edc84f20a2c14497e198071cde6b3eb9a4a8594aedf49f,data_manifests/deepmask_gpr_unified_samples_20260811.csv,20260811,existing fold_id P2-style split when available; group fallback otherwise
deepmask_gpr,existing_fold_p2,deepmask_gpr::Utilities::188,utility,utility::188,val,b753de2d59bd75626ab8a1ed26b082bc3c178f96327fac6135a51c4669b5c734,data_manifests/deepmask_gpr_unified_samples_20260811.csv,20260811,existing fold_id P2-style split when available; group fallback otherwise
deepmask_gpr,existing_fold_p2,deepmask_gpr::Utilities::190,utility,utility::190,val,9b51245c2d3ea071ad32fc73c9d7aae96cf2c65946d510ef92e363ef6621b6b6,data_manifests/deepmask_gpr_unified_samples_20260811.csv,20260811,existing fold_id P2-style split when available; group fallback otherwise
deepmask_gpr,existing_fold_p2,deepmask_gpr::Utilities::192,utility,utility::192,train,faabc6bdfe11766468b5499392bb269142afd5c05bfcc0b2db868bf083f9976f,data_manifests/deepmask_gpr_unified_samples_20260811.csv,20260811,existing fold_id P2-style split when available; group fallback otherwise
deepmask_gpr,existing_fold_p2,deepmask_gpr::Utilities::194,utility,utility::194,train,058050bddf0da834e23866bc1b9136e047434374165c8b120436e8cca3aa341d,data_manifests/deepmask_gpr_unified_samples_20260811.csv,20260811,existing fold_id P2-style split when available; group fallback otherwise
deepmask_gpr,existing_fold_p2,deepmask_gpr::Utilities::195,utility,utility::195,test,69b4413d0ce61acb3e1c3f093a60cb9289a295029c43f223b8e9bca4a331848b,data_manifests/deepmask_gpr_unified_samples_20260811.csv,20260811,existing fold_id P2-style split when available; group fallback otherwise
deepmask_gpr,existing_fold_p2,deepmask_gpr::Utilities::198,utility,utility::198,train,5769f8dbfd7ebd5618a815d452dba1a245a2183bfbadda29cfbc4cc9a74d8b62,data_manifests/deepmask_gpr_unified_samples_20260811.csv,20260811,existing fold_id P2-style split when available; group fallback otherwise
deepmask_gpr,existing_fold_p2,deepmask_gpr::Utilities::201,utility,utility::201,train,2c8022eb65044a7e2e47e39cab13e7c910bf21c2b0c0ff3f80a0ed957b901d96,data_manifests/deepmask_gpr_unified_samples_20260811.csv,20260811,existing fold_id P2-style split when available; group fallback otherwise
deepmask_gpr,existing_fold_p2,deepmask_gpr::Utilities::204,utility,utility::204,train,ff3198bd0611b7a9ec6cc4db7ff38aa625226b7f8505cb1dcc774b30e5a5508c,data_manifests/deepmask_gpr_unified_samples_20260811.csv,20260811,existing fold_id P2-style split when available; group fallback otherwise
deepmask_gpr,existing_fold_p2,deepmask_gpr::Utilities::206,utility,utility::206,train,fe2bd41c2c97be0416fb793cd8442034ade4fdaed50f350c64bd7d72170c4b9a,data_manifests/deepmask_gpr_unified_samples_20260811.csv,20260811,existing fold_id P2-style split when available; group fallback otherwise
deepmask_gpr,existing_fold_p2,deepmask_gpr::Utilities::208,utility,utility::208,train,1268741d01843bcbdc6e4d6cb7b6bf3a2060938f3788398be8d203423e5f20a2,data_manifests/deepmask_gpr_unified_samples_20260811.csv,20260811,existing fold_id P2-style split when available; group fallback otherwise
deepmask_gpr,existing_fold_p2,deepmask_gpr::Utilities::209,utility,utility::209,test,c5cb094b94a61630eda691f7ebb9ecba414799d19f58e3b68ef3701573a8fdea,data_manifests/deepmask_gpr_unified_samples_20260811.csv,20260811,existing fold_id P2-style split when available; group fallback otherwise
deepmask_gpr,existing_fold_p2,deepmask_gpr::Utilities::210,utility,utility::210,train,0501a7d4e1c0e50518db8d99fa08ab186b2aace19afe32040026ea951887cf1a,data_manifests/deepmask_gpr_unified_samples_20260811.csv,20260811,existing fold_id P2-style split when available; group fallback otherwise
deepmask_gpr,existing_fold_p2,deepmask_gpr::Utilities::214,utility,utility::214,train,3a27d7b1e5243a6d9629e27cbc1deca8817ed4a863ee08f473e34cb0961c4dd6,data_manifests/deepmask_gpr_unified_samples_20260811.csv,20260811,existing fold_id P2-style split when available; group fallback otherwise
deepmask_gpr,existing_fold_p2,deepmask_gpr::Utilities::215,utility,utility::215,test,a0e328944a826de25852491fc30dbd75fffdae113d24df7165b85f0dc5d086d0,data_manifests/deepmask_gpr_unified_samples_20260811.csv,20260811,existing fold_id P2-style split when available; group fallback otherwise
deepmask_gpr,existing_fold_p2,deepmask_gpr::Utilities::218,utility,utility::218,train,5c992f97a1cc817cb75c6ad2f8b25befb22ce24688e7d68af3a6d9d84ef68107,data_manifests/deepmask_gpr_unified_samples_20260811.csv,20260811,existing fold_id P2-style split when available; group fallback otherwise
deepmask_gpr,existing_fold_p2,deepmask_gpr::Utilities::222,utility,utility::222,test,db2caac8bc910d7705fbb19a2851c380963a6a5d381e7f0e520ec185671663e1,data_manifests/deepmask_gpr_unified_samples_20260811.csv,20260811,existing fold_id P2-style split when available; group fallback otherwise
deepmask_gpr,existing_fold_p2,deepmask_gpr::Utilities::225,utility,utility::225,train,c1c6a0188503026d375686034a823581ebc55a064a76d939067563bda1a1a81b,data_manifests/deepmask_gpr_unified_samples_20260811.csv,20260811,existing fold_id P2-style split when available; group fallback otherwise
deepmask_gpr,existing_fold_p2,deepmask_gpr::Utilities::228,utility,utility::228,train,8a4b603ba85367f4f983e04663ee2173875ab85fc4b3f868fec358201d88ab6e,data_manifests/deepmask_gpr_unified_samples_20260811.csv,20260811,existing fold_id P2-style split when available; group fallback otherwise
deepmask_gpr,existing_fold_p2,deepmask_gpr::Utilities::229,utility,utility::229,train,29976a54e15fe0807843034cf28877844a1384082872f1d840ae2f975415ebc6,data_manifests/deepmask_gpr_unified_samples_20260811.csv,20260811,existing fold_id P2-style split when available; group fallback otherwise
deepmask_gpr,existing_fold_p2,deepmask_gpr::Utilities::232,utility,utility::232,test,e54747a952351953fef4496c3eb2dd292d3ef8692cd409e5f277ffc970805cf3,data_manifests/deepmask_gpr_unified_samples_20260811.csv,20260811,existing fold_id P2-style split when available; group fallback otherwise
deepmask_gpr,existing_fold_p2,deepmask_gpr::Utilities::233,utility,utility::233,test,0f6710b3c0faed3d6a90f3ab7a9f4f5772616e087f87571f69fe8c01a7ffa2dc,data_manifests/deepmask_gpr_unified_samples_20260811.csv,20260811,existing fold_id P2-style split when available; group fallback otherwise
deepmask_gpr,existing_fold_p2,deepmask_gpr::Utilities::234,utility,utility::234,train,ea1839117fe0f24b320fd1d88b043224df1e9edafb66c7bf1df79557594c6220,data_manifests/deepmask_gpr_unified_samples_20260811.csv,20260811,existing fold_id P2-style split when available; group fallback otherwise
deepmask_gpr,existing_fold_p2,deepmask_gpr::Utilities::237,utility,utility::237,train,4991405b77f1cba3db92ff7c44ba2a8144618e9c6492ad232b9ea9f9bd661da4,data_manifests/deepmask_gpr_unified_samples_20260811.csv,20260811,existing fold_id P2-style split when available; group fallback otherwise
deepmask_gpr,existing_fold_p2,deepmask_gpr::Utilities::239,utility,utility::239,train,f71440df776e0e1387e4dc6a76502234480e798df99934f51c213fa65efcb3f8,data_manifests/deepmask_gpr_unified_samples_20260811.csv,20260811,existing fold_id P2-style split when available; group fallback otherwise
deepmask_gpr,existing_fold_p2,deepmask_gpr::Utilities::240,utility,utility::240,train,cd84ea2cba4322d4832df1c4e8b84ecf3a7dce6644b53fd77f2a77ed4b9aa1bf,data_manifests/deepmask_gpr_unified_samples_20260811.csv,20260811,existing fold_id P2-style split when available; group fallback otherwise
deepmask_gpr,existing_fold_p2,deepmask_gpr::Utilities::242,utility,utility::242,test,3ad3e49775c314e1ee5370842d68459b92cd6ef0d7819501f715691beabe43bd,data_manifests/deepmask_gpr_unified_samples_20260811.csv,20260811,existing fold_id P2-style split when available; group fallback otherwise
deepmask_gpr,existing_fold_p2,deepmask_gpr::Utilities::245,utility,utility::245,train,49b119a9f39d293454d262e7a540ec23a88ff798f4fc4b5866880fe2dc36cb58,data_manifests/deepmask_gpr_unified_samples_20260811.csv,20260811,existing fold_id P2-style split when available; group fallback otherwise
deepmask_gpr,existing_fold_p2,deepmask_gpr::Utilities::246,utility,utility::246,train,5360cab1afdabf069cb73acabf6e36e12ec9d95031c68a37258be9133910c1cc,data_manifests/deepmask_gpr_unified_samples_20260811.csv,20260811,existing fold_id P2-style split when available; group fallback otherwise
deepmask_gpr,existing_fold_p2,deepmask_gpr::Utilities::248,utility,utility::248,val,ce0cdba77e4f06fe529809cb578c5adbe5bb053dd19f9780ed0eae817614d407,data_manifests/deepmask_gpr_unified_samples_20260811.csv,20260811,existing fold_id P2-style split when available; group fallback otherwise
deepmask_gpr,existing_fold_p2,deepmask_gpr::Utilities::251,utility,utility::251,train,4ce0865076af57231c6f34a99417378a0ae4f3335d0e16f7086a797118ac8365,data_manifests/deepmask_gpr_unified_samples_20260811.csv,20260811,existing fold_id P2-style split when available; group fallback otherwise
deepmask_gpr,existing_fold_p2,deepmask_gpr::Utilities::263,utility,utility::263,train,8f8c17580221ceaf20aec8431595161b68f009e33e0a180e56d7c01770fbcd32,data_manifests/deepmask_gpr_unified_samples_20260811.csv,20260811,existing fold_id P2-style split when available; group fallback otherwise
deepmask_gpr,existing_fold_p2,deepmask_gpr::Utilities::265,utility,utility::265,train,ee8e3067723200c6fc66a7fce15400ae5fbb496b87ec64dd9ddc5de8431d4847,data_manifests/deepmask_gpr_unified_samples_20260811.csv,20260811,existing fold_id P2-style split when available; group fallback otherwise
deepmask_gpr,existing_fold_p2,deepmask_gpr::Utilities::266,utility,utility::266,train,0f4d8b0bdad977c3c86d1c56bb562e8e3c624e5de19c81e6315eea9734fa14b8,data_manifests/deepmask_gpr_unified_samples_20260811.csv,20260811,existing fold_id P2-style split when available; group fallback otherwise
deepmask_gpr,existing_fold_p2,deepmask_gpr::Utilities::268,utility,utility::268,train,fb2b13d19557140f109a28a17867358ab41c74674e446442de2d234fc85b746b,data_manifests/deepmask_gpr_unified_samples_20260811.csv,20260811,existing fold_id P2-style split when available; group fallback otherwise
deepmask_gpr,existing_fold_p2,deepmask_gpr::Utilities::281,utility,utility::281,train,db999be66936f348eecd082d6a44419f2a6be75ebbdb51bb945ad146ce7741a9,data_manifests/deepmask_gpr_unified_samples_20260811.csv,20260811,existing fold_id P2-style split when available; group fallback otherwise
deepmask_gpr,existing_fold_p2,deepmask_gpr::Utilities::289,utility,utility::289,train,11c0a626c7d88a762331101c357d71acf68d03d5679a6c311b52d40d27bb6c59,data_manifests/deepmask_gpr_unified_samples_20260811.csv,20260811,existing fold_id P2-style split when available; group fallback otherwise
deepmask_gpr,existing_fold_p2,deepmask_gpr::Utilities::297,utility,utility::297,train,1f111019c8ccd14134f524505c4964e7f7b6ef8d40ce8f5d80c465455547ed4a,data_manifests/deepmask_gpr_unified_samples_20260811.csv,20260811,existing fold_id P2-style split when available; group fallback otherwise
deepmask_gpr,existing_fold_p2,deepmask_gpr::Utilities::301,utility,utility::301,train,65c74ac0df4280bad76234acbecd2bdc09161c6bcd8423a009f262ca674f2f23,data_manifests/deepmask_gpr_unified_samples_20260811.csv,20260811,existing fold_id P2-style split when available; group fallback otherwise
deepmask_gpr,existing_fold_p2,deepmask_gpr::Utilities::304,utility,utility::304,train,9f0e4a990b9a2652f185568563eb341bbd8f9a625cf554996241acfb634111b7,data_manifests/deepmask_gpr_unified_samples_20260811.csv,20260811,existing fold_id P2-style split when available; group fallback otherwise
deepmask_gpr,existing_fold_p2,deepmask_gpr::Utilities::308,utility,utility::308,train,2bbf704dc87d92153052c8efbb8c81c0f67c2540568d42743ac2463e6cfa4cb2,data_manifests/deepmask_gpr_unified_samples_20260811.csv,20260811,existing fold_id P2-style split when available; group fallback otherwise
deepmask_gpr,existing_fold_p2,deepmask_gpr::Utilities::309,utility,utility::309,train,09dfeb84041ba188964a18020051c933120158be85dd4387ee878b561d04009c,data_manifests/deepmask_gpr_unified_samples_20260811.csv,20260811,existing fold_id P2-style split when available; group fallback otherwise
deepmask_gpr,existing_fold_p2,deepmask_gpr::augmented_utilities::001_aug_1,utility,utility::001,train,9b5d387adcc02147c8f52490b3dab3784c57f25330566c555d9fce0cb643a806,data_manifests/deepmask_gpr_unified_samples_20260811.csv,20260811,existing fold_id P2-style split when available; group fallback otherwise
deepmask_gpr,existing_fold_p2,deepmask_gpr::augmented_utilities::001_aug_2,utility,utility::001,train,8d459fb26638c719e94e342458a77e7715c7180cb7f6ede8af5a625e0ce7b8e8,data_manifests/deepmask_gpr_unified_samples_20260811.csv,20260811,existing fold_id P2-style split when available; group fallback otherwise
deepmask_gpr,existing_fold_p2,deepmask_gpr::augmented_utilities::001_aug_3,utility,utility::001,train,2efe8acb99a268a64f28e3ffe1fd0b0f1ba3b80af823cfafe60f1ad16b5324ba,data_manifests/deepmask_gpr_unified_samples_20260811.csv,20260811,existing fold_id P2-style split when available; group fallback otherwise
deepmask_gpr,existing_fold_p2,deepmask_gpr::augmented_utilities::001_aug_4,utility,utility::001,train,259c9fde97c5030c91d23fc71293fade44abefe087f31211627cf94e6dc31be8,data_manifests/deepmask_gpr_unified_samples_20260811.csv,20260811,existing fold_id P2-style split when available; group fallback otherwise
deepmask_gpr,existing_fold_p2,deepmask_gpr::augmented_utilities::001_aug_5,utility,utility::001,train,69de9c4adb4bb1850024b93f892bb861eacba5ff03085b78a8efe029d073760a,data_manifests/deepmask_gpr_unified_samples_20260811.csv,20260811,existing fold_id P2-style split when available; group fallback otherwise
deepmask_gpr,existing_fold_p2,deepmask_gpr::augmented_utilities::001_aug_6,utility,utility::001,train,42bfd7ae88408f876c318533b0ce9d25c97635f3a161237615f2dac9d8763c43,data_manifests/deepmask_gpr_unified_samples_20260811.csv,20260811,existing fold_id P2-style split when available; group fallback otherwise
deepmask_gpr,existing_fold_p2,deepmask_gpr::augmented_utilities::004_aug_1,utility,utility::004,train,18eaa1a54b242ba74356b724d9b26f491395a6dd5f64cb9ecdf650ab28b8c451,data_manifests/deepmask_gpr_unified_samples_20260811.csv,20260811,existing fold_id P2-style split when available; group fallback otherwise
deepmask_gpr,existing_fold_p2,deepmask_gpr::augmented_utilities::004_aug_2,utility,utility::004,train,096ed6cc7f6b75efd54f2f625dda36e24774cbb3f0aa4665e8819fbd2a36608c,data_manifests/deepmask_gpr_unified_samples_20260811.csv,20260811,existing fold_id P2-style split when available; group fallback otherwise
deepmask_gpr,existing_fold_p2,deepmask_gpr::augmented_utilities::004_aug_3,utility,utility::004,train,ea8ad0fccb3edb8bae9df75fbc66c0e2d218689a629f2340eac504a6ccdb46a7,data_manifests/deepmask_gpr_unified_samples_20260811.csv,20260811,existing fold_id P2-style split when available; group fallback otherwise
deepmask_gpr,existing_fold_p2,deepmask_gpr::augmented_utilities::004_aug_4,utility,utility::004,train,abd6faf6ed886087d2ded8b42d9060f22cb1c2af8a4a9185897ddb595aa31fdf,data_manifests/deepmask_gpr_unified_samples_20260811.csv,20260811,existing fold_id P2-style split when available; group fallback otherwise
deepmask_gpr,existing_fold_p2,deepmask_gpr::augmented_utilities::004_aug_5,utility,utility::004,train,3d5e45b02937a3b40bd2c5ed6ecaad76a9e5af9503037cd1009b59d2ba9f7c75,data_manifests/deepmask_gpr_unified_samples_20260811.csv,20260811,existing fold_id P2-style split when available; group fallback otherwise
deepmask_gpr,existing_fold_p2,deepmask_gpr::augmented_utilities::004_aug_6,utility,utility::004,train,f127e90678be20f00e76edb612f4ecf250eaf1c134ee11591334eb4579617f95,data_manifests/deepmask_gpr_unified_samples_20260811.csv,20260811,existing fold_id P2-style split when available; group fallback otherwise
deepmask_gpr,existing_fold_p2,deepmask_gpr::augmented_utilities::007_aug_1,utility,utility::007,train,1939abb2e8f3695417251a32983cd710615fb7fa49cd83db4033ac11b7a30267,data_manifests/deepmask_gpr_unified_samples_20260811.csv,20260811,existing fold_id P2-style split when available; group fallback otherwise
deepmask_gpr,existing_fold_p2,deepmask_gpr::augmented_utilities::007_aug_2,utility,utility::007,train,abcd6148ebf480a6fb47a7afcb29f96122df732a1870ae5a09efcd02417f680a,data_manifests/deepmask_gpr_unified_samples_20260811.csv,20260811,existing fold_id P2-style split when available; group fallback otherwise
deepmask_gpr,existing_fold_p2,deepmask_gpr::augmented_utilities::007_aug_3,utility,utility::007,train,b814ec73150c00a7ee6ae7facd58750befaf171da2f42610f320614c388760fd,data_manifests/deepmask_gpr_unified_samples_20260811.csv,20260811,existing fold_id P2-style split when available; group fallback otherwise
deepmask_gpr,existing_fold_p2,deepmask_gpr::augmented_utilities::007_aug_4,utility,utility::007,train,c4be88f9fd8bb63c3c36a1ac99cbde7f700a74ca9cddd7a4643274ea068c30e4,data_manifests/deepmask_gpr_unified_samples_20260811.csv,20260811,existing fold_id P2-style split when available; group fallback otherwise
deepmask_gpr,existing_fold_p2,deepmask_gpr::augmented_utilities::007_aug_5,utility,utility::007,train,9a9004c4bf199ba99e6f2f1490e2210e94fb6e3c62102240e109ef2fcbb0046c,data_manifests/deepmask_gpr_unified_samples_20260811.csv,20260811,existing fold_id P2-style split when available; group fallback otherwise
deepmask_gpr,existing_fold_p2,deepmask_gpr::augmented_utilities::007_aug_6,utility,utility::007,train,bc642e916efff21b32c162716514d6c4b56607f2d6484a2bd3f57ddfc89ee7a9,data_manifests/deepmask_gpr_unified_samples_20260811.csv,20260811,existing fold_id P2-style split when available; group fallback otherwise
deepmask_gpr,existing_fold_p2,deepmask_gpr::augmented_utilities::008_aug_1,utility,utility::008,train,d5d929f4b8efd35729d78348744f75d361e595befa5bd58465006597ba2ea76f,data_manifests/deepmask_gpr_unified_samples_20260811.csv,20260811,existing fold_id P2-style split when available; group fallback otherwise
deepmask_gpr,existing_fold_p2,deepmask_gpr::augmented_utilities::008_aug_2,utility,utility::008,train,8cce71ec70939d187f096541c4cd9488eda3bd433f066e9e8428df09773e1764,data_manifests/deepmask_gpr_unified_samples_20260811.csv,20260811,existing fold_id P2-style split when available; group fallback otherwise
deepmask_gpr,existing_fold_p2,deepmask_gpr::augmented_utilities::008_aug_3,utility,utility::008,train,3d51e8c991f102356b90a08c832742db3182206862a46204c60ba8875c740918,data_manifests/deepmask_gpr_unified_samples_20260811.csv,20260811,existing fold_id P2-style split when available; group fallback otherwise
deepmask_gpr,existing_fold_p2,deepmask_gpr::augmented_utilities::008_aug_4,utility,utility::008,train,7cc07b396d4b4c416c978745598fe1dff16c21a4040d46db880d60d6b3ea129c,data_manifests/deepmask_gpr_unified_samples_20260811.csv,20260811,existing fold_id P2-style split when available; group fallback otherwise
deepmask_gpr,existing_fold_p2,deepmask_gpr::augmented_utilities::008_aug_5,utility,utility::008,train,389b65478d023cf247721dcecb3cc61650da5214ac2a435a3805e247dad0e891,data_manifests/deepmask_gpr_unified_samples_20260811.csv,20260811,existing fold_id P2-style split when available; group fallback otherwise
deepmask_gpr,existing_fold_p2,deepmask_gpr::augmented_utilities::008_aug_6,utility,utility::008,train,8a4e8212c46a15df67d768eb62a63aa71647212233053ea413a60250db8ae7b7,data_manifests/deepmask_gpr_unified_samples_20260811.csv,20260811,existing fold_id P2-style split when available; group fallback otherwise
deepmask_gpr,existing_fold_p2,deepmask_gpr::augmented_utilities::009_aug_1,utility,utility::009,train,4de8e3a46f2bc5d0c238b86838baa8f6b7bd3c9494c1bfa020df9590f22cd8d0,data_manifests/deepmask_gpr_unified_samples_20260811.csv,20260811,existing fold_id P2-style split when available; group fallback otherwise
deepmask_gpr,existing_fold_p2,deepmask_gpr::augmented_utilities::009_aug_2,utility,utility::009,train,76a98da2c9a78ae26028629cd812edbf3e30bf65bffeb53d6306ac638ff58cd6,data_manifests/deepmask_gpr_unified_samples_20260811.csv,20260811,existing fold_id P2-style split when available; group fallback otherwise
deepmask_gpr,existing_fold_p2,deepmask_gpr::augmented_utilities::009_aug_3,utility,utility::009,train,058ac5933c26602d09a6f0c0b76b0f7b1dd87681a79d1efcce59e1c6477c7f53,data_manifests/deepmask_gpr_unified_samples_20260811.csv,20260811,existing fold_id P2-style split when available; group fallback otherwise
deepmask_gpr,existing_fold_p2,deepmask_gpr::augmented_utilities::009_aug_4,utility,utility::009,train,e7f5e0000bbba6a5e6256812421c1e38473ac8b5bd9b93c0b84218cd12aec55d,data_manifests/deepmask_gpr_unified_samples_20260811.csv,20260811,existing fold_id P2-style split when available; group fallback otherwise
deepmask_gpr,existing_fold_p2,deepmask_gpr::augmented_utilities::009_aug_5,utility,utility::009,train,4beaa22d929850b8de7a9e96fe1f3d0e67daa07985475b041db4b6326486d3d2,data_manifests/deepmask_gpr_unified_samples_20260811.csv,20260811,existing fold_id P2-style split when available; group fallback otherwise
deepmask_gpr,existing_fold_p2,deepmask_gpr::augmented_utilities::009_aug_6,utility,utility::009,train,ffae67a77daa50c8a730b2ff092cf5ea21148f89dae194d027ee57555a9e979c,data_manifests/deepmask_gpr_unified_samples_20260811.csv,20260811,existing fold_id P2-style split when available; group fallback otherwise
deepmask_gpr,existing_fold_p2,deepmask_gpr::augmented_utilities::011_aug_1,utility,utility::011,train,f8d53d15950033fbaf1e1e6188a5c69cbac68903eb5d721aa3992e5cb7541f0a,data_manifests/deepmask_gpr_unified_samples_20260811.csv,20260811,existing fold_id P2-style split when available; group fallback otherwise
deepmask_gpr,existing_fold_p2,deepmask_gpr::augmented_utilities::011_aug_2,utility,utility::011,train,2b9e6fd3a4ebf7e47b15cc516d1e80f352e085d2ff080ee33115f493ea9dd3ab,data_manifests/deepmask_gpr_unified_samples_20260811.csv,20260811,existing fold_id P2-style split when available; group fallback otherwise
deepmask_gpr,existing_fold_p2,deepmask_gpr::augmented_utilities::011_aug_3,utility,utility::011,train,8a4304d7989a2eff3122bf0a0c2392208edff15a064d0342c6cdb70c7ed11d00,data_manifests/deepmask_gpr_unified_samples_20260811.csv,20260811,existing fold_id P2-style split when available; group fallback otherwise
deepmask_gpr,existing_fold_p2,deepmask_gpr::augmented_utilities::011_aug_4,utility,utility::011,train,d22cbbf85197b777418445a6faa90d6b12aa392ea9a4a4dce1ee4b1e5d54434c,data_manifests/deepmask_gpr_unified_samples_20260811.csv,20260811,existing fold_id P2-style split when available; group fallback otherwise
deepmask_gpr,existing_fold_p2,deepmask_gpr::augmented_utilities::011_aug_5,utility,utility::011,train,abb6cf18b8f87982f778e51b07b45c8ebf0d96318075b7e0f467a11997fe5d99,data_manifests/deepmask_gpr_unified_samples_20260811.csv,20260811,existing fold_id P2-style split when available; group fallback otherwise
deepmask_gpr,existing_fold_p2,deepmask_gpr::augmented_utilities::011_aug_6,utility,utility::011,train,413ec0b3b2f8a176db5914700a396619636f07bfc2e201eb88e3dacf3205f88f,data_manifests/deepmask_gpr_unified_samples_20260811.csv,20260811,existing fold_id P2-style split when available; group fallback otherwise
deepmask_gpr,existing_fold_p2,deepmask_gpr::augmented_utilities::012_aug_1,utility,utility::012,test,4872a2248ac9ce43fb93042b0c9233431b89935f848ccdb7e974ffb848a7f52d,data_manifests/deepmask_gpr_unified_samples_20260811.csv,20260811,existing fold_id P2-style split when available; group fallback otherwise
deepmask_gpr,existing_fold_p2,deepmask_gpr::augmented_utilities::012_aug_2,utility,utility::012,test,1e8e9a5b70d97958ce72bb19fbbb5ae3c27d50eaa8b34a26d4a399391bf3181d,data_manifests/deepmask_gpr_unified_samples_20260811.csv,20260811,existing fold_id P2-style split when available; group fallback otherwise
deepmask_gpr,existing_fold_p2,deepmask_gpr::augmented_utilities::012_aug_3,utility,utility::012,test,57f0d8824fe8d40424f5c992f4dde556aec7adbe27750ee614fd6c51b2b02c7b,data_manifests/deepmask_gpr_unified_samples_20260811.csv,20260811,existing fold_id P2-style split when available; group fallback otherwise
deepmask_gpr,existing_fold_p2,deepmask_gpr::augmented_utilities::012_aug_4,utility,utility::012,test,2af8ff2d59b4792d5de66989a9509852874f2e37b85f21b68d91381c7bcc0ae2,data_manifests/deepmask_gpr_unified_samples_20260811.csv,20260811,existing fold_id P2-style split when available; group fallback otherwise
deepmask_gpr,existing_fold_p2,deepmask_gpr::augmented_utilities::012_aug_5,utility,utility::012,test,91e417bb61123e263d080292567b4eb9ef7366ce83c9db73d2d3bc0044bae771,data_manifests/deepmask_gpr_unified_samples_20260811.csv,20260811,existing fold_id P2-style split when available; group fallback otherwise
deepmask_gpr,existing_fold_p2,deepmask_gpr::augmented_utilities::012_aug_6,utility,utility::012,test,93740d875aaa96e71c42d6e335c2718312d6552ee2cb63fb23b5f479dced58e6,data_manifests/deepmask_gpr_unified_samples_20260811.csv,20260811,existing fold_id P2-style split when available; group fallback otherwise
deepmask_gpr,existing_fold_p2,deepmask_gpr::augmented_utilities::013_aug_1,utility,utility::013,train,d0c2556d28af9cfcdf3a2a0acfdd95569ee305629f018b849864ee6713359515,data_manifests/deepmask_gpr_unified_samples_20260811.csv,20260811,existing fold_id P2-style split when available; group fallback otherwise
deepmask_gpr,existing_fold_p2,deepmask_gpr::augmented_utilities::013_aug_2,utility,utility::013,train,07e1c2a17aa15368386b5c0692115609eecd0f59af5e2e840c60715a5941d4d3,data_manifests/deepmask_gpr_unified_samples_20260811.csv,20260811,existing fold_id P2-style split when available; group fallback otherwise
deepmask_gpr,existing_fold_p2,deepmask_gpr::augmented_utilities::013_aug_3,utility,utility::013,train,8430f271e205466488aca938c4084785cb437703c3af72dd321812761e9bcd1e,data_manifests/deepmask_gpr_unified_samples_20260811.csv,20260811,existing fold_id P2-style split when available; group fallback otherwise
deepmask_gpr,existing_fold_p2,deepmask_gpr::augmented_utilities::013_aug_4,utility,utility::013,train,db1d792517ca53c57f974cf57f078646a74c0adf334edfea1d3d4f1453520836,data_manifests/deepmask_gpr_unified_samples_20260811.csv,20260811,existing fold_id P2-style split when available; group fallback otherwise
deepmask_gpr,existing_fold_p2,deepmask_gpr::augmented_utilities::013_aug_5,utility,utility::013,train,195bb064b9e51c839d03a3dabfb8699d5e2d4506aa2392cb992d361d16f54cdd,data_manifests/deepmask_gpr_unified_samples_20260811.csv,20260811,existing fold_id P2-style split when available; group fallback otherwise
deepmask_gpr,existing_fold_p2,deepmask_gpr::augmented_utilities::013_aug_6,utility,utility::013,train,3e7aee1b396f1edce86670f705fbfd96d38f6c97e3ce8f39e6042643be5dc964,data_manifests/deepmask_gpr_unified_samples_20260811.csv,20260811,existing fold_id P2-style split when available; group fallback otherwise
deepmask_gpr,existing_fold_p2,deepmask_gpr::augmented_utilities::014_aug_1,utility,utility::014,train,113b0d6df866694d9ac50823e3a1c3c3d977c9dc5b42fe1979593ba7e173ba35,data_manifests/deepmask_gpr_unified_samples_20260811.csv,20260811,existing fold_id P2-style split when available; group fallback otherwise
deepmask_gpr,existing_fold_p2,deepmask_gpr::augmented_utilities::014_aug_2,utility,utility::014,train,22a491679fdfd704f73f721f914d7914ef150391487cf87d3fb74749da4dcc29,data_manifests/deepmask_gpr_unified_samples_20260811.csv,20260811,existing fold_id P2-style split when available; group fallback otherwise
deepmask_gpr,existing_fold_p2,deepmask_gpr::augmented_utilities::014_aug_3,utility,utility::014,train,1a81c0c1aa12021108483c0390028b1555aa3dbba671384187f3df8fd4f76cfd,data_manifests/deepmask_gpr_unified_samples_20260811.csv,20260811,existing fold_id P2-style split when available; group fallback otherwise
deepmask_gpr,existing_fold_p2,deepmask_gpr::augmented_utilities::014_aug_4,utility,utility::014,train,499b2c8ee157d84ac6572d7b58470f2914e96ae882d04996e6bdef88ccb49bfd,data_manifests/deepmask_gpr_unified_samples_20260811.csv,20260811,existing fold_id P2-style split when available; group fallback otherwise
deepmask_gpr,existing_fold_p2,deepmask_gpr::augmented_utilities::014_aug_5,utility,utility::014,train,2032fc2357f8eac50531a749663b0c11696d0ebcce7fce12a31acf0c82c875a3,data_manifests/deepmask_gpr_unified_samples_20260811.csv,20260811,existing fold_id P2-style split when available; group fallback otherwise
deepmask_gpr,existing_fold_p2,deepmask_gpr::augmented_utilities::014_aug_6,utility,utility::014,train,e902cad7533482a721f74f62cdcf439f8543a1814c137894b2f1d0d327eca501,data_manifests/deepmask_gpr_unified_samples_20260811.csv,20260811,existing fold_id P2-style split when available; group fallback otherwise
deepmask_gpr,existing_fold_p2,deepmask_gpr::augmented_utilities::015_aug_1,utility,utility::015,test,87368c9fb6fb03d2ada750ed5a1dc84c4515dc205836cc9537df76def515919c,data_manifests/deepmask_gpr_unified_samples_20260811.csv,20260811,existing fold_id P2-style split when available; group fallback otherwise
deepmask_gpr,existing_fold_p2,deepmask_gpr::augmented_utilities::015_aug_2,utility,utility::015,test,3bb5777ed1bd763a9ec312fbdc59f77c190e545e59bcab0b622cf2a965557c27,data_manifests/deepmask_gpr_unified_samples_20260811.csv,20260811,existing fold_id P2-style split when available; group fallback otherwise
deepmask_gpr,existing_fold_p2,deepmask_gpr::augmented_utilities::015_aug_3,utility,utility::015,test,d6537d53082e13ee906b63e0cc1ed3e3e1ce024a380977aa95890ca3ea4ec340,data_manifests/deepmask_gpr_unified_samples_20260811.csv,20260811,existing fold_id P2-style split when available; group fallback otherwise
deepmask_gpr,existing_fold_p2,deepmask_gpr::augmented_utilities::015_aug_4,utility,utility::015,test,d78c63d517ac384f2223bac0a69ced90991a2efdd9933a11e732c31857206051,data_manifests/deepmask_gpr_unified_samples_20260811.csv,20260811,existing fold_id P2-style split when available; group fallback otherwise
deepmask_gpr,existing_fold_p2,deepmask_gpr::augmented_utilities::015_aug_5,utility,utility::015,test,b38e66668037c916552b4b44ef1539b5e08d4522390f1913a8edb960ecd5604c,data_manifests/deepmask_gpr_unified_samples_20260811.csv,20260811,existing fold_id P2-style split when available; group fallback otherwise
deepmask_gpr,existing_fold_p2,deepmask_gpr::augmented_utilities::015_aug_6,utility,utility::015,test,86c3afab381b44c49e00dd588e59d918937a5892e2c5b4f4634e30034b1f35c5,data_manifests/deepmask_gpr_unified_samples_20260811.csv,20260811,existing fold_id P2-style split when available; group fallback otherwise
deepmask_gpr,existing_fold_p2,deepmask_gpr::augmented_utilities::016_aug_1,utility,utility::016,train,aa829010d24d72554304c6fe291244c2cee65bc698b6eb1d3e36f36d1fa0f990,data_manifests/deepmask_gpr_unified_samples_20260811.csv,20260811,existing fold_id P2-style split when available; group fallback otherwise
deepmask_gpr,existing_fold_p2,deepmask_gpr::augmented_utilities::016_aug_2,utility,utility::016,train,9277a122d25d98178adb996ba512c9ff619cc01300b562a481573cc3f05c1467,data_manifests/deepmask_gpr_unified_samples_20260811.csv,20260811,existing fold_id P2-style split when available; group fallback otherwise
deepmask_gpr,existing_fold_p2,deepmask_gpr::augmented_utilities::016_aug_3,utility,utility::016,train,936bb4c41dfc885d7f45f78791962a507212341350fb4c11e252ca529cb20272,data_manifests/deepmask_gpr_unified_samples_20260811.csv,20260811,existing fold_id P2-style split when available; group fallback otherwise
deepmask_gpr,existing_fold_p2,deepmask_gpr::augmented_utilities::016_aug_4,utility,utility::016,train,97cd33472b48e9981a0978b8e973f58c797299582f99d981e6477acb0578f564,data_manifests/deepmask_gpr_unified_samples_20260811.csv,20260811,existing fold_id P2-style split when available; group fallback otherwise
deepmask_gpr,existing_fold_p2,deepmask_gpr::augmented_utilities::016_aug_5,utility,utility::016,train,94cabfde810a9f7619b5c6e72d6a8ad8de5fb25e4b73e4340a2438fffd23574e,data_manifests/deepmask_gpr_unified_samples_20260811.csv,20260811,existing fold_id P2-style split when available; group fallback otherwise
deepmask_gpr,existing_fold_p2,deepmask_gpr::augmented_utilities::016_aug_6,utility,utility::016,train,c9623fc4af1c2dc78a850e9db8bd8832ded675d483d26580b46b53d70d3f49f7,data_manifests/deepmask_gpr_unified_samples_20260811.csv,20260811,existing fold_id P2-style split when available; group fallback otherwise
deepmask_gpr,existing_fold_p2,deepmask_gpr::augmented_utilities::018_aug_1,utility,utility::018,train,ef0de5cc3b489ef831580dcf535ada616204401b1431aa465b44a9422f6fe29c,data_manifests/deepmask_gpr_unified_samples_20260811.csv,20260811,existing fold_id P2-style split when available; group fallback otherwise
deepmask_gpr,existing_fold_p2,deepmask_gpr::augmented_utilities::018_aug_2,utility,utility::018,train,1406f2daed6c2f7348ecf02a2fc1c372ba8645d4f62739c442475cd8b9df79b0,data_manifests/deepmask_gpr_unified_samples_20260811.csv,20260811,existing fold_id P2-style split when available; group fallback otherwise
deepmask_gpr,existing_fold_p2,deepmask_gpr::augmented_utilities::018_aug_3,utility,utility::018,train,5c0a43087a061979d29731dcc2e7e265fd23103e3fe1ad306fd7e43359f19f3b,data_manifests/deepmask_gpr_unified_samples_20260811.csv,20260811,existing fold_id P2-style split when available; group fallback otherwise
deepmask_gpr,existing_fold_p2,deepmask_gpr::augmented_utilities::018_aug_4,utility,utility::018,train,59fc8d386bb29efa0d1790dbbe9f4b7dd794719b84423289eb35d70e42adf4a1,data_manifests/deepmask_gpr_unified_samples_20260811.csv,20260811,existing fold_id P2-style split when available; group fallback otherwise
deepmask_gpr,existing_fold_p2,deepmask_gpr::augmented_utilities::018_aug_5,utility,utility::018,train,9fdfd295c77dbc7fab536bd40c3b00cc2a2e8ddfb106eb4fa86d5938aba674d5,data_manifests/deepmask_gpr_unified_samples_20260811.csv,20260811,existing fold_id P2-style split when available; group fallback otherwise
deepmask_gpr,existing_fold_p2,deepmask_gpr::augmented_utilities::018_aug_6,utility,utility::018,train,b7f1042dac1d0f69756d6485e490bf440e17a224ff62131743d50a51cc36382d,data_manifests/deepmask_gpr_unified_samples_20260811.csv,20260811,existing fold_id P2-style split when available; group fallback otherwise
deepmask_gpr,existing_fold_p2,deepmask_gpr::augmented_utilities::023_aug_1,utility,utility::023,train,661c2827b431eb0c74644d18b7e086fd67957bf683fdaa32e74d24086a554961,data_manifests/deepmask_gpr_unified_samples_20260811.csv,20260811,existing fold_id P2-style split when available; group fallback otherwise
deepmask_gpr,existing_fold_p2,deepmask_gpr::augmented_utilities::023_aug_2,utility,utility::023,train,8c1b95bac16cb23dabb26ab3bbfbae88419422281e34501ece2c633ddbe165bd,data_manifests/deepmask_gpr_unified_samples_20260811.csv,20260811,existing fold_id P2-style split when available; group fallback otherwise
deepmask_gpr,existing_fold_p2,deepmask_gpr::augmented_utilities::023_aug_3,utility,utility::023,train,4b14792e61935c1621bbad450dc28eb0e7e86c556cadb5dc86ade4e3c638ce4a,data_manifests/deepmask_gpr_unified_samples_20260811.csv,20260811,existing fold_id P2-style split when available; group fallback otherwise
deepmask_gpr,existing_fold_p2,deepmask_gpr::augmented_utilities::023_aug_4,utility,utility::023,train,025f7fc2f4244db7afc2f8c23f317450337bf71d1a279c0b02f613238ab3c6c6,data_manifests/deepmask_gpr_unified_samples_20260811.csv,20260811,existing fold_id P2-style split when available; group fallback otherwise
deepmask_gpr,existing_fold_p2,deepmask_gpr::augmented_utilities::023_aug_5,utility,utility::023,train,5a4bfddccb392461adfcd66eb4cfe4eb97c24f3567ca2d4b60876aab618b1ea0,data_manifests/deepmask_gpr_unified_samples_20260811.csv,20260811,existing fold_id P2-style split when available; group fallback otherwise
deepmask_gpr,existing_fold_p2,deepmask_gpr::augmented_utilities::023_aug_6,utility,utility::023,train,a2fc37939ad0a64a82bf266e5c5e682a683d4b2f03f80e4270b899b1e5a5b17a,data_manifests/deepmask_gpr_unified_samples_20260811.csv,20260811,existing fold_id P2-style split when available; group fallback otherwise
deepmask_gpr,existing_fold_p2,deepmask_gpr::augmented_utilities::024_aug_1,utility,utility::024,val,8e67d30c9b9984df753c3e0a26347cb1f13ceffd3a7703ff3d21c81cc997d1c4,data_manifests/deepmask_gpr_unified_samples_20260811.csv,20260811,existing fold_id P2-style split when available; group fallback otherwise
deepmask_gpr,existing_fold_p2,deepmask_gpr::augmented_utilities::024_aug_2,utility,utility::024,val,cf9806a91abc4745f77496368230c7ca5941d21ee3d88199f0d4be226e2873a4,data_manifests/deepmask_gpr_unified_samples_20260811.csv,20260811,existing fold_id P2-style split when available; group fallback otherwise
deepmask_gpr,existing_fold_p2,deepmask_gpr::augmented_utilities::024_aug_3,utility,utility::024,val,05ecc066e90445957c9ee269abec40c7d63e75152e8dbbbdd9452c06b66dd99d,data_manifests/deepmask_gpr_unified_samples_20260811.csv,20260811,existing fold_id P2-style split when available; group fallback otherwise
deepmask_gpr,existing_fold_p2,deepmask_gpr::augmented_utilities::024_aug_4,utility,utility::024,val,822ed2a1c1aae33c9c17a2f3a10a09f4aff2169b4aee4db9069bf1a19f41a3b9,data_manifests/deepmask_gpr_unified_samples_20260811.csv,20260811,existing fold_id P2-style split when available; group fallback otherwise
deepmask_gpr,existing_fold_p2,deepmask_gpr::augmented_utilities::024_aug_5,utility,utility::024,val,720930f57f9335987b8c100d1af71797391c96161761d5b19e2db3351e7bc56e,data_manifests/deepmask_gpr_unified_samples_20260811.csv,20260811,existing fold_id P2-style split when available; group fallback otherwise
deepmask_gpr,existing_fold_p2,deepmask_gpr::augmented_utilities::024_aug_6,utility,utility::024,val,17bd99a86abdc7de4df12e74a16d8fa41fef9846d877b5365e4b9f41ba4449a2,data_manifests/deepmask_gpr_unified_samples_20260811.csv,20260811,existing fold_id P2-style split when available; group fallback otherwise
deepmask_gpr,existing_fold_p2,deepmask_gpr::augmented_utilities::026_aug_1,utility,utility::026,train,3043855d76e2c88797eb170d68186f42f6504febf39f086645eb31e3132add89,data_manifests/deepmask_gpr_unified_samples_20260811.csv,20260811,existing fold_id P2-style split when available; group fallback otherwise
deepmask_gpr,existing_fold_p2,deepmask_gpr::augmented_utilities::026_aug_2,utility,utility::026,train,d3ce6ec8dd8f278f50021987eedd654b53378bab0de3fba8a4c576bcdeec7ac3,data_manifests/deepmask_gpr_unified_samples_20260811.csv,20260811,existing fold_id P2-style split when available; group fallback otherwise
deepmask_gpr,existing_fold_p2,deepmask_gpr::augmented_utilities::026_aug_3,utility,utility::026,train,b0dfb846a2ee2e022037bcb6d816f5e758ab4b58fc8efae7e3d421cf2e3e2ee6,data_manifests/deepmask_gpr_unified_samples_20260811.csv,20260811,existing fold_id P2-style split when available; group fallback otherwise
deepmask_gpr,existing_fold_p2,deepmask_gpr::augmented_utilities::026_aug_4,utility,utility::026,train,e5fc09bc2e0ef57880fec8b0c5d80c28c3b18967ec9cdd6838935abf942d9136,data_manifests/deepmask_gpr_unified_samples_20260811.csv,20260811,existing fold_id P2-style split when available; group fallback otherwise
deepmask_gpr,existing_fold_p2,deepmask_gpr::augmented_utilities::026_aug_5,utility,utility::026,train,f34cb8ca5e62ea5ac6b9f2398a4fbb2f5b387aeca8602891197ac11f4917b986,data_manifests/deepmask_gpr_unified_samples_20260811.csv,20260811,existing fold_id P2-style split when available; group fallback otherwise
deepmask_gpr,existing_fold_p2,deepmask_gpr::augmented_utilities::026_aug_6,utility,utility::026,train,2a3ade1a171a6991aa1afd4b1a15fd4468335d1a0651844b17a89096faa0db3e,data_manifests/deepmask_gpr_unified_samples_20260811.csv,20260811,existing fold_id P2-style split when available; group fallback otherwise
deepmask_gpr,existing_fold_p2,deepmask_gpr::augmented_utilities::027_aug_1,utility,utility::027,train,f704e9e50ab4c0fcd37571fcb86ce2f934d6d19bf7a6403a7eb93043ae0d9f5d,data_manifests/deepmask_gpr_unified_samples_20260811.csv,20260811,existing fold_id P2-style split when available; group fallback otherwise
deepmask_gpr,existing_fold_p2,deepmask_gpr::augmented_utilities::027_aug_2,utility,utility::027,train,3d7e1232e1677652f1d6084f0f92230a8cc8e23a350832c90e1a97ef0131624e,data_manifests/deepmask_gpr_unified_samples_20260811.csv,20260811,existing fold_id P2-style split when available; group fallback otherwise
deepmask_gpr,existing_fold_p2,deepmask_gpr::augmented_utilities::027_aug_3,utility,utility::027,train,8b44b03180dbba53089f1e05e18a2472080fa00b7855eadb3624d574534b187b,data_manifests/deepmask_gpr_unified_samples_20260811.csv,20260811,existing fold_id P2-style split when available; group fallback otherwise
deepmask_gpr,existing_fold_p2,deepmask_gpr::augmented_utilities::027_aug_4,utility,utility::027,train,1b82631fc53714381d1ac3e578090ed2901f6574b7d07d72e9a4cd81c55b12e4,data_manifests/deepmask_gpr_unified_samples_20260811.csv,20260811,existing fold_id P2-style split when available; group fallback otherwise
deepmask_gpr,existing_fold_p2,deepmask_gpr::augmented_utilities::027_aug_5,utility,utility::027,train,84f74ec15e998fd5fcae78723b8d13989e44da72fde0b12946c31977136f11bb,data_manifests/deepmask_gpr_unified_samples_20260811.csv,20260811,existing fold_id P2-style split when available; group fallback otherwise
deepmask_gpr,existing_fold_p2,deepmask_gpr::augmented_utilities::027_aug_6,utility,utility::027,train,5860e37fbc159fd903cb5c2cc91a9e770e45cd55ad96b7b7dd7761828747d006,data_manifests/deepmask_gpr_unified_samples_20260811.csv,20260811,existing fold_id P2-style split when available; group fallback otherwise
deepmask_gpr,existing_fold_p2,deepmask_gpr::augmented_utilities::028_aug_1,utility,utility::028,test,38a905314ddb8d912e5b29c225610d7978d6b46913507b5569e781f9b4e21da2,data_manifests/deepmask_gpr_unified_samples_20260811.csv,20260811,existing fold_id P2-style split when available; group fallback otherwise
deepmask_gpr,existing_fold_p2,deepmask_gpr::augmented_utilities::028_aug_2,utility,utility::028,test,043c2e6b3657ee1918639a08badb018a6bd5fbf0890f555da524b170b9024ec5,data_manifests/deepmask_gpr_unified_samples_20260811.csv,20260811,existing fold_id P2-style split when available; group fallback otherwise
deepmask_gpr,existing_fold_p2,deepmask_gpr::augmented_utilities::028_aug_3,utility,utility::028,test,c964aaddb1f1c2e63bb7a8e532017042e9c030be0db6e90f46885d42ad192233,data_manifests/deepmask_gpr_unified_samples_20260811.csv,20260811,existing fold_id P2-style split when available; group fallback otherwise
deepmask_gpr,existing_fold_p2,deepmask_gpr::augmented_utilities::028_aug_4,utility,utility::028,test,c241507ef43f0d8d9188543029c00618ce7a1e85b13eeacfe18414f86b0a53bc,data_manifests/deepmask_gpr_unified_samples_20260811.csv,20260811,existing fold_id P2-style split when available; group fallback otherwise
deepmask_gpr,existing_fold_p2,deepmask_gpr::augmented_utilities::028_aug_5,utility,utility::028,test,13366560daadf8851f6492a90368e86d71213a973e80e0a48b48bb772386acee,data_manifests/deepmask_gpr_unified_samples_20260811.csv,20260811,existing fold_id P2-style split when available; group fallback otherwise
deepmask_gpr,existing_fold_p2,deepmask_gpr::augmented_utilities::028_aug_6,utility,utility::028,test,bb732376aa7081888f370723d2143a1e1591408d7ba1cc43b6c6003c540f0867,data_manifests/deepmask_gpr_unified_samples_20260811.csv,20260811,existing fold_id P2-style split when available; group fallback otherwise
deepmask_gpr,existing_fold_p2,deepmask_gpr::augmented_utilities::029_aug_1,utility,utility::029,train,6962221f3dc8eea08fc26e2d64168f3fc19758edb32be7fa61c5bc4ef0c56de0,data_manifests/deepmask_gpr_unified_samples_20260811.csv,20260811,existing fold_id P2-style split when available; group fallback otherwise
deepmask_gpr,existing_fold_p2,deepmask_gpr::augmented_utilities::029_aug_2,utility,utility::029,train,16f76960ec54afdcf0bd3a7e5b126091ad9743c5d458ceda7dba77b399f54a65,data_manifests/deepmask_gpr_unified_samples_20260811.csv,20260811,existing fold_id P2-style split when available; group fallback otherwise
deepmask_gpr,existing_fold_p2,deepmask_gpr::augmented_utilities::029_aug_3,utility,utility::029,train,e39ab9dcefbd082a03b906ba50dd90fb87305adb1338bad34706657cf281ed60,data_manifests/deepmask_gpr_unified_samples_20260811.csv,20260811,existing fold_id P2-style split when available; group fallback otherwise
deepmask_gpr,existing_fold_p2,deepmask_gpr::augmented_utilities::029_aug_4,utility,utility::029,train,7345996391e03014f848108b73069de3331f20e661242fcba198311b902709aa,data_manifests/deepmask_gpr_unified_samples_20260811.csv,20260811,existing fold_id P2-style split when available; group fallback otherwise
deepmask_gpr,existing_fold_p2,deepmask_gpr::augmented_utilities::029_aug_5,utility,utility::029,train,7729af341e01e056ee90a036e858ef1c2a8883429085aa72957ef16e35803c1e,data_manifests/deepmask_gpr_unified_samples_20260811.csv,20260811,existing fold_id P2-style split when available; group fallback otherwise
deepmask_gpr,existing_fold_p2,deepmask_gpr::augmented_utilities::029_aug_6,utility,utility::029,train,6f2b59fa57d630991380d89a5795e3f6b45e13b6ac9aed46326ee2cba48dfc3f,data_manifests/deepmask_gpr_unified_samples_20260811.csv,20260811,existing fold_id P2-style split when available; group fallback otherwise
deepmask_gpr,existing_fold_p2,deepmask_gpr::augmented_utilities::030_aug_1,utility,utility::030,train,2bd9914c11c517360b92deafeab0e546ba59a32cb54013da8190bfa0952273e0,data_manifests/deepmask_gpr_unified_samples_20260811.csv,20260811,existing fold_id P2-style split when available; group fallback otherwise
deepmask_gpr,existing_fold_p2,deepmask_gpr::augmented_utilities::030_aug_2,utility,utility::030,train,9c19db095f8adcf3fc8a96272f3eefc6fd15b092497c18bc876e2dd042411b46,data_manifests/deepmask_gpr_unified_samples_20260811.csv,20260811,existing fold_id P2-style split when available; group fallback otherwise
deepmask_gpr,existing_fold_p2,deepmask_gpr::augmented_utilities::030_aug_3,utility,utility::030,train,04ae982485debb9d06b9e64e94b02cb91cb38f6d083b6942c8ba5e23c4478763,data_manifests/deepmask_gpr_unified_samples_20260811.csv,20260811,existing fold_id P2-style split when available; group fallback otherwise
deepmask_gpr,existing_fold_p2,deepmask_gpr::augmented_utilities::030_aug_4,utility,utility::030,train,6909c8c86082aaf09203bdccd2ab2f20f672142a86e8c43420fe2eba50bad2a8,data_manifests/deepmask_gpr_unified_samples_20260811.csv,20260811,existing fold_id P2-style split when available; group fallback otherwise
deepmask_gpr,existing_fold_p2,deepmask_gpr::augmented_utilities::030_aug_5,utility,utility::030,train,095193120aeda8e5bfa2bedf3a87e9272e003d89189e7289794056d9750946a7,data_manifests/deepmask_gpr_unified_samples_20260811.csv,20260811,existing fold_id P2-style split when available; group fallback otherwise
deepmask_gpr,existing_fold_p2,deepmask_gpr::augmented_utilities::030_aug_6,utility,utility::030,train,e18f9a72eb03bf0afe56307d9711e00135c66f7e7f429a8c12d6835ddc2842fb,data_manifests/deepmask_gpr_unified_samples_20260811.csv,20260811,existing fold_id P2-style split when available; group fallback otherwise
deepmask_gpr,existing_fold_p2,deepmask_gpr::augmented_utilities::031_aug_1,utility,utility::031,train,3858e95e0af5ec300f202a94301a7edb24c07d06eaece1f7ed020e39549bb0ca,data_manifests/deepmask_gpr_unified_samples_20260811.csv,20260811,existing fold_id P2-style split when available; group fallback otherwise
deepmask_gpr,existing_fold_p2,deepmask_gpr::augmented_utilities::031_aug_2,utility,utility::031,train,5d603314c98ce50befdfa6376e3390f1631d396d284e3c0b66275679b4148097,data_manifests/deepmask_gpr_unified_samples_20260811.csv,20260811,existing fold_id P2-style split when available; group fallback otherwise
deepmask_gpr,existing_fold_p2,deepmask_gpr::augmented_utilities::031_aug_3,utility,utility::031,train,51c76bc67b2653cadbe3647565f4a3fd67b07854751b336c86bedcc7b1a375ff,data_manifests/deepmask_gpr_unified_samples_20260811.csv,20260811,existing fold_id P2-style split when available; group fallback otherwise
deepmask_gpr,existing_fold_p2,deepmask_gpr::augmented_utilities::031_aug_4,utility,utility::031,train,c285e0643ce1884333df0d22fd4b9150e7e934d9c739c91b0b9c7166d3dab9ad,data_manifests/deepmask_gpr_unified_samples_20260811.csv,20260811,existing fold_id P2-style split when available; group fallback otherwise
deepmask_gpr,existing_fold_p2,deepmask_gpr::augmented_utilities::031_aug_5,utility,utility::031,train,7e1a69f43deb5d34da4830c1b4773587293f106ec58f733d40665b36c6d4cc68,data_manifests/deepmask_gpr_unified_samples_20260811.csv,20260811,existing fold_id P2-style split when available; group fallback otherwise
deepmask_gpr,existing_fold_p2,deepmask_gpr::augmented_utilities::031_aug_6,utility,utility::031,train,846f71e0c35985eecd6f2ed94a0e71621b990f9bf6db26c1f2efbb94963dc373,data_manifests/deepmask_gpr_unified_samples_20260811.csv,20260811,existing fold_id P2-style split when available; group fallback otherwise
deepmask_gpr,existing_fold_p2,deepmask_gpr::augmented_utilities::032_aug_1,utility,utility::032,train,92f73cec661a9d785073b2574e95ca884ff1c68eada15956aa550f63a1577869,data_manifests/deepmask_gpr_unified_samples_20260811.csv,20260811,existing fold_id P2-style split when available; group fallback otherwise
deepmask_gpr,existing_fold_p2,deepmask_gpr::augmented_utilities::032_aug_2,utility,utility::032,train,0f33d96c75a2318de9b07612ba398277fd3b5d2214e0c5891c01e7437630875d,data_manifests/deepmask_gpr_unified_samples_20260811.csv,20260811,existing fold_id P2-style split when available; group fallback otherwise
deepmask_gpr,existing_fold_p2,deepmask_gpr::augmented_utilities::032_aug_3,utility,utility::032,train,9b399881e04c16f633d1b0f269d8638745d56e387a5bff105fa88274275c8543,data_manifests/deepmask_gpr_unified_samples_20260811.csv,20260811,existing fold_id P2-style split when available; group fallback otherwise
deepmask_gpr,existing_fold_p2,deepmask_gpr::augmented_utilities::032_aug_4,utility,utility::032,train,353ec6eab10e0f032620e919294f1b1a0cdfddcd388ac5e1c96bd460bfefc525,data_manifests/deepmask_gpr_unified_samples_20260811.csv,20260811,existing fold_id P2-style split when available; group fallback otherwise
deepmask_gpr,existing_fold_p2,deepmask_gpr::augmented_utilities::032_aug_5,utility,utility::032,train,839158ac389b5551a8be46f50ac0a57f582c7bdb2b9719b5bb70ea743b0944a8,data_manifests/deepmask_gpr_unified_samples_20260811.csv,20260811,existing fold_id P2-style split when available; group fallback otherwise
deepmask_gpr,existing_fold_p2,deepmask_gpr::augmented_utilities::032_aug_6,utility,utility::032,train,270f3dbe95bdae37d27ebb5c47b953aaf18ac4f6feedb00c057baef64cb0e353,data_manifests/deepmask_gpr_unified_samples_20260811.csv,20260811,existing fold_id P2-style split when available; group fallback otherwise
deepmask_gpr,existing_fold_p2,deepmask_gpr::augmented_utilities::033_aug_1,utility,utility::033,train,b865342e937f9e89515b287a0c9ceae6ce9eb173cf24cbf53b45855a7f039eee,data_manifests/deepmask_gpr_unified_samples_20260811.csv,20260811,existing fold_id P2-style split when available; group fallback otherwise
deepmask_gpr,existing_fold_p2,deepmask_gpr::augmented_utilities::033_aug_2,utility,utility::033,train,599a5a282210aabbfefa0feff313280951b5d519384887ad68d9262199cd5832,data_manifests/deepmask_gpr_unified_samples_20260811.csv,20260811,existing fold_id P2-style split when available; group fallback otherwise
deepmask_gpr,existing_fold_p2,deepmask_gpr::augmented_utilities::033_aug_3,utility,utility::033,train,cf81d32e78558ee9bda61cc194005598233dd340e7dc6896bc9d89529b3c18bf,data_manifests/deepmask_gpr_unified_samples_20260811.csv,20260811,existing fold_id P2-style split when available; group fallback otherwise
deepmask_gpr,existing_fold_p2,deepmask_gpr::augmented_utilities::033_aug_4,utility,utility::033,train,838998531f558d64099301c55d655718edccdb8bc5ed3edf4ae4359509e37ab4,data_manifests/deepmask_gpr_unified_samples_20260811.csv,20260811,existing fold_id P2-style split when available; group fallback otherwise
deepmask_gpr,existing_fold_p2,deepmask_gpr::augmented_utilities::033_aug_5,utility,utility::033,train,de0273447f5ddd3631113c7ae61d05fb39efaab9b1d2441f0cda2e9171909a8e,data_manifests/deepmask_gpr_unified_samples_20260811.csv,20260811,existing fold_id P2-style split when available; group fallback otherwise
deepmask_gpr,existing_fold_p2,deepmask_gpr::augmented_utilities::033_aug_6,utility,utility::033,train,c77014006d0ea4afe4f4e927f225bc959a5bff62ae371601c2bfd5426eb679e8,data_manifests/deepmask_gpr_unified_samples_20260811.csv,20260811,existing fold_id P2-style split when available; group fallback otherwise
deepmask_gpr,existing_fold_p2,deepmask_gpr::augmented_utilities::034_aug_1,utility,utility::034,val,13d61465e60889f74ca39a3a7e040d9ea8487fb5e427ecc7e8ef426b69ed76ec,data_manifests/deepmask_gpr_unified_samples_20260811.csv,20260811,existing fold_id P2-style split when available; group fallback otherwise
deepmask_gpr,existing_fold_p2,deepmask_gpr::augmented_utilities::034_aug_2,utility,utility::034,val,5d7f119484e4a3d25903d55884ee4615502262ff4dc7e5e71474b5d31f0300b1,data_manifests/deepmask_gpr_unified_samples_20260811.csv,20260811,existing fold_id P2-style split when available; group fallback otherwise
deepmask_gpr,existing_fold_p2,deepmask_gpr::augmented_utilities::034_aug_3,utility,utility::034,val,a926ffefc6a57df73e02b98cf308d69138c08827ce479a7e3fec37039cec9f89,data_manifests/deepmask_gpr_unified_samples_20260811.csv,20260811,existing fold_id P2-style split when available; group fallback otherwise
deepmask_gpr,existing_fold_p2,deepmask_gpr::augmented_utilities::034_aug_4,utility,utility::034,val,100d8c431b74ceee8d3b51ce92c8ea930d942a42c5e9aa1bd95e9f9f74c0653d,data_manifests/deepmask_gpr_unified_samples_20260811.csv,20260811,existing fold_id P2-style split when available; group fallback otherwise
deepmask_gpr,existing_fold_p2,deepmask_gpr::augmented_utilities::034_aug_5,utility,utility::034,val,f709246cef950234f632ee03a6aa3897ebf59e9cb1ec6cedb52bd3ff91cc644c,data_manifests/deepmask_gpr_unified_samples_20260811.csv,20260811,existing fold_id P2-style split when available; group fallback otherwise
deepmask_gpr,existing_fold_p2,deepmask_gpr::augmented_utilities::034_aug_6,utility,utility::034,val,dc0da8e10fd2967a36ca6be57e6756c722478c1e6ed8607310189fbfa0bac049,data_manifests/deepmask_gpr_unified_samples_20260811.csv,20260811,existing fold_id P2-style split when available; group fallback otherwise
deepmask_gpr,existing_fold_p2,deepmask_gpr::augmented_utilities::036_aug_1,utility,utility::036,train,ac4b3646adb0283924f0517732bcf52fbbe8389a1401b941fac7d027f240a104,data_manifests/deepmask_gpr_unified_samples_20260811.csv,20260811,existing fold_id P2-style split when available; group fallback otherwise
deepmask_gpr,existing_fold_p2,deepmask_gpr::augmented_utilities::036_aug_2,utility,utility::036,train,a098e1b29d9f7e4b6d0cdbf44f93284f7827f33b33b6e1206dd0fa8fc84c2179,data_manifests/deepmask_gpr_unified_samples_20260811.csv,20260811,existing fold_id P2-style split when available; group fallback otherwise
deepmask_gpr,existing_fold_p2,deepmask_gpr::augmented_utilities::036_aug_3,utility,utility::036,train,424b56b5f03f0471eb744c8e5b787dedb55523019c5e1eb4e642cd764fcb32a1,data_manifests/deepmask_gpr_unified_samples_20260811.csv,20260811,existing fold_id P2-style split when available; group fallback otherwise
deepmask_gpr,existing_fold_p2,deepmask_gpr::augmented_utilities::036_aug_4,utility,utility::036,train,4190495b8a23d61b45f9ec40a04ee74f0d6c24b442eb4416a9dfdbaf94c1abd7,data_manifests/deepmask_gpr_unified_samples_20260811.csv,20260811,existing fold_id P2-style split when available; group fallback otherwise
deepmask_gpr,existing_fold_p2,deepmask_gpr::augmented_utilities::036_aug_5,utility,utility::036,train,6b4b212e9bac3340fd18fe02064038ab349fd4d2d88202eb434d8b358cccd002,data_manifests/deepmask_gpr_unified_samples_20260811.csv,20260811,existing fold_id P2-style split when available; group fallback otherwise
deepmask_gpr,existing_fold_p2,deepmask_gpr::augmented_utilities::036_aug_6,utility,utility::036,train,65afc99a95b5a29fd9f92fdb1f30b977043b3bcb99b07c57a59e3870c32a13ba,data_manifests/deepmask_gpr_unified_samples_20260811.csv,20260811,existing fold_id P2-style split when available; group fallback otherwise
deepmask_gpr,existing_fold_p2,deepmask_gpr::augmented_utilities::037_aug_1,utility,utility::037,train,70468a1ebcc8e76ef381737550a88430544268498ed30210d0bcdc404467ff77,data_manifests/deepmask_gpr_unified_samples_20260811.csv,20260811,existing fold_id P2-style split when available; group fallback otherwise
deepmask_gpr,existing_fold_p2,deepmask_gpr::augmented_utilities::037_aug_2,utility,utility::037,train,d6e8dafaa586e9703441fd86309ea7f96f3e7e6570f97d53d1c022ad2db68a43,data_manifests/deepmask_gpr_unified_samples_20260811.csv,20260811,existing fold_id P2-style split when available; group fallback otherwise
deepmask_gpr,existing_fold_p2,deepmask_gpr::augmented_utilities::037_aug_3,utility,utility::037,train,28b202309e70c0fae66fa59f3059d864a1d3f8b864b623fe94fd1cadc4d4ed16,data_manifests/deepmask_gpr_unified_samples_20260811.csv,20260811,existing fold_id P2-style split when available; group fallback otherwise
deepmask_gpr,existing_fold_p2,deepmask_gpr::augmented_utilities::037_aug_4,utility,utility::037,train,2fe8182a9195d311c18f297d82d35635ca294eabb5bde22f1fac1057b5bea350,data_manifests/deepmask_gpr_unified_samples_20260811.csv,20260811,existing fold_id P2-style split when available; group fallback otherwise
deepmask_gpr,existing_fold_p2,deepmask_gpr::augmented_utilities::037_aug_5,utility,utility::037,train,19aba734bf7fec6e9fe968d245f10070d40122d2a3fe141ccd99278dc60199f7,data_manifests/deepmask_gpr_unified_samples_20260811.csv,20260811,existing fold_id P2-style split when available; group fallback otherwise
deepmask_gpr,existing_fold_p2,deepmask_gpr::augmented_utilities::037_aug_6,utility,utility::037,train,a625df2830d5f4a7f56887dd8cfe0a7b76c7e88f928a1c0e09a6392b8c8e0e15,data_manifests/deepmask_gpr_unified_samples_20260811.csv,20260811,existing fold_id P2-style split when available; group fallback otherwise
deepmask_gpr,existing_fold_p2,deepmask_gpr::augmented_utilities::040_aug_1,utility,utility::040,train,86d4fb30fe50ebc39391601086500f58f571a609728306f081334df5ebf44c73,data_manifests/deepmask_gpr_unified_samples_20260811.csv,20260811,existing fold_id P2-style split when available; group fallback otherwise
deepmask_gpr,existing_fold_p2,deepmask_gpr::augmented_utilities::040_aug_2,utility,utility::040,train,2940284128cc7d887d0b69594044041eb5a10f9aced2cbfae214520a342532ee,data_manifests/deepmask_gpr_unified_samples_20260811.csv,20260811,existing fold_id P2-style split when available; group fallback otherwise
deepmask_gpr,existing_fold_p2,deepmask_gpr::augmented_utilities::040_aug_3,utility,utility::040,train,045fa2d32f7eca50e2e931e24d4807cebc26e3b6f382184f337e1e92b8228ad2,data_manifests/deepmask_gpr_unified_samples_20260811.csv,20260811,existing fold_id P2-style split when available; group fallback otherwise
deepmask_gpr,existing_fold_p2,deepmask_gpr::augmented_utilities::040_aug_4,utility,utility::040,train,4a610c78e9992cd52780b4da20f8c44df5bf292291c5e376bbd9964870b618fb,data_manifests/deepmask_gpr_unified_samples_20260811.csv,20260811,existing fold_id P2-style split when available; group fallback otherwise
deepmask_gpr,existing_fold_p2,deepmask_gpr::augmented_utilities::040_aug_5,utility,utility::040,train,31d529da11d178dbd271d1031a5d001a86b873b3729f1fa23e0b6ddaaef7b462,data_manifests/deepmask_gpr_unified_samples_20260811.csv,20260811,existing fold_id P2-style split when available; group fallback otherwise
deepmask_gpr,existing_fold_p2,deepmask_gpr::augmented_utilities::040_aug_6,utility,utility::040,train,1f875378beb6b912eef9dc7f2043aab4560dd8ad589c4aec68d2ad360ec3bd0c,data_manifests/deepmask_gpr_unified_samples_20260811.csv,20260811,existing fold_id P2-style split when available; group fallback otherwise
deepmask_gpr,existing_fold_p2,deepmask_gpr::augmented_utilities::042_aug_1,utility,utility::042,val,5f35c14b4c13ca6d84513d621fea4a344537a61559c70271d8597900caa4eb91,data_manifests/deepmask_gpr_unified_samples_20260811.csv,20260811,existing fold_id P2-style split when available; group fallback otherwise
deepmask_gpr,existing_fold_p2,deepmask_gpr::augmented_utilities::042_aug_2,utility,utility::042,val,671110adab917114e6945c1c70b1f5e5ea70bdef0ef475355afc0911f1374713,data_manifests/deepmask_gpr_unified_samples_20260811.csv,20260811,existing fold_id P2-style split when available; group fallback otherwise
deepmask_gpr,existing_fold_p2,deepmask_gpr::augmented_utilities::042_aug_3,utility,utility::042,val,ea7473167b0ad55927ae737e4d4d6c93c4bb4a303b364ad5f72c799289b158eb,data_manifests/deepmask_gpr_unified_samples_20260811.csv,20260811,existing fold_id P2-style split when available; group fallback otherwise
deepmask_gpr,existing_fold_p2,deepmask_gpr::augmented_utilities::042_aug_4,utility,utility::042,val,3cffee15c034baf2e84ec76cd89d282fb1a819ccbdcd9ca7f1139ff30791b44e,data_manifests/deepmask_gpr_unified_samples_20260811.csv,20260811,existing fold_id P2-style split when available; group fallback otherwise
deepmask_gpr,existing_fold_p2,deepmask_gpr::augmented_utilities::042_aug_5,utility,utility::042,val,3aeff72cbcacd9d285ce6317d55721d5d0583c81d930068c2bc960bb6d855f66,data_manifests/deepmask_gpr_unified_samples_20260811.csv,20260811,existing fold_id P2-style split when available; group fallback otherwise
deepmask_gpr,existing_fold_p2,deepmask_gpr::augmented_utilities::042_aug_6,utility,utility::042,val,67b765d99e32369ae9eb4fdb0a977bb2a3da1d788ffe7f5236acbb4f264498b1,data_manifests/deepmask_gpr_unified_samples_20260811.csv,20260811,existing fold_id P2-style split when available; group fallback otherwise
deepmask_gpr,existing_fold_p2,deepmask_gpr::augmented_utilities::044_aug_1,utility,utility::044,train,52c1321af5409e1bc840db79d5f05b286d951012bd2e338c8d1e008d8bce5726,data_manifests/deepmask_gpr_unified_samples_20260811.csv,20260811,existing fold_id P2-style split when available; group fallback otherwise
deepmask_gpr,existing_fold_p2,deepmask_gpr::augmented_utilities::044_aug_2,utility,utility::044,train,0b30f27193b4c6322471f851d6ddb0f7f0d98fab0e9e83079d87ddd94634f17f,data_manifests/deepmask_gpr_unified_samples_20260811.csv,20260811,existing fold_id P2-style split when available; group fallback otherwise
deepmask_gpr,existing_fold_p2,deepmask_gpr::augmented_utilities::044_aug_3,utility,utility::044,train,08d4944f5a9cdb97e72aefdadf73c92533f2a4f877f9df65ceeb9e783e294204,data_manifests/deepmask_gpr_unified_samples_20260811.csv,20260811,existing fold_id P2-style split when available; group fallback otherwise
deepmask_gpr,existing_fold_p2,deepmask_gpr::augmented_utilities::044_aug_4,utility,utility::044,train,50c11f277dcdfd2bd2004aeb7937aff8995aa540dbfc52a9166ec7a66054dd59,data_manifests/deepmask_gpr_unified_samples_20260811.csv,20260811,existing fold_id P2-style split when available; group fallback otherwise
deepmask_gpr,existing_fold_p2,deepmask_gpr::augmented_utilities::044_aug_5,utility,utility::044,train,b207812a31f66ac14c5ab685e43adcc5b588299f107d4853ab47f5be1fe8056d,data_manifests/deepmask_gpr_unified_samples_20260811.csv,20260811,existing fold_id P2-style split when available; group fallback otherwise
deepmask_gpr,existing_fold_p2,deepmask_gpr::augmented_utilities::044_aug_6,utility,utility::044,train,658d21e8804e12abf0f71c0fd09c0ae33c9a1842c717f14f6bc083cee05224fc,data_manifests/deepmask_gpr_unified_samples_20260811.csv,20260811,existing fold_id P2-style split when available; group fallback otherwise
deepmask_gpr,existing_fold_p2,deepmask_gpr::augmented_utilities::046_aug_1,utility,utility::046,test,a0a5a035f6e4d22e18d14bdb2e697ce761b8d2906539ac650b42c8e7ec00abf3,data_manifests/deepmask_gpr_unified_samples_20260811.csv,20260811,existing fold_id P2-style split when available; group fallback otherwise
deepmask_gpr,existing_fold_p2,deepmask_gpr::augmented_utilities::046_aug_2,utility,utility::046,test,968bd67ba619e2fc87cb4c17d2991a492cec662d09179535fb53f1b3a0f0afa4,data_manifests/deepmask_gpr_unified_samples_20260811.csv,20260811,existing fold_id P2-style split when available; group fallback otherwise
deepmask_gpr,existing_fold_p2,deepmask_gpr::augmented_utilities::046_aug_3,utility,utility::046,test,296b3a14c82dd3ed6ac4b8f7b982b33310adbf2d8edd275cfeddf8d6db6db5cc,data_manifests/deepmask_gpr_unified_samples_20260811.csv,20260811,existing fold_id P2-style split when available; group fallback otherwise
deepmask_gpr,existing_fold_p2,deepmask_gpr::augmented_utilities::046_aug_4,utility,utility::046,test,2f69908293e6814ac2dadd312150e4453f7b1d9694b3f42fea720e0090fec3bc,data_manifests/deepmask_gpr_unified_samples_20260811.csv,20260811,existing fold_id P2-style split when available; group fallback otherwise
deepmask_gpr,existing_fold_p2,deepmask_gpr::augmented_utilities::046_aug_5,utility,utility::046,test,e0773b99f217eca144e8f5048e2202b14dcdf2c527f706c31ad640b0a039e2d7,data_manifests/deepmask_gpr_unified_samples_20260811.csv,20260811,existing fold_id P2-style split when available; group fallback otherwise
deepmask_gpr,existing_fold_p2,deepmask_gpr::augmented_utilities::046_aug_6,utility,utility::046,test,da898e37593a1fb91406f7c97d0f2bef5854f40e47b888ca9bfcc3b900aba50b,data_manifests/deepmask_gpr_unified_samples_20260811.csv,20260811,existing fold_id P2-style split when available; group fallback otherwise
deepmask_gpr,existing_fold_p2,deepmask_gpr::augmented_utilities::055_aug_1,utility,utility::055,test,86bcaeea03ee6cda3497b7116e6c9e04d75de6b2dc8cd11b5d68795dbe4fcfb8,data_manifests/deepmask_gpr_unified_samples_20260811.csv,20260811,existing fold_id P2-style split when available; group fallback otherwise
deepmask_gpr,existing_fold_p2,deepmask_gpr::augmented_utilities::055_aug_2,utility,utility::055,test,de07d7cf20a00af4f887649cb16cc1362f186b63ebaa6052f8848f750d933866,data_manifests/deepmask_gpr_unified_samples_20260811.csv,20260811,existing fold_id P2-style split when available; group fallback otherwise
deepmask_gpr,existing_fold_p2,deepmask_gpr::augmented_utilities::055_aug_3,utility,utility::055,test,02c6590a4f6ba313cc2879fc850e1cce09b6302c4a9d512209fdbcd635722a0b,data_manifests/deepmask_gpr_unified_samples_20260811.csv,20260811,existing fold_id P2-style split when available; group fallback otherwise
deepmask_gpr,existing_fold_p2,deepmask_gpr::augmented_utilities::055_aug_4,utility,utility::055,test,0ce98356a863763efe6db7f8479262be06558844e9b32b15e67e5098f2146c50,data_manifests/deepmask_gpr_unified_samples_20260811.csv,20260811,existing fold_id P2-style split when available; group fallback otherwise
deepmask_gpr,existing_fold_p2,deepmask_gpr::augmented_utilities::055_aug_5,utility,utility::055,test,df86984b7d7b05ca9f61df0d4cc445b489650b9bf8dcc9a2ea518366bc0b4851,data_manifests/deepmask_gpr_unified_samples_20260811.csv,20260811,existing fold_id P2-style split when available; group fallback otherwise
deepmask_gpr,existing_fold_p2,deepmask_gpr::augmented_utilities::055_aug_6,utility,utility::055,test,4cfd47ee8f816b8cabb7da72f51e6a256251dfc11a5ceb27400c94d901a5346c,data_manifests/deepmask_gpr_unified_samples_20260811.csv,20260811,existing fold_id P2-style split when available; group fallback otherwise
deepmask_gpr,existing_fold_p2,deepmask_gpr::augmented_utilities::059_aug_1,utility,utility::059,test,16940c25d0b62903daf7f39a77da57cac09bfcd0056c439f189f2bc1cd93def1,data_manifests/deepmask_gpr_unified_samples_20260811.csv,20260811,existing fold_id P2-style split when available; group fallback otherwise
deepmask_gpr,existing_fold_p2,deepmask_gpr::augmented_utilities::059_aug_2,utility,utility::059,test,b27d287219747847a26d49a0e8a26cec6f56d16a108eb1975177a80e510b2d72,data_manifests/deepmask_gpr_unified_samples_20260811.csv,20260811,existing fold_id P2-style split when available; group fallback otherwise
deepmask_gpr,existing_fold_p2,deepmask_gpr::augmented_utilities::059_aug_3,utility,utility::059,test,42ae8d9eef5ebb1cecb42962cd5cd70c335954033adb9a25625d2c7a2f54e168,data_manifests/deepmask_gpr_unified_samples_20260811.csv,20260811,existing fold_id P2-style split when available; group fallback otherwise
deepmask_gpr,existing_fold_p2,deepmask_gpr::augmented_utilities::059_aug_4,utility,utility::059,test,bafe67928a755dc627d2c42d68436bd42c203e7350b9e44d72d826cdf425c613,data_manifests/deepmask_gpr_unified_samples_20260811.csv,20260811,existing fold_id P2-style split when available; group fallback otherwise
deepmask_gpr,existing_fold_p2,deepmask_gpr::augmented_utilities::059_aug_5,utility,utility::059,test,85a2f93246f5ffb62e7c7873754d4c4eee93a150c2857326176cb49597ee9ee5,data_manifests/deepmask_gpr_unified_samples_20260811.csv,20260811,existing fold_id P2-style split when available; group fallback otherwise
deepmask_gpr,existing_fold_p2,deepmask_gpr::augmented_utilities::059_aug_6,utility,utility::059,test,248b4cb3c071f9199e6dadf8c5a946bfd4f4e9d2cfc3935d8ce51ed9edc079c3,data_manifests/deepmask_gpr_unified_samples_20260811.csv,20260811,existing fold_id P2-style split when available; group fallback otherwise
deepmask_gpr,existing_fold_p2,deepmask_gpr::augmented_utilities::060_aug_1,utility,utility::060,train,06fdadc6f77727189ca18e3b13b17ff36bc1db4305665d2567a74ddbe68480c5,data_manifests/deepmask_gpr_unified_samples_20260811.csv,20260811,existing fold_id P2-style split when available; group fallback otherwise
deepmask_gpr,existing_fold_p2,deepmask_gpr::augmented_utilities::060_aug_2,utility,utility::060,train,dd50c8aa5bc22b47f0aab557cf1cac1fa970e23b52749c4bd22c2e2860768da5,data_manifests/deepmask_gpr_unified_samples_20260811.csv,20260811,existing fold_id P2-style split when available; group fallback otherwise
deepmask_gpr,existing_fold_p2,deepmask_gpr::augmented_utilities::060_aug_3,utility,utility::060,train,c968c999242808b0166243c7d0efa02572c21e8a42cbfbfbfbe8af0ac513cd87,data_manifests/deepmask_gpr_unified_samples_20260811.csv,20260811,existing fold_id P2-style split when available; group fallback otherwise
deepmask_gpr,existing_fold_p2,deepmask_gpr::augmented_utilities::060_aug_4,utility,utility::060,train,62f997830f168ab1eee3146ad979104cdbbaaab67176261b6d1fe4d6ed8a07a8,data_manifests/deepmask_gpr_unified_samples_20260811.csv,20260811,existing fold_id P2-style split when available; group fallback otherwise
deepmask_gpr,existing_fold_p2,deepmask_gpr::augmented_utilities::060_aug_5,utility,utility::060,train,293ba5ad747ec3c6c00070fbb85578b4c9845b105c7adfed607a978f53c8f471,data_manifests/deepmask_gpr_unified_samples_20260811.csv,20260811,existing fold_id P2-style split when available; group fallback otherwise
deepmask_gpr,existing_fold_p2,deepmask_gpr::augmented_utilities::060_aug_6,utility,utility::060,train,f27c8a8eae5021e2797a993b0e6c98954fc5eed96fadf368e47654e46ca22900,data_manifests/deepmask_gpr_unified_samples_20260811.csv,20260811,existing fold_id P2-style split when available; group fallback otherwise
deepmask_gpr,existing_fold_p2,deepmask_gpr::augmented_utilities::061_aug_1,utility,utility::061,test,d04184736a215e4893484accb853abebd55b3a7b45136ebd313523c9ad85bc0c,data_manifests/deepmask_gpr_unified_samples_20260811.csv,20260811,existing fold_id P2-style split when available; group fallback otherwise
deepmask_gpr,existing_fold_p2,deepmask_gpr::augmented_utilities::061_aug_2,utility,utility::061,test,347228f716d1ef71309201326127009f383eaae2169984909234179181845032,data_manifests/deepmask_gpr_unified_samples_20260811.csv,20260811,existing fold_id P2-style split when available; group fallback otherwise
deepmask_gpr,existing_fold_p2,deepmask_gpr::augmented_utilities::061_aug_3,utility,utility::061,test,a7953909556eda99d56cb68a03bd00fcf5b689d9f3b4bbc1e2928f063e4b2a36,data_manifests/deepmask_gpr_unified_samples_20260811.csv,20260811,existing fold_id P2-style split when available; group fallback otherwise
deepmask_gpr,existing_fold_p2,deepmask_gpr::augmented_utilities::061_aug_4,utility,utility::061,test,99b11c994399ee1ccf1d7ff0d9c2bea52f2b7c8bd70866e3a126aa00afc1be9b,data_manifests/deepmask_gpr_unified_samples_20260811.csv,20260811,existing fold_id P2-style split when available; group fallback otherwise
deepmask_gpr,existing_fold_p2,deepmask_gpr::augmented_utilities::061_aug_5,utility,utility::061,test,690aedd1827596ccc3714cd134c7871d01ec159b37ea0f9434a577ab76f3cee7,data_manifests/deepmask_gpr_unified_samples_20260811.csv,20260811,existing fold_id P2-style split when available; group fallback otherwise
deepmask_gpr,existing_fold_p2,deepmask_gpr::augmented_utilities::061_aug_6,utility,utility::061,test,084f31c2c4f529cf72fd9fbec8fc8969d8edc57f2540e256e23f0ddcf78ac3ba,data_manifests/deepmask_gpr_unified_samples_20260811.csv,20260811,existing fold_id P2-style split when available; group fallback otherwise
deepmask_gpr,existing_fold_p2,deepmask_gpr::augmented_utilities::062_aug_1,utility,utility::062,train,77b47c0dfae6cb39ae459f0b2cc392d2cf7154a20c9a8e894ab310a4a400b1f5,data_manifests/deepmask_gpr_unified_samples_20260811.csv,20260811,existing fold_id P2-style split when available; group fallback otherwise
deepmask_gpr,existing_fold_p2,deepmask_gpr::augmented_utilities::062_aug_2,utility,utility::062,train,6a0b9a407179127d08e8a8cbeb133cb9e3e110224f26325f5a02a86fa3ec2718,data_manifests/deepmask_gpr_unified_samples_20260811.csv,20260811,existing fold_id P2-style split when available; group fallback otherwise
deepmask_gpr,existing_fold_p2,deepmask_gpr::augmented_utilities::062_aug_3,utility,utility::062,train,62431155ee5ae78039e011ee2d3c99a5f8e7c53e20c661f67baedb9d62dc4e8f,data_manifests/deepmask_gpr_unified_samples_20260811.csv,20260811,existing fold_id P2-style split when available; group fallback otherwise
deepmask_gpr,existing_fold_p2,deepmask_gpr::augmented_utilities::062_aug_4,utility,utility::062,train,5751549de351d569c7b75eee349bf249dcd03cad81b014955c80e30274563fee,data_manifests/deepmask_gpr_unified_samples_20260811.csv,20260811,existing fold_id P2-style split when available; group fallback otherwise
deepmask_gpr,existing_fold_p2,deepmask_gpr::augmented_utilities::062_aug_5,utility,utility::062,train,8165192738da986cf167752f9ba2c0129a3a552d11357ef2dc372a274038b857,data_manifests/deepmask_gpr_unified_samples_20260811.csv,20260811,existing fold_id P2-style split when available; group fallback otherwise
deepmask_gpr,existing_fold_p2,deepmask_gpr::augmented_utilities::062_aug_6,utility,utility::062,train,e6e229e08a90e870b8264f47719653806d10789e756c2967267e6aedd6043ea8,data_manifests/deepmask_gpr_unified_samples_20260811.csv,20260811,existing fold_id P2-style split when available; group fallback otherwise
deepmask_gpr,existing_fold_p2,deepmask_gpr::augmented_utilities::063_aug_1,utility,utility::063,test,98d9cf2c469b3dabd821c985e4324f6142fc524a3e701631be66c2490f6540cf,data_manifests/deepmask_gpr_unified_samples_20260811.csv,20260811,existing fold_id P2-style split when available; group fallback otherwise
deepmask_gpr,existing_fold_p2,deepmask_gpr::augmented_utilities::063_aug_2,utility,utility::063,test,34e4bdae17b7fed191c92e2f9334cb4e4dd977a8a88ee8e3390ef30145e4bd83,data_manifests/deepmask_gpr_unified_samples_20260811.csv,20260811,existing fold_id P2-style split when available; group fallback otherwise
deepmask_gpr,existing_fold_p2,deepmask_gpr::augmented_utilities::063_aug_3,utility,utility::063,test,29b7dbceb636bda1cbcdc81d903a92b3e8f1b63bcecf1097ee686eefbccecd27,data_manifests/deepmask_gpr_unified_samples_20260811.csv,20260811,existing fold_id P2-style split when available; group fallback otherwise
deepmask_gpr,existing_fold_p2,deepmask_gpr::augmented_utilities::063_aug_4,utility,utility::063,test,b25b9fdeb7d0829ae975a27dc23c589b56dd2df8c12f1aa148f6444920ef7a3f,data_manifests/deepmask_gpr_unified_samples_20260811.csv,20260811,existing fold_id P2-style split when available; group fallback otherwise
deepmask_gpr,existing_fold_p2,deepmask_gpr::augmented_utilities::063_aug_5,utility,utility::063,test,fbe8909b5511dc50818c662af3f7b3cf720b3c18c5e7292e4e11ffa7424647b5,data_manifests/deepmask_gpr_unified_samples_20260811.csv,20260811,existing fold_id P2-style split when available; group fallback otherwise
deepmask_gpr,existing_fold_p2,deepmask_gpr::augmented_utilities::063_aug_6,utility,utility::063,test,416a952b8d54176f99dd2bf44aa0f336a95d49f654b55568cca08b9a65822c84,data_manifests/deepmask_gpr_unified_samples_20260811.csv,20260811,existing fold_id P2-style split when available; group fallback otherwise
deepmask_gpr,existing_fold_p2,deepmask_gpr::augmented_utilities::064_aug_1,utility,utility::064,train,3352ec96eb1915256cbc98741b28f3cbb89fe8a4dd14b5c3ff8bddfe88be73e1,data_manifests/deepmask_gpr_unified_samples_20260811.csv,20260811,existing fold_id P2-style split when available; group fallback otherwise
deepmask_gpr,existing_fold_p2,deepmask_gpr::augmented_utilities::064_aug_2,utility,utility::064,train,44130cac3880a00c91e7f6f19affa97e2e296a1c611535ee03bd056852f8150a,data_manifests/deepmask_gpr_unified_samples_20260811.csv,20260811,existing fold_id P2-style split when available; group fallback otherwise
deepmask_gpr,existing_fold_p2,deepmask_gpr::augmented_utilities::064_aug_3,utility,utility::064,train,392938415b6d87f736678f0f0ad8210d8902aabebe621b333d0e8b7661879794,data_manifests/deepmask_gpr_unified_samples_20260811.csv,20260811,existing fold_id P2-style split when available; group fallback otherwise
deepmask_gpr,existing_fold_p2,deepmask_gpr::augmented_utilities::064_aug_4,utility,utility::064,train,bfad5ba51b3659d247f408c20d6c18717d210b4752bcd647b127599844114859,data_manifests/deepmask_gpr_unified_samples_20260811.csv,20260811,existing fold_id P2-style split when available; group fallback otherwise
deepmask_gpr,existing_fold_p2,deepmask_gpr::augmented_utilities::064_aug_5,utility,utility::064,train,f69e1ef1e59b85fd330c96cee7bd27c1644f98f46d949e8c012b487ddb86d0d0,data_manifests/deepmask_gpr_unified_samples_20260811.csv,20260811,existing fold_id P2-style split when available; group fallback otherwise
deepmask_gpr,existing_fold_p2,deepmask_gpr::augmented_utilities::064_aug_6,utility,utility::064,train,b7a2d9b6d18c1dd340443967e4cc0d54b335dc19d0cb6a8219be92378af0587c,data_manifests/deepmask_gpr_unified_samples_20260811.csv,20260811,existing fold_id P2-style split when available; group fallback otherwise
deepmask_gpr,existing_fold_p2,deepmask_gpr::augmented_utilities::065_aug_1,utility,utility::065,train,5c1cb1a9a53b055f0acb2cbc0a5c1b94911ed209ff20d993c78449f3af04678a,data_manifests/deepmask_gpr_unified_samples_20260811.csv,20260811,existing fold_id P2-style split when available; group fallback otherwise
deepmask_gpr,existing_fold_p2,deepmask_gpr::augmented_utilities::065_aug_2,utility,utility::065,train,e35e9dc242a8b0c75381bdf48e9e898b5c8184b5a361c26ffcf9a95cbe2c9da3,data_manifests/deepmask_gpr_unified_samples_20260811.csv,20260811,existing fold_id P2-style split when available; group fallback otherwise
deepmask_gpr,existing_fold_p2,deepmask_gpr::augmented_utilities::065_aug_3,utility,utility::065,train,58767a132a0d730768de28c9c2fda6c12b42f27bda01826b3931a96f81f11839,data_manifests/deepmask_gpr_unified_samples_20260811.csv,20260811,existing fold_id P2-style split when available; group fallback otherwise
deepmask_gpr,existing_fold_p2,deepmask_gpr::augmented_utilities::065_aug_4,utility,utility::065,train,b491e79738d580ade16f9a208ba6d9c848b4c793d5c2a2aa4d3d52132ee8e63a,data_manifests/deepmask_gpr_unified_samples_20260811.csv,20260811,existing fold_id P2-style split when available; group fallback otherwise
deepmask_gpr,existing_fold_p2,deepmask_gpr::augmented_utilities::065_aug_5,utility,utility::065,train,9a54b77d571e17ac41459d4fd3c880aed425b915b6ce809ed5fbba9d556ad6ca,data_manifests/deepmask_gpr_unified_samples_20260811.csv,20260811,existing fold_id P2-style split when available; group fallback otherwise
deepmask_gpr,existing_fold_p2,deepmask_gpr::augmented_utilities::065_aug_6,utility,utility::065,train,bb604c936915ccd81be5354a7c3930961e1a146805e515801dbd4266ee37b0dc,data_manifests/deepmask_gpr_unified_samples_20260811.csv,20260811,existing fold_id P2-style split when available; group fallback otherwise
deepmask_gpr,existing_fold_p2,deepmask_gpr::augmented_utilities::068_aug_1,utility,utility::068,val,8ba10a0a00ab7428bbecf3f3e12f5fb78c60d1e382f331bf47eebd0be98ea62d,data_manifests/deepmask_gpr_unified_samples_20260811.csv,20260811,existing fold_id P2-style split when available; group fallback otherwise
deepmask_gpr,existing_fold_p2,deepmask_gpr::augmented_utilities::068_aug_2,utility,utility::068,val,2317298e62009fcfb82f6d05b63a1d87488ca6cb4a4ea18966bac38dc4c1b447,data_manifests/deepmask_gpr_unified_samples_20260811.csv,20260811,existing fold_id P2-style split when available; group fallback otherwise
deepmask_gpr,existing_fold_p2,deepmask_gpr::augmented_utilities::068_aug_3,utility,utility::068,val,d46bc8ff56665d5029ef0e85c8de65f8414e23fbca47622c6da4280aa7a297a8,data_manifests/deepmask_gpr_unified_samples_20260811.csv,20260811,existing fold_id P2-style split when available; group fallback otherwise
deepmask_gpr,existing_fold_p2,deepmask_gpr::augmented_utilities::068_aug_4,utility,utility::068,val,43e050ef5ca201a9175f337facb40c88ec2c61f66f86475e0d1b2200ca5d3f52,data_manifests/deepmask_gpr_unified_samples_20260811.csv,20260811,existing fold_id P2-style split when available; group fallback otherwise
deepmask_gpr,existing_fold_p2,deepmask_gpr::augmented_utilities::068_aug_5,utility,utility::068,val,4ed2f4f6a07a2d595b7e36022184a8d378baf5105255954a0017ee189ddd8cd8,data_manifests/deepmask_gpr_unified_samples_20260811.csv,20260811,existing fold_id P2-style split when available; group fallback otherwise
deepmask_gpr,existing_fold_p2,deepmask_gpr::augmented_utilities::068_aug_6,utility,utility::068,val,491c78e35fde0656a4355a34fec0b79343b0f2135fc9ae2955360aa3c128e037,data_manifests/deepmask_gpr_unified_samples_20260811.csv,20260811,existing fold_id P2-style split when available; group fallback otherwise
deepmask_gpr,existing_fold_p2,deepmask_gpr::augmented_utilities::071_aug_1,utility,utility::071,train,9236e8a7d71a7af6d61a9707afe7eb6b1d862cb0ed57235beb345977fb925f92,data_manifests/deepmask_gpr_unified_samples_20260811.csv,20260811,existing fold_id P2-style split when available; group fallback otherwise
deepmask_gpr,existing_fold_p2,deepmask_gpr::augmented_utilities::071_aug_2,utility,utility::071,train,7546e8487e7c93548dad2a5369ce997834eb8e160dbad0eb5a33c14e9641a1a5,data_manifests/deepmask_gpr_unified_samples_20260811.csv,20260811,existing fold_id P2-style split when available; group fallback otherwise
deepmask_gpr,existing_fold_p2,deepmask_gpr::augmented_utilities::071_aug_3,utility,utility::071,train,68b4385110cf323f4cdb37621653f5bed5254c8d6346f6734fcb6840003f5531,data_manifests/deepmask_gpr_unified_samples_20260811.csv,20260811,existing fold_id P2-style split when available; group fallback otherwise
deepmask_gpr,existing_fold_p2,deepmask_gpr::augmented_utilities::071_aug_4,utility,utility::071,train,3917e3a0841d2d0abd41276a5f3a54855d99ba83bacf484285ab901cf3739213,data_manifests/deepmask_gpr_unified_samples_20260811.csv,20260811,existing fold_id P2-style split when available; group fallback otherwise
deepmask_gpr,existing_fold_p2,deepmask_gpr::augmented_utilities::071_aug_5,utility,utility::071,train,e30fc1e06912bd8af091bfe3d3f8e04c0e4a57136a12c6c8f6eb7cb589c822f0,data_manifests/deepmask_gpr_unified_samples_20260811.csv,20260811,existing fold_id P2-style split when available; group fallback otherwise
deepmask_gpr,existing_fold_p2,deepmask_gpr::augmented_utilities::071_aug_6,utility,utility::071,train,acc65458df92fa0118386e1bebe21557236786abfd0209151153b61098d22ade,data_manifests/deepmask_gpr_unified_samples_20260811.csv,20260811,existing fold_id P2-style split when available; group fallback otherwise
deepmask_gpr,existing_fold_p2,deepmask_gpr::augmented_utilities::073_aug_1,utility,utility::073,train,391d72963925461dd2c36659fe8d57aba6d238e6518e9596964c4c2b1a7d1fa8,data_manifests/deepmask_gpr_unified_samples_20260811.csv,20260811,existing fold_id P2-style split when available; group fallback otherwise
deepmask_gpr,existing_fold_p2,deepmask_gpr::augmented_utilities::073_aug_2,utility,utility::073,train,b3ad223a073abfd6eba7a0f1e0c445f37af2cabecc3dced6be5b42aae310e58f,data_manifests/deepmask_gpr_unified_samples_20260811.csv,20260811,existing fold_id P2-style split when available; group fallback otherwise
deepmask_gpr,existing_fold_p2,deepmask_gpr::augmented_utilities::073_aug_3,utility,utility::073,train,c6854fab5d9b60560012e069f7c8ba832c237df553a431f5cc6571bae406804c,data_manifests/deepmask_gpr_unified_samples_20260811.csv,20260811,existing fold_id P2-style split when available; group fallback otherwise
deepmask_gpr,existing_fold_p2,deepmask_gpr::augmented_utilities::073_aug_4,utility,utility::073,train,c081024a30c9998e280c5f382e73b5abe100438c68371ea30a8de1297a54dd90,data_manifests/deepmask_gpr_unified_samples_20260811.csv,20260811,existing fold_id P2-style split when available; group fallback otherwise
deepmask_gpr,existing_fold_p2,deepmask_gpr::augmented_utilities::073_aug_5,utility,utility::073,train,058a5bbc86aa653c22d4bdcd9d1ce1b4f7c0b65cf4974eae31997b66d2e06abd,data_manifests/deepmask_gpr_unified_samples_20260811.csv,20260811,existing fold_id P2-style split when available; group fallback otherwise
deepmask_gpr,existing_fold_p2,deepmask_gpr::augmented_utilities::073_aug_6,utility,utility::073,train,37d974600ed7dad0490d509a0e288ecc4dd1aaa30c47e54b18ebca884fcddb5c,data_manifests/deepmask_gpr_unified_samples_20260811.csv,20260811,existing fold_id P2-style split when available; group fallback otherwise
deepmask_gpr,existing_fold_p2,deepmask_gpr::augmented_utilities::075_aug_1,utility,utility::075,test,d45ba91df54db90b0ba539ac0fea499fb4cda8eabfa23876447d3cefd85e4d5f,data_manifests/deepmask_gpr_unified_samples_20260811.csv,20260811,existing fold_id P2-style split when available; group fallback otherwise
deepmask_gpr,existing_fold_p2,deepmask_gpr::augmented_utilities::075_aug_2,utility,utility::075,test,f0ebc6cd54e6c7e724e38ab7e82c4035fe447ca858116f144d5b12693f1793d2,data_manifests/deepmask_gpr_unified_samples_20260811.csv,20260811,existing fold_id P2-style split when available; group fallback otherwise
deepmask_gpr,existing_fold_p2,deepmask_gpr::augmented_utilities::075_aug_3,utility,utility::075,test,226174cf0192fbe04cc950b908304f8cda01b38fb1bad2f231a366466cc1c37d,data_manifests/deepmask_gpr_unified_samples_20260811.csv,20260811,existing fold_id P2-style split when available; group fallback otherwise
deepmask_gpr,existing_fold_p2,deepmask_gpr::augmented_utilities::075_aug_4,utility,utility::075,test,ce469cbe5654071d45f38ed715fc8ba0d47a7bb155325210e908e82f58d73683,data_manifests/deepmask_gpr_unified_samples_20260811.csv,20260811,existing fold_id P2-style split when available; group fallback otherwise
deepmask_gpr,existing_fold_p2,deepmask_gpr::augmented_utilities::075_aug_5,utility,utility::075,test,db50254284edac348e863ae0426f1b20660994c8d6e379e63504497b3998cf89,data_manifests/deepmask_gpr_unified_samples_20260811.csv,20260811,existing fold_id P2-style split when available; group fallback otherwise
deepmask_gpr,existing_fold_p2,deepmask_gpr::augmented_utilities::075_aug_6,utility,utility::075,test,2a43b485eb26a0d66e6f246782eefc01f24003715a8c5e4021b334f195c4bc2f,data_manifests/deepmask_gpr_unified_samples_20260811.csv,20260811,existing fold_id P2-style split when available; group fallback otherwise
deepmask_gpr,existing_fold_p2,deepmask_gpr::augmented_utilities::083_aug_1,utility,utility::083,train,aad89075f3d64597f5ee4ebb3e97c211fdb0f77d7b05bb530e265d1a1bac9c5d,data_manifests/deepmask_gpr_unified_samples_20260811.csv,20260811,existing fold_id P2-style split when available; group fallback otherwise
deepmask_gpr,existing_fold_p2,deepmask_gpr::augmented_utilities::083_aug_2,utility,utility::083,train,7aa1f535bdad2a8850f443cac353f38343e69c5fcdecab9403dbb0a5f760f689,data_manifests/deepmask_gpr_unified_samples_20260811.csv,20260811,existing fold_id P2-style split when available; group fallback otherwise
deepmask_gpr,existing_fold_p2,deepmask_gpr::augmented_utilities::083_aug_3,utility,utility::083,train,ef156f1c932a3d06addbefd77ae3ca413781c89c7f74df682a2ff19943f97c09,data_manifests/deepmask_gpr_unified_samples_20260811.csv,20260811,existing fold_id P2-style split when available; group fallback otherwise
deepmask_gpr,existing_fold_p2,deepmask_gpr::augmented_utilities::083_aug_4,utility,utility::083,train,bcc5ec4771eb995b3f02a000ba3ea90fbc35de84069b9fdfe69db6b0efda9d9f,data_manifests/deepmask_gpr_unified_samples_20260811.csv,20260811,existing fold_id P2-style split when available; group fallback otherwise
deepmask_gpr,existing_fold_p2,deepmask_gpr::augmented_utilities::083_aug_5,utility,utility::083,train,a21d6077498fab06ebe2499b107053e181d588ab85f70d1ea3e4d13a2a1329a8,data_manifests/deepmask_gpr_unified_samples_20260811.csv,20260811,existing fold_id P2-style split when available; group fallback otherwise
deepmask_gpr,existing_fold_p2,deepmask_gpr::augmented_utilities::083_aug_6,utility,utility::083,train,3658b95e46229b800606da213883a3b1e8eab4f1710cf14f658f875c8f584dc7,data_manifests/deepmask_gpr_unified_samples_20260811.csv,20260811,existing fold_id P2-style split when available; group fallback otherwise
deepmask_gpr,existing_fold_p2,deepmask_gpr::augmented_utilities::091_aug_1,utility,utility::091,train,2c7ed21cd85b6770f1abcf7c161785a0ec7b134e5c0a569b1501530e24b8ef67,data_manifests/deepmask_gpr_unified_samples_20260811.csv,20260811,existing fold_id P2-style split when available; group fallback otherwise
deepmask_gpr,existing_fold_p2,deepmask_gpr::augmented_utilities::091_aug_2,utility,utility::091,train,4c316a67ee19771ba7e7d63309ba54e950540d043d69f63854f0143da1beda88,data_manifests/deepmask_gpr_unified_samples_20260811.csv,20260811,existing fold_id P2-style split when available; group fallback otherwise
deepmask_gpr,existing_fold_p2,deepmask_gpr::augmented_utilities::091_aug_3,utility,utility::091,train,9b82ca497bbbe34bb4e2f68dc928bc6f0ea51f8d8b7038fa9a00b1609e5c277e,data_manifests/deepmask_gpr_unified_samples_20260811.csv,20260811,existing fold_id P2-style split when available; group fallback otherwise
deepmask_gpr,existing_fold_p2,deepmask_gpr::augmented_utilities::091_aug_4,utility,utility::091,train,d77812611502f7d1d4e1b5258ab208e2be7d9bfd48c4a866e37bf0d3dbc0d188,data_manifests/deepmask_gpr_unified_samples_20260811.csv,20260811,existing fold_id P2-style split when available; group fallback otherwise
deepmask_gpr,existing_fold_p2,deepmask_gpr::augmented_utilities::091_aug_5,utility,utility::091,train,5eca2596d51f3584a603e236f8f43820929a1cb8b27cef8c407368e62df1ffa9,data_manifests/deepmask_gpr_unified_samples_20260811.csv,20260811,existing fold_id P2-style split when available; group fallback otherwise
deepmask_gpr,existing_fold_p2,deepmask_gpr::augmented_utilities::091_aug_6,utility,utility::091,train,5c3a7a8adefaa62d2437d6b294fe11300a09732e2de887154ff9da5359f3f7e0,data_manifests/deepmask_gpr_unified_samples_20260811.csv,20260811,existing fold_id P2-style split when available; group fallback otherwise
deepmask_gpr,existing_fold_p2,deepmask_gpr::augmented_utilities::095_aug_1,utility,utility::095,val,6d1045060788dc050bf56cc4ebeb36d31d66484639c1239909550bdac407a516,data_manifests/deepmask_gpr_unified_samples_20260811.csv,20260811,existing fold_id P2-style split when available; group fallback otherwise
deepmask_gpr,existing_fold_p2,deepmask_gpr::augmented_utilities::095_aug_2,utility,utility::095,val,ea3146dadfabc935e387026a5ea4ae400a25ccc9d8d15403815fdaecb803d4dc,data_manifests/deepmask_gpr_unified_samples_20260811.csv,20260811,existing fold_id P2-style split when available; group fallback otherwise
deepmask_gpr,existing_fold_p2,deepmask_gpr::augmented_utilities::095_aug_3,utility,utility::095,val,592e76ea81c393b31a1498f2c072b6cc67f8a71760d784b5b162a5c14a596b6a,data_manifests/deepmask_gpr_unified_samples_20260811.csv,20260811,existing fold_id P2-style split when available; group fallback otherwise
deepmask_gpr,existing_fold_p2,deepmask_gpr::augmented_utilities::095_aug_4,utility,utility::095,val,2bf8c44eca90688223de993f88d12c5da5d3b7d01fa76f0245eee196e1da114b,data_manifests/deepmask_gpr_unified_samples_20260811.csv,20260811,existing fold_id P2-style split when available; group fallback otherwise
deepmask_gpr,existing_fold_p2,deepmask_gpr::augmented_utilities::095_aug_5,utility,utility::095,val,2546a250b865a3c153887795a13c93cd857e078a2405f8f44980f7340b474c0f,data_manifests/deepmask_gpr_unified_samples_20260811.csv,20260811,existing fold_id P2-style split when available; group fallback otherwise
deepmask_gpr,existing_fold_p2,deepmask_gpr::augmented_utilities::095_aug_6,utility,utility::095,val,6ce0c10d2b9b55bc1c19c87b31cf7c963d91ae89ad6ccba694d0e68453487268,data_manifests/deepmask_gpr_unified_samples_20260811.csv,20260811,existing fold_id P2-style split when available; group fallback otherwise
deepmask_gpr,existing_fold_p2,deepmask_gpr::augmented_utilities::098_aug_1,utility,utility::098,train,8a0e59e2fe2ab21b8aa2c08056e4e205563b02e1dc6a2a2cc089e9966ab27d82,data_manifests/deepmask_gpr_unified_samples_20260811.csv,20260811,existing fold_id P2-style split when available; group fallback otherwise
deepmask_gpr,existing_fold_p2,deepmask_gpr::augmented_utilities::098_aug_2,utility,utility::098,train,aed7457b410ec0dd9f1db7366db25e758a13018bcd40c0647cbfcfd73fa896a4,data_manifests/deepmask_gpr_unified_samples_20260811.csv,20260811,existing fold_id P2-style split when available; group fallback otherwise
deepmask_gpr,existing_fold_p2,deepmask_gpr::augmented_utilities::098_aug_3,utility,utility::098,train,b944a1b61bea67d112cacc9d1260b1baf3dee4175ab119e4c86b9dda182591f7,data_manifests/deepmask_gpr_unified_samples_20260811.csv,20260811,existing fold_id P2-style split when available; group fallback otherwise
deepmask_gpr,existing_fold_p2,deepmask_gpr::augmented_utilities::098_aug_4,utility,utility::098,train,dca1d77b2c13079c43ddb24d181d0bf17a0af194e5c5936f36ba7bcc4617982b,data_manifests/deepmask_gpr_unified_samples_20260811.csv,20260811,existing fold_id P2-style split when available; group fallback otherwise
deepmask_gpr,existing_fold_p2,deepmask_gpr::augmented_utilities::098_aug_5,utility,utility::098,train,6e22bcab83728a904eb54895446128800530e0d8160436933fd9bfba4029318b,data_manifests/deepmask_gpr_unified_samples_20260811.csv,20260811,existing fold_id P2-style split when available; group fallback otherwise
deepmask_gpr,existing_fold_p2,deepmask_gpr::augmented_utilities::098_aug_6,utility,utility::098,train,249f9997fd8844d2735f0bb9542258f767bfa43fa7cdefd60b33540cd04e335c,data_manifests/deepmask_gpr_unified_samples_20260811.csv,20260811,existing fold_id P2-style split when available; group fallback otherwise
deepmask_gpr,existing_fold_p2,deepmask_gpr::augmented_utilities::101_aug_1,utility,utility::101,test,b57743c98b8a9b2daf7d182d029ff4da99d49ea8a05cc6b859032e8432692a5d,data_manifests/deepmask_gpr_unified_samples_20260811.csv,20260811,existing fold_id P2-style split when available; group fallback otherwise
deepmask_gpr,existing_fold_p2,deepmask_gpr::augmented_utilities::101_aug_2,utility,utility::101,test,43f9ac44cc145614c015ededc6c8aa0d134d96b5291e50f5d9ebfd6b6a7aa6ef,data_manifests/deepmask_gpr_unified_samples_20260811.csv,20260811,existing fold_id P2-style split when available; group fallback otherwise
deepmask_gpr,existing_fold_p2,deepmask_gpr::augmented_utilities::101_aug_3,utility,utility::101,test,072f61d969491ae7380bdb1e1126a08bcb8fb837f0717a4b3eccc5f380ab33d9,data_manifests/deepmask_gpr_unified_samples_20260811.csv,20260811,existing fold_id P2-style split when available; group fallback otherwise
deepmask_gpr,existing_fold_p2,deepmask_gpr::augmented_utilities::101_aug_4,utility,utility::101,test,d6b3caf320a0c684a21c61085d80241e3729ea55e643bbe2aff5840f6467fdbc,data_manifests/deepmask_gpr_unified_samples_20260811.csv,20260811,existing fold_id P2-style split when available; group fallback otherwise
deepmask_gpr,existing_fold_p2,deepmask_gpr::augmented_utilities::101_aug_5,utility,utility::101,test,b464971b06cb30d7140f018cd7f13d19e133e31fffe22780d3d3eb585f2615fa,data_manifests/deepmask_gpr_unified_samples_20260811.csv,20260811,existing fold_id P2-style split when available; group fallback otherwise
deepmask_gpr,existing_fold_p2,deepmask_gpr::augmented_utilities::101_aug_6,utility,utility::101,test,5b4fb0f4a41250eba2c0168d2f905c7c257e536b75be2fdbb85ecbad475cbda0,data_manifests/deepmask_gpr_unified_samples_20260811.csv,20260811,existing fold_id P2-style split when available; group fallback otherwise
deepmask_gpr,existing_fold_p2,deepmask_gpr::augmented_utilities::102_aug_1,utility,utility::102,val,59cd46e28aa9882ed49b9d96f3ed05e4135c24c7de8ee6a9d8ad20cdad2e2cee,data_manifests/deepmask_gpr_unified_samples_20260811.csv,20260811,existing fold_id P2-style split when available; group fallback otherwise
deepmask_gpr,existing_fold_p2,deepmask_gpr::augmented_utilities::102_aug_2,utility,utility::102,val,14e11d654ef5ef0a7f73eaa2d9cf7aa900bd6ab85dcd83eeec359cec6f56e1ba,data_manifests/deepmask_gpr_unified_samples_20260811.csv,20260811,existing fold_id P2-style split when available; group fallback otherwise
deepmask_gpr,existing_fold_p2,deepmask_gpr::augmented_utilities::102_aug_3,utility,utility::102,val,b5872d0ee9a0c8a2c3c6b3120700b69d902b53859037d6e01e459330d1639f3b,data_manifests/deepmask_gpr_unified_samples_20260811.csv,20260811,existing fold_id P2-style split when available; group fallback otherwise
deepmask_gpr,existing_fold_p2,deepmask_gpr::augmented_utilities::102_aug_4,utility,utility::102,val,8efd31aeed56ffbe23a151c7161bcc954eba9183e9f9d670fe77d5c328340552,data_manifests/deepmask_gpr_unified_samples_20260811.csv,20260811,existing fold_id P2-style split when available; group fallback otherwise
deepmask_gpr,existing_fold_p2,deepmask_gpr::augmented_utilities::102_aug_5,utility,utility::102,val,f021dfa6d87b6f72a212e877d06261084ed28accb64a8355db9392297d6b10c4,data_manifests/deepmask_gpr_unified_samples_20260811.csv,20260811,existing fold_id P2-style split when available; group fallback otherwise
deepmask_gpr,existing_fold_p2,deepmask_gpr::augmented_utilities::102_aug_6,utility,utility::102,val,ed3dd3b95f3f1db4dbddb1a56c2ee36727661ef718b0bb6a104b946fa25dd37f,data_manifests/deepmask_gpr_unified_samples_20260811.csv,20260811,existing fold_id P2-style split when available; group fallback otherwise
deepmask_gpr,existing_fold_p2,deepmask_gpr::augmented_utilities::103_aug_1,utility,utility::103,train,177a1fb8119d9ab958fb94b1ce607b952f1e5b5644024ba1abacf64034823277,data_manifests/deepmask_gpr_unified_samples_20260811.csv,20260811,existing fold_id P2-style split when available; group fallback otherwise
deepmask_gpr,existing_fold_p2,deepmask_gpr::augmented_utilities::103_aug_2,utility,utility::103,train,4f26f0ac4b71ada7bee5764d320a3a77acbbda54f21b212e6fd3b6d4670bb61c,data_manifests/deepmask_gpr_unified_samples_20260811.csv,20260811,existing fold_id P2-style split when available; group fallback otherwise
deepmask_gpr,existing_fold_p2,deepmask_gpr::augmented_utilities::103_aug_3,utility,utility::103,train,07b4c634a19b6c31ed5b92bb0dfc909b9d57d47dd86509fc4cad9f0386525a00,data_manifests/deepmask_gpr_unified_samples_20260811.csv,20260811,existing fold_id P2-style split when available; group fallback otherwise
deepmask_gpr,existing_fold_p2,deepmask_gpr::augmented_utilities::103_aug_4,utility,utility::103,train,132781f9cbc227f75e5395c6115233dea7a6bcd4792bd8546b42b0232cc01906,data_manifests/deepmask_gpr_unified_samples_20260811.csv,20260811,existing fold_id P2-style split when available; group fallback otherwise
deepmask_gpr,existing_fold_p2,deepmask_gpr::augmented_utilities::103_aug_5,utility,utility::103,train,c56143c627fa81c753ab0091f306b618520e5073a51651dedf3e8c1366c920ea,data_manifests/deepmask_gpr_unified_samples_20260811.csv,20260811,existing fold_id P2-style split when available; group fallback otherwise
deepmask_gpr,existing_fold_p2,deepmask_gpr::augmented_utilities::103_aug_6,utility,utility::103,train,93e1754842fe69e23d0637cfcc5e24d321d967f5e406bb53dc95f976f69a182b,data_manifests/deepmask_gpr_unified_samples_20260811.csv,20260811,existing fold_id P2-style split when available; group fallback otherwise
deepmask_gpr,existing_fold_p2,deepmask_gpr::augmented_utilities::105_aug_1,utility,utility::105,train,57abf05c2689c4b7840a39369fc0839aa42f58ad7a4c829b9b146aa28297815d,data_manifests/deepmask_gpr_unified_samples_20260811.csv,20260811,existing fold_id P2-style split when available; group fallback otherwise
deepmask_gpr,existing_fold_p2,deepmask_gpr::augmented_utilities::105_aug_2,utility,utility::105,train,314617e5158e60fb3e17d56066bc4c779f5fcd80fb89238effe536cd42daecc4,data_manifests/deepmask_gpr_unified_samples_20260811.csv,20260811,existing fold_id P2-style split when available; group fallback otherwise
deepmask_gpr,existing_fold_p2,deepmask_gpr::augmented_utilities::105_aug_3,utility,utility::105,train,5ef830e9fd1f1e044043dc124a89e37bcb6156b0cae83c0a14235044c63aa41d,data_manifests/deepmask_gpr_unified_samples_20260811.csv,20260811,existing fold_id P2-style split when available; group fallback otherwise
deepmask_gpr,existing_fold_p2,deepmask_gpr::augmented_utilities::105_aug_4,utility,utility::105,train,99c1ea768961b88039d654e013b2baca7b977405dffefebed2dea9fd11a200fc,data_manifests/deepmask_gpr_unified_samples_20260811.csv,20260811,existing fold_id P2-style split when available; group fallback otherwise
deepmask_gpr,existing_fold_p2,deepmask_gpr::augmented_utilities::105_aug_5,utility,utility::105,train,d9f7666ed605fc8919cab79be9a582b4e127ce96ca84d17ee920092c1cb37239,data_manifests/deepmask_gpr_unified_samples_20260811.csv,20260811,existing fold_id P2-style split when available; group fallback otherwise
deepmask_gpr,existing_fold_p2,deepmask_gpr::augmented_utilities::105_aug_6,utility,utility::105,train,074dd42ec9d693b0e54647d2817253eda93c638f8450b87e0fef36cc9ca008b4,data_manifests/deepmask_gpr_unified_samples_20260811.csv,20260811,existing fold_id P2-style split when available; group fallback otherwise
deepmask_gpr,existing_fold_p2,deepmask_gpr::augmented_utilities::106_aug_1,utility,utility::106,train,45e94034383d258362660568d1ca6f94935bc2f0ae5cd02408b3b9f5329e4708,data_manifests/deepmask_gpr_unified_samples_20260811.csv,20260811,existing fold_id P2-style split when available; group fallback otherwise
deepmask_gpr,existing_fold_p2,deepmask_gpr::augmented_utilities::106_aug_2,utility,utility::106,train,48a584048fd72bcba894bcc57d2f565807fb627eb5cb596d72e358c0ca34aa0b,data_manifests/deepmask_gpr_unified_samples_20260811.csv,20260811,existing fold_id P2-style split when available; group fallback otherwise
deepmask_gpr,existing_fold_p2,deepmask_gpr::augmented_utilities::106_aug_3,utility,utility::106,train,70a79a7bec1eae642b57f67299332aa8895c10eeefc91bc0fe1c875a91eaa58f,data_manifests/deepmask_gpr_unified_samples_20260811.csv,20260811,existing fold_id P2-style split when available; group fallback otherwise
deepmask_gpr,existing_fold_p2,deepmask_gpr::augmented_utilities::106_aug_4,utility,utility::106,train,6efe85ce0fe921062d91de7dbfb3af26f9666c1d0dc9387559899a5bdefa9eb9,data_manifests/deepmask_gpr_unified_samples_20260811.csv,20260811,existing fold_id P2-style split when available; group fallback otherwise
deepmask_gpr,existing_fold_p2,deepmask_gpr::augmented_utilities::106_aug_5,utility,utility::106,train,f889a52b0b871676751f794770941ad19968ba4cbef5fe85769ef068cc098a40,data_manifests/deepmask_gpr_unified_samples_20260811.csv,20260811,existing fold_id P2-style split when available; group fallback otherwise
deepmask_gpr,existing_fold_p2,deepmask_gpr::augmented_utilities::106_aug_6,utility,utility::106,train,841db664f408e5641bebc7545cd1f21a97731b12da543e2868740a4c64e6e2f8,data_manifests/deepmask_gpr_unified_samples_20260811.csv,20260811,existing fold_id P2-style split when available; group fallback otherwise
deepmask_gpr,existing_fold_p2,deepmask_gpr::augmented_utilities::107_aug_1,utility,utility::107,train,b9b115deb7ec0a1edf2886e25056fbb4bce86bbd1ca61a41a514d371b7826848,data_manifests/deepmask_gpr_unified_samples_20260811.csv,20260811,existing fold_id P2-style split when available; group fallback otherwise
deepmask_gpr,existing_fold_p2,deepmask_gpr::augmented_utilities::107_aug_2,utility,utility::107,train,f86ee87d700c56b2172b0b977b9559e5e5c0f3cf9477546cc41ba108d255972a,data_manifests/deepmask_gpr_unified_samples_20260811.csv,20260811,existing fold_id P2-style split when available; group fallback otherwise
deepmask_gpr,existing_fold_p2,deepmask_gpr::augmented_utilities::107_aug_3,utility,utility::107,train,4a84cb5229384c213fa3a88ed99e2ad39779d439a6aaf8b9bedcb25f1578eba4,data_manifests/deepmask_gpr_unified_samples_20260811.csv,20260811,existing fold_id P2-style split when available; group fallback otherwise
deepmask_gpr,existing_fold_p2,deepmask_gpr::augmented_utilities::107_aug_4,utility,utility::107,train,ed828214e616e1ae08a44bf82287cc84dcf873abedf0b1859d755bb46ab18de1,data_manifests/deepmask_gpr_unified_samples_20260811.csv,20260811,existing fold_id P2-style split when available; group fallback otherwise
deepmask_gpr,existing_fold_p2,deepmask_gpr::augmented_utilities::107_aug_5,utility,utility::107,train,825874db81eba4df392d2252522407679a7ffeb0f194ea4cfebc3d00e546c102,data_manifests/deepmask_gpr_unified_samples_20260811.csv,20260811,existing fold_id P2-style split when available; group fallback otherwise
deepmask_gpr,existing_fold_p2,deepmask_gpr::augmented_utilities::107_aug_6,utility,utility::107,train,b3003716dc4396ae432134f70ef489b2feadf4253b87ed43340cd384d3c016a0,data_manifests/deepmask_gpr_unified_samples_20260811.csv,20260811,existing fold_id P2-style split when available; group fallback otherwise
deepmask_gpr,existing_fold_p2,deepmask_gpr::augmented_utilities::110_aug_1,utility,utility::110,train,ada2abd2abc8dc99e3c87334e87777370c15578fd46540706d721c4598797eed,data_manifests/deepmask_gpr_unified_samples_20260811.csv,20260811,existing fold_id P2-style split when available; group fallback otherwise
deepmask_gpr,existing_fold_p2,deepmask_gpr::augmented_utilities::110_aug_2,utility,utility::110,train,b90a743580c920424ff9b454d7e41021a292377bf6596d0968fdc5e536e3cf11,data_manifests/deepmask_gpr_unified_samples_20260811.csv,20260811,existing fold_id P2-style split when available; group fallback otherwise
deepmask_gpr,existing_fold_p2,deepmask_gpr::augmented_utilities::110_aug_3,utility,utility::110,train,47eacae41ed4bf7d5374732cf55f09e4194ea389592fe565f7b5c721d9274fca,data_manifests/deepmask_gpr_unified_samples_20260811.csv,20260811,existing fold_id P2-style split when available; group fallback otherwise
deepmask_gpr,existing_fold_p2,deepmask_gpr::augmented_utilities::110_aug_4,utility,utility::110,train,c636ed4160b07a57c68199b3efc355edc3880c5a070bc54e1aa898c4bf4ea8a1,data_manifests/deepmask_gpr_unified_samples_20260811.csv,20260811,existing fold_id P2-style split when available; group fallback otherwise
deepmask_gpr,existing_fold_p2,deepmask_gpr::augmented_utilities::110_aug_5,utility,utility::110,train,3981c2660154869aa405975c0907985c2bff41ad39ce1deff09392ccf9462154,data_manifests/deepmask_gpr_unified_samples_20260811.csv,20260811,existing fold_id P2-style split when available; group fallback otherwise
deepmask_gpr,existing_fold_p2,deepmask_gpr::augmented_utilities::110_aug_6,utility,utility::110,train,fe81744e391f914c9a7cfd0cdc59ece9db4029c092e8b1c42a864332811c0769,data_manifests/deepmask_gpr_unified_samples_20260811.csv,20260811,existing fold_id P2-style split when available; group fallback otherwise
deepmask_gpr,existing_fold_p2,deepmask_gpr::augmented_utilities::113_aug_1,utility,utility::113,train,9878b1db92824d9e96515b4e9ec44a1a0aefcacbe32d0bbc8328333b7a772314,data_manifests/deepmask_gpr_unified_samples_20260811.csv,20260811,existing fold_id P2-style split when available; group fallback otherwise
deepmask_gpr,existing_fold_p2,deepmask_gpr::augmented_utilities::113_aug_2,utility,utility::113,train,29ddfcbc9e93f2ef43a2470464503619ce7dee8317990afb4708da62c6a044a4,data_manifests/deepmask_gpr_unified_samples_20260811.csv,20260811,existing fold_id P2-style split when available; group fallback otherwise
deepmask_gpr,existing_fold_p2,deepmask_gpr::augmented_utilities::113_aug_3,utility,utility::113,train,4b572cd7ac33a2b5167c76a5f3e154e0b8368b6cd60539f1365b4a7f767794ce,data_manifests/deepmask_gpr_unified_samples_20260811.csv,20260811,existing fold_id P2-style split when available; group fallback otherwise
deepmask_gpr,existing_fold_p2,deepmask_gpr::augmented_utilities::113_aug_4,utility,utility::113,train,5e11f9bd259a4f7dfb8c6f795797402e1749e582d3733c34e6929c7ce4ff2b4a,data_manifests/deepmask_gpr_unified_samples_20260811.csv,20260811,existing fold_id P2-style split when available; group fallback otherwise
deepmask_gpr,existing_fold_p2,deepmask_gpr::augmented_utilities::113_aug_5,utility,utility::113,train,6185aa7ff55b93f0b905def21b596c9a106157fe3b569f4aafdbc093d2fb5530,data_manifests/deepmask_gpr_unified_samples_20260811.csv,20260811,existing fold_id P2-style split when available; group fallback otherwise
deepmask_gpr,existing_fold_p2,deepmask_gpr::augmented_utilities::113_aug_6,utility,utility::113,train,a96bdf12c4fa0da79fa27836d8a1043b00d0b8ee3a8f49fdebb8a3b71c2c7de1,data_manifests/deepmask_gpr_unified_samples_20260811.csv,20260811,existing fold_id P2-style split when available; group fallback otherwise
deepmask_gpr,existing_fold_p2,deepmask_gpr::augmented_utilities::115_aug_1,utility,utility::115,train,212b6ddb8104d93fdd1d8929c1b114c466d0c3be19b022cda18551bd5f659cdc,data_manifests/deepmask_gpr_unified_samples_20260811.csv,20260811,existing fold_id P2-style split when available; group fallback otherwise
deepmask_gpr,existing_fold_p2,deepmask_gpr::augmented_utilities::115_aug_2,utility,utility::115,train,75e266f76ee60716f670845e7d922c562c34252ec133332b06f8327b0b118ba7,data_manifests/deepmask_gpr_unified_samples_20260811.csv,20260811,existing fold_id P2-style split when available; group fallback otherwise
deepmask_gpr,existing_fold_p2,deepmask_gpr::augmented_utilities::115_aug_3,utility,utility::115,train,2a4a9ad9b45db7c094c1c6def1a24e66fb3ba2c51d9f2d299e29e9c3fbe996da,data_manifests/deepmask_gpr_unified_samples_20260811.csv,20260811,existing fold_id P2-style split when available; group fallback otherwise
deepmask_gpr,existing_fold_p2,deepmask_gpr::augmented_utilities::115_aug_4,utility,utility::115,train,e1b9f392a78e14bd9c8d4cc8629cccf42ca3b764a28ee0fd427463c15c23d864,data_manifests/deepmask_gpr_unified_samples_20260811.csv,20260811,existing fold_id P2-style split when available; group fallback otherwise
deepmask_gpr,existing_fold_p2,deepmask_gpr::augmented_utilities::115_aug_5,utility,utility::115,train,e553b49d500f04d67156d84fb39511810daa616d5b8caf7f60dc2507e6e7d07b,data_manifests/deepmask_gpr_unified_samples_20260811.csv,20260811,existing fold_id P2-style split when available; group fallback otherwise
deepmask_gpr,existing_fold_p2,deepmask_gpr::augmented_utilities::115_aug_6,utility,utility::115,train,fb1f1fdc61b3cc5bef62de38d97959a94b5d6561548f82d411574791faab8c09,data_manifests/deepmask_gpr_unified_samples_20260811.csv,20260811,existing fold_id P2-style split when available; group fallback otherwise
deepmask_gpr,existing_fold_p2,deepmask_gpr::augmented_utilities::121_aug_1,utility,utility::121,train,b7c97ab77daa8e67329cd38bf826ff79c8396048026f9dca739cc3763c061ece,data_manifests/deepmask_gpr_unified_samples_20260811.csv,20260811,existing fold_id P2-style split when available; group fallback otherwise
deepmask_gpr,existing_fold_p2,deepmask_gpr::augmented_utilities::121_aug_2,utility,utility::121,train,531988b9931363208bca6c96497670d43ed5aab4f6a21a0e13b7755168b4e422,data_manifests/deepmask_gpr_unified_samples_20260811.csv,20260811,existing fold_id P2-style split when available; group fallback otherwise
deepmask_gpr,existing_fold_p2,deepmask_gpr::augmented_utilities::121_aug_3,utility,utility::121,train,29db13985d52a65c884fb554e1642ad96b98aa925f8ffd90b00d8b1a1a097030,data_manifests/deepmask_gpr_unified_samples_20260811.csv,20260811,existing fold_id P2-style split when available; group fallback otherwise
deepmask_gpr,existing_fold_p2,deepmask_gpr::augmented_utilities::121_aug_4,utility,utility::121,train,ba37d49610bb571b70d8c6cdcd17caa2275e06de7e38c0df0f155f73f35f9411,data_manifests/deepmask_gpr_unified_samples_20260811.csv,20260811,existing fold_id P2-style split when available; group fallback otherwise
deepmask_gpr,existing_fold_p2,deepmask_gpr::augmented_utilities::121_aug_5,utility,utility::121,train,1836241803ae81287f32f270704c12a57b3cf59e7891a7015305b67cc0a1f2ec,data_manifests/deepmask_gpr_unified_samples_20260811.csv,20260811,existing fold_id P2-style split when available; group fallback otherwise
deepmask_gpr,existing_fold_p2,deepmask_gpr::augmented_utilities::121_aug_6,utility,utility::121,train,338d22aa2095054ae38dd7d6c1f3e3d3dd7445d8c77de9c9e27fbfa8e00204ef,data_manifests/deepmask_gpr_unified_samples_20260811.csv,20260811,existing fold_id P2-style split when available; group fallback otherwise
deepmask_gpr,existing_fold_p2,deepmask_gpr::augmented_utilities::125_aug_1,utility,utility::125,test,25724b4f30409fbebd80f98f0ed0b9d28675437225ba88687107914644f797af,data_manifests/deepmask_gpr_unified_samples_20260811.csv,20260811,existing fold_id P2-style split when available; group fallback otherwise
deepmask_gpr,existing_fold_p2,deepmask_gpr::augmented_utilities::125_aug_2,utility,utility::125,test,aa1e1dc33243d6ff2e3ad0feb74b25b13c9d9b70da8c3664c08e5e2b6d51a7c6,data_manifests/deepmask_gpr_unified_samples_20260811.csv,20260811,existing fold_id P2-style split when available; group fallback otherwise
deepmask_gpr,existing_fold_p2,deepmask_gpr::augmented_utilities::125_aug_3,utility,utility::125,test,72f666240e75eec11e35ee7156cce7b0d93cac8b448d3933ea54eec5e2f7ea4e,data_manifests/deepmask_gpr_unified_samples_20260811.csv,20260811,existing fold_id P2-style split when available; group fallback otherwise
deepmask_gpr,existing_fold_p2,deepmask_gpr::augmented_utilities::125_aug_4,utility,utility::125,test,8f09b0b8702c8ea46cf9472f66a1ca66b238df663716f54fc21900bb1995979a,data_manifests/deepmask_gpr_unified_samples_20260811.csv,20260811,existing fold_id P2-style split when available; group fallback otherwise
deepmask_gpr,existing_fold_p2,deepmask_gpr::augmented_utilities::125_aug_5,utility,utility::125,test,518a7946392f5c2ea30a6ca7154f23f04e42064aded0ab04e86f2caf1c91ee5e,data_manifests/deepmask_gpr_unified_samples_20260811.csv,20260811,existing fold_id P2-style split when available; group fallback otherwise
deepmask_gpr,existing_fold_p2,deepmask_gpr::augmented_utilities::125_aug_6,utility,utility::125,test,5790e566f1a35bcd91b44c1b86b6308ef3d22fbfb1bd376bee8f711b67d31e3e,data_manifests/deepmask_gpr_unified_samples_20260811.csv,20260811,existing fold_id P2-style split when available; group fallback otherwise
deepmask_gpr,existing_fold_p2,deepmask_gpr::augmented_utilities::128_aug_1,utility,utility::128,train,8bf369cfceebfa6661b006fbc95f60e6af350f8820850e3f7378dd16ca30c31b,data_manifests/deepmask_gpr_unified_samples_20260811.csv,20260811,existing fold_id P2-style split when available; group fallback otherwise
deepmask_gpr,existing_fold_p2,deepmask_gpr::augmented_utilities::128_aug_2,utility,utility::128,train,0a4033228c732beb9339ef10a640032fa41fd20251c990646e53f70e908ff9d6,data_manifests/deepmask_gpr_unified_samples_20260811.csv,20260811,existing fold_id P2-style split when available; group fallback otherwise
deepmask_gpr,existing_fold_p2,deepmask_gpr::augmented_utilities::128_aug_3,utility,utility::128,train,7d39d058bbf759dd0953fa5bb48d590f6c2ca23aa84ba84afe713b7f6b674c6d,data_manifests/deepmask_gpr_unified_samples_20260811.csv,20260811,existing fold_id P2-style split when available; group fallback otherwise
deepmask_gpr,existing_fold_p2,deepmask_gpr::augmented_utilities::128_aug_4,utility,utility::128,train,5b15976c16680805e6809752bc2e712336fd8614eb0c1bc3ba72c3352f7b52aa,data_manifests/deepmask_gpr_unified_samples_20260811.csv,20260811,existing fold_id P2-style split when available; group fallback otherwise
deepmask_gpr,existing_fold_p2,deepmask_gpr::augmented_utilities::128_aug_5,utility,utility::128,train,c40469c5e342c28ad6308ef35a395773131314d23b4fd99341156e3998b15a75,data_manifests/deepmask_gpr_unified_samples_20260811.csv,20260811,existing fold_id P2-style split when available; group fallback otherwise
deepmask_gpr,existing_fold_p2,deepmask_gpr::augmented_utilities::128_aug_6,utility,utility::128,train,28d58ed468831b629b8f713cd7f9b5e5b1199791323c197f8d49d2c3866629fb,data_manifests/deepmask_gpr_unified_samples_20260811.csv,20260811,existing fold_id P2-style split when available; group fallback otherwise
deepmask_gpr,existing_fold_p2,deepmask_gpr::augmented_utilities::129_aug_1,utility,utility::129,test,8e0444a2cdd7a853a6c2a2ec850e03355660df0e97a7b15be73d2224a24624ec,data_manifests/deepmask_gpr_unified_samples_20260811.csv,20260811,existing fold_id P2-style split when available; group fallback otherwise
deepmask_gpr,existing_fold_p2,deepmask_gpr::augmented_utilities::129_aug_2,utility,utility::129,test,b864f959d6524078d377886407b9fd29f1f01147dfab6d7f1234f254f6313678,data_manifests/deepmask_gpr_unified_samples_20260811.csv,20260811,existing fold_id P2-style split when available; group fallback otherwise
deepmask_gpr,existing_fold_p2,deepmask_gpr::augmented_utilities::129_aug_3,utility,utility::129,test,2c6d05802a8afa43997afaa2afd93decafe732987cfbf957bb7a59cb1df1b2df,data_manifests/deepmask_gpr_unified_samples_20260811.csv,20260811,existing fold_id P2-style split when available; group fallback otherwise
deepmask_gpr,existing_fold_p2,deepmask_gpr::augmented_utilities::129_aug_4,utility,utility::129,test,7ab11a5f611c0023333c43eb28c1f34aef4576c6a223b4209dcf94fbc38775b8,data_manifests/deepmask_gpr_unified_samples_20260811.csv,20260811,existing fold_id P2-style split when available; group fallback otherwise
deepmask_gpr,existing_fold_p2,deepmask_gpr::augmented_utilities::129_aug_5,utility,utility::129,test,472b91d7b651f3329961d4c46c82af35d2b375c06c08b42f0a9e6ccaded6003b,data_manifests/deepmask_gpr_unified_samples_20260811.csv,20260811,existing fold_id P2-style split when available; group fallback otherwise
deepmask_gpr,existing_fold_p2,deepmask_gpr::augmented_utilities::129_aug_6,utility,utility::129,test,3e8416f28320ce35e348746d06db8947ab83568d7e5ed56bfb64d96b89cd8be1,data_manifests/deepmask_gpr_unified_samples_20260811.csv,20260811,existing fold_id P2-style split when available; group fallback otherwise
deepmask_gpr,existing_fold_p2,deepmask_gpr::augmented_utilities::132_aug_1,utility,utility::132,train,c752c0e2def4c3522f08f0e747804697056c6a3245549337de23ea0be4bca798,data_manifests/deepmask_gpr_unified_samples_20260811.csv,20260811,existing fold_id P2-style split when available; group fallback otherwise
deepmask_gpr,existing_fold_p2,deepmask_gpr::augmented_utilities::132_aug_2,utility,utility::132,train,e72582a230f31c9f47d85d59b319443d75c39b12110610339e9788c647de2525,data_manifests/deepmask_gpr_unified_samples_20260811.csv,20260811,existing fold_id P2-style split when available; group fallback otherwise
deepmask_gpr,existing_fold_p2,deepmask_gpr::augmented_utilities::132_aug_3,utility,utility::132,train,5f0035020c59d615dd8098a4340658c427da34e1849c96c0c2cac62bae80d290,data_manifests/deepmask_gpr_unified_samples_20260811.csv,20260811,existing fold_id P2-style split when available; group fallback otherwise
deepmask_gpr,existing_fold_p2,deepmask_gpr::augmented_utilities::132_aug_4,utility,utility::132,train,99df1aa07aa006c35fd3de3b8429f7839717e0c1b311ce2824352c1475161021,data_manifests/deepmask_gpr_unified_samples_20260811.csv,20260811,existing fold_id P2-style split when available; group fallback otherwise
deepmask_gpr,existing_fold_p2,deepmask_gpr::augmented_utilities::132_aug_5,utility,utility::132,train,138fed7e901d8d29d9218723a04238dc8ae861af9910050b3da1916de7775b09,data_manifests/deepmask_gpr_unified_samples_20260811.csv,20260811,existing fold_id P2-style split when available; group fallback otherwise
deepmask_gpr,existing_fold_p2,deepmask_gpr::augmented_utilities::132_aug_6,utility,utility::132,train,aad122222a6718698b52ef3dd58cd9156624a0736548071ccdf5fc046cc226f5,data_manifests/deepmask_gpr_unified_samples_20260811.csv,20260811,existing fold_id P2-style split when available; group fallback otherwise
deepmask_gpr,existing_fold_p2,deepmask_gpr::augmented_utilities::133_aug_1,utility,utility::133,val,314908b10c4864918251ef92ec3e912b02096e61f3cb0c778b0563f113f83d9b,data_manifests/deepmask_gpr_unified_samples_20260811.csv,20260811,existing fold_id P2-style split when available; group fallback otherwise
deepmask_gpr,existing_fold_p2,deepmask_gpr::augmented_utilities::133_aug_2,utility,utility::133,val,fe44601c8dd2d622aae19dbf9eb3e13f7e5148a34e969ea2c904cf788e1b9757,data_manifests/deepmask_gpr_unified_samples_20260811.csv,20260811,existing fold_id P2-style split when available; group fallback otherwise
deepmask_gpr,existing_fold_p2,deepmask_gpr::augmented_utilities::133_aug_3,utility,utility::133,val,2b346a72f03d314ed8c8564a09b3393792132333cd372a9c7f6d211a10df2a64,data_manifests/deepmask_gpr_unified_samples_20260811.csv,20260811,existing fold_id P2-style split when available; group fallback otherwise
deepmask_gpr,existing_fold_p2,deepmask_gpr::augmented_utilities::133_aug_4,utility,utility::133,val,6cb9c61b3b80ee7b7b399fc5679c3837d1cd5286ac2c2caa719c14460dba19e9,data_manifests/deepmask_gpr_unified_samples_20260811.csv,20260811,existing fold_id P2-style split when available; group fallback otherwise
deepmask_gpr,existing_fold_p2,deepmask_gpr::augmented_utilities::133_aug_5,utility,utility::133,val,ed0d89960bf89e27fefc943e9fc7457f5fd9743dd8e7251d7db0f5f0160ce48c,data_manifests/deepmask_gpr_unified_samples_20260811.csv,20260811,existing fold_id P2-style split when available; group fallback otherwise
deepmask_gpr,existing_fold_p2,deepmask_gpr::augmented_utilities::133_aug_6,utility,utility::133,val,16505d05521839a204d7e1ef0eb907dd8453a058a54dfa4176b2e458b8fbc4cc,data_manifests/deepmask_gpr_unified_samples_20260811.csv,20260811,existing fold_id P2-style split when available; group fallback otherwise
deepmask_gpr,existing_fold_p2,deepmask_gpr::augmented_utilities::139_aug_1,utility,utility::139,val,d048b18e320a41305abda2e1c6b6561ce3ead3dc72a99e1a4e121ff285245cbe,data_manifests/deepmask_gpr_unified_samples_20260811.csv,20260811,existing fold_id P2-style split when available; group fallback otherwise
deepmask_gpr,existing_fold_p2,deepmask_gpr::augmented_utilities::139_aug_2,utility,utility::139,val,788ab3508d1018a51ea429fb69ad73d51b967b45587834577e139cf96b0d0e16,data_manifests/deepmask_gpr_unified_samples_20260811.csv,20260811,existing fold_id P2-style split when available; group fallback otherwise
deepmask_gpr,existing_fold_p2,deepmask_gpr::augmented_utilities::139_aug_3,utility,utility::139,val,ee065ef6f0dc0b83457a2840833a8f464b9257cc9bf204d8e13f6917a6603985,data_manifests/deepmask_gpr_unified_samples_20260811.csv,20260811,existing fold_id P2-style split when available; group fallback otherwise
deepmask_gpr,existing_fold_p2,deepmask_gpr::augmented_utilities::139_aug_4,utility,utility::139,val,aaf334322a3cf8b4732c8eb8036279917d1f2502f10cd94d303485a0e39ac9e4,data_manifests/deepmask_gpr_unified_samples_20260811.csv,20260811,existing fold_id P2-style split when available; group fallback otherwise
deepmask_gpr,existing_fold_p2,deepmask_gpr::augmented_utilities::139_aug_5,utility,utility::139,val,fa299560d80bd2ef2ad0f44e14b9cc66d9673d338f44443a1bd0382321322a25,data_manifests/deepmask_gpr_unified_samples_20260811.csv,20260811,existing fold_id P2-style split when available; group fallback otherwise
deepmask_gpr,existing_fold_p2,deepmask_gpr::augmented_utilities::139_aug_6,utility,utility::139,val,7ef16ed77a526b42f523ef97ef2011d3da0ff03e90541d9aebc0f65a341db27d,data_manifests/deepmask_gpr_unified_samples_20260811.csv,20260811,existing fold_id P2-style split when available; group fallback otherwise
deepmask_gpr,existing_fold_p2,deepmask_gpr::augmented_utilities::141_aug_1,utility,utility::141,test,def5d07c19ae914614f462dae1738e235908ebfd64bc955b73d261ba18a7bd59,data_manifests/deepmask_gpr_unified_samples_20260811.csv,20260811,existing fold_id P2-style split when available; group fallback otherwise
deepmask_gpr,existing_fold_p2,deepmask_gpr::augmented_utilities::141_aug_2,utility,utility::141,test,89e0bdeb225043b82f94646d44f993e477dc6f30906bf9065b9dd91a36ca4eaf,data_manifests/deepmask_gpr_unified_samples_20260811.csv,20260811,existing fold_id P2-style split when available; group fallback otherwise
deepmask_gpr,existing_fold_p2,deepmask_gpr::augmented_utilities::141_aug_3,utility,utility::141,test,6f5fa7170930396c659f0a2eb289696b0ad5eb24387c7823dcf7cdc6813fa679,data_manifests/deepmask_gpr_unified_samples_20260811.csv,20260811,existing fold_id P2-style split when available; group fallback otherwise
deepmask_gpr,existing_fold_p2,deepmask_gpr::augmented_utilities::141_aug_4,utility,utility::141,test,78ea44e2d209266d2baf819a6b22b9801cea84befb96f8fa89168449daad7f0c,data_manifests/deepmask_gpr_unified_samples_20260811.csv,20260811,existing fold_id P2-style split when available; group fallback otherwise
deepmask_gpr,existing_fold_p2,deepmask_gpr::augmented_utilities::141_aug_5,utility,utility::141,test,90aafab3ecad11c6123c166a0dd0582126ae0951b81b908c273ad46cb457ddcb,data_manifests/deepmask_gpr_unified_samples_20260811.csv,20260811,existing fold_id P2-style split when available; group fallback otherwise
deepmask_gpr,existing_fold_p2,deepmask_gpr::augmented_utilities::141_aug_6,utility,utility::141,test,3c6e8078b880cddc64bfcb481e35886a359a3fc6755f79eee7bf3bc708956dd5,data_manifests/deepmask_gpr_unified_samples_20260811.csv,20260811,existing fold_id P2-style split when available; group fallback otherwise
deepmask_gpr,existing_fold_p2,deepmask_gpr::augmented_utilities::142_aug_1,utility,utility::142,test,656baf4086fd7307a5d6f00bf8e7e6a5035453db844c8e21e14c52f7e70b56bb,data_manifests/deepmask_gpr_unified_samples_20260811.csv,20260811,existing fold_id P2-style split when available; group fallback otherwise
deepmask_gpr,existing_fold_p2,deepmask_gpr::augmented_utilities::142_aug_2,utility,utility::142,test,9c0f089c1b629398ef51531e0dc1cff7a99c2c6743e174e7e35bdca3cd40125b,data_manifests/deepmask_gpr_unified_samples_20260811.csv,20260811,existing fold_id P2-style split when available; group fallback otherwise
deepmask_gpr,existing_fold_p2,deepmask_gpr::augmented_utilities::142_aug_3,utility,utility::142,test,49a4d5abd20bd378398de4114ea3eb68585f462955ff1c027860a1d05e496444,data_manifests/deepmask_gpr_unified_samples_20260811.csv,20260811,existing fold_id P2-style split when available; group fallback otherwise
deepmask_gpr,existing_fold_p2,deepmask_gpr::augmented_utilities::142_aug_4,utility,utility::142,test,69fbca481a5dc054530fbc6dd25116b9f49b0edf25c0b15ba0d557b8ae616b3c,data_manifests/deepmask_gpr_unified_samples_20260811.csv,20260811,existing fold_id P2-style split when available; group fallback otherwise
deepmask_gpr,existing_fold_p2,deepmask_gpr::augmented_utilities::142_aug_5,utility,utility::142,test,4fe009554350b682fc1b5a57066a17354a19ff75f7c87c51c5e9c025bc5e3716,data_manifests/deepmask_gpr_unified_samples_20260811.csv,20260811,existing fold_id P2-style split when available; group fallback otherwise
deepmask_gpr,existing_fold_p2,deepmask_gpr::augmented_utilities::142_aug_6,utility,utility::142,test,74b3ff9f2a4d5e8e3f8f363e647374c75b2377ce1aae371f4ff0795056c23d5b,data_manifests/deepmask_gpr_unified_samples_20260811.csv,20260811,existing fold_id P2-style split when available; group fallback otherwise
deepmask_gpr,existing_fold_p2,deepmask_gpr::augmented_utilities::143_aug_1,utility,utility::143,train,12e87cef7d41b93fefa76d46578c3b9dba946da87d71b318185d4e5b75740a17,data_manifests/deepmask_gpr_unified_samples_20260811.csv,20260811,existing fold_id P2-style split when available; group fallback otherwise
deepmask_gpr,existing_fold_p2,deepmask_gpr::augmented_utilities::143_aug_2,utility,utility::143,train,737b7172c604cb9833752762f8843582833b1b6de7149fbaa21d5712b9f9aa00,data_manifests/deepmask_gpr_unified_samples_20260811.csv,20260811,existing fold_id P2-style split when available; group fallback otherwise
deepmask_gpr,existing_fold_p2,deepmask_gpr::augmented_utilities::143_aug_3,utility,utility::143,train,e772afcbfc137f282e5f96818190b13855469f34ca4d18daa4ee0186970c2354,data_manifests/deepmask_gpr_unified_samples_20260811.csv,20260811,existing fold_id P2-style split when available; group fallback otherwise
deepmask_gpr,existing_fold_p2,deepmask_gpr::augmented_utilities::143_aug_4,utility,utility::143,train,2816d2b8c0f13e00d0264de65be3ae9031a09d8c05e77a4bffe770250b4b8ecd,data_manifests/deepmask_gpr_unified_samples_20260811.csv,20260811,existing fold_id P2-style split when available; group fallback otherwise
deepmask_gpr,existing_fold_p2,deepmask_gpr::augmented_utilities::143_aug_5,utility,utility::143,train,732ae7263de0d1787e113492c6d90074b3692d973b7a0cb5dfc6a5f4e6cc84bf,data_manifests/deepmask_gpr_unified_samples_20260811.csv,20260811,existing fold_id P2-style split when available; group fallback otherwise
deepmask_gpr,existing_fold_p2,deepmask_gpr::augmented_utilities::143_aug_6,utility,utility::143,train,7ec3e6a46e7eac149d9854cf8ba5252114d70445807c69ae19c17816d0d3f78a,data_manifests/deepmask_gpr_unified_samples_20260811.csv,20260811,existing fold_id P2-style split when available; group fallback otherwise
deepmask_gpr,existing_fold_p2,deepmask_gpr::augmented_utilities::145_aug_1,utility,utility::145,train,980ac493842309cbba952fe67df73549650f7ed0c8df832320df1ad48b79fa67,data_manifests/deepmask_gpr_unified_samples_20260811.csv,20260811,existing fold_id P2-style split when available; group fallback otherwise
deepmask_gpr,existing_fold_p2,deepmask_gpr::augmented_utilities::145_aug_2,utility,utility::145,train,c2036dc92ec953182cdf2c6f95c0a45f97eaf40b24a73309999ceb8d8a37c9f0,data_manifests/deepmask_gpr_unified_samples_20260811.csv,20260811,existing fold_id P2-style split when available; group fallback otherwise
deepmask_gpr,existing_fold_p2,deepmask_gpr::augmented_utilities::145_aug_3,utility,utility::145,train,5683addea44425f8c6cfad086d32409867c0e4b31fa8c56abae9d7052cfb68a7,data_manifests/deepmask_gpr_unified_samples_20260811.csv,20260811,existing fold_id P2-style split when available; group fallback otherwise
deepmask_gpr,existing_fold_p2,deepmask_gpr::augmented_utilities::145_aug_4,utility,utility::145,train,b47659405f086e8f60c844c18ea8a4f3dde0a1bdcd2b9d890681c4fac6e7147d,data_manifests/deepmask_gpr_unified_samples_20260811.csv,20260811,existing fold_id P2-style split when available; group fallback otherwise
deepmask_gpr,existing_fold_p2,deepmask_gpr::augmented_utilities::145_aug_5,utility,utility::145,train,0d1bb9cb9c2452e0ae4fcad05b4f1715499ec926cd4cd71d5ef8314856219f9e,data_manifests/deepmask_gpr_unified_samples_20260811.csv,20260811,existing fold_id P2-style split when available; group fallback otherwise
deepmask_gpr,existing_fold_p2,deepmask_gpr::augmented_utilities::145_aug_6,utility,utility::145,train,a3105d3aa5986ef92118035f77582d41b32e8a87877c78dcc1fc9ff60d03f6bf,data_manifests/deepmask_gpr_unified_samples_20260811.csv,20260811,existing fold_id P2-style split when available; group fallback otherwise
deepmask_gpr,existing_fold_p2,deepmask_gpr::augmented_utilities::146_aug_1,utility,utility::146,train,c438c9775e3105bdde54e318afc7beab95cdae563750686f4dc6a20612dca85e,data_manifests/deepmask_gpr_unified_samples_20260811.csv,20260811,existing fold_id P2-style split when available; group fallback otherwise
deepmask_gpr,existing_fold_p2,deepmask_gpr::augmented_utilities::146_aug_2,utility,utility::146,train,526c2e15e956183d1141efa95b9965f7514d3b7a39e19e91567485f2b457623c,data_manifests/deepmask_gpr_unified_samples_20260811.csv,20260811,existing fold_id P2-style split when available; group fallback otherwise
deepmask_gpr,existing_fold_p2,deepmask_gpr::augmented_utilities::146_aug_3,utility,utility::146,train,ccccfbdf6bd5ed4eec78c6004303ce50bfc254be4cabdb836e5b218df2190e35,data_manifests/deepmask_gpr_unified_samples_20260811.csv,20260811,existing fold_id P2-style split when available; group fallback otherwise
deepmask_gpr,existing_fold_p2,deepmask_gpr::augmented_utilities::146_aug_4,utility,utility::146,train,e05e6bae25f248ca0a5e2fd1f94080ca46b0974c798cb6372c86ad9e87077b78,data_manifests/deepmask_gpr_unified_samples_20260811.csv,20260811,existing fold_id P2-style split when available; group fallback otherwise
deepmask_gpr,existing_fold_p2,deepmask_gpr::augmented_utilities::146_aug_5,utility,utility::146,train,2a02429f01bd06b8d009160b53b20c70027d4b28934b5c679ffae730cbea0d25,data_manifests/deepmask_gpr_unified_samples_20260811.csv,20260811,existing fold_id P2-style split when available; group fallback otherwise
deepmask_gpr,existing_fold_p2,deepmask_gpr::augmented_utilities::146_aug_6,utility,utility::146,train,f2445858487e9d2ccde778e413751d347c6374287d7add7e9b844796f7e2b1a1,data_manifests/deepmask_gpr_unified_samples_20260811.csv,20260811,existing fold_id P2-style split when available; group fallback otherwise
deepmask_gpr,existing_fold_p2,deepmask_gpr::augmented_utilities::147_aug_1,utility,utility::147,train,3d10a80e3d114b4a7d601dbf5ddfe611f003540ae7bf2d7a63c7656872728dd5,data_manifests/deepmask_gpr_unified_samples_20260811.csv,20260811,existing fold_id P2-style split when available; group fallback otherwise
deepmask_gpr,existing_fold_p2,deepmask_gpr::augmented_utilities::147_aug_2,utility,utility::147,train,c684c7820f48c77102226698354f3669c8a672307a294f6fe410fa4a5514157f,data_manifests/deepmask_gpr_unified_samples_20260811.csv,20260811,existing fold_id P2-style split when available; group fallback otherwise
deepmask_gpr,existing_fold_p2,deepmask_gpr::augmented_utilities::147_aug_3,utility,utility::147,train,273c38c6c2bcf43def63a2475a58963772238499069560703563ae08d4976cf2,data_manifests/deepmask_gpr_unified_samples_20260811.csv,20260811,existing fold_id P2-style split when available; group fallback otherwise
deepmask_gpr,existing_fold_p2,deepmask_gpr::augmented_utilities::147_aug_4,utility,utility::147,train,31e502288562932ba4fb13b1be03248e9c5e4271220b14bf152924625c1bf1c1,data_manifests/deepmask_gpr_unified_samples_20260811.csv,20260811,existing fold_id P2-style split when available; group fallback otherwise
deepmask_gpr,existing_fold_p2,deepmask_gpr::augmented_utilities::147_aug_5,utility,utility::147,train,1d43fe7c16c8395485dccd8ed8563cb460aee8b0140bc035611046d9281b010a,data_manifests/deepmask_gpr_unified_samples_20260811.csv,20260811,existing fold_id P2-style split when available; group fallback otherwise
deepmask_gpr,existing_fold_p2,deepmask_gpr::augmented_utilities::147_aug_6,utility,utility::147,train,c1cecc049bc17ca60cbc2dd325fe9ed520aefc5cda4ae2a5b419a5350478c787,data_manifests/deepmask_gpr_unified_samples_20260811.csv,20260811,existing fold_id P2-style split when available; group fallback otherwise
deepmask_gpr,existing_fold_p2,deepmask_gpr::augmented_utilities::148_aug_1,utility,utility::148,val,3458071105650e19b3b9a5dc2f31e1a6de1065e8b66babc6c88f292cd5757f3a,data_manifests/deepmask_gpr_unified_samples_20260811.csv,20260811,existing fold_id P2-style split when available; group fallback otherwise
deepmask_gpr,existing_fold_p2,deepmask_gpr::augmented_utilities::148_aug_2,utility,utility::148,val,ba09d5e41365a536c7982169b0045d84818607d77fa5c8498854fb4ed9351586,data_manifests/deepmask_gpr_unified_samples_20260811.csv,20260811,existing fold_id P2-style split when available; group fallback otherwise
deepmask_gpr,existing_fold_p2,deepmask_gpr::augmented_utilities::148_aug_3,utility,utility::148,val,66b1d160ee67e894b4708354315e167be3adb10c2f86eacae76e17f5c7517e17,data_manifests/deepmask_gpr_unified_samples_20260811.csv,20260811,existing fold_id P2-style split when available; group fallback otherwise
deepmask_gpr,existing_fold_p2,deepmask_gpr::augmented_utilities::148_aug_4,utility,utility::148,val,c54a8ca5984f28bdb579e6447e08d52aab3d52af41d792a5899febdf2c21d13d,data_manifests/deepmask_gpr_unified_samples_20260811.csv,20260811,existing fold_id P2-style split when available; group fallback otherwise
deepmask_gpr,existing_fold_p2,deepmask_gpr::augmented_utilities::148_aug_5,utility,utility::148,val,7cf4171295f650a036b41262572d3e84920c064291b5e68681d30cbb6cc958b0,data_manifests/deepmask_gpr_unified_samples_20260811.csv,20260811,existing fold_id P2-style split when available; group fallback otherwise
deepmask_gpr,existing_fold_p2,deepmask_gpr::augmented_utilities::148_aug_6,utility,utility::148,val,cb8bf59d6c1eafdee561c9143291dd26719a757dad29e22a6d09fae37c2fecc8,data_manifests/deepmask_gpr_unified_samples_20260811.csv,20260811,existing fold_id P2-style split when available; group fallback otherwise
deepmask_gpr,existing_fold_p2,deepmask_gpr::augmented_utilities::150_aug_1,utility,utility::150,train,a1781140d673f34ea91bd00f17a1e9b62e8d088a58c41133ed4936a58091f7a9,data_manifests/deepmask_gpr_unified_samples_20260811.csv,20260811,existing fold_id P2-style split when available; group fallback otherwise
deepmask_gpr,existing_fold_p2,deepmask_gpr::augmented_utilities::150_aug_2,utility,utility::150,train,9f3e48e7aff64a751ec139b7d32114f1dcba403e96b652c7866a77b437443dd2,data_manifests/deepmask_gpr_unified_samples_20260811.csv,20260811,existing fold_id P2-style split when available; group fallback otherwise
deepmask_gpr,existing_fold_p2,deepmask_gpr::augmented_utilities::150_aug_3,utility,utility::150,train,f07a9108ea247b5912929e79e1ab437980d027f82b3e081e765e61c86df45368,data_manifests/deepmask_gpr_unified_samples_20260811.csv,20260811,existing fold_id P2-style split when available; group fallback otherwise
deepmask_gpr,existing_fold_p2,deepmask_gpr::augmented_utilities::150_aug_4,utility,utility::150,train,f8eeb043834b59e663654429f1354898d3465e40f29071405d31e3e31e42e0e6,data_manifests/deepmask_gpr_unified_samples_20260811.csv,20260811,existing fold_id P2-style split when available; group fallback otherwise
deepmask_gpr,existing_fold_p2,deepmask_gpr::augmented_utilities::150_aug_5,utility,utility::150,train,58af193486a363aec58237c1e0f44bc58ec5aa8bb625e6217eff629675d6a223,data_manifests/deepmask_gpr_unified_samples_20260811.csv,20260811,existing fold_id P2-style split when available; group fallback otherwise
deepmask_gpr,existing_fold_p2,deepmask_gpr::augmented_utilities::150_aug_6,utility,utility::150,train,1699cb5e0e8a5d13ccd7379775ab5caad576bd3cd43054f531547bc86e8e7d93,data_manifests/deepmask_gpr_unified_samples_20260811.csv,20260811,existing fold_id P2-style split when available; group fallback otherwise
deepmask_gpr,existing_fold_p2,deepmask_gpr::augmented_utilities::151_aug_1,utility,utility::151,test,3b044ac29cc39b11a33201b75b6d5b07c21c4f4cc7cab5a2a8ba4f2802d69099,data_manifests/deepmask_gpr_unified_samples_20260811.csv,20260811,existing fold_id P2-style split when available; group fallback otherwise
deepmask_gpr,existing_fold_p2,deepmask_gpr::augmented_utilities::151_aug_2,utility,utility::151,test,7776a57e421391e5df7b3ed9c34a66fb26345f0ff74a07e233587fb3ea4fbc44,data_manifests/deepmask_gpr_unified_samples_20260811.csv,20260811,existing fold_id P2-style split when available; group fallback otherwise
deepmask_gpr,existing_fold_p2,deepmask_gpr::augmented_utilities::151_aug_3,utility,utility::151,test,cdc395cf84e101a75335dba314cb5a9e8fbee72c484dad5194451509bb6b613b,data_manifests/deepmask_gpr_unified_samples_20260811.csv,20260811,existing fold_id P2-style split when available; group fallback otherwise
deepmask_gpr,existing_fold_p2,deepmask_gpr::augmented_utilities::151_aug_4,utility,utility::151,test,74be71100fbb50a78a8443f0ff5c9dade2cbc2a0c2e69742a9a3157c254f43c9,data_manifests/deepmask_gpr_unified_samples_20260811.csv,20260811,existing fold_id P2-style split when available; group fallback otherwise
deepmask_gpr,existing_fold_p2,deepmask_gpr::augmented_utilities::151_aug_5,utility,utility::151,test,a94b701814b4ac27353d10252ad4be802226703ccb861e050b57f7dd861a5c69,data_manifests/deepmask_gpr_unified_samples_20260811.csv,20260811,existing fold_id P2-style split when available; group fallback otherwise
deepmask_gpr,existing_fold_p2,deepmask_gpr::augmented_utilities::151_aug_6,utility,utility::151,test,fcf5f61e414190b84e392e5ed2c30d3f608bbf24f459d086b97bf295dd8d1e5b,data_manifests/deepmask_gpr_unified_samples_20260811.csv,20260811,existing fold_id P2-style split when available; group fallback otherwise
deepmask_gpr,existing_fold_p2,deepmask_gpr::augmented_utilities::152_aug_1,utility,utility::152,train,3c4776591902c60326ec297dc8dc3409ab4ab519f98816533258920233feaf1f,data_manifests/deepmask_gpr_unified_samples_20260811.csv,20260811,existing fold_id P2-style split when available; group fallback otherwise
deepmask_gpr,existing_fold_p2,deepmask_gpr::augmented_utilities::152_aug_2,utility,utility::152,train,c9ed93c13d1d230a0ad3abd61a41de03e325c0d5c030d964f6acef3a1c10b824,data_manifests/deepmask_gpr_unified_samples_20260811.csv,20260811,existing fold_id P2-style split when available; group fallback otherwise
deepmask_gpr,existing_fold_p2,deepmask_gpr::augmented_utilities::152_aug_3,utility,utility::152,train,5f53c3c2e6251099cc311403354df2625407d480f5c291bc4d4e9aed864958c8,data_manifests/deepmask_gpr_unified_samples_20260811.csv,20260811,existing fold_id P2-style split when available; group fallback otherwise
deepmask_gpr,existing_fold_p2,deepmask_gpr::augmented_utilities::152_aug_4,utility,utility::152,train,75333eb41f84793db72dc2701dde99161f316e9ddf79e33d8de73274cdf16c5e,data_manifests/deepmask_gpr_unified_samples_20260811.csv,20260811,existing fold_id P2-style split when available; group fallback otherwise
deepmask_gpr,existing_fold_p2,deepmask_gpr::augmented_utilities::152_aug_5,utility,utility::152,train,752287d06c081b2ed4187e0df5a40b772d66cae210a8f0573983eea403812d75,data_manifests/deepmask_gpr_unified_samples_20260811.csv,20260811,existing fold_id P2-style split when available; group fallback otherwise
deepmask_gpr,existing_fold_p2,deepmask_gpr::augmented_utilities::152_aug_6,utility,utility::152,train,ced6fa64828821201cb90dba453a35b2164d5611f6cf8ecd38c465c8dc965b63,data_manifests/deepmask_gpr_unified_samples_20260811.csv,20260811,existing fold_id P2-style split when available; group fallback otherwise
deepmask_gpr,existing_fold_p2,deepmask_gpr::augmented_utilities::153_aug_1,utility,utility::153,train,b8dc4ad3adcd58a2d844533d1849b5436dd6e741f76a8432def5a4e5e98143fc,data_manifests/deepmask_gpr_unified_samples_20260811.csv,20260811,existing fold_id P2-style split when available; group fallback otherwise
deepmask_gpr,existing_fold_p2,deepmask_gpr::augmented_utilities::153_aug_2,utility,utility::153,train,cbf8e3af359ed24b487a87fda09719bcc90f8f740ade9b3c151c0b21ed85a310,data_manifests/deepmask_gpr_unified_samples_20260811.csv,20260811,existing fold_id P2-style split when available; group fallback otherwise
deepmask_gpr,existing_fold_p2,deepmask_gpr::augmented_utilities::153_aug_3,utility,utility::153,train,1f451682c9747ee5507c55d5aca1b4b418d3c32e5a076e21e824b865bac4a7f2,data_manifests/deepmask_gpr_unified_samples_20260811.csv,20260811,existing fold_id P2-style split when available; group fallback otherwise
deepmask_gpr,existing_fold_p2,deepmask_gpr::augmented_utilities::153_aug_4,utility,utility::153,train,ea717f72aa8d5c07f916c95179832c39daff7bf12a6966f3bac556b880ef0dba,data_manifests/deepmask_gpr_unified_samples_20260811.csv,20260811,existing fold_id P2-style split when available; group fallback otherwise
deepmask_gpr,existing_fold_p2,deepmask_gpr::augmented_utilities::153_aug_5,utility,utility::153,train,05efd978b2abab059afcf8ac92cbe4a35b9de27e2c118f930c4fc62ce5abcf2f,data_manifests/deepmask_gpr_unified_samples_20260811.csv,20260811,existing fold_id P2-style split when available; group fallback otherwise
deepmask_gpr,existing_fold_p2,deepmask_gpr::augmented_utilities::153_aug_6,utility,utility::153,train,cfd658dd0441f2911a8d58d39ed5b127857394917a1203131ca9aaf453549234,data_manifests/deepmask_gpr_unified_samples_20260811.csv,20260811,existing fold_id P2-style split when available; group fallback otherwise
deepmask_gpr,existing_fold_p2,deepmask_gpr::augmented_utilities::155_aug_1,utility,utility::155,train,3dc6cb679dc89617ad4b0d18014b3932a9d3e69e842d84ea30edc59d39aa41e9,data_manifests/deepmask_gpr_unified_samples_20260811.csv,20260811,existing fold_id P2-style split when available; group fallback otherwise
deepmask_gpr,existing_fold_p2,deepmask_gpr::augmented_utilities::155_aug_2,utility,utility::155,train,80a4dc37baa7be6ec14d3e0842b1037da8bbc05ef1ca19b8adc3241fbbed848c,data_manifests/deepmask_gpr_unified_samples_20260811.csv,20260811,existing fold_id P2-style split when available; group fallback otherwise
deepmask_gpr,existing_fold_p2,deepmask_gpr::augmented_utilities::155_aug_3,utility,utility::155,train,ccea931292af0ae048e433141d267e12729de70e1f54a0103a323ba24ebe2918,data_manifests/deepmask_gpr_unified_samples_20260811.csv,20260811,existing fold_id P2-style split when available; group fallback otherwise
deepmask_gpr,existing_fold_p2,deepmask_gpr::augmented_utilities::155_aug_4,utility,utility::155,train,87bbe9e00d7f4f2376a647c35fa4c6231b3cb6fc58de40068c561007c87ffc16,data_manifests/deepmask_gpr_unified_samples_20260811.csv,20260811,existing fold_id P2-style split when available; group fallback otherwise
deepmask_gpr,existing_fold_p2,deepmask_gpr::augmented_utilities::155_aug_5,utility,utility::155,train,de969b8cecea6852771ce8b8452c9eb311256ced8bb0179a2f1b710f2dcf3f4a,data_manifests/deepmask_gpr_unified_samples_20260811.csv,20260811,existing fold_id P2-style split when available; group fallback otherwise
deepmask_gpr,existing_fold_p2,deepmask_gpr::augmented_utilities::155_aug_6,utility,utility::155,train,3b282bea04d6ae7a985bbd93ca89414cb3116a237b9911302f63b8582cf5c1b6,data_manifests/deepmask_gpr_unified_samples_20260811.csv,20260811,existing fold_id P2-style split when available; group fallback otherwise
deepmask_gpr,existing_fold_p2,deepmask_gpr::augmented_utilities::156_aug_1,utility,utility::156,test,82ed0941b71c5eb5ffe5cdc5cd28b4068812d93ca2494a4a104e68fc1eef2ba5,data_manifests/deepmask_gpr_unified_samples_20260811.csv,20260811,existing fold_id P2-style split when available; group fallback otherwise
deepmask_gpr,existing_fold_p2,deepmask_gpr::augmented_utilities::156_aug_2,utility,utility::156,test,ea8bfa6f12c585ab26f9a85ed36a2235c31c76b575a62c6814d5f135ed33c7b4,data_manifests/deepmask_gpr_unified_samples_20260811.csv,20260811,existing fold_id P2-style split when available; group fallback otherwise
deepmask_gpr,existing_fold_p2,deepmask_gpr::augmented_utilities::156_aug_3,utility,utility::156,test,0e8f651fa8fe4634a20a69704211847708e012c667b676df28a628b38e6c7b24,data_manifests/deepmask_gpr_unified_samples_20260811.csv,20260811,existing fold_id P2-style split when available; group fallback otherwise
deepmask_gpr,existing_fold_p2,deepmask_gpr::augmented_utilities::156_aug_4,utility,utility::156,test,df817ba548056a356ec4c3638456851e764aab0d46085326dc027a2933c8af9b,data_manifests/deepmask_gpr_unified_samples_20260811.csv,20260811,existing fold_id P2-style split when available; group fallback otherwise
deepmask_gpr,existing_fold_p2,deepmask_gpr::augmented_utilities::156_aug_5,utility,utility::156,test,b72271c4aaa237c8b71b9cfed1448d518b7e3d2b2473b3f32b8b1396be2c9ba2,data_manifests/deepmask_gpr_unified_samples_20260811.csv,20260811,existing fold_id P2-style split when available; group fallback otherwise
deepmask_gpr,existing_fold_p2,deepmask_gpr::augmented_utilities::156_aug_6,utility,utility::156,test,f84aee340dc633024c45041439531d34b833bd27573f5b6f42287fa4615fa6fe,data_manifests/deepmask_gpr_unified_samples_20260811.csv,20260811,existing fold_id P2-style split when available; group fallback otherwise
deepmask_gpr,existing_fold_p2,deepmask_gpr::augmented_utilities::157_aug_1,utility,utility::157,train,530b7f319ca34bd990ab2f2a9c1ae4c7c45e4b5f4319d349b80d1c64bd59400f,data_manifests/deepmask_gpr_unified_samples_20260811.csv,20260811,existing fold_id P2-style split when available; group fallback otherwise
deepmask_gpr,existing_fold_p2,deepmask_gpr::augmented_utilities::157_aug_2,utility,utility::157,train,184926c3ffefd40140e1c21a4d2e128fc019820d447f9188764600efefc57cc8,data_manifests/deepmask_gpr_unified_samples_20260811.csv,20260811,existing fold_id P2-style split when available; group fallback otherwise
deepmask_gpr,existing_fold_p2,deepmask_gpr::augmented_utilities::157_aug_3,utility,utility::157,train,0989c5e342d2df23420e8dc12fe41b02351adafc6cd6e41be4d1965d276ad4d9,data_manifests/deepmask_gpr_unified_samples_20260811.csv,20260811,existing fold_id P2-style split when available; group fallback otherwise
deepmask_gpr,existing_fold_p2,deepmask_gpr::augmented_utilities::157_aug_4,utility,utility::157,train,e1c2d516fa9be4edc404b8dbd0afe3f4f828925514ec276a0c866bc89b406241,data_manifests/deepmask_gpr_unified_samples_20260811.csv,20260811,existing fold_id P2-style split when available; group fallback otherwise
deepmask_gpr,existing_fold_p2,deepmask_gpr::augmented_utilities::157_aug_5,utility,utility::157,train,1233f4112a86972279a72bd002c1d947552389c6c9247597f1044cefc6ef23c6,data_manifests/deepmask_gpr_unified_samples_20260811.csv,20260811,existing fold_id P2-style split when available; group fallback otherwise
deepmask_gpr,existing_fold_p2,deepmask_gpr::augmented_utilities::157_aug_6,utility,utility::157,train,8396cf2f1eef655eaf03b3ef5db06649d5caf66c8109496f5b0260a67fef1a0b,data_manifests/deepmask_gpr_unified_samples_20260811.csv,20260811,existing fold_id P2-style split when available; group fallback otherwise
deepmask_gpr,existing_fold_p2,deepmask_gpr::augmented_utilities::159_aug_1,utility,utility::159,train,caf1eb45d3c35bb15ceeded4a7e7721182f64a2d97a9f91ad281af178a68339a,data_manifests/deepmask_gpr_unified_samples_20260811.csv,20260811,existing fold_id P2-style split when available; group fallback otherwise
deepmask_gpr,existing_fold_p2,deepmask_gpr::augmented_utilities::159_aug_2,utility,utility::159,train,67515162338ebe2931c9ba759aae003ee257460808516dc53d2361568c7e34b4,data_manifests/deepmask_gpr_unified_samples_20260811.csv,20260811,existing fold_id P2-style split when available; group fallback otherwise
deepmask_gpr,existing_fold_p2,deepmask_gpr::augmented_utilities::159_aug_3,utility,utility::159,train,2552c4fdb7b8201818ef7536c7489b5e92205c2840f9fced895b598539282a53,data_manifests/deepmask_gpr_unified_samples_20260811.csv,20260811,existing fold_id P2-style split when available; group fallback otherwise
deepmask_gpr,existing_fold_p2,deepmask_gpr::augmented_utilities::159_aug_4,utility,utility::159,train,628eee0ab558337d1d69cb74525c1eff3fa1bad0fb142d2d901e11bb43b9deb6,data_manifests/deepmask_gpr_unified_samples_20260811.csv,20260811,existing fold_id P2-style split when available; group fallback otherwise
deepmask_gpr,existing_fold_p2,deepmask_gpr::augmented_utilities::159_aug_5,utility,utility::159,train,b83fe11fe8dd8bbaa09d4de0a07109fe9fe7d84b9594b9a2322638c4a528fba1,data_manifests/deepmask_gpr_unified_samples_20260811.csv,20260811,existing fold_id P2-style split when available; group fallback otherwise
deepmask_gpr,existing_fold_p2,deepmask_gpr::augmented_utilities::159_aug_6,utility,utility::159,train,9180a5c6f46b81464b069123d904db85acf0d3dc6240a7fa1c0a525956d8d93e,data_manifests/deepmask_gpr_unified_samples_20260811.csv,20260811,existing fold_id P2-style split when available; group fallback otherwise
deepmask_gpr,existing_fold_p2,deepmask_gpr::augmented_utilities::161_aug_1,utility,utility::161,train,d80457b961984b4cc406cd7e3eeaf9270d0639318d30eeff5a5f6a36b0f72f3a,data_manifests/deepmask_gpr_unified_samples_20260811.csv,20260811,existing fold_id P2-style split when available; group fallback otherwise
deepmask_gpr,existing_fold_p2,deepmask_gpr::augmented_utilities::161_aug_2,utility,utility::161,train,8847e0ff64b43a23a8c7cab4234eee50f2314b443d392092070c3cccb5b17211,data_manifests/deepmask_gpr_unified_samples_20260811.csv,20260811,existing fold_id P2-style split when available; group fallback otherwise
deepmask_gpr,existing_fold_p2,deepmask_gpr::augmented_utilities::161_aug_3,utility,utility::161,train,3865c185b9b658844463a5d37ca3fa6e1f92b213a3a44c3e892d1450a2599f85,data_manifests/deepmask_gpr_unified_samples_20260811.csv,20260811,existing fold_id P2-style split when available; group fallback otherwise
deepmask_gpr,existing_fold_p2,deepmask_gpr::augmented_utilities::161_aug_4,utility,utility::161,train,3ce70f1bf37ecf6873472b994d9b086e040c36c38f3e8a4413c3befea6abf847,data_manifests/deepmask_gpr_unified_samples_20260811.csv,20260811,existing fold_id P2-style split when available; group fallback otherwise
deepmask_gpr,existing_fold_p2,deepmask_gpr::augmented_utilities::161_aug_5,utility,utility::161,train,7fb110b99dab01671f70dce08f284126d9c4134949f61dd73b9b40ce3a297de5,data_manifests/deepmask_gpr_unified_samples_20260811.csv,20260811,existing fold_id P2-style split when available; group fallback otherwise
deepmask_gpr,existing_fold_p2,deepmask_gpr::augmented_utilities::161_aug_6,utility,utility::161,train,07bd2455c7e4c723ee1609dac44826c0fac98e9f749cbdffef3249343f83cb5e,data_manifests/deepmask_gpr_unified_samples_20260811.csv,20260811,existing fold_id P2-style split when available; group fallback otherwise
deepmask_gpr,existing_fold_p2,deepmask_gpr::augmented_utilities::164_aug_1,utility,utility::164,train,1595ae2fd69cad40918b7e66d47d83980f68d0aab56bec4d1d96095d2128386a,data_manifests/deepmask_gpr_unified_samples_20260811.csv,20260811,existing fold_id P2-style split when available; group fallback otherwise
deepmask_gpr,existing_fold_p2,deepmask_gpr::augmented_utilities::164_aug_2,utility,utility::164,train,ba1c173dadc6091bea1a64dcc1d466d25dbeded3d195be68068de04ae23b2bbf,data_manifests/deepmask_gpr_unified_samples_20260811.csv,20260811,existing fold_id P2-style split when available; group fallback otherwise
deepmask_gpr,existing_fold_p2,deepmask_gpr::augmented_utilities::164_aug_3,utility,utility::164,train,5a48c3c41dda6c1e38c0d1e29bcc96c5b5708950296422a782e9618e01d4aa54,data_manifests/deepmask_gpr_unified_samples_20260811.csv,20260811,existing fold_id P2-style split when available; group fallback otherwise
deepmask_gpr,existing_fold_p2,deepmask_gpr::augmented_utilities::164_aug_4,utility,utility::164,train,e66859c128a42a14d0c931c809484bba9365452dbd0142cfb0eed6eafb6fb905,data_manifests/deepmask_gpr_unified_samples_20260811.csv,20260811,existing fold_id P2-style split when available; group fallback otherwise
deepmask_gpr,existing_fold_p2,deepmask_gpr::augmented_utilities::164_aug_5,utility,utility::164,train,00b0aa91767449e539dd2f3f74c7c4114c8438a4dd07136603f4341225f9fb35,data_manifests/deepmask_gpr_unified_samples_20260811.csv,20260811,existing fold_id P2-style split when available; group fallback otherwise
deepmask_gpr,existing_fold_p2,deepmask_gpr::augmented_utilities::164_aug_6,utility,utility::164,train,07b2aa22714bf9739f586de98ae478611479123e2357154d53525483d32b05b3,data_manifests/deepmask_gpr_unified_samples_20260811.csv,20260811,existing fold_id P2-style split when available; group fallback otherwise
deepmask_gpr,existing_fold_p2,deepmask_gpr::augmented_utilities::166_aug_1,utility,utility::166,train,c3f9b48edeb14e0109044ec7340ba161b76a26346e5d6217f32630f8a5be4b5f,data_manifests/deepmask_gpr_unified_samples_20260811.csv,20260811,existing fold_id P2-style split when available; group fallback otherwise
deepmask_gpr,existing_fold_p2,deepmask_gpr::augmented_utilities::166_aug_2,utility,utility::166,train,7b5175599f86ae2606c34d76b412ef4832b0370153e2bb8571f11f0344b354dd,data_manifests/deepmask_gpr_unified_samples_20260811.csv,20260811,existing fold_id P2-style split when available; group fallback otherwise
deepmask_gpr,existing_fold_p2,deepmask_gpr::augmented_utilities::166_aug_3,utility,utility::166,train,30835715d2da07716c7bd4208984e8acffb26c3375065bd6a686e57c39134e4e,data_manifests/deepmask_gpr_unified_samples_20260811.csv,20260811,existing fold_id P2-style split when available; group fallback otherwise
deepmask_gpr,existing_fold_p2,deepmask_gpr::augmented_utilities::166_aug_4,utility,utility::166,train,64f48b6ed7ed2a94cf4f89001b6429013e495fdf33e6ab81591725a2e341546d,data_manifests/deepmask_gpr_unified_samples_20260811.csv,20260811,existing fold_id P2-style split when available; group fallback otherwise
deepmask_gpr,existing_fold_p2,deepmask_gpr::augmented_utilities::166_aug_5,utility,utility::166,train,4777e88f14b9dfd458c653ecef622c08ba4ecc65e3e3342a8e72de80ee41e91c,data_manifests/deepmask_gpr_unified_samples_20260811.csv,20260811,existing fold_id P2-style split when available; group fallback otherwise
deepmask_gpr,existing_fold_p2,deepmask_gpr::augmented_utilities::166_aug_6,utility,utility::166,train,1e595da9b8351878d662aebe87e6562ca7e74a7df0486523e62c72b27c3cdf4a,data_manifests/deepmask_gpr_unified_samples_20260811.csv,20260811,existing fold_id P2-style split when available; group fallback otherwise
deepmask_gpr,existing_fold_p2,deepmask_gpr::augmented_utilities::168_aug_1,utility,utility::168,train,cc757860aba87804daea2b96600a313998007f0b3200941dea9c35e3e19670fc,data_manifests/deepmask_gpr_unified_samples_20260811.csv,20260811,existing fold_id P2-style split when available; group fallback otherwise
deepmask_gpr,existing_fold_p2,deepmask_gpr::augmented_utilities::168_aug_2,utility,utility::168,train,656949b15531729ddfdf3fb25ba2749b7cf1d6add1abf736275326a8bd08123f,data_manifests/deepmask_gpr_unified_samples_20260811.csv,20260811,existing fold_id P2-style split when available; group fallback otherwise
deepmask_gpr,existing_fold_p2,deepmask_gpr::augmented_utilities::168_aug_3,utility,utility::168,train,dd01b9d85c489d10cd0ad31a28fb8b696c0fd072b314c6075f7279859c98920a,data_manifests/deepmask_gpr_unified_samples_20260811.csv,20260811,existing fold_id P2-style split when available; group fallback otherwise
deepmask_gpr,existing_fold_p2,deepmask_gpr::augmented_utilities::168_aug_4,utility,utility::168,train,505de4fa62258e64aa12100bd81496f2d4f25dd12a1d00f989639cb02df0662a,data_manifests/deepmask_gpr_unified_samples_20260811.csv,20260811,existing fold_id P2-style split when available; group fallback otherwise
deepmask_gpr,existing_fold_p2,deepmask_gpr::augmented_utilities::168_aug_5,utility,utility::168,train,6e154704615982007241e2b58a6c87381886915f92e105a2e5677f556a7298bd,data_manifests/deepmask_gpr_unified_samples_20260811.csv,20260811,existing fold_id P2-style split when available; group fallback otherwise
deepmask_gpr,existing_fold_p2,deepmask_gpr::augmented_utilities::168_aug_6,utility,utility::168,train,2978d9cb1cca363dcba03646e13f3c5c6bb0241425a3b3e205c2b53e1829e791,data_manifests/deepmask_gpr_unified_samples_20260811.csv,20260811,existing fold_id P2-style split when available; group fallback otherwise
deepmask_gpr,existing_fold_p2,deepmask_gpr::augmented_utilities::170_aug_1,utility,utility::170,test,0d1c7beb4214cadfe8a55add353d7c994db961d4e32843e1709f4dc96f306d3f,data_manifests/deepmask_gpr_unified_samples_20260811.csv,20260811,existing fold_id P2-style split when available; group fallback otherwise
deepmask_gpr,existing_fold_p2,deepmask_gpr::augmented_utilities::170_aug_2,utility,utility::170,test,67d7f8d6f0a09d27d30232a830102310c7d1ae8f4c80133cb2631c08c39022e9,data_manifests/deepmask_gpr_unified_samples_20260811.csv,20260811,existing fold_id P2-style split when available; group fallback otherwise
deepmask_gpr,existing_fold_p2,deepmask_gpr::augmented_utilities::170_aug_3,utility,utility::170,test,88a8c33d94dc28635591dd371b78a052eaf1067e383e5201a69e1b325e795a2d,data_manifests/deepmask_gpr_unified_samples_20260811.csv,20260811,existing fold_id P2-style split when available; group fallback otherwise
deepmask_gpr,existing_fold_p2,deepmask_gpr::augmented_utilities::170_aug_4,utility,utility::170,test,12c0332ecf1712d55aad4c53759d3677fcbb969d696f9f23b5152c950fd64bb5,data_manifests/deepmask_gpr_unified_samples_20260811.csv,20260811,existing fold_id P2-style split when available; group fallback otherwise
deepmask_gpr,existing_fold_p2,deepmask_gpr::augmented_utilities::170_aug_5,utility,utility::170,test,2ef79a25287c1208e4f6ee04b0fcd0a3b48e695bc7889a4adeb87e01820a79e1,data_manifests/deepmask_gpr_unified_samples_20260811.csv,20260811,existing fold_id P2-style split when available; group fallback otherwise
deepmask_gpr,existing_fold_p2,deepmask_gpr::augmented_utilities::170_aug_6,utility,utility::170,test,b7d746b3d2f43ef361e94eee49908bf6e13ef1e80611cc5cdfa92c4f1ec5eebb,data_manifests/deepmask_gpr_unified_samples_20260811.csv,20260811,existing fold_id P2-style split when available; group fallback otherwise
deepmask_gpr,existing_fold_p2,deepmask_gpr::augmented_utilities::173_aug_1,utility,utility::173,train,0e0461ba85a850536f6dd93c34876a215a29a80e137558aa8ed79e1751d8bef2,data_manifests/deepmask_gpr_unified_samples_20260811.csv,20260811,existing fold_id P2-style split when available; group fallback otherwise
deepmask_gpr,existing_fold_p2,deepmask_gpr::augmented_utilities::173_aug_2,utility,utility::173,train,ba848202a8ece1e7b128f021467d4c0dac8d97463278637f1b8226ce13f74bda,data_manifests/deepmask_gpr_unified_samples_20260811.csv,20260811,existing fold_id P2-style split when available; group fallback otherwise
deepmask_gpr,existing_fold_p2,deepmask_gpr::augmented_utilities::173_aug_3,utility,utility::173,train,ef32fdcc9559f3b2addb3d33d75e182283580b17a47cd511a726eae49150434c,data_manifests/deepmask_gpr_unified_samples_20260811.csv,20260811,existing fold_id P2-style split when available; group fallback otherwise
deepmask_gpr,existing_fold_p2,deepmask_gpr::augmented_utilities::173_aug_4,utility,utility::173,train,98277e57f092ee9fd67b7dc3353701178bd4d112a316b048db3a43e0f2567c99,data_manifests/deepmask_gpr_unified_samples_20260811.csv,20260811,existing fold_id P2-style split when available; group fallback otherwise
deepmask_gpr,existing_fold_p2,deepmask_gpr::augmented_utilities::173_aug_5,utility,utility::173,train,4970420dd842d174b5b7b37c10f976ea122ade0d0a262165ca82d766bc75ae6a,data_manifests/deepmask_gpr_unified_samples_20260811.csv,20260811,existing fold_id P2-style split when available; group fallback otherwise
deepmask_gpr,existing_fold_p2,deepmask_gpr::augmented_utilities::173_aug_6,utility,utility::173,train,18c012bab16e25dee062adbee5400fbc07b9b0b60fb47480b6e6bb427c19138a,data_manifests/deepmask_gpr_unified_samples_20260811.csv,20260811,existing fold_id P2-style split when available; group fallback otherwise
deepmask_gpr,existing_fold_p2,deepmask_gpr::augmented_utilities::175_aug_1,utility,utility::175,train,d2eda54711a68b040dfeb1e5d7a8ddb253b63cdfde90b1cbdfed229f8891d5d3,data_manifests/deepmask_gpr_unified_samples_20260811.csv,20260811,existing fold_id P2-style split when available; group fallback otherwise
deepmask_gpr,existing_fold_p2,deepmask_gpr::augmented_utilities::175_aug_2,utility,utility::175,train,803875dbc6c9516f66024a8b6bd12df4e8734975cb118125d6e8dc7029383173,data_manifests/deepmask_gpr_unified_samples_20260811.csv,20260811,existing fold_id P2-style split when available; group fallback otherwise
deepmask_gpr,existing_fold_p2,deepmask_gpr::augmented_utilities::175_aug_3,utility,utility::175,train,da1183a0a4202324e581850488e06e6bfbc0367c351997cfd935e6d62c50c806,data_manifests/deepmask_gpr_unified_samples_20260811.csv,20260811,existing fold_id P2-style split when available; group fallback otherwise
deepmask_gpr,existing_fold_p2,deepmask_gpr::augmented_utilities::175_aug_4,utility,utility::175,train,bea517f012e2c29fff88248216175bd5d286b0145d9da8e013b67b6f67c5cc68,data_manifests/deepmask_gpr_unified_samples_20260811.csv,20260811,existing fold_id P2-style split when available; group fallback otherwise
deepmask_gpr,existing_fold_p2,deepmask_gpr::augmented_utilities::175_aug_5,utility,utility::175,train,f7952b20ace410122d4b7a3f0110a6258632867b34d749ad500dff0890cf2a92,data_manifests/deepmask_gpr_unified_samples_20260811.csv,20260811,existing fold_id P2-style split when available; group fallback otherwise
deepmask_gpr,existing_fold_p2,deepmask_gpr::augmented_utilities::175_aug_6,utility,utility::175,train,375f744631f5da7264f277d94883278c5bec059fc8650e2db296baa38cd7bd6b,data_manifests/deepmask_gpr_unified_samples_20260811.csv,20260811,existing fold_id P2-style split when available; group fallback otherwise
deepmask_gpr,existing_fold_p2,deepmask_gpr::augmented_utilities::176_aug_1,utility,utility::176,val,a75e6a188a2f38bcfdf86f9e2dd0026cb43f653b27d133bcd33ab8fa5d8ad636,data_manifests/deepmask_gpr_unified_samples_20260811.csv,20260811,existing fold_id P2-style split when available; group fallback otherwise
deepmask_gpr,existing_fold_p2,deepmask_gpr::augmented_utilities::176_aug_2,utility,utility::176,val,a4c68f52c14173e45b85cda4f3f139dbf4f2d7a522366b6321101562bf9768b7,data_manifests/deepmask_gpr_unified_samples_20260811.csv,20260811,existing fold_id P2-style split when available; group fallback otherwise
deepmask_gpr,existing_fold_p2,deepmask_gpr::augmented_utilities::176_aug_3,utility,utility::176,val,4217189d4169b7a2f4ff947c5e177b3fb40f8c0aee39e0a687f8c40a49fbc4f1,data_manifests/deepmask_gpr_unified_samples_20260811.csv,20260811,existing fold_id P2-style split when available; group fallback otherwise
deepmask_gpr,existing_fold_p2,deepmask_gpr::augmented_utilities::176_aug_4,utility,utility::176,val,0fccd32ddec530f1b208809265ea7e1664cf519f6c30d73356d09886b2840ea1,data_manifests/deepmask_gpr_unified_samples_20260811.csv,20260811,existing fold_id P2-style split when available; group fallback otherwise
deepmask_gpr,existing_fold_p2,deepmask_gpr::augmented_utilities::176_aug_5,utility,utility::176,val,cb2319969d5b598a1570cadad4b4608edc6124daf3e32613d21060e67861363b,data_manifests/deepmask_gpr_unified_samples_20260811.csv,20260811,existing fold_id P2-style split when available; group fallback otherwise
deepmask_gpr,existing_fold_p2,deepmask_gpr::augmented_utilities::176_aug_6,utility,utility::176,val,508d410fc848ca198bb826af02b78559ff5e2c3cd22405bc0d89a6cb25d8a328,data_manifests/deepmask_gpr_unified_samples_20260811.csv,20260811,existing fold_id P2-style split when available; group fallback otherwise
deepmask_gpr,existing_fold_p2,deepmask_gpr::augmented_utilities::177_aug_1,utility,utility::177,test,504969092e5646dfb388592bcb78bc6876ec04d1e5a3f6593631560940319bd6,data_manifests/deepmask_gpr_unified_samples_20260811.csv,20260811,existing fold_id P2-style split when available; group fallback otherwise
deepmask_gpr,existing_fold_p2,deepmask_gpr::augmented_utilities::177_aug_2,utility,utility::177,test,081e5bad1cd45818a7f06c8fcc4fe959874dbdeacc655e9110acee1d307f1bc0,data_manifests/deepmask_gpr_unified_samples_20260811.csv,20260811,existing fold_id P2-style split when available; group fallback otherwise
deepmask_gpr,existing_fold_p2,deepmask_gpr::augmented_utilities::177_aug_3,utility,utility::177,test,39a3ff5b00ae631e0883b732bc6d5ad3dac16515416bdc149bee702721befa01,data_manifests/deepmask_gpr_unified_samples_20260811.csv,20260811,existing fold_id P2-style split when available; group fallback otherwise
deepmask_gpr,existing_fold_p2,deepmask_gpr::augmented_utilities::177_aug_4,utility,utility::177,test,490b6929e9a9ffc47467e5a8e6c75bb9daf9c183962e4aa4443383b8d4725001,data_manifests/deepmask_gpr_unified_samples_20260811.csv,20260811,existing fold_id P2-style split when available; group fallback otherwise
deepmask_gpr,existing_fold_p2,deepmask_gpr::augmented_utilities::177_aug_5,utility,utility::177,test,fb802dd83defa77589bdbec91a1e2c84e547d477bf5709096fd9154cd267174d,data_manifests/deepmask_gpr_unified_samples_20260811.csv,20260811,existing fold_id P2-style split when available; group fallback otherwise
deepmask_gpr,existing_fold_p2,deepmask_gpr::augmented_utilities::177_aug_6,utility,utility::177,test,4b9746907cc49e0bfe6944000478595224fda02ded11b037048267f713033bb5,data_manifests/deepmask_gpr_unified_samples_20260811.csv,20260811,existing fold_id P2-style split when available; group fallback otherwise
deepmask_gpr,existing_fold_p2,deepmask_gpr::augmented_utilities::179_aug_1,utility,utility::179,test,91f2e600670e1b3701ed5833048954aa75d4654648198442998d264e050965bc,data_manifests/deepmask_gpr_unified_samples_20260811.csv,20260811,existing fold_id P2-style split when available; group fallback otherwise
deepmask_gpr,existing_fold_p2,deepmask_gpr::augmented_utilities::179_aug_2,utility,utility::179,test,b6f9794a37ffffb9d473b5b2d939f7505145f6ef657486e5014fee444c98b558,data_manifests/deepmask_gpr_unified_samples_20260811.csv,20260811,existing fold_id P2-style split when available; group fallback otherwise
deepmask_gpr,existing_fold_p2,deepmask_gpr::augmented_utilities::179_aug_3,utility,utility::179,test,ed66bab0810b5f30c43c974e32617e182ef9db7446dd12075056fbee960c8f37,data_manifests/deepmask_gpr_unified_samples_20260811.csv,20260811,existing fold_id P2-style split when available; group fallback otherwise
deepmask_gpr,existing_fold_p2,deepmask_gpr::augmented_utilities::179_aug_4,utility,utility::179,test,de8635aa05894dfce29e40d984b85e796a37831d4a31ae1149f3fac69566ffdc,data_manifests/deepmask_gpr_unified_samples_20260811.csv,20260811,existing fold_id P2-style split when available; group fallback otherwise
deepmask_gpr,existing_fold_p2,deepmask_gpr::augmented_utilities::179_aug_5,utility,utility::179,test,36431cf4cb409ab72805f792bd9a32a30cd993f9110108570d63f7e5c404e563,data_manifests/deepmask_gpr_unified_samples_20260811.csv,20260811,existing fold_id P2-style split when available; group fallback otherwise
deepmask_gpr,existing_fold_p2,deepmask_gpr::augmented_utilities::179_aug_6,utility,utility::179,test,93e42cd640145adcd02480f5e50ecd948afadb3e83bbda60edc11200b35d851f,data_manifests/deepmask_gpr_unified_samples_20260811.csv,20260811,existing fold_id P2-style split when available; group fallback otherwise
deepmask_gpr,existing_fold_p2,deepmask_gpr::augmented_utilities::181_aug_1,utility,utility::181,train,e1de610405cc664bfdb91fe78fa6a2cc71978736e7fc53f1a813d8f328e8adcb,data_manifests/deepmask_gpr_unified_samples_20260811.csv,20260811,existing fold_id P2-style split when available; group fallback otherwise
deepmask_gpr,existing_fold_p2,deepmask_gpr::augmented_utilities::181_aug_2,utility,utility::181,train,950a1aaaac1a8959d47ba79da85073795a9b7fb565a2a655aae3d912ac509cff,data_manifests/deepmask_gpr_unified_samples_20260811.csv,20260811,existing fold_id P2-style split when available; group fallback otherwise
deepmask_gpr,existing_fold_p2,deepmask_gpr::augmented_utilities::181_aug_3,utility,utility::181,train,3fda0a6ae8491747628ff9ac7e672014e19a82bf8bfebb0bbb8ccf2b475534fd,data_manifests/deepmask_gpr_unified_samples_20260811.csv,20260811,existing fold_id P2-style split when available; group fallback otherwise
deepmask_gpr,existing_fold_p2,deepmask_gpr::augmented_utilities::181_aug_4,utility,utility::181,train,e052a58273f23327199647822509e33976ee38035df5d9b40270b2698401fce0,data_manifests/deepmask_gpr_unified_samples_20260811.csv,20260811,existing fold_id P2-style split when available; group fallback otherwise
deepmask_gpr,existing_fold_p2,deepmask_gpr::augmented_utilities::181_aug_5,utility,utility::181,train,f1e93de7cdb3c30816c2d57e5d7a3ef9dead0e76dce4d01f6d07afad0c9052a4,data_manifests/deepmask_gpr_unified_samples_20260811.csv,20260811,existing fold_id P2-style split when available; group fallback otherwise
deepmask_gpr,existing_fold_p2,deepmask_gpr::augmented_utilities::181_aug_6,utility,utility::181,train,5224c1dc42d5686ac58ebfa43af698178250b59a792bf0ff31fea30694b568ef,data_manifests/deepmask_gpr_unified_samples_20260811.csv,20260811,existing fold_id P2-style split when available; group fallback otherwise
deepmask_gpr,existing_fold_p2,deepmask_gpr::augmented_utilities::183_aug_1,utility,utility::183,val,3dde1a5e557383f5977daab3c27bba3da5b1a36ffa5d533948c7fae2d754e111,data_manifests/deepmask_gpr_unified_samples_20260811.csv,20260811,existing fold_id P2-style split when available; group fallback otherwise
deepmask_gpr,existing_fold_p2,deepmask_gpr::augmented_utilities::183_aug_2,utility,utility::183,val,48a24946259060c0d73ccbf1a41c28c0d95289ca7c26b0fab8c8f151e0fd9ec3,data_manifests/deepmask_gpr_unified_samples_20260811.csv,20260811,existing fold_id P2-style split when available; group fallback otherwise
deepmask_gpr,existing_fold_p2,deepmask_gpr::augmented_utilities::183_aug_3,utility,utility::183,val,b0b05e6445b525a9aa801d283b4313c05d8b7b1032ab40fa646dec81731b4880,data_manifests/deepmask_gpr_unified_samples_20260811.csv,20260811,existing fold_id P2-style split when available; group fallback otherwise
deepmask_gpr,existing_fold_p2,deepmask_gpr::augmented_utilities::183_aug_4,utility,utility::183,val,499f5a8e190548d769cc26912e00e1f3bc642b32a890039b87c7dbc0e9974543,data_manifests/deepmask_gpr_unified_samples_20260811.csv,20260811,existing fold_id P2-style split when available; group fallback otherwise
deepmask_gpr,existing_fold_p2,deepmask_gpr::augmented_utilities::183_aug_5,utility,utility::183,val,5bed8f43711186a794a407eb2abcd27e0e093a9c75bf37374fd1fda84eb95d86,data_manifests/deepmask_gpr_unified_samples_20260811.csv,20260811,existing fold_id P2-style split when available; group fallback otherwise
deepmask_gpr,existing_fold_p2,deepmask_gpr::augmented_utilities::183_aug_6,utility,utility::183,val,e2429a89767cd5528ed5fbc056193c13afac27415471ce5407997cf953b0b8a8,data_manifests/deepmask_gpr_unified_samples_20260811.csv,20260811,existing fold_id P2-style split when available; group fallback otherwise
deepmask_gpr,existing_fold_p2,deepmask_gpr::augmented_utilities::185_aug_1,utility,utility::185,test,637127e65b5cffcdacfc8e1d0ad87fae566d842d1c0c8b8abf308d2e21e95071,data_manifests/deepmask_gpr_unified_samples_20260811.csv,20260811,existing fold_id P2-style split when available; group fallback otherwise
deepmask_gpr,existing_fold_p2,deepmask_gpr::augmented_utilities::185_aug_2,utility,utility::185,test,1c763aff56aff164f3604c7c5da07356481b746ba7c4c293311cb858c4fff3af,data_manifests/deepmask_gpr_unified_samples_20260811.csv,20260811,existing fold_id P2-style split when available; group fallback otherwise
deepmask_gpr,existing_fold_p2,deepmask_gpr::augmented_utilities::185_aug_3,utility,utility::185,test,7d69583fd8eeec29ecbcee69d6e5a85e3ea2ab7fc1105a784c11e45b3211b0dd,data_manifests/deepmask_gpr_unified_samples_20260811.csv,20260811,existing fold_id P2-style split when available; group fallback otherwise
deepmask_gpr,existing_fold_p2,deepmask_gpr::augmented_utilities::185_aug_4,utility,utility::185,test,90f62fe364f4ff9b4be09b8a373182bb661ab8c951d914894db634ad9eaa0376,data_manifests/deepmask_gpr_unified_samples_20260811.csv,20260811,existing fold_id P2-style split when available; group fallback otherwise
deepmask_gpr,existing_fold_p2,deepmask_gpr::augmented_utilities::185_aug_5,utility,utility::185,test,5827b56c5d00e6798625a4f9a01cdc525c5da0a2e522e88a204622fb2d16fda8,data_manifests/deepmask_gpr_unified_samples_20260811.csv,20260811,existing fold_id P2-style split when available; group fallback otherwise
deepmask_gpr,existing_fold_p2,deepmask_gpr::augmented_utilities::185_aug_6,utility,utility::185,test,9c7a044f809f8b2c701cfb2c323f902f5c889823bd423141635bc899c55df304,data_manifests/deepmask_gpr_unified_samples_20260811.csv,20260811,existing fold_id P2-style split when available; group fallback otherwise
deepmask_gpr,existing_fold_p2,deepmask_gpr::augmented_utilities::186_aug_1,utility,utility::186,train,da8f171e54af7ea510ada560f0fca8cccb9abb5e0b4430ed4c5ac994e53b1267,data_manifests/deepmask_gpr_unified_samples_20260811.csv,20260811,existing fold_id P2-style split when available; group fallback otherwise
deepmask_gpr,existing_fold_p2,deepmask_gpr::augmented_utilities::186_aug_2,utility,utility::186,train,f433367ac66eb394aecee80d5590be475c3298255211496bbdf4f7bfa154aade,data_manifests/deepmask_gpr_unified_samples_20260811.csv,20260811,existing fold_id P2-style split when available; group fallback otherwise
deepmask_gpr,existing_fold_p2,deepmask_gpr::augmented_utilities::186_aug_3,utility,utility::186,train,8c3fa0e073ef1ae1df756d3305a4ced751579806e95d6eee65a076699d936d2a,data_manifests/deepmask_gpr_unified_samples_20260811.csv,20260811,existing fold_id P2-style split when available; group fallback otherwise
deepmask_gpr,existing_fold_p2,deepmask_gpr::augmented_utilities::186_aug_4,utility,utility::186,train,69adbeab2e61d065cbda25901624a1fec175141b9b9f4380054b2e5294810229,data_manifests/deepmask_gpr_unified_samples_20260811.csv,20260811,existing fold_id P2-style split when available; group fallback otherwise
deepmask_gpr,existing_fold_p2,deepmask_gpr::augmented_utilities::186_aug_5,utility,utility::186,train,152727c6da969bd6167d9ec9ecce887251dda55e94241a0d28a7212e9cc28a54,data_manifests/deepmask_gpr_unified_samples_20260811.csv,20260811,existing fold_id P2-style split when available; group fallback otherwise
deepmask_gpr,existing_fold_p2,deepmask_gpr::augmented_utilities::186_aug_6,utility,utility::186,train,0e187d4483ca5e0b1ab7566a8d34adc8be9bfd951341ec439c59b224bdc420b7,data_manifests/deepmask_gpr_unified_samples_20260811.csv,20260811,existing fold_id P2-style split when available; group fallback otherwise
deepmask_gpr,existing_fold_p2,deepmask_gpr::augmented_utilities::188_aug_1,utility,utility::188,val,044ff8f5850cff62346f25206ec4e3f05b6b72b660fd7ea41ff8546aa87f085e,data_manifests/deepmask_gpr_unified_samples_20260811.csv,20260811,existing fold_id P2-style split when available; group fallback otherwise
deepmask_gpr,existing_fold_p2,deepmask_gpr::augmented_utilities::188_aug_2,utility,utility::188,val,7586a71ab3d4de5f41dafecb73419e030e8d005b5b6316d785be5993de36fc3f,data_manifests/deepmask_gpr_unified_samples_20260811.csv,20260811,existing fold_id P2-style split when available; group fallback otherwise
deepmask_gpr,existing_fold_p2,deepmask_gpr::augmented_utilities::188_aug_3,utility,utility::188,val,4a4f986f31476ef45c77954c3e49c1a58efd9f7ef2c2548eabd3acbedbb4529e,data_manifests/deepmask_gpr_unified_samples_20260811.csv,20260811,existing fold_id P2-style split when available; group fallback otherwise
deepmask_gpr,existing_fold_p2,deepmask_gpr::augmented_utilities::188_aug_4,utility,utility::188,val,05c8caff43cdfbb85e5de904592cf88548eb66e772134a727c09d4a23347c1b2,data_manifests/deepmask_gpr_unified_samples_20260811.csv,20260811,existing fold_id P2-style split when available; group fallback otherwise
deepmask_gpr,existing_fold_p2,deepmask_gpr::augmented_utilities::188_aug_5,utility,utility::188,val,fc7eaf3f2363ef7a00d2f720a4ec072c997765c4c422cd63dc819e04e8d60383,data_manifests/deepmask_gpr_unified_samples_20260811.csv,20260811,existing fold_id P2-style split when available; group fallback otherwise
deepmask_gpr,existing_fold_p2,deepmask_gpr::augmented_utilities::188_aug_6,utility,utility::188,val,df2ac1499803b7324d76567b42769919542b1a53fcec89d66de8a6bc704b2236,data_manifests/deepmask_gpr_unified_samples_20260811.csv,20260811,existing fold_id P2-style split when available; group fallback otherwise
deepmask_gpr,existing_fold_p2,deepmask_gpr::augmented_utilities::190_aug_1,utility,utility::190,val,a86330a206bac34fbb8d5552ba89c3651450518bb8273daee3a30f84249909fc,data_manifests/deepmask_gpr_unified_samples_20260811.csv,20260811,existing fold_id P2-style split when available; group fallback otherwise
deepmask_gpr,existing_fold_p2,deepmask_gpr::augmented_utilities::190_aug_2,utility,utility::190,val,ec3e55b12b7becdb8307e5f57879cebe1ce7a06c2dbae9b5863c26e7892e6900,data_manifests/deepmask_gpr_unified_samples_20260811.csv,20260811,existing fold_id P2-style split when available; group fallback otherwise
deepmask_gpr,existing_fold_p2,deepmask_gpr::augmented_utilities::190_aug_3,utility,utility::190,val,033613e6345b262de82adfc64132cc4adcd76391a3b2ae164d0945fd5581e78e,data_manifests/deepmask_gpr_unified_samples_20260811.csv,20260811,existing fold_id P2-style split when available; group fallback otherwise
deepmask_gpr,existing_fold_p2,deepmask_gpr::augmented_utilities::190_aug_4,utility,utility::190,val,27d2becfdf3e3d86b18d5537a1ebb05ff1d75b5bb5abd8f5a559f0d395bf2b3f,data_manifests/deepmask_gpr_unified_samples_20260811.csv,20260811,existing fold_id P2-style split when available; group fallback otherwise
deepmask_gpr,existing_fold_p2,deepmask_gpr::augmented_utilities::190_aug_5,utility,utility::190,val,06dfd1bc9510d9a590aeb897889d27179faa5ec7f4f60cb829a7dc79715e1916,data_manifests/deepmask_gpr_unified_samples_20260811.csv,20260811,existing fold_id P2-style split when available; group fallback otherwise
deepmask_gpr,existing_fold_p2,deepmask_gpr::augmented_utilities::190_aug_6,utility,utility::190,val,26cb12580ce02adcbe3c04d4d86b74c13db66ba185d9df139f4c12232d1506f6,data_manifests/deepmask_gpr_unified_samples_20260811.csv,20260811,existing fold_id P2-style split when available; group fallback otherwise
deepmask_gpr,existing_fold_p2,deepmask_gpr::augmented_utilities::192_aug_1,utility,utility::192,train,b34c844ce0481941d349e161e661e99777c914495fc043a7cdac2f04674b243d,data_manifests/deepmask_gpr_unified_samples_20260811.csv,20260811,existing fold_id P2-style split when available; group fallback otherwise
deepmask_gpr,existing_fold_p2,deepmask_gpr::augmented_utilities::192_aug_2,utility,utility::192,train,6327197e42ff4f6442a43b0b1712c528da6d8aa12d34ba612e333082edc84324,data_manifests/deepmask_gpr_unified_samples_20260811.csv,20260811,existing fold_id P2-style split when available; group fallback otherwise
deepmask_gpr,existing_fold_p2,deepmask_gpr::augmented_utilities::192_aug_3,utility,utility::192,train,132ac485d7567d81da228983318dcb8246479a53c71c44ff36e54278d1ce9e43,data_manifests/deepmask_gpr_unified_samples_20260811.csv,20260811,existing fold_id P2-style split when available; group fallback otherwise
deepmask_gpr,existing_fold_p2,deepmask_gpr::augmented_utilities::192_aug_4,utility,utility::192,train,54c8bdc54062f8d4f71c83993a7f911c19b037715a984c3feeb599acb8f0fbe3,data_manifests/deepmask_gpr_unified_samples_20260811.csv,20260811,existing fold_id P2-style split when available; group fallback otherwise
deepmask_gpr,existing_fold_p2,deepmask_gpr::augmented_utilities::192_aug_5,utility,utility::192,train,d456f0427183a92b50a85ecb8eff282b1dd37f445d836de29aa28594036704e4,data_manifests/deepmask_gpr_unified_samples_20260811.csv,20260811,existing fold_id P2-style split when available; group fallback otherwise
deepmask_gpr,existing_fold_p2,deepmask_gpr::augmented_utilities::192_aug_6,utility,utility::192,train,b9f89a45fe3fd087ae740bfd5fe4f64a85b129e69111be46ae28398747a829b9,data_manifests/deepmask_gpr_unified_samples_20260811.csv,20260811,existing fold_id P2-style split when available; group fallback otherwise
deepmask_gpr,existing_fold_p2,deepmask_gpr::augmented_utilities::194_aug_1,utility,utility::194,train,262c55544597db15fafba07d09356da872d58b388d8a82f0e97d4cbe5a6a75ea,data_manifests/deepmask_gpr_unified_samples_20260811.csv,20260811,existing fold_id P2-style split when available; group fallback otherwise
deepmask_gpr,existing_fold_p2,deepmask_gpr::augmented_utilities::194_aug_2,utility,utility::194,train,5d341b849a9b528f946096c81ff49ffb13ffa0dd0abe9f58997c38894a85c54c,data_manifests/deepmask_gpr_unified_samples_20260811.csv,20260811,existing fold_id P2-style split when available; group fallback otherwise
deepmask_gpr,existing_fold_p2,deepmask_gpr::augmented_utilities::194_aug_3,utility,utility::194,train,4a05739b253998601d95940bd714730a241378244bf4e75df877b8f497f67770,data_manifests/deepmask_gpr_unified_samples_20260811.csv,20260811,existing fold_id P2-style split when available; group fallback otherwise
deepmask_gpr,existing_fold_p2,deepmask_gpr::augmented_utilities::194_aug_4,utility,utility::194,train,5c8730b14e1e577e6c09aa91859f5bfd9c7bb57e04ee583ca4a5212d4dd5c79b,data_manifests/deepmask_gpr_unified_samples_20260811.csv,20260811,existing fold_id P2-style split when available; group fallback otherwise
deepmask_gpr,existing_fold_p2,deepmask_gpr::augmented_utilities::194_aug_5,utility,utility::194,train,082884be985f34e29093bc33e4ade9a789c42ab3849d4bf6c59fd10837eca17f,data_manifests/deepmask_gpr_unified_samples_20260811.csv,20260811,existing fold_id P2-style split when available; group fallback otherwise
deepmask_gpr,existing_fold_p2,deepmask_gpr::augmented_utilities::194_aug_6,utility,utility::194,train,4f00eecce44e2b2471bd5fa427c2c6584c1bc918aae568824cf86b697c9a4b4e,data_manifests/deepmask_gpr_unified_samples_20260811.csv,20260811,existing fold_id P2-style split when available; group fallback otherwise
deepmask_gpr,existing_fold_p2,deepmask_gpr::augmented_utilities::195_aug_1,utility,utility::195,test,373acfe2424f4aedf8051eb69c62d41bf12eb7f89896449a0e24aed8d9de3cdc,data_manifests/deepmask_gpr_unified_samples_20260811.csv,20260811,existing fold_id P2-style split when available; group fallback otherwise
deepmask_gpr,existing_fold_p2,deepmask_gpr::augmented_utilities::195_aug_2,utility,utility::195,test,6627385846db61309704823d994084fd9ffcb9f75cd0eeec01de76f27bf8ce80,data_manifests/deepmask_gpr_unified_samples_20260811.csv,20260811,existing fold_id P2-style split when available; group fallback otherwise
deepmask_gpr,existing_fold_p2,deepmask_gpr::augmented_utilities::195_aug_3,utility,utility::195,test,018d66174fcc910c8b68e15bd1519f13e90c14f9bb16ca57495cd29a2495fd0d,data_manifests/deepmask_gpr_unified_samples_20260811.csv,20260811,existing fold_id P2-style split when available; group fallback otherwise
deepmask_gpr,existing_fold_p2,deepmask_gpr::augmented_utilities::195_aug_4,utility,utility::195,test,9f469f37d08f8c6f779d5c59ecdbc04266794309b42477575a51dd8460ff2329,data_manifests/deepmask_gpr_unified_samples_20260811.csv,20260811,existing fold_id P2-style split when available; group fallback otherwise
deepmask_gpr,existing_fold_p2,deepmask_gpr::augmented_utilities::195_aug_5,utility,utility::195,test,9b92e82e9c03abab34f5b683fa0d4f5219c79d83d3aac7df78f993ce24ddcf67,data_manifests/deepmask_gpr_unified_samples_20260811.csv,20260811,existing fold_id P2-style split when available; group fallback otherwise
deepmask_gpr,existing_fold_p2,deepmask_gpr::augmented_utilities::195_aug_6,utility,utility::195,test,54a634aa4b67698f361f1d1576f003f0be5ec7fb6ecc47ee3a8f6e1d95459105,data_manifests/deepmask_gpr_unified_samples_20260811.csv,20260811,existing fold_id P2-style split when available; group fallback otherwise
deepmask_gpr,existing_fold_p2,deepmask_gpr::augmented_utilities::198_aug_1,utility,utility::198,train,5b2893742b85356f53f518f0f4c2b94532b2bdeaeac54731ace6ab55af300d4c,data_manifests/deepmask_gpr_unified_samples_20260811.csv,20260811,existing fold_id P2-style split when available; group fallback otherwise
deepmask_gpr,existing_fold_p2,deepmask_gpr::augmented_utilities::198_aug_2,utility,utility::198,train,b5dc623b6ed3613212b5d45046ab2430bfb639fdbc3e957f5feb8c35c105251e,data_manifests/deepmask_gpr_unified_samples_20260811.csv,20260811,existing fold_id P2-style split when available; group fallback otherwise
deepmask_gpr,existing_fold_p2,deepmask_gpr::augmented_utilities::198_aug_3,utility,utility::198,train,f4cd8266726914748ca5c7289ebfbb0e012cfbf5752860b8c53c11482b63590b,data_manifests/deepmask_gpr_unified_samples_20260811.csv,20260811,existing fold_id P2-style split when available; group fallback otherwise
deepmask_gpr,existing_fold_p2,deepmask_gpr::augmented_utilities::198_aug_4,utility,utility::198,train,887d116399e69fbcdc6d410c91e70ea31a6d5dcca89b65db91f9827584dd5f6d,data_manifests/deepmask_gpr_unified_samples_20260811.csv,20260811,existing fold_id P2-style split when available; group fallback otherwise
deepmask_gpr,existing_fold_p2,deepmask_gpr::augmented_utilities::198_aug_5,utility,utility::198,train,3ce5d9ce20558b4b322abe0c4e022a803602ab2ad974e5a9cdc508293345f1b4,data_manifests/deepmask_gpr_unified_samples_20260811.csv,20260811,existing fold_id P2-style split when available; group fallback otherwise
deepmask_gpr,existing_fold_p2,deepmask_gpr::augmented_utilities::198_aug_6,utility,utility::198,train,4dfdbb3b83616db6561bff493c17b9b928a75d9bbf601fcc3513ef150e453e65,data_manifests/deepmask_gpr_unified_samples_20260811.csv,20260811,existing fold_id P2-style split when available; group fallback otherwise
deepmask_gpr,existing_fold_p2,deepmask_gpr::augmented_utilities::201_aug_1,utility,utility::201,train,cf1036eb7a986b3cf645617ef8b3686cd0a769f4f489e100bb4192a4056ba17b,data_manifests/deepmask_gpr_unified_samples_20260811.csv,20260811,existing fold_id P2-style split when available; group fallback otherwise
deepmask_gpr,existing_fold_p2,deepmask_gpr::augmented_utilities::201_aug_2,utility,utility::201,train,7f6bdbcc391c1fc8808fb1724a0f6e50605cfef683488eda6573fcb360bc89a2,data_manifests/deepmask_gpr_unified_samples_20260811.csv,20260811,existing fold_id P2-style split when available; group fallback otherwise
deepmask_gpr,existing_fold_p2,deepmask_gpr::augmented_utilities::201_aug_3,utility,utility::201,train,00c21d47034f8ab1aea4eb05fcf629790296607c5f4f367c9c8f250637ec6ccb,data_manifests/deepmask_gpr_unified_samples_20260811.csv,20260811,existing fold_id P2-style split when available; group fallback otherwise
deepmask_gpr,existing_fold_p2,deepmask_gpr::augmented_utilities::201_aug_4,utility,utility::201,train,89c696b561e0c27a121a74f4f8900b136b06a6a4b6377e3842a59b529d1e2ffd,data_manifests/deepmask_gpr_unified_samples_20260811.csv,20260811,existing fold_id P2-style split when available; group fallback otherwise
deepmask_gpr,existing_fold_p2,deepmask_gpr::augmented_utilities::201_aug_5,utility,utility::201,train,39977de9b11babe916b21793727708d4bbc9f6c264b8cfce9f7a0740bdcde8da,data_manifests/deepmask_gpr_unified_samples_20260811.csv,20260811,existing fold_id P2-style split when available; group fallback otherwise
deepmask_gpr,existing_fold_p2,deepmask_gpr::augmented_utilities::201_aug_6,utility,utility::201,train,ba9a65298f538ca999cda075393e8919e0e44c3f716cb38e3c6cb262a34d29bf,data_manifests/deepmask_gpr_unified_samples_20260811.csv,20260811,existing fold_id P2-style split when available; group fallback otherwise
deepmask_gpr,existing_fold_p2,deepmask_gpr::augmented_utilities::204_aug_1,utility,utility::204,train,27fc51ec59ebf92d97fecc5a7143f60f164e2f185de09f1d996541d0a3ee7ff8,data_manifests/deepmask_gpr_unified_samples_20260811.csv,20260811,existing fold_id P2-style split when available; group fallback otherwise
deepmask_gpr,existing_fold_p2,deepmask_gpr::augmented_utilities::204_aug_2,utility,utility::204,train,962571ebb01eec6409c6653a878347dc4d81f98f9310872f803af85717ca5d8c,data_manifests/deepmask_gpr_unified_samples_20260811.csv,20260811,existing fold_id P2-style split when available; group fallback otherwise
deepmask_gpr,existing_fold_p2,deepmask_gpr::augmented_utilities::204_aug_3,utility,utility::204,train,bffa4454019a9feb73b48986312bcc0d2db41678665c6aec8951c0383cebd37f,data_manifests/deepmask_gpr_unified_samples_20260811.csv,20260811,existing fold_id P2-style split when available; group fallback otherwise
deepmask_gpr,existing_fold_p2,deepmask_gpr::augmented_utilities::204_aug_4,utility,utility::204,train,ecfeaf82a74d9df09a07484fd5a8bd76e21c2fd5218465440a3b80b146e6b60d,data_manifests/deepmask_gpr_unified_samples_20260811.csv,20260811,existing fold_id P2-style split when available; group fallback otherwise
deepmask_gpr,existing_fold_p2,deepmask_gpr::augmented_utilities::204_aug_5,utility,utility::204,train,6dd8d2f92ce6a447bfea05878338d823ab622a8d0366633f68ffde8b44ec6ccd,data_manifests/deepmask_gpr_unified_samples_20260811.csv,20260811,existing fold_id P2-style split when available; group fallback otherwise
deepmask_gpr,existing_fold_p2,deepmask_gpr::augmented_utilities::204_aug_6,utility,utility::204,train,4d2e6d511aae55559816bff8d6455c61986c39b661c9e7b0ead069cb25fce72e,data_manifests/deepmask_gpr_unified_samples_20260811.csv,20260811,existing fold_id P2-style split when available; group fallback otherwise
deepmask_gpr,existing_fold_p2,deepmask_gpr::augmented_utilities::206_aug_1,utility,utility::206,train,cfa3e72c92b8410d9c80f1b5e0643fa178ade78dce0e37aed755ccc611b037dd,data_manifests/deepmask_gpr_unified_samples_20260811.csv,20260811,existing fold_id P2-style split when available; group fallback otherwise
deepmask_gpr,existing_fold_p2,deepmask_gpr::augmented_utilities::206_aug_2,utility,utility::206,train,a456181ff21cf78671128ce2dadfe615105a04cf353b6bfbfa76d188c2c82636,data_manifests/deepmask_gpr_unified_samples_20260811.csv,20260811,existing fold_id P2-style split when available; group fallback otherwise
deepmask_gpr,existing_fold_p2,deepmask_gpr::augmented_utilities::206_aug_3,utility,utility::206,train,0373a75500f0165ac49073a7c61cf4aa6a7cc345f9f5f445987d390518d11163,data_manifests/deepmask_gpr_unified_samples_20260811.csv,20260811,existing fold_id P2-style split when available; group fallback otherwise
deepmask_gpr,existing_fold_p2,deepmask_gpr::augmented_utilities::206_aug_4,utility,utility::206,train,4d86c42f49478f2e7185da6463ed990a08edc1e648e3bfdd8a51e67ea3f25054,data_manifests/deepmask_gpr_unified_samples_20260811.csv,20260811,existing fold_id P2-style split when available; group fallback otherwise
deepmask_gpr,existing_fold_p2,deepmask_gpr::augmented_utilities::206_aug_5,utility,utility::206,train,e3b4297c8c2edb8c933b814832e288aaf9a45824c27b25aca10c4b0c4a59acdf,data_manifests/deepmask_gpr_unified_samples_20260811.csv,20260811,existing fold_id P2-style split when available; group fallback otherwise
deepmask_gpr,existing_fold_p2,deepmask_gpr::augmented_utilities::206_aug_6,utility,utility::206,train,18bf41cb6493db1e1bf4e2b4d2ba8054fc12fafc369aca3419842e7954cceb8f,data_manifests/deepmask_gpr_unified_samples_20260811.csv,20260811,existing fold_id P2-style split when available; group fallback otherwise
deepmask_gpr,existing_fold_p2,deepmask_gpr::augmented_utilities::208_aug_1,utility,utility::208,train,16a4f81e88914d21534193c5d657920e40a37b27697985479e407b960e840109,data_manifests/deepmask_gpr_unified_samples_20260811.csv,20260811,existing fold_id P2-style split when available; group fallback otherwise
deepmask_gpr,existing_fold_p2,deepmask_gpr::augmented_utilities::208_aug_2,utility,utility::208,train,4f295a964eb06a5a6d7612911b66168716de653e0ac97800d60e327876b3a026,data_manifests/deepmask_gpr_unified_samples_20260811.csv,20260811,existing fold_id P2-style split when available; group fallback otherwise
deepmask_gpr,existing_fold_p2,deepmask_gpr::augmented_utilities::208_aug_3,utility,utility::208,train,9025583ec37c0eb91e00946daa4f0f06c159851a76ef298ed5f8dbace571f236,data_manifests/deepmask_gpr_unified_samples_20260811.csv,20260811,existing fold_id P2-style split when available; group fallback otherwise
deepmask_gpr,existing_fold_p2,deepmask_gpr::augmented_utilities::208_aug_4,utility,utility::208,train,0139c11b6cf5e47f8ec20182796f0cc15f4d6538174401f4f03d38063cb54083,data_manifests/deepmask_gpr_unified_samples_20260811.csv,20260811,existing fold_id P2-style split when available; group fallback otherwise
deepmask_gpr,existing_fold_p2,deepmask_gpr::augmented_utilities::208_aug_5,utility,utility::208,train,e3f6a5ce88bb20dcd2161387d61fb152806e4e24ee68f2449a5da638dade2a36,data_manifests/deepmask_gpr_unified_samples_20260811.csv,20260811,existing fold_id P2-style split when available; group fallback otherwise
deepmask_gpr,existing_fold_p2,deepmask_gpr::augmented_utilities::208_aug_6,utility,utility::208,train,bd263e289cf3dc3532ba351822b2e82aa1ae76f67fe21cca3bac0d8fb2066bec,data_manifests/deepmask_gpr_unified_samples_20260811.csv,20260811,existing fold_id P2-style split when available; group fallback otherwise
deepmask_gpr,existing_fold_p2,deepmask_gpr::augmented_utilities::209_aug_1,utility,utility::209,test,28d6c9683accb39eec6dfd12a28fe0c74b8259429eeeaa1217a6dc662313fab7,data_manifests/deepmask_gpr_unified_samples_20260811.csv,20260811,existing fold_id P2-style split when available; group fallback otherwise
deepmask_gpr,existing_fold_p2,deepmask_gpr::augmented_utilities::209_aug_2,utility,utility::209,test,e54bd7f7825e68a4562ae26fa8ef9cc532d287cdd8dc95bb160ee43bc4058df3,data_manifests/deepmask_gpr_unified_samples_20260811.csv,20260811,existing fold_id P2-style split when available; group fallback otherwise
deepmask_gpr,existing_fold_p2,deepmask_gpr::augmented_utilities::209_aug_3,utility,utility::209,test,b07905f84e5e423fd0feed07b9a63d4f1e181682549fd5f975ae2c0d38e3cb6f,data_manifests/deepmask_gpr_unified_samples_20260811.csv,20260811,existing fold_id P2-style split when available; group fallback otherwise
deepmask_gpr,existing_fold_p2,deepmask_gpr::augmented_utilities::209_aug_4,utility,utility::209,test,0179dc38cdbac8d9d44ca81ece999ff2def1012c638bc0639c46c9844542a04b,data_manifests/deepmask_gpr_unified_samples_20260811.csv,20260811,existing fold_id P2-style split when available; group fallback otherwise
deepmask_gpr,existing_fold_p2,deepmask_gpr::augmented_utilities::209_aug_5,utility,utility::209,test,5434466039eea9814c10527310a891f7cc184a134b89a973ce1b5564780ed593,data_manifests/deepmask_gpr_unified_samples_20260811.csv,20260811,existing fold_id P2-style split when available; group fallback otherwise
deepmask_gpr,existing_fold_p2,deepmask_gpr::augmented_utilities::209_aug_6,utility,utility::209,test,9c030f65cca4b996ee510927fc1b7e27cfb377b8a6600d721e45cdba00a0b69f,data_manifests/deepmask_gpr_unified_samples_20260811.csv,20260811,existing fold_id P2-style split when available; group fallback otherwise
deepmask_gpr,existing_fold_p2,deepmask_gpr::augmented_utilities::210_aug_1,utility,utility::210,train,e34a1fe5945357b28450054682d25b7583134481c515ae647d27bb183ad150ce,data_manifests/deepmask_gpr_unified_samples_20260811.csv,20260811,existing fold_id P2-style split when available; group fallback otherwise
deepmask_gpr,existing_fold_p2,deepmask_gpr::augmented_utilities::210_aug_2,utility,utility::210,train,946b94baa9d849c5bea09602007b2413e8d34ad93364fdc5589b72b48a63d64f,data_manifests/deepmask_gpr_unified_samples_20260811.csv,20260811,existing fold_id P2-style split when available; group fallback otherwise
deepmask_gpr,existing_fold_p2,deepmask_gpr::augmented_utilities::210_aug_3,utility,utility::210,train,da707a013b3f16671d81fa6b4be1dd5210fb829acfaae2e2150f226f2ccb9441,data_manifests/deepmask_gpr_unified_samples_20260811.csv,20260811,existing fold_id P2-style split when available; group fallback otherwise
deepmask_gpr,existing_fold_p2,deepmask_gpr::augmented_utilities::210_aug_4,utility,utility::210,train,e89a51139e995f5cad35f12f0b8ac6ec27de7cf775e6af9e613fd32696eb1268,data_manifests/deepmask_gpr_unified_samples_20260811.csv,20260811,existing fold_id P2-style split when available; group fallback otherwise
deepmask_gpr,existing_fold_p2,deepmask_gpr::augmented_utilities::210_aug_5,utility,utility::210,train,8ada8841be7f00cf36a29a767a0a50b5f9887901af5c14d10e5962f154e8592e,data_manifests/deepmask_gpr_unified_samples_20260811.csv,20260811,existing fold_id P2-style split when available; group fallback otherwise
deepmask_gpr,existing_fold_p2,deepmask_gpr::augmented_utilities::210_aug_6,utility,utility::210,train,79ae5fa510d131c366621fb90c8021aadcecf37fb1a769a189fdfa77f48b1bb7,data_manifests/deepmask_gpr_unified_samples_20260811.csv,20260811,existing fold_id P2-style split when available; group fallback otherwise
deepmask_gpr,existing_fold_p2,deepmask_gpr::augmented_utilities::214_aug_1,utility,utility::214,train,ac57f5f969c09ac02f616e1a97ab583af3c9080abbd88c1629a4e52748810f38,data_manifests/deepmask_gpr_unified_samples_20260811.csv,20260811,existing fold_id P2-style split when available; group fallback otherwise
deepmask_gpr,existing_fold_p2,deepmask_gpr::augmented_utilities::214_aug_2,utility,utility::214,train,d4cbf52ebf9cada07ebfea8aedafe9b40e12b2d30bbf3d48e4b8795fbdb6a257,data_manifests/deepmask_gpr_unified_samples_20260811.csv,20260811,existing fold_id P2-style split when available; group fallback otherwise
deepmask_gpr,existing_fold_p2,deepmask_gpr::augmented_utilities::214_aug_3,utility,utility::214,train,334b054f3d93b8be366d48c3b1b963361d6a120d0997782a4acfd63a72bf1435,data_manifests/deepmask_gpr_unified_samples_20260811.csv,20260811,existing fold_id P2-style split when available; group fallback otherwise
deepmask_gpr,existing_fold_p2,deepmask_gpr::augmented_utilities::214_aug_4,utility,utility::214,train,4b25a5a3f24aff8e14e59adefc2bcbdbe08632efba72ec89c9e1dbe30b98c27c,data_manifests/deepmask_gpr_unified_samples_20260811.csv,20260811,existing fold_id P2-style split when available; group fallback otherwise
deepmask_gpr,existing_fold_p2,deepmask_gpr::augmented_utilities::214_aug_5,utility,utility::214,train,e718d8838082bafe4d60586585ad947a9d602710ff823cdabeb5fe16fe9c4614,data_manifests/deepmask_gpr_unified_samples_20260811.csv,20260811,existing fold_id P2-style split when available; group fallback otherwise
deepmask_gpr,existing_fold_p2,deepmask_gpr::augmented_utilities::214_aug_6,utility,utility::214,train,dcb4bed66e54f73ccfb7054214007f2858956c00d0dfa1a9541329b262604d7d,data_manifests/deepmask_gpr_unified_samples_20260811.csv,20260811,existing fold_id P2-style split when available; group fallback otherwise
deepmask_gpr,existing_fold_p2,deepmask_gpr::augmented_utilities::215_aug_1,utility,utility::215,test,64c2ab27a2c47b2e03560fb30067a01553d0b1cd6fbabdf3c13ab2fafb7b57b9,data_manifests/deepmask_gpr_unified_samples_20260811.csv,20260811,existing fold_id P2-style split when available; group fallback otherwise
deepmask_gpr,existing_fold_p2,deepmask_gpr::augmented_utilities::215_aug_2,utility,utility::215,test,ed1a810700955ebcb2d2bb1110af9e879f8c6d9d72e88a71f7d622c84f5e825c,data_manifests/deepmask_gpr_unified_samples_20260811.csv,20260811,existing fold_id P2-style split when available; group fallback otherwise
deepmask_gpr,existing_fold_p2,deepmask_gpr::augmented_utilities::215_aug_3,utility,utility::215,test,e91c86d5a274538650da65da8779a4c3be2eeb82215babf6bfeeaffe544f1ac7,data_manifests/deepmask_gpr_unified_samples_20260811.csv,20260811,existing fold_id P2-style split when available; group fallback otherwise
deepmask_gpr,existing_fold_p2,deepmask_gpr::augmented_utilities::215_aug_4,utility,utility::215,test,0b0ae55e0bfd5028b83b68e7f8c46ee547bfde8b1b9a8de7b88da91d6813d4d4,data_manifests/deepmask_gpr_unified_samples_20260811.csv,20260811,existing fold_id P2-style split when available; group fallback otherwise
deepmask_gpr,existing_fold_p2,deepmask_gpr::augmented_utilities::215_aug_5,utility,utility::215,test,fea48bc4658973d456a5581348ed1b1972b8a8b6645dcb51370e737cc07e3ff3,data_manifests/deepmask_gpr_unified_samples_20260811.csv,20260811,existing fold_id P2-style split when available; group fallback otherwise
deepmask_gpr,existing_fold_p2,deepmask_gpr::augmented_utilities::215_aug_6,utility,utility::215,test,b9a1ecfc8428ee11583559f4ed7ae82352b7f831b8a5802902706a880e6e2b5e,data_manifests/deepmask_gpr_unified_samples_20260811.csv,20260811,existing fold_id P2-style split when available; group fallback otherwise
deepmask_gpr,existing_fold_p2,deepmask_gpr::augmented_utilities::218_aug_1,utility,utility::218,train,59f3ec02481c9140e49abac9f5752c53f5d60cab95bcac79b51e0842ae0ab671,data_manifests/deepmask_gpr_unified_samples_20260811.csv,20260811,existing fold_id P2-style split when available; group fallback otherwise
deepmask_gpr,existing_fold_p2,deepmask_gpr::augmented_utilities::218_aug_2,utility,utility::218,train,1fd71b48a249253c205e9e0b2e4c9c40f99e2dffdc8c1989879074e6049cdb0c,data_manifests/deepmask_gpr_unified_samples_20260811.csv,20260811,existing fold_id P2-style split when available; group fallback otherwise
deepmask_gpr,existing_fold_p2,deepmask_gpr::augmented_utilities::218_aug_3,utility,utility::218,train,2f6c276686294746e7c4ad5930302763ff408fe5d7990551dc021b513a7ba251,data_manifests/deepmask_gpr_unified_samples_20260811.csv,20260811,existing fold_id P2-style split when available; group fallback otherwise
deepmask_gpr,existing_fold_p2,deepmask_gpr::augmented_utilities::218_aug_4,utility,utility::218,train,3b1ac5d8626779c072c8c90b6f20a25a1d78522f7c38a358de812c6cab7cb52d,data_manifests/deepmask_gpr_unified_samples_20260811.csv,20260811,existing fold_id P2-style split when available; group fallback otherwise
deepmask_gpr,existing_fold_p2,deepmask_gpr::augmented_utilities::218_aug_5,utility,utility::218,train,d4c12598e11ec7d7b62c03832820fa21bf122d0146107d0685ae0e04ebbdfc23,data_manifests/deepmask_gpr_unified_samples_20260811.csv,20260811,existing fold_id P2-style split when available; group fallback otherwise
deepmask_gpr,existing_fold_p2,deepmask_gpr::augmented_utilities::218_aug_6,utility,utility::218,train,4c25ce25cfac787178f055dd413e5a09851b3a56517bbe9e6bd12b0416744a58,data_manifests/deepmask_gpr_unified_samples_20260811.csv,20260811,existing fold_id P2-style split when available; group fallback otherwise
deepmask_gpr,existing_fold_p2,deepmask_gpr::augmented_utilities::222_aug_1,utility,utility::222,test,8aa271328f581da56fa840aecb4a98470a0b5e8584933b9d196bfa4a4037e799,data_manifests/deepmask_gpr_unified_samples_20260811.csv,20260811,existing fold_id P2-style split when available; group fallback otherwise
deepmask_gpr,existing_fold_p2,deepmask_gpr::augmented_utilities::222_aug_2,utility,utility::222,test,941779b38254b7d58a947453d6d63f1d1ee60ed8a038b25b22bd396bf9d9bcff,data_manifests/deepmask_gpr_unified_samples_20260811.csv,20260811,existing fold_id P2-style split when available; group fallback otherwise
deepmask_gpr,existing_fold_p2,deepmask_gpr::augmented_utilities::222_aug_3,utility,utility::222,test,b66412cd544288ebcb53c45a55f7e6d65a0e956399816a2f9e06e75db8d76294,data_manifests/deepmask_gpr_unified_samples_20260811.csv,20260811,existing fold_id P2-style split when available; group fallback otherwise
deepmask_gpr,existing_fold_p2,deepmask_gpr::augmented_utilities::222_aug_4,utility,utility::222,test,8c3a224aa7a89b19214c08493f2b31da99a750b0490701b15a8dfa1122374d1a,data_manifests/deepmask_gpr_unified_samples_20260811.csv,20260811,existing fold_id P2-style split when available; group fallback otherwise
deepmask_gpr,existing_fold_p2,deepmask_gpr::augmented_utilities::222_aug_5,utility,utility::222,test,2a1e282d2c3822df5daffca1e6cff8691ddf9db286aa9dbf8f01f0c180b59739,data_manifests/deepmask_gpr_unified_samples_20260811.csv,20260811,existing fold_id P2-style split when available; group fallback otherwise
deepmask_gpr,existing_fold_p2,deepmask_gpr::augmented_utilities::222_aug_6,utility,utility::222,test,ea37d52658975fe349d185badbfb1f9adf80c3c96dc5ff9b1089211d88baed6b,data_manifests/deepmask_gpr_unified_samples_20260811.csv,20260811,existing fold_id P2-style split when available; group fallback otherwise
deepmask_gpr,existing_fold_p2,deepmask_gpr::augmented_utilities::225_aug_1,utility,utility::225,train,013e7c2b47e1f910d6f4c524a7b714817a52580f4ef3d1500fcbbff131dd5e5b,data_manifests/deepmask_gpr_unified_samples_20260811.csv,20260811,existing fold_id P2-style split when available; group fallback otherwise
deepmask_gpr,existing_fold_p2,deepmask_gpr::augmented_utilities::225_aug_2,utility,utility::225,train,1418553ffa1adc8d7621dcec790f44247a2c30cfb037150e87df275a7893578b,data_manifests/deepmask_gpr_unified_samples_20260811.csv,20260811,existing fold_id P2-style split when available; group fallback otherwise
deepmask_gpr,existing_fold_p2,deepmask_gpr::augmented_utilities::225_aug_3,utility,utility::225,train,c6386f704d536a75f678092c11d9ce6579e411a5a182d2d21a20eb4b9fb6efe0,data_manifests/deepmask_gpr_unified_samples_20260811.csv,20260811,existing fold_id P2-style split when available; group fallback otherwise
deepmask_gpr,existing_fold_p2,deepmask_gpr::augmented_utilities::225_aug_4,utility,utility::225,train,3d4aa726682f8c19ec1730950690e4b3e4222d95c19d36bb63120b79b565a0e3,data_manifests/deepmask_gpr_unified_samples_20260811.csv,20260811,existing fold_id P2-style split when available; group fallback otherwise
deepmask_gpr,existing_fold_p2,deepmask_gpr::augmented_utilities::225_aug_5,utility,utility::225,train,95b7a89bb824f91e96b8bf759896d9a179ced1ba39a7f6b4c0b4fb13e1895776,data_manifests/deepmask_gpr_unified_samples_20260811.csv,20260811,existing fold_id P2-style split when available; group fallback otherwise
deepmask_gpr,existing_fold_p2,deepmask_gpr::augmented_utilities::225_aug_6,utility,utility::225,train,0abf12928b658b15a9fbb6a446631524c21cc54ca2156cd624ba1fd9730e3886,data_manifests/deepmask_gpr_unified_samples_20260811.csv,20260811,existing fold_id P2-style split when available; group fallback otherwise
deepmask_gpr,existing_fold_p2,deepmask_gpr::augmented_utilities::228_aug_1,utility,utility::228,train,129607d2c0d887a5038feb953e601ec5b56985bfa64bf0b7c5b0855ced8a6f82,data_manifests/deepmask_gpr_unified_samples_20260811.csv,20260811,existing fold_id P2-style split when available; group fallback otherwise
deepmask_gpr,existing_fold_p2,deepmask_gpr::augmented_utilities::228_aug_2,utility,utility::228,train,a2d9c8036ef99bb5543c8b0ea3d43e415f5d6df03a30508e915b15e6c913bdac,data_manifests/deepmask_gpr_unified_samples_20260811.csv,20260811,existing fold_id P2-style split when available; group fallback otherwise
deepmask_gpr,existing_fold_p2,deepmask_gpr::augmented_utilities::228_aug_3,utility,utility::228,train,710e223a5a016086bcc8789c9a011d6c6cc24fa6659de163f5e05e97be2e7fae,data_manifests/deepmask_gpr_unified_samples_20260811.csv,20260811,existing fold_id P2-style split when available; group fallback otherwise
deepmask_gpr,existing_fold_p2,deepmask_gpr::augmented_utilities::228_aug_4,utility,utility::228,train,41b26daa164d807b0648c454866e43b7d9a415d3c2b9468cedc354671ef4eb71,data_manifests/deepmask_gpr_unified_samples_20260811.csv,20260811,existing fold_id P2-style split when available; group fallback otherwise
deepmask_gpr,existing_fold_p2,deepmask_gpr::augmented_utilities::228_aug_5,utility,utility::228,train,63fafb5de08ef357d57a166a2c07003b6e69246609847b2763db53ee56a3c753,data_manifests/deepmask_gpr_unified_samples_20260811.csv,20260811,existing fold_id P2-style split when available; group fallback otherwise
deepmask_gpr,existing_fold_p2,deepmask_gpr::augmented_utilities::228_aug_6,utility,utility::228,train,2931e873abbaeb6539b3e12c97064b95f497f53ea5b43458ade385c578229434,data_manifests/deepmask_gpr_unified_samples_20260811.csv,20260811,existing fold_id P2-style split when available; group fallback otherwise
deepmask_gpr,existing_fold_p2,deepmask_gpr::augmented_utilities::229_aug_1,utility,utility::229,train,3bf13beb70442a440940ac486c916be249c6346ccf2466c7f770ef28dce6200b,data_manifests/deepmask_gpr_unified_samples_20260811.csv,20260811,existing fold_id P2-style split when available; group fallback otherwise
deepmask_gpr,existing_fold_p2,deepmask_gpr::augmented_utilities::229_aug_2,utility,utility::229,train,4142bbc8f3169ef8fb61ca2ad3be84036eae00df845b20ac02eee80244abf419,data_manifests/deepmask_gpr_unified_samples_20260811.csv,20260811,existing fold_id P2-style split when available; group fallback otherwise
deepmask_gpr,existing_fold_p2,deepmask_gpr::augmented_utilities::229_aug_3,utility,utility::229,train,3b9f39cb5cac5286dae098869ba04be9dcfb697c0273c8426be4b82871bbc03b,data_manifests/deepmask_gpr_unified_samples_20260811.csv,20260811,existing fold_id P2-style split when available; group fallback otherwise
deepmask_gpr,existing_fold_p2,deepmask_gpr::augmented_utilities::229_aug_4,utility,utility::229,train,5d3c762e35147092b0c2fa9a17f9d8de5a2335e4841ba24f1baf5642138ef5b4,data_manifests/deepmask_gpr_unified_samples_20260811.csv,20260811,existing fold_id P2-style split when available; group fallback otherwise
deepmask_gpr,existing_fold_p2,deepmask_gpr::augmented_utilities::229_aug_5,utility,utility::229,train,28d8f01074ed28fb6d25a48c9d4a7944036ab0745c3d4c035e88167f6e32991b,data_manifests/deepmask_gpr_unified_samples_20260811.csv,20260811,existing fold_id P2-style split when available; group fallback otherwise
deepmask_gpr,existing_fold_p2,deepmask_gpr::augmented_utilities::229_aug_6,utility,utility::229,train,8e21d5c57dea8ccac53816dc33c2da6864ca111ff95f94a4458ddf1657973a43,data_manifests/deepmask_gpr_unified_samples_20260811.csv,20260811,existing fold_id P2-style split when available; group fallback otherwise
deepmask_gpr,existing_fold_p2,deepmask_gpr::augmented_utilities::232_aug_1,utility,utility::232,test,336b0eb055afe0e4d07986e28ebea1743691935a8ed43c44420465463be579b4,data_manifests/deepmask_gpr_unified_samples_20260811.csv,20260811,existing fold_id P2-style split when available; group fallback otherwise
deepmask_gpr,existing_fold_p2,deepmask_gpr::augmented_utilities::232_aug_2,utility,utility::232,test,e9399e80d72abe053b0fa3af2ed638fc6d540a3f63317e756f4dfe9552823d40,data_manifests/deepmask_gpr_unified_samples_20260811.csv,20260811,existing fold_id P2-style split when available; group fallback otherwise
deepmask_gpr,existing_fold_p2,deepmask_gpr::augmented_utilities::232_aug_3,utility,utility::232,test,88b1ca08c4ef567c537425746442d77765d8f5da1728cb8104d9b83f05f87994,data_manifests/deepmask_gpr_unified_samples_20260811.csv,20260811,existing fold_id P2-style split when available; group fallback otherwise
deepmask_gpr,existing_fold_p2,deepmask_gpr::augmented_utilities::232_aug_4,utility,utility::232,test,f4e3861a8f2cc68f1f602d1f7ce5c471723fdd5d3d59b0566924d589f9949230,data_manifests/deepmask_gpr_unified_samples_20260811.csv,20260811,existing fold_id P2-style split when available; group fallback otherwise
deepmask_gpr,existing_fold_p2,deepmask_gpr::augmented_utilities::232_aug_5,utility,utility::232,test,6ae18700da640eb539b40d4a432289dcf616e00706e130314aa51857a7ac2078,data_manifests/deepmask_gpr_unified_samples_20260811.csv,20260811,existing fold_id P2-style split when available; group fallback otherwise
deepmask_gpr,existing_fold_p2,deepmask_gpr::augmented_utilities::232_aug_6,utility,utility::232,test,2615a4aaedd4ef5ca7ae0537ec1285782e94f5d64b919824c3ced0bb96bff1dd,data_manifests/deepmask_gpr_unified_samples_20260811.csv,20260811,existing fold_id P2-style split when available; group fallback otherwise
deepmask_gpr,existing_fold_p2,deepmask_gpr::augmented_utilities::233_aug_1,utility,utility::233,test,4a8141a70aac831f5c38ffef7a3a61fec55ef27300b0f323019ade6d651ce6ad,data_manifests/deepmask_gpr_unified_samples_20260811.csv,20260811,existing fold_id P2-style split when available; group fallback otherwise
deepmask_gpr,existing_fold_p2,deepmask_gpr::augmented_utilities::233_aug_2,utility,utility::233,test,14a3826913a5abb168c6ebede54c9a419edf8d80338c516940ea1b6b40ff427d,data_manifests/deepmask_gpr_unified_samples_20260811.csv,20260811,existing fold_id P2-style split when available; group fallback otherwise
deepmask_gpr,existing_fold_p2,deepmask_gpr::augmented_utilities::233_aug_3,utility,utility::233,test,2584a25f81fe75a90817eca2256d9d3fed306a9faf1909532e70d1892165f82d,data_manifests/deepmask_gpr_unified_samples_20260811.csv,20260811,existing fold_id P2-style split when available; group fallback otherwise
deepmask_gpr,existing_fold_p2,deepmask_gpr::augmented_utilities::233_aug_4,utility,utility::233,test,ff9b4cc89a4a306569ee71191e298116486fe5b10f18fb3bb62229ee5663b6a6,data_manifests/deepmask_gpr_unified_samples_20260811.csv,20260811,existing fold_id P2-style split when available; group fallback otherwise
deepmask_gpr,existing_fold_p2,deepmask_gpr::augmented_utilities::233_aug_5,utility,utility::233,test,59fbc07ddaa0338edf503e3d1c9f2b4cb2f28ddbd00a44acc20902f936a90fa5,data_manifests/deepmask_gpr_unified_samples_20260811.csv,20260811,existing fold_id P2-style split when available; group fallback otherwise
deepmask_gpr,existing_fold_p2,deepmask_gpr::augmented_utilities::233_aug_6,utility,utility::233,test,10312d18b55f1220237c2656cf103c6b6488fcc78144966e9b899838e5a6e21f,data_manifests/deepmask_gpr_unified_samples_20260811.csv,20260811,existing fold_id P2-style split when available; group fallback otherwise
deepmask_gpr,existing_fold_p2,deepmask_gpr::augmented_utilities::234_aug_1,utility,utility::234,train,e6bccabfa3f38d001e833a20594b8fb67fa46d80aca31621a8cf31ef5b44f9b7,data_manifests/deepmask_gpr_unified_samples_20260811.csv,20260811,existing fold_id P2-style split when available; group fallback otherwise
deepmask_gpr,existing_fold_p2,deepmask_gpr::augmented_utilities::234_aug_2,utility,utility::234,train,47e6367f1b4900c45e9cfc7c4f9405bbf77479267ad520b566826dc433dd69f5,data_manifests/deepmask_gpr_unified_samples_20260811.csv,20260811,existing fold_id P2-style split when available; group fallback otherwise
deepmask_gpr,existing_fold_p2,deepmask_gpr::augmented_utilities::234_aug_3,utility,utility::234,train,6afb775bfb11da90b4ee1f186d8a54570752289dd884f2225031664dc7d08a1d,data_manifests/deepmask_gpr_unified_samples_20260811.csv,20260811,existing fold_id P2-style split when available; group fallback otherwise
deepmask_gpr,existing_fold_p2,deepmask_gpr::augmented_utilities::234_aug_4,utility,utility::234,train,762083de9b2757bfd6b731f8d4c487ccf2fca77d45955a13ab6f43e9ae71457e,data_manifests/deepmask_gpr_unified_samples_20260811.csv,20260811,existing fold_id P2-style split when available; group fallback otherwise
deepmask_gpr,existing_fold_p2,deepmask_gpr::augmented_utilities::234_aug_5,utility,utility::234,train,81671c5e9d3e1c4dfc50bddd12e504fb41a741c3028b8bf0d87269203a653866,data_manifests/deepmask_gpr_unified_samples_20260811.csv,20260811,existing fold_id P2-style split when available; group fallback otherwise
deepmask_gpr,existing_fold_p2,deepmask_gpr::augmented_utilities::234_aug_6,utility,utility::234,train,a71fafe10d65b4c0dc82386547029daae03e1bdf52e344d54ac1847657d98cb4,data_manifests/deepmask_gpr_unified_samples_20260811.csv,20260811,existing fold_id P2-style split when available; group fallback otherwise
deepmask_gpr,existing_fold_p2,deepmask_gpr::augmented_utilities::237_aug_1,utility,utility::237,train,cb38ef9406005a152eed678223fb6664d6c9245c082a3fb71653ef662fcd722c,data_manifests/deepmask_gpr_unified_samples_20260811.csv,20260811,existing fold_id P2-style split when available; group fallback otherwise
deepmask_gpr,existing_fold_p2,deepmask_gpr::augmented_utilities::237_aug_2,utility,utility::237,train,0af0fec32f299bad858b8ad2e71d4064d4b11f9516b7b0b8a59ec7458d578bff,data_manifests/deepmask_gpr_unified_samples_20260811.csv,20260811,existing fold_id P2-style split when available; group fallback otherwise
deepmask_gpr,existing_fold_p2,deepmask_gpr::augmented_utilities::237_aug_3,utility,utility::237,train,4bdc3f62c79c156e88581f5a646dc24d60c3fbbd50c186f7f249e369f6631e54,data_manifests/deepmask_gpr_unified_samples_20260811.csv,20260811,existing fold_id P2-style split when available; group fallback otherwise
deepmask_gpr,existing_fold_p2,deepmask_gpr::augmented_utilities::237_aug_4,utility,utility::237,train,b6ce86cbe7fdf4f87944a3a1a88f387269ed9402eb3a1fb71e90fb587807c8f5,data_manifests/deepmask_gpr_unified_samples_20260811.csv,20260811,existing fold_id P2-style split when available; group fallback otherwise
deepmask_gpr,existing_fold_p2,deepmask_gpr::augmented_utilities::237_aug_5,utility,utility::237,train,de1397f097e1be584d72388f314f6c5730de298b5115db5f22f18a2ee96217a2,data_manifests/deepmask_gpr_unified_samples_20260811.csv,20260811,existing fold_id P2-style split when available; group fallback otherwise
deepmask_gpr,existing_fold_p2,deepmask_gpr::augmented_utilities::237_aug_6,utility,utility::237,train,0642157669a916f647cf9f6d7157ae536eca0f8e2d0904ef8db451a2c455da8f,data_manifests/deepmask_gpr_unified_samples_20260811.csv,20260811,existing fold_id P2-style split when available; group fallback otherwise
deepmask_gpr,existing_fold_p2,deepmask_gpr::augmented_utilities::239_aug_1,utility,utility::239,train,1d36c8f3209b05d5d59166e2f9849a7bcee4e02cf5990f78ec18c10acdad7e41,data_manifests/deepmask_gpr_unified_samples_20260811.csv,20260811,existing fold_id P2-style split when available; group fallback otherwise
deepmask_gpr,existing_fold_p2,deepmask_gpr::augmented_utilities::239_aug_2,utility,utility::239,train,ab6f071a29d1a8f8b9536e66375a23e2846a95791b467397ca4a89e960277bdb,data_manifests/deepmask_gpr_unified_samples_20260811.csv,20260811,existing fold_id P2-style split when available; group fallback otherwise
deepmask_gpr,existing_fold_p2,deepmask_gpr::augmented_utilities::239_aug_3,utility,utility::239,train,b090a8f2a14b1366eeb72f0cabc836306c13a7c1851c4583537730648c98a186,data_manifests/deepmask_gpr_unified_samples_20260811.csv,20260811,existing fold_id P2-style split when available; group fallback otherwise
deepmask_gpr,existing_fold_p2,deepmask_gpr::augmented_utilities::239_aug_4,utility,utility::239,train,b2f70d032b58797b10dd4dd9609b029c0b680c07cd4b33e5344204eaeb32f7e2,data_manifests/deepmask_gpr_unified_samples_20260811.csv,20260811,existing fold_id P2-style split when available; group fallback otherwise
deepmask_gpr,existing_fold_p2,deepmask_gpr::augmented_utilities::239_aug_5,utility,utility::239,train,4846e8583d343d57a3dc599a9be46275029d31b591fe9d3deaac57cfa5dcb4c1,data_manifests/deepmask_gpr_unified_samples_20260811.csv,20260811,existing fold_id P2-style split when available; group fallback otherwise
deepmask_gpr,existing_fold_p2,deepmask_gpr::augmented_utilities::239_aug_6,utility,utility::239,train,6cd0e33af6af7afea58f41f17f5c96c72d9b93123d710d46a0ada382e932b49b,data_manifests/deepmask_gpr_unified_samples_20260811.csv,20260811,existing fold_id P2-style split when available; group fallback otherwise
deepmask_gpr,existing_fold_p2,deepmask_gpr::augmented_utilities::240_aug_1,utility,utility::240,train,33f966159129373d0b143bf60eccfe18d83a64efb7c588b1dc386af0219db831,data_manifests/deepmask_gpr_unified_samples_20260811.csv,20260811,existing fold_id P2-style split when available; group fallback otherwise
deepmask_gpr,existing_fold_p2,deepmask_gpr::augmented_utilities::240_aug_2,utility,utility::240,train,a4657f30d6bdcd66a0419cc664cdec8f2fa3c98bfe3af7cc6529f299e942a2f3,data_manifests/deepmask_gpr_unified_samples_20260811.csv,20260811,existing fold_id P2-style split when available; group fallback otherwise
deepmask_gpr,existing_fold_p2,deepmask_gpr::augmented_utilities::240_aug_3,utility,utility::240,train,b0248702fc41f6c8ded21af0279f7f2595d16860be596aee4092915a14460542,data_manifests/deepmask_gpr_unified_samples_20260811.csv,20260811,existing fold_id P2-style split when available; group fallback otherwise
deepmask_gpr,existing_fold_p2,deepmask_gpr::augmented_utilities::240_aug_4,utility,utility::240,train,40e85f08b1f4b107bc0224dd5e88ca27ba6c6166a20385d2670263035f0d2c48,data_manifests/deepmask_gpr_unified_samples_20260811.csv,20260811,existing fold_id P2-style split when available; group fallback otherwise
deepmask_gpr,existing_fold_p2,deepmask_gpr::augmented_utilities::240_aug_5,utility,utility::240,train,5c305f88d9509fb89bcca412420c86c9dddc0b14dbea3f481120cef7b817530f,data_manifests/deepmask_gpr_unified_samples_20260811.csv,20260811,existing fold_id P2-style split when available; group fallback otherwise
deepmask_gpr,existing_fold_p2,deepmask_gpr::augmented_utilities::240_aug_6,utility,utility::240,train,a580f894eee05ce013ab32acb62833ab872053e2830ac4d3046a6da991c64d42,data_manifests/deepmask_gpr_unified_samples_20260811.csv,20260811,existing fold_id P2-style split when available; group fallback otherwise
deepmask_gpr,existing_fold_p2,deepmask_gpr::augmented_utilities::242_aug_1,utility,utility::242,test,10f2f935bea538c890e9c59d148fcfd012476ee18b4c138ff7abd0edf89ac74e,data_manifests/deepmask_gpr_unified_samples_20260811.csv,20260811,existing fold_id P2-style split when available; group fallback otherwise
deepmask_gpr,existing_fold_p2,deepmask_gpr::augmented_utilities::242_aug_2,utility,utility::242,test,38fcab630e1b1e92687ab192313fd9b28e4e96817a2ab43c557963cf9af61fd6,data_manifests/deepmask_gpr_unified_samples_20260811.csv,20260811,existing fold_id P2-style split when available; group fallback otherwise
deepmask_gpr,existing_fold_p2,deepmask_gpr::augmented_utilities::242_aug_3,utility,utility::242,test,007e74e7f94aa460e637aabe8efcd01cc8de7ed6843e1590d25f7bde47373ce2,data_manifests/deepmask_gpr_unified_samples_20260811.csv,20260811,existing fold_id P2-style split when available; group fallback otherwise
deepmask_gpr,existing_fold_p2,deepmask_gpr::augmented_utilities::242_aug_4,utility,utility::242,test,62ce563d82b5aa87e95a43e4ad8158d694d33a4134b87627ddfd69040793cfd2,data_manifests/deepmask_gpr_unified_samples_20260811.csv,20260811,existing fold_id P2-style split when available; group fallback otherwise
deepmask_gpr,existing_fold_p2,deepmask_gpr::augmented_utilities::242_aug_5,utility,utility::242,test,b4b3df0667f7070178310b4761c957fe780c895773d875edb2e93e5125293e66,data_manifests/deepmask_gpr_unified_samples_20260811.csv,20260811,existing fold_id P2-style split when available; group fallback otherwise
deepmask_gpr,existing_fold_p2,deepmask_gpr::augmented_utilities::242_aug_6,utility,utility::242,test,0c694dd5a935998387c12be98b07eaf01cb9bb2c016fb80b9b6b7dcbe2d39d99,data_manifests/deepmask_gpr_unified_samples_20260811.csv,20260811,existing fold_id P2-style split when available; group fallback otherwise
deepmask_gpr,existing_fold_p2,deepmask_gpr::augmented_utilities::245_aug_1,utility,utility::245,train,89217966d1850d272c8ef62ab649e09beebb1adee0f31be05ff1fadd26b89cd1,data_manifests/deepmask_gpr_unified_samples_20260811.csv,20260811,existing fold_id P2-style split when available; group fallback otherwise
deepmask_gpr,existing_fold_p2,deepmask_gpr::augmented_utilities::245_aug_2,utility,utility::245,train,853115834d879cb136ca9dbb85400011da45ed05b0180a1148837bab7468e513,data_manifests/deepmask_gpr_unified_samples_20260811.csv,20260811,existing fold_id P2-style split when available; group fallback otherwise
deepmask_gpr,existing_fold_p2,deepmask_gpr::augmented_utilities::245_aug_3,utility,utility::245,train,84fbc533be0d191f31807709a1b652fe3ea318aa1686a0cd05b52117c31e50c7,data_manifests/deepmask_gpr_unified_samples_20260811.csv,20260811,existing fold_id P2-style split when available; group fallback otherwise
deepmask_gpr,existing_fold_p2,deepmask_gpr::augmented_utilities::245_aug_4,utility,utility::245,train,1fcef20c9d0243c0e4037ac62d7c117d2f09ce5175d09e11b57ec143bc61cf32,data_manifests/deepmask_gpr_unified_samples_20260811.csv,20260811,existing fold_id P2-style split when available; group fallback otherwise
deepmask_gpr,existing_fold_p2,deepmask_gpr::augmented_utilities::245_aug_5,utility,utility::245,train,c31dc453115ab0e4844ea3276e9a8d3a32a23ca5a76d40801e39410033999d7a,data_manifests/deepmask_gpr_unified_samples_20260811.csv,20260811,existing fold_id P2-style split when available; group fallback otherwise
deepmask_gpr,existing_fold_p2,deepmask_gpr::augmented_utilities::245_aug_6,utility,utility::245,train,b8c03f6c968e4daffb2acf42ba103d4ac1d56d3a7895063ec75a95e07d456084,data_manifests/deepmask_gpr_unified_samples_20260811.csv,20260811,existing fold_id P2-style split when available; group fallback otherwise
deepmask_gpr,existing_fold_p2,deepmask_gpr::augmented_utilities::246_aug_1,utility,utility::246,train,9387847a9319b8a166779f9acc9e543c27a4d342f785c4b2fde13d4843687758,data_manifests/deepmask_gpr_unified_samples_20260811.csv,20260811,existing fold_id P2-style split when available; group fallback otherwise
deepmask_gpr,existing_fold_p2,deepmask_gpr::augmented_utilities::246_aug_2,utility,utility::246,train,dcb07a5ce4013d92203ef47d0d47447eea66a2563245d3f12ca47a332e68f132,data_manifests/deepmask_gpr_unified_samples_20260811.csv,20260811,existing fold_id P2-style split when available; group fallback otherwise
deepmask_gpr,existing_fold_p2,deepmask_gpr::augmented_utilities::246_aug_3,utility,utility::246,train,cad109b85f574688f75a6b670445ed8128e4a606efa1d10e7ffb6949e0c6b19d,data_manifests/deepmask_gpr_unified_samples_20260811.csv,20260811,existing fold_id P2-style split when available; group fallback otherwise
deepmask_gpr,existing_fold_p2,deepmask_gpr::augmented_utilities::246_aug_4,utility,utility::246,train,68e1ec60c9dd61549c7bb2678d00c4674f3565cd726db6e4a904aa0c81e7a8ed,data_manifests/deepmask_gpr_unified_samples_20260811.csv,20260811,existing fold_id P2-style split when available; group fallback otherwise
deepmask_gpr,existing_fold_p2,deepmask_gpr::augmented_utilities::246_aug_5,utility,utility::246,train,5af5df2c44600678d81cba1cf4d5d1f7c4b5a0fc9241e5cd3f159c381df71f39,data_manifests/deepmask_gpr_unified_samples_20260811.csv,20260811,existing fold_id P2-style split when available; group fallback otherwise
deepmask_gpr,existing_fold_p2,deepmask_gpr::augmented_utilities::246_aug_6,utility,utility::246,train,47601483150fab8b274b72cd759e8c3ef73ce2cc2cd7933de89fe88b90475ca5,data_manifests/deepmask_gpr_unified_samples_20260811.csv,20260811,existing fold_id P2-style split when available; group fallback otherwise
deepmask_gpr,existing_fold_p2,deepmask_gpr::augmented_utilities::248_aug_1,utility,utility::248,val,73c7cce38718394460583779644a2ee06bbf74bc3000d309bb7bee7a92f95fd2,data_manifests/deepmask_gpr_unified_samples_20260811.csv,20260811,existing fold_id P2-style split when available; group fallback otherwise
deepmask_gpr,existing_fold_p2,deepmask_gpr::augmented_utilities::248_aug_2,utility,utility::248,val,612526f4bf9437d839fa09f92f8b96dfc49ab3d0bc09e2bae99aab26ca63a397,data_manifests/deepmask_gpr_unified_samples_20260811.csv,20260811,existing fold_id P2-style split when available; group fallback otherwise
deepmask_gpr,existing_fold_p2,deepmask_gpr::augmented_utilities::248_aug_3,utility,utility::248,val,f49c67f6ba0bf83b03d07919378e9733ebe77697facfd81c0bc60994aafe6885,data_manifests/deepmask_gpr_unified_samples_20260811.csv,20260811,existing fold_id P2-style split when available; group fallback otherwise
deepmask_gpr,existing_fold_p2,deepmask_gpr::augmented_utilities::248_aug_4,utility,utility::248,val,f7fc570520971dc6154d89a491780f6cc07fee67ffbfba39c6510fb2c505ff37,data_manifests/deepmask_gpr_unified_samples_20260811.csv,20260811,existing fold_id P2-style split when available; group fallback otherwise
deepmask_gpr,existing_fold_p2,deepmask_gpr::augmented_utilities::248_aug_5,utility,utility::248,val,3898ff2e0f3e6f7834fe6996ff0688e3e196e9b5d707a876c727fb7662621233,data_manifests/deepmask_gpr_unified_samples_20260811.csv,20260811,existing fold_id P2-style split when available; group fallback otherwise
deepmask_gpr,existing_fold_p2,deepmask_gpr::augmented_utilities::248_aug_6,utility,utility::248,val,23351c61b894a443b8c6ac3e661144030d3b51fc884f3af3c5a1de1d78ef5e5a,data_manifests/deepmask_gpr_unified_samples_20260811.csv,20260811,existing fold_id P2-style split when available; group fallback otherwise
deepmask_gpr,existing_fold_p2,deepmask_gpr::augmented_utilities::251_aug_1,utility,utility::251,train,d9a9f63e63a60b64ea3d6c843d656240b020657c240bca9f2c5d32333e35cdd9,data_manifests/deepmask_gpr_unified_samples_20260811.csv,20260811,existing fold_id P2-style split when available; group fallback otherwise
deepmask_gpr,existing_fold_p2,deepmask_gpr::augmented_utilities::251_aug_2,utility,utility::251,train,dae822786229ecfb8aa420470822aea8934d31a77010b48363ee20a4613b4019,data_manifests/deepmask_gpr_unified_samples_20260811.csv,20260811,existing fold_id P2-style split when available; group fallback otherwise
deepmask_gpr,existing_fold_p2,deepmask_gpr::augmented_utilities::251_aug_3,utility,utility::251,train,cb99c74d3166767ebe6808eae8aecc94cf33f47b93c744d58f4fd42d3613f855,data_manifests/deepmask_gpr_unified_samples_20260811.csv,20260811,existing fold_id P2-style split when available; group fallback otherwise
deepmask_gpr,existing_fold_p2,deepmask_gpr::augmented_utilities::251_aug_4,utility,utility::251,train,5ea802b2a3a35503331fa1c6c178606df0510eb65bbf3b6e196b4131b8cd0e4a,data_manifests/deepmask_gpr_unified_samples_20260811.csv,20260811,existing fold_id P2-style split when available; group fallback otherwise
deepmask_gpr,existing_fold_p2,deepmask_gpr::augmented_utilities::251_aug_5,utility,utility::251,train,88a032dc2e205df4616cdb86c07cf85546ade70f3594d59694c4701a43f112ae,data_manifests/deepmask_gpr_unified_samples_20260811.csv,20260811,existing fold_id P2-style split when available; group fallback otherwise
deepmask_gpr,existing_fold_p2,deepmask_gpr::augmented_utilities::251_aug_6,utility,utility::251,train,bc58dd9e9f79dbe2502597ddf6ecd3c5bbc88a1e1055a633ebce37dd275daeba,data_manifests/deepmask_gpr_unified_samples_20260811.csv,20260811,existing fold_id P2-style split when available; group fallback otherwise
deepmask_gpr,existing_fold_p2,deepmask_gpr::augmented_utilities::263_aug_1,utility,utility::263,train,af6877c60ab0855d9d4d05c44c8996fa72a8959cc036a76c276ef97200516e24,data_manifests/deepmask_gpr_unified_samples_20260811.csv,20260811,existing fold_id P2-style split when available; group fallback otherwise
deepmask_gpr,existing_fold_p2,deepmask_gpr::augmented_utilities::263_aug_2,utility,utility::263,train,680a9fff5b3a0d40e60e9e077e54de9fa9dd6e1c070e9a15d677412ce8bfa19f,data_manifests/deepmask_gpr_unified_samples_20260811.csv,20260811,existing fold_id P2-style split when available; group fallback otherwise
deepmask_gpr,existing_fold_p2,deepmask_gpr::augmented_utilities::263_aug_3,utility,utility::263,train,0f1b0bd34187d8491f852a2823d7eec976add1604edaa359e1f84417e9d02550,data_manifests/deepmask_gpr_unified_samples_20260811.csv,20260811,existing fold_id P2-style split when available; group fallback otherwise
deepmask_gpr,existing_fold_p2,deepmask_gpr::augmented_utilities::263_aug_4,utility,utility::263,train,26d37650efeada9625bfe486dfa24edf347eed6464a1217d645fb82a29e0a163,data_manifests/deepmask_gpr_unified_samples_20260811.csv,20260811,existing fold_id P2-style split when available; group fallback otherwise
deepmask_gpr,existing_fold_p2,deepmask_gpr::augmented_utilities::263_aug_5,utility,utility::263,train,d9ca389e3917731395e6e0c2c0bd156a22cd8c04f9de49f667b6edfbc559b00b,data_manifests/deepmask_gpr_unified_samples_20260811.csv,20260811,existing fold_id P2-style split when available; group fallback otherwise
deepmask_gpr,existing_fold_p2,deepmask_gpr::augmented_utilities::263_aug_6,utility,utility::263,train,cbbd23c8b7f071be32cfe1424b243b330709f60d6538a9926fa3a96f752832ba,data_manifests/deepmask_gpr_unified_samples_20260811.csv,20260811,existing fold_id P2-style split when available; group fallback otherwise
deepmask_gpr,existing_fold_p2,deepmask_gpr::augmented_utilities::265_aug_1,utility,utility::265,train,640c3f5f169bbbdd6b6aa6c02b234707e02befe477319995ed39250bfe78c226,data_manifests/deepmask_gpr_unified_samples_20260811.csv,20260811,existing fold_id P2-style split when available; group fallback otherwise
deepmask_gpr,existing_fold_p2,deepmask_gpr::augmented_utilities::265_aug_2,utility,utility::265,train,f52e1d4313656df8407c29ca305342d42ed675eed0103ac5f914a6d1b0c785af,data_manifests/deepmask_gpr_unified_samples_20260811.csv,20260811,existing fold_id P2-style split when available; group fallback otherwise
deepmask_gpr,existing_fold_p2,deepmask_gpr::augmented_utilities::265_aug_3,utility,utility::265,train,e1d2300374479c3fc25634b0e5fb7c9f934b9ff90000a87c516142e337ded9d0,data_manifests/deepmask_gpr_unified_samples_20260811.csv,20260811,existing fold_id P2-style split when available; group fallback otherwise
deepmask_gpr,existing_fold_p2,deepmask_gpr::augmented_utilities::265_aug_4,utility,utility::265,train,0d05916c7e01b9062b0c4872531f8487f60cfc983a0160fef7bf8767e5123ec4,data_manifests/deepmask_gpr_unified_samples_20260811.csv,20260811,existing fold_id P2-style split when available; group fallback otherwise
deepmask_gpr,existing_fold_p2,deepmask_gpr::augmented_utilities::265_aug_5,utility,utility::265,train,bf9d0331041bd46089040ce8db4696ba0200c2f9934b94467781055b057046b0,data_manifests/deepmask_gpr_unified_samples_20260811.csv,20260811,existing fold_id P2-style split when available; group fallback otherwise
deepmask_gpr,existing_fold_p2,deepmask_gpr::augmented_utilities::265_aug_6,utility,utility::265,train,28e9a058df110d4ca925b5e8cbd6abf2c9ef6b3e6b60d53ca316c78aef9aa67e,data_manifests/deepmask_gpr_unified_samples_20260811.csv,20260811,existing fold_id P2-style split when available; group fallback otherwise
deepmask_gpr,existing_fold_p2,deepmask_gpr::augmented_utilities::266_aug_1,utility,utility::266,train,32b5c5a9b3c06e21c1240a4fbd7035c6e7a1f73f25c3f35ec16e1def0b6cfba5,data_manifests/deepmask_gpr_unified_samples_20260811.csv,20260811,existing fold_id P2-style split when available; group fallback otherwise
deepmask_gpr,existing_fold_p2,deepmask_gpr::augmented_utilities::266_aug_2,utility,utility::266,train,846a8f942c29cd40a74a22516c1c87149a75567cb80848f2484fd939166abbf6,data_manifests/deepmask_gpr_unified_samples_20260811.csv,20260811,existing fold_id P2-style split when available; group fallback otherwise
deepmask_gpr,existing_fold_p2,deepmask_gpr::augmented_utilities::266_aug_3,utility,utility::266,train,8833b694726319d1f3771024008a5edf7d4d423a0d97cf478397dc130fcf6c14,data_manifests/deepmask_gpr_unified_samples_20260811.csv,20260811,existing fold_id P2-style split when available; group fallback otherwise
deepmask_gpr,existing_fold_p2,deepmask_gpr::augmented_utilities::266_aug_4,utility,utility::266,train,4a3948f67cd88f67033a1fe211d0ffe04328c74b7f1470cc0b70de3a29d5f80f,data_manifests/deepmask_gpr_unified_samples_20260811.csv,20260811,existing fold_id P2-style split when available; group fallback otherwise
deepmask_gpr,existing_fold_p2,deepmask_gpr::augmented_utilities::266_aug_5,utility,utility::266,train,0877a79c128c0c5b6370904ff30996628929a01a088cb1433eef3276573ff142,data_manifests/deepmask_gpr_unified_samples_20260811.csv,20260811,existing fold_id P2-style split when available; group fallback otherwise
deepmask_gpr,existing_fold_p2,deepmask_gpr::augmented_utilities::266_aug_6,utility,utility::266,train,ba0f0d25540a35deeb25e709ac05d06bc63da81b33056c4fca78b89ccff9474b,data_manifests/deepmask_gpr_unified_samples_20260811.csv,20260811,existing fold_id P2-style split when available; group fallback otherwise
deepmask_gpr,existing_fold_p2,deepmask_gpr::augmented_utilities::268_aug_1,utility,utility::268,train,3cd84dbede459aeb98378e59e163b23fde2360fee15ce53f8c0c098878355d2c,data_manifests/deepmask_gpr_unified_samples_20260811.csv,20260811,existing fold_id P2-style split when available; group fallback otherwise
deepmask_gpr,existing_fold_p2,deepmask_gpr::augmented_utilities::268_aug_2,utility,utility::268,train,d8f8244a8f982b8d588c8efc5387bfcfb4b590cbe6c7a3418bd8bff11a4ed861,data_manifests/deepmask_gpr_unified_samples_20260811.csv,20260811,existing fold_id P2-style split when available; group fallback otherwise
deepmask_gpr,existing_fold_p2,deepmask_gpr::augmented_utilities::268_aug_3,utility,utility::268,train,caa164c8c164d2c995d9505b9a20f619ce63d008a536066bec43229f5d36722e,data_manifests/deepmask_gpr_unified_samples_20260811.csv,20260811,existing fold_id P2-style split when available; group fallback otherwise
deepmask_gpr,existing_fold_p2,deepmask_gpr::augmented_utilities::268_aug_4,utility,utility::268,train,52e6613f295284008938b6bd6985bd4567a2eeb09cfd6eb9d1cf38a5f98ea83d,data_manifests/deepmask_gpr_unified_samples_20260811.csv,20260811,existing fold_id P2-style split when available; group fallback otherwise
deepmask_gpr,existing_fold_p2,deepmask_gpr::augmented_utilities::268_aug_5,utility,utility::268,train,8a806604043eb520b4386d128435c4990244e2d7813fc319da172f76e57d9f86,data_manifests/deepmask_gpr_unified_samples_20260811.csv,20260811,existing fold_id P2-style split when available; group fallback otherwise
deepmask_gpr,existing_fold_p2,deepmask_gpr::augmented_utilities::268_aug_6,utility,utility::268,train,ab8b1892121e3bbf2ab090a155f76259ff725659e45532535592205b3eab1cca,data_manifests/deepmask_gpr_unified_samples_20260811.csv,20260811,existing fold_id P2-style split when available; group fallback otherwise
deepmask_gpr,existing_fold_p2,deepmask_gpr::augmented_utilities::281_aug_1,utility,utility::281,train,a7796946538053b72f720d3680e178eaa856ab126fca3e6f1a287cf3e7c0b1a6,data_manifests/deepmask_gpr_unified_samples_20260811.csv,20260811,existing fold_id P2-style split when available; group fallback otherwise
deepmask_gpr,existing_fold_p2,deepmask_gpr::augmented_utilities::281_aug_2,utility,utility::281,train,af2a853659bb18924deeedc771cdec05b0d64faba2ca3ad3d383beec2402334b,data_manifests/deepmask_gpr_unified_samples_20260811.csv,20260811,existing fold_id P2-style split when available; group fallback otherwise
deepmask_gpr,existing_fold_p2,deepmask_gpr::augmented_utilities::281_aug_3,utility,utility::281,train,c1b2167ee795424a61495982453f563d41ae37366ddaa97e3d5d9fb8ebea3415,data_manifests/deepmask_gpr_unified_samples_20260811.csv,20260811,existing fold_id P2-style split when available; group fallback otherwise
deepmask_gpr,existing_fold_p2,deepmask_gpr::augmented_utilities::281_aug_4,utility,utility::281,train,6171d9314b656a07a0978193c8324e3d8bdeea6027f75834d1059364f99a0826,data_manifests/deepmask_gpr_unified_samples_20260811.csv,20260811,existing fold_id P2-style split when available; group fallback otherwise
deepmask_gpr,existing_fold_p2,deepmask_gpr::augmented_utilities::281_aug_5,utility,utility::281,train,644bf1b8435cbb2606dfed1def2b7eb028a51b245eed647a34e8d0bede582315,data_manifests/deepmask_gpr_unified_samples_20260811.csv,20260811,existing fold_id P2-style split when available; group fallback otherwise
deepmask_gpr,existing_fold_p2,deepmask_gpr::augmented_utilities::281_aug_6,utility,utility::281,train,e955fd2207c0d74c739b53bbb8e899ae7139f9ee6461b91351b69f7c955daedd,data_manifests/deepmask_gpr_unified_samples_20260811.csv,20260811,existing fold_id P2-style split when available; group fallback otherwise
deepmask_gpr,existing_fold_p2,deepmask_gpr::augmented_utilities::289_aug_1,utility,utility::289,train,c0dfcc3802b2f5d2dbc2915a0ad0fe05f01d7694c919ea77622aefae0935a9ce,data_manifests/deepmask_gpr_unified_samples_20260811.csv,20260811,existing fold_id P2-style split when available; group fallback otherwise
deepmask_gpr,existing_fold_p2,deepmask_gpr::augmented_utilities::289_aug_2,utility,utility::289,train,3f6450d5cd6e5898441d4638ef3a0bc9aaeefa59615cf0365b78337fbf18cd18,data_manifests/deepmask_gpr_unified_samples_20260811.csv,20260811,existing fold_id P2-style split when available; group fallback otherwise
deepmask_gpr,existing_fold_p2,deepmask_gpr::augmented_utilities::289_aug_3,utility,utility::289,train,8fde738f75692894277e632e51b311e949133dc97703b6e8aeb97965ad442424,data_manifests/deepmask_gpr_unified_samples_20260811.csv,20260811,existing fold_id P2-style split when available; group fallback otherwise
deepmask_gpr,existing_fold_p2,deepmask_gpr::augmented_utilities::289_aug_4,utility,utility::289,train,833eed5e9b2434e17ed43546a78685a9e9e4c6c42580f0e4c3bb86919d0675ea,data_manifests/deepmask_gpr_unified_samples_20260811.csv,20260811,existing fold_id P2-style split when available; group fallback otherwise
deepmask_gpr,existing_fold_p2,deepmask_gpr::augmented_utilities::289_aug_5,utility,utility::289,train,46183c1ce93d5324cb0a02a1dbb41606a29385648c3d0bd4ae4002d3edb26e14,data_manifests/deepmask_gpr_unified_samples_20260811.csv,20260811,existing fold_id P2-style split when available; group fallback otherwise
deepmask_gpr,existing_fold_p2,deepmask_gpr::augmented_utilities::289_aug_6,utility,utility::289,train,58ffc84fd5f8176694bd88d63821a503e0514d34e5f23cff79181f9374214ed5,data_manifests/deepmask_gpr_unified_samples_20260811.csv,20260811,existing fold_id P2-style split when available; group fallback otherwise
deepmask_gpr,existing_fold_p2,deepmask_gpr::augmented_utilities::297_aug_1,utility,utility::297,train,084884c4baf54f2edb6356292ab00ac82db6eaecf5da55e6036266ab9708ef1f,data_manifests/deepmask_gpr_unified_samples_20260811.csv,20260811,existing fold_id P2-style split when available; group fallback otherwise
deepmask_gpr,existing_fold_p2,deepmask_gpr::augmented_utilities::297_aug_2,utility,utility::297,train,84fd2085b2948cca95d8804b53f043bea1aa1bdc107e182f85cf98a1d580e1ff,data_manifests/deepmask_gpr_unified_samples_20260811.csv,20260811,existing fold_id P2-style split when available; group fallback otherwise
deepmask_gpr,existing_fold_p2,deepmask_gpr::augmented_utilities::297_aug_3,utility,utility::297,train,195af9188c2b6e5b3e515a3ddc369bd2358012bfa1b7202ea7a890fbdfcad578,data_manifests/deepmask_gpr_unified_samples_20260811.csv,20260811,existing fold_id P2-style split when available; group fallback otherwise
deepmask_gpr,existing_fold_p2,deepmask_gpr::augmented_utilities::297_aug_4,utility,utility::297,train,8d0128224116de0822c4e2dd35b2a51148aba0b7a00da4a49750c13c4b67b0af,data_manifests/deepmask_gpr_unified_samples_20260811.csv,20260811,existing fold_id P2-style split when available; group fallback otherwise
deepmask_gpr,existing_fold_p2,deepmask_gpr::augmented_utilities::297_aug_5,utility,utility::297,train,b7df0a78a497862ac1e6691ae2571ecf9eb3127b5daaa616a054562041c8a9e3,data_manifests/deepmask_gpr_unified_samples_20260811.csv,20260811,existing fold_id P2-style split when available; group fallback otherwise
deepmask_gpr,existing_fold_p2,deepmask_gpr::augmented_utilities::297_aug_6,utility,utility::297,train,2d0311d2a22fd2c17c8a7d205b937f4f152b36e6b20d3a7818422640f43dce90,data_manifests/deepmask_gpr_unified_samples_20260811.csv,20260811,existing fold_id P2-style split when available; group fallback otherwise
deepmask_gpr,existing_fold_p2,deepmask_gpr::augmented_utilities::301_aug_1,utility,utility::301,train,e659da9c0e102ba4a66350dd7d6d6dccd87af7f6d2e251ba51a8116d8cecf772,data_manifests/deepmask_gpr_unified_samples_20260811.csv,20260811,existing fold_id P2-style split when available; group fallback otherwise
deepmask_gpr,existing_fold_p2,deepmask_gpr::augmented_utilities::301_aug_2,utility,utility::301,train,6fd16906e2e92e8c8ec399f51cc83e8bfed7d8e37798571380ed9288c58dc99a,data_manifests/deepmask_gpr_unified_samples_20260811.csv,20260811,existing fold_id P2-style split when available; group fallback otherwise
deepmask_gpr,existing_fold_p2,deepmask_gpr::augmented_utilities::301_aug_3,utility,utility::301,train,6fa81f6e496b4ce0224c5f4b3505818d2c376c7778f6880df6c116a1b71e9ce2,data_manifests/deepmask_gpr_unified_samples_20260811.csv,20260811,existing fold_id P2-style split when available; group fallback otherwise
deepmask_gpr,existing_fold_p2,deepmask_gpr::augmented_utilities::301_aug_4,utility,utility::301,train,56336150e87cf365cbf4f4a99322ae9e9b64e88eb79ae50c1094ad93c88c1e79,data_manifests/deepmask_gpr_unified_samples_20260811.csv,20260811,existing fold_id P2-style split when available; group fallback otherwise
deepmask_gpr,existing_fold_p2,deepmask_gpr::augmented_utilities::301_aug_5,utility,utility::301,train,20ee02ef5c1ecb50be678bcc82ef6d82aab878954174747636f4ca7d73ae8abd,data_manifests/deepmask_gpr_unified_samples_20260811.csv,20260811,existing fold_id P2-style split when available; group fallback otherwise
deepmask_gpr,existing_fold_p2,deepmask_gpr::augmented_utilities::301_aug_6,utility,utility::301,train,d38279f0369c9676a93fe114731da49767ecded74949ae8814acbca6496216ad,data_manifests/deepmask_gpr_unified_samples_20260811.csv,20260811,existing fold_id P2-style split when available; group fallback otherwise
deepmask_gpr,existing_fold_p2,deepmask_gpr::augmented_utilities::304_aug_1,utility,utility::304,train,54f2f32d6fe68921c03fc7e9658406a3a6ac517fb88ee3b445a85518e1e4c4df,data_manifests/deepmask_gpr_unified_samples_20260811.csv,20260811,existing fold_id P2-style split when available; group fallback otherwise
deepmask_gpr,existing_fold_p2,deepmask_gpr::augmented_utilities::304_aug_2,utility,utility::304,train,69cbeb0e7dc4a6b7c5d5cfb55c1aee59bf8e4c7bf388ecc2e3e8c7910c25f8f6,data_manifests/deepmask_gpr_unified_samples_20260811.csv,20260811,existing fold_id P2-style split when available; group fallback otherwise
deepmask_gpr,existing_fold_p2,deepmask_gpr::augmented_utilities::304_aug_3,utility,utility::304,train,5faea114e91cd2a20f65b80c6f6eb96e9f82db71516880f9268091c1c093809e,data_manifests/deepmask_gpr_unified_samples_20260811.csv,20260811,existing fold_id P2-style split when available; group fallback otherwise
deepmask_gpr,existing_fold_p2,deepmask_gpr::augmented_utilities::304_aug_4,utility,utility::304,train,3db768ab666f92368514c5b3e0fe3158192df3077c483154837c4b6bb7f0ba43,data_manifests/deepmask_gpr_unified_samples_20260811.csv,20260811,existing fold_id P2-style split when available; group fallback otherwise
deepmask_gpr,existing_fold_p2,deepmask_gpr::augmented_utilities::304_aug_5,utility,utility::304,train,b0a8cbe768cce167ff0db81fd018a66d89845b7f818ab66ef318d7cf66696263,data_manifests/deepmask_gpr_unified_samples_20260811.csv,20260811,existing fold_id P2-style split when available; group fallback otherwise
deepmask_gpr,existing_fold_p2,deepmask_gpr::augmented_utilities::304_aug_6,utility,utility::304,train,723d0e4e4023811c057dd77bd68952226dbe370517d29c74a36a4942b212a84f,data_manifests/deepmask_gpr_unified_samples_20260811.csv,20260811,existing fold_id P2-style split when available; group fallback otherwise
deepmask_gpr,existing_fold_p2,deepmask_gpr::augmented_utilities::308_aug_1,utility,utility::308,train,a749016d9cedb9225758caa2e953378677dfa94e53bc0cba8437d75ca91b0051,data_manifests/deepmask_gpr_unified_samples_20260811.csv,20260811,existing fold_id P2-style split when available; group fallback otherwise
deepmask_gpr,existing_fold_p2,deepmask_gpr::augmented_utilities::308_aug_2,utility,utility::308,train,1a2c4eb37c7ae55733d7a7e22ac45351027b367a462e358fb36edd843551278b,data_manifests/deepmask_gpr_unified_samples_20260811.csv,20260811,existing fold_id P2-style split when available; group fallback otherwise
deepmask_gpr,existing_fold_p2,deepmask_gpr::augmented_utilities::308_aug_3,utility,utility::308,train,10a89dfcec1353ee8cb1b1141f96df2ed91078db4366cd68eaeaaeb04cafd285,data_manifests/deepmask_gpr_unified_samples_20260811.csv,20260811,existing fold_id P2-style split when available; group fallback otherwise
deepmask_gpr,existing_fold_p2,deepmask_gpr::augmented_utilities::308_aug_4,utility,utility::308,train,9d307bcaacb5c08efd8ea2af7aadfb493386036d498f67793c03ebaba5859d43,data_manifests/deepmask_gpr_unified_samples_20260811.csv,20260811,existing fold_id P2-style split when available; group fallback otherwise
deepmask_gpr,existing_fold_p2,deepmask_gpr::augmented_utilities::308_aug_5,utility,utility::308,train,28bc142ceb09d4a46c92d213cd34feadfeaedac9af00033aead94dcfb50032e0,data_manifests/deepmask_gpr_unified_samples_20260811.csv,20260811,existing fold_id P2-style split when available; group fallback otherwise
deepmask_gpr,existing_fold_p2,deepmask_gpr::augmented_utilities::308_aug_6,utility,utility::308,train,13f56f2a27d0e1c61533d0c110b3ca76fb2e164648afcd37ec80fb53f8b08eb9,data_manifests/deepmask_gpr_unified_samples_20260811.csv,20260811,existing fold_id P2-style split when available; group fallback otherwise
deepmask_gpr,existing_fold_p2,deepmask_gpr::augmented_utilities::309_aug_1,utility,utility::309,train,ddf7da3b194fcc300df4221842c7a6a8cfcec051417401676f40572f9ca11d61,data_manifests/deepmask_gpr_unified_samples_20260811.csv,20260811,existing fold_id P2-style split when available; group fallback otherwise
deepmask_gpr,existing_fold_p2,deepmask_gpr::augmented_utilities::309_aug_2,utility,utility::309,train,c86fbef5fd560740c9ff0786aea9ee6861a70288a0dbaaa7d2cd5b7cfff949f1,data_manifests/deepmask_gpr_unified_samples_20260811.csv,20260811,existing fold_id P2-style split when available; group fallback otherwise
deepmask_gpr,existing_fold_p2,deepmask_gpr::augmented_utilities::309_aug_3,utility,utility::309,train,d5ec4549290ec770b6119c939a258ae1a2667e92c88c0a0291b0d819dee13185,data_manifests/deepmask_gpr_unified_samples_20260811.csv,20260811,existing fold_id P2-style split when available; group fallback otherwise
deepmask_gpr,existing_fold_p2,deepmask_gpr::augmented_utilities::309_aug_4,utility,utility::309,train,c466ff99499ed3a5ead8ad20ca91c5bb4bc1459ddbf3c65f2c1f9283d8c24979,data_manifests/deepmask_gpr_unified_samples_20260811.csv,20260811,existing fold_id P2-style split when available; group fallback otherwise
deepmask_gpr,existing_fold_p2,deepmask_gpr::augmented_utilities::309_aug_5,utility,utility::309,train,1fe16e65725b7f33ed9b9c92136ebafb3748e911e0c564b7216fc42f734fd09a,data_manifests/deepmask_gpr_unified_samples_20260811.csv,20260811,existing fold_id P2-style split when available; group fallback otherwise
deepmask_gpr,existing_fold_p2,deepmask_gpr::augmented_utilities::309_aug_6,utility,utility::309,train,b39c137e3919ee4fa6d5b39f46fd8716d0b5468060e188c75582ed9bdcb7e771,data_manifests/deepmask_gpr_unified_samples_20260811.csv,20260811,existing fold_id P2-style split when available; group fallback otherwise
