dataset_id,asset_role,sample_id,label,label_source,rel_path,abs_path,file_sha256,raw_trace_id,project_id,activity_id,site_id,survey_line_id,device_id,antenna_frequency_mhz,acquisition_date,operator_id,processing_chain_id,export_format,width_px,height_px,is_augmented,augmentation_ancestor_id,exact_duplicate_group,near_duplicate_group,source_group,fold_id,split_protocol,split_role,created_by,created_date,notes
res_sam,core,res_sam:real_world:cavity:1,cavity,dataset_folder_name,GPR_data/real_world/cavity/1.jpg,<LOCAL_DATA_ROOT>\external_assets\res_sam_data\GPR_data\real_world\cavity\1.jpg,04c7b8f94a1e8d2ee2c4b7f81d2df28638c28906c01bb0d52924a9c314df112c,,real_world,,,,,,,,published_res_sam_image_export_v1,jpg,369,369,0,,,,real_world,,,,build_ressam_unified_manifest.py,2026-08-10,mode=RGB; source_archive=gpr_data.zip
res_sam,core,res_sam:real_world:cavity:10,cavity,dataset_folder_name,GPR_data/real_world/cavity/10.jpg,<LOCAL_DATA_ROOT>\external_assets\res_sam_data\GPR_data\real_world\cavity\10.jpg,dd1843332906287c341bf08889b520743f1f3edb235d8c4b3170b535db192069,,real_world,,,,,,,,published_res_sam_image_export_v1,jpg,369,369,0,,,,real_world,,,,build_ressam_unified_manifest.py,2026-08-10,mode=RGB; source_archive=gpr_data.zip
res_sam,core,res_sam:real_world:cavity:100,cavity,dataset_folder_name,GPR_data/real_world/cavity/100.jpg,<LOCAL_DATA_ROOT>\external_assets\res_sam_data\GPR_data\real_world\cavity\100.jpg,89a020f843a275aee58af99238195b8fe2a73236f5ceec786af5229e4411119e,,real_world,,,,,,,,published_res_sam_image_export_v1,jpg,535,321,0,,,,real_world,,,,build_ressam_unified_manifest.py,2026-08-10,mode=L; source_archive=gpr_data.zip
res_sam,core,res_sam:real_world:cavity:11,cavity,dataset_folder_name,GPR_data/real_world/cavity/11.jpg,<LOCAL_DATA_ROOT>\external_assets\res_sam_data\GPR_data\real_world\cavity\11.jpg,780da9dfc4d948c4d571be48a45e0320c1abcc9ea0cd78cbb9fa34bee89c46e9,,real_world,,,,,,,,published_res_sam_image_export_v1,jpg,369,369,0,,,,real_world,,,,build_ressam_unified_manifest.py,2026-08-10,mode=RGB; source_archive=gpr_data.zip
res_sam,core,res_sam:real_world:cavity:12,cavity,dataset_folder_name,GPR_data/real_world/cavity/12.jpg,<LOCAL_DATA_ROOT>\external_assets\res_sam_data\GPR_data\real_world\cavity\12.jpg,02bfd0abfcc19e70904a59ee1ca75ecc2e9b25482c55d189e804589f263b2238,,real_world,,,,,,,,published_res_sam_image_export_v1,jpg,369,369,0,,,,real_world,,,,build_ressam_unified_manifest.py,2026-08-10,mode=RGB; source_archive=gpr_data.zip
res_sam,core,res_sam:real_world:cavity:13,cavity,dataset_folder_name,GPR_data/real_world/cavity/13.jpg,<LOCAL_DATA_ROOT>\external_assets\res_sam_data\GPR_data\real_world\cavity\13.jpg,30cf641efe4d98bb1c6280e813fafd4f1d8a65ae1b06b4f5d8cec395deabe5f1,,real_world,,,,,,,,published_res_sam_image_export_v1,jpg,369,369,0,,,,real_world,,,,build_ressam_unified_manifest.py,2026-08-10,mode=RGB; source_archive=gpr_data.zip
res_sam,core,res_sam:real_world:cavity:14,cavity,dataset_folder_name,GPR_data/real_world/cavity/14.jpg,<LOCAL_DATA_ROOT>\external_assets\res_sam_data\GPR_data\real_world\cavity\14.jpg,0e81e174e3e721bb318542b14d54e49a71c4fb5b9105d152890a742d12b5a816,,real_world,,,,,,,,published_res_sam_image_export_v1,jpg,369,369,0,,,,real_world,,,,build_ressam_unified_manifest.py,2026-08-10,mode=RGB; source_archive=gpr_data.zip
res_sam,core,res_sam:real_world:cavity:15,cavity,dataset_folder_name,GPR_data/real_world/cavity/15.jpg,<LOCAL_DATA_ROOT>\external_assets\res_sam_data\GPR_data\real_world\cavity\15.jpg,67d36e093a9b6e4f411958368aa0a503d89768121e3913d9bbf87436448a8d03,,real_world,,,,,,,,published_res_sam_image_export_v1,jpg,535,321,0,,,,real_world,,,,build_ressam_unified_manifest.py,2026-08-10,mode=L; source_archive=gpr_data.zip
res_sam,core,res_sam:real_world:cavity:16,cavity,dataset_folder_name,GPR_data/real_world/cavity/16.jpg,<LOCAL_DATA_ROOT>\external_assets\res_sam_data\GPR_data\real_world\cavity\16.jpg,9142cc58a1334fa53ee9c3a4e3c2f613d24c7d146e11fe38e1ac470f743eb4ab,,real_world,,,,,,,,published_res_sam_image_export_v1,jpg,369,369,0,,,,real_world,,,,build_ressam_unified_manifest.py,2026-08-10,mode=RGB; source_archive=gpr_data.zip
res_sam,core,res_sam:real_world:cavity:17,cavity,dataset_folder_name,GPR_data/real_world/cavity/17.jpg,<LOCAL_DATA_ROOT>\external_assets\res_sam_data\GPR_data\real_world\cavity\17.jpg,2ec1a89f9016bb318cd797f8d3ba5d6dfa3f508ef2fab71874313cfad50cbcdc,,real_world,,,,,,,,published_res_sam_image_export_v1,jpg,369,369,0,,,,real_world,,,,build_ressam_unified_manifest.py,2026-08-10,mode=RGB; source_archive=gpr_data.zip
res_sam,core,res_sam:real_world:cavity:18,cavity,dataset_folder_name,GPR_data/real_world/cavity/18.jpg,<LOCAL_DATA_ROOT>\external_assets\res_sam_data\GPR_data\real_world\cavity\18.jpg,81d31edbf5cc3a55d0d1cd74b828c498a4e708c77a7e28c15d2b64ab77b51afd,,real_world,,,,,,,,published_res_sam_image_export_v1,jpg,369,369,0,,,,real_world,,,,build_ressam_unified_manifest.py,2026-08-10,mode=RGB; source_archive=gpr_data.zip
res_sam,core,res_sam:real_world:cavity:19,cavity,dataset_folder_name,GPR_data/real_world/cavity/19.jpg,<LOCAL_DATA_ROOT>\external_assets\res_sam_data\GPR_data\real_world\cavity\19.jpg,275ed7d9bf018f2a6ef6fd834ee5ff2d192c7fc5692932aa45e705a007ea1d99,,real_world,,,,,,,,published_res_sam_image_export_v1,jpg,369,369,0,,,,real_world,,,,build_ressam_unified_manifest.py,2026-08-10,mode=RGB; source_archive=gpr_data.zip
res_sam,core,res_sam:real_world:cavity:2,cavity,dataset_folder_name,GPR_data/real_world/cavity/2.jpg,<LOCAL_DATA_ROOT>\external_assets\res_sam_data\GPR_data\real_world\cavity\2.jpg,8dc139f2449782094becfe3ca37bb462dc38d0a87c615d4484ed77f70a98f4e2,,real_world,,,,,,,,published_res_sam_image_export_v1,jpg,369,369,0,,,,real_world,,,,build_ressam_unified_manifest.py,2026-08-10,mode=RGB; source_archive=gpr_data.zip
res_sam,core,res_sam:real_world:cavity:20,cavity,dataset_folder_name,GPR_data/real_world/cavity/20.jpg,<LOCAL_DATA_ROOT>\external_assets\res_sam_data\GPR_data\real_world\cavity\20.jpg,fa75161fc6510b211b18a479065686346ce19e89067ea0469532609eb4d86d5f,,real_world,,,,,,,,published_res_sam_image_export_v1,jpg,535,321,0,,,,real_world,,,,build_ressam_unified_manifest.py,2026-08-10,mode=L; source_archive=gpr_data.zip
res_sam,core,res_sam:real_world:cavity:21,cavity,dataset_folder_name,GPR_data/real_world/cavity/21.jpg,<LOCAL_DATA_ROOT>\external_assets\res_sam_data\GPR_data\real_world\cavity\21.jpg,7590bd555e4fc210b7520defdad78cec781e11e7d9310786f0dad65e65bcdfaf,,real_world,,,,,,,,published_res_sam_image_export_v1,jpg,369,369,0,,,,real_world,,,,build_ressam_unified_manifest.py,2026-08-10,mode=RGB; source_archive=gpr_data.zip
res_sam,core,res_sam:real_world:cavity:22,cavity,dataset_folder_name,GPR_data/real_world/cavity/22.jpg,<LOCAL_DATA_ROOT>\external_assets\res_sam_data\GPR_data\real_world\cavity\22.jpg,440f87a4a24ec4692e48a11912cbcf52e42c4e4969dc8c4b68103e4fcb1458f6,,real_world,,,,,,,,published_res_sam_image_export_v1,jpg,369,369,0,,,,real_world,,,,build_ressam_unified_manifest.py,2026-08-10,mode=RGB; source_archive=gpr_data.zip
res_sam,core,res_sam:real_world:cavity:23,cavity,dataset_folder_name,GPR_data/real_world/cavity/23.jpg,<LOCAL_DATA_ROOT>\external_assets\res_sam_data\GPR_data\real_world\cavity\23.jpg,0dfd2e96ecd61ce6e15d83a48d1772799bb3bbe2c93edf8de8f570e41bd49c77,,real_world,,,,,,,,published_res_sam_image_export_v1,jpg,369,369,0,,,,real_world,,,,build_ressam_unified_manifest.py,2026-08-10,mode=RGB; source_archive=gpr_data.zip
res_sam,core,res_sam:real_world:cavity:24,cavity,dataset_folder_name,GPR_data/real_world/cavity/24.jpg,<LOCAL_DATA_ROOT>\external_assets\res_sam_data\GPR_data\real_world\cavity\24.jpg,ebb74c7360354b9f10ef4776c8f5fdc411862afa440857f8e18b47ae86f4c6a7,,real_world,,,,,,,,published_res_sam_image_export_v1,jpg,369,369,0,,,,real_world,,,,build_ressam_unified_manifest.py,2026-08-10,mode=RGB; source_archive=gpr_data.zip
res_sam,core,res_sam:real_world:cavity:25,cavity,dataset_folder_name,GPR_data/real_world/cavity/25.jpg,<LOCAL_DATA_ROOT>\external_assets\res_sam_data\GPR_data\real_world\cavity\25.jpg,cfb3073e9567d8570e9dc7a0c791050d6943d86c99ec3571f1833086b8d94c39,,real_world,,,,,,,,published_res_sam_image_export_v1,jpg,535,321,0,,,,real_world,,,,build_ressam_unified_manifest.py,2026-08-10,mode=L; source_archive=gpr_data.zip
res_sam,core,res_sam:real_world:cavity:26,cavity,dataset_folder_name,GPR_data/real_world/cavity/26.jpg,<LOCAL_DATA_ROOT>\external_assets\res_sam_data\GPR_data\real_world\cavity\26.jpg,d0aee3f780cf23bb4330320f945c45e93a50b0c553d5a8f223a50e1d950d8237,,real_world,,,,,,,,published_res_sam_image_export_v1,jpg,369,369,0,,,,real_world,,,,build_ressam_unified_manifest.py,2026-08-10,mode=RGB; source_archive=gpr_data.zip
res_sam,core,res_sam:real_world:cavity:27,cavity,dataset_folder_name,GPR_data/real_world/cavity/27.jpg,<LOCAL_DATA_ROOT>\external_assets\res_sam_data\GPR_data\real_world\cavity\27.jpg,73af481ce2132ec338a67249449ef6327b28478bb079d3609adbbf96056b07ee,,real_world,,,,,,,,published_res_sam_image_export_v1,jpg,369,369,0,,,,real_world,,,,build_ressam_unified_manifest.py,2026-08-10,mode=RGB; source_archive=gpr_data.zip
res_sam,core,res_sam:real_world:cavity:28,cavity,dataset_folder_name,GPR_data/real_world/cavity/28.jpg,<LOCAL_DATA_ROOT>\external_assets\res_sam_data\GPR_data\real_world\cavity\28.jpg,77093eb441f099b2d6b46ff95ef59a4d96fe2023f5eff95a0fe08d2169a3027f,,real_world,,,,,,,,published_res_sam_image_export_v1,jpg,369,369,0,,,,real_world,,,,build_ressam_unified_manifest.py,2026-08-10,mode=RGB; source_archive=gpr_data.zip
res_sam,core,res_sam:real_world:cavity:29,cavity,dataset_folder_name,GPR_data/real_world/cavity/29.jpg,<LOCAL_DATA_ROOT>\external_assets\res_sam_data\GPR_data\real_world\cavity\29.jpg,e397e697d0cc05a84bac379c1984d3669a50c60beca18603a58e9a019e853f16,,real_world,,,,,,,,published_res_sam_image_export_v1,jpg,369,369,0,,,,real_world,,,,build_ressam_unified_manifest.py,2026-08-10,mode=RGB; source_archive=gpr_data.zip
res_sam,core,res_sam:real_world:cavity:3,cavity,dataset_folder_name,GPR_data/real_world/cavity/3.jpg,<LOCAL_DATA_ROOT>\external_assets\res_sam_data\GPR_data\real_world\cavity\3.jpg,ed551423c1e32839a28df830d53f673f74f101864346ff549e72c9a89017124a,,real_world,,,,,,,,published_res_sam_image_export_v1,jpg,535,321,0,,,,real_world,,,,build_ressam_unified_manifest.py,2026-08-10,mode=L; source_archive=gpr_data.zip
res_sam,core,res_sam:real_world:cavity:30,cavity,dataset_folder_name,GPR_data/real_world/cavity/30.jpg,<LOCAL_DATA_ROOT>\external_assets\res_sam_data\GPR_data\real_world\cavity\30.jpg,178dcae89b2ef80c111104cfa65bbce0afd8697b52d110ad40ceee69bea5033b,,real_world,,,,,,,,published_res_sam_image_export_v1,jpg,369,369,0,,,,real_world,,,,build_ressam_unified_manifest.py,2026-08-10,mode=RGB; source_archive=gpr_data.zip
res_sam,core,res_sam:real_world:cavity:31,cavity,dataset_folder_name,GPR_data/real_world/cavity/31.jpg,<LOCAL_DATA_ROOT>\external_assets\res_sam_data\GPR_data\real_world\cavity\31.jpg,4456d7ac597418e944ee58357290af0ff8a7410196674f4885c25b7f7bec7c9a,,real_world,,,,,,,,published_res_sam_image_export_v1,jpg,369,369,0,,,,real_world,,,,build_ressam_unified_manifest.py,2026-08-10,mode=RGB; source_archive=gpr_data.zip
res_sam,core,res_sam:real_world:cavity:32,cavity,dataset_folder_name,GPR_data/real_world/cavity/32.jpg,<LOCAL_DATA_ROOT>\external_assets\res_sam_data\GPR_data\real_world\cavity\32.jpg,e0018bb5a5aeabf4631895c08b1e8abdddee7fdd67868b7fd075027d0778e20b,,real_world,,,,,,,,published_res_sam_image_export_v1,jpg,535,321,0,,,,real_world,,,,build_ressam_unified_manifest.py,2026-08-10,mode=L; source_archive=gpr_data.zip
res_sam,core,res_sam:real_world:cavity:33,cavity,dataset_folder_name,GPR_data/real_world/cavity/33.jpg,<LOCAL_DATA_ROOT>\external_assets\res_sam_data\GPR_data\real_world\cavity\33.jpg,dd3049f25c285d2df626f8ee82915df2fc43453fbd9a489559ed5bbbb75873a8,,real_world,,,,,,,,published_res_sam_image_export_v1,jpg,369,369,0,,,,real_world,,,,build_ressam_unified_manifest.py,2026-08-10,mode=RGB; source_archive=gpr_data.zip
res_sam,core,res_sam:real_world:cavity:34,cavity,dataset_folder_name,GPR_data/real_world/cavity/34.jpg,<LOCAL_DATA_ROOT>\external_assets\res_sam_data\GPR_data\real_world\cavity\34.jpg,ec9fa068c5264f1cfcabc11db5b9b5897fa2d3b75258205242b437ea110adff5,,real_world,,,,,,,,published_res_sam_image_export_v1,jpg,369,369,0,,,,real_world,,,,build_ressam_unified_manifest.py,2026-08-10,mode=RGB; source_archive=gpr_data.zip
res_sam,core,res_sam:real_world:cavity:35,cavity,dataset_folder_name,GPR_data/real_world/cavity/35.jpg,<LOCAL_DATA_ROOT>\external_assets\res_sam_data\GPR_data\real_world\cavity\35.jpg,a259f1925e8aff20403fdd03a0071fa0e0ae0e5cf4a043a88d9c41ebe5bcc846,,real_world,,,,,,,,published_res_sam_image_export_v1,jpg,369,369,0,,,,real_world,,,,build_ressam_unified_manifest.py,2026-08-10,mode=RGB; source_archive=gpr_data.zip
res_sam,core,res_sam:real_world:cavity:36,cavity,dataset_folder_name,GPR_data/real_world/cavity/36.jpg,<LOCAL_DATA_ROOT>\external_assets\res_sam_data\GPR_data\real_world\cavity\36.jpg,52c48a5b462c151de9bad76e0cd40edee570db66297a00be0e225dcec580eff9,,real_world,,,,,,,,published_res_sam_image_export_v1,jpg,535,321,0,,,,real_world,,,,build_ressam_unified_manifest.py,2026-08-10,mode=L; source_archive=gpr_data.zip
res_sam,core,res_sam:real_world:cavity:37,cavity,dataset_folder_name,GPR_data/real_world/cavity/37.jpg,<LOCAL_DATA_ROOT>\external_assets\res_sam_data\GPR_data\real_world\cavity\37.jpg,8896b113112eed1971540e0080f10f6a678387056f48e1811a6eac7af2c995d6,,real_world,,,,,,,,published_res_sam_image_export_v1,jpg,369,369,0,,,,real_world,,,,build_ressam_unified_manifest.py,2026-08-10,mode=RGB; source_archive=gpr_data.zip
res_sam,core,res_sam:real_world:cavity:38,cavity,dataset_folder_name,GPR_data/real_world/cavity/38.jpg,<LOCAL_DATA_ROOT>\external_assets\res_sam_data\GPR_data\real_world\cavity\38.jpg,b28344497c2ac1509397253179fa7e19c1ca72f8ea19e34bc7e7e6943af92b7b,,real_world,,,,,,,,published_res_sam_image_export_v1,jpg,369,369,0,,,,real_world,,,,build_ressam_unified_manifest.py,2026-08-10,mode=RGB; source_archive=gpr_data.zip
res_sam,core,res_sam:real_world:cavity:39,cavity,dataset_folder_name,GPR_data/real_world/cavity/39.jpg,<LOCAL_DATA_ROOT>\external_assets\res_sam_data\GPR_data\real_world\cavity\39.jpg,a9a7d9ef6ecb7858411539f95d7c8204107b83e98d7e51d8449360f68d9d5bdf,,real_world,,,,,,,,published_res_sam_image_export_v1,jpg,369,369,0,,,,real_world,,,,build_ressam_unified_manifest.py,2026-08-10,mode=RGB; source_archive=gpr_data.zip
res_sam,core,res_sam:real_world:cavity:4,cavity,dataset_folder_name,GPR_data/real_world/cavity/4.jpg,<LOCAL_DATA_ROOT>\external_assets\res_sam_data\GPR_data\real_world\cavity\4.jpg,d1d3612aa1439a645324c97db23873ec4988873e6b4c896239bddfd940845ac1,,real_world,,,,,,,,published_res_sam_image_export_v1,jpg,535,321,0,,,,real_world,,,,build_ressam_unified_manifest.py,2026-08-10,mode=L; source_archive=gpr_data.zip
res_sam,core,res_sam:real_world:cavity:40,cavity,dataset_folder_name,GPR_data/real_world/cavity/40.jpg,<LOCAL_DATA_ROOT>\external_assets\res_sam_data\GPR_data\real_world\cavity\40.jpg,9404ba2c63e3aeb895a0760aa7f74b2cbe0ef1b6db008b1fc50409aa1fbf9319,,real_world,,,,,,,,published_res_sam_image_export_v1,jpg,369,369,0,,,,real_world,,,,build_ressam_unified_manifest.py,2026-08-10,mode=RGB; source_archive=gpr_data.zip
res_sam,core,res_sam:real_world:cavity:41,cavity,dataset_folder_name,GPR_data/real_world/cavity/41.jpg,<LOCAL_DATA_ROOT>\external_assets\res_sam_data\GPR_data\real_world\cavity\41.jpg,f3d6d6e1cd63dcabefcc3316c09ff922f43b9273b69252dfcb8c10d273819f6f,,real_world,,,,,,,,published_res_sam_image_export_v1,jpg,369,369,0,,,,real_world,,,,build_ressam_unified_manifest.py,2026-08-10,mode=RGB; source_archive=gpr_data.zip
res_sam,core,res_sam:real_world:cavity:42,cavity,dataset_folder_name,GPR_data/real_world/cavity/42.jpg,<LOCAL_DATA_ROOT>\external_assets\res_sam_data\GPR_data\real_world\cavity\42.jpg,5c0d1b801349a13c42e269f1b39134701e1612738c3ce8cad14365bc3481aa37,,real_world,,,,,,,,published_res_sam_image_export_v1,jpg,369,369,0,,,,real_world,,,,build_ressam_unified_manifest.py,2026-08-10,mode=RGB; source_archive=gpr_data.zip
res_sam,core,res_sam:real_world:cavity:43,cavity,dataset_folder_name,GPR_data/real_world/cavity/43.jpg,<LOCAL_DATA_ROOT>\external_assets\res_sam_data\GPR_data\real_world\cavity\43.jpg,868d2ee2b04126585a811fe13c8b93eb67c8e361e8f6b9e4207a8f0a1f33c678,,real_world,,,,,,,,published_res_sam_image_export_v1,jpg,369,369,0,,,,real_world,,,,build_ressam_unified_manifest.py,2026-08-10,mode=RGB; source_archive=gpr_data.zip
res_sam,core,res_sam:real_world:cavity:44,cavity,dataset_folder_name,GPR_data/real_world/cavity/44.jpg,<LOCAL_DATA_ROOT>\external_assets\res_sam_data\GPR_data\real_world\cavity\44.jpg,93c26e0b4804dd421292202297d0ed4c860dfe1820855068d51f2bde0d963d98,,real_world,,,,,,,,published_res_sam_image_export_v1,jpg,369,369,0,,,,real_world,,,,build_ressam_unified_manifest.py,2026-08-10,mode=RGB; source_archive=gpr_data.zip
res_sam,core,res_sam:real_world:cavity:45,cavity,dataset_folder_name,GPR_data/real_world/cavity/45.jpg,<LOCAL_DATA_ROOT>\external_assets\res_sam_data\GPR_data\real_world\cavity\45.jpg,cc5f5396c031166a442816664b5f0e5241ac10ee531f9613a6d7e498d3c69424,,real_world,,,,,,,,published_res_sam_image_export_v1,jpg,369,369,0,,,,real_world,,,,build_ressam_unified_manifest.py,2026-08-10,mode=RGB; source_archive=gpr_data.zip
res_sam,core,res_sam:real_world:cavity:46,cavity,dataset_folder_name,GPR_data/real_world/cavity/46.jpg,<LOCAL_DATA_ROOT>\external_assets\res_sam_data\GPR_data\real_world\cavity\46.jpg,b04e374af39e9a3a139f154ce3c93d93f594151d6b0ba0e94b9c0aa8b9d8358e,,real_world,,,,,,,,published_res_sam_image_export_v1,jpg,369,369,0,,,,real_world,,,,build_ressam_unified_manifest.py,2026-08-10,mode=RGB; source_archive=gpr_data.zip
res_sam,core,res_sam:real_world:cavity:47,cavity,dataset_folder_name,GPR_data/real_world/cavity/47.jpg,<LOCAL_DATA_ROOT>\external_assets\res_sam_data\GPR_data\real_world\cavity\47.jpg,a5710b00ff0216bad4ff71c24d50d0e02f614bf4bcc5e3de3bc59fb4be399d79,,real_world,,,,,,,,published_res_sam_image_export_v1,jpg,369,369,0,,,,real_world,,,,build_ressam_unified_manifest.py,2026-08-10,mode=RGB; source_archive=gpr_data.zip
res_sam,core,res_sam:real_world:cavity:48,cavity,dataset_folder_name,GPR_data/real_world/cavity/48.jpg,<LOCAL_DATA_ROOT>\external_assets\res_sam_data\GPR_data\real_world\cavity\48.jpg,7033ff7dff6087984e90d6fecdbdfbd1dae0f06fb6a4ddcea21ff3b5f02b4c76,,real_world,,,,,,,,published_res_sam_image_export_v1,jpg,535,321,0,,,,real_world,,,,build_ressam_unified_manifest.py,2026-08-10,mode=L; source_archive=gpr_data.zip
res_sam,core,res_sam:real_world:cavity:49,cavity,dataset_folder_name,GPR_data/real_world/cavity/49.jpg,<LOCAL_DATA_ROOT>\external_assets\res_sam_data\GPR_data\real_world\cavity\49.jpg,5162bf979bb7f2f1961f7cb23518a46d26f21b813e9653e03037163268c7d07c,,real_world,,,,,,,,published_res_sam_image_export_v1,jpg,369,369,0,,,,real_world,,,,build_ressam_unified_manifest.py,2026-08-10,mode=RGB; source_archive=gpr_data.zip
res_sam,core,res_sam:real_world:cavity:5,cavity,dataset_folder_name,GPR_data/real_world/cavity/5.jpg,<LOCAL_DATA_ROOT>\external_assets\res_sam_data\GPR_data\real_world\cavity\5.jpg,79953b449d2f2e2fabb8923784dbe8a621094fe5155443f296259515fd94e5ca,,real_world,,,,,,,,published_res_sam_image_export_v1,jpg,369,369,0,,,,real_world,,,,build_ressam_unified_manifest.py,2026-08-10,mode=RGB; source_archive=gpr_data.zip
res_sam,core,res_sam:real_world:cavity:50,cavity,dataset_folder_name,GPR_data/real_world/cavity/50.jpg,<LOCAL_DATA_ROOT>\external_assets\res_sam_data\GPR_data\real_world\cavity\50.jpg,78cd15385141878bb81eec949217d4e8d55cd8d2cd4dca7bd0f4d609ce8e738c,,real_world,,,,,,,,published_res_sam_image_export_v1,jpg,535,321,0,,,,real_world,,,,build_ressam_unified_manifest.py,2026-08-10,mode=L; source_archive=gpr_data.zip
res_sam,core,res_sam:real_world:cavity:51,cavity,dataset_folder_name,GPR_data/real_world/cavity/51.jpg,<LOCAL_DATA_ROOT>\external_assets\res_sam_data\GPR_data\real_world\cavity\51.jpg,69d822c0e54595a723d62c1061dc893724aa5a9c864522fde42ad67eca3673c8,,real_world,,,,,,,,published_res_sam_image_export_v1,jpg,369,369,0,,,,real_world,,,,build_ressam_unified_manifest.py,2026-08-10,mode=RGB; source_archive=gpr_data.zip
res_sam,core,res_sam:real_world:cavity:52,cavity,dataset_folder_name,GPR_data/real_world/cavity/52.jpg,<LOCAL_DATA_ROOT>\external_assets\res_sam_data\GPR_data\real_world\cavity\52.jpg,d62132f5f635b22799f8d74d6b35fcb6051c27a04dc04d888cbca6fb4647b080,,real_world,,,,,,,,published_res_sam_image_export_v1,jpg,535,321,0,,,,real_world,,,,build_ressam_unified_manifest.py,2026-08-10,mode=L; source_archive=gpr_data.zip
res_sam,core,res_sam:real_world:cavity:53,cavity,dataset_folder_name,GPR_data/real_world/cavity/53.jpg,<LOCAL_DATA_ROOT>\external_assets\res_sam_data\GPR_data\real_world\cavity\53.jpg,38dd84b3220d945bc8b765bdb16c1b742f7f4a9e88bcc8e4b5f6b4cf787dbfd0,,real_world,,,,,,,,published_res_sam_image_export_v1,jpg,369,369,0,,,,real_world,,,,build_ressam_unified_manifest.py,2026-08-10,mode=RGB; source_archive=gpr_data.zip
res_sam,core,res_sam:real_world:cavity:54,cavity,dataset_folder_name,GPR_data/real_world/cavity/54.jpg,<LOCAL_DATA_ROOT>\external_assets\res_sam_data\GPR_data\real_world\cavity\54.jpg,1cb49cdbd812c5ef844d3dcb61e888db7f0d49e2fa91d0dd43844d8c82dc0423,,real_world,,,,,,,,published_res_sam_image_export_v1,jpg,535,321,0,,,,real_world,,,,build_ressam_unified_manifest.py,2026-08-10,mode=L; source_archive=gpr_data.zip
res_sam,core,res_sam:real_world:cavity:55,cavity,dataset_folder_name,GPR_data/real_world/cavity/55.jpg,<LOCAL_DATA_ROOT>\external_assets\res_sam_data\GPR_data\real_world\cavity\55.jpg,76376f4f9d0fdeff833762d366c3f380bd74ceaee11494ece6d593a8ee0620a7,,real_world,,,,,,,,published_res_sam_image_export_v1,jpg,369,369,0,,,,real_world,,,,build_ressam_unified_manifest.py,2026-08-10,mode=RGB; source_archive=gpr_data.zip
res_sam,core,res_sam:real_world:cavity:56,cavity,dataset_folder_name,GPR_data/real_world/cavity/56.jpg,<LOCAL_DATA_ROOT>\external_assets\res_sam_data\GPR_data\real_world\cavity\56.jpg,9b6752f2bcc8b1eff30483ee4a044b7fe78fced278f1d0115fe34d33164c9bed,,real_world,,,,,,,,published_res_sam_image_export_v1,jpg,535,321,0,,,,real_world,,,,build_ressam_unified_manifest.py,2026-08-10,mode=L; source_archive=gpr_data.zip
res_sam,core,res_sam:real_world:cavity:57,cavity,dataset_folder_name,GPR_data/real_world/cavity/57.jpg,<LOCAL_DATA_ROOT>\external_assets\res_sam_data\GPR_data\real_world\cavity\57.jpg,03a8e33078732a9c0511dd6856191faebe7b4979f4a8481a839965d3bf522afc,,real_world,,,,,,,,published_res_sam_image_export_v1,jpg,369,369,0,,,,real_world,,,,build_ressam_unified_manifest.py,2026-08-10,mode=RGB; source_archive=gpr_data.zip
res_sam,core,res_sam:real_world:cavity:58,cavity,dataset_folder_name,GPR_data/real_world/cavity/58.jpg,<LOCAL_DATA_ROOT>\external_assets\res_sam_data\GPR_data\real_world\cavity\58.jpg,8390d099b3a571e7b90575de1db7863f3dc7d0709d7afd5cda67409e47c333dd,,real_world,,,,,,,,published_res_sam_image_export_v1,jpg,535,321,0,,,,real_world,,,,build_ressam_unified_manifest.py,2026-08-10,mode=L; source_archive=gpr_data.zip
res_sam,core,res_sam:real_world:cavity:59,cavity,dataset_folder_name,GPR_data/real_world/cavity/59.jpg,<LOCAL_DATA_ROOT>\external_assets\res_sam_data\GPR_data\real_world\cavity\59.jpg,e4320a1714afdb8259d24aeef0a58378a935604fbbd13703255be11d8e102531,,real_world,,,,,,,,published_res_sam_image_export_v1,jpg,369,369,0,,,,real_world,,,,build_ressam_unified_manifest.py,2026-08-10,mode=RGB; source_archive=gpr_data.zip
res_sam,core,res_sam:real_world:cavity:6,cavity,dataset_folder_name,GPR_data/real_world/cavity/6.jpg,<LOCAL_DATA_ROOT>\external_assets\res_sam_data\GPR_data\real_world\cavity\6.jpg,3f5256c7b85c61cf0a10b0221471668859b8967e1a0b26a0e47884eb97b9898d,,real_world,,,,,,,,published_res_sam_image_export_v1,jpg,369,369,0,,,,real_world,,,,build_ressam_unified_manifest.py,2026-08-10,mode=RGB; source_archive=gpr_data.zip
res_sam,core,res_sam:real_world:cavity:60,cavity,dataset_folder_name,GPR_data/real_world/cavity/60.jpg,<LOCAL_DATA_ROOT>\external_assets\res_sam_data\GPR_data\real_world\cavity\60.jpg,753574e2c9b9876e63a93b14b1a6d98648f4807ed0add09864836adb92fcb526,,real_world,,,,,,,,published_res_sam_image_export_v1,jpg,369,369,0,,,,real_world,,,,build_ressam_unified_manifest.py,2026-08-10,mode=RGB; source_archive=gpr_data.zip
res_sam,core,res_sam:real_world:cavity:61,cavity,dataset_folder_name,GPR_data/real_world/cavity/61.jpg,<LOCAL_DATA_ROOT>\external_assets\res_sam_data\GPR_data\real_world\cavity\61.jpg,b4d632661898a6ce3a597f487337ec8e68688e4892ed2e3a7af4339be7f0af64,,real_world,,,,,,,,published_res_sam_image_export_v1,jpg,369,369,0,,,,real_world,,,,build_ressam_unified_manifest.py,2026-08-10,mode=RGB; source_archive=gpr_data.zip
res_sam,core,res_sam:real_world:cavity:62,cavity,dataset_folder_name,GPR_data/real_world/cavity/62.jpg,<LOCAL_DATA_ROOT>\external_assets\res_sam_data\GPR_data\real_world\cavity\62.jpg,29bca9cd8c19802c6a1dbf131068c87bc10d2da153e9be6913c9fd518ed9607f,,real_world,,,,,,,,published_res_sam_image_export_v1,jpg,369,369,0,,,,real_world,,,,build_ressam_unified_manifest.py,2026-08-10,mode=RGB; source_archive=gpr_data.zip
res_sam,core,res_sam:real_world:cavity:63,cavity,dataset_folder_name,GPR_data/real_world/cavity/63.jpg,<LOCAL_DATA_ROOT>\external_assets\res_sam_data\GPR_data\real_world\cavity\63.jpg,67fe471d9efe2f182816deb1321040419ad3a271a2722697d93daadd6382c5b9,,real_world,,,,,,,,published_res_sam_image_export_v1,jpg,369,369,0,,,,real_world,,,,build_ressam_unified_manifest.py,2026-08-10,mode=RGB; source_archive=gpr_data.zip
res_sam,core,res_sam:real_world:cavity:64,cavity,dataset_folder_name,GPR_data/real_world/cavity/64.jpg,<LOCAL_DATA_ROOT>\external_assets\res_sam_data\GPR_data\real_world\cavity\64.jpg,93309206be8c035fcc49a68332572e05cbada6bd6aa1112ff6aa950df3f0d56b,,real_world,,,,,,,,published_res_sam_image_export_v1,jpg,369,369,0,,,,real_world,,,,build_ressam_unified_manifest.py,2026-08-10,mode=RGB; source_archive=gpr_data.zip
res_sam,core,res_sam:real_world:cavity:65,cavity,dataset_folder_name,GPR_data/real_world/cavity/65.jpg,<LOCAL_DATA_ROOT>\external_assets\res_sam_data\GPR_data\real_world\cavity\65.jpg,ce3b379b3ea9c8c63ecef9e8fac1d9717417df146883035fc9ff9152c017bdad,,real_world,,,,,,,,published_res_sam_image_export_v1,jpg,369,369,0,,,,real_world,,,,build_ressam_unified_manifest.py,2026-08-10,mode=RGB; source_archive=gpr_data.zip
res_sam,core,res_sam:real_world:cavity:66,cavity,dataset_folder_name,GPR_data/real_world/cavity/66.jpg,<LOCAL_DATA_ROOT>\external_assets\res_sam_data\GPR_data\real_world\cavity\66.jpg,ccc2358e86fa306ef84e92bb89594d0664e74f4c3d6eaa3e2e117a9f94d89bff,,real_world,,,,,,,,published_res_sam_image_export_v1,jpg,369,369,0,,,,real_world,,,,build_ressam_unified_manifest.py,2026-08-10,mode=RGB; source_archive=gpr_data.zip
res_sam,core,res_sam:real_world:cavity:67,cavity,dataset_folder_name,GPR_data/real_world/cavity/67.jpg,<LOCAL_DATA_ROOT>\external_assets\res_sam_data\GPR_data\real_world\cavity\67.jpg,0da57a8bdffd6a2a680bc4ffd0ef7520038da1b4e56c32b87687082a39ce8679,,real_world,,,,,,,,published_res_sam_image_export_v1,jpg,369,369,0,,,,real_world,,,,build_ressam_unified_manifest.py,2026-08-10,mode=RGB; source_archive=gpr_data.zip
res_sam,core,res_sam:real_world:cavity:68,cavity,dataset_folder_name,GPR_data/real_world/cavity/68.jpg,<LOCAL_DATA_ROOT>\external_assets\res_sam_data\GPR_data\real_world\cavity\68.jpg,d1273941c884812c1f9ecb6a3e1adf76ff0437bbf333d512f543305562177614,,real_world,,,,,,,,published_res_sam_image_export_v1,jpg,369,369,0,,,,real_world,,,,build_ressam_unified_manifest.py,2026-08-10,mode=RGB; source_archive=gpr_data.zip
res_sam,core,res_sam:real_world:cavity:69,cavity,dataset_folder_name,GPR_data/real_world/cavity/69.jpg,<LOCAL_DATA_ROOT>\external_assets\res_sam_data\GPR_data\real_world\cavity\69.jpg,9ca4613b3478d3f50365a606206df6e0259ff0efdb86f18db87846e132eea50e,,real_world,,,,,,,,published_res_sam_image_export_v1,jpg,369,369,0,,,,real_world,,,,build_ressam_unified_manifest.py,2026-08-10,mode=RGB; source_archive=gpr_data.zip
res_sam,core,res_sam:real_world:cavity:7,cavity,dataset_folder_name,GPR_data/real_world/cavity/7.jpg,<LOCAL_DATA_ROOT>\external_assets\res_sam_data\GPR_data\real_world\cavity\7.jpg,c4f7251ce8d24c63a601bef099cd4421f701da1bfb75087664318128688a6e21,,real_world,,,,,,,,published_res_sam_image_export_v1,jpg,369,369,0,,,,real_world,,,,build_ressam_unified_manifest.py,2026-08-10,mode=RGB; source_archive=gpr_data.zip
res_sam,core,res_sam:real_world:cavity:70,cavity,dataset_folder_name,GPR_data/real_world/cavity/70.jpg,<LOCAL_DATA_ROOT>\external_assets\res_sam_data\GPR_data\real_world\cavity\70.jpg,d6dcd2e7aad9b29f9ae5c92d4c5ca28984ad2e840e6c988b4085c79875d57f39,,real_world,,,,,,,,published_res_sam_image_export_v1,jpg,369,369,0,,,,real_world,,,,build_ressam_unified_manifest.py,2026-08-10,mode=RGB; source_archive=gpr_data.zip
res_sam,core,res_sam:real_world:cavity:71,cavity,dataset_folder_name,GPR_data/real_world/cavity/71.jpg,<LOCAL_DATA_ROOT>\external_assets\res_sam_data\GPR_data\real_world\cavity\71.jpg,34d3419276e94b7b9a9350c088f0077fbf8e993c0c079235d35b35cdfd4ec712,,real_world,,,,,,,,published_res_sam_image_export_v1,jpg,369,369,0,,,,real_world,,,,build_ressam_unified_manifest.py,2026-08-10,mode=RGB; source_archive=gpr_data.zip
res_sam,core,res_sam:real_world:cavity:72,cavity,dataset_folder_name,GPR_data/real_world/cavity/72.jpg,<LOCAL_DATA_ROOT>\external_assets\res_sam_data\GPR_data\real_world\cavity\72.jpg,78b98a387a580a0d1ceca476203b88d1f4b8d94c0805af18ed3dc43ab401f1a2,,real_world,,,,,,,,published_res_sam_image_export_v1,jpg,369,369,0,,,,real_world,,,,build_ressam_unified_manifest.py,2026-08-10,mode=RGB; source_archive=gpr_data.zip
res_sam,core,res_sam:real_world:cavity:73,cavity,dataset_folder_name,GPR_data/real_world/cavity/73.jpg,<LOCAL_DATA_ROOT>\external_assets\res_sam_data\GPR_data\real_world\cavity\73.jpg,3259e7aba06854c9bc92d5924d13f9d57f16eb635c08a72b66bbfba8f24b2644,,real_world,,,,,,,,published_res_sam_image_export_v1,jpg,535,321,0,,,,real_world,,,,build_ressam_unified_manifest.py,2026-08-10,mode=L; source_archive=gpr_data.zip
res_sam,core,res_sam:real_world:cavity:74,cavity,dataset_folder_name,GPR_data/real_world/cavity/74.jpg,<LOCAL_DATA_ROOT>\external_assets\res_sam_data\GPR_data\real_world\cavity\74.jpg,7133377ae09e02a731a08ef497c9140c42b9c0fd82abdbfc25d7b95d5e905c9d,,real_world,,,,,,,,published_res_sam_image_export_v1,jpg,535,321,0,,,,real_world,,,,build_ressam_unified_manifest.py,2026-08-10,mode=L; source_archive=gpr_data.zip
res_sam,core,res_sam:real_world:cavity:75,cavity,dataset_folder_name,GPR_data/real_world/cavity/75.jpg,<LOCAL_DATA_ROOT>\external_assets\res_sam_data\GPR_data\real_world\cavity\75.jpg,527487112b1dd38443b7cf18fc240b80faf0c1ca254dc9c4a3d04ebf4b35628e,,real_world,,,,,,,,published_res_sam_image_export_v1,jpg,535,321,0,,,,real_world,,,,build_ressam_unified_manifest.py,2026-08-10,mode=L; source_archive=gpr_data.zip
res_sam,core,res_sam:real_world:cavity:76,cavity,dataset_folder_name,GPR_data/real_world/cavity/76.jpg,<LOCAL_DATA_ROOT>\external_assets\res_sam_data\GPR_data\real_world\cavity\76.jpg,76e2946cc6417f49eb383ba51b09a57226f706786469cf09e733e61c7e5f0a09,,real_world,,,,,,,,published_res_sam_image_export_v1,jpg,535,321,0,,,,real_world,,,,build_ressam_unified_manifest.py,2026-08-10,mode=L; source_archive=gpr_data.zip
res_sam,core,res_sam:real_world:cavity:77,cavity,dataset_folder_name,GPR_data/real_world/cavity/77.jpg,<LOCAL_DATA_ROOT>\external_assets\res_sam_data\GPR_data\real_world\cavity\77.jpg,b6704c9adf45f0d324faa94d7e9599d04a90412eb1cfda9d989bb5b13cc78cae,,real_world,,,,,,,,published_res_sam_image_export_v1,jpg,535,321,0,,,,real_world,,,,build_ressam_unified_manifest.py,2026-08-10,mode=L; source_archive=gpr_data.zip
res_sam,core,res_sam:real_world:cavity:78,cavity,dataset_folder_name,GPR_data/real_world/cavity/78.jpg,<LOCAL_DATA_ROOT>\external_assets\res_sam_data\GPR_data\real_world\cavity\78.jpg,8501516cef66600d96f966758072f8493f14e81ae98ec43a29fc76aa7da95a31,,real_world,,,,,,,,published_res_sam_image_export_v1,jpg,535,321,0,,,,real_world,,,,build_ressam_unified_manifest.py,2026-08-10,mode=L; source_archive=gpr_data.zip
res_sam,core,res_sam:real_world:cavity:79,cavity,dataset_folder_name,GPR_data/real_world/cavity/79.jpg,<LOCAL_DATA_ROOT>\external_assets\res_sam_data\GPR_data\real_world\cavity\79.jpg,fe5af250f040f0a7d93ed83a6d46d0dc8808847a808b1b83c23d0e611fff4593,,real_world,,,,,,,,published_res_sam_image_export_v1,jpg,535,321,0,,,,real_world,,,,build_ressam_unified_manifest.py,2026-08-10,mode=L; source_archive=gpr_data.zip
res_sam,core,res_sam:real_world:cavity:8,cavity,dataset_folder_name,GPR_data/real_world/cavity/8.jpg,<LOCAL_DATA_ROOT>\external_assets\res_sam_data\GPR_data\real_world\cavity\8.jpg,5280c6c0234bb7700be9a2720a71a00fbb5807351ccde0d5bcf32622cb19ab88,,real_world,,,,,,,,published_res_sam_image_export_v1,jpg,369,369,0,,,,real_world,,,,build_ressam_unified_manifest.py,2026-08-10,mode=RGB; source_archive=gpr_data.zip
res_sam,core,res_sam:real_world:cavity:80,cavity,dataset_folder_name,GPR_data/real_world/cavity/80.jpg,<LOCAL_DATA_ROOT>\external_assets\res_sam_data\GPR_data\real_world\cavity\80.jpg,6a7ef89cd10b3cceebe8829fc7a60f7645865080d5e66827a4fa25cc2dcaa194,,real_world,,,,,,,,published_res_sam_image_export_v1,jpg,369,369,0,,,,real_world,,,,build_ressam_unified_manifest.py,2026-08-10,mode=RGB; source_archive=gpr_data.zip
res_sam,core,res_sam:real_world:cavity:81,cavity,dataset_folder_name,GPR_data/real_world/cavity/81.jpg,<LOCAL_DATA_ROOT>\external_assets\res_sam_data\GPR_data\real_world\cavity\81.jpg,c5a255fc63d47d12463b2c08d881229a7bb097331e53c48b9364c4a77e2636b0,,real_world,,,,,,,,published_res_sam_image_export_v1,jpg,369,369,0,,,,real_world,,,,build_ressam_unified_manifest.py,2026-08-10,mode=RGB; source_archive=gpr_data.zip
res_sam,core,res_sam:real_world:cavity:82,cavity,dataset_folder_name,GPR_data/real_world/cavity/82.jpg,<LOCAL_DATA_ROOT>\external_assets\res_sam_data\GPR_data\real_world\cavity\82.jpg,9e0e9a0728ad79f74b2df7ceee1b46a3742382fcdea54d7cdecb1dadfcb96efd,,real_world,,,,,,,,published_res_sam_image_export_v1,jpg,369,369,0,,,,real_world,,,,build_ressam_unified_manifest.py,2026-08-10,mode=RGB; source_archive=gpr_data.zip
res_sam,core,res_sam:real_world:cavity:83,cavity,dataset_folder_name,GPR_data/real_world/cavity/83.jpg,<LOCAL_DATA_ROOT>\external_assets\res_sam_data\GPR_data\real_world\cavity\83.jpg,6fb35acca7426076d94cddc046b0c60fca60b1db68c5bbcb48b9ec07698c9a0f,,real_world,,,,,,,,published_res_sam_image_export_v1,jpg,369,369,0,,,,real_world,,,,build_ressam_unified_manifest.py,2026-08-10,mode=RGB; source_archive=gpr_data.zip
res_sam,core,res_sam:real_world:cavity:84,cavity,dataset_folder_name,GPR_data/real_world/cavity/84.jpg,<LOCAL_DATA_ROOT>\external_assets\res_sam_data\GPR_data\real_world\cavity\84.jpg,a922c6aa95bfb278f95b8bbffd79cbd2d5bbc2a2fb09638ac5f8e305eecf9312,,real_world,,,,,,,,published_res_sam_image_export_v1,jpg,369,369,0,,,,real_world,,,,build_ressam_unified_manifest.py,2026-08-10,mode=RGB; source_archive=gpr_data.zip
res_sam,core,res_sam:real_world:cavity:85,cavity,dataset_folder_name,GPR_data/real_world/cavity/85.jpg,<LOCAL_DATA_ROOT>\external_assets\res_sam_data\GPR_data\real_world\cavity\85.jpg,2bfbbd0519dbd7318ca8801c23d092df9099a6496fd6fe0d49c09233632ccc95,,real_world,,,,,,,,published_res_sam_image_export_v1,jpg,369,369,0,,,,real_world,,,,build_ressam_unified_manifest.py,2026-08-10,mode=RGB; source_archive=gpr_data.zip
res_sam,core,res_sam:real_world:cavity:86,cavity,dataset_folder_name,GPR_data/real_world/cavity/86.jpg,<LOCAL_DATA_ROOT>\external_assets\res_sam_data\GPR_data\real_world\cavity\86.jpg,b877246e582d53d7259d9ed5b68ef281e69e90b12eda55d938103c943e1d0192,,real_world,,,,,,,,published_res_sam_image_export_v1,jpg,369,369,0,,,,real_world,,,,build_ressam_unified_manifest.py,2026-08-10,mode=RGB; source_archive=gpr_data.zip
res_sam,core,res_sam:real_world:cavity:87,cavity,dataset_folder_name,GPR_data/real_world/cavity/87.jpg,<LOCAL_DATA_ROOT>\external_assets\res_sam_data\GPR_data\real_world\cavity\87.jpg,721e50fbdd228ad438b4c2c1e857b438ad1761aa3a13f99ddb7fa95f713d91d4,,real_world,,,,,,,,published_res_sam_image_export_v1,jpg,369,369,0,,,,real_world,,,,build_ressam_unified_manifest.py,2026-08-10,mode=RGB; source_archive=gpr_data.zip
res_sam,core,res_sam:real_world:cavity:88,cavity,dataset_folder_name,GPR_data/real_world/cavity/88.jpg,<LOCAL_DATA_ROOT>\external_assets\res_sam_data\GPR_data\real_world\cavity\88.jpg,68d270a0b7b1b4771734663886cb2cc48b3443c765de4c23da7197d339bc427b,,real_world,,,,,,,,published_res_sam_image_export_v1,jpg,369,369,0,,,,real_world,,,,build_ressam_unified_manifest.py,2026-08-10,mode=RGB; source_archive=gpr_data.zip
res_sam,core,res_sam:real_world:cavity:89,cavity,dataset_folder_name,GPR_data/real_world/cavity/89.jpg,<LOCAL_DATA_ROOT>\external_assets\res_sam_data\GPR_data\real_world\cavity\89.jpg,bfd2840ef7cb775ca7b8a25e5ae140bb32fd7179f6b0196c4ecf8afd6fe97b61,,real_world,,,,,,,,published_res_sam_image_export_v1,jpg,369,369,0,,,,real_world,,,,build_ressam_unified_manifest.py,2026-08-10,mode=RGB; source_archive=gpr_data.zip
res_sam,core,res_sam:real_world:cavity:9,cavity,dataset_folder_name,GPR_data/real_world/cavity/9.jpg,<LOCAL_DATA_ROOT>\external_assets\res_sam_data\GPR_data\real_world\cavity\9.jpg,b528242f0423b6ccb1e05e7edb2e026b6f8a87ac76c6d9a6877be1f7d74d9bd2,,real_world,,,,,,,,published_res_sam_image_export_v1,jpg,535,321,0,,,,real_world,,,,build_ressam_unified_manifest.py,2026-08-10,mode=L; source_archive=gpr_data.zip
res_sam,core,res_sam:real_world:cavity:90,cavity,dataset_folder_name,GPR_data/real_world/cavity/90.jpg,<LOCAL_DATA_ROOT>\external_assets\res_sam_data\GPR_data\real_world\cavity\90.jpg,07e8ff3bf3c67d8fdf2b1416aa028202c6dbdf3a6a3ff14b6b8f140f9625baba,,real_world,,,,,,,,published_res_sam_image_export_v1,jpg,369,369,0,,,,real_world,,,,build_ressam_unified_manifest.py,2026-08-10,mode=RGB; source_archive=gpr_data.zip
res_sam,core,res_sam:real_world:cavity:91,cavity,dataset_folder_name,GPR_data/real_world/cavity/91.jpg,<LOCAL_DATA_ROOT>\external_assets\res_sam_data\GPR_data\real_world\cavity\91.jpg,2322587453027f054ef7f3de06f3aa79813d3f8b95a186ae9eb07759245d258b,,real_world,,,,,,,,published_res_sam_image_export_v1,jpg,535,321,0,,,,real_world,,,,build_ressam_unified_manifest.py,2026-08-10,mode=L; source_archive=gpr_data.zip
res_sam,core,res_sam:real_world:cavity:92,cavity,dataset_folder_name,GPR_data/real_world/cavity/92.jpg,<LOCAL_DATA_ROOT>\external_assets\res_sam_data\GPR_data\real_world\cavity\92.jpg,d0db789ab3fe605fd28d9c4ed666a5f1711cf8077aa1d9c9fd047221b390ddb4,,real_world,,,,,,,,published_res_sam_image_export_v1,jpg,369,369,0,,,,real_world,,,,build_ressam_unified_manifest.py,2026-08-10,mode=RGB; source_archive=gpr_data.zip
res_sam,core,res_sam:real_world:cavity:93,cavity,dataset_folder_name,GPR_data/real_world/cavity/93.jpg,<LOCAL_DATA_ROOT>\external_assets\res_sam_data\GPR_data\real_world\cavity\93.jpg,25657ce530e8d479ed11343d6308929daaef72a0c88760ab773b2167f0b3721b,,real_world,,,,,,,,published_res_sam_image_export_v1,jpg,535,321,0,,,,real_world,,,,build_ressam_unified_manifest.py,2026-08-10,mode=L; source_archive=gpr_data.zip
res_sam,core,res_sam:real_world:cavity:94,cavity,dataset_folder_name,GPR_data/real_world/cavity/94.jpg,<LOCAL_DATA_ROOT>\external_assets\res_sam_data\GPR_data\real_world\cavity\94.jpg,b92af5365532ebc96b71f5df76b32e9e2e4e7d173d9914ccd5ffad1e29c6983e,,real_world,,,,,,,,published_res_sam_image_export_v1,jpg,369,369,0,,,,real_world,,,,build_ressam_unified_manifest.py,2026-08-10,mode=RGB; source_archive=gpr_data.zip
res_sam,core,res_sam:real_world:cavity:95,cavity,dataset_folder_name,GPR_data/real_world/cavity/95.jpg,<LOCAL_DATA_ROOT>\external_assets\res_sam_data\GPR_data\real_world\cavity\95.jpg,952042c1b71c11b794cc2d619d7f950c559cf9ec1b5948b7ae6adbea111e0e29,,real_world,,,,,,,,published_res_sam_image_export_v1,jpg,535,321,0,,,,real_world,,,,build_ressam_unified_manifest.py,2026-08-10,mode=L; source_archive=gpr_data.zip
res_sam,core,res_sam:real_world:cavity:96,cavity,dataset_folder_name,GPR_data/real_world/cavity/96.jpg,<LOCAL_DATA_ROOT>\external_assets\res_sam_data\GPR_data\real_world\cavity\96.jpg,0260ffff3d20ef0780d971e21b7d6209a45f9ee3eddd694d78fce695e4d93f69,,real_world,,,,,,,,published_res_sam_image_export_v1,jpg,369,369,0,,,,real_world,,,,build_ressam_unified_manifest.py,2026-08-10,mode=RGB; source_archive=gpr_data.zip
res_sam,core,res_sam:real_world:cavity:97,cavity,dataset_folder_name,GPR_data/real_world/cavity/97.jpg,<LOCAL_DATA_ROOT>\external_assets\res_sam_data\GPR_data\real_world\cavity\97.jpg,7c744dacf02debea01e9b52e4fc825f6d55898fa5068b929651bc352e91957e4,,real_world,,,,,,,,published_res_sam_image_export_v1,jpg,535,321,0,,,,real_world,,,,build_ressam_unified_manifest.py,2026-08-10,mode=L; source_archive=gpr_data.zip
res_sam,core,res_sam:real_world:cavity:98,cavity,dataset_folder_name,GPR_data/real_world/cavity/98.jpg,<LOCAL_DATA_ROOT>\external_assets\res_sam_data\GPR_data\real_world\cavity\98.jpg,28a78c24155b2ab1a00a89fb88c1ba569ecb364639a32d083c692884eb1daf06,,real_world,,,,,,,,published_res_sam_image_export_v1,jpg,535,321,0,,,,real_world,,,,build_ressam_unified_manifest.py,2026-08-10,mode=L; source_archive=gpr_data.zip
res_sam,core,res_sam:real_world:cavity:99,cavity,dataset_folder_name,GPR_data/real_world/cavity/99.jpg,<LOCAL_DATA_ROOT>\external_assets\res_sam_data\GPR_data\real_world\cavity\99.jpg,2c0d3ea9c2aba4ce1351e2d8b70f3827eb8475640fd900426b7f0e420115955b,,real_world,,,,,,,,published_res_sam_image_export_v1,jpg,535,321,0,,,,real_world,,,,build_ressam_unified_manifest.py,2026-08-10,mode=L; source_archive=gpr_data.zip
res_sam,core,res_sam:real_world:crack:1,crack,dataset_folder_name,GPR_data/real_world/crack/1.jpg,<LOCAL_DATA_ROOT>\external_assets\res_sam_data\GPR_data\real_world\crack\1.jpg,c2f6feef38d3c4c529073b0b5865ad5c6590603ae1adc661ab9e02e3345f52b4,,real_world,,,,,,,,published_res_sam_image_export_v1,jpg,369,369,0,,,,real_world,,,,build_ressam_unified_manifest.py,2026-08-10,mode=RGB; source_archive=gpr_data.zip
res_sam,core,res_sam:real_world:crack:10,crack,dataset_folder_name,GPR_data/real_world/crack/10.jpg,<LOCAL_DATA_ROOT>\external_assets\res_sam_data\GPR_data\real_world\crack\10.jpg,9131238d93b7abbfe0c61d113c7f58348ead9d399d17f00295d3d623075a5e54,,real_world,,,,,,,,published_res_sam_image_export_v1,jpg,369,369,0,,,,real_world,,,,build_ressam_unified_manifest.py,2026-08-10,mode=RGB; source_archive=gpr_data.zip
res_sam,core,res_sam:real_world:crack:100,crack,dataset_folder_name,GPR_data/real_world/crack/100.jpg,<LOCAL_DATA_ROOT>\external_assets\res_sam_data\GPR_data\real_world\crack\100.jpg,deae0c931771a99e8407d17791f62c06deda845463aa3b26ee3936799f64fad3,,real_world,,,,,,,,published_res_sam_image_export_v1,jpg,369,369,0,,,,real_world,,,,build_ressam_unified_manifest.py,2026-08-10,mode=RGB; source_archive=gpr_data.zip
res_sam,core,res_sam:real_world:crack:11,crack,dataset_folder_name,GPR_data/real_world/crack/11.jpg,<LOCAL_DATA_ROOT>\external_assets\res_sam_data\GPR_data\real_world\crack\11.jpg,25cef4b0de2d3b903304501f68b76bf9ce5b0c7bab75ce4074c1ee83763201ff,,real_world,,,,,,,,published_res_sam_image_export_v1,jpg,369,369,0,,,,real_world,,,,build_ressam_unified_manifest.py,2026-08-10,mode=RGB; source_archive=gpr_data.zip
res_sam,core,res_sam:real_world:crack:12,crack,dataset_folder_name,GPR_data/real_world/crack/12.jpg,<LOCAL_DATA_ROOT>\external_assets\res_sam_data\GPR_data\real_world\crack\12.jpg,5bc8e75c4e463d73e68917d9bc6023e16b54239ba8a5204e4e3b112bd64566f2,,real_world,,,,,,,,published_res_sam_image_export_v1,jpg,369,369,0,,,,real_world,,,,build_ressam_unified_manifest.py,2026-08-10,mode=RGB; source_archive=gpr_data.zip
res_sam,core,res_sam:real_world:crack:13,crack,dataset_folder_name,GPR_data/real_world/crack/13.jpg,<LOCAL_DATA_ROOT>\external_assets\res_sam_data\GPR_data\real_world\crack\13.jpg,6c163e4bed3818605773e56b4358c42b25c6e1a8708f4e033b15d09bbb050398,,real_world,,,,,,,,published_res_sam_image_export_v1,jpg,369,369,0,,,,real_world,,,,build_ressam_unified_manifest.py,2026-08-10,mode=RGB; source_archive=gpr_data.zip
res_sam,core,res_sam:real_world:crack:14,crack,dataset_folder_name,GPR_data/real_world/crack/14.jpg,<LOCAL_DATA_ROOT>\external_assets\res_sam_data\GPR_data\real_world\crack\14.jpg,40a6e8e19326c788691e0d9d746bbc218b25c590cf3d692a32d9e229908285b3,,real_world,,,,,,,,published_res_sam_image_export_v1,jpg,535,321,0,,,,real_world,,,,build_ressam_unified_manifest.py,2026-08-10,mode=L; source_archive=gpr_data.zip
res_sam,core,res_sam:real_world:crack:15,crack,dataset_folder_name,GPR_data/real_world/crack/15.jpg,<LOCAL_DATA_ROOT>\external_assets\res_sam_data\GPR_data\real_world\crack\15.jpg,4dd4bbf9c1342b2f3595567470012c5fac02d53a8eb8642603ccf5395b24bd19,,real_world,,,,,,,,published_res_sam_image_export_v1,jpg,369,369,0,,,,real_world,,,,build_ressam_unified_manifest.py,2026-08-10,mode=RGB; source_archive=gpr_data.zip
res_sam,core,res_sam:real_world:crack:16,crack,dataset_folder_name,GPR_data/real_world/crack/16.jpg,<LOCAL_DATA_ROOT>\external_assets\res_sam_data\GPR_data\real_world\crack\16.jpg,7a2a557613fc9ea03d91c6f28a56a98242a1242474a445f3e2d051a893d2adfb,,real_world,,,,,,,,published_res_sam_image_export_v1,jpg,535,321,0,,,,real_world,,,,build_ressam_unified_manifest.py,2026-08-10,mode=L; source_archive=gpr_data.zip
res_sam,core,res_sam:real_world:crack:17,crack,dataset_folder_name,GPR_data/real_world/crack/17.jpg,<LOCAL_DATA_ROOT>\external_assets\res_sam_data\GPR_data\real_world\crack\17.jpg,73e6da69669eb14afc71f375fd6a8b1cc31009ff7945bd9e67b6fcdfa38709a2,,real_world,,,,,,,,published_res_sam_image_export_v1,jpg,535,321,0,,,,real_world,,,,build_ressam_unified_manifest.py,2026-08-10,mode=L; source_archive=gpr_data.zip
res_sam,core,res_sam:real_world:crack:18,crack,dataset_folder_name,GPR_data/real_world/crack/18.jpg,<LOCAL_DATA_ROOT>\external_assets\res_sam_data\GPR_data\real_world\crack\18.jpg,20f1e0ea80d7aea219d0ad2ada4e814cebf5acd39e4169448620ad4c8887ca21,,real_world,,,,,,,,published_res_sam_image_export_v1,jpg,535,321,0,,,,real_world,,,,build_ressam_unified_manifest.py,2026-08-10,mode=L; source_archive=gpr_data.zip
res_sam,core,res_sam:real_world:crack:19,crack,dataset_folder_name,GPR_data/real_world/crack/19.jpg,<LOCAL_DATA_ROOT>\external_assets\res_sam_data\GPR_data\real_world\crack\19.jpg,3c8e963d3cfafbed80255d87ffcc8c64272a7fd95fc82b77b3a6fd121439dcc9,,real_world,,,,,,,,published_res_sam_image_export_v1,jpg,535,321,0,,,,real_world,,,,build_ressam_unified_manifest.py,2026-08-10,mode=L; source_archive=gpr_data.zip
res_sam,core,res_sam:real_world:crack:2,crack,dataset_folder_name,GPR_data/real_world/crack/2.jpg,<LOCAL_DATA_ROOT>\external_assets\res_sam_data\GPR_data\real_world\crack\2.jpg,5a3c029083ce46cd47a915e7ba637ec930325eacb7c9b97edfcbe0e7d8679213,,real_world,,,,,,,,published_res_sam_image_export_v1,jpg,369,369,0,,,,real_world,,,,build_ressam_unified_manifest.py,2026-08-10,mode=RGB; source_archive=gpr_data.zip
res_sam,core,res_sam:real_world:crack:20,crack,dataset_folder_name,GPR_data/real_world/crack/20.jpg,<LOCAL_DATA_ROOT>\external_assets\res_sam_data\GPR_data\real_world\crack\20.jpg,1d282cd53ae6c7b1bdfbb9f8c3dcbd35ec262f2f5edd5bf6d62f654d43768e34,,real_world,,,,,,,,published_res_sam_image_export_v1,jpg,535,321,0,,,,real_world,,,,build_ressam_unified_manifest.py,2026-08-10,mode=L; source_archive=gpr_data.zip
res_sam,core,res_sam:real_world:crack:21,crack,dataset_folder_name,GPR_data/real_world/crack/21.jpg,<LOCAL_DATA_ROOT>\external_assets\res_sam_data\GPR_data\real_world\crack\21.jpg,4a6e69d99af2d67cdcc0e2138bc66de753fd8585f2ef643c940c8584176e819c,,real_world,,,,,,,,published_res_sam_image_export_v1,jpg,369,369,0,,,,real_world,,,,build_ressam_unified_manifest.py,2026-08-10,mode=RGB; source_archive=gpr_data.zip
res_sam,core,res_sam:real_world:crack:22,crack,dataset_folder_name,GPR_data/real_world/crack/22.jpg,<LOCAL_DATA_ROOT>\external_assets\res_sam_data\GPR_data\real_world\crack\22.jpg,7c9ed2c2dd5a9c49f45c789f8b5f389dda1b346e2ee532668db4f5a6474f1609,,real_world,,,,,,,,published_res_sam_image_export_v1,jpg,535,321,0,,,,real_world,,,,build_ressam_unified_manifest.py,2026-08-10,mode=L; source_archive=gpr_data.zip
res_sam,core,res_sam:real_world:crack:23,crack,dataset_folder_name,GPR_data/real_world/crack/23.jpg,<LOCAL_DATA_ROOT>\external_assets\res_sam_data\GPR_data\real_world\crack\23.jpg,88564732c222cfcb1ef691ec51d987ec7fd0ec9c71f3f17e7fab9807907f0db6,,real_world,,,,,,,,published_res_sam_image_export_v1,jpg,535,321,0,,,,real_world,,,,build_ressam_unified_manifest.py,2026-08-10,mode=L; source_archive=gpr_data.zip
res_sam,core,res_sam:real_world:crack:24,crack,dataset_folder_name,GPR_data/real_world/crack/24.jpg,<LOCAL_DATA_ROOT>\external_assets\res_sam_data\GPR_data\real_world\crack\24.jpg,0916944e88f5f25793f5473dcb46af11b884cabe1d1505e8b06c2fbfae0b9070,,real_world,,,,,,,,published_res_sam_image_export_v1,jpg,369,369,0,,,,real_world,,,,build_ressam_unified_manifest.py,2026-08-10,mode=RGB; source_archive=gpr_data.zip
res_sam,core,res_sam:real_world:crack:25,crack,dataset_folder_name,GPR_data/real_world/crack/25.jpg,<LOCAL_DATA_ROOT>\external_assets\res_sam_data\GPR_data\real_world\crack\25.jpg,e07aafca7d2ffc52c1e7e54aef6ee5b3550e7bac171c22649a0073482ae3749e,,real_world,,,,,,,,published_res_sam_image_export_v1,jpg,535,321,0,,,,real_world,,,,build_ressam_unified_manifest.py,2026-08-10,mode=L; source_archive=gpr_data.zip
res_sam,core,res_sam:real_world:crack:26,crack,dataset_folder_name,GPR_data/real_world/crack/26.jpg,<LOCAL_DATA_ROOT>\external_assets\res_sam_data\GPR_data\real_world\crack\26.jpg,6efb960d7677902ab797d3439f072340297e1be3fec62a476bfc96c905be9163,,real_world,,,,,,,,published_res_sam_image_export_v1,jpg,535,321,0,,,,real_world,,,,build_ressam_unified_manifest.py,2026-08-10,mode=L; source_archive=gpr_data.zip
res_sam,core,res_sam:real_world:crack:27,crack,dataset_folder_name,GPR_data/real_world/crack/27.jpg,<LOCAL_DATA_ROOT>\external_assets\res_sam_data\GPR_data\real_world\crack\27.jpg,53a336bd042454ad496572038ae65774e0cbf6f9659a2e1c7b2784a49d2edd62,,real_world,,,,,,,,published_res_sam_image_export_v1,jpg,369,369,0,,,,real_world,,,,build_ressam_unified_manifest.py,2026-08-10,mode=RGB; source_archive=gpr_data.zip
res_sam,core,res_sam:real_world:crack:28,crack,dataset_folder_name,GPR_data/real_world/crack/28.jpg,<LOCAL_DATA_ROOT>\external_assets\res_sam_data\GPR_data\real_world\crack\28.jpg,991e1df0b2335f81b8ebf418531b009fded43bc2b1e0cc186f11f2daceabed9f,,real_world,,,,,,,,published_res_sam_image_export_v1,jpg,369,369,0,,,,real_world,,,,build_ressam_unified_manifest.py,2026-08-10,mode=RGB; source_archive=gpr_data.zip
res_sam,core,res_sam:real_world:crack:29,crack,dataset_folder_name,GPR_data/real_world/crack/29.jpg,<LOCAL_DATA_ROOT>\external_assets\res_sam_data\GPR_data\real_world\crack\29.jpg,79839e0a0673b800e9049abb4b5cc540439be74e50faa2881756500c9103b730,,real_world,,,,,,,,published_res_sam_image_export_v1,jpg,369,369,0,,,,real_world,,,,build_ressam_unified_manifest.py,2026-08-10,mode=RGB; source_archive=gpr_data.zip
res_sam,core,res_sam:real_world:crack:3,crack,dataset_folder_name,GPR_data/real_world/crack/3.jpg,<LOCAL_DATA_ROOT>\external_assets\res_sam_data\GPR_data\real_world\crack\3.jpg,943dd80a88077c87b6486b83dea8edc73ad8254b8e8fa654b517f669a102c43f,,real_world,,,,,,,,published_res_sam_image_export_v1,jpg,535,321,0,,,,real_world,,,,build_ressam_unified_manifest.py,2026-08-10,mode=L; source_archive=gpr_data.zip
res_sam,core,res_sam:real_world:crack:30,crack,dataset_folder_name,GPR_data/real_world/crack/30.jpg,<LOCAL_DATA_ROOT>\external_assets\res_sam_data\GPR_data\real_world\crack\30.jpg,477eee2427baad313ec1ae26b923d18843dd09be8e506282cc23c80e93c9dd87,,real_world,,,,,,,,published_res_sam_image_export_v1,jpg,535,321,0,,,,real_world,,,,build_ressam_unified_manifest.py,2026-08-10,mode=L; source_archive=gpr_data.zip
res_sam,core,res_sam:real_world:crack:31,crack,dataset_folder_name,GPR_data/real_world/crack/31.jpg,<LOCAL_DATA_ROOT>\external_assets\res_sam_data\GPR_data\real_world\crack\31.jpg,98f520893fe11d890c8919e4aa454f4651e09eab154032b7ff08237b405571de,,real_world,,,,,,,,published_res_sam_image_export_v1,jpg,369,369,0,,,,real_world,,,,build_ressam_unified_manifest.py,2026-08-10,mode=RGB; source_archive=gpr_data.zip
res_sam,core,res_sam:real_world:crack:32,crack,dataset_folder_name,GPR_data/real_world/crack/32.jpg,<LOCAL_DATA_ROOT>\external_assets\res_sam_data\GPR_data\real_world\crack\32.jpg,b5162c0f40038645f54a7a10225fd2e0d5f973e3b6b5850a5004a47fd03f93fc,,real_world,,,,,,,,published_res_sam_image_export_v1,jpg,535,321,0,,,,real_world,,,,build_ressam_unified_manifest.py,2026-08-10,mode=L; source_archive=gpr_data.zip
res_sam,core,res_sam:real_world:crack:33,crack,dataset_folder_name,GPR_data/real_world/crack/33.jpg,<LOCAL_DATA_ROOT>\external_assets\res_sam_data\GPR_data\real_world\crack\33.jpg,c533a1c6d0a893df4e6a5f8dc1e9ee8d89974961554a268348aa5d99663eabcd,,real_world,,,,,,,,published_res_sam_image_export_v1,jpg,369,369,0,,,,real_world,,,,build_ressam_unified_manifest.py,2026-08-10,mode=RGB; source_archive=gpr_data.zip
res_sam,core,res_sam:real_world:crack:34,crack,dataset_folder_name,GPR_data/real_world/crack/34.jpg,<LOCAL_DATA_ROOT>\external_assets\res_sam_data\GPR_data\real_world\crack\34.jpg,c1b741856856e9a393f54f555a1da229fcc92e84e5e4108fc2e6e42057acae97,,real_world,,,,,,,,published_res_sam_image_export_v1,jpg,369,369,0,,,,real_world,,,,build_ressam_unified_manifest.py,2026-08-10,mode=RGB; source_archive=gpr_data.zip
res_sam,core,res_sam:real_world:crack:35,crack,dataset_folder_name,GPR_data/real_world/crack/35.jpg,<LOCAL_DATA_ROOT>\external_assets\res_sam_data\GPR_data\real_world\crack\35.jpg,c85d9aaa49ea4f768bfe58c617605394518d4be428ac11fcaeb82119a6e9e341,,real_world,,,,,,,,published_res_sam_image_export_v1,jpg,535,321,0,,,,real_world,,,,build_ressam_unified_manifest.py,2026-08-10,mode=L; source_archive=gpr_data.zip
res_sam,core,res_sam:real_world:crack:36,crack,dataset_folder_name,GPR_data/real_world/crack/36.jpg,<LOCAL_DATA_ROOT>\external_assets\res_sam_data\GPR_data\real_world\crack\36.jpg,435e53480fa57f8bc9d4bf2b706ae839db073936c812593ef8936b8b70cef81e,,real_world,,,,,,,,published_res_sam_image_export_v1,jpg,535,321,0,,,,real_world,,,,build_ressam_unified_manifest.py,2026-08-10,mode=L; source_archive=gpr_data.zip
res_sam,core,res_sam:real_world:crack:37,crack,dataset_folder_name,GPR_data/real_world/crack/37.jpg,<LOCAL_DATA_ROOT>\external_assets\res_sam_data\GPR_data\real_world\crack\37.jpg,4b0e61fb0f9643150ab9e1f0a8dc1193f0e4e8b72a2d4c23419657b544ac283d,,real_world,,,,,,,,published_res_sam_image_export_v1,jpg,369,369,0,,,,real_world,,,,build_ressam_unified_manifest.py,2026-08-10,mode=RGB; source_archive=gpr_data.zip
res_sam,core,res_sam:real_world:crack:38,crack,dataset_folder_name,GPR_data/real_world/crack/38.jpg,<LOCAL_DATA_ROOT>\external_assets\res_sam_data\GPR_data\real_world\crack\38.jpg,e38d818766de2c34835a9be0d74effa9104903fca927b7895dfe6ccd696bb3b3,,real_world,,,,,,,,published_res_sam_image_export_v1,jpg,535,321,0,,,,real_world,,,,build_ressam_unified_manifest.py,2026-08-10,mode=L; source_archive=gpr_data.zip
res_sam,core,res_sam:real_world:crack:39,crack,dataset_folder_name,GPR_data/real_world/crack/39.jpg,<LOCAL_DATA_ROOT>\external_assets\res_sam_data\GPR_data\real_world\crack\39.jpg,ef204c5337d683a78e3809b7ed3d666030028cbd2acd20af4a66d345cfd6f9b6,,real_world,,,,,,,,published_res_sam_image_export_v1,jpg,535,321,0,,,,real_world,,,,build_ressam_unified_manifest.py,2026-08-10,mode=L; source_archive=gpr_data.zip
res_sam,core,res_sam:real_world:crack:4,crack,dataset_folder_name,GPR_data/real_world/crack/4.jpg,<LOCAL_DATA_ROOT>\external_assets\res_sam_data\GPR_data\real_world\crack\4.jpg,265137ef506ad3720d1a3eed7c727cc569f2e04301def3067c797cff63ef6415,,real_world,,,,,,,,published_res_sam_image_export_v1,jpg,369,369,0,,,,real_world,,,,build_ressam_unified_manifest.py,2026-08-10,mode=RGB; source_archive=gpr_data.zip
res_sam,core,res_sam:real_world:crack:40,crack,dataset_folder_name,GPR_data/real_world/crack/40.jpg,<LOCAL_DATA_ROOT>\external_assets\res_sam_data\GPR_data\real_world\crack\40.jpg,3d836b959c3faffacb4f044d7a9c222481e0e9f92619c59da5af7a89071fa75c,,real_world,,,,,,,,published_res_sam_image_export_v1,jpg,369,369,0,,,,real_world,,,,build_ressam_unified_manifest.py,2026-08-10,mode=RGB; source_archive=gpr_data.zip
res_sam,core,res_sam:real_world:crack:41,crack,dataset_folder_name,GPR_data/real_world/crack/41.jpg,<LOCAL_DATA_ROOT>\external_assets\res_sam_data\GPR_data\real_world\crack\41.jpg,524607d9675a7e2df612e04d89aa54e016da8e9e156fd1e229b3e098d67f4c0d,,real_world,,,,,,,,published_res_sam_image_export_v1,jpg,369,369,0,,,,real_world,,,,build_ressam_unified_manifest.py,2026-08-10,mode=RGB; source_archive=gpr_data.zip
res_sam,core,res_sam:real_world:crack:42,crack,dataset_folder_name,GPR_data/real_world/crack/42.jpg,<LOCAL_DATA_ROOT>\external_assets\res_sam_data\GPR_data\real_world\crack\42.jpg,8683524578e40c39456f8b8f13ea404789ec2225c17f128049eb9cd8ea526c9f,,real_world,,,,,,,,published_res_sam_image_export_v1,jpg,369,369,0,,,,real_world,,,,build_ressam_unified_manifest.py,2026-08-10,mode=RGB; source_archive=gpr_data.zip
res_sam,core,res_sam:real_world:crack:43,crack,dataset_folder_name,GPR_data/real_world/crack/43.jpg,<LOCAL_DATA_ROOT>\external_assets\res_sam_data\GPR_data\real_world\crack\43.jpg,67db7ecc13ae3e3c0819b8ca7daf72892cbe8a2fdd68c2d0d955cce900a75dc5,,real_world,,,,,,,,published_res_sam_image_export_v1,jpg,535,321,0,,,,real_world,,,,build_ressam_unified_manifest.py,2026-08-10,mode=L; source_archive=gpr_data.zip
res_sam,core,res_sam:real_world:crack:44,crack,dataset_folder_name,GPR_data/real_world/crack/44.jpg,<LOCAL_DATA_ROOT>\external_assets\res_sam_data\GPR_data\real_world\crack\44.jpg,949a5c24b4bb75bb1d62906c981fd573242b641befd697280aeab37f32b26ef1,,real_world,,,,,,,,published_res_sam_image_export_v1,jpg,535,321,0,,,,real_world,,,,build_ressam_unified_manifest.py,2026-08-10,mode=L; source_archive=gpr_data.zip
res_sam,core,res_sam:real_world:crack:45,crack,dataset_folder_name,GPR_data/real_world/crack/45.jpg,<LOCAL_DATA_ROOT>\external_assets\res_sam_data\GPR_data\real_world\crack\45.jpg,593553e75d16bd7944d82bee713cfa255bda495a9c311dae838c058831913227,,real_world,,,,,,,,published_res_sam_image_export_v1,jpg,535,321,0,,,,real_world,,,,build_ressam_unified_manifest.py,2026-08-10,mode=L; source_archive=gpr_data.zip
res_sam,core,res_sam:real_world:crack:46,crack,dataset_folder_name,GPR_data/real_world/crack/46.jpg,<LOCAL_DATA_ROOT>\external_assets\res_sam_data\GPR_data\real_world\crack\46.jpg,da887d26c261a18a45332d02e6f8b144b248e616335c89f3d2e69b1b9cf67964,,real_world,,,,,,,,published_res_sam_image_export_v1,jpg,535,321,0,,,,real_world,,,,build_ressam_unified_manifest.py,2026-08-10,mode=L; source_archive=gpr_data.zip
res_sam,core,res_sam:real_world:crack:47,crack,dataset_folder_name,GPR_data/real_world/crack/47.jpg,<LOCAL_DATA_ROOT>\external_assets\res_sam_data\GPR_data\real_world\crack\47.jpg,0d34b2f5d0bf5700a851307e41fbaffe2793dea956935a3e496a4fea69599307,,real_world,,,,,,,,published_res_sam_image_export_v1,jpg,369,369,0,,,,real_world,,,,build_ressam_unified_manifest.py,2026-08-10,mode=RGB; source_archive=gpr_data.zip
res_sam,core,res_sam:real_world:crack:48,crack,dataset_folder_name,GPR_data/real_world/crack/48.jpg,<LOCAL_DATA_ROOT>\external_assets\res_sam_data\GPR_data\real_world\crack\48.jpg,c142c092ba71b5ea919acaf255f0f7192fd7eed9437158af1931dfcc4045442d,,real_world,,,,,,,,published_res_sam_image_export_v1,jpg,535,321,0,,,,real_world,,,,build_ressam_unified_manifest.py,2026-08-10,mode=L; source_archive=gpr_data.zip
res_sam,core,res_sam:real_world:crack:49,crack,dataset_folder_name,GPR_data/real_world/crack/49.jpg,<LOCAL_DATA_ROOT>\external_assets\res_sam_data\GPR_data\real_world\crack\49.jpg,f3f47961e55e359be52c51fb6ebe58664d0f043dce2566982047196df5d224fb,,real_world,,,,,,,,published_res_sam_image_export_v1,jpg,535,321,0,,,,real_world,,,,build_ressam_unified_manifest.py,2026-08-10,mode=L; source_archive=gpr_data.zip
res_sam,core,res_sam:real_world:crack:5,crack,dataset_folder_name,GPR_data/real_world/crack/5.jpg,<LOCAL_DATA_ROOT>\external_assets\res_sam_data\GPR_data\real_world\crack\5.jpg,429db06faba4dab607d58f7ac36591f157236faad5da6ba8b5278b7a50257da5,,real_world,,,,,,,,published_res_sam_image_export_v1,jpg,535,321,0,,,,real_world,,,,build_ressam_unified_manifest.py,2026-08-10,mode=L; source_archive=gpr_data.zip
res_sam,core,res_sam:real_world:crack:50,crack,dataset_folder_name,GPR_data/real_world/crack/50.jpg,<LOCAL_DATA_ROOT>\external_assets\res_sam_data\GPR_data\real_world\crack\50.jpg,627f6fc8eef070c84fa2dbc1533c7bd031a1532b4fac5037b983b3c5bbc9b77e,,real_world,,,,,,,,published_res_sam_image_export_v1,jpg,535,321,0,,,,real_world,,,,build_ressam_unified_manifest.py,2026-08-10,mode=L; source_archive=gpr_data.zip
res_sam,core,res_sam:real_world:crack:51,crack,dataset_folder_name,GPR_data/real_world/crack/51.jpg,<LOCAL_DATA_ROOT>\external_assets\res_sam_data\GPR_data\real_world\crack\51.jpg,e17e0d6321fae534d0f0367a44d5dbac6ae1e2a767d33d9029a6f7c438104e62,,real_world,,,,,,,,published_res_sam_image_export_v1,jpg,369,369,0,,,,real_world,,,,build_ressam_unified_manifest.py,2026-08-10,mode=RGB; source_archive=gpr_data.zip
res_sam,core,res_sam:real_world:crack:52,crack,dataset_folder_name,GPR_data/real_world/crack/52.jpg,<LOCAL_DATA_ROOT>\external_assets\res_sam_data\GPR_data\real_world\crack\52.jpg,c3493ee1c6b5921e90aadde63250ab8a6bf7e5b3c2eb3eda3d8137a9c2f635cc,,real_world,,,,,,,,published_res_sam_image_export_v1,jpg,535,321,0,,,,real_world,,,,build_ressam_unified_manifest.py,2026-08-10,mode=L; source_archive=gpr_data.zip
res_sam,core,res_sam:real_world:crack:53,crack,dataset_folder_name,GPR_data/real_world/crack/53.jpg,<LOCAL_DATA_ROOT>\external_assets\res_sam_data\GPR_data\real_world\crack\53.jpg,d85913252f342d6fa9edab1b0c12efb9c7c7adbe022e17da5930abb471498078,,real_world,,,,,,,,published_res_sam_image_export_v1,jpg,369,369,0,,,,real_world,,,,build_ressam_unified_manifest.py,2026-08-10,mode=RGB; source_archive=gpr_data.zip
res_sam,core,res_sam:real_world:crack:54,crack,dataset_folder_name,GPR_data/real_world/crack/54.jpg,<LOCAL_DATA_ROOT>\external_assets\res_sam_data\GPR_data\real_world\crack\54.jpg,ccc1256a86c48da973a91db8763ac194216756531744084629febfe56d416bdd,,real_world,,,,,,,,published_res_sam_image_export_v1,jpg,369,369,0,,,,real_world,,,,build_ressam_unified_manifest.py,2026-08-10,mode=RGB; source_archive=gpr_data.zip
res_sam,core,res_sam:real_world:crack:55,crack,dataset_folder_name,GPR_data/real_world/crack/55.jpg,<LOCAL_DATA_ROOT>\external_assets\res_sam_data\GPR_data\real_world\crack\55.jpg,c9a8cd68d0c28d7b01132d563c253eee61e75c0586c3b794ec8e106b70797402,,real_world,,,,,,,,published_res_sam_image_export_v1,jpg,535,321,0,,,,real_world,,,,build_ressam_unified_manifest.py,2026-08-10,mode=L; source_archive=gpr_data.zip
res_sam,core,res_sam:real_world:crack:56,crack,dataset_folder_name,GPR_data/real_world/crack/56.jpg,<LOCAL_DATA_ROOT>\external_assets\res_sam_data\GPR_data\real_world\crack\56.jpg,e5c8ed1da406354a5769e74c4503d2dc0526f973dd40ab0cbb9ea4a74e1da288,,real_world,,,,,,,,published_res_sam_image_export_v1,jpg,369,369,0,,,,real_world,,,,build_ressam_unified_manifest.py,2026-08-10,mode=RGB; source_archive=gpr_data.zip
res_sam,core,res_sam:real_world:crack:57,crack,dataset_folder_name,GPR_data/real_world/crack/57.jpg,<LOCAL_DATA_ROOT>\external_assets\res_sam_data\GPR_data\real_world\crack\57.jpg,3bb91333d23f60f563fb4334bed70cb18373e8a1546726ab7279d3b7dd1fc979,,real_world,,,,,,,,published_res_sam_image_export_v1,jpg,369,369,0,,,,real_world,,,,build_ressam_unified_manifest.py,2026-08-10,mode=RGB; source_archive=gpr_data.zip
res_sam,core,res_sam:real_world:crack:58,crack,dataset_folder_name,GPR_data/real_world/crack/58.jpg,<LOCAL_DATA_ROOT>\external_assets\res_sam_data\GPR_data\real_world\crack\58.jpg,40abc14a51b07896c1205f734fd90a832098db82a3551dc3951a08443b98b288,,real_world,,,,,,,,published_res_sam_image_export_v1,jpg,369,369,0,,,,real_world,,,,build_ressam_unified_manifest.py,2026-08-10,mode=RGB; source_archive=gpr_data.zip
res_sam,core,res_sam:real_world:crack:59,crack,dataset_folder_name,GPR_data/real_world/crack/59.jpg,<LOCAL_DATA_ROOT>\external_assets\res_sam_data\GPR_data\real_world\crack\59.jpg,92aedca828bd74d27632666604aa4d43ba46500cb8b60fc0ed8758ef04084def,,real_world,,,,,,,,published_res_sam_image_export_v1,jpg,535,321,0,,,,real_world,,,,build_ressam_unified_manifest.py,2026-08-10,mode=L; source_archive=gpr_data.zip
res_sam,core,res_sam:real_world:crack:6,crack,dataset_folder_name,GPR_data/real_world/crack/6.jpg,<LOCAL_DATA_ROOT>\external_assets\res_sam_data\GPR_data\real_world\crack\6.jpg,7cf8d226c4a9d8c006431767a0b7f4bd02dbcf22601328d2a578f59fdb3a95e2,,real_world,,,,,,,,published_res_sam_image_export_v1,jpg,369,369,0,,,,real_world,,,,build_ressam_unified_manifest.py,2026-08-10,mode=RGB; source_archive=gpr_data.zip
res_sam,core,res_sam:real_world:crack:60,crack,dataset_folder_name,GPR_data/real_world/crack/60.jpg,<LOCAL_DATA_ROOT>\external_assets\res_sam_data\GPR_data\real_world\crack\60.jpg,d51bcbe19f6eab553785bc055516eb040b3a4c823e1c5ff914f2abacfd6e2387,,real_world,,,,,,,,published_res_sam_image_export_v1,jpg,535,321,0,,,,real_world,,,,build_ressam_unified_manifest.py,2026-08-10,mode=L; source_archive=gpr_data.zip
res_sam,core,res_sam:real_world:crack:61,crack,dataset_folder_name,GPR_data/real_world/crack/61.jpg,<LOCAL_DATA_ROOT>\external_assets\res_sam_data\GPR_data\real_world\crack\61.jpg,b02f5cebaa80044aed451406863cb22e84ac7924bf46d8aaa561629eb6da1528,,real_world,,,,,,,,published_res_sam_image_export_v1,jpg,535,321,0,,,,real_world,,,,build_ressam_unified_manifest.py,2026-08-10,mode=L; source_archive=gpr_data.zip
res_sam,core,res_sam:real_world:crack:62,crack,dataset_folder_name,GPR_data/real_world/crack/62.jpg,<LOCAL_DATA_ROOT>\external_assets\res_sam_data\GPR_data\real_world\crack\62.jpg,bedd5757c0397d52b725b8844d38b83474a07d564ccc887d8f3a04bdbae681b2,,real_world,,,,,,,,published_res_sam_image_export_v1,jpg,535,321,0,,,,real_world,,,,build_ressam_unified_manifest.py,2026-08-10,mode=L; source_archive=gpr_data.zip
res_sam,core,res_sam:real_world:crack:63,crack,dataset_folder_name,GPR_data/real_world/crack/63.jpg,<LOCAL_DATA_ROOT>\external_assets\res_sam_data\GPR_data\real_world\crack\63.jpg,f983f08c1377aaeffe544c119af85b65e3ede1a8b8e7055b96aa4ba7c6e3c3e3,,real_world,,,,,,,,published_res_sam_image_export_v1,jpg,369,369,0,,,,real_world,,,,build_ressam_unified_manifest.py,2026-08-10,mode=RGB; source_archive=gpr_data.zip
res_sam,core,res_sam:real_world:crack:64,crack,dataset_folder_name,GPR_data/real_world/crack/64.jpg,<LOCAL_DATA_ROOT>\external_assets\res_sam_data\GPR_data\real_world\crack\64.jpg,97bd0b675d7bda46bfbfb646508462c8344cf6bc2728aaf57f32638a92d8378c,,real_world,,,,,,,,published_res_sam_image_export_v1,jpg,369,369,0,,,,real_world,,,,build_ressam_unified_manifest.py,2026-08-10,mode=RGB; source_archive=gpr_data.zip
res_sam,core,res_sam:real_world:crack:65,crack,dataset_folder_name,GPR_data/real_world/crack/65.jpg,<LOCAL_DATA_ROOT>\external_assets\res_sam_data\GPR_data\real_world\crack\65.jpg,2e859c3aa83546fd52776e121b3f35618b986c73397ad27c0872e446de3b6e80,,real_world,,,,,,,,published_res_sam_image_export_v1,jpg,535,321,0,,,,real_world,,,,build_ressam_unified_manifest.py,2026-08-10,mode=L; source_archive=gpr_data.zip
res_sam,core,res_sam:real_world:crack:66,crack,dataset_folder_name,GPR_data/real_world/crack/66.jpg,<LOCAL_DATA_ROOT>\external_assets\res_sam_data\GPR_data\real_world\crack\66.jpg,50a1442294e9c7aaf8103680f6321f705c4d74ff834eda80d55f873e099cfc89,,real_world,,,,,,,,published_res_sam_image_export_v1,jpg,369,369,0,,,,real_world,,,,build_ressam_unified_manifest.py,2026-08-10,mode=RGB; source_archive=gpr_data.zip
res_sam,core,res_sam:real_world:crack:67,crack,dataset_folder_name,GPR_data/real_world/crack/67.jpg,<LOCAL_DATA_ROOT>\external_assets\res_sam_data\GPR_data\real_world\crack\67.jpg,b7f53bfbc85c5b407dcf09d0e3d6cacf19b9e02a82bc8c1d708b587af8fc14c0,,real_world,,,,,,,,published_res_sam_image_export_v1,jpg,535,321,0,,,,real_world,,,,build_ressam_unified_manifest.py,2026-08-10,mode=L; source_archive=gpr_data.zip
res_sam,core,res_sam:real_world:crack:68,crack,dataset_folder_name,GPR_data/real_world/crack/68.jpg,<LOCAL_DATA_ROOT>\external_assets\res_sam_data\GPR_data\real_world\crack\68.jpg,ad875e3348fdd716163131e0163d223dc392a57b6c32accf9397140491b19520,,real_world,,,,,,,,published_res_sam_image_export_v1,jpg,369,369,0,,,,real_world,,,,build_ressam_unified_manifest.py,2026-08-10,mode=RGB; source_archive=gpr_data.zip
res_sam,core,res_sam:real_world:crack:69,crack,dataset_folder_name,GPR_data/real_world/crack/69.jpg,<LOCAL_DATA_ROOT>\external_assets\res_sam_data\GPR_data\real_world\crack\69.jpg,0e6a2c56ff4ba1ebe40d0992eb501daaca3fafab578fa38f1a50285925e94632,,real_world,,,,,,,,published_res_sam_image_export_v1,jpg,535,321,0,,,,real_world,,,,build_ressam_unified_manifest.py,2026-08-10,mode=L; source_archive=gpr_data.zip
res_sam,core,res_sam:real_world:crack:7,crack,dataset_folder_name,GPR_data/real_world/crack/7.jpg,<LOCAL_DATA_ROOT>\external_assets\res_sam_data\GPR_data\real_world\crack\7.jpg,11bc5a91ec7d239093e161399aac74626255d1b225350414edd117fbd52cca39,,real_world,,,,,,,,published_res_sam_image_export_v1,jpg,535,321,0,,,,real_world,,,,build_ressam_unified_manifest.py,2026-08-10,mode=L; source_archive=gpr_data.zip
res_sam,core,res_sam:real_world:crack:70,crack,dataset_folder_name,GPR_data/real_world/crack/70.jpg,<LOCAL_DATA_ROOT>\external_assets\res_sam_data\GPR_data\real_world\crack\70.jpg,3e64d25e82e7422da5175ee9f6ead65574a300785a2d9996e3641a6b60b89fa9,,real_world,,,,,,,,published_res_sam_image_export_v1,jpg,369,369,0,,,,real_world,,,,build_ressam_unified_manifest.py,2026-08-10,mode=RGB; source_archive=gpr_data.zip
res_sam,core,res_sam:real_world:crack:71,crack,dataset_folder_name,GPR_data/real_world/crack/71.jpg,<LOCAL_DATA_ROOT>\external_assets\res_sam_data\GPR_data\real_world\crack\71.jpg,00d76eaf911783e57c87e91af0995033f61731961cc0a9db8fbf67d59bd42e2e,,real_world,,,,,,,,published_res_sam_image_export_v1,jpg,369,369,0,,,,real_world,,,,build_ressam_unified_manifest.py,2026-08-10,mode=RGB; source_archive=gpr_data.zip
res_sam,core,res_sam:real_world:crack:72,crack,dataset_folder_name,GPR_data/real_world/crack/72.jpg,<LOCAL_DATA_ROOT>\external_assets\res_sam_data\GPR_data\real_world\crack\72.jpg,1b983feb55f179693990ffeca096df67b0bf489726d806749d0b3757905c04f2,,real_world,,,,,,,,published_res_sam_image_export_v1,jpg,369,369,0,,,,real_world,,,,build_ressam_unified_manifest.py,2026-08-10,mode=RGB; source_archive=gpr_data.zip
res_sam,core,res_sam:real_world:crack:73,crack,dataset_folder_name,GPR_data/real_world/crack/73.jpg,<LOCAL_DATA_ROOT>\external_assets\res_sam_data\GPR_data\real_world\crack\73.jpg,df85aa92428454e908aebff3d31c0b98e5a42b7f463f007e29cf4202a3dadb73,,real_world,,,,,,,,published_res_sam_image_export_v1,jpg,369,369,0,,,,real_world,,,,build_ressam_unified_manifest.py,2026-08-10,mode=RGB; source_archive=gpr_data.zip
res_sam,core,res_sam:real_world:crack:74,crack,dataset_folder_name,GPR_data/real_world/crack/74.jpg,<LOCAL_DATA_ROOT>\external_assets\res_sam_data\GPR_data\real_world\crack\74.jpg,f238075860e059419a2dab929e9181f9e5d8b82ef38dccb77ef85425a1f7c386,,real_world,,,,,,,,published_res_sam_image_export_v1,jpg,535,321,0,,,,real_world,,,,build_ressam_unified_manifest.py,2026-08-10,mode=L; source_archive=gpr_data.zip
res_sam,core,res_sam:real_world:crack:75,crack,dataset_folder_name,GPR_data/real_world/crack/75.jpg,<LOCAL_DATA_ROOT>\external_assets\res_sam_data\GPR_data\real_world\crack\75.jpg,3eefb3d8ba2ffcdad83c99ae4d02ff776635d5136417400959421dac6e26bf53,,real_world,,,,,,,,published_res_sam_image_export_v1,jpg,369,369,0,,,,real_world,,,,build_ressam_unified_manifest.py,2026-08-10,mode=RGB; source_archive=gpr_data.zip
res_sam,core,res_sam:real_world:crack:76,crack,dataset_folder_name,GPR_data/real_world/crack/76.jpg,<LOCAL_DATA_ROOT>\external_assets\res_sam_data\GPR_data\real_world\crack\76.jpg,ac5af20b9a6963260eee1cd66b5e40dfd7cef1c9fb28351dc282c5ce5da4bbfa,,real_world,,,,,,,,published_res_sam_image_export_v1,jpg,369,369,0,,,,real_world,,,,build_ressam_unified_manifest.py,2026-08-10,mode=RGB; source_archive=gpr_data.zip
res_sam,core,res_sam:real_world:crack:77,crack,dataset_folder_name,GPR_data/real_world/crack/77.jpg,<LOCAL_DATA_ROOT>\external_assets\res_sam_data\GPR_data\real_world\crack\77.jpg,2503244531df60c114b0270c1eb6cd30e9b4b79e593b3c2261e8d421648b1ac1,,real_world,,,,,,,,published_res_sam_image_export_v1,jpg,369,369,0,,,,real_world,,,,build_ressam_unified_manifest.py,2026-08-10,mode=RGB; source_archive=gpr_data.zip
res_sam,core,res_sam:real_world:crack:78,crack,dataset_folder_name,GPR_data/real_world/crack/78.jpg,<LOCAL_DATA_ROOT>\external_assets\res_sam_data\GPR_data\real_world\crack\78.jpg,e2bb44ca84c456df4bd43e236d2a125b0066d43d4003eb2bf09a0e11ef3ef3ba,,real_world,,,,,,,,published_res_sam_image_export_v1,jpg,369,369,0,,,,real_world,,,,build_ressam_unified_manifest.py,2026-08-10,mode=RGB; source_archive=gpr_data.zip
res_sam,core,res_sam:real_world:crack:79,crack,dataset_folder_name,GPR_data/real_world/crack/79.jpg,<LOCAL_DATA_ROOT>\external_assets\res_sam_data\GPR_data\real_world\crack\79.jpg,1db454fabbb2d89a63b0acf0c6f12d88affed766e4042121f832b287089ba9d9,,real_world,,,,,,,,published_res_sam_image_export_v1,jpg,535,321,0,,,,real_world,,,,build_ressam_unified_manifest.py,2026-08-10,mode=L; source_archive=gpr_data.zip
res_sam,core,res_sam:real_world:crack:8,crack,dataset_folder_name,GPR_data/real_world/crack/8.jpg,<LOCAL_DATA_ROOT>\external_assets\res_sam_data\GPR_data\real_world\crack\8.jpg,b3eef3194b207b363d2ebdec4a0f08f337c3078e67d05da91acdac66f7b608e9,,real_world,,,,,,,,published_res_sam_image_export_v1,jpg,369,369,0,,,,real_world,,,,build_ressam_unified_manifest.py,2026-08-10,mode=RGB; source_archive=gpr_data.zip
res_sam,core,res_sam:real_world:crack:80,crack,dataset_folder_name,GPR_data/real_world/crack/80.jpg,<LOCAL_DATA_ROOT>\external_assets\res_sam_data\GPR_data\real_world\crack\80.jpg,30dd1de11f7d7518fda41e67f46c94ca18342aca60ca25ca9017bcd56660fc2d,,real_world,,,,,,,,published_res_sam_image_export_v1,jpg,535,321,0,,,,real_world,,,,build_ressam_unified_manifest.py,2026-08-10,mode=L; source_archive=gpr_data.zip
res_sam,core,res_sam:real_world:crack:81,crack,dataset_folder_name,GPR_data/real_world/crack/81.jpg,<LOCAL_DATA_ROOT>\external_assets\res_sam_data\GPR_data\real_world\crack\81.jpg,34ef7e05747fa6a774a5eb7f734dcaaa0a95aed38486a6d547b7797d90cea225,,real_world,,,,,,,,published_res_sam_image_export_v1,jpg,535,321,0,,,,real_world,,,,build_ressam_unified_manifest.py,2026-08-10,mode=L; source_archive=gpr_data.zip
res_sam,core,res_sam:real_world:crack:82,crack,dataset_folder_name,GPR_data/real_world/crack/82.jpg,<LOCAL_DATA_ROOT>\external_assets\res_sam_data\GPR_data\real_world\crack\82.jpg,b1dc0765709889697eb6c3360e422a58c57800306620f97914b0b0e739741293,,real_world,,,,,,,,published_res_sam_image_export_v1,jpg,535,321,0,,,,real_world,,,,build_ressam_unified_manifest.py,2026-08-10,mode=L; source_archive=gpr_data.zip
res_sam,core,res_sam:real_world:crack:83,crack,dataset_folder_name,GPR_data/real_world/crack/83.jpg,<LOCAL_DATA_ROOT>\external_assets\res_sam_data\GPR_data\real_world\crack\83.jpg,986ed22f183135324a5b293069f2dce8c21c0d15317c80d7c8436b9646184cfa,,real_world,,,,,,,,published_res_sam_image_export_v1,jpg,535,321,0,,,,real_world,,,,build_ressam_unified_manifest.py,2026-08-10,mode=L; source_archive=gpr_data.zip
res_sam,core,res_sam:real_world:crack:84,crack,dataset_folder_name,GPR_data/real_world/crack/84.jpg,<LOCAL_DATA_ROOT>\external_assets\res_sam_data\GPR_data\real_world\crack\84.jpg,b6d0ed08993e34d01752431881b96b7fdd617662f3cc5676aaefda81374aeb61,,real_world,,,,,,,,published_res_sam_image_export_v1,jpg,535,321,0,,,,real_world,,,,build_ressam_unified_manifest.py,2026-08-10,mode=L; source_archive=gpr_data.zip
res_sam,core,res_sam:real_world:crack:85,crack,dataset_folder_name,GPR_data/real_world/crack/85.jpg,<LOCAL_DATA_ROOT>\external_assets\res_sam_data\GPR_data\real_world\crack\85.jpg,4d76d34b48c4c9def90eb184d3f1756cfaa4b1fad41ccb7dd0be01dbbd6f1395,,real_world,,,,,,,,published_res_sam_image_export_v1,jpg,535,321,0,,,,real_world,,,,build_ressam_unified_manifest.py,2026-08-10,mode=L; source_archive=gpr_data.zip
res_sam,core,res_sam:real_world:crack:86,crack,dataset_folder_name,GPR_data/real_world/crack/86.jpg,<LOCAL_DATA_ROOT>\external_assets\res_sam_data\GPR_data\real_world\crack\86.jpg,9cf6a4b985b2ad1d5aebd2ce8a8e1e317ba8267f8946ade39fe8f2045602642c,,real_world,,,,,,,,published_res_sam_image_export_v1,jpg,535,321,0,,,,real_world,,,,build_ressam_unified_manifest.py,2026-08-10,mode=L; source_archive=gpr_data.zip
res_sam,core,res_sam:real_world:crack:87,crack,dataset_folder_name,GPR_data/real_world/crack/87.jpg,<LOCAL_DATA_ROOT>\external_assets\res_sam_data\GPR_data\real_world\crack\87.jpg,754d45474e46e23aa991fc4dd623a09d77593b6109f7e04571e45e546fe220f3,,real_world,,,,,,,,published_res_sam_image_export_v1,jpg,535,321,0,,,,real_world,,,,build_ressam_unified_manifest.py,2026-08-10,mode=L; source_archive=gpr_data.zip
res_sam,core,res_sam:real_world:crack:88,crack,dataset_folder_name,GPR_data/real_world/crack/88.jpg,<LOCAL_DATA_ROOT>\external_assets\res_sam_data\GPR_data\real_world\crack\88.jpg,64796a22ad6af3d8ba608c665fcf6111c755d1259d169eceb129fff4756afcf4,,real_world,,,,,,,,published_res_sam_image_export_v1,jpg,535,321,0,,,,real_world,,,,build_ressam_unified_manifest.py,2026-08-10,mode=L; source_archive=gpr_data.zip
res_sam,core,res_sam:real_world:crack:89,crack,dataset_folder_name,GPR_data/real_world/crack/89.jpg,<LOCAL_DATA_ROOT>\external_assets\res_sam_data\GPR_data\real_world\crack\89.jpg,889c5f2ab747c3880d276e90b2c64d2ee270c68147bcb23de10a54683859e479,,real_world,,,,,,,,published_res_sam_image_export_v1,jpg,369,369,0,,,,real_world,,,,build_ressam_unified_manifest.py,2026-08-10,mode=RGB; source_archive=gpr_data.zip
res_sam,core,res_sam:real_world:crack:9,crack,dataset_folder_name,GPR_data/real_world/crack/9.jpg,<LOCAL_DATA_ROOT>\external_assets\res_sam_data\GPR_data\real_world\crack\9.jpg,941bd0112a1898d73ed5ffea48a2a12ff338a455ca3eb1e96a73e76ae0b82eaa,,real_world,,,,,,,,published_res_sam_image_export_v1,jpg,535,321,0,,,,real_world,,,,build_ressam_unified_manifest.py,2026-08-10,mode=L; source_archive=gpr_data.zip
res_sam,core,res_sam:real_world:crack:90,crack,dataset_folder_name,GPR_data/real_world/crack/90.jpg,<LOCAL_DATA_ROOT>\external_assets\res_sam_data\GPR_data\real_world\crack\90.jpg,5ad4dd86e3f3ce3ce4b7d9d4b93c1a74e04df8c4a05e528c49364eeaebd9e782,,real_world,,,,,,,,published_res_sam_image_export_v1,jpg,535,321,0,,,,real_world,,,,build_ressam_unified_manifest.py,2026-08-10,mode=L; source_archive=gpr_data.zip
res_sam,core,res_sam:real_world:crack:91,crack,dataset_folder_name,GPR_data/real_world/crack/91.jpg,<LOCAL_DATA_ROOT>\external_assets\res_sam_data\GPR_data\real_world\crack\91.jpg,6e5759c346857c9067ade3ca10f60209ac37fb890e43fca626588b25e4dedd41,,real_world,,,,,,,,published_res_sam_image_export_v1,jpg,369,369,0,,,,real_world,,,,build_ressam_unified_manifest.py,2026-08-10,mode=RGB; source_archive=gpr_data.zip
res_sam,core,res_sam:real_world:crack:92,crack,dataset_folder_name,GPR_data/real_world/crack/92.jpg,<LOCAL_DATA_ROOT>\external_assets\res_sam_data\GPR_data\real_world\crack\92.jpg,c17df373269807c384fcc754c7ecd9a3f53ac8a691faa3e4d11835cece3189fe,,real_world,,,,,,,,published_res_sam_image_export_v1,jpg,535,321,0,,,,real_world,,,,build_ressam_unified_manifest.py,2026-08-10,mode=L; source_archive=gpr_data.zip
res_sam,core,res_sam:real_world:crack:93,crack,dataset_folder_name,GPR_data/real_world/crack/93.jpg,<LOCAL_DATA_ROOT>\external_assets\res_sam_data\GPR_data\real_world\crack\93.jpg,42730a4b27e6a4f8b6f6a77d6785c9d8758975b9ed7b68cce2f033b865f7d1fe,,real_world,,,,,,,,published_res_sam_image_export_v1,jpg,369,369,0,,,,real_world,,,,build_ressam_unified_manifest.py,2026-08-10,mode=RGB; source_archive=gpr_data.zip
res_sam,core,res_sam:real_world:crack:94,crack,dataset_folder_name,GPR_data/real_world/crack/94.jpg,<LOCAL_DATA_ROOT>\external_assets\res_sam_data\GPR_data\real_world\crack\94.jpg,23cd6980434fa860f8ad8bdc02e04ae172482be679fc0dd35b8271dbb950805b,,real_world,,,,,,,,published_res_sam_image_export_v1,jpg,535,321,0,,,,real_world,,,,build_ressam_unified_manifest.py,2026-08-10,mode=L; source_archive=gpr_data.zip
res_sam,core,res_sam:real_world:crack:95,crack,dataset_folder_name,GPR_data/real_world/crack/95.jpg,<LOCAL_DATA_ROOT>\external_assets\res_sam_data\GPR_data\real_world\crack\95.jpg,e936347b31b5a89e5ea6f5de88da9a444806504e4cf40d5116e371444776ee83,,real_world,,,,,,,,published_res_sam_image_export_v1,jpg,369,369,0,,,,real_world,,,,build_ressam_unified_manifest.py,2026-08-10,mode=RGB; source_archive=gpr_data.zip
res_sam,core,res_sam:real_world:crack:96,crack,dataset_folder_name,GPR_data/real_world/crack/96.jpg,<LOCAL_DATA_ROOT>\external_assets\res_sam_data\GPR_data\real_world\crack\96.jpg,8bb5e4e2f5f6be36468cc9f41e693341e15f6e455e215628c60e7c64ac408c7e,,real_world,,,,,,,,published_res_sam_image_export_v1,jpg,369,369,0,,,,real_world,,,,build_ressam_unified_manifest.py,2026-08-10,mode=RGB; source_archive=gpr_data.zip
res_sam,core,res_sam:real_world:crack:97,crack,dataset_folder_name,GPR_data/real_world/crack/97.jpg,<LOCAL_DATA_ROOT>\external_assets\res_sam_data\GPR_data\real_world\crack\97.jpg,813c232a5c02807839af6e6b2dc1d6579515e4c1ee45988d282996cccafcde9e,,real_world,,,,,,,,published_res_sam_image_export_v1,jpg,369,369,0,,,,real_world,,,,build_ressam_unified_manifest.py,2026-08-10,mode=RGB; source_archive=gpr_data.zip
res_sam,core,res_sam:real_world:crack:98,crack,dataset_folder_name,GPR_data/real_world/crack/98.jpg,<LOCAL_DATA_ROOT>\external_assets\res_sam_data\GPR_data\real_world\crack\98.jpg,a06fd103d89f1ddbbc7ce3b5559e64c53ea0674d13a615b66fb28f060b03a8df,,real_world,,,,,,,,published_res_sam_image_export_v1,jpg,369,369,0,,,,real_world,,,,build_ressam_unified_manifest.py,2026-08-10,mode=RGB; source_archive=gpr_data.zip
res_sam,core,res_sam:real_world:crack:99,crack,dataset_folder_name,GPR_data/real_world/crack/99.jpg,<LOCAL_DATA_ROOT>\external_assets\res_sam_data\GPR_data\real_world\crack\99.jpg,40649fd3fa9af1491abd9474b3728088e9adac5ca8d60466393137b06533f6a0,,real_world,,,,,,,,published_res_sam_image_export_v1,jpg,369,369,0,,,,real_world,,,,build_ressam_unified_manifest.py,2026-08-10,mode=RGB; source_archive=gpr_data.zip
res_sam,core,res_sam:real_world:loose:1,loose,dataset_folder_name,GPR_data/real_world/loose/1.jpg,<LOCAL_DATA_ROOT>\external_assets\res_sam_data\GPR_data\real_world\loose\1.jpg,97b615df16afc687965f626a8da156c8678f88ad9fdb971d09c58c40a01a88e3,,real_world,,,,,,,,published_res_sam_image_export_v1,jpg,369,369,0,,,,real_world,,,,build_ressam_unified_manifest.py,2026-08-10,mode=RGB; source_archive=gpr_data.zip
res_sam,core,res_sam:real_world:loose:10,loose,dataset_folder_name,GPR_data/real_world/loose/10.jpg,<LOCAL_DATA_ROOT>\external_assets\res_sam_data\GPR_data\real_world\loose\10.jpg,1cc034933054cd6cb2bc121ca4cedca12b732f389637815f1da693d2f3b314ae,,real_world,,,,,,,,published_res_sam_image_export_v1,jpg,369,369,0,,,,real_world,,,,build_ressam_unified_manifest.py,2026-08-10,mode=RGB; source_archive=gpr_data.zip
res_sam,core,res_sam:real_world:loose:100,loose,dataset_folder_name,GPR_data/real_world/loose/100.jpg,<LOCAL_DATA_ROOT>\external_assets\res_sam_data\GPR_data\real_world\loose\100.jpg,d74659ee2abce335b685958f686231dd4437ed2fbd4af5cec2625ae63ed4db34,,real_world,,,,,,,,published_res_sam_image_export_v1,jpg,535,321,0,,,,real_world,,,,build_ressam_unified_manifest.py,2026-08-10,mode=L; source_archive=gpr_data.zip
res_sam,core,res_sam:real_world:loose:11,loose,dataset_folder_name,GPR_data/real_world/loose/11.jpg,<LOCAL_DATA_ROOT>\external_assets\res_sam_data\GPR_data\real_world\loose\11.jpg,556a13aed5068ba612ab6f2585774488e36d8137ca366ad4c0d411d1e85dfa84,,real_world,,,,,,,,published_res_sam_image_export_v1,jpg,535,321,0,,,,real_world,,,,build_ressam_unified_manifest.py,2026-08-10,mode=L; source_archive=gpr_data.zip
res_sam,core,res_sam:real_world:loose:12,loose,dataset_folder_name,GPR_data/real_world/loose/12.jpg,<LOCAL_DATA_ROOT>\external_assets\res_sam_data\GPR_data\real_world\loose\12.jpg,1107536c97ee767c3ffe1f8cfe3f38bf4813789b184f20c08a0eb17c48f8c246,,real_world,,,,,,,,published_res_sam_image_export_v1,jpg,369,369,0,,,,real_world,,,,build_ressam_unified_manifest.py,2026-08-10,mode=RGB; source_archive=gpr_data.zip
res_sam,core,res_sam:real_world:loose:13,loose,dataset_folder_name,GPR_data/real_world/loose/13.jpg,<LOCAL_DATA_ROOT>\external_assets\res_sam_data\GPR_data\real_world\loose\13.jpg,cad415fc7f3bae74ba535c8d05f239541707d8c15109e25170b80227090b4b5c,,real_world,,,,,,,,published_res_sam_image_export_v1,jpg,369,369,0,,,,real_world,,,,build_ressam_unified_manifest.py,2026-08-10,mode=RGB; source_archive=gpr_data.zip
res_sam,core,res_sam:real_world:loose:14,loose,dataset_folder_name,GPR_data/real_world/loose/14.jpg,<LOCAL_DATA_ROOT>\external_assets\res_sam_data\GPR_data\real_world\loose\14.jpg,d25cf08848ab962bd1212bb91b06496eb106b5785f0057f71b53a6bee9724988,,real_world,,,,,,,,published_res_sam_image_export_v1,jpg,369,369,0,,,,real_world,,,,build_ressam_unified_manifest.py,2026-08-10,mode=RGB; source_archive=gpr_data.zip
res_sam,core,res_sam:real_world:loose:15,loose,dataset_folder_name,GPR_data/real_world/loose/15.jpg,<LOCAL_DATA_ROOT>\external_assets\res_sam_data\GPR_data\real_world\loose\15.jpg,8f8099d3175402c7a6945c836941bb0aca8129457c6fa36c292425bc40a22b59,,real_world,,,,,,,,published_res_sam_image_export_v1,jpg,369,369,0,,,,real_world,,,,build_ressam_unified_manifest.py,2026-08-10,mode=RGB; source_archive=gpr_data.zip
res_sam,core,res_sam:real_world:loose:16,loose,dataset_folder_name,GPR_data/real_world/loose/16.jpg,<LOCAL_DATA_ROOT>\external_assets\res_sam_data\GPR_data\real_world\loose\16.jpg,1e2b3273e1ad351ecfb274c86312601cd4bde47f5bd908db72cffa8e6986c14e,,real_world,,,,,,,,published_res_sam_image_export_v1,jpg,369,369,0,,,,real_world,,,,build_ressam_unified_manifest.py,2026-08-10,mode=RGB; source_archive=gpr_data.zip
res_sam,core,res_sam:real_world:loose:17,loose,dataset_folder_name,GPR_data/real_world/loose/17.jpg,<LOCAL_DATA_ROOT>\external_assets\res_sam_data\GPR_data\real_world\loose\17.jpg,8acd360a99b9293e46fd2727a7b469927f7aa8769aa5e2e6c2d5bbbcfe0d3220,,real_world,,,,,,,,published_res_sam_image_export_v1,jpg,369,369,0,,,,real_world,,,,build_ressam_unified_manifest.py,2026-08-10,mode=RGB; source_archive=gpr_data.zip
res_sam,core,res_sam:real_world:loose:18,loose,dataset_folder_name,GPR_data/real_world/loose/18.jpg,<LOCAL_DATA_ROOT>\external_assets\res_sam_data\GPR_data\real_world\loose\18.jpg,4773d1407aa62a6cb3fc513d3715fb6b3511e9bb35fc9da29e202e1ae702a545,,real_world,,,,,,,,published_res_sam_image_export_v1,jpg,535,321,0,,,,real_world,,,,build_ressam_unified_manifest.py,2026-08-10,mode=L; source_archive=gpr_data.zip
res_sam,core,res_sam:real_world:loose:19,loose,dataset_folder_name,GPR_data/real_world/loose/19.jpg,<LOCAL_DATA_ROOT>\external_assets\res_sam_data\GPR_data\real_world\loose\19.jpg,0487df6367e85f653b0989d7766d8a0d5944dc11e3f4d5572aeb031b4d2d61a0,,real_world,,,,,,,,published_res_sam_image_export_v1,jpg,369,369,0,,,,real_world,,,,build_ressam_unified_manifest.py,2026-08-10,mode=RGB; source_archive=gpr_data.zip
res_sam,core,res_sam:real_world:loose:2,loose,dataset_folder_name,GPR_data/real_world/loose/2.jpg,<LOCAL_DATA_ROOT>\external_assets\res_sam_data\GPR_data\real_world\loose\2.jpg,25d52282efdf17c4a83fbb3456a4249fc0e2199c6c7fee3ffc46f82f4517dec1,,real_world,,,,,,,,published_res_sam_image_export_v1,jpg,369,369,0,,,,real_world,,,,build_ressam_unified_manifest.py,2026-08-10,mode=RGB; source_archive=gpr_data.zip
res_sam,core,res_sam:real_world:loose:20,loose,dataset_folder_name,GPR_data/real_world/loose/20.jpg,<LOCAL_DATA_ROOT>\external_assets\res_sam_data\GPR_data\real_world\loose\20.jpg,01c82a723c00c2202f0fc5c3371d869be52d020070500c7cc302a1584eecae15,,real_world,,,,,,,,published_res_sam_image_export_v1,jpg,369,369,0,,,,real_world,,,,build_ressam_unified_manifest.py,2026-08-10,mode=RGB; source_archive=gpr_data.zip
res_sam,core,res_sam:real_world:loose:21,loose,dataset_folder_name,GPR_data/real_world/loose/21.jpg,<LOCAL_DATA_ROOT>\external_assets\res_sam_data\GPR_data\real_world\loose\21.jpg,a16215d4f89801249e63030eb41dcad21fc72bab5761081553011be544bc4ac9,,real_world,,,,,,,,published_res_sam_image_export_v1,jpg,369,369,0,,,,real_world,,,,build_ressam_unified_manifest.py,2026-08-10,mode=RGB; source_archive=gpr_data.zip
res_sam,core,res_sam:real_world:loose:22,loose,dataset_folder_name,GPR_data/real_world/loose/22.jpg,<LOCAL_DATA_ROOT>\external_assets\res_sam_data\GPR_data\real_world\loose\22.jpg,62951f6601f242375f13cb7c869482f09e6eda11665ef74cc1b290b81e07fd6b,,real_world,,,,,,,,published_res_sam_image_export_v1,jpg,369,369,0,,,,real_world,,,,build_ressam_unified_manifest.py,2026-08-10,mode=RGB; source_archive=gpr_data.zip
res_sam,core,res_sam:real_world:loose:23,loose,dataset_folder_name,GPR_data/real_world/loose/23.jpg,<LOCAL_DATA_ROOT>\external_assets\res_sam_data\GPR_data\real_world\loose\23.jpg,9f9facf1d9abbec9e77b5b85825fdc605752aadc6c613157973aa09009e01c6b,,real_world,,,,,,,,published_res_sam_image_export_v1,jpg,369,369,0,,,,real_world,,,,build_ressam_unified_manifest.py,2026-08-10,mode=RGB; source_archive=gpr_data.zip
res_sam,core,res_sam:real_world:loose:24,loose,dataset_folder_name,GPR_data/real_world/loose/24.jpg,<LOCAL_DATA_ROOT>\external_assets\res_sam_data\GPR_data\real_world\loose\24.jpg,df9c565f9fd29bb125eab75ea67190932faf0ab0b97a5af901e70418e9c35c4d,,real_world,,,,,,,,published_res_sam_image_export_v1,jpg,535,321,0,,,,real_world,,,,build_ressam_unified_manifest.py,2026-08-10,mode=L; source_archive=gpr_data.zip
res_sam,core,res_sam:real_world:loose:25,loose,dataset_folder_name,GPR_data/real_world/loose/25.jpg,<LOCAL_DATA_ROOT>\external_assets\res_sam_data\GPR_data\real_world\loose\25.jpg,665c25ad7c39f83a99fd74ca08ed7e26a817dfef3bf9cb7897c495018aa85f6d,,real_world,,,,,,,,published_res_sam_image_export_v1,jpg,369,369,0,,,,real_world,,,,build_ressam_unified_manifest.py,2026-08-10,mode=RGB; source_archive=gpr_data.zip
res_sam,core,res_sam:real_world:loose:26,loose,dataset_folder_name,GPR_data/real_world/loose/26.jpg,<LOCAL_DATA_ROOT>\external_assets\res_sam_data\GPR_data\real_world\loose\26.jpg,f13541450f58b5e6f38ca4b8ce5c330ba8aac24d5aa9146b8fd39fe1bdd0d9f6,,real_world,,,,,,,,published_res_sam_image_export_v1,jpg,369,369,0,,,,real_world,,,,build_ressam_unified_manifest.py,2026-08-10,mode=RGB; source_archive=gpr_data.zip
res_sam,core,res_sam:real_world:loose:27,loose,dataset_folder_name,GPR_data/real_world/loose/27.jpg,<LOCAL_DATA_ROOT>\external_assets\res_sam_data\GPR_data\real_world\loose\27.jpg,8eb839025f335b61309824c37052c53cb71674ee271f5044b3d2371138c55e92,,real_world,,,,,,,,published_res_sam_image_export_v1,jpg,535,321,0,,,,real_world,,,,build_ressam_unified_manifest.py,2026-08-10,mode=L; source_archive=gpr_data.zip
res_sam,core,res_sam:real_world:loose:28,loose,dataset_folder_name,GPR_data/real_world/loose/28.jpg,<LOCAL_DATA_ROOT>\external_assets\res_sam_data\GPR_data\real_world\loose\28.jpg,9bbffd731e21b8f3b835aba3e3bb6c79313d2e420d4883bd7387c36abb0f4f42,,real_world,,,,,,,,published_res_sam_image_export_v1,jpg,369,369,0,,,,real_world,,,,build_ressam_unified_manifest.py,2026-08-10,mode=RGB; source_archive=gpr_data.zip
res_sam,core,res_sam:real_world:loose:29,loose,dataset_folder_name,GPR_data/real_world/loose/29.jpg,<LOCAL_DATA_ROOT>\external_assets\res_sam_data\GPR_data\real_world\loose\29.jpg,7a3e01789524a724784c779542bef6fc03bfc6c61a2ac2206306b73c3cbf0880,,real_world,,,,,,,,published_res_sam_image_export_v1,jpg,535,321,0,,,,real_world,,,,build_ressam_unified_manifest.py,2026-08-10,mode=L; source_archive=gpr_data.zip
res_sam,core,res_sam:real_world:loose:3,loose,dataset_folder_name,GPR_data/real_world/loose/3.jpg,<LOCAL_DATA_ROOT>\external_assets\res_sam_data\GPR_data\real_world\loose\3.jpg,5f75b174a2776cb91ac50d1fa3cace1ea56f750030f06cb0b85a9f9c1a3cffd6,,real_world,,,,,,,,published_res_sam_image_export_v1,jpg,535,321,0,,,,real_world,,,,build_ressam_unified_manifest.py,2026-08-10,mode=L; source_archive=gpr_data.zip
res_sam,core,res_sam:real_world:loose:30,loose,dataset_folder_name,GPR_data/real_world/loose/30.jpg,<LOCAL_DATA_ROOT>\external_assets\res_sam_data\GPR_data\real_world\loose\30.jpg,cb2edd0b3d143a1fd02448cb888cf0ad1064523b77b133157900e8d206714269,,real_world,,,,,,,,published_res_sam_image_export_v1,jpg,535,321,0,,,,real_world,,,,build_ressam_unified_manifest.py,2026-08-10,mode=L; source_archive=gpr_data.zip
res_sam,core,res_sam:real_world:loose:31,loose,dataset_folder_name,GPR_data/real_world/loose/31.jpg,<LOCAL_DATA_ROOT>\external_assets\res_sam_data\GPR_data\real_world\loose\31.jpg,c0209542d590f25690cee787796d307b56f9911bd55ef9c4b330226b0dc113ed,,real_world,,,,,,,,published_res_sam_image_export_v1,jpg,535,321,0,,,,real_world,,,,build_ressam_unified_manifest.py,2026-08-10,mode=L; source_archive=gpr_data.zip
res_sam,core,res_sam:real_world:loose:32,loose,dataset_folder_name,GPR_data/real_world/loose/32.jpg,<LOCAL_DATA_ROOT>\external_assets\res_sam_data\GPR_data\real_world\loose\32.jpg,efa4bef2635187a12b78ef88473c5bcf87a9392227babc48a12bd25442e85e94,,real_world,,,,,,,,published_res_sam_image_export_v1,jpg,535,321,0,,,,real_world,,,,build_ressam_unified_manifest.py,2026-08-10,mode=L; source_archive=gpr_data.zip
res_sam,core,res_sam:real_world:loose:33,loose,dataset_folder_name,GPR_data/real_world/loose/33.jpg,<LOCAL_DATA_ROOT>\external_assets\res_sam_data\GPR_data\real_world\loose\33.jpg,03eca202ca4b1bab86db28a805553e8f051d06b861d39a5531748713c7e6ecf9,,real_world,,,,,,,,published_res_sam_image_export_v1,jpg,369,369,0,,,,real_world,,,,build_ressam_unified_manifest.py,2026-08-10,mode=RGB; source_archive=gpr_data.zip
res_sam,core,res_sam:real_world:loose:34,loose,dataset_folder_name,GPR_data/real_world/loose/34.jpg,<LOCAL_DATA_ROOT>\external_assets\res_sam_data\GPR_data\real_world\loose\34.jpg,6753185f8a587206f85cb542b3257f1ae9d8fac3f49debab69c2dc1c8da7d1b9,,real_world,,,,,,,,published_res_sam_image_export_v1,jpg,535,321,0,,,,real_world,,,,build_ressam_unified_manifest.py,2026-08-10,mode=L; source_archive=gpr_data.zip
res_sam,core,res_sam:real_world:loose:35,loose,dataset_folder_name,GPR_data/real_world/loose/35.jpg,<LOCAL_DATA_ROOT>\external_assets\res_sam_data\GPR_data\real_world\loose\35.jpg,aed35b04c686145dbb8fd45447f9007ca4c689ccb62ddfc93c3eb9095691a5c7,,real_world,,,,,,,,published_res_sam_image_export_v1,jpg,535,321,0,,,,real_world,,,,build_ressam_unified_manifest.py,2026-08-10,mode=L; source_archive=gpr_data.zip
res_sam,core,res_sam:real_world:loose:36,loose,dataset_folder_name,GPR_data/real_world/loose/36.jpg,<LOCAL_DATA_ROOT>\external_assets\res_sam_data\GPR_data\real_world\loose\36.jpg,890a5d351d565f28089dac0c526a1ff27d420493d633efac313d8cde1496657b,,real_world,,,,,,,,published_res_sam_image_export_v1,jpg,535,321,0,,,,real_world,,,,build_ressam_unified_manifest.py,2026-08-10,mode=L; source_archive=gpr_data.zip
res_sam,core,res_sam:real_world:loose:37,loose,dataset_folder_name,GPR_data/real_world/loose/37.jpg,<LOCAL_DATA_ROOT>\external_assets\res_sam_data\GPR_data\real_world\loose\37.jpg,873200f7da24a1cf94d3c7d169d987c4900e82101a5901bf4814813c52e6da2e,,real_world,,,,,,,,published_res_sam_image_export_v1,jpg,369,369,0,,,,real_world,,,,build_ressam_unified_manifest.py,2026-08-10,mode=RGB; source_archive=gpr_data.zip
res_sam,core,res_sam:real_world:loose:38,loose,dataset_folder_name,GPR_data/real_world/loose/38.jpg,<LOCAL_DATA_ROOT>\external_assets\res_sam_data\GPR_data\real_world\loose\38.jpg,6d7e194ec71da01102c55bbbc1462b09aa6554ef2cb45c20972994391c8884ff,,real_world,,,,,,,,published_res_sam_image_export_v1,jpg,369,369,0,,,,real_world,,,,build_ressam_unified_manifest.py,2026-08-10,mode=RGB; source_archive=gpr_data.zip
res_sam,core,res_sam:real_world:loose:39,loose,dataset_folder_name,GPR_data/real_world/loose/39.jpg,<LOCAL_DATA_ROOT>\external_assets\res_sam_data\GPR_data\real_world\loose\39.jpg,017c7e239dc20bd2838b15fb623d20abf50f1da4653b57f0241a4cd04b18f6d1,,real_world,,,,,,,,published_res_sam_image_export_v1,jpg,535,321,0,,,,real_world,,,,build_ressam_unified_manifest.py,2026-08-10,mode=L; source_archive=gpr_data.zip
res_sam,core,res_sam:real_world:loose:4,loose,dataset_folder_name,GPR_data/real_world/loose/4.jpg,<LOCAL_DATA_ROOT>\external_assets\res_sam_data\GPR_data\real_world\loose\4.jpg,06288cb9d0d9d4e7fd36f9b5afaf5337a4443f326fe22c1b0387676dcf210535,,real_world,,,,,,,,published_res_sam_image_export_v1,jpg,535,321,0,,,,real_world,,,,build_ressam_unified_manifest.py,2026-08-10,mode=L; source_archive=gpr_data.zip
res_sam,core,res_sam:real_world:loose:40,loose,dataset_folder_name,GPR_data/real_world/loose/40.jpg,<LOCAL_DATA_ROOT>\external_assets\res_sam_data\GPR_data\real_world\loose\40.jpg,9d6fe44af6a0ceef6046ea1095af7287f44e285caa76cef99975725a334b35f1,,real_world,,,,,,,,published_res_sam_image_export_v1,jpg,369,369,0,,,,real_world,,,,build_ressam_unified_manifest.py,2026-08-10,mode=RGB; source_archive=gpr_data.zip
res_sam,core,res_sam:real_world:loose:41,loose,dataset_folder_name,GPR_data/real_world/loose/41.jpg,<LOCAL_DATA_ROOT>\external_assets\res_sam_data\GPR_data\real_world\loose\41.jpg,a8b9ef9323c9d4e114f47ae110677394700a0954c3397cca31ec4795c8042989,,real_world,,,,,,,,published_res_sam_image_export_v1,jpg,535,321,0,,,,real_world,,,,build_ressam_unified_manifest.py,2026-08-10,mode=L; source_archive=gpr_data.zip
res_sam,core,res_sam:real_world:loose:42,loose,dataset_folder_name,GPR_data/real_world/loose/42.jpg,<LOCAL_DATA_ROOT>\external_assets\res_sam_data\GPR_data\real_world\loose\42.jpg,f42a44439f1b4a426ff0af8e7daf5000090895008f5fadd6f27363b4cd9da960,,real_world,,,,,,,,published_res_sam_image_export_v1,jpg,369,369,0,,,,real_world,,,,build_ressam_unified_manifest.py,2026-08-10,mode=RGB; source_archive=gpr_data.zip
res_sam,core,res_sam:real_world:loose:43,loose,dataset_folder_name,GPR_data/real_world/loose/43.jpg,<LOCAL_DATA_ROOT>\external_assets\res_sam_data\GPR_data\real_world\loose\43.jpg,fb0c9ba418250a27bf276d404be3fdc7bf8ea8afe8030643fda390200622fde8,,real_world,,,,,,,,published_res_sam_image_export_v1,jpg,535,321,0,,,,real_world,,,,build_ressam_unified_manifest.py,2026-08-10,mode=L; source_archive=gpr_data.zip
res_sam,core,res_sam:real_world:loose:44,loose,dataset_folder_name,GPR_data/real_world/loose/44.jpg,<LOCAL_DATA_ROOT>\external_assets\res_sam_data\GPR_data\real_world\loose\44.jpg,c3782873422fe0a174c871a12eade418fd6f0864845086900b0219bcab5385c2,,real_world,,,,,,,,published_res_sam_image_export_v1,jpg,369,369,0,,,,real_world,,,,build_ressam_unified_manifest.py,2026-08-10,mode=RGB; source_archive=gpr_data.zip
res_sam,core,res_sam:real_world:loose:45,loose,dataset_folder_name,GPR_data/real_world/loose/45.jpg,<LOCAL_DATA_ROOT>\external_assets\res_sam_data\GPR_data\real_world\loose\45.jpg,c9783d40b30d6b17ef74faa8c549f5c96ae892ca394daaa910c4a98d37615e8f,,real_world,,,,,,,,published_res_sam_image_export_v1,jpg,535,321,0,,,,real_world,,,,build_ressam_unified_manifest.py,2026-08-10,mode=L; source_archive=gpr_data.zip
res_sam,core,res_sam:real_world:loose:46,loose,dataset_folder_name,GPR_data/real_world/loose/46.jpg,<LOCAL_DATA_ROOT>\external_assets\res_sam_data\GPR_data\real_world\loose\46.jpg,149cc2e487708dba65cee31749092ca0a538f341d9b1920dba1b8e096da2e008,,real_world,,,,,,,,published_res_sam_image_export_v1,jpg,369,369,0,,,,real_world,,,,build_ressam_unified_manifest.py,2026-08-10,mode=RGB; source_archive=gpr_data.zip
res_sam,core,res_sam:real_world:loose:47,loose,dataset_folder_name,GPR_data/real_world/loose/47.jpg,<LOCAL_DATA_ROOT>\external_assets\res_sam_data\GPR_data\real_world\loose\47.jpg,a95eb7c55153a7b33dfa9247e5e7b6f46fc90b5d657ea9e2757eb46b2af7fa0e,,real_world,,,,,,,,published_res_sam_image_export_v1,jpg,535,321,0,,,,real_world,,,,build_ressam_unified_manifest.py,2026-08-10,mode=L; source_archive=gpr_data.zip
res_sam,core,res_sam:real_world:loose:48,loose,dataset_folder_name,GPR_data/real_world/loose/48.jpg,<LOCAL_DATA_ROOT>\external_assets\res_sam_data\GPR_data\real_world\loose\48.jpg,098b998a25a4993567e6ae98b7eb863a1a18e90b0300302a2989bed8813b824b,,real_world,,,,,,,,published_res_sam_image_export_v1,jpg,369,369,0,,,,real_world,,,,build_ressam_unified_manifest.py,2026-08-10,mode=RGB; source_archive=gpr_data.zip
res_sam,core,res_sam:real_world:loose:49,loose,dataset_folder_name,GPR_data/real_world/loose/49.jpg,<LOCAL_DATA_ROOT>\external_assets\res_sam_data\GPR_data\real_world\loose\49.jpg,3a85dff060295da096ef04a7813861d623a6be9eaed9bb6bd083fde8f8107a4d,,real_world,,,,,,,,published_res_sam_image_export_v1,jpg,535,321,0,,,,real_world,,,,build_ressam_unified_manifest.py,2026-08-10,mode=L; source_archive=gpr_data.zip
res_sam,core,res_sam:real_world:loose:5,loose,dataset_folder_name,GPR_data/real_world/loose/5.jpg,<LOCAL_DATA_ROOT>\external_assets\res_sam_data\GPR_data\real_world\loose\5.jpg,4c51a43ae30db35735070e6f1cbe29280fc5e2427ba0708b50f4d8d4aab8e29b,,real_world,,,,,,,,published_res_sam_image_export_v1,jpg,535,321,0,,,,real_world,,,,build_ressam_unified_manifest.py,2026-08-10,mode=L; source_archive=gpr_data.zip
res_sam,core,res_sam:real_world:loose:50,loose,dataset_folder_name,GPR_data/real_world/loose/50.jpg,<LOCAL_DATA_ROOT>\external_assets\res_sam_data\GPR_data\real_world\loose\50.jpg,28fde1beec2a36e285fab42979011a7df08cb895623f20850d3b3c045003ed5c,,real_world,,,,,,,,published_res_sam_image_export_v1,jpg,535,321,0,,,,real_world,,,,build_ressam_unified_manifest.py,2026-08-10,mode=L; source_archive=gpr_data.zip
res_sam,core,res_sam:real_world:loose:51,loose,dataset_folder_name,GPR_data/real_world/loose/51.jpg,<LOCAL_DATA_ROOT>\external_assets\res_sam_data\GPR_data\real_world\loose\51.jpg,bdb088568afc91f4f0898bc9fc47bc818c7d70e26171568ab0d706ba8291cc5b,,real_world,,,,,,,,published_res_sam_image_export_v1,jpg,369,369,0,,,,real_world,,,,build_ressam_unified_manifest.py,2026-08-10,mode=RGB; source_archive=gpr_data.zip
res_sam,core,res_sam:real_world:loose:52,loose,dataset_folder_name,GPR_data/real_world/loose/52.jpg,<LOCAL_DATA_ROOT>\external_assets\res_sam_data\GPR_data\real_world\loose\52.jpg,ffe7ce424072c02bd48b301ee9b586a0057243360ce9e0c13cd12145914072a7,,real_world,,,,,,,,published_res_sam_image_export_v1,jpg,535,321,0,,,,real_world,,,,build_ressam_unified_manifest.py,2026-08-10,mode=L; source_archive=gpr_data.zip
res_sam,core,res_sam:real_world:loose:53,loose,dataset_folder_name,GPR_data/real_world/loose/53.jpg,<LOCAL_DATA_ROOT>\external_assets\res_sam_data\GPR_data\real_world\loose\53.jpg,56a5186288388680a9b5348290107115e41d2967998aaff036c61c84e41d7ad6,,real_world,,,,,,,,published_res_sam_image_export_v1,jpg,535,321,0,,,,real_world,,,,build_ressam_unified_manifest.py,2026-08-10,mode=L; source_archive=gpr_data.zip
res_sam,core,res_sam:real_world:loose:54,loose,dataset_folder_name,GPR_data/real_world/loose/54.jpg,<LOCAL_DATA_ROOT>\external_assets\res_sam_data\GPR_data\real_world\loose\54.jpg,78c5dd8fc0cc5cc396827431edf0d24385f5cd326aa607fc7786ef9c2473f279,,real_world,,,,,,,,published_res_sam_image_export_v1,jpg,369,369,0,,,,real_world,,,,build_ressam_unified_manifest.py,2026-08-10,mode=RGB; source_archive=gpr_data.zip
res_sam,core,res_sam:real_world:loose:55,loose,dataset_folder_name,GPR_data/real_world/loose/55.jpg,<LOCAL_DATA_ROOT>\external_assets\res_sam_data\GPR_data\real_world\loose\55.jpg,8d0ca106cd3b22b16ea13dc8e694279bf0feb5f55ac8a147d3a3195cf24f8615,,real_world,,,,,,,,published_res_sam_image_export_v1,jpg,535,321,0,,,,real_world,,,,build_ressam_unified_manifest.py,2026-08-10,mode=L; source_archive=gpr_data.zip
res_sam,core,res_sam:real_world:loose:56,loose,dataset_folder_name,GPR_data/real_world/loose/56.jpg,<LOCAL_DATA_ROOT>\external_assets\res_sam_data\GPR_data\real_world\loose\56.jpg,5b7380bb2db37060404d07eeedee2d3b5d03ea68d25eb0c1eadfd7ad1ea28aaa,,real_world,,,,,,,,published_res_sam_image_export_v1,jpg,369,369,0,,,,real_world,,,,build_ressam_unified_manifest.py,2026-08-10,mode=RGB; source_archive=gpr_data.zip
res_sam,core,res_sam:real_world:loose:57,loose,dataset_folder_name,GPR_data/real_world/loose/57.jpg,<LOCAL_DATA_ROOT>\external_assets\res_sam_data\GPR_data\real_world\loose\57.jpg,abe71dde2d80a406a9bbb3efd461a3c79153612bd27f21e7aca907728e02ba8b,,real_world,,,,,,,,published_res_sam_image_export_v1,jpg,369,369,0,,,,real_world,,,,build_ressam_unified_manifest.py,2026-08-10,mode=RGB; source_archive=gpr_data.zip
res_sam,core,res_sam:real_world:loose:58,loose,dataset_folder_name,GPR_data/real_world/loose/58.jpg,<LOCAL_DATA_ROOT>\external_assets\res_sam_data\GPR_data\real_world\loose\58.jpg,7fbf19152ee7a4cceef11f73516b539a10186afa2f1ca1c8a0bd70c24cbcf73f,,real_world,,,,,,,,published_res_sam_image_export_v1,jpg,369,369,0,,,,real_world,,,,build_ressam_unified_manifest.py,2026-08-10,mode=RGB; source_archive=gpr_data.zip
res_sam,core,res_sam:real_world:loose:59,loose,dataset_folder_name,GPR_data/real_world/loose/59.jpg,<LOCAL_DATA_ROOT>\external_assets\res_sam_data\GPR_data\real_world\loose\59.jpg,91afd4000c3ab6f0f4fa4abab30b218825e49dcabed06f146e32956056d0cddc,,real_world,,,,,,,,published_res_sam_image_export_v1,jpg,535,321,0,,,,real_world,,,,build_ressam_unified_manifest.py,2026-08-10,mode=L; source_archive=gpr_data.zip
res_sam,core,res_sam:real_world:loose:6,loose,dataset_folder_name,GPR_data/real_world/loose/6.jpg,<LOCAL_DATA_ROOT>\external_assets\res_sam_data\GPR_data\real_world\loose\6.jpg,b3e6dda3d177a04d459d3a8e7d85ae7458424804591de573159f65142505c0c4,,real_world,,,,,,,,published_res_sam_image_export_v1,jpg,369,369,0,,,,real_world,,,,build_ressam_unified_manifest.py,2026-08-10,mode=RGB; source_archive=gpr_data.zip
res_sam,core,res_sam:real_world:loose:60,loose,dataset_folder_name,GPR_data/real_world/loose/60.jpg,<LOCAL_DATA_ROOT>\external_assets\res_sam_data\GPR_data\real_world\loose\60.jpg,c2226df36023dfbc2056da1b240e7f4cad0ae1ac0b8b90e40f82d7c67ea986d1,,real_world,,,,,,,,published_res_sam_image_export_v1,jpg,369,369,0,,,,real_world,,,,build_ressam_unified_manifest.py,2026-08-10,mode=RGB; source_archive=gpr_data.zip
res_sam,core,res_sam:real_world:loose:61,loose,dataset_folder_name,GPR_data/real_world/loose/61.jpg,<LOCAL_DATA_ROOT>\external_assets\res_sam_data\GPR_data\real_world\loose\61.jpg,809a76abb166f3460689a467cb7c0b8b92943952288fdc317977e622a9fafc60,,real_world,,,,,,,,published_res_sam_image_export_v1,jpg,535,321,0,,,,real_world,,,,build_ressam_unified_manifest.py,2026-08-10,mode=L; source_archive=gpr_data.zip
res_sam,core,res_sam:real_world:loose:62,loose,dataset_folder_name,GPR_data/real_world/loose/62.jpg,<LOCAL_DATA_ROOT>\external_assets\res_sam_data\GPR_data\real_world\loose\62.jpg,86594017877d70caba0c3d1f4f86b0b21e03e0c7ab1e2c378678f4ead995c09e,,real_world,,,,,,,,published_res_sam_image_export_v1,jpg,369,369,0,,,,real_world,,,,build_ressam_unified_manifest.py,2026-08-10,mode=RGB; source_archive=gpr_data.zip
res_sam,core,res_sam:real_world:loose:63,loose,dataset_folder_name,GPR_data/real_world/loose/63.jpg,<LOCAL_DATA_ROOT>\external_assets\res_sam_data\GPR_data\real_world\loose\63.jpg,5975f5842d5b1d74e910502ded77f6849a8c8af16b6866f6f462da785badc5a8,,real_world,,,,,,,,published_res_sam_image_export_v1,jpg,535,321,0,,,,real_world,,,,build_ressam_unified_manifest.py,2026-08-10,mode=L; source_archive=gpr_data.zip
res_sam,core,res_sam:real_world:loose:64,loose,dataset_folder_name,GPR_data/real_world/loose/64.jpg,<LOCAL_DATA_ROOT>\external_assets\res_sam_data\GPR_data\real_world\loose\64.jpg,9945ccdd6fe44bce786cdf6f9a4850b929c91a67af3f610db75eab0cae3c98a6,,real_world,,,,,,,,published_res_sam_image_export_v1,jpg,369,369,0,,,,real_world,,,,build_ressam_unified_manifest.py,2026-08-10,mode=RGB; source_archive=gpr_data.zip
res_sam,core,res_sam:real_world:loose:65,loose,dataset_folder_name,GPR_data/real_world/loose/65.jpg,<LOCAL_DATA_ROOT>\external_assets\res_sam_data\GPR_data\real_world\loose\65.jpg,295790c9a63eccf8b84be43fe749079e05c0fb9f7b8e4988ca0b1861cfd32095,,real_world,,,,,,,,published_res_sam_image_export_v1,jpg,535,321,0,,,,real_world,,,,build_ressam_unified_manifest.py,2026-08-10,mode=L; source_archive=gpr_data.zip
res_sam,core,res_sam:real_world:loose:66,loose,dataset_folder_name,GPR_data/real_world/loose/66.jpg,<LOCAL_DATA_ROOT>\external_assets\res_sam_data\GPR_data\real_world\loose\66.jpg,1b5600b56d1021a87df96ce36dc85a6fa6d4d5329609a68851fe88f005a376a0,,real_world,,,,,,,,published_res_sam_image_export_v1,jpg,369,369,0,,,,real_world,,,,build_ressam_unified_manifest.py,2026-08-10,mode=RGB; source_archive=gpr_data.zip
res_sam,core,res_sam:real_world:loose:67,loose,dataset_folder_name,GPR_data/real_world/loose/67.jpg,<LOCAL_DATA_ROOT>\external_assets\res_sam_data\GPR_data\real_world\loose\67.jpg,05d1e090e89537fd55bd45b3db837b4380f3b2ea1707eddf5374f734210d7471,,real_world,,,,,,,,published_res_sam_image_export_v1,jpg,535,321,0,,,,real_world,,,,build_ressam_unified_manifest.py,2026-08-10,mode=L; source_archive=gpr_data.zip
res_sam,core,res_sam:real_world:loose:68,loose,dataset_folder_name,GPR_data/real_world/loose/68.jpg,<LOCAL_DATA_ROOT>\external_assets\res_sam_data\GPR_data\real_world\loose\68.jpg,f9c099fb6c143e315231cb734599bb3021d7176734c32ee0e1188f2e4fd2c141,,real_world,,,,,,,,published_res_sam_image_export_v1,jpg,369,369,0,,,,real_world,,,,build_ressam_unified_manifest.py,2026-08-10,mode=RGB; source_archive=gpr_data.zip
res_sam,core,res_sam:real_world:loose:69,loose,dataset_folder_name,GPR_data/real_world/loose/69.jpg,<LOCAL_DATA_ROOT>\external_assets\res_sam_data\GPR_data\real_world\loose\69.jpg,34a1cb62398d964aedf2338e12f3fb86fc0bcdb8cad8e2a8c66e3217ddb3a12e,,real_world,,,,,,,,published_res_sam_image_export_v1,jpg,535,321,0,,,,real_world,,,,build_ressam_unified_manifest.py,2026-08-10,mode=L; source_archive=gpr_data.zip
res_sam,core,res_sam:real_world:loose:7,loose,dataset_folder_name,GPR_data/real_world/loose/7.jpg,<LOCAL_DATA_ROOT>\external_assets\res_sam_data\GPR_data\real_world\loose\7.jpg,b3121d1377d5383c5a5a62e1c8cd5f47a992770fcb6b2a1afc4ad5c3ded67f1f,,real_world,,,,,,,,published_res_sam_image_export_v1,jpg,369,369,0,,,,real_world,,,,build_ressam_unified_manifest.py,2026-08-10,mode=RGB; source_archive=gpr_data.zip
res_sam,core,res_sam:real_world:loose:70,loose,dataset_folder_name,GPR_data/real_world/loose/70.jpg,<LOCAL_DATA_ROOT>\external_assets\res_sam_data\GPR_data\real_world\loose\70.jpg,afaab6e19871afd19319eb26aac3222cc2c5ef01a557deee7cd1ee703e26f427,,real_world,,,,,,,,published_res_sam_image_export_v1,jpg,535,321,0,,,,real_world,,,,build_ressam_unified_manifest.py,2026-08-10,mode=L; source_archive=gpr_data.zip
res_sam,core,res_sam:real_world:loose:71,loose,dataset_folder_name,GPR_data/real_world/loose/71.jpg,<LOCAL_DATA_ROOT>\external_assets\res_sam_data\GPR_data\real_world\loose\71.jpg,0cb2ea59520ca288a470688756cc6d626b3800d2e817dc8840e0bf149e63f2d3,,real_world,,,,,,,,published_res_sam_image_export_v1,jpg,535,321,0,,,,real_world,,,,build_ressam_unified_manifest.py,2026-08-10,mode=L; source_archive=gpr_data.zip
res_sam,core,res_sam:real_world:loose:72,loose,dataset_folder_name,GPR_data/real_world/loose/72.jpg,<LOCAL_DATA_ROOT>\external_assets\res_sam_data\GPR_data\real_world\loose\72.jpg,769511ffc036fc041fe368d2941e20df17b0734a88cb8e3b1a3246b7721d8706,,real_world,,,,,,,,published_res_sam_image_export_v1,jpg,535,321,0,,,,real_world,,,,build_ressam_unified_manifest.py,2026-08-10,mode=L; source_archive=gpr_data.zip
res_sam,core,res_sam:real_world:loose:73,loose,dataset_folder_name,GPR_data/real_world/loose/73.jpg,<LOCAL_DATA_ROOT>\external_assets\res_sam_data\GPR_data\real_world\loose\73.jpg,9db5634d6ba8ef50f6e8f90c0324a5f03731fc72239a659aa539888217819d14,,real_world,,,,,,,,published_res_sam_image_export_v1,jpg,535,321,0,,,,real_world,,,,build_ressam_unified_manifest.py,2026-08-10,mode=L; source_archive=gpr_data.zip
res_sam,core,res_sam:real_world:loose:74,loose,dataset_folder_name,GPR_data/real_world/loose/74.jpg,<LOCAL_DATA_ROOT>\external_assets\res_sam_data\GPR_data\real_world\loose\74.jpg,68bdaa0c870c45c36baf841d6bcdc19e2569880e42ff2111cc8ca7f3d0396633,,real_world,,,,,,,,published_res_sam_image_export_v1,jpg,369,369,0,,,,real_world,,,,build_ressam_unified_manifest.py,2026-08-10,mode=RGB; source_archive=gpr_data.zip
res_sam,core,res_sam:real_world:loose:75,loose,dataset_folder_name,GPR_data/real_world/loose/75.jpg,<LOCAL_DATA_ROOT>\external_assets\res_sam_data\GPR_data\real_world\loose\75.jpg,bcf9ea10b54dbe8be9400d4ce797f6f1ec4a2d6cfadee0fc0fd4f2a3638e9581,,real_world,,,,,,,,published_res_sam_image_export_v1,jpg,369,369,0,,,,real_world,,,,build_ressam_unified_manifest.py,2026-08-10,mode=RGB; source_archive=gpr_data.zip
res_sam,core,res_sam:real_world:loose:76,loose,dataset_folder_name,GPR_data/real_world/loose/76.jpg,<LOCAL_DATA_ROOT>\external_assets\res_sam_data\GPR_data\real_world\loose\76.jpg,99cf784f810db9c9851e8d617aa4cae5b0e7776ffc557ab84ae9c83287c392fe,,real_world,,,,,,,,published_res_sam_image_export_v1,jpg,369,369,0,,,,real_world,,,,build_ressam_unified_manifest.py,2026-08-10,mode=RGB; source_archive=gpr_data.zip
res_sam,core,res_sam:real_world:loose:77,loose,dataset_folder_name,GPR_data/real_world/loose/77.jpg,<LOCAL_DATA_ROOT>\external_assets\res_sam_data\GPR_data\real_world\loose\77.jpg,8d65c59475cefd474fd4836e8e34f535e066db579ada33103c26f7082deeb728,,real_world,,,,,,,,published_res_sam_image_export_v1,jpg,369,369,0,,,,real_world,,,,build_ressam_unified_manifest.py,2026-08-10,mode=RGB; source_archive=gpr_data.zip
res_sam,core,res_sam:real_world:loose:78,loose,dataset_folder_name,GPR_data/real_world/loose/78.jpg,<LOCAL_DATA_ROOT>\external_assets\res_sam_data\GPR_data\real_world\loose\78.jpg,2f56a418ea4e3e77b55ebff99f535046c34c288c12923f3098ba9a54c3aec87f,,real_world,,,,,,,,published_res_sam_image_export_v1,jpg,369,369,0,,,,real_world,,,,build_ressam_unified_manifest.py,2026-08-10,mode=RGB; source_archive=gpr_data.zip
res_sam,core,res_sam:real_world:loose:79,loose,dataset_folder_name,GPR_data/real_world/loose/79.jpg,<LOCAL_DATA_ROOT>\external_assets\res_sam_data\GPR_data\real_world\loose\79.jpg,5f7d4721836834915a60ed098afe6bfd18d90980175f0b0463091b879ec4d5bd,,real_world,,,,,,,,published_res_sam_image_export_v1,jpg,369,369,0,,,,real_world,,,,build_ressam_unified_manifest.py,2026-08-10,mode=RGB; source_archive=gpr_data.zip
res_sam,core,res_sam:real_world:loose:8,loose,dataset_folder_name,GPR_data/real_world/loose/8.jpg,<LOCAL_DATA_ROOT>\external_assets\res_sam_data\GPR_data\real_world\loose\8.jpg,49addf66044fbb6b2b25cb69ebfe77aa0448bc746df7f8df6fbee3577c9e7825,,real_world,,,,,,,,published_res_sam_image_export_v1,jpg,369,369,0,,,,real_world,,,,build_ressam_unified_manifest.py,2026-08-10,mode=RGB; source_archive=gpr_data.zip
res_sam,core,res_sam:real_world:loose:80,loose,dataset_folder_name,GPR_data/real_world/loose/80.jpg,<LOCAL_DATA_ROOT>\external_assets\res_sam_data\GPR_data\real_world\loose\80.jpg,1557ed54130ede3606bbff2f65422737dc669c2d485716ec7947b41627ae401f,,real_world,,,,,,,,published_res_sam_image_export_v1,jpg,369,369,0,,,,real_world,,,,build_ressam_unified_manifest.py,2026-08-10,mode=RGB; source_archive=gpr_data.zip
res_sam,core,res_sam:real_world:loose:81,loose,dataset_folder_name,GPR_data/real_world/loose/81.jpg,<LOCAL_DATA_ROOT>\external_assets\res_sam_data\GPR_data\real_world\loose\81.jpg,31e42a16bc805e02ffc29a843eea10359f1fbfc07c8413f36a7e2c229ddb23c0,,real_world,,,,,,,,published_res_sam_image_export_v1,jpg,535,321,0,,,,real_world,,,,build_ressam_unified_manifest.py,2026-08-10,mode=L; source_archive=gpr_data.zip
res_sam,core,res_sam:real_world:loose:82,loose,dataset_folder_name,GPR_data/real_world/loose/82.jpg,<LOCAL_DATA_ROOT>\external_assets\res_sam_data\GPR_data\real_world\loose\82.jpg,9e8be569727ff51527d0ab2bfae950fb8a0357210325a95c7a7d6a5fe6fb9119,,real_world,,,,,,,,published_res_sam_image_export_v1,jpg,535,321,0,,,,real_world,,,,build_ressam_unified_manifest.py,2026-08-10,mode=L; source_archive=gpr_data.zip
res_sam,core,res_sam:real_world:loose:83,loose,dataset_folder_name,GPR_data/real_world/loose/83.jpg,<LOCAL_DATA_ROOT>\external_assets\res_sam_data\GPR_data\real_world\loose\83.jpg,846fd61a23591acd4deccd9d7e283b7441486678c088c3229149f5765b5c0974,,real_world,,,,,,,,published_res_sam_image_export_v1,jpg,535,321,0,,,,real_world,,,,build_ressam_unified_manifest.py,2026-08-10,mode=L; source_archive=gpr_data.zip
res_sam,core,res_sam:real_world:loose:84,loose,dataset_folder_name,GPR_data/real_world/loose/84.jpg,<LOCAL_DATA_ROOT>\external_assets\res_sam_data\GPR_data\real_world\loose\84.jpg,e8e2989ecbe79d2ed85d2d9e109426561d045ef1819e0c1ee102096199f492b8,,real_world,,,,,,,,published_res_sam_image_export_v1,jpg,535,321,0,,,,real_world,,,,build_ressam_unified_manifest.py,2026-08-10,mode=L; source_archive=gpr_data.zip
res_sam,core,res_sam:real_world:loose:85,loose,dataset_folder_name,GPR_data/real_world/loose/85.jpg,<LOCAL_DATA_ROOT>\external_assets\res_sam_data\GPR_data\real_world\loose\85.jpg,120f3502d54ff9267adf4ddb5416b273180219d98fabefa7a0d16c116efadea1,,real_world,,,,,,,,published_res_sam_image_export_v1,jpg,535,321,0,,,,real_world,,,,build_ressam_unified_manifest.py,2026-08-10,mode=L; source_archive=gpr_data.zip
res_sam,core,res_sam:real_world:loose:86,loose,dataset_folder_name,GPR_data/real_world/loose/86.jpg,<LOCAL_DATA_ROOT>\external_assets\res_sam_data\GPR_data\real_world\loose\86.jpg,a9502a6f05ace0077b1102a2aa6b2626eeb9d1e909e505b12f2eeeb814453f96,,real_world,,,,,,,,published_res_sam_image_export_v1,jpg,535,321,0,,,,real_world,,,,build_ressam_unified_manifest.py,2026-08-10,mode=L; source_archive=gpr_data.zip
res_sam,core,res_sam:real_world:loose:87,loose,dataset_folder_name,GPR_data/real_world/loose/87.jpg,<LOCAL_DATA_ROOT>\external_assets\res_sam_data\GPR_data\real_world\loose\87.jpg,1f5718da519e56e9dc9368a481aa803b4331d09e43a7c66bf932b337827efe36,,real_world,,,,,,,,published_res_sam_image_export_v1,jpg,535,321,0,,,,real_world,,,,build_ressam_unified_manifest.py,2026-08-10,mode=L; source_archive=gpr_data.zip
res_sam,core,res_sam:real_world:loose:88,loose,dataset_folder_name,GPR_data/real_world/loose/88.jpg,<LOCAL_DATA_ROOT>\external_assets\res_sam_data\GPR_data\real_world\loose\88.jpg,e0ea15cbec75386cf50ac917d84538f67ae7161f713de160183f9dfd07b0f0d4,,real_world,,,,,,,,published_res_sam_image_export_v1,jpg,535,321,0,,,,real_world,,,,build_ressam_unified_manifest.py,2026-08-10,mode=L; source_archive=gpr_data.zip
res_sam,core,res_sam:real_world:loose:89,loose,dataset_folder_name,GPR_data/real_world/loose/89.jpg,<LOCAL_DATA_ROOT>\external_assets\res_sam_data\GPR_data\real_world\loose\89.jpg,2cdf36b4c332d0948d35e78bc1698f4aff7e6bbfbbf820c8d7b011c605ec1187,,real_world,,,,,,,,published_res_sam_image_export_v1,jpg,535,321,0,,,,real_world,,,,build_ressam_unified_manifest.py,2026-08-10,mode=L; source_archive=gpr_data.zip
res_sam,core,res_sam:real_world:loose:9,loose,dataset_folder_name,GPR_data/real_world/loose/9.jpg,<LOCAL_DATA_ROOT>\external_assets\res_sam_data\GPR_data\real_world\loose\9.jpg,0caffb5eb2e829f28e4da4e9e8bba664798371b0627ca342dea53d193de822b2,,real_world,,,,,,,,published_res_sam_image_export_v1,jpg,369,369,0,,,,real_world,,,,build_ressam_unified_manifest.py,2026-08-10,mode=RGB; source_archive=gpr_data.zip
res_sam,core,res_sam:real_world:loose:90,loose,dataset_folder_name,GPR_data/real_world/loose/90.jpg,<LOCAL_DATA_ROOT>\external_assets\res_sam_data\GPR_data\real_world\loose\90.jpg,414a055d1016100fca14ccd3f637a4d82f876bb356ba81d710c6c1c93a789e94,,real_world,,,,,,,,published_res_sam_image_export_v1,jpg,369,369,0,,,,real_world,,,,build_ressam_unified_manifest.py,2026-08-10,mode=RGB; source_archive=gpr_data.zip
res_sam,core,res_sam:real_world:loose:91,loose,dataset_folder_name,GPR_data/real_world/loose/91.jpg,<LOCAL_DATA_ROOT>\external_assets\res_sam_data\GPR_data\real_world\loose\91.jpg,5c12ac16baeca1b958cf6a4b2812edf0e6fa353a914db2b1ea554c38ec98074e,,real_world,,,,,,,,published_res_sam_image_export_v1,jpg,369,369,0,,,,real_world,,,,build_ressam_unified_manifest.py,2026-08-10,mode=RGB; source_archive=gpr_data.zip
res_sam,core,res_sam:real_world:loose:92,loose,dataset_folder_name,GPR_data/real_world/loose/92.jpg,<LOCAL_DATA_ROOT>\external_assets\res_sam_data\GPR_data\real_world\loose\92.jpg,dfba04acdc7573e4e90cd2fdacfa327c2cc4b5a6f5e2431fc73b690b94ead2ce,,real_world,,,,,,,,published_res_sam_image_export_v1,jpg,369,369,0,,,,real_world,,,,build_ressam_unified_manifest.py,2026-08-10,mode=RGB; source_archive=gpr_data.zip
res_sam,core,res_sam:real_world:loose:93,loose,dataset_folder_name,GPR_data/real_world/loose/93.jpg,<LOCAL_DATA_ROOT>\external_assets\res_sam_data\GPR_data\real_world\loose\93.jpg,4de5dfd9b1f6e38acd59d010823548afe6e24ad8854ded316b2057ea428c3929,,real_world,,,,,,,,published_res_sam_image_export_v1,jpg,369,369,0,,,,real_world,,,,build_ressam_unified_manifest.py,2026-08-10,mode=RGB; source_archive=gpr_data.zip
res_sam,core,res_sam:real_world:loose:94,loose,dataset_folder_name,GPR_data/real_world/loose/94.jpg,<LOCAL_DATA_ROOT>\external_assets\res_sam_data\GPR_data\real_world\loose\94.jpg,4847195459c135c82b6385ddcefda939026a416697f0c473dbe597983a877320,,real_world,,,,,,,,published_res_sam_image_export_v1,jpg,369,369,0,,,,real_world,,,,build_ressam_unified_manifest.py,2026-08-10,mode=RGB; source_archive=gpr_data.zip
res_sam,core,res_sam:real_world:loose:95,loose,dataset_folder_name,GPR_data/real_world/loose/95.jpg,<LOCAL_DATA_ROOT>\external_assets\res_sam_data\GPR_data\real_world\loose\95.jpg,e71d58644a8a1d8412541901c67ae89cdb295c4a409d3092885a2db8f4c4bd62,,real_world,,,,,,,,published_res_sam_image_export_v1,jpg,369,369,0,,,,real_world,,,,build_ressam_unified_manifest.py,2026-08-10,mode=RGB; source_archive=gpr_data.zip
res_sam,core,res_sam:real_world:loose:96,loose,dataset_folder_name,GPR_data/real_world/loose/96.jpg,<LOCAL_DATA_ROOT>\external_assets\res_sam_data\GPR_data\real_world\loose\96.jpg,51845752f6db6166ed0fab5cbd571c14c7721d6da8afaaba26984d26cf82976e,,real_world,,,,,,,,published_res_sam_image_export_v1,jpg,535,321,0,,,,real_world,,,,build_ressam_unified_manifest.py,2026-08-10,mode=L; source_archive=gpr_data.zip
res_sam,core,res_sam:real_world:loose:97,loose,dataset_folder_name,GPR_data/real_world/loose/97.jpg,<LOCAL_DATA_ROOT>\external_assets\res_sam_data\GPR_data\real_world\loose\97.jpg,c5780031238030c0251161d634622b83d803035d0fda4b82c7da317662772153,,real_world,,,,,,,,published_res_sam_image_export_v1,jpg,369,369,0,,,,real_world,,,,build_ressam_unified_manifest.py,2026-08-10,mode=RGB; source_archive=gpr_data.zip
res_sam,core,res_sam:real_world:loose:98,loose,dataset_folder_name,GPR_data/real_world/loose/98.jpg,<LOCAL_DATA_ROOT>\external_assets\res_sam_data\GPR_data\real_world\loose\98.jpg,a62000ece8a26002c198953e187b3ab8cd8cd6edbf06368d055227190135b3af,,real_world,,,,,,,,published_res_sam_image_export_v1,jpg,535,321,0,,,,real_world,,,,build_ressam_unified_manifest.py,2026-08-10,mode=L; source_archive=gpr_data.zip
res_sam,core,res_sam:real_world:loose:99,loose,dataset_folder_name,GPR_data/real_world/loose/99.jpg,<LOCAL_DATA_ROOT>\external_assets\res_sam_data\GPR_data\real_world\loose\99.jpg,dea7b87febfd82f1c08bf4e5b8b7b0cede3b8433c0f4eeb7bac4af10a58e5866,,real_world,,,,,,,,published_res_sam_image_export_v1,jpg,535,321,0,,,,real_world,,,,build_ressam_unified_manifest.py,2026-08-10,mode=L; source_archive=gpr_data.zip
res_sam,core,res_sam:real_world:manhole:1,manhole,dataset_folder_name,GPR_data/real_world/manhole/1.jpg,<LOCAL_DATA_ROOT>\external_assets\res_sam_data\GPR_data\real_world\manhole\1.jpg,dac27b30cc24ce3a69acd269dd878858cdd6f36ab699841e72e1469245414416,,real_world,,,,,,,,published_res_sam_image_export_v1,jpg,369,369,0,,,,real_world,,,,build_ressam_unified_manifest.py,2026-08-10,mode=RGB; source_archive=gpr_data.zip
res_sam,core,res_sam:real_world:manhole:10,manhole,dataset_folder_name,GPR_data/real_world/manhole/10.jpg,<LOCAL_DATA_ROOT>\external_assets\res_sam_data\GPR_data\real_world\manhole\10.jpg,60232d0cf53bafbcba4d07884165f9e6bee45ebdca8ed682889387dd984ee011,,real_world,,,,,,,,published_res_sam_image_export_v1,jpg,535,321,0,,,,real_world,,,,build_ressam_unified_manifest.py,2026-08-10,mode=L; source_archive=gpr_data.zip
res_sam,core,res_sam:real_world:manhole:100,manhole,dataset_folder_name,GPR_data/real_world/manhole/100.jpg,<LOCAL_DATA_ROOT>\external_assets\res_sam_data\GPR_data\real_world\manhole\100.jpg,63e79de8672609a154ca3b1fe25f4c213cdda02921d85b0ed4dd4b4f81ca4af6,,real_world,,,,,,,,published_res_sam_image_export_v1,jpg,369,369,0,,,,real_world,,,,build_ressam_unified_manifest.py,2026-08-10,mode=RGB; source_archive=gpr_data.zip
res_sam,core,res_sam:real_world:manhole:11,manhole,dataset_folder_name,GPR_data/real_world/manhole/11.jpg,<LOCAL_DATA_ROOT>\external_assets\res_sam_data\GPR_data\real_world\manhole\11.jpg,94b5adea2e4829379f1a2e022c9b2c5abd4ea3df80ebcb5ce9fcc89353562320,,real_world,,,,,,,,published_res_sam_image_export_v1,jpg,369,369,0,,,,real_world,,,,build_ressam_unified_manifest.py,2026-08-10,mode=RGB; source_archive=gpr_data.zip
res_sam,core,res_sam:real_world:manhole:12,manhole,dataset_folder_name,GPR_data/real_world/manhole/12.jpg,<LOCAL_DATA_ROOT>\external_assets\res_sam_data\GPR_data\real_world\manhole\12.jpg,7608e8a4966810963ef8bff74862c4a067169afe541f4dfcab991c40b7c75d8a,,real_world,,,,,,,,published_res_sam_image_export_v1,jpg,535,321,0,,,,real_world,,,,build_ressam_unified_manifest.py,2026-08-10,mode=L; source_archive=gpr_data.zip
res_sam,core,res_sam:real_world:manhole:13,manhole,dataset_folder_name,GPR_data/real_world/manhole/13.jpg,<LOCAL_DATA_ROOT>\external_assets\res_sam_data\GPR_data\real_world\manhole\13.jpg,27f822f4994823e105d898a148b5bd2e6f133d459f67817f75737affec957c6a,,real_world,,,,,,,,published_res_sam_image_export_v1,jpg,535,321,0,,,,real_world,,,,build_ressam_unified_manifest.py,2026-08-10,mode=L; source_archive=gpr_data.zip
res_sam,core,res_sam:real_world:manhole:14,manhole,dataset_folder_name,GPR_data/real_world/manhole/14.jpg,<LOCAL_DATA_ROOT>\external_assets\res_sam_data\GPR_data\real_world\manhole\14.jpg,102aa729353b32122dfc8714f9d8a4ff1966de7e0b81be8e6dc3d1b68f64de63,,real_world,,,,,,,,published_res_sam_image_export_v1,jpg,369,369,0,,,,real_world,,,,build_ressam_unified_manifest.py,2026-08-10,mode=RGB; source_archive=gpr_data.zip
res_sam,core,res_sam:real_world:manhole:15,manhole,dataset_folder_name,GPR_data/real_world/manhole/15.jpg,<LOCAL_DATA_ROOT>\external_assets\res_sam_data\GPR_data\real_world\manhole\15.jpg,47f682086b8fbda9bb996e9be4ce8c25ac714cfa4b3adfa6d014404d1ce7d1e4,,real_world,,,,,,,,published_res_sam_image_export_v1,jpg,535,321,0,,,,real_world,,,,build_ressam_unified_manifest.py,2026-08-10,mode=L; source_archive=gpr_data.zip
res_sam,core,res_sam:real_world:manhole:16,manhole,dataset_folder_name,GPR_data/real_world/manhole/16.jpg,<LOCAL_DATA_ROOT>\external_assets\res_sam_data\GPR_data\real_world\manhole\16.jpg,aab32e8dfb9cc3e9c7437b233568445b4340306039f7e654aaab2d5c2c0a34cd,,real_world,,,,,,,,published_res_sam_image_export_v1,jpg,369,369,0,,,,real_world,,,,build_ressam_unified_manifest.py,2026-08-10,mode=RGB; source_archive=gpr_data.zip
res_sam,core,res_sam:real_world:manhole:17,manhole,dataset_folder_name,GPR_data/real_world/manhole/17.jpg,<LOCAL_DATA_ROOT>\external_assets\res_sam_data\GPR_data\real_world\manhole\17.jpg,9e5adc320b16a7e22a359383179f6de55154986e4fb7ee6034d31a8feeb102a3,,real_world,,,,,,,,published_res_sam_image_export_v1,jpg,535,321,0,,,,real_world,,,,build_ressam_unified_manifest.py,2026-08-10,mode=L; source_archive=gpr_data.zip
res_sam,core,res_sam:real_world:manhole:18,manhole,dataset_folder_name,GPR_data/real_world/manhole/18.jpg,<LOCAL_DATA_ROOT>\external_assets\res_sam_data\GPR_data\real_world\manhole\18.jpg,f4f3869b7f59ef9a6eb6657161c9fd3237f1fd88e840426ac2fe321e89263798,,real_world,,,,,,,,published_res_sam_image_export_v1,jpg,369,369,0,,,,real_world,,,,build_ressam_unified_manifest.py,2026-08-10,mode=RGB; source_archive=gpr_data.zip
res_sam,core,res_sam:real_world:manhole:19,manhole,dataset_folder_name,GPR_data/real_world/manhole/19.jpg,<LOCAL_DATA_ROOT>\external_assets\res_sam_data\GPR_data\real_world\manhole\19.jpg,cc3a33d5c40a41b782af9a0a62f925bea8fc5b0d53a34137aececae9d1558c9d,,real_world,,,,,,,,published_res_sam_image_export_v1,jpg,535,321,0,,,,real_world,,,,build_ressam_unified_manifest.py,2026-08-10,mode=L; source_archive=gpr_data.zip
res_sam,core,res_sam:real_world:manhole:2,manhole,dataset_folder_name,GPR_data/real_world/manhole/2.jpg,<LOCAL_DATA_ROOT>\external_assets\res_sam_data\GPR_data\real_world\manhole\2.jpg,647f9e3caebb4c85bfe5619b7ed9f83219eb61d7d0b226924c8aef1354811672,,real_world,,,,,,,,published_res_sam_image_export_v1,jpg,535,321,0,,,,real_world,,,,build_ressam_unified_manifest.py,2026-08-10,mode=L; source_archive=gpr_data.zip
res_sam,core,res_sam:real_world:manhole:20,manhole,dataset_folder_name,GPR_data/real_world/manhole/20.jpg,<LOCAL_DATA_ROOT>\external_assets\res_sam_data\GPR_data\real_world\manhole\20.jpg,c2fe79c4c61d309c1c1e49a37172eceb03cc69d576bab726a8ce226f75ec630c,,real_world,,,,,,,,published_res_sam_image_export_v1,jpg,369,369,0,,,,real_world,,,,build_ressam_unified_manifest.py,2026-08-10,mode=RGB; source_archive=gpr_data.zip
res_sam,core,res_sam:real_world:manhole:21,manhole,dataset_folder_name,GPR_data/real_world/manhole/21.jpg,<LOCAL_DATA_ROOT>\external_assets\res_sam_data\GPR_data\real_world\manhole\21.jpg,73594bdcc1677884134046baa6a7519f344cc99fe52408250154825998a08a67,,real_world,,,,,,,,published_res_sam_image_export_v1,jpg,369,369,0,,,,real_world,,,,build_ressam_unified_manifest.py,2026-08-10,mode=RGB; source_archive=gpr_data.zip
res_sam,core,res_sam:real_world:manhole:22,manhole,dataset_folder_name,GPR_data/real_world/manhole/22.jpg,<LOCAL_DATA_ROOT>\external_assets\res_sam_data\GPR_data\real_world\manhole\22.jpg,c1140214e6e85fc22aa8dd59c7125f4775046f20a1388d6536c2bdef99e6d603,,real_world,,,,,,,,published_res_sam_image_export_v1,jpg,369,369,0,,,,real_world,,,,build_ressam_unified_manifest.py,2026-08-10,mode=RGB; source_archive=gpr_data.zip
res_sam,core,res_sam:real_world:manhole:23,manhole,dataset_folder_name,GPR_data/real_world/manhole/23.jpg,<LOCAL_DATA_ROOT>\external_assets\res_sam_data\GPR_data\real_world\manhole\23.jpg,e2023c1accf38fb62747d9516adaec724be287fadf920d6e391df8c1ae13439f,,real_world,,,,,,,,published_res_sam_image_export_v1,jpg,535,321,0,,,,real_world,,,,build_ressam_unified_manifest.py,2026-08-10,mode=L; source_archive=gpr_data.zip
res_sam,core,res_sam:real_world:manhole:24,manhole,dataset_folder_name,GPR_data/real_world/manhole/24.jpg,<LOCAL_DATA_ROOT>\external_assets\res_sam_data\GPR_data\real_world\manhole\24.jpg,74cc1c2d8b591a56f1426056ce3a81d69cb5d47da4413528cbe6738069f9d8b0,,real_world,,,,,,,,published_res_sam_image_export_v1,jpg,369,369,0,,,,real_world,,,,build_ressam_unified_manifest.py,2026-08-10,mode=RGB; source_archive=gpr_data.zip
res_sam,core,res_sam:real_world:manhole:25,manhole,dataset_folder_name,GPR_data/real_world/manhole/25.jpg,<LOCAL_DATA_ROOT>\external_assets\res_sam_data\GPR_data\real_world\manhole\25.jpg,0ec4c2af28cd4afb71da8d6336ccc308e666e864bdc2d24472d99fd594f2a37c,,real_world,,,,,,,,published_res_sam_image_export_v1,jpg,535,321,0,,,,real_world,,,,build_ressam_unified_manifest.py,2026-08-10,mode=L; source_archive=gpr_data.zip
res_sam,core,res_sam:real_world:manhole:26,manhole,dataset_folder_name,GPR_data/real_world/manhole/26.jpg,<LOCAL_DATA_ROOT>\external_assets\res_sam_data\GPR_data\real_world\manhole\26.jpg,3cca03efc9b0044303ca9243a127816005a799e3a13e062eb3713352d36171a2,,real_world,,,,,,,,published_res_sam_image_export_v1,jpg,369,369,0,,,,real_world,,,,build_ressam_unified_manifest.py,2026-08-10,mode=RGB; source_archive=gpr_data.zip
res_sam,core,res_sam:real_world:manhole:27,manhole,dataset_folder_name,GPR_data/real_world/manhole/27.jpg,<LOCAL_DATA_ROOT>\external_assets\res_sam_data\GPR_data\real_world\manhole\27.jpg,cc2d91b0b4f26fd2d981533302d1aae6c9121e044f45a9a02cf3e8cba6e18e5b,,real_world,,,,,,,,published_res_sam_image_export_v1,jpg,369,369,0,,,,real_world,,,,build_ressam_unified_manifest.py,2026-08-10,mode=RGB; source_archive=gpr_data.zip
res_sam,core,res_sam:real_world:manhole:28,manhole,dataset_folder_name,GPR_data/real_world/manhole/28.jpg,<LOCAL_DATA_ROOT>\external_assets\res_sam_data\GPR_data\real_world\manhole\28.jpg,2fbc1b93eaf34e2db9278991baafdd24edbd51d7790a911faa35260a85b6f5ee,,real_world,,,,,,,,published_res_sam_image_export_v1,jpg,369,369,0,,,,real_world,,,,build_ressam_unified_manifest.py,2026-08-10,mode=RGB; source_archive=gpr_data.zip
res_sam,core,res_sam:real_world:manhole:29,manhole,dataset_folder_name,GPR_data/real_world/manhole/29.jpg,<LOCAL_DATA_ROOT>\external_assets\res_sam_data\GPR_data\real_world\manhole\29.jpg,52f626e3966b31a58a480a9d5da97e352caa08ce54451a5d178d5697cee57a78,,real_world,,,,,,,,published_res_sam_image_export_v1,jpg,535,321,0,,,,real_world,,,,build_ressam_unified_manifest.py,2026-08-10,mode=L; source_archive=gpr_data.zip
res_sam,core,res_sam:real_world:manhole:3,manhole,dataset_folder_name,GPR_data/real_world/manhole/3.jpg,<LOCAL_DATA_ROOT>\external_assets\res_sam_data\GPR_data\real_world\manhole\3.jpg,2a37c9f74a7e80ac167a5b90edc5afceba0e34fa6f7a3aacdf8c437e0d4ca47b,,real_world,,,,,,,,published_res_sam_image_export_v1,jpg,369,369,0,,,,real_world,,,,build_ressam_unified_manifest.py,2026-08-10,mode=RGB; source_archive=gpr_data.zip
res_sam,core,res_sam:real_world:manhole:30,manhole,dataset_folder_name,GPR_data/real_world/manhole/30.jpg,<LOCAL_DATA_ROOT>\external_assets\res_sam_data\GPR_data\real_world\manhole\30.jpg,33d4f2fa7e6b775fd2738887334c6d7f921a238f3fa48eed9ea6ac41d8d6a263,,real_world,,,,,,,,published_res_sam_image_export_v1,jpg,535,321,0,,,,real_world,,,,build_ressam_unified_manifest.py,2026-08-10,mode=L; source_archive=gpr_data.zip
res_sam,core,res_sam:real_world:manhole:31,manhole,dataset_folder_name,GPR_data/real_world/manhole/31.jpg,<LOCAL_DATA_ROOT>\external_assets\res_sam_data\GPR_data\real_world\manhole\31.jpg,939f1c8d1985c596938ec5aa7c2cab01be7e8a4d4c48c717bb9bf04b214d3469,,real_world,,,,,,,,published_res_sam_image_export_v1,jpg,369,369,0,,,,real_world,,,,build_ressam_unified_manifest.py,2026-08-10,mode=RGB; source_archive=gpr_data.zip
res_sam,core,res_sam:real_world:manhole:32,manhole,dataset_folder_name,GPR_data/real_world/manhole/32.jpg,<LOCAL_DATA_ROOT>\external_assets\res_sam_data\GPR_data\real_world\manhole\32.jpg,f5244308c65fc7b4490f55548001227a018af5f51e836918e4651f500f47b8fb,,real_world,,,,,,,,published_res_sam_image_export_v1,jpg,369,369,0,,,,real_world,,,,build_ressam_unified_manifest.py,2026-08-10,mode=RGB; source_archive=gpr_data.zip
res_sam,core,res_sam:real_world:manhole:33,manhole,dataset_folder_name,GPR_data/real_world/manhole/33.jpg,<LOCAL_DATA_ROOT>\external_assets\res_sam_data\GPR_data\real_world\manhole\33.jpg,a20b3d5c878bbb64fa2d95d03c9abf77860d9c95b3e264fb4c6cb723023d015c,,real_world,,,,,,,,published_res_sam_image_export_v1,jpg,535,321,0,,,,real_world,,,,build_ressam_unified_manifest.py,2026-08-10,mode=L; source_archive=gpr_data.zip
res_sam,core,res_sam:real_world:manhole:34,manhole,dataset_folder_name,GPR_data/real_world/manhole/34.jpg,<LOCAL_DATA_ROOT>\external_assets\res_sam_data\GPR_data\real_world\manhole\34.jpg,4f409091bd9364ff03c01857b74449509a557d529ec585aa8a71bec23d61c58f,,real_world,,,,,,,,published_res_sam_image_export_v1,jpg,535,321,0,,,,real_world,,,,build_ressam_unified_manifest.py,2026-08-10,mode=L; source_archive=gpr_data.zip
res_sam,core,res_sam:real_world:manhole:35,manhole,dataset_folder_name,GPR_data/real_world/manhole/35.jpg,<LOCAL_DATA_ROOT>\external_assets\res_sam_data\GPR_data\real_world\manhole\35.jpg,33cd9f31a1a35f7dde8423c746c435756b945aaa6155c48303d3f02acf8abc8f,,real_world,,,,,,,,published_res_sam_image_export_v1,jpg,535,321,0,,,,real_world,,,,build_ressam_unified_manifest.py,2026-08-10,mode=L; source_archive=gpr_data.zip
res_sam,core,res_sam:real_world:manhole:36,manhole,dataset_folder_name,GPR_data/real_world/manhole/36.jpg,<LOCAL_DATA_ROOT>\external_assets\res_sam_data\GPR_data\real_world\manhole\36.jpg,adcca247a582340f282981313c2138e7ce310d67551668dabba7d8464271f49e,,real_world,,,,,,,,published_res_sam_image_export_v1,jpg,369,369,0,,,,real_world,,,,build_ressam_unified_manifest.py,2026-08-10,mode=RGB; source_archive=gpr_data.zip
res_sam,core,res_sam:real_world:manhole:37,manhole,dataset_folder_name,GPR_data/real_world/manhole/37.jpg,<LOCAL_DATA_ROOT>\external_assets\res_sam_data\GPR_data\real_world\manhole\37.jpg,5c422710677b16fda18d867e63f4a47e159fd5981c2736b8b7ef0c74f5f78c2f,,real_world,,,,,,,,published_res_sam_image_export_v1,jpg,369,369,0,,,,real_world,,,,build_ressam_unified_manifest.py,2026-08-10,mode=RGB; source_archive=gpr_data.zip
res_sam,core,res_sam:real_world:manhole:38,manhole,dataset_folder_name,GPR_data/real_world/manhole/38.jpg,<LOCAL_DATA_ROOT>\external_assets\res_sam_data\GPR_data\real_world\manhole\38.jpg,d934a7ee946e260ff4e3c69554f947d324dad948ac10b2230625002c5a2cf15c,,real_world,,,,,,,,published_res_sam_image_export_v1,jpg,535,321,0,,,,real_world,,,,build_ressam_unified_manifest.py,2026-08-10,mode=L; source_archive=gpr_data.zip
res_sam,core,res_sam:real_world:manhole:39,manhole,dataset_folder_name,GPR_data/real_world/manhole/39.jpg,<LOCAL_DATA_ROOT>\external_assets\res_sam_data\GPR_data\real_world\manhole\39.jpg,ca6c22577ef192a1a5a7460842fc36cd875c35d88d54a0b939653d42bf56bc60,,real_world,,,,,,,,published_res_sam_image_export_v1,jpg,535,321,0,,,,real_world,,,,build_ressam_unified_manifest.py,2026-08-10,mode=L; source_archive=gpr_data.zip
res_sam,core,res_sam:real_world:manhole:4,manhole,dataset_folder_name,GPR_data/real_world/manhole/4.jpg,<LOCAL_DATA_ROOT>\external_assets\res_sam_data\GPR_data\real_world\manhole\4.jpg,ccb4e076eed33ee647574cda74e32c31206a8d9533f4732bb410747b90a1ffbe,,real_world,,,,,,,,published_res_sam_image_export_v1,jpg,535,321,0,,,,real_world,,,,build_ressam_unified_manifest.py,2026-08-10,mode=L; source_archive=gpr_data.zip
res_sam,core,res_sam:real_world:manhole:40,manhole,dataset_folder_name,GPR_data/real_world/manhole/40.jpg,<LOCAL_DATA_ROOT>\external_assets\res_sam_data\GPR_data\real_world\manhole\40.jpg,575c369766229be2e09b02ece3f47af46bc37f9aa7dcee510b263a9f8b914df1,,real_world,,,,,,,,published_res_sam_image_export_v1,jpg,369,369,0,,,,real_world,,,,build_ressam_unified_manifest.py,2026-08-10,mode=RGB; source_archive=gpr_data.zip
res_sam,core,res_sam:real_world:manhole:41,manhole,dataset_folder_name,GPR_data/real_world/manhole/41.jpg,<LOCAL_DATA_ROOT>\external_assets\res_sam_data\GPR_data\real_world\manhole\41.jpg,7b9a05fe4a38b31abe0ea3487a65bb26bb01c97dbbb0b28f8216a47993789a48,,real_world,,,,,,,,published_res_sam_image_export_v1,jpg,369,369,0,,,,real_world,,,,build_ressam_unified_manifest.py,2026-08-10,mode=RGB; source_archive=gpr_data.zip
res_sam,core,res_sam:real_world:manhole:42,manhole,dataset_folder_name,GPR_data/real_world/manhole/42.jpg,<LOCAL_DATA_ROOT>\external_assets\res_sam_data\GPR_data\real_world\manhole\42.jpg,c62004a8396166271e654a8bd9fbffd9bfec8aaf075317cfc6db83cab72e9bf4,,real_world,,,,,,,,published_res_sam_image_export_v1,jpg,535,321,0,,,,real_world,,,,build_ressam_unified_manifest.py,2026-08-10,mode=L; source_archive=gpr_data.zip
res_sam,core,res_sam:real_world:manhole:43,manhole,dataset_folder_name,GPR_data/real_world/manhole/43.jpg,<LOCAL_DATA_ROOT>\external_assets\res_sam_data\GPR_data\real_world\manhole\43.jpg,8824dc4ab6353ff3ba75caa6495c86731a41506105b0498d6281e247b5205ac3,,real_world,,,,,,,,published_res_sam_image_export_v1,jpg,535,321,0,,,,real_world,,,,build_ressam_unified_manifest.py,2026-08-10,mode=L; source_archive=gpr_data.zip
res_sam,core,res_sam:real_world:manhole:44,manhole,dataset_folder_name,GPR_data/real_world/manhole/44.jpg,<LOCAL_DATA_ROOT>\external_assets\res_sam_data\GPR_data\real_world\manhole\44.jpg,2a10e33995b7d79c6ea9377f1816fb49dbc0da0afb784723373ddad3e8038df3,,real_world,,,,,,,,published_res_sam_image_export_v1,jpg,369,369,0,,,,real_world,,,,build_ressam_unified_manifest.py,2026-08-10,mode=RGB; source_archive=gpr_data.zip
res_sam,core,res_sam:real_world:manhole:45,manhole,dataset_folder_name,GPR_data/real_world/manhole/45.jpg,<LOCAL_DATA_ROOT>\external_assets\res_sam_data\GPR_data\real_world\manhole\45.jpg,7ba04dd600b6294f6ee3a3e65201ccd02f4ad18cff06d7195ac0091399648838,,real_world,,,,,,,,published_res_sam_image_export_v1,jpg,369,369,0,,,,real_world,,,,build_ressam_unified_manifest.py,2026-08-10,mode=RGB; source_archive=gpr_data.zip
res_sam,core,res_sam:real_world:manhole:46,manhole,dataset_folder_name,GPR_data/real_world/manhole/46.jpg,<LOCAL_DATA_ROOT>\external_assets\res_sam_data\GPR_data\real_world\manhole\46.jpg,ad343155243b229b2bc3b6b5efb6bbfc2da543869b4aede199fc287d41b85013,,real_world,,,,,,,,published_res_sam_image_export_v1,jpg,535,321,0,,,,real_world,,,,build_ressam_unified_manifest.py,2026-08-10,mode=L; source_archive=gpr_data.zip
res_sam,core,res_sam:real_world:manhole:47,manhole,dataset_folder_name,GPR_data/real_world/manhole/47.jpg,<LOCAL_DATA_ROOT>\external_assets\res_sam_data\GPR_data\real_world\manhole\47.jpg,ac49a37dbf6981b133828d601535a6521e2e49e1f6ed9ad6909670f4e0217f91,,real_world,,,,,,,,published_res_sam_image_export_v1,jpg,535,321,0,,,,real_world,,,,build_ressam_unified_manifest.py,2026-08-10,mode=L; source_archive=gpr_data.zip
res_sam,core,res_sam:real_world:manhole:48,manhole,dataset_folder_name,GPR_data/real_world/manhole/48.jpg,<LOCAL_DATA_ROOT>\external_assets\res_sam_data\GPR_data\real_world\manhole\48.jpg,b8c5600ad5eb71cbfe75112249c884ec38b9e329f4732d79a2b779c2729b2eec,,real_world,,,,,,,,published_res_sam_image_export_v1,jpg,369,369,0,,,,real_world,,,,build_ressam_unified_manifest.py,2026-08-10,mode=RGB; source_archive=gpr_data.zip
res_sam,core,res_sam:real_world:manhole:49,manhole,dataset_folder_name,GPR_data/real_world/manhole/49.jpg,<LOCAL_DATA_ROOT>\external_assets\res_sam_data\GPR_data\real_world\manhole\49.jpg,6aaef766d8f328c9d61869586bb1116a1b1bd0672752b556cc2e0dc735a7504e,,real_world,,,,,,,,published_res_sam_image_export_v1,jpg,369,369,0,,,,real_world,,,,build_ressam_unified_manifest.py,2026-08-10,mode=RGB; source_archive=gpr_data.zip
res_sam,core,res_sam:real_world:manhole:5,manhole,dataset_folder_name,GPR_data/real_world/manhole/5.jpg,<LOCAL_DATA_ROOT>\external_assets\res_sam_data\GPR_data\real_world\manhole\5.jpg,5d7b32bd9055920bcb37fb61f8381ee44de121618912ef9a04061b2f54e609ef,,real_world,,,,,,,,published_res_sam_image_export_v1,jpg,535,321,0,,,,real_world,,,,build_ressam_unified_manifest.py,2026-08-10,mode=L; source_archive=gpr_data.zip
res_sam,core,res_sam:real_world:manhole:50,manhole,dataset_folder_name,GPR_data/real_world/manhole/50.jpg,<LOCAL_DATA_ROOT>\external_assets\res_sam_data\GPR_data\real_world\manhole\50.jpg,06d1f0df1e4d337721ea42933e788d7fb7406297e6c8be52914f4cab900e87e8,,real_world,,,,,,,,published_res_sam_image_export_v1,jpg,535,321,0,,,,real_world,,,,build_ressam_unified_manifest.py,2026-08-10,mode=L; source_archive=gpr_data.zip
res_sam,core,res_sam:real_world:manhole:51,manhole,dataset_folder_name,GPR_data/real_world/manhole/51.jpg,<LOCAL_DATA_ROOT>\external_assets\res_sam_data\GPR_data\real_world\manhole\51.jpg,7be512c90bae319152dd0cee133ea3036ad5beb382aa84a7dc7af955eac42b5b,,real_world,,,,,,,,published_res_sam_image_export_v1,jpg,535,321,0,,,,real_world,,,,build_ressam_unified_manifest.py,2026-08-10,mode=L; source_archive=gpr_data.zip
res_sam,core,res_sam:real_world:manhole:52,manhole,dataset_folder_name,GPR_data/real_world/manhole/52.jpg,<LOCAL_DATA_ROOT>\external_assets\res_sam_data\GPR_data\real_world\manhole\52.jpg,904f5c70fc6aa423b8e5219534c41ec32e979b845afc348bdd46bfa55b546dd3,,real_world,,,,,,,,published_res_sam_image_export_v1,jpg,369,369,0,,,,real_world,,,,build_ressam_unified_manifest.py,2026-08-10,mode=RGB; source_archive=gpr_data.zip
res_sam,core,res_sam:real_world:manhole:53,manhole,dataset_folder_name,GPR_data/real_world/manhole/53.jpg,<LOCAL_DATA_ROOT>\external_assets\res_sam_data\GPR_data\real_world\manhole\53.jpg,b7e3afa9c12b0cf1af7588e9e798229e4561a795a2bc774e9592ef5532ed9157,,real_world,,,,,,,,published_res_sam_image_export_v1,jpg,535,321,0,,,,real_world,,,,build_ressam_unified_manifest.py,2026-08-10,mode=L; source_archive=gpr_data.zip
res_sam,core,res_sam:real_world:manhole:54,manhole,dataset_folder_name,GPR_data/real_world/manhole/54.jpg,<LOCAL_DATA_ROOT>\external_assets\res_sam_data\GPR_data\real_world\manhole\54.jpg,63b0a9a0bbd4e31c5a8d15c455f748bfa3dbc1603c7f8a6a55a8c6341a4fbba6,,real_world,,,,,,,,published_res_sam_image_export_v1,jpg,535,321,0,,,,real_world,,,,build_ressam_unified_manifest.py,2026-08-10,mode=L; source_archive=gpr_data.zip
res_sam,core,res_sam:real_world:manhole:55,manhole,dataset_folder_name,GPR_data/real_world/manhole/55.jpg,<LOCAL_DATA_ROOT>\external_assets\res_sam_data\GPR_data\real_world\manhole\55.jpg,54d68657712da6b31e0d896b8310e85cc89b6d72c542b6e994fea917422bb83c,,real_world,,,,,,,,published_res_sam_image_export_v1,jpg,369,369,0,,,,real_world,,,,build_ressam_unified_manifest.py,2026-08-10,mode=RGB; source_archive=gpr_data.zip
res_sam,core,res_sam:real_world:manhole:56,manhole,dataset_folder_name,GPR_data/real_world/manhole/56.jpg,<LOCAL_DATA_ROOT>\external_assets\res_sam_data\GPR_data\real_world\manhole\56.jpg,3870fdb9e89e8ccf9154992933313811170e3549eba48f9a5a84391c98ee47c7,,real_world,,,,,,,,published_res_sam_image_export_v1,jpg,535,321,0,,,,real_world,,,,build_ressam_unified_manifest.py,2026-08-10,mode=L; source_archive=gpr_data.zip
res_sam,core,res_sam:real_world:manhole:57,manhole,dataset_folder_name,GPR_data/real_world/manhole/57.jpg,<LOCAL_DATA_ROOT>\external_assets\res_sam_data\GPR_data\real_world\manhole\57.jpg,4bef5e61e9708dff16c537c5e98d9e3116bf56f84111b5e14f96921e13fd4713,,real_world,,,,,,,,published_res_sam_image_export_v1,jpg,535,321,0,,,,real_world,,,,build_ressam_unified_manifest.py,2026-08-10,mode=L; source_archive=gpr_data.zip
res_sam,core,res_sam:real_world:manhole:58,manhole,dataset_folder_name,GPR_data/real_world/manhole/58.jpg,<LOCAL_DATA_ROOT>\external_assets\res_sam_data\GPR_data\real_world\manhole\58.jpg,10667c10a09bfc999eb43cab2c8901e5d3c3c95489919789622d319011cc6d92,,real_world,,,,,,,,published_res_sam_image_export_v1,jpg,369,369,0,,,,real_world,,,,build_ressam_unified_manifest.py,2026-08-10,mode=RGB; source_archive=gpr_data.zip
res_sam,core,res_sam:real_world:manhole:59,manhole,dataset_folder_name,GPR_data/real_world/manhole/59.jpg,<LOCAL_DATA_ROOT>\external_assets\res_sam_data\GPR_data\real_world\manhole\59.jpg,b9a4d59fe0e6e811667ab0e2cd8c75bd1d68d7d598657755238a28511e833542,,real_world,,,,,,,,published_res_sam_image_export_v1,jpg,535,321,0,,,,real_world,,,,build_ressam_unified_manifest.py,2026-08-10,mode=L; source_archive=gpr_data.zip
res_sam,core,res_sam:real_world:manhole:6,manhole,dataset_folder_name,GPR_data/real_world/manhole/6.jpg,<LOCAL_DATA_ROOT>\external_assets\res_sam_data\GPR_data\real_world\manhole\6.jpg,ec63c9e6d9fa4f16fede1bc7aaa612ccbd56a4ea081c9c9c6dc5b02955889061,,real_world,,,,,,,,published_res_sam_image_export_v1,jpg,535,321,0,,,,real_world,,,,build_ressam_unified_manifest.py,2026-08-10,mode=L; source_archive=gpr_data.zip
res_sam,core,res_sam:real_world:manhole:60,manhole,dataset_folder_name,GPR_data/real_world/manhole/60.jpg,<LOCAL_DATA_ROOT>\external_assets\res_sam_data\GPR_data\real_world\manhole\60.jpg,4e73047c6c1f5379ca6104526d1b8b961a8b1cf0a440bc6c5dcdb700842fbbdd,,real_world,,,,,,,,published_res_sam_image_export_v1,jpg,535,321,0,,,,real_world,,,,build_ressam_unified_manifest.py,2026-08-10,mode=L; source_archive=gpr_data.zip
res_sam,core,res_sam:real_world:manhole:61,manhole,dataset_folder_name,GPR_data/real_world/manhole/61.jpg,<LOCAL_DATA_ROOT>\external_assets\res_sam_data\GPR_data\real_world\manhole\61.jpg,3a73e336799b5b431b1050d8fc85fbcafaf0df5d5c638a4ebb3662e989fc3da8,,real_world,,,,,,,,published_res_sam_image_export_v1,jpg,369,369,0,,,,real_world,,,,build_ressam_unified_manifest.py,2026-08-10,mode=RGB; source_archive=gpr_data.zip
res_sam,core,res_sam:real_world:manhole:62,manhole,dataset_folder_name,GPR_data/real_world/manhole/62.jpg,<LOCAL_DATA_ROOT>\external_assets\res_sam_data\GPR_data\real_world\manhole\62.jpg,0724e6be14144c49dd8fe4376ba759039d8af941ee977fb5942baebeda5cfef5,,real_world,,,,,,,,published_res_sam_image_export_v1,jpg,535,321,0,,,,real_world,,,,build_ressam_unified_manifest.py,2026-08-10,mode=L; source_archive=gpr_data.zip
res_sam,core,res_sam:real_world:manhole:63,manhole,dataset_folder_name,GPR_data/real_world/manhole/63.jpg,<LOCAL_DATA_ROOT>\external_assets\res_sam_data\GPR_data\real_world\manhole\63.jpg,8b2de3a5df4d0e45eddaeef4575936d38f291a282f72e29c304914e8bf6d455b,,real_world,,,,,,,,published_res_sam_image_export_v1,jpg,369,369,0,,,,real_world,,,,build_ressam_unified_manifest.py,2026-08-10,mode=RGB; source_archive=gpr_data.zip
res_sam,core,res_sam:real_world:manhole:64,manhole,dataset_folder_name,GPR_data/real_world/manhole/64.jpg,<LOCAL_DATA_ROOT>\external_assets\res_sam_data\GPR_data\real_world\manhole\64.jpg,105005efa5f4e65349d199834ae2b64c559301a5793fdabd64e799f7c75f3acf,,real_world,,,,,,,,published_res_sam_image_export_v1,jpg,369,369,0,,,,real_world,,,,build_ressam_unified_manifest.py,2026-08-10,mode=RGB; source_archive=gpr_data.zip
res_sam,core,res_sam:real_world:manhole:65,manhole,dataset_folder_name,GPR_data/real_world/manhole/65.jpg,<LOCAL_DATA_ROOT>\external_assets\res_sam_data\GPR_data\real_world\manhole\65.jpg,130a9bc2ee8dcf3e48e58b6e9ea5b87914057063120bceaadad46c9bb581b126,,real_world,,,,,,,,published_res_sam_image_export_v1,jpg,369,369,0,,,,real_world,,,,build_ressam_unified_manifest.py,2026-08-10,mode=RGB; source_archive=gpr_data.zip
res_sam,core,res_sam:real_world:manhole:66,manhole,dataset_folder_name,GPR_data/real_world/manhole/66.jpg,<LOCAL_DATA_ROOT>\external_assets\res_sam_data\GPR_data\real_world\manhole\66.jpg,0a4675672dcbd13733d444a137c1020126454329bd31732bf3f718a05ffdde4a,,real_world,,,,,,,,published_res_sam_image_export_v1,jpg,369,369,0,,,,real_world,,,,build_ressam_unified_manifest.py,2026-08-10,mode=RGB; source_archive=gpr_data.zip
res_sam,core,res_sam:real_world:manhole:67,manhole,dataset_folder_name,GPR_data/real_world/manhole/67.jpg,<LOCAL_DATA_ROOT>\external_assets\res_sam_data\GPR_data\real_world\manhole\67.jpg,1119b8dea1b80b7c95314a4befe1dfa50802bd2af10ffe5c085b645c64908d5a,,real_world,,,,,,,,published_res_sam_image_export_v1,jpg,369,369,0,,,,real_world,,,,build_ressam_unified_manifest.py,2026-08-10,mode=RGB; source_archive=gpr_data.zip
res_sam,core,res_sam:real_world:manhole:68,manhole,dataset_folder_name,GPR_data/real_world/manhole/68.jpg,<LOCAL_DATA_ROOT>\external_assets\res_sam_data\GPR_data\real_world\manhole\68.jpg,7a9a97fdac79ea35536c6e67b6d091c79abc31d0842e86f7238c95571d351721,,real_world,,,,,,,,published_res_sam_image_export_v1,jpg,369,369,0,,,,real_world,,,,build_ressam_unified_manifest.py,2026-08-10,mode=RGB; source_archive=gpr_data.zip
res_sam,core,res_sam:real_world:manhole:69,manhole,dataset_folder_name,GPR_data/real_world/manhole/69.jpg,<LOCAL_DATA_ROOT>\external_assets\res_sam_data\GPR_data\real_world\manhole\69.jpg,cb7439a1c7a7da2219ee223d330bcde0733b30e037dab4543757a645c061356b,,real_world,,,,,,,,published_res_sam_image_export_v1,jpg,369,369,0,,,,real_world,,,,build_ressam_unified_manifest.py,2026-08-10,mode=RGB; source_archive=gpr_data.zip
res_sam,core,res_sam:real_world:manhole:7,manhole,dataset_folder_name,GPR_data/real_world/manhole/7.jpg,<LOCAL_DATA_ROOT>\external_assets\res_sam_data\GPR_data\real_world\manhole\7.jpg,b380487351565eb437071c24e978e85bb32694604640fb1144cc26ff575289e5,,real_world,,,,,,,,published_res_sam_image_export_v1,jpg,369,369,0,,,,real_world,,,,build_ressam_unified_manifest.py,2026-08-10,mode=RGB; source_archive=gpr_data.zip
res_sam,core,res_sam:real_world:manhole:70,manhole,dataset_folder_name,GPR_data/real_world/manhole/70.jpg,<LOCAL_DATA_ROOT>\external_assets\res_sam_data\GPR_data\real_world\manhole\70.jpg,9d1d09811a2a883dff0be94e1d15966e00b0575e0e88ddd188a0df1bc86bf3c2,,real_world,,,,,,,,published_res_sam_image_export_v1,jpg,369,369,0,,,,real_world,,,,build_ressam_unified_manifest.py,2026-08-10,mode=RGB; source_archive=gpr_data.zip
res_sam,core,res_sam:real_world:manhole:71,manhole,dataset_folder_name,GPR_data/real_world/manhole/71.jpg,<LOCAL_DATA_ROOT>\external_assets\res_sam_data\GPR_data\real_world\manhole\71.jpg,742322d12edad026c05df56f72ae523151dfc61c53fe45a5daefb5f1727278b5,,real_world,,,,,,,,published_res_sam_image_export_v1,jpg,369,369,0,,,,real_world,,,,build_ressam_unified_manifest.py,2026-08-10,mode=RGB; source_archive=gpr_data.zip
res_sam,core,res_sam:real_world:manhole:72,manhole,dataset_folder_name,GPR_data/real_world/manhole/72.jpg,<LOCAL_DATA_ROOT>\external_assets\res_sam_data\GPR_data\real_world\manhole\72.jpg,21a0e4d2862e85607c280ef68dc1358fbda0e1d42c75bd8ca3c2411c0dfeaa52,,real_world,,,,,,,,published_res_sam_image_export_v1,jpg,369,369,0,,,,real_world,,,,build_ressam_unified_manifest.py,2026-08-10,mode=RGB; source_archive=gpr_data.zip
res_sam,core,res_sam:real_world:manhole:73,manhole,dataset_folder_name,GPR_data/real_world/manhole/73.jpg,<LOCAL_DATA_ROOT>\external_assets\res_sam_data\GPR_data\real_world\manhole\73.jpg,989624b6b75c2567c50efd6366140b543afdc89c644741a021ac7fec7dee36c7,,real_world,,,,,,,,published_res_sam_image_export_v1,jpg,369,369,0,,,,real_world,,,,build_ressam_unified_manifest.py,2026-08-10,mode=RGB; source_archive=gpr_data.zip
res_sam,core,res_sam:real_world:manhole:74,manhole,dataset_folder_name,GPR_data/real_world/manhole/74.jpg,<LOCAL_DATA_ROOT>\external_assets\res_sam_data\GPR_data\real_world\manhole\74.jpg,159bd888ae6804532f0142c2dad28f617879646db28be369dd6dae0f100cfad3,,real_world,,,,,,,,published_res_sam_image_export_v1,jpg,535,321,0,,,,real_world,,,,build_ressam_unified_manifest.py,2026-08-10,mode=L; source_archive=gpr_data.zip
res_sam,core,res_sam:real_world:manhole:75,manhole,dataset_folder_name,GPR_data/real_world/manhole/75.jpg,<LOCAL_DATA_ROOT>\external_assets\res_sam_data\GPR_data\real_world\manhole\75.jpg,60f3b0ab75ee778f8a48cd3f81f14fa86d77e9aa6c33c11fb6cfaefc116f8ebc,,real_world,,,,,,,,published_res_sam_image_export_v1,jpg,535,321,0,,,,real_world,,,,build_ressam_unified_manifest.py,2026-08-10,mode=L; source_archive=gpr_data.zip
res_sam,core,res_sam:real_world:manhole:76,manhole,dataset_folder_name,GPR_data/real_world/manhole/76.jpg,<LOCAL_DATA_ROOT>\external_assets\res_sam_data\GPR_data\real_world\manhole\76.jpg,ae0a7fedba07ba43725ac006de125d30c1a058418f013afc2b4da28a7bc12d37,,real_world,,,,,,,,published_res_sam_image_export_v1,jpg,535,321,0,,,,real_world,,,,build_ressam_unified_manifest.py,2026-08-10,mode=L; source_archive=gpr_data.zip
res_sam,core,res_sam:real_world:manhole:77,manhole,dataset_folder_name,GPR_data/real_world/manhole/77.jpg,<LOCAL_DATA_ROOT>\external_assets\res_sam_data\GPR_data\real_world\manhole\77.jpg,e85133669ff1e740ce43a1ff83616e06bac8096befadabe71cd5969130d7cdf4,,real_world,,,,,,,,published_res_sam_image_export_v1,jpg,535,321,0,,,,real_world,,,,build_ressam_unified_manifest.py,2026-08-10,mode=L; source_archive=gpr_data.zip
res_sam,core,res_sam:real_world:manhole:78,manhole,dataset_folder_name,GPR_data/real_world/manhole/78.jpg,<LOCAL_DATA_ROOT>\external_assets\res_sam_data\GPR_data\real_world\manhole\78.jpg,505a9eaec1f9b1e1ff1f3702230ed2c6dbce7cf153b5ee8a68f3aa26c7b40a0e,,real_world,,,,,,,,published_res_sam_image_export_v1,jpg,535,321,0,,,,real_world,,,,build_ressam_unified_manifest.py,2026-08-10,mode=L; source_archive=gpr_data.zip
res_sam,core,res_sam:real_world:manhole:79,manhole,dataset_folder_name,GPR_data/real_world/manhole/79.jpg,<LOCAL_DATA_ROOT>\external_assets\res_sam_data\GPR_data\real_world\manhole\79.jpg,a4c59636c84d1727f7b35fb11030108a339b94802b7d973287044cc9b98afbfa,,real_world,,,,,,,,published_res_sam_image_export_v1,jpg,535,321,0,,,,real_world,,,,build_ressam_unified_manifest.py,2026-08-10,mode=L; source_archive=gpr_data.zip
res_sam,core,res_sam:real_world:manhole:8,manhole,dataset_folder_name,GPR_data/real_world/manhole/8.jpg,<LOCAL_DATA_ROOT>\external_assets\res_sam_data\GPR_data\real_world\manhole\8.jpg,afc8bec863c8f688689000b3302128603c16e8a862d0a3479aa33daceb981a8f,,real_world,,,,,,,,published_res_sam_image_export_v1,jpg,535,321,0,,,,real_world,,,,build_ressam_unified_manifest.py,2026-08-10,mode=L; source_archive=gpr_data.zip
res_sam,core,res_sam:real_world:manhole:80,manhole,dataset_folder_name,GPR_data/real_world/manhole/80.jpg,<LOCAL_DATA_ROOT>\external_assets\res_sam_data\GPR_data\real_world\manhole\80.jpg,c9d1ff0fcdb6d454d89892fab8969e1165904d0086531f49c7ff822b4ff7b1ee,,real_world,,,,,,,,published_res_sam_image_export_v1,jpg,535,321,0,,,,real_world,,,,build_ressam_unified_manifest.py,2026-08-10,mode=L; source_archive=gpr_data.zip
res_sam,core,res_sam:real_world:manhole:81,manhole,dataset_folder_name,GPR_data/real_world/manhole/81.jpg,<LOCAL_DATA_ROOT>\external_assets\res_sam_data\GPR_data\real_world\manhole\81.jpg,0251e8259cfee3e0047b3a935d8c3d68d3006284fb32dba3676a6c1636c469ff,,real_world,,,,,,,,published_res_sam_image_export_v1,jpg,535,321,0,,,,real_world,,,,build_ressam_unified_manifest.py,2026-08-10,mode=L; source_archive=gpr_data.zip
res_sam,core,res_sam:real_world:manhole:82,manhole,dataset_folder_name,GPR_data/real_world/manhole/82.jpg,<LOCAL_DATA_ROOT>\external_assets\res_sam_data\GPR_data\real_world\manhole\82.jpg,a52fb101d4a4b531b2e06fa61c5f2f206f7ce4a675fa3946482d3592b1b99b87,,real_world,,,,,,,,published_res_sam_image_export_v1,jpg,535,321,0,,,,real_world,,,,build_ressam_unified_manifest.py,2026-08-10,mode=L; source_archive=gpr_data.zip
res_sam,core,res_sam:real_world:manhole:83,manhole,dataset_folder_name,GPR_data/real_world/manhole/83.jpg,<LOCAL_DATA_ROOT>\external_assets\res_sam_data\GPR_data\real_world\manhole\83.jpg,d6a966d4d21b898cc0b053737499eaf61b651c68fc6c87a8a081548df39df282,,real_world,,,,,,,,published_res_sam_image_export_v1,jpg,535,321,0,,,,real_world,,,,build_ressam_unified_manifest.py,2026-08-10,mode=L; source_archive=gpr_data.zip
res_sam,core,res_sam:real_world:manhole:84,manhole,dataset_folder_name,GPR_data/real_world/manhole/84.jpg,<LOCAL_DATA_ROOT>\external_assets\res_sam_data\GPR_data\real_world\manhole\84.jpg,2b28a0e935a169d47787d7287fb18d81e72c9bc04962ba9b7817c84d7b720e05,,real_world,,,,,,,,published_res_sam_image_export_v1,jpg,535,321,0,,,,real_world,,,,build_ressam_unified_manifest.py,2026-08-10,mode=L; source_archive=gpr_data.zip
res_sam,core,res_sam:real_world:manhole:85,manhole,dataset_folder_name,GPR_data/real_world/manhole/85.jpg,<LOCAL_DATA_ROOT>\external_assets\res_sam_data\GPR_data\real_world\manhole\85.jpg,047255812c13dcb773a264426d0dc886e14fd40bd6bab3867403116a06cf0e02,,real_world,,,,,,,,published_res_sam_image_export_v1,jpg,535,321,0,,,,real_world,,,,build_ressam_unified_manifest.py,2026-08-10,mode=L; source_archive=gpr_data.zip
res_sam,core,res_sam:real_world:manhole:86,manhole,dataset_folder_name,GPR_data/real_world/manhole/86.jpg,<LOCAL_DATA_ROOT>\external_assets\res_sam_data\GPR_data\real_world\manhole\86.jpg,889777f237a9f0519afc0d17ac3d6f7e7a2552d584ae91d20f2f059eb015335b,,real_world,,,,,,,,published_res_sam_image_export_v1,jpg,535,321,0,,,,real_world,,,,build_ressam_unified_manifest.py,2026-08-10,mode=L; source_archive=gpr_data.zip
res_sam,core,res_sam:real_world:manhole:87,manhole,dataset_folder_name,GPR_data/real_world/manhole/87.jpg,<LOCAL_DATA_ROOT>\external_assets\res_sam_data\GPR_data\real_world\manhole\87.jpg,e7dce07ce9e8ac38f9fcaa35b507b185702eb661e30cf58ce23719927310a179,,real_world,,,,,,,,published_res_sam_image_export_v1,jpg,535,321,0,,,,real_world,,,,build_ressam_unified_manifest.py,2026-08-10,mode=L; source_archive=gpr_data.zip
res_sam,core,res_sam:real_world:manhole:88,manhole,dataset_folder_name,GPR_data/real_world/manhole/88.jpg,<LOCAL_DATA_ROOT>\external_assets\res_sam_data\GPR_data\real_world\manhole\88.jpg,c6a1b95ecbba6c461e59c63d8c8d9d5ee5edbbe41c7592a7f63d2a2af8e79fd2,,real_world,,,,,,,,published_res_sam_image_export_v1,jpg,535,321,0,,,,real_world,,,,build_ressam_unified_manifest.py,2026-08-10,mode=L; source_archive=gpr_data.zip
res_sam,core,res_sam:real_world:manhole:89,manhole,dataset_folder_name,GPR_data/real_world/manhole/89.jpg,<LOCAL_DATA_ROOT>\external_assets\res_sam_data\GPR_data\real_world\manhole\89.jpg,d0d3acfa8a59d5bcc41f00e0d09c848f35ac52bb2c5d082a6279c8d4c1286a97,,real_world,,,,,,,,published_res_sam_image_export_v1,jpg,535,321,0,,,,real_world,,,,build_ressam_unified_manifest.py,2026-08-10,mode=L; source_archive=gpr_data.zip
res_sam,core,res_sam:real_world:manhole:9,manhole,dataset_folder_name,GPR_data/real_world/manhole/9.jpg,<LOCAL_DATA_ROOT>\external_assets\res_sam_data\GPR_data\real_world\manhole\9.jpg,4f69dc8efe6ac6bfea76360830e61a465a06dc1a2dcaf54a78ceabc4b2149594,,real_world,,,,,,,,published_res_sam_image_export_v1,jpg,369,369,0,,,,real_world,,,,build_ressam_unified_manifest.py,2026-08-10,mode=RGB; source_archive=gpr_data.zip
res_sam,core,res_sam:real_world:manhole:90,manhole,dataset_folder_name,GPR_data/real_world/manhole/90.jpg,<LOCAL_DATA_ROOT>\external_assets\res_sam_data\GPR_data\real_world\manhole\90.jpg,a72a135dbc041c0968b17f334bd7e969bf8821a70739bc333f9bf684fe338be4,,real_world,,,,,,,,published_res_sam_image_export_v1,jpg,369,369,0,,,,real_world,,,,build_ressam_unified_manifest.py,2026-08-10,mode=RGB; source_archive=gpr_data.zip
res_sam,core,res_sam:real_world:manhole:91,manhole,dataset_folder_name,GPR_data/real_world/manhole/91.jpg,<LOCAL_DATA_ROOT>\external_assets\res_sam_data\GPR_data\real_world\manhole\91.jpg,e8eec63379b1a8ce57d8b719a592913d1e4ff0a108fb0a054905cb480a9e676a,,real_world,,,,,,,,published_res_sam_image_export_v1,jpg,369,369,0,,,,real_world,,,,build_ressam_unified_manifest.py,2026-08-10,mode=RGB; source_archive=gpr_data.zip
res_sam,core,res_sam:real_world:manhole:92,manhole,dataset_folder_name,GPR_data/real_world/manhole/92.jpg,<LOCAL_DATA_ROOT>\external_assets\res_sam_data\GPR_data\real_world\manhole\92.jpg,49046e6f169dd8b695f4e59bad24b35fccc6a7f9f4fbf8b85c503c2d9017915a,,real_world,,,,,,,,published_res_sam_image_export_v1,jpg,369,369,0,,,,real_world,,,,build_ressam_unified_manifest.py,2026-08-10,mode=RGB; source_archive=gpr_data.zip
res_sam,core,res_sam:real_world:manhole:93,manhole,dataset_folder_name,GPR_data/real_world/manhole/93.jpg,<LOCAL_DATA_ROOT>\external_assets\res_sam_data\GPR_data\real_world\manhole\93.jpg,d91e17db45365d65108af9ad55e36ba73f19bb4e4991466714737791172c12d7,,real_world,,,,,,,,published_res_sam_image_export_v1,jpg,369,369,0,,,,real_world,,,,build_ressam_unified_manifest.py,2026-08-10,mode=RGB; source_archive=gpr_data.zip
res_sam,core,res_sam:real_world:manhole:94,manhole,dataset_folder_name,GPR_data/real_world/manhole/94.jpg,<LOCAL_DATA_ROOT>\external_assets\res_sam_data\GPR_data\real_world\manhole\94.jpg,d303f260a9d220b32bca4e9bff70062ef67b98a1c74e4c8f1018e1198857d043,,real_world,,,,,,,,published_res_sam_image_export_v1,jpg,369,369,0,,,,real_world,,,,build_ressam_unified_manifest.py,2026-08-10,mode=RGB; source_archive=gpr_data.zip
res_sam,core,res_sam:real_world:manhole:95,manhole,dataset_folder_name,GPR_data/real_world/manhole/95.jpg,<LOCAL_DATA_ROOT>\external_assets\res_sam_data\GPR_data\real_world\manhole\95.jpg,7bf326451189d16019051f05aadca6973ef9626b85605d00b05802945be8bc2b,,real_world,,,,,,,,published_res_sam_image_export_v1,jpg,369,369,0,,,,real_world,,,,build_ressam_unified_manifest.py,2026-08-10,mode=RGB; source_archive=gpr_data.zip
res_sam,core,res_sam:real_world:manhole:96,manhole,dataset_folder_name,GPR_data/real_world/manhole/96.jpg,<LOCAL_DATA_ROOT>\external_assets\res_sam_data\GPR_data\real_world\manhole\96.jpg,d3528f20ba2f433f70efea12d659f7044ec3889193c3798bb7920ec20ac715e4,,real_world,,,,,,,,published_res_sam_image_export_v1,jpg,369,369,0,,,,real_world,,,,build_ressam_unified_manifest.py,2026-08-10,mode=RGB; source_archive=gpr_data.zip
res_sam,core,res_sam:real_world:manhole:97,manhole,dataset_folder_name,GPR_data/real_world/manhole/97.jpg,<LOCAL_DATA_ROOT>\external_assets\res_sam_data\GPR_data\real_world\manhole\97.jpg,2b5bb8db6488b14b164ceaea4c27f62bf7e005e7e89cc2cd76254091dca1ba71,,real_world,,,,,,,,published_res_sam_image_export_v1,jpg,369,369,0,,,,real_world,,,,build_ressam_unified_manifest.py,2026-08-10,mode=RGB; source_archive=gpr_data.zip
res_sam,core,res_sam:real_world:manhole:98,manhole,dataset_folder_name,GPR_data/real_world/manhole/98.jpg,<LOCAL_DATA_ROOT>\external_assets\res_sam_data\GPR_data\real_world\manhole\98.jpg,8c77f47df0b56112382cbf9fb432d74bfc17597f0d42d5c873e60c11ed11645f,,real_world,,,,,,,,published_res_sam_image_export_v1,jpg,369,369,0,,,,real_world,,,,build_ressam_unified_manifest.py,2026-08-10,mode=RGB; source_archive=gpr_data.zip
res_sam,core,res_sam:real_world:manhole:99,manhole,dataset_folder_name,GPR_data/real_world/manhole/99.jpg,<LOCAL_DATA_ROOT>\external_assets\res_sam_data\GPR_data\real_world\manhole\99.jpg,0c8617e47b422dd2d548fdf433e5a7f6c0249142d734242e65fe722fdcee255c,,real_world,,,,,,,,published_res_sam_image_export_v1,jpg,369,369,0,,,,real_world,,,,build_ressam_unified_manifest.py,2026-08-10,mode=RGB; source_archive=gpr_data.zip
res_sam,core,res_sam:real_world:normal:1,normal,dataset_folder_name,GPR_data/real_world/normal/1.jpg,<LOCAL_DATA_ROOT>\external_assets\res_sam_data\GPR_data\real_world\normal\1.jpg,b709c293bcc07e8820081f7566e0f7393256b8b4ef59ee5fc432593ea74d26a6,,real_world,,,,,,,,published_res_sam_image_export_v1,jpg,369,369,0,,,,real_world,,,,build_ressam_unified_manifest.py,2026-08-10,mode=RGB; source_archive=gpr_data.zip
res_sam,core,res_sam:real_world:normal:10,normal,dataset_folder_name,GPR_data/real_world/normal/10.jpg,<LOCAL_DATA_ROOT>\external_assets\res_sam_data\GPR_data\real_world\normal\10.jpg,fc36ffae21ea6e5eb658c0c926eab1e62e187c7066ac5a2cc97bb8f779e3e850,,real_world,,,,,,,,published_res_sam_image_export_v1,jpg,369,369,0,,,,real_world,,,,build_ressam_unified_manifest.py,2026-08-10,mode=RGB; source_archive=gpr_data.zip
res_sam,core,res_sam:real_world:normal:100,normal,dataset_folder_name,GPR_data/real_world/normal/100.jpg,<LOCAL_DATA_ROOT>\external_assets\res_sam_data\GPR_data\real_world\normal\100.jpg,3162d63f5c18f7d2950c092aa3d70a9fb5794fa40d17b818ca0e6e69a4ea13de,,real_world,,,,,,,,published_res_sam_image_export_v1,jpg,369,369,0,,,,real_world,,,,build_ressam_unified_manifest.py,2026-08-10,mode=RGB; source_archive=gpr_data.zip
res_sam,core,res_sam:real_world:normal:11,normal,dataset_folder_name,GPR_data/real_world/normal/11.jpg,<LOCAL_DATA_ROOT>\external_assets\res_sam_data\GPR_data\real_world\normal\11.jpg,c4867afe62d4bd539f8e57e63de5410474ab35e519ccc086ede9e943591afa24,,real_world,,,,,,,,published_res_sam_image_export_v1,jpg,535,321,0,,,,real_world,,,,build_ressam_unified_manifest.py,2026-08-10,mode=L; source_archive=gpr_data.zip
res_sam,core,res_sam:real_world:normal:12,normal,dataset_folder_name,GPR_data/real_world/normal/12.jpg,<LOCAL_DATA_ROOT>\external_assets\res_sam_data\GPR_data\real_world\normal\12.jpg,a76970619f782a7ebea6e9d74b7946f46a394c1a93ef000e11ede2c8f569e0fa,,real_world,,,,,,,,published_res_sam_image_export_v1,jpg,369,369,0,,,,real_world,,,,build_ressam_unified_manifest.py,2026-08-10,mode=RGB; source_archive=gpr_data.zip
res_sam,core,res_sam:real_world:normal:13,normal,dataset_folder_name,GPR_data/real_world/normal/13.jpg,<LOCAL_DATA_ROOT>\external_assets\res_sam_data\GPR_data\real_world\normal\13.jpg,5457091522671feab4a22c05a940d0d0677f86ac623a37a2dd0b148e791f0523,,real_world,,,,,,,,published_res_sam_image_export_v1,jpg,535,321,0,,,,real_world,,,,build_ressam_unified_manifest.py,2026-08-10,mode=L; source_archive=gpr_data.zip
res_sam,core,res_sam:real_world:normal:14,normal,dataset_folder_name,GPR_data/real_world/normal/14.jpg,<LOCAL_DATA_ROOT>\external_assets\res_sam_data\GPR_data\real_world\normal\14.jpg,4a87cec9f85d4d7f5f7a9f63abbdddbb30e75dd94c148930fb6aad92e0a4698a,,real_world,,,,,,,,published_res_sam_image_export_v1,jpg,369,369,0,,,,real_world,,,,build_ressam_unified_manifest.py,2026-08-10,mode=RGB; source_archive=gpr_data.zip
res_sam,core,res_sam:real_world:normal:15,normal,dataset_folder_name,GPR_data/real_world/normal/15.jpg,<LOCAL_DATA_ROOT>\external_assets\res_sam_data\GPR_data\real_world\normal\15.jpg,d9d9bdcf07595acd05cd036c583c69eaa15007aaddaaa3442ee7f327574a43f6,,real_world,,,,,,,,published_res_sam_image_export_v1,jpg,369,369,0,,,,real_world,,,,build_ressam_unified_manifest.py,2026-08-10,mode=RGB; source_archive=gpr_data.zip
res_sam,core,res_sam:real_world:normal:16,normal,dataset_folder_name,GPR_data/real_world/normal/16.jpg,<LOCAL_DATA_ROOT>\external_assets\res_sam_data\GPR_data\real_world\normal\16.jpg,8a9d09416432a2ace19cae192223a6593709354dde4176c0faeeed5760a44881,,real_world,,,,,,,,published_res_sam_image_export_v1,jpg,535,321,0,,,,real_world,,,,build_ressam_unified_manifest.py,2026-08-10,mode=L; source_archive=gpr_data.zip
res_sam,core,res_sam:real_world:normal:17,normal,dataset_folder_name,GPR_data/real_world/normal/17.jpg,<LOCAL_DATA_ROOT>\external_assets\res_sam_data\GPR_data\real_world\normal\17.jpg,aacde09c857d3a1599c45ad03af4aeabef58585a9072d025cb9397dea4740efa,,real_world,,,,,,,,published_res_sam_image_export_v1,jpg,369,369,0,,,,real_world,,,,build_ressam_unified_manifest.py,2026-08-10,mode=RGB; source_archive=gpr_data.zip
res_sam,core,res_sam:real_world:normal:18,normal,dataset_folder_name,GPR_data/real_world/normal/18.jpg,<LOCAL_DATA_ROOT>\external_assets\res_sam_data\GPR_data\real_world\normal\18.jpg,f3954d4e1f330887b43ca2222dff2754363a306f1ea31189fa7d541283b5608d,,real_world,,,,,,,,published_res_sam_image_export_v1,jpg,535,321,0,,,,real_world,,,,build_ressam_unified_manifest.py,2026-08-10,mode=L; source_archive=gpr_data.zip
res_sam,core,res_sam:real_world:normal:19,normal,dataset_folder_name,GPR_data/real_world/normal/19.jpg,<LOCAL_DATA_ROOT>\external_assets\res_sam_data\GPR_data\real_world\normal\19.jpg,843454a10ca18cfb812b47da30a369b63dfcf5e00000467002d6fd5e09559915,,real_world,,,,,,,,published_res_sam_image_export_v1,jpg,369,369,0,,,,real_world,,,,build_ressam_unified_manifest.py,2026-08-10,mode=RGB; source_archive=gpr_data.zip
res_sam,core,res_sam:real_world:normal:2,normal,dataset_folder_name,GPR_data/real_world/normal/2.jpg,<LOCAL_DATA_ROOT>\external_assets\res_sam_data\GPR_data\real_world\normal\2.jpg,42c38735ace4af53ff8a21fc505751dc29df781cb670f4fe6cc00e4d6a5f261f,,real_world,,,,,,,,published_res_sam_image_export_v1,jpg,369,369,0,,,,real_world,,,,build_ressam_unified_manifest.py,2026-08-10,mode=RGB; source_archive=gpr_data.zip
res_sam,core,res_sam:real_world:normal:20,normal,dataset_folder_name,GPR_data/real_world/normal/20.jpg,<LOCAL_DATA_ROOT>\external_assets\res_sam_data\GPR_data\real_world\normal\20.jpg,ad130b3aefbb5481b39b7f60b55a26cd68ff435a9a09980c35276bc8a931de8d,,real_world,,,,,,,,published_res_sam_image_export_v1,jpg,535,321,0,,,,real_world,,,,build_ressam_unified_manifest.py,2026-08-10,mode=L; source_archive=gpr_data.zip
res_sam,core,res_sam:real_world:normal:21,normal,dataset_folder_name,GPR_data/real_world/normal/21.jpg,<LOCAL_DATA_ROOT>\external_assets\res_sam_data\GPR_data\real_world\normal\21.jpg,f463377106c0ebde98b9d5b071dbc5c2407bbb3f2575245a26b0391a21383047,,real_world,,,,,,,,published_res_sam_image_export_v1,jpg,369,369,0,,,,real_world,,,,build_ressam_unified_manifest.py,2026-08-10,mode=RGB; source_archive=gpr_data.zip
res_sam,core,res_sam:real_world:normal:22,normal,dataset_folder_name,GPR_data/real_world/normal/22.jpg,<LOCAL_DATA_ROOT>\external_assets\res_sam_data\GPR_data\real_world\normal\22.jpg,dd43d710d7fbf903b01e42447ba513ce27ea711630fc56c6d06421d832a7f218,,real_world,,,,,,,,published_res_sam_image_export_v1,jpg,535,321,0,,,,real_world,,,,build_ressam_unified_manifest.py,2026-08-10,mode=L; source_archive=gpr_data.zip
res_sam,core,res_sam:real_world:normal:23,normal,dataset_folder_name,GPR_data/real_world/normal/23.jpg,<LOCAL_DATA_ROOT>\external_assets\res_sam_data\GPR_data\real_world\normal\23.jpg,4f8f60c13aa3da712fcd6e21adf20d2519ae2022805a148f78d9534b05bd66e0,,real_world,,,,,,,,published_res_sam_image_export_v1,jpg,369,369,0,,,,real_world,,,,build_ressam_unified_manifest.py,2026-08-10,mode=RGB; source_archive=gpr_data.zip
res_sam,core,res_sam:real_world:normal:24,normal,dataset_folder_name,GPR_data/real_world/normal/24.jpg,<LOCAL_DATA_ROOT>\external_assets\res_sam_data\GPR_data\real_world\normal\24.jpg,0c533c69be5d79a42a9e26b773aac80bc5e783f76bdf26c4fc8d973974e8ce41,,real_world,,,,,,,,published_res_sam_image_export_v1,jpg,369,369,0,,,,real_world,,,,build_ressam_unified_manifest.py,2026-08-10,mode=RGB; source_archive=gpr_data.zip
res_sam,core,res_sam:real_world:normal:25,normal,dataset_folder_name,GPR_data/real_world/normal/25.jpg,<LOCAL_DATA_ROOT>\external_assets\res_sam_data\GPR_data\real_world\normal\25.jpg,41c8feeb9a9f8b28f596750b7d267682f1601127f155370c0025462660f0ef5c,,real_world,,,,,,,,published_res_sam_image_export_v1,jpg,369,369,0,,,,real_world,,,,build_ressam_unified_manifest.py,2026-08-10,mode=RGB; source_archive=gpr_data.zip
res_sam,core,res_sam:real_world:normal:26,normal,dataset_folder_name,GPR_data/real_world/normal/26.jpg,<LOCAL_DATA_ROOT>\external_assets\res_sam_data\GPR_data\real_world\normal\26.jpg,4980910ba75d4d47265fca4cf67cd25f461e4085f66464f3af4f6a72e75f696f,,real_world,,,,,,,,published_res_sam_image_export_v1,jpg,535,321,0,,,,real_world,,,,build_ressam_unified_manifest.py,2026-08-10,mode=L; source_archive=gpr_data.zip
res_sam,core,res_sam:real_world:normal:27,normal,dataset_folder_name,GPR_data/real_world/normal/27.jpg,<LOCAL_DATA_ROOT>\external_assets\res_sam_data\GPR_data\real_world\normal\27.jpg,ee0e7eda8afb04e4cb201538346bee3fdc4db432b362d6f844b8b66f6500174c,,real_world,,,,,,,,published_res_sam_image_export_v1,jpg,369,369,0,,,,real_world,,,,build_ressam_unified_manifest.py,2026-08-10,mode=RGB; source_archive=gpr_data.zip
res_sam,core,res_sam:real_world:normal:28,normal,dataset_folder_name,GPR_data/real_world/normal/28.jpg,<LOCAL_DATA_ROOT>\external_assets\res_sam_data\GPR_data\real_world\normal\28.jpg,7ea7722082c534d149436e51d27235630ac846300cfb2eada2c91984b20e004f,,real_world,,,,,,,,published_res_sam_image_export_v1,jpg,369,369,0,,,,real_world,,,,build_ressam_unified_manifest.py,2026-08-10,mode=RGB; source_archive=gpr_data.zip
res_sam,core,res_sam:real_world:normal:29,normal,dataset_folder_name,GPR_data/real_world/normal/29.jpg,<LOCAL_DATA_ROOT>\external_assets\res_sam_data\GPR_data\real_world\normal\29.jpg,0bcb9dfd157bc8dd3d7ab88873fd8e0de169f0889ffd9539fa3e4d082be43de0,,real_world,,,,,,,,published_res_sam_image_export_v1,jpg,535,321,0,,,,real_world,,,,build_ressam_unified_manifest.py,2026-08-10,mode=L; source_archive=gpr_data.zip
res_sam,core,res_sam:real_world:normal:3,normal,dataset_folder_name,GPR_data/real_world/normal/3.jpg,<LOCAL_DATA_ROOT>\external_assets\res_sam_data\GPR_data\real_world\normal\3.jpg,e30d440ddd5d58501d2a05f3a2ff64498dbafeb9ff64a58bc9a9b3fbde4259fb,,real_world,,,,,,,,published_res_sam_image_export_v1,jpg,369,369,0,,,,real_world,,,,build_ressam_unified_manifest.py,2026-08-10,mode=RGB; source_archive=gpr_data.zip
res_sam,core,res_sam:real_world:normal:30,normal,dataset_folder_name,GPR_data/real_world/normal/30.jpg,<LOCAL_DATA_ROOT>\external_assets\res_sam_data\GPR_data\real_world\normal\30.jpg,46c6c709ed21f8fb923579b638b66dba1f833c7c2046abb31f34ba7130f47b16,,real_world,,,,,,,,published_res_sam_image_export_v1,jpg,369,369,0,,,,real_world,,,,build_ressam_unified_manifest.py,2026-08-10,mode=RGB; source_archive=gpr_data.zip
res_sam,core,res_sam:real_world:normal:31,normal,dataset_folder_name,GPR_data/real_world/normal/31.jpg,<LOCAL_DATA_ROOT>\external_assets\res_sam_data\GPR_data\real_world\normal\31.jpg,c753a71a6a8757ef48d9f537fcc1c35358fb122cc7b8abe890516f6e025ac969,,real_world,,,,,,,,published_res_sam_image_export_v1,jpg,369,369,0,,,,real_world,,,,build_ressam_unified_manifest.py,2026-08-10,mode=RGB; source_archive=gpr_data.zip
res_sam,core,res_sam:real_world:normal:32,normal,dataset_folder_name,GPR_data/real_world/normal/32.jpg,<LOCAL_DATA_ROOT>\external_assets\res_sam_data\GPR_data\real_world\normal\32.jpg,ffd5d9ce326f90af57f613c515665a3249593e8b923d901a5e6593d212dc4a05,,real_world,,,,,,,,published_res_sam_image_export_v1,jpg,535,321,0,,,,real_world,,,,build_ressam_unified_manifest.py,2026-08-10,mode=L; source_archive=gpr_data.zip
res_sam,core,res_sam:real_world:normal:33,normal,dataset_folder_name,GPR_data/real_world/normal/33.jpg,<LOCAL_DATA_ROOT>\external_assets\res_sam_data\GPR_data\real_world\normal\33.jpg,f5de5a5ca93dd9bdd17e98e78cf40e9ce1b6b0f833b7a44dae27e8e32623826f,,real_world,,,,,,,,published_res_sam_image_export_v1,jpg,369,369,0,,,,real_world,,,,build_ressam_unified_manifest.py,2026-08-10,mode=RGB; source_archive=gpr_data.zip
res_sam,core,res_sam:real_world:normal:34,normal,dataset_folder_name,GPR_data/real_world/normal/34.jpg,<LOCAL_DATA_ROOT>\external_assets\res_sam_data\GPR_data\real_world\normal\34.jpg,24c3116432302fb6a970147e753799353a67a59710d99b585eb7ee7249349d9d,,real_world,,,,,,,,published_res_sam_image_export_v1,jpg,369,369,0,,,,real_world,,,,build_ressam_unified_manifest.py,2026-08-10,mode=RGB; source_archive=gpr_data.zip
res_sam,core,res_sam:real_world:normal:35,normal,dataset_folder_name,GPR_data/real_world/normal/35.jpg,<LOCAL_DATA_ROOT>\external_assets\res_sam_data\GPR_data\real_world\normal\35.jpg,a52b8b3ab88c0376698f6a1545947c98835b815411ef2f8b4561214ad479b596,,real_world,,,,,,,,published_res_sam_image_export_v1,jpg,535,321,0,,,,real_world,,,,build_ressam_unified_manifest.py,2026-08-10,mode=L; source_archive=gpr_data.zip
res_sam,core,res_sam:real_world:normal:36,normal,dataset_folder_name,GPR_data/real_world/normal/36.jpg,<LOCAL_DATA_ROOT>\external_assets\res_sam_data\GPR_data\real_world\normal\36.jpg,e4618193d619f5cc80f311f1fbeac6e0779b1489e2b08852e40ede3cbf044f58,,real_world,,,,,,,,published_res_sam_image_export_v1,jpg,369,369,0,,,,real_world,,,,build_ressam_unified_manifest.py,2026-08-10,mode=RGB; source_archive=gpr_data.zip
res_sam,core,res_sam:real_world:normal:37,normal,dataset_folder_name,GPR_data/real_world/normal/37.jpg,<LOCAL_DATA_ROOT>\external_assets\res_sam_data\GPR_data\real_world\normal\37.jpg,d72c369db85282821d1be8072cbecb680874501e5b0db8fed08ece73e2afca72,,real_world,,,,,,,,published_res_sam_image_export_v1,jpg,369,369,0,,,,real_world,,,,build_ressam_unified_manifest.py,2026-08-10,mode=RGB; source_archive=gpr_data.zip
res_sam,core,res_sam:real_world:normal:38,normal,dataset_folder_name,GPR_data/real_world/normal/38.jpg,<LOCAL_DATA_ROOT>\external_assets\res_sam_data\GPR_data\real_world\normal\38.jpg,ca95d95b620b7c6617465e06aa260bcb13c5f877d040a91f24f613662ad111a3,,real_world,,,,,,,,published_res_sam_image_export_v1,jpg,535,321,0,,,,real_world,,,,build_ressam_unified_manifest.py,2026-08-10,mode=L; source_archive=gpr_data.zip
res_sam,core,res_sam:real_world:normal:39,normal,dataset_folder_name,GPR_data/real_world/normal/39.jpg,<LOCAL_DATA_ROOT>\external_assets\res_sam_data\GPR_data\real_world\normal\39.jpg,930041520d67bbd012388bf3f4690341fb3779b92974659140991b0ad4867031,,real_world,,,,,,,,published_res_sam_image_export_v1,jpg,369,369,0,,,,real_world,,,,build_ressam_unified_manifest.py,2026-08-10,mode=RGB; source_archive=gpr_data.zip
res_sam,core,res_sam:real_world:normal:4,normal,dataset_folder_name,GPR_data/real_world/normal/4.jpg,<LOCAL_DATA_ROOT>\external_assets\res_sam_data\GPR_data\real_world\normal\4.jpg,827deb2f5319bd22bd71c28d91f1c85a65b02598a2d6681195dcb33080bcbbfd,,real_world,,,,,,,,published_res_sam_image_export_v1,jpg,369,369,0,,,,real_world,,,,build_ressam_unified_manifest.py,2026-08-10,mode=RGB; source_archive=gpr_data.zip
res_sam,core,res_sam:real_world:normal:40,normal,dataset_folder_name,GPR_data/real_world/normal/40.jpg,<LOCAL_DATA_ROOT>\external_assets\res_sam_data\GPR_data\real_world\normal\40.jpg,89f559dbf64423b5be12be076a6aac6a6537e4443df729e4f5d20e9a34583496,,real_world,,,,,,,,published_res_sam_image_export_v1,jpg,535,321,0,,,,real_world,,,,build_ressam_unified_manifest.py,2026-08-10,mode=L; source_archive=gpr_data.zip
res_sam,core,res_sam:real_world:normal:41,normal,dataset_folder_name,GPR_data/real_world/normal/41.jpg,<LOCAL_DATA_ROOT>\external_assets\res_sam_data\GPR_data\real_world\normal\41.jpg,954c4e79a8843e8d77ee1e938afc28ecc66d4278d7776f538722869879a48533,,real_world,,,,,,,,published_res_sam_image_export_v1,jpg,369,369,0,,,,real_world,,,,build_ressam_unified_manifest.py,2026-08-10,mode=RGB; source_archive=gpr_data.zip
res_sam,core,res_sam:real_world:normal:42,normal,dataset_folder_name,GPR_data/real_world/normal/42.jpg,<LOCAL_DATA_ROOT>\external_assets\res_sam_data\GPR_data\real_world\normal\42.jpg,8b3136efd01c47006446ba13d14fbd1135be78d327eaf911df21b9923a6916d3,,real_world,,,,,,,,published_res_sam_image_export_v1,jpg,535,321,0,,,,real_world,,,,build_ressam_unified_manifest.py,2026-08-10,mode=L; source_archive=gpr_data.zip
res_sam,core,res_sam:real_world:normal:43,normal,dataset_folder_name,GPR_data/real_world/normal/43.jpg,<LOCAL_DATA_ROOT>\external_assets\res_sam_data\GPR_data\real_world\normal\43.jpg,0660790c4afd3d6d1c66e804f24a2b843902fa61567f2ec9edb669d3a7659586,,real_world,,,,,,,,published_res_sam_image_export_v1,jpg,369,369,0,,,,real_world,,,,build_ressam_unified_manifest.py,2026-08-10,mode=RGB; source_archive=gpr_data.zip
res_sam,core,res_sam:real_world:normal:44,normal,dataset_folder_name,GPR_data/real_world/normal/44.jpg,<LOCAL_DATA_ROOT>\external_assets\res_sam_data\GPR_data\real_world\normal\44.jpg,fca1f5c9b02ab2aa0cd15d04dab53249391783285edffe3fe1e0b24cbdd84fa9,,real_world,,,,,,,,published_res_sam_image_export_v1,jpg,369,369,0,,,,real_world,,,,build_ressam_unified_manifest.py,2026-08-10,mode=RGB; source_archive=gpr_data.zip
res_sam,core,res_sam:real_world:normal:45,normal,dataset_folder_name,GPR_data/real_world/normal/45.jpg,<LOCAL_DATA_ROOT>\external_assets\res_sam_data\GPR_data\real_world\normal\45.jpg,1c63bb62b0696135167b29f5dcbd83352078f104a0ff7d2cf9d56a33f0491532,,real_world,,,,,,,,published_res_sam_image_export_v1,jpg,369,369,0,,,,real_world,,,,build_ressam_unified_manifest.py,2026-08-10,mode=RGB; source_archive=gpr_data.zip
res_sam,core,res_sam:real_world:normal:46,normal,dataset_folder_name,GPR_data/real_world/normal/46.jpg,<LOCAL_DATA_ROOT>\external_assets\res_sam_data\GPR_data\real_world\normal\46.jpg,6bc363142f10f7c14dddca1dff807d7c2fa2dc9a37af258f27a4db80b4c89e3d,,real_world,,,,,,,,published_res_sam_image_export_v1,jpg,535,321,0,,,,real_world,,,,build_ressam_unified_manifest.py,2026-08-10,mode=L; source_archive=gpr_data.zip
res_sam,core,res_sam:real_world:normal:47,normal,dataset_folder_name,GPR_data/real_world/normal/47.jpg,<LOCAL_DATA_ROOT>\external_assets\res_sam_data\GPR_data\real_world\normal\47.jpg,80662a670296041527b0d400565e654996621b1d87ece3d9004860d476a8c84e,,real_world,,,,,,,,published_res_sam_image_export_v1,jpg,369,369,0,,,,real_world,,,,build_ressam_unified_manifest.py,2026-08-10,mode=RGB; source_archive=gpr_data.zip
res_sam,core,res_sam:real_world:normal:48,normal,dataset_folder_name,GPR_data/real_world/normal/48.jpg,<LOCAL_DATA_ROOT>\external_assets\res_sam_data\GPR_data\real_world\normal\48.jpg,56bf1f34e818879ac1bb44ce0f25e32c469be775898e1aebbaf0bde1fd91701e,,real_world,,,,,,,,published_res_sam_image_export_v1,jpg,535,321,0,,,,real_world,,,,build_ressam_unified_manifest.py,2026-08-10,mode=L; source_archive=gpr_data.zip
res_sam,core,res_sam:real_world:normal:49,normal,dataset_folder_name,GPR_data/real_world/normal/49.jpg,<LOCAL_DATA_ROOT>\external_assets\res_sam_data\GPR_data\real_world\normal\49.jpg,df573f8135a193b67fafe896c6716298db7c391336fa84c6a030c1e51145b8af,,real_world,,,,,,,,published_res_sam_image_export_v1,jpg,369,369,0,,,,real_world,,,,build_ressam_unified_manifest.py,2026-08-10,mode=RGB; source_archive=gpr_data.zip
res_sam,core,res_sam:real_world:normal:5,normal,dataset_folder_name,GPR_data/real_world/normal/5.jpg,<LOCAL_DATA_ROOT>\external_assets\res_sam_data\GPR_data\real_world\normal\5.jpg,9f310debbd450aa0d0860101ac95030fd3d06c5c89f9759e15f5f9e38c6d7972,,real_world,,,,,,,,published_res_sam_image_export_v1,jpg,535,321,0,,,,real_world,,,,build_ressam_unified_manifest.py,2026-08-10,mode=L; source_archive=gpr_data.zip
res_sam,core,res_sam:real_world:normal:50,normal,dataset_folder_name,GPR_data/real_world/normal/50.jpg,<LOCAL_DATA_ROOT>\external_assets\res_sam_data\GPR_data\real_world\normal\50.jpg,d5a0c9ae48d3ac65819fa68f73f9bc89376aa44e99048d2eba829d35f36d24cc,,real_world,,,,,,,,published_res_sam_image_export_v1,jpg,369,369,0,,,,real_world,,,,build_ressam_unified_manifest.py,2026-08-10,mode=RGB; source_archive=gpr_data.zip
res_sam,core,res_sam:real_world:normal:51,normal,dataset_folder_name,GPR_data/real_world/normal/51.jpg,<LOCAL_DATA_ROOT>\external_assets\res_sam_data\GPR_data\real_world\normal\51.jpg,f425646594e07436f7be5388c8a84482707dd6979b832d2c1c209120b3d9991b,,real_world,,,,,,,,published_res_sam_image_export_v1,jpg,369,369,0,,,,real_world,,,,build_ressam_unified_manifest.py,2026-08-10,mode=RGB; source_archive=gpr_data.zip
res_sam,core,res_sam:real_world:normal:52,normal,dataset_folder_name,GPR_data/real_world/normal/52.jpg,<LOCAL_DATA_ROOT>\external_assets\res_sam_data\GPR_data\real_world\normal\52.jpg,e342cbaa41249337bf5a6d92f21508dd5d305acdbfa84942c90a4f1cc95a3dfc,,real_world,,,,,,,,published_res_sam_image_export_v1,jpg,369,369,0,,,,real_world,,,,build_ressam_unified_manifest.py,2026-08-10,mode=RGB; source_archive=gpr_data.zip
res_sam,core,res_sam:real_world:normal:53,normal,dataset_folder_name,GPR_data/real_world/normal/53.jpg,<LOCAL_DATA_ROOT>\external_assets\res_sam_data\GPR_data\real_world\normal\53.jpg,5b1a4d33867953af58f8402d90b579c78642e88054bec09d87dc5e45bdb23866,,real_world,,,,,,,,published_res_sam_image_export_v1,jpg,369,369,0,,,,real_world,,,,build_ressam_unified_manifest.py,2026-08-10,mode=RGB; source_archive=gpr_data.zip
res_sam,core,res_sam:real_world:normal:54,normal,dataset_folder_name,GPR_data/real_world/normal/54.jpg,<LOCAL_DATA_ROOT>\external_assets\res_sam_data\GPR_data\real_world\normal\54.jpg,d08401c5b285d6ab8943962f224e2469e3648288e881a87dc57efca6280a1e54,,real_world,,,,,,,,published_res_sam_image_export_v1,jpg,369,369,0,,,,real_world,,,,build_ressam_unified_manifest.py,2026-08-10,mode=RGB; source_archive=gpr_data.zip
res_sam,core,res_sam:real_world:normal:55,normal,dataset_folder_name,GPR_data/real_world/normal/55.jpg,<LOCAL_DATA_ROOT>\external_assets\res_sam_data\GPR_data\real_world\normal\55.jpg,93db2d74a4692eb87ca6938d37f03354787a6723f8eb2e177998824ae97ba388,,real_world,,,,,,,,published_res_sam_image_export_v1,jpg,369,369,0,,,,real_world,,,,build_ressam_unified_manifest.py,2026-08-10,mode=RGB; source_archive=gpr_data.zip
res_sam,core,res_sam:real_world:normal:56,normal,dataset_folder_name,GPR_data/real_world/normal/56.jpg,<LOCAL_DATA_ROOT>\external_assets\res_sam_data\GPR_data\real_world\normal\56.jpg,49140ed0916b535e7ac9e26bb8cdbb0d39d84783164cf1e6878248a54400aa55,,real_world,,,,,,,,published_res_sam_image_export_v1,jpg,369,369,0,,,,real_world,,,,build_ressam_unified_manifest.py,2026-08-10,mode=RGB; source_archive=gpr_data.zip
res_sam,core,res_sam:real_world:normal:57,normal,dataset_folder_name,GPR_data/real_world/normal/57.jpg,<LOCAL_DATA_ROOT>\external_assets\res_sam_data\GPR_data\real_world\normal\57.jpg,987df7ca2d8606287675804011977d49561fb9d7c6a9f737f22d483afdd57283,,real_world,,,,,,,,published_res_sam_image_export_v1,jpg,369,369,0,,,,real_world,,,,build_ressam_unified_manifest.py,2026-08-10,mode=RGB; source_archive=gpr_data.zip
res_sam,core,res_sam:real_world:normal:58,normal,dataset_folder_name,GPR_data/real_world/normal/58.jpg,<LOCAL_DATA_ROOT>\external_assets\res_sam_data\GPR_data\real_world\normal\58.jpg,e5bf37a74c95ff97deed9a663048da267d0445c81d67925497fac06945b68a19,,real_world,,,,,,,,published_res_sam_image_export_v1,jpg,369,369,0,,,,real_world,,,,build_ressam_unified_manifest.py,2026-08-10,mode=RGB; source_archive=gpr_data.zip
res_sam,core,res_sam:real_world:normal:59,normal,dataset_folder_name,GPR_data/real_world/normal/59.jpg,<LOCAL_DATA_ROOT>\external_assets\res_sam_data\GPR_data\real_world\normal\59.jpg,662dd5808f9dc250f388e1d3d68e9f0e60e379370ce7fa92aa31045dedccf05c,,real_world,,,,,,,,published_res_sam_image_export_v1,jpg,369,369,0,,,,real_world,,,,build_ressam_unified_manifest.py,2026-08-10,mode=RGB; source_archive=gpr_data.zip
res_sam,core,res_sam:real_world:normal:6,normal,dataset_folder_name,GPR_data/real_world/normal/6.jpg,<LOCAL_DATA_ROOT>\external_assets\res_sam_data\GPR_data\real_world\normal\6.jpg,0d59edf27333db10a9af681d2cf9d840ea4e9d7fa36c7e14eca4805fbbe787d8,,real_world,,,,,,,,published_res_sam_image_export_v1,jpg,535,321,0,,,,real_world,,,,build_ressam_unified_manifest.py,2026-08-10,mode=L; source_archive=gpr_data.zip
res_sam,core,res_sam:real_world:normal:60,normal,dataset_folder_name,GPR_data/real_world/normal/60.jpg,<LOCAL_DATA_ROOT>\external_assets\res_sam_data\GPR_data\real_world\normal\60.jpg,31181d497c663cc5ea2c78a1cdc5dc6318cebe4ed13c7dca7b0295bad3e1621e,,real_world,,,,,,,,published_res_sam_image_export_v1,jpg,369,369,0,,,,real_world,,,,build_ressam_unified_manifest.py,2026-08-10,mode=RGB; source_archive=gpr_data.zip
res_sam,core,res_sam:real_world:normal:61,normal,dataset_folder_name,GPR_data/real_world/normal/61.jpg,<LOCAL_DATA_ROOT>\external_assets\res_sam_data\GPR_data\real_world\normal\61.jpg,f6b9e09b08a643aa03d7a40698401b968f5ce1d97bd1c863c2c292747c44cbfd,,real_world,,,,,,,,published_res_sam_image_export_v1,jpg,369,369,0,,,,real_world,,,,build_ressam_unified_manifest.py,2026-08-10,mode=RGB; source_archive=gpr_data.zip
res_sam,core,res_sam:real_world:normal:62,normal,dataset_folder_name,GPR_data/real_world/normal/62.jpg,<LOCAL_DATA_ROOT>\external_assets\res_sam_data\GPR_data\real_world\normal\62.jpg,a7e857f31c18b90c123ec9a0183149000bc5ae26b25046c3889fee94dadce68b,,real_world,,,,,,,,published_res_sam_image_export_v1,jpg,369,369,0,,,,real_world,,,,build_ressam_unified_manifest.py,2026-08-10,mode=RGB; source_archive=gpr_data.zip
res_sam,core,res_sam:real_world:normal:63,normal,dataset_folder_name,GPR_data/real_world/normal/63.jpg,<LOCAL_DATA_ROOT>\external_assets\res_sam_data\GPR_data\real_world\normal\63.jpg,1b27af5e7d82bfc33867b2b380d04be2c3dd545aa83d2db3e65fce52cf463955,,real_world,,,,,,,,published_res_sam_image_export_v1,jpg,369,369,0,,,,real_world,,,,build_ressam_unified_manifest.py,2026-08-10,mode=RGB; source_archive=gpr_data.zip
res_sam,core,res_sam:real_world:normal:64,normal,dataset_folder_name,GPR_data/real_world/normal/64.jpg,<LOCAL_DATA_ROOT>\external_assets\res_sam_data\GPR_data\real_world\normal\64.jpg,6f88c548ed082cf23e71d3722a24f0d9105a950d40e06c23b735a1fb18865d90,,real_world,,,,,,,,published_res_sam_image_export_v1,jpg,369,369,0,,,,real_world,,,,build_ressam_unified_manifest.py,2026-08-10,mode=RGB; source_archive=gpr_data.zip
res_sam,core,res_sam:real_world:normal:65,normal,dataset_folder_name,GPR_data/real_world/normal/65.jpg,<LOCAL_DATA_ROOT>\external_assets\res_sam_data\GPR_data\real_world\normal\65.jpg,d8d5d312f130cd077fc0114b397b25432cd7bf1713e83f80b0a521ce11812b4e,,real_world,,,,,,,,published_res_sam_image_export_v1,jpg,369,369,0,,,,real_world,,,,build_ressam_unified_manifest.py,2026-08-10,mode=RGB; source_archive=gpr_data.zip
res_sam,core,res_sam:real_world:normal:66,normal,dataset_folder_name,GPR_data/real_world/normal/66.jpg,<LOCAL_DATA_ROOT>\external_assets\res_sam_data\GPR_data\real_world\normal\66.jpg,430d8bd0305f4f075c33d9950c8e2958bac3d02c826ffebb706c5b28b74a1f64,,real_world,,,,,,,,published_res_sam_image_export_v1,jpg,369,369,0,,,,real_world,,,,build_ressam_unified_manifest.py,2026-08-10,mode=RGB; source_archive=gpr_data.zip
res_sam,core,res_sam:real_world:normal:67,normal,dataset_folder_name,GPR_data/real_world/normal/67.jpg,<LOCAL_DATA_ROOT>\external_assets\res_sam_data\GPR_data\real_world\normal\67.jpg,85ef0803ba4db237263a094f54f009d2aaa1cd3f21759654df52310da294d593,,real_world,,,,,,,,published_res_sam_image_export_v1,jpg,369,369,0,,,,real_world,,,,build_ressam_unified_manifest.py,2026-08-10,mode=RGB; source_archive=gpr_data.zip
res_sam,core,res_sam:real_world:normal:68,normal,dataset_folder_name,GPR_data/real_world/normal/68.jpg,<LOCAL_DATA_ROOT>\external_assets\res_sam_data\GPR_data\real_world\normal\68.jpg,52b89d1a7a1e5a26406a6993f13b5673af91eac5d6c3e1cc2594913e773eaffc,,real_world,,,,,,,,published_res_sam_image_export_v1,jpg,369,369,0,,,,real_world,,,,build_ressam_unified_manifest.py,2026-08-10,mode=RGB; source_archive=gpr_data.zip
res_sam,core,res_sam:real_world:normal:69,normal,dataset_folder_name,GPR_data/real_world/normal/69.jpg,<LOCAL_DATA_ROOT>\external_assets\res_sam_data\GPR_data\real_world\normal\69.jpg,daa7f883df0101173b16072c5cbb93cab6537e53ec0aadee58256e116db2c3bc,,real_world,,,,,,,,published_res_sam_image_export_v1,jpg,369,369,0,,,,real_world,,,,build_ressam_unified_manifest.py,2026-08-10,mode=RGB; source_archive=gpr_data.zip
res_sam,core,res_sam:real_world:normal:7,normal,dataset_folder_name,GPR_data/real_world/normal/7.jpg,<LOCAL_DATA_ROOT>\external_assets\res_sam_data\GPR_data\real_world\normal\7.jpg,df146356ab063652ec79bee09cf5f36285edba8e910bd797d57257d4091d534a,,real_world,,,,,,,,published_res_sam_image_export_v1,jpg,369,369,0,,,,real_world,,,,build_ressam_unified_manifest.py,2026-08-10,mode=RGB; source_archive=gpr_data.zip
res_sam,core,res_sam:real_world:normal:70,normal,dataset_folder_name,GPR_data/real_world/normal/70.jpg,<LOCAL_DATA_ROOT>\external_assets\res_sam_data\GPR_data\real_world\normal\70.jpg,f80c37743f272aa038ade88331d53fbc015fb19b8c95207496bd9b94497f77a5,,real_world,,,,,,,,published_res_sam_image_export_v1,jpg,369,369,0,,,,real_world,,,,build_ressam_unified_manifest.py,2026-08-10,mode=RGB; source_archive=gpr_data.zip
res_sam,core,res_sam:real_world:normal:71,normal,dataset_folder_name,GPR_data/real_world/normal/71.jpg,<LOCAL_DATA_ROOT>\external_assets\res_sam_data\GPR_data\real_world\normal\71.jpg,7f5b6aa949cd840c114b1402b19bff77c9dc08d7fd6af20ed34b852692c2145d,,real_world,,,,,,,,published_res_sam_image_export_v1,jpg,369,369,0,,,,real_world,,,,build_ressam_unified_manifest.py,2026-08-10,mode=RGB; source_archive=gpr_data.zip
res_sam,core,res_sam:real_world:normal:72,normal,dataset_folder_name,GPR_data/real_world/normal/72.jpg,<LOCAL_DATA_ROOT>\external_assets\res_sam_data\GPR_data\real_world\normal\72.jpg,ec9a1dd154e799264828af52b07fed48dd72eadd3c32fc61d02236639adbfbe0,,real_world,,,,,,,,published_res_sam_image_export_v1,jpg,369,369,0,,,,real_world,,,,build_ressam_unified_manifest.py,2026-08-10,mode=RGB; source_archive=gpr_data.zip
res_sam,core,res_sam:real_world:normal:73,normal,dataset_folder_name,GPR_data/real_world/normal/73.jpg,<LOCAL_DATA_ROOT>\external_assets\res_sam_data\GPR_data\real_world\normal\73.jpg,8dc11ce5d0d3881ffdd42cf2b7603cb4eee5ae222346eb95e4d380622ee3da0d,,real_world,,,,,,,,published_res_sam_image_export_v1,jpg,369,369,0,,,,real_world,,,,build_ressam_unified_manifest.py,2026-08-10,mode=RGB; source_archive=gpr_data.zip
res_sam,core,res_sam:real_world:normal:74,normal,dataset_folder_name,GPR_data/real_world/normal/74.jpg,<LOCAL_DATA_ROOT>\external_assets\res_sam_data\GPR_data\real_world\normal\74.jpg,d893d1f6e03b80a9f1327d16e2aaad17b249419467ad01c35ffa5eb4e5a3c9b7,,real_world,,,,,,,,published_res_sam_image_export_v1,jpg,369,369,0,,,,real_world,,,,build_ressam_unified_manifest.py,2026-08-10,mode=RGB; source_archive=gpr_data.zip
res_sam,core,res_sam:real_world:normal:75,normal,dataset_folder_name,GPR_data/real_world/normal/75.jpg,<LOCAL_DATA_ROOT>\external_assets\res_sam_data\GPR_data\real_world\normal\75.jpg,c2da5402714a2f293eed53cb15065ca95dc2642fde2206d617328d752e8c8113,,real_world,,,,,,,,published_res_sam_image_export_v1,jpg,369,369,0,,,,real_world,,,,build_ressam_unified_manifest.py,2026-08-10,mode=RGB; source_archive=gpr_data.zip
res_sam,core,res_sam:real_world:normal:76,normal,dataset_folder_name,GPR_data/real_world/normal/76.jpg,<LOCAL_DATA_ROOT>\external_assets\res_sam_data\GPR_data\real_world\normal\76.jpg,dec7ed4b963ef3f72160ee2b233237349cbf3f4253c5127e89ed4181cced5fad,,real_world,,,,,,,,published_res_sam_image_export_v1,jpg,369,369,0,,,,real_world,,,,build_ressam_unified_manifest.py,2026-08-10,mode=RGB; source_archive=gpr_data.zip
res_sam,core,res_sam:real_world:normal:77,normal,dataset_folder_name,GPR_data/real_world/normal/77.jpg,<LOCAL_DATA_ROOT>\external_assets\res_sam_data\GPR_data\real_world\normal\77.jpg,e8604df9d30ce762c0dbede604f6d279796a199717fa89feafa7f09575bd916c,,real_world,,,,,,,,published_res_sam_image_export_v1,jpg,369,369,0,,,,real_world,,,,build_ressam_unified_manifest.py,2026-08-10,mode=RGB; source_archive=gpr_data.zip
res_sam,core,res_sam:real_world:normal:78,normal,dataset_folder_name,GPR_data/real_world/normal/78.jpg,<LOCAL_DATA_ROOT>\external_assets\res_sam_data\GPR_data\real_world\normal\78.jpg,cba92249ad10dc3d1d9a09112127f1749a5e87e53564f1580d099cc33c4b2ca9,,real_world,,,,,,,,published_res_sam_image_export_v1,jpg,369,369,0,,,,real_world,,,,build_ressam_unified_manifest.py,2026-08-10,mode=RGB; source_archive=gpr_data.zip
res_sam,core,res_sam:real_world:normal:79,normal,dataset_folder_name,GPR_data/real_world/normal/79.jpg,<LOCAL_DATA_ROOT>\external_assets\res_sam_data\GPR_data\real_world\normal\79.jpg,8b8fa7710975444b6ddd0bc3ca08ebc9a04a57417f39e9b83fd05e6529281122,,real_world,,,,,,,,published_res_sam_image_export_v1,jpg,369,369,0,,,,real_world,,,,build_ressam_unified_manifest.py,2026-08-10,mode=RGB; source_archive=gpr_data.zip
res_sam,core,res_sam:real_world:normal:8,normal,dataset_folder_name,GPR_data/real_world/normal/8.jpg,<LOCAL_DATA_ROOT>\external_assets\res_sam_data\GPR_data\real_world\normal\8.jpg,c510869cbc36b96f521be6c934f350bc9cfeb5c37813a897309ad1e59cd772d4,,real_world,,,,,,,,published_res_sam_image_export_v1,jpg,535,321,0,,,,real_world,,,,build_ressam_unified_manifest.py,2026-08-10,mode=L; source_archive=gpr_data.zip
res_sam,core,res_sam:real_world:normal:80,normal,dataset_folder_name,GPR_data/real_world/normal/80.jpg,<LOCAL_DATA_ROOT>\external_assets\res_sam_data\GPR_data\real_world\normal\80.jpg,2f81bc2f119646176a9d26eaeb72d17ac3b286182209919a7c893e8c04fed99d,,real_world,,,,,,,,published_res_sam_image_export_v1,jpg,369,369,0,,,,real_world,,,,build_ressam_unified_manifest.py,2026-08-10,mode=RGB; source_archive=gpr_data.zip
res_sam,core,res_sam:real_world:normal:81,normal,dataset_folder_name,GPR_data/real_world/normal/81.jpg,<LOCAL_DATA_ROOT>\external_assets\res_sam_data\GPR_data\real_world\normal\81.jpg,775dd37e40008798d63baf5efa02a5997f76999d1cba61648c64d44f0163ae88,,real_world,,,,,,,,published_res_sam_image_export_v1,jpg,535,321,0,,,,real_world,,,,build_ressam_unified_manifest.py,2026-08-10,mode=L; source_archive=gpr_data.zip
res_sam,core,res_sam:real_world:normal:82,normal,dataset_folder_name,GPR_data/real_world/normal/82.jpg,<LOCAL_DATA_ROOT>\external_assets\res_sam_data\GPR_data\real_world\normal\82.jpg,8e725a42cc99304c9680c34f74a9387979e2540ab2041d57807deedfae2c061e,,real_world,,,,,,,,published_res_sam_image_export_v1,jpg,369,369,0,,,,real_world,,,,build_ressam_unified_manifest.py,2026-08-10,mode=RGB; source_archive=gpr_data.zip
res_sam,core,res_sam:real_world:normal:83,normal,dataset_folder_name,GPR_data/real_world/normal/83.jpg,<LOCAL_DATA_ROOT>\external_assets\res_sam_data\GPR_data\real_world\normal\83.jpg,9b2e03c588f66dc104ae48f9ab079d20e70458868215351a584717059c676c4b,,real_world,,,,,,,,published_res_sam_image_export_v1,jpg,535,321,0,,,,real_world,,,,build_ressam_unified_manifest.py,2026-08-10,mode=L; source_archive=gpr_data.zip
res_sam,core,res_sam:real_world:normal:84,normal,dataset_folder_name,GPR_data/real_world/normal/84.jpg,<LOCAL_DATA_ROOT>\external_assets\res_sam_data\GPR_data\real_world\normal\84.jpg,97b29b99c51be763c72003178287f7281d29cb647236fe452a4f2686fdea7c6f,,real_world,,,,,,,,published_res_sam_image_export_v1,jpg,369,369,0,,,,real_world,,,,build_ressam_unified_manifest.py,2026-08-10,mode=RGB; source_archive=gpr_data.zip
res_sam,core,res_sam:real_world:normal:85,normal,dataset_folder_name,GPR_data/real_world/normal/85.jpg,<LOCAL_DATA_ROOT>\external_assets\res_sam_data\GPR_data\real_world\normal\85.jpg,ee117bcaa9c9e003f30066bc0f8a2fbe9ef8940b9ccf9d1a5d1b7eeae3543122,,real_world,,,,,,,,published_res_sam_image_export_v1,jpg,369,369,0,,,,real_world,,,,build_ressam_unified_manifest.py,2026-08-10,mode=RGB; source_archive=gpr_data.zip
res_sam,core,res_sam:real_world:normal:86,normal,dataset_folder_name,GPR_data/real_world/normal/86.jpg,<LOCAL_DATA_ROOT>\external_assets\res_sam_data\GPR_data\real_world\normal\86.jpg,23920912a535afce8f720e397fffd9cd51b74cb5712ac1524b7e27f5ed096879,,real_world,,,,,,,,published_res_sam_image_export_v1,jpg,369,369,0,,,,real_world,,,,build_ressam_unified_manifest.py,2026-08-10,mode=RGB; source_archive=gpr_data.zip
res_sam,core,res_sam:real_world:normal:87,normal,dataset_folder_name,GPR_data/real_world/normal/87.jpg,<LOCAL_DATA_ROOT>\external_assets\res_sam_data\GPR_data\real_world\normal\87.jpg,0411cc7e9f2d8a848cc6130851aca6d13ddec9674f54e0f96c89ef4950eda7e2,,real_world,,,,,,,,published_res_sam_image_export_v1,jpg,535,321,0,,,,real_world,,,,build_ressam_unified_manifest.py,2026-08-10,mode=L; source_archive=gpr_data.zip
res_sam,core,res_sam:real_world:normal:88,normal,dataset_folder_name,GPR_data/real_world/normal/88.jpg,<LOCAL_DATA_ROOT>\external_assets\res_sam_data\GPR_data\real_world\normal\88.jpg,d3b5faf254a1bdaf87948b660d44dc30b16d69a1c464748ae5d1fcd43d7f1f1a,,real_world,,,,,,,,published_res_sam_image_export_v1,jpg,369,369,0,,,,real_world,,,,build_ressam_unified_manifest.py,2026-08-10,mode=RGB; source_archive=gpr_data.zip
res_sam,core,res_sam:real_world:normal:89,normal,dataset_folder_name,GPR_data/real_world/normal/89.jpg,<LOCAL_DATA_ROOT>\external_assets\res_sam_data\GPR_data\real_world\normal\89.jpg,388fe6a2ec2edc77f521f15858fcfbed8fac24646a877441e8c22c0bc3e91b5c,,real_world,,,,,,,,published_res_sam_image_export_v1,jpg,369,369,0,,,,real_world,,,,build_ressam_unified_manifest.py,2026-08-10,mode=RGB; source_archive=gpr_data.zip
res_sam,core,res_sam:real_world:normal:9,normal,dataset_folder_name,GPR_data/real_world/normal/9.jpg,<LOCAL_DATA_ROOT>\external_assets\res_sam_data\GPR_data\real_world\normal\9.jpg,304bc3ea2661a976ae5d2f77d8fabeeb6c1844573be94d24c2a77394c81e61de,,real_world,,,,,,,,published_res_sam_image_export_v1,jpg,369,369,0,,,,real_world,,,,build_ressam_unified_manifest.py,2026-08-10,mode=RGB; source_archive=gpr_data.zip
res_sam,core,res_sam:real_world:normal:90,normal,dataset_folder_name,GPR_data/real_world/normal/90.jpg,<LOCAL_DATA_ROOT>\external_assets\res_sam_data\GPR_data\real_world\normal\90.jpg,87a48304d37b7c798fc8ae906318e46bfeb3887e7f945651bc7f702392d9f41b,,real_world,,,,,,,,published_res_sam_image_export_v1,jpg,369,369,0,,,,real_world,,,,build_ressam_unified_manifest.py,2026-08-10,mode=RGB; source_archive=gpr_data.zip
res_sam,core,res_sam:real_world:normal:91,normal,dataset_folder_name,GPR_data/real_world/normal/91.jpg,<LOCAL_DATA_ROOT>\external_assets\res_sam_data\GPR_data\real_world\normal\91.jpg,03a647bf15b850a76812c8c26a559ec06bbd99015369e7ded2cbcf17d3f13901,,real_world,,,,,,,,published_res_sam_image_export_v1,jpg,369,369,0,,,,real_world,,,,build_ressam_unified_manifest.py,2026-08-10,mode=RGB; source_archive=gpr_data.zip
res_sam,core,res_sam:real_world:normal:92,normal,dataset_folder_name,GPR_data/real_world/normal/92.jpg,<LOCAL_DATA_ROOT>\external_assets\res_sam_data\GPR_data\real_world\normal\92.jpg,296b8bc45da0beae8cb8249a07526939b9752fa9532b03f41ab4da876223698c,,real_world,,,,,,,,published_res_sam_image_export_v1,jpg,369,369,0,,,,real_world,,,,build_ressam_unified_manifest.py,2026-08-10,mode=RGB; source_archive=gpr_data.zip
res_sam,core,res_sam:real_world:normal:93,normal,dataset_folder_name,GPR_data/real_world/normal/93.jpg,<LOCAL_DATA_ROOT>\external_assets\res_sam_data\GPR_data\real_world\normal\93.jpg,180973674dd1f30a8a9c144ee6bbc0322bcf87ca9606d946ed188d5defac4687,,real_world,,,,,,,,published_res_sam_image_export_v1,jpg,369,369,0,,,,real_world,,,,build_ressam_unified_manifest.py,2026-08-10,mode=RGB; source_archive=gpr_data.zip
res_sam,core,res_sam:real_world:normal:94,normal,dataset_folder_name,GPR_data/real_world/normal/94.jpg,<LOCAL_DATA_ROOT>\external_assets\res_sam_data\GPR_data\real_world\normal\94.jpg,50f0e7279f681362b3d267e886be3c3c7dac7bda53c9d39a0364cb674fdb8795,,real_world,,,,,,,,published_res_sam_image_export_v1,jpg,369,369,0,,,,real_world,,,,build_ressam_unified_manifest.py,2026-08-10,mode=RGB; source_archive=gpr_data.zip
res_sam,core,res_sam:real_world:normal:95,normal,dataset_folder_name,GPR_data/real_world/normal/95.jpg,<LOCAL_DATA_ROOT>\external_assets\res_sam_data\GPR_data\real_world\normal\95.jpg,eb350a0f3c221d454ada94c64939ab0a5813c94b0ebee724b0254d84fc366ccb,,real_world,,,,,,,,published_res_sam_image_export_v1,jpg,369,369,0,,,,real_world,,,,build_ressam_unified_manifest.py,2026-08-10,mode=RGB; source_archive=gpr_data.zip
res_sam,core,res_sam:real_world:normal:96,normal,dataset_folder_name,GPR_data/real_world/normal/96.jpg,<LOCAL_DATA_ROOT>\external_assets\res_sam_data\GPR_data\real_world\normal\96.jpg,f206de3208413634f14d4fcc8460498f2aef28a58e12e9635ac52f7f979f4536,,real_world,,,,,,,,published_res_sam_image_export_v1,jpg,535,321,0,,,,real_world,,,,build_ressam_unified_manifest.py,2026-08-10,mode=L; source_archive=gpr_data.zip
res_sam,core,res_sam:real_world:normal:97,normal,dataset_folder_name,GPR_data/real_world/normal/97.jpg,<LOCAL_DATA_ROOT>\external_assets\res_sam_data\GPR_data\real_world\normal\97.jpg,3aa97c9c70c9d6b7d4efe7f7fa567939eb38dd628af35b7023a9f51440f3bf77,,real_world,,,,,,,,published_res_sam_image_export_v1,jpg,369,369,0,,,,real_world,,,,build_ressam_unified_manifest.py,2026-08-10,mode=RGB; source_archive=gpr_data.zip
res_sam,core,res_sam:real_world:normal:98,normal,dataset_folder_name,GPR_data/real_world/normal/98.jpg,<LOCAL_DATA_ROOT>\external_assets\res_sam_data\GPR_data\real_world\normal\98.jpg,a1ad2c8592b085f8f5dea26ac165a53d5f56702ac64f0088d304795e6683ec4a,,real_world,,,,,,,,published_res_sam_image_export_v1,jpg,369,369,0,,,,real_world,,,,build_ressam_unified_manifest.py,2026-08-10,mode=RGB; source_archive=gpr_data.zip
res_sam,core,res_sam:real_world:normal:99,normal,dataset_folder_name,GPR_data/real_world/normal/99.jpg,<LOCAL_DATA_ROOT>\external_assets\res_sam_data\GPR_data\real_world\normal\99.jpg,5750bb6fe643ff272f09584c980f25c5827240611667af1bcd680473e725dee4,,real_world,,,,,,,,published_res_sam_image_export_v1,jpg,535,321,0,,,,real_world,,,,build_ressam_unified_manifest.py,2026-08-10,mode=L; source_archive=gpr_data.zip
res_sam,core,res_sam:real_world:pipe:1,pipe,dataset_folder_name,GPR_data/real_world/pipe/1.jpg,<LOCAL_DATA_ROOT>\external_assets\res_sam_data\GPR_data\real_world\pipe\1.jpg,2d829e46ceb9f4289e5aaf7bff0dab5f4af3210430b44a7fb143a2f6541ebfd6,,real_world,,,,,,,,published_res_sam_image_export_v1,jpg,369,369,0,,,,real_world,,,,build_ressam_unified_manifest.py,2026-08-10,mode=RGB; source_archive=gpr_data.zip
res_sam,core,res_sam:real_world:pipe:10,pipe,dataset_folder_name,GPR_data/real_world/pipe/10.jpg,<LOCAL_DATA_ROOT>\external_assets\res_sam_data\GPR_data\real_world\pipe\10.jpg,f9f6028840d5b0acba1680ae7aa7e38ebd91c121b6fc914f013e07fab181741b,,real_world,,,,,,,,published_res_sam_image_export_v1,jpg,369,369,0,,,,real_world,,,,build_ressam_unified_manifest.py,2026-08-10,mode=RGB; source_archive=gpr_data.zip
res_sam,core,res_sam:real_world:pipe:100,pipe,dataset_folder_name,GPR_data/real_world/pipe/100.jpg,<LOCAL_DATA_ROOT>\external_assets\res_sam_data\GPR_data\real_world\pipe\100.jpg,d564e3cf2b7159ba3cf47fc51ca6b9f81bdfd0e3e892c8f98d478305c790d358,,real_world,,,,,,,,published_res_sam_image_export_v1,jpg,535,321,0,,,,real_world,,,,build_ressam_unified_manifest.py,2026-08-10,mode=L; source_archive=gpr_data.zip
res_sam,core,res_sam:real_world:pipe:11,pipe,dataset_folder_name,GPR_data/real_world/pipe/11.jpg,<LOCAL_DATA_ROOT>\external_assets\res_sam_data\GPR_data\real_world\pipe\11.jpg,260a0c53dd9c6b8bfbae1a5121119d0dbcbcccdb494befb05e4ca01fd0b9ecee,,real_world,,,,,,,,published_res_sam_image_export_v1,jpg,369,369,0,,,,real_world,,,,build_ressam_unified_manifest.py,2026-08-10,mode=RGB; source_archive=gpr_data.zip
res_sam,core,res_sam:real_world:pipe:12,pipe,dataset_folder_name,GPR_data/real_world/pipe/12.jpg,<LOCAL_DATA_ROOT>\external_assets\res_sam_data\GPR_data\real_world\pipe\12.jpg,782ae38998e29028b51f3a85fc12ade5dc3a922f8a1c96ace99e96cd9883cf13,,real_world,,,,,,,,published_res_sam_image_export_v1,jpg,535,321,0,,,,real_world,,,,build_ressam_unified_manifest.py,2026-08-10,mode=L; source_archive=gpr_data.zip
res_sam,core,res_sam:real_world:pipe:13,pipe,dataset_folder_name,GPR_data/real_world/pipe/13.jpg,<LOCAL_DATA_ROOT>\external_assets\res_sam_data\GPR_data\real_world\pipe\13.jpg,71d54f059b78bb06e902f83e20e9789ceaca825156a5dd788931a99d8384a95a,,real_world,,,,,,,,published_res_sam_image_export_v1,jpg,369,369,0,,,,real_world,,,,build_ressam_unified_manifest.py,2026-08-10,mode=RGB; source_archive=gpr_data.zip
res_sam,core,res_sam:real_world:pipe:14,pipe,dataset_folder_name,GPR_data/real_world/pipe/14.jpg,<LOCAL_DATA_ROOT>\external_assets\res_sam_data\GPR_data\real_world\pipe\14.jpg,7e202e426544219210db01795ad6f272fdc79b10154e7aca04b8cdedf45968e0,,real_world,,,,,,,,published_res_sam_image_export_v1,jpg,369,369,0,,,,real_world,,,,build_ressam_unified_manifest.py,2026-08-10,mode=RGB; source_archive=gpr_data.zip
res_sam,core,res_sam:real_world:pipe:15,pipe,dataset_folder_name,GPR_data/real_world/pipe/15.jpg,<LOCAL_DATA_ROOT>\external_assets\res_sam_data\GPR_data\real_world\pipe\15.jpg,9c5bb290524b6ba88bacecd711bfc7160235cad946c496aa85feaf744e182713,,real_world,,,,,,,,published_res_sam_image_export_v1,jpg,535,321,0,,,,real_world,,,,build_ressam_unified_manifest.py,2026-08-10,mode=L; source_archive=gpr_data.zip
res_sam,core,res_sam:real_world:pipe:16,pipe,dataset_folder_name,GPR_data/real_world/pipe/16.jpg,<LOCAL_DATA_ROOT>\external_assets\res_sam_data\GPR_data\real_world\pipe\16.jpg,6bb231d1bb7d94c0b10858e93a57d588c4881721d0193220de73ac85feb366f1,,real_world,,,,,,,,published_res_sam_image_export_v1,jpg,369,369,0,,,,real_world,,,,build_ressam_unified_manifest.py,2026-08-10,mode=RGB; source_archive=gpr_data.zip
res_sam,core,res_sam:real_world:pipe:17,pipe,dataset_folder_name,GPR_data/real_world/pipe/17.jpg,<LOCAL_DATA_ROOT>\external_assets\res_sam_data\GPR_data\real_world\pipe\17.jpg,2adfa4edcbc9c249218a83e10f4ad5ae51c6905ad2156b81bbd674767c54dcfe,,real_world,,,,,,,,published_res_sam_image_export_v1,jpg,369,369,0,,,,real_world,,,,build_ressam_unified_manifest.py,2026-08-10,mode=RGB; source_archive=gpr_data.zip
res_sam,core,res_sam:real_world:pipe:18,pipe,dataset_folder_name,GPR_data/real_world/pipe/18.jpg,<LOCAL_DATA_ROOT>\external_assets\res_sam_data\GPR_data\real_world\pipe\18.jpg,b9047d5fcc933c4cb7300501bec8896526695ec5a8cffd01649668b4b625dd7c,,real_world,,,,,,,,published_res_sam_image_export_v1,jpg,535,321,0,,,,real_world,,,,build_ressam_unified_manifest.py,2026-08-10,mode=L; source_archive=gpr_data.zip
res_sam,core,res_sam:real_world:pipe:19,pipe,dataset_folder_name,GPR_data/real_world/pipe/19.jpg,<LOCAL_DATA_ROOT>\external_assets\res_sam_data\GPR_data\real_world\pipe\19.jpg,8a787a183e55aa2a1df36ed396fcf5966cb2a31f220bb8164b4a446027f2c395,,real_world,,,,,,,,published_res_sam_image_export_v1,jpg,535,321,0,,,,real_world,,,,build_ressam_unified_manifest.py,2026-08-10,mode=L; source_archive=gpr_data.zip
res_sam,core,res_sam:real_world:pipe:2,pipe,dataset_folder_name,GPR_data/real_world/pipe/2.jpg,<LOCAL_DATA_ROOT>\external_assets\res_sam_data\GPR_data\real_world\pipe\2.jpg,5c21b1b11a07d7bafa73c84250d368797f42577999101df7b04f3c09a0c99431,,real_world,,,,,,,,published_res_sam_image_export_v1,jpg,369,369,0,,,,real_world,,,,build_ressam_unified_manifest.py,2026-08-10,mode=RGB; source_archive=gpr_data.zip
res_sam,core,res_sam:real_world:pipe:20,pipe,dataset_folder_name,GPR_data/real_world/pipe/20.jpg,<LOCAL_DATA_ROOT>\external_assets\res_sam_data\GPR_data\real_world\pipe\20.jpg,cdea080d15f4551b1bd927162e6ed670d3c92fdd7c1d980fe0c210d041fa05f5,,real_world,,,,,,,,published_res_sam_image_export_v1,jpg,535,321,0,,,,real_world,,,,build_ressam_unified_manifest.py,2026-08-10,mode=L; source_archive=gpr_data.zip
res_sam,core,res_sam:real_world:pipe:21,pipe,dataset_folder_name,GPR_data/real_world/pipe/21.jpg,<LOCAL_DATA_ROOT>\external_assets\res_sam_data\GPR_data\real_world\pipe\21.jpg,c374964b3a3bd3e6f437e32f998cf3f9a524c4b4a7ac741939a8fe6add96b681,,real_world,,,,,,,,published_res_sam_image_export_v1,jpg,369,369,0,,,,real_world,,,,build_ressam_unified_manifest.py,2026-08-10,mode=RGB; source_archive=gpr_data.zip
res_sam,core,res_sam:real_world:pipe:22,pipe,dataset_folder_name,GPR_data/real_world/pipe/22.jpg,<LOCAL_DATA_ROOT>\external_assets\res_sam_data\GPR_data\real_world\pipe\22.jpg,16868b87723b218cd75456aa529cbc84e4b7a3163473ca5885609f0cce02e423,,real_world,,,,,,,,published_res_sam_image_export_v1,jpg,535,321,0,,,,real_world,,,,build_ressam_unified_manifest.py,2026-08-10,mode=L; source_archive=gpr_data.zip
res_sam,core,res_sam:real_world:pipe:23,pipe,dataset_folder_name,GPR_data/real_world/pipe/23.jpg,<LOCAL_DATA_ROOT>\external_assets\res_sam_data\GPR_data\real_world\pipe\23.jpg,a3211ad66887a4640263c46e397d0f2e0fbdcfa291cb7d66547bbc3b8f3a2764,,real_world,,,,,,,,published_res_sam_image_export_v1,jpg,535,321,0,,,,real_world,,,,build_ressam_unified_manifest.py,2026-08-10,mode=L; source_archive=gpr_data.zip
res_sam,core,res_sam:real_world:pipe:24,pipe,dataset_folder_name,GPR_data/real_world/pipe/24.jpg,<LOCAL_DATA_ROOT>\external_assets\res_sam_data\GPR_data\real_world\pipe\24.jpg,0ccb45f3ffb6d0915d311db7801dea4437ff48770bc5276f3245b51beb562def,,real_world,,,,,,,,published_res_sam_image_export_v1,jpg,535,321,0,,,,real_world,,,,build_ressam_unified_manifest.py,2026-08-10,mode=L; source_archive=gpr_data.zip
res_sam,core,res_sam:real_world:pipe:25,pipe,dataset_folder_name,GPR_data/real_world/pipe/25.jpg,<LOCAL_DATA_ROOT>\external_assets\res_sam_data\GPR_data\real_world\pipe\25.jpg,81e01ceaa539709d2089f3c376a8d022ea0d33c86c1a25b5a0288a8e32402907,,real_world,,,,,,,,published_res_sam_image_export_v1,jpg,535,321,0,,,,real_world,,,,build_ressam_unified_manifest.py,2026-08-10,mode=L; source_archive=gpr_data.zip
res_sam,core,res_sam:real_world:pipe:26,pipe,dataset_folder_name,GPR_data/real_world/pipe/26.jpg,<LOCAL_DATA_ROOT>\external_assets\res_sam_data\GPR_data\real_world\pipe\26.jpg,6564d7dda675ac20812957c32ec27a154e3c20fb6afa4aec85213d91d842c859,,real_world,,,,,,,,published_res_sam_image_export_v1,jpg,369,369,0,,,,real_world,,,,build_ressam_unified_manifest.py,2026-08-10,mode=RGB; source_archive=gpr_data.zip
res_sam,core,res_sam:real_world:pipe:27,pipe,dataset_folder_name,GPR_data/real_world/pipe/27.jpg,<LOCAL_DATA_ROOT>\external_assets\res_sam_data\GPR_data\real_world\pipe\27.jpg,de22ec4c8c3f8ceb826227d5cdfa99ad6a295fd6396937b8896ac176eca3a89f,,real_world,,,,,,,,published_res_sam_image_export_v1,jpg,535,321,0,,,,real_world,,,,build_ressam_unified_manifest.py,2026-08-10,mode=L; source_archive=gpr_data.zip
res_sam,core,res_sam:real_world:pipe:28,pipe,dataset_folder_name,GPR_data/real_world/pipe/28.jpg,<LOCAL_DATA_ROOT>\external_assets\res_sam_data\GPR_data\real_world\pipe\28.jpg,ceabd70d610de34325e8510871deb9dcd257ceb9529a8ad1c8325c30357baef5,,real_world,,,,,,,,published_res_sam_image_export_v1,jpg,535,321,0,,,,real_world,,,,build_ressam_unified_manifest.py,2026-08-10,mode=L; source_archive=gpr_data.zip
res_sam,core,res_sam:real_world:pipe:29,pipe,dataset_folder_name,GPR_data/real_world/pipe/29.jpg,<LOCAL_DATA_ROOT>\external_assets\res_sam_data\GPR_data\real_world\pipe\29.jpg,2745e58ad5c851df9f0522f1a85f24e4e606629f5b302917a6480ae2621d5eb3,,real_world,,,,,,,,published_res_sam_image_export_v1,jpg,535,321,0,,,,real_world,,,,build_ressam_unified_manifest.py,2026-08-10,mode=L; source_archive=gpr_data.zip
res_sam,core,res_sam:real_world:pipe:3,pipe,dataset_folder_name,GPR_data/real_world/pipe/3.jpg,<LOCAL_DATA_ROOT>\external_assets\res_sam_data\GPR_data\real_world\pipe\3.jpg,df77e37473195d94d9b490b364b10472a4c244e9586f88c848a242d33bc8138a,,real_world,,,,,,,,published_res_sam_image_export_v1,jpg,535,321,0,,,,real_world,,,,build_ressam_unified_manifest.py,2026-08-10,mode=L; source_archive=gpr_data.zip
res_sam,core,res_sam:real_world:pipe:30,pipe,dataset_folder_name,GPR_data/real_world/pipe/30.jpg,<LOCAL_DATA_ROOT>\external_assets\res_sam_data\GPR_data\real_world\pipe\30.jpg,f1cf1c67ff3725eb5d957d22f752b0e6ce794e2d0ffacfa799d6d5f653967d22,,real_world,,,,,,,,published_res_sam_image_export_v1,jpg,369,369,0,,,,real_world,,,,build_ressam_unified_manifest.py,2026-08-10,mode=RGB; source_archive=gpr_data.zip
res_sam,core,res_sam:real_world:pipe:31,pipe,dataset_folder_name,GPR_data/real_world/pipe/31.jpg,<LOCAL_DATA_ROOT>\external_assets\res_sam_data\GPR_data\real_world\pipe\31.jpg,4710a1c1517bd8df4b0b5bb7ca965c7450e0ba73314ad9f489b261eedaf9da80,,real_world,,,,,,,,published_res_sam_image_export_v1,jpg,535,321,0,,,,real_world,,,,build_ressam_unified_manifest.py,2026-08-10,mode=L; source_archive=gpr_data.zip
res_sam,core,res_sam:real_world:pipe:32,pipe,dataset_folder_name,GPR_data/real_world/pipe/32.jpg,<LOCAL_DATA_ROOT>\external_assets\res_sam_data\GPR_data\real_world\pipe\32.jpg,75a1161614c970f8c97c63056a20718f50ffafea640e2ce77113cbaf7e5d003c,,real_world,,,,,,,,published_res_sam_image_export_v1,jpg,535,321,0,,,,real_world,,,,build_ressam_unified_manifest.py,2026-08-10,mode=L; source_archive=gpr_data.zip
res_sam,core,res_sam:real_world:pipe:33,pipe,dataset_folder_name,GPR_data/real_world/pipe/33.jpg,<LOCAL_DATA_ROOT>\external_assets\res_sam_data\GPR_data\real_world\pipe\33.jpg,7018064d2fb0dbff8745827527f276888d3a73d2ec306b32eabee6a689a26f3d,,real_world,,,,,,,,published_res_sam_image_export_v1,jpg,535,321,0,,,,real_world,,,,build_ressam_unified_manifest.py,2026-08-10,mode=L; source_archive=gpr_data.zip
res_sam,core,res_sam:real_world:pipe:34,pipe,dataset_folder_name,GPR_data/real_world/pipe/34.jpg,<LOCAL_DATA_ROOT>\external_assets\res_sam_data\GPR_data\real_world\pipe\34.jpg,e3e8d996204766b55ee996121ec3febed49b6d657f53de3821d83e9effa201be,,real_world,,,,,,,,published_res_sam_image_export_v1,jpg,369,369,0,,,,real_world,,,,build_ressam_unified_manifest.py,2026-08-10,mode=RGB; source_archive=gpr_data.zip
res_sam,core,res_sam:real_world:pipe:35,pipe,dataset_folder_name,GPR_data/real_world/pipe/35.jpg,<LOCAL_DATA_ROOT>\external_assets\res_sam_data\GPR_data\real_world\pipe\35.jpg,e38acff5c8ccdcd09fbe0b7e9910d59c67620f5b63f9186d92b8bbcdf1414532,,real_world,,,,,,,,published_res_sam_image_export_v1,jpg,535,321,0,,,,real_world,,,,build_ressam_unified_manifest.py,2026-08-10,mode=L; source_archive=gpr_data.zip
res_sam,core,res_sam:real_world:pipe:36,pipe,dataset_folder_name,GPR_data/real_world/pipe/36.jpg,<LOCAL_DATA_ROOT>\external_assets\res_sam_data\GPR_data\real_world\pipe\36.jpg,e9666a35f366c3e657b59b8a1d9aec538295ad6ff1708f98126bc78bd24b0908,,real_world,,,,,,,,published_res_sam_image_export_v1,jpg,369,369,0,,,,real_world,,,,build_ressam_unified_manifest.py,2026-08-10,mode=RGB; source_archive=gpr_data.zip
res_sam,core,res_sam:real_world:pipe:37,pipe,dataset_folder_name,GPR_data/real_world/pipe/37.jpg,<LOCAL_DATA_ROOT>\external_assets\res_sam_data\GPR_data\real_world\pipe\37.jpg,b677472e77d36be24ddd23944db55632aa5c1749246e31ed56e2845f316baa43,,real_world,,,,,,,,published_res_sam_image_export_v1,jpg,535,321,0,,,,real_world,,,,build_ressam_unified_manifest.py,2026-08-10,mode=L; source_archive=gpr_data.zip
res_sam,core,res_sam:real_world:pipe:38,pipe,dataset_folder_name,GPR_data/real_world/pipe/38.jpg,<LOCAL_DATA_ROOT>\external_assets\res_sam_data\GPR_data\real_world\pipe\38.jpg,fbdf0d8610295831cf82b4262e23ad84f86d7e9e854fc650ac2862698fefb540,,real_world,,,,,,,,published_res_sam_image_export_v1,jpg,369,369,0,,,,real_world,,,,build_ressam_unified_manifest.py,2026-08-10,mode=RGB; source_archive=gpr_data.zip
res_sam,core,res_sam:real_world:pipe:39,pipe,dataset_folder_name,GPR_data/real_world/pipe/39.jpg,<LOCAL_DATA_ROOT>\external_assets\res_sam_data\GPR_data\real_world\pipe\39.jpg,ae4fc2825e8f5fc1348e905edaab6f74f862821a1c9eebaf84d2dea6b23dabf5,,real_world,,,,,,,,published_res_sam_image_export_v1,jpg,535,321,0,,,,real_world,,,,build_ressam_unified_manifest.py,2026-08-10,mode=L; source_archive=gpr_data.zip
res_sam,core,res_sam:real_world:pipe:4,pipe,dataset_folder_name,GPR_data/real_world/pipe/4.jpg,<LOCAL_DATA_ROOT>\external_assets\res_sam_data\GPR_data\real_world\pipe\4.jpg,782d98bc557d3e648aa5826747644dbbf7e125cd47b7b30e44e07f299ef217c8,,real_world,,,,,,,,published_res_sam_image_export_v1,jpg,369,369,0,,,,real_world,,,,build_ressam_unified_manifest.py,2026-08-10,mode=RGB; source_archive=gpr_data.zip
res_sam,core,res_sam:real_world:pipe:40,pipe,dataset_folder_name,GPR_data/real_world/pipe/40.jpg,<LOCAL_DATA_ROOT>\external_assets\res_sam_data\GPR_data\real_world\pipe\40.jpg,bdeaef62e35630ffe1c41c15b7cb9ff4c047d4f9512425c0644074e56bfe5555,,real_world,,,,,,,,published_res_sam_image_export_v1,jpg,535,321,0,,,,real_world,,,,build_ressam_unified_manifest.py,2026-08-10,mode=L; source_archive=gpr_data.zip
res_sam,core,res_sam:real_world:pipe:41,pipe,dataset_folder_name,GPR_data/real_world/pipe/41.jpg,<LOCAL_DATA_ROOT>\external_assets\res_sam_data\GPR_data\real_world\pipe\41.jpg,9fd9c12742c7f2c764acee16bb40169fc0fbff20780ed29de6fe27d4b9c69a5a,,real_world,,,,,,,,published_res_sam_image_export_v1,jpg,369,369,0,,,,real_world,,,,build_ressam_unified_manifest.py,2026-08-10,mode=RGB; source_archive=gpr_data.zip
res_sam,core,res_sam:real_world:pipe:42,pipe,dataset_folder_name,GPR_data/real_world/pipe/42.jpg,<LOCAL_DATA_ROOT>\external_assets\res_sam_data\GPR_data\real_world\pipe\42.jpg,dc027aa51f0e6ce449d2a53457f1da8f144e1c97ce69b1709fb150d4519a5f24,,real_world,,,,,,,,published_res_sam_image_export_v1,jpg,369,369,0,,,,real_world,,,,build_ressam_unified_manifest.py,2026-08-10,mode=RGB; source_archive=gpr_data.zip
res_sam,core,res_sam:real_world:pipe:43,pipe,dataset_folder_name,GPR_data/real_world/pipe/43.jpg,<LOCAL_DATA_ROOT>\external_assets\res_sam_data\GPR_data\real_world\pipe\43.jpg,594906a23ba79cb02bff7b4fd8f7db521acce0cf21a34f3c5fa94141d3ab56d9,,real_world,,,,,,,,published_res_sam_image_export_v1,jpg,535,321,0,,,,real_world,,,,build_ressam_unified_manifest.py,2026-08-10,mode=L; source_archive=gpr_data.zip
res_sam,core,res_sam:real_world:pipe:44,pipe,dataset_folder_name,GPR_data/real_world/pipe/44.jpg,<LOCAL_DATA_ROOT>\external_assets\res_sam_data\GPR_data\real_world\pipe\44.jpg,e760c4da9a9fe873fed0660faef5e4e1c5318dae3f5bfa29ff3089b40f80ca5a,,real_world,,,,,,,,published_res_sam_image_export_v1,jpg,369,369,0,,,,real_world,,,,build_ressam_unified_manifest.py,2026-08-10,mode=RGB; source_archive=gpr_data.zip
res_sam,core,res_sam:real_world:pipe:45,pipe,dataset_folder_name,GPR_data/real_world/pipe/45.jpg,<LOCAL_DATA_ROOT>\external_assets\res_sam_data\GPR_data\real_world\pipe\45.jpg,f5dfdbf24a78eae4a3424b1c3540dff04109f4cd61914a596144fa23c4185e27,,real_world,,,,,,,,published_res_sam_image_export_v1,jpg,369,369,0,,,,real_world,,,,build_ressam_unified_manifest.py,2026-08-10,mode=RGB; source_archive=gpr_data.zip
res_sam,core,res_sam:real_world:pipe:46,pipe,dataset_folder_name,GPR_data/real_world/pipe/46.jpg,<LOCAL_DATA_ROOT>\external_assets\res_sam_data\GPR_data\real_world\pipe\46.jpg,12ffdcd72dc8f87d8276a7754d94b306227dff1b43ef3dc659221090fa29855b,,real_world,,,,,,,,published_res_sam_image_export_v1,jpg,535,321,0,,,,real_world,,,,build_ressam_unified_manifest.py,2026-08-10,mode=L; source_archive=gpr_data.zip
res_sam,core,res_sam:real_world:pipe:47,pipe,dataset_folder_name,GPR_data/real_world/pipe/47.jpg,<LOCAL_DATA_ROOT>\external_assets\res_sam_data\GPR_data\real_world\pipe\47.jpg,e6fdf225e9d4eeb6892f986d6520b6bc085c62fee0a78a16e81a811a2b001c3f,,real_world,,,,,,,,published_res_sam_image_export_v1,jpg,369,369,0,,,,real_world,,,,build_ressam_unified_manifest.py,2026-08-10,mode=RGB; source_archive=gpr_data.zip
res_sam,core,res_sam:real_world:pipe:48,pipe,dataset_folder_name,GPR_data/real_world/pipe/48.jpg,<LOCAL_DATA_ROOT>\external_assets\res_sam_data\GPR_data\real_world\pipe\48.jpg,63d304cb1c76a6bd5d6e10200530588386d7754c31088719cd7145f3dc0e34cb,,real_world,,,,,,,,published_res_sam_image_export_v1,jpg,369,369,0,,,,real_world,,,,build_ressam_unified_manifest.py,2026-08-10,mode=RGB; source_archive=gpr_data.zip
res_sam,core,res_sam:real_world:pipe:49,pipe,dataset_folder_name,GPR_data/real_world/pipe/49.jpg,<LOCAL_DATA_ROOT>\external_assets\res_sam_data\GPR_data\real_world\pipe\49.jpg,1fdd4ff2b6c076cf6234679723bcecfc68db06d9cac06afd876875337220d5b7,,real_world,,,,,,,,published_res_sam_image_export_v1,jpg,535,321,0,,,,real_world,,,,build_ressam_unified_manifest.py,2026-08-10,mode=L; source_archive=gpr_data.zip
res_sam,core,res_sam:real_world:pipe:5,pipe,dataset_folder_name,GPR_data/real_world/pipe/5.jpg,<LOCAL_DATA_ROOT>\external_assets\res_sam_data\GPR_data\real_world\pipe\5.jpg,8298fce3d86488959d6968e3480f29ff4bc89301dfb79eba026ba3a1ebf8e192,,real_world,,,,,,,,published_res_sam_image_export_v1,jpg,369,369,0,,,,real_world,,,,build_ressam_unified_manifest.py,2026-08-10,mode=RGB; source_archive=gpr_data.zip
res_sam,core,res_sam:real_world:pipe:50,pipe,dataset_folder_name,GPR_data/real_world/pipe/50.jpg,<LOCAL_DATA_ROOT>\external_assets\res_sam_data\GPR_data\real_world\pipe\50.jpg,1461c39c2c864326e4ba091b3b0ec30626d72abb805de997aa14b88a7cf6f7ea,,real_world,,,,,,,,published_res_sam_image_export_v1,jpg,369,369,0,,,,real_world,,,,build_ressam_unified_manifest.py,2026-08-10,mode=RGB; source_archive=gpr_data.zip
res_sam,core,res_sam:real_world:pipe:51,pipe,dataset_folder_name,GPR_data/real_world/pipe/51.jpg,<LOCAL_DATA_ROOT>\external_assets\res_sam_data\GPR_data\real_world\pipe\51.jpg,1169b3ac5557d7a8002c6eeca104d3e55977ad9689ceba9a8f8095256136ed77,,real_world,,,,,,,,published_res_sam_image_export_v1,jpg,535,321,0,,,,real_world,,,,build_ressam_unified_manifest.py,2026-08-10,mode=L; source_archive=gpr_data.zip
res_sam,core,res_sam:real_world:pipe:52,pipe,dataset_folder_name,GPR_data/real_world/pipe/52.jpg,<LOCAL_DATA_ROOT>\external_assets\res_sam_data\GPR_data\real_world\pipe\52.jpg,18e8b5d3743b1cd60071d8a637645425d2d6f17915efddd9fd8c777a574db13f,,real_world,,,,,,,,published_res_sam_image_export_v1,jpg,369,369,0,,,,real_world,,,,build_ressam_unified_manifest.py,2026-08-10,mode=RGB; source_archive=gpr_data.zip
res_sam,core,res_sam:real_world:pipe:53,pipe,dataset_folder_name,GPR_data/real_world/pipe/53.jpg,<LOCAL_DATA_ROOT>\external_assets\res_sam_data\GPR_data\real_world\pipe\53.jpg,20667693033d049011b676d94a1836355f847bf6fcb089363e0d6f75334943e9,,real_world,,,,,,,,published_res_sam_image_export_v1,jpg,535,321,0,,,,real_world,,,,build_ressam_unified_manifest.py,2026-08-10,mode=L; source_archive=gpr_data.zip
res_sam,core,res_sam:real_world:pipe:54,pipe,dataset_folder_name,GPR_data/real_world/pipe/54.jpg,<LOCAL_DATA_ROOT>\external_assets\res_sam_data\GPR_data\real_world\pipe\54.jpg,4cb0b4bd1b4b8b87decf5dfdff1e7486fd6a968d27e52ce7f64cf57a6c76e23e,,real_world,,,,,,,,published_res_sam_image_export_v1,jpg,369,369,0,,,,real_world,,,,build_ressam_unified_manifest.py,2026-08-10,mode=RGB; source_archive=gpr_data.zip
res_sam,core,res_sam:real_world:pipe:55,pipe,dataset_folder_name,GPR_data/real_world/pipe/55.jpg,<LOCAL_DATA_ROOT>\external_assets\res_sam_data\GPR_data\real_world\pipe\55.jpg,705c04b1009805118091825320881773b014df3407159695b6418594fcdd389b,,real_world,,,,,,,,published_res_sam_image_export_v1,jpg,535,321,0,,,,real_world,,,,build_ressam_unified_manifest.py,2026-08-10,mode=L; source_archive=gpr_data.zip
res_sam,core,res_sam:real_world:pipe:56,pipe,dataset_folder_name,GPR_data/real_world/pipe/56.jpg,<LOCAL_DATA_ROOT>\external_assets\res_sam_data\GPR_data\real_world\pipe\56.jpg,bf2a2e3d510b8d012acacf77aad9ef36c7ee145a994a3af727a27b39faa94638,,real_world,,,,,,,,published_res_sam_image_export_v1,jpg,369,369,0,,,,real_world,,,,build_ressam_unified_manifest.py,2026-08-10,mode=RGB; source_archive=gpr_data.zip
res_sam,core,res_sam:real_world:pipe:57,pipe,dataset_folder_name,GPR_data/real_world/pipe/57.jpg,<LOCAL_DATA_ROOT>\external_assets\res_sam_data\GPR_data\real_world\pipe\57.jpg,3f177dd25d23dd8deb9bf61db2615e43aeeb17af9ac77ff6c8378b1ca75462a7,,real_world,,,,,,,,published_res_sam_image_export_v1,jpg,535,321,0,,,,real_world,,,,build_ressam_unified_manifest.py,2026-08-10,mode=L; source_archive=gpr_data.zip
res_sam,core,res_sam:real_world:pipe:58,pipe,dataset_folder_name,GPR_data/real_world/pipe/58.jpg,<LOCAL_DATA_ROOT>\external_assets\res_sam_data\GPR_data\real_world\pipe\58.jpg,f28eb4b3b0dae8cabee10c526445f005200e991c4b0aa21dd7bc49ac938d9a62,,real_world,,,,,,,,published_res_sam_image_export_v1,jpg,369,369,0,,,,real_world,,,,build_ressam_unified_manifest.py,2026-08-10,mode=RGB; source_archive=gpr_data.zip
res_sam,core,res_sam:real_world:pipe:59,pipe,dataset_folder_name,GPR_data/real_world/pipe/59.jpg,<LOCAL_DATA_ROOT>\external_assets\res_sam_data\GPR_data\real_world\pipe\59.jpg,134f373a77e885fb21204b5295c25d91dc753565a3bb641e7a307b781a2238d4,,real_world,,,,,,,,published_res_sam_image_export_v1,jpg,535,321,0,,,,real_world,,,,build_ressam_unified_manifest.py,2026-08-10,mode=L; source_archive=gpr_data.zip
res_sam,core,res_sam:real_world:pipe:6,pipe,dataset_folder_name,GPR_data/real_world/pipe/6.jpg,<LOCAL_DATA_ROOT>\external_assets\res_sam_data\GPR_data\real_world\pipe\6.jpg,9f52734e48ef737c616ecc06271dae290d1b909f2b525c13f5486e138b736615,,real_world,,,,,,,,published_res_sam_image_export_v1,jpg,535,321,0,,,,real_world,,,,build_ressam_unified_manifest.py,2026-08-10,mode=L; source_archive=gpr_data.zip
res_sam,core,res_sam:real_world:pipe:60,pipe,dataset_folder_name,GPR_data/real_world/pipe/60.jpg,<LOCAL_DATA_ROOT>\external_assets\res_sam_data\GPR_data\real_world\pipe\60.jpg,e228addb5d94a3e08da0b3cd6bf430e4ee785b3b044593e6502faa0c43ba41b1,,real_world,,,,,,,,published_res_sam_image_export_v1,jpg,535,321,0,,,,real_world,,,,build_ressam_unified_manifest.py,2026-08-10,mode=L; source_archive=gpr_data.zip
res_sam,core,res_sam:real_world:pipe:61,pipe,dataset_folder_name,GPR_data/real_world/pipe/61.jpg,<LOCAL_DATA_ROOT>\external_assets\res_sam_data\GPR_data\real_world\pipe\61.jpg,c1dd15a56e484e1aa04b030116bf3119126b6c49e03fe272c866143b15e9f490,,real_world,,,,,,,,published_res_sam_image_export_v1,jpg,535,321,0,,,,real_world,,,,build_ressam_unified_manifest.py,2026-08-10,mode=L; source_archive=gpr_data.zip
res_sam,core,res_sam:real_world:pipe:62,pipe,dataset_folder_name,GPR_data/real_world/pipe/62.jpg,<LOCAL_DATA_ROOT>\external_assets\res_sam_data\GPR_data\real_world\pipe\62.jpg,71c2b7a9c3715c47d437e608f5bc1dc61c228ac13dcfaa3d6e5c2289df65ce1c,,real_world,,,,,,,,published_res_sam_image_export_v1,jpg,369,369,0,,,,real_world,,,,build_ressam_unified_manifest.py,2026-08-10,mode=RGB; source_archive=gpr_data.zip
res_sam,core,res_sam:real_world:pipe:63,pipe,dataset_folder_name,GPR_data/real_world/pipe/63.jpg,<LOCAL_DATA_ROOT>\external_assets\res_sam_data\GPR_data\real_world\pipe\63.jpg,c4402905da9015d7ab34b8513e66a8d79de54d6e221aeced5b2f11fba6f66fb7,,real_world,,,,,,,,published_res_sam_image_export_v1,jpg,369,369,0,,,,real_world,,,,build_ressam_unified_manifest.py,2026-08-10,mode=RGB; source_archive=gpr_data.zip
res_sam,core,res_sam:real_world:pipe:64,pipe,dataset_folder_name,GPR_data/real_world/pipe/64.jpg,<LOCAL_DATA_ROOT>\external_assets\res_sam_data\GPR_data\real_world\pipe\64.jpg,80450e2a412e8cc1c8c24f37cfe20a4aca199d43cd2acdeb24c3d003fe5cc818,,real_world,,,,,,,,published_res_sam_image_export_v1,jpg,369,369,0,,,,real_world,,,,build_ressam_unified_manifest.py,2026-08-10,mode=RGB; source_archive=gpr_data.zip
res_sam,core,res_sam:real_world:pipe:65,pipe,dataset_folder_name,GPR_data/real_world/pipe/65.jpg,<LOCAL_DATA_ROOT>\external_assets\res_sam_data\GPR_data\real_world\pipe\65.jpg,5f8125e05cd8d0c3bfddfc1191e2b5288bf2fbf88bd13e41f836ea712ac0ebd6,,real_world,,,,,,,,published_res_sam_image_export_v1,jpg,369,369,0,,,,real_world,,,,build_ressam_unified_manifest.py,2026-08-10,mode=RGB; source_archive=gpr_data.zip
res_sam,core,res_sam:real_world:pipe:66,pipe,dataset_folder_name,GPR_data/real_world/pipe/66.jpg,<LOCAL_DATA_ROOT>\external_assets\res_sam_data\GPR_data\real_world\pipe\66.jpg,c42b6b2321bb47f2637ace5d731eb9d43d9cbc972f6884731fc80bb85a083c9e,,real_world,,,,,,,,published_res_sam_image_export_v1,jpg,369,369,0,,,,real_world,,,,build_ressam_unified_manifest.py,2026-08-10,mode=RGB; source_archive=gpr_data.zip
res_sam,core,res_sam:real_world:pipe:67,pipe,dataset_folder_name,GPR_data/real_world/pipe/67.jpg,<LOCAL_DATA_ROOT>\external_assets\res_sam_data\GPR_data\real_world\pipe\67.jpg,c6484e8ef52200a47de33c7b47b955d98de6dbb751129f0604dad4d27e1cf450,,real_world,,,,,,,,published_res_sam_image_export_v1,jpg,369,369,0,,,,real_world,,,,build_ressam_unified_manifest.py,2026-08-10,mode=RGB; source_archive=gpr_data.zip
res_sam,core,res_sam:real_world:pipe:68,pipe,dataset_folder_name,GPR_data/real_world/pipe/68.jpg,<LOCAL_DATA_ROOT>\external_assets\res_sam_data\GPR_data\real_world\pipe\68.jpg,6a65c8702ae9b4443a6d8867b0a4ff2d3e53dae78f6d4f3c12865b9e134a22cb,,real_world,,,,,,,,published_res_sam_image_export_v1,jpg,369,369,0,,,,real_world,,,,build_ressam_unified_manifest.py,2026-08-10,mode=RGB; source_archive=gpr_data.zip
res_sam,core,res_sam:real_world:pipe:69,pipe,dataset_folder_name,GPR_data/real_world/pipe/69.jpg,<LOCAL_DATA_ROOT>\external_assets\res_sam_data\GPR_data\real_world\pipe\69.jpg,2b408f7e68fb00068ec123073285a366079a96befadf6fe8652259123d240807,,real_world,,,,,,,,published_res_sam_image_export_v1,jpg,369,369,0,,,,real_world,,,,build_ressam_unified_manifest.py,2026-08-10,mode=RGB; source_archive=gpr_data.zip
res_sam,core,res_sam:real_world:pipe:7,pipe,dataset_folder_name,GPR_data/real_world/pipe/7.jpg,<LOCAL_DATA_ROOT>\external_assets\res_sam_data\GPR_data\real_world\pipe\7.jpg,f0656ca149beaf707e5be98ecb74f38230ae15dc17168f9cf45736301ec85129,,real_world,,,,,,,,published_res_sam_image_export_v1,jpg,369,369,0,,,,real_world,,,,build_ressam_unified_manifest.py,2026-08-10,mode=RGB; source_archive=gpr_data.zip
res_sam,core,res_sam:real_world:pipe:70,pipe,dataset_folder_name,GPR_data/real_world/pipe/70.jpg,<LOCAL_DATA_ROOT>\external_assets\res_sam_data\GPR_data\real_world\pipe\70.jpg,6f7d3522b4665f0d7ab3a6e716baee8c07bbcf088051b831939aa44c2edeb0c5,,real_world,,,,,,,,published_res_sam_image_export_v1,jpg,535,321,0,,,,real_world,,,,build_ressam_unified_manifest.py,2026-08-10,mode=L; source_archive=gpr_data.zip
res_sam,core,res_sam:real_world:pipe:71,pipe,dataset_folder_name,GPR_data/real_world/pipe/71.jpg,<LOCAL_DATA_ROOT>\external_assets\res_sam_data\GPR_data\real_world\pipe\71.jpg,a3e99e29c49ae0d014534e94b4bb1c18e127345cc893a4edec7c0d889b7ecffa,,real_world,,,,,,,,published_res_sam_image_export_v1,jpg,535,321,0,,,,real_world,,,,build_ressam_unified_manifest.py,2026-08-10,mode=L; source_archive=gpr_data.zip
res_sam,core,res_sam:real_world:pipe:72,pipe,dataset_folder_name,GPR_data/real_world/pipe/72.jpg,<LOCAL_DATA_ROOT>\external_assets\res_sam_data\GPR_data\real_world\pipe\72.jpg,fa8e4b866bd67911f782dfbeab25ec6c439162aac0229d75a86cc5dd01f1ec39,,real_world,,,,,,,,published_res_sam_image_export_v1,jpg,535,321,0,,,,real_world,,,,build_ressam_unified_manifest.py,2026-08-10,mode=L; source_archive=gpr_data.zip
res_sam,core,res_sam:real_world:pipe:73,pipe,dataset_folder_name,GPR_data/real_world/pipe/73.jpg,<LOCAL_DATA_ROOT>\external_assets\res_sam_data\GPR_data\real_world\pipe\73.jpg,35b14173c643533cbe3a0d566a807eceab03db33b457a5512ad13c98e767cfe9,,real_world,,,,,,,,published_res_sam_image_export_v1,jpg,535,321,0,,,,real_world,,,,build_ressam_unified_manifest.py,2026-08-10,mode=L; source_archive=gpr_data.zip
res_sam,core,res_sam:real_world:pipe:74,pipe,dataset_folder_name,GPR_data/real_world/pipe/74.jpg,<LOCAL_DATA_ROOT>\external_assets\res_sam_data\GPR_data\real_world\pipe\74.jpg,69b1671570f64be2f8ee2ab1345fd87005acfe1c37c80481244f9df731124ac5,,real_world,,,,,,,,published_res_sam_image_export_v1,jpg,535,321,0,,,,real_world,,,,build_ressam_unified_manifest.py,2026-08-10,mode=L; source_archive=gpr_data.zip
res_sam,core,res_sam:real_world:pipe:75,pipe,dataset_folder_name,GPR_data/real_world/pipe/75.jpg,<LOCAL_DATA_ROOT>\external_assets\res_sam_data\GPR_data\real_world\pipe\75.jpg,75ad7ad5e9742df57aebb7ee5a87397ec8282212b70e3cefa813bb5993ddf145,,real_world,,,,,,,,published_res_sam_image_export_v1,jpg,535,321,0,,,,real_world,,,,build_ressam_unified_manifest.py,2026-08-10,mode=L; source_archive=gpr_data.zip
res_sam,core,res_sam:real_world:pipe:76,pipe,dataset_folder_name,GPR_data/real_world/pipe/76.jpg,<LOCAL_DATA_ROOT>\external_assets\res_sam_data\GPR_data\real_world\pipe\76.jpg,3676d8739927235130303b9446143cc7f8474c774a0bf13d71917bd4f3a68d45,,real_world,,,,,,,,published_res_sam_image_export_v1,jpg,535,321,0,,,,real_world,,,,build_ressam_unified_manifest.py,2026-08-10,mode=L; source_archive=gpr_data.zip
res_sam,core,res_sam:real_world:pipe:77,pipe,dataset_folder_name,GPR_data/real_world/pipe/77.jpg,<LOCAL_DATA_ROOT>\external_assets\res_sam_data\GPR_data\real_world\pipe\77.jpg,6eff85956e82b471ae29c1490712e2a7088b83808470d2f1a23dc593f66ca469,,real_world,,,,,,,,published_res_sam_image_export_v1,jpg,535,321,0,,,,real_world,,,,build_ressam_unified_manifest.py,2026-08-10,mode=L; source_archive=gpr_data.zip
res_sam,core,res_sam:real_world:pipe:78,pipe,dataset_folder_name,GPR_data/real_world/pipe/78.jpg,<LOCAL_DATA_ROOT>\external_assets\res_sam_data\GPR_data\real_world\pipe\78.jpg,2dd3e54910b4d8d15468b3c7407857f370421f9de3ad9310533627dd2ab3c647,,real_world,,,,,,,,published_res_sam_image_export_v1,jpg,535,321,0,,,,real_world,,,,build_ressam_unified_manifest.py,2026-08-10,mode=L; source_archive=gpr_data.zip
res_sam,core,res_sam:real_world:pipe:79,pipe,dataset_folder_name,GPR_data/real_world/pipe/79.jpg,<LOCAL_DATA_ROOT>\external_assets\res_sam_data\GPR_data\real_world\pipe\79.jpg,84faaacb31bd33ad47a03722d6b9dc400f3c6582d6095052be0ef5e439e73128,,real_world,,,,,,,,published_res_sam_image_export_v1,jpg,535,321,0,,,,real_world,,,,build_ressam_unified_manifest.py,2026-08-10,mode=L; source_archive=gpr_data.zip
res_sam,core,res_sam:real_world:pipe:8,pipe,dataset_folder_name,GPR_data/real_world/pipe/8.jpg,<LOCAL_DATA_ROOT>\external_assets\res_sam_data\GPR_data\real_world\pipe\8.jpg,e0f336c85ef048c0baad66fbb04e026bc6328a6d78ef0ee219fab587b8db4ff5,,real_world,,,,,,,,published_res_sam_image_export_v1,jpg,369,369,0,,,,real_world,,,,build_ressam_unified_manifest.py,2026-08-10,mode=RGB; source_archive=gpr_data.zip
res_sam,core,res_sam:real_world:pipe:80,pipe,dataset_folder_name,GPR_data/real_world/pipe/80.jpg,<LOCAL_DATA_ROOT>\external_assets\res_sam_data\GPR_data\real_world\pipe\80.jpg,2cb0cf7cc10930ad9f8487aea18223d9043d34ed1389f4d768de788943f1051c,,real_world,,,,,,,,published_res_sam_image_export_v1,jpg,369,369,0,,,,real_world,,,,build_ressam_unified_manifest.py,2026-08-10,mode=RGB; source_archive=gpr_data.zip
res_sam,core,res_sam:real_world:pipe:81,pipe,dataset_folder_name,GPR_data/real_world/pipe/81.jpg,<LOCAL_DATA_ROOT>\external_assets\res_sam_data\GPR_data\real_world\pipe\81.jpg,a72558659d536c516aa4570d39cddac61261948b0610187094594e6ce41ec9b0,,real_world,,,,,,,,published_res_sam_image_export_v1,jpg,369,369,0,,,,real_world,,,,build_ressam_unified_manifest.py,2026-08-10,mode=RGB; source_archive=gpr_data.zip
res_sam,core,res_sam:real_world:pipe:82,pipe,dataset_folder_name,GPR_data/real_world/pipe/82.jpg,<LOCAL_DATA_ROOT>\external_assets\res_sam_data\GPR_data\real_world\pipe\82.jpg,043a17285ebcc27d280bacda1a3d8c74d92b820ea01d852c4b8cbbe984c43981,,real_world,,,,,,,,published_res_sam_image_export_v1,jpg,369,369,0,,,,real_world,,,,build_ressam_unified_manifest.py,2026-08-10,mode=RGB; source_archive=gpr_data.zip
res_sam,core,res_sam:real_world:pipe:83,pipe,dataset_folder_name,GPR_data/real_world/pipe/83.jpg,<LOCAL_DATA_ROOT>\external_assets\res_sam_data\GPR_data\real_world\pipe\83.jpg,cab13e75a125861024344a49a5fd0844e82e6fa119f6c4030e3236ce41df9a56,,real_world,,,,,,,,published_res_sam_image_export_v1,jpg,369,369,0,,,,real_world,,,,build_ressam_unified_manifest.py,2026-08-10,mode=RGB; source_archive=gpr_data.zip
res_sam,core,res_sam:real_world:pipe:84,pipe,dataset_folder_name,GPR_data/real_world/pipe/84.jpg,<LOCAL_DATA_ROOT>\external_assets\res_sam_data\GPR_data\real_world\pipe\84.jpg,88712915afbb9301bee240b92403591e3c927a8c9d4d36ec4272a9ec778877ee,,real_world,,,,,,,,published_res_sam_image_export_v1,jpg,369,369,0,,,,real_world,,,,build_ressam_unified_manifest.py,2026-08-10,mode=RGB; source_archive=gpr_data.zip
res_sam,core,res_sam:real_world:pipe:85,pipe,dataset_folder_name,GPR_data/real_world/pipe/85.jpg,<LOCAL_DATA_ROOT>\external_assets\res_sam_data\GPR_data\real_world\pipe\85.jpg,3afd68263069ff65f88071d037fcde16599eabed0d346abd677a3ebcc2049d6a,,real_world,,,,,,,,published_res_sam_image_export_v1,jpg,369,369,0,,,,real_world,,,,build_ressam_unified_manifest.py,2026-08-10,mode=RGB; source_archive=gpr_data.zip
res_sam,core,res_sam:real_world:pipe:86,pipe,dataset_folder_name,GPR_data/real_world/pipe/86.jpg,<LOCAL_DATA_ROOT>\external_assets\res_sam_data\GPR_data\real_world\pipe\86.jpg,b316d3bb93776c84eb3c52914548a5cac9eecc30bd8f0fdab6d9fce256461ba8,,real_world,,,,,,,,published_res_sam_image_export_v1,jpg,369,369,0,,,,real_world,,,,build_ressam_unified_manifest.py,2026-08-10,mode=RGB; source_archive=gpr_data.zip
res_sam,core,res_sam:real_world:pipe:87,pipe,dataset_folder_name,GPR_data/real_world/pipe/87.jpg,<LOCAL_DATA_ROOT>\external_assets\res_sam_data\GPR_data\real_world\pipe\87.jpg,84b1292ef833eef8c5b8a987bdd14b23bd8ad8b12527f97b301b494c0912a1e1,,real_world,,,,,,,,published_res_sam_image_export_v1,jpg,369,369,0,,,,real_world,,,,build_ressam_unified_manifest.py,2026-08-10,mode=RGB; source_archive=gpr_data.zip
res_sam,core,res_sam:real_world:pipe:88,pipe,dataset_folder_name,GPR_data/real_world/pipe/88.jpg,<LOCAL_DATA_ROOT>\external_assets\res_sam_data\GPR_data\real_world\pipe\88.jpg,b5794e437b1b13f43e0c6bb02d18633996255448d6c8e0bebfe684a7b362a798,,real_world,,,,,,,,published_res_sam_image_export_v1,jpg,535,321,0,,,,real_world,,,,build_ressam_unified_manifest.py,2026-08-10,mode=L; source_archive=gpr_data.zip
res_sam,core,res_sam:real_world:pipe:89,pipe,dataset_folder_name,GPR_data/real_world/pipe/89.jpg,<LOCAL_DATA_ROOT>\external_assets\res_sam_data\GPR_data\real_world\pipe\89.jpg,9d41a4ea9027d78110f49a94bddc724348460255422b5375d4abbf83c8c61aea,,real_world,,,,,,,,published_res_sam_image_export_v1,jpg,535,321,0,,,,real_world,,,,build_ressam_unified_manifest.py,2026-08-10,mode=L; source_archive=gpr_data.zip
res_sam,core,res_sam:real_world:pipe:9,pipe,dataset_folder_name,GPR_data/real_world/pipe/9.jpg,<LOCAL_DATA_ROOT>\external_assets\res_sam_data\GPR_data\real_world\pipe\9.jpg,bd8f796b35428cbf7c27e5f2537e10c63fe2586b32b1b0fb1644e54c088a9153,,real_world,,,,,,,,published_res_sam_image_export_v1,jpg,535,321,0,,,,real_world,,,,build_ressam_unified_manifest.py,2026-08-10,mode=L; source_archive=gpr_data.zip
res_sam,core,res_sam:real_world:pipe:90,pipe,dataset_folder_name,GPR_data/real_world/pipe/90.jpg,<LOCAL_DATA_ROOT>\external_assets\res_sam_data\GPR_data\real_world\pipe\90.jpg,bc5c83822fa88a5691ba33ada344b833c9027fa3a46c9293ec98a7f87c5600fc,,real_world,,,,,,,,published_res_sam_image_export_v1,jpg,535,321,0,,,,real_world,,,,build_ressam_unified_manifest.py,2026-08-10,mode=L; source_archive=gpr_data.zip
res_sam,core,res_sam:real_world:pipe:91,pipe,dataset_folder_name,GPR_data/real_world/pipe/91.jpg,<LOCAL_DATA_ROOT>\external_assets\res_sam_data\GPR_data\real_world\pipe\91.jpg,9b03cbc5caedcb996cde76732e1f32f6c1b80f5f04ce7fe950045ab048432610,,real_world,,,,,,,,published_res_sam_image_export_v1,jpg,535,321,0,,,,real_world,,,,build_ressam_unified_manifest.py,2026-08-10,mode=L; source_archive=gpr_data.zip
res_sam,core,res_sam:real_world:pipe:92,pipe,dataset_folder_name,GPR_data/real_world/pipe/92.jpg,<LOCAL_DATA_ROOT>\external_assets\res_sam_data\GPR_data\real_world\pipe\92.jpg,521729232780386f7b7f5e553b99f298d5087b580b05e84c8463e29fa0741189,,real_world,,,,,,,,published_res_sam_image_export_v1,jpg,535,321,0,,,,real_world,,,,build_ressam_unified_manifest.py,2026-08-10,mode=L; source_archive=gpr_data.zip
res_sam,core,res_sam:real_world:pipe:93,pipe,dataset_folder_name,GPR_data/real_world/pipe/93.jpg,<LOCAL_DATA_ROOT>\external_assets\res_sam_data\GPR_data\real_world\pipe\93.jpg,c0909106336ca27daa60c90c9c0c20718ce621920261e11668df2061ea061901,,real_world,,,,,,,,published_res_sam_image_export_v1,jpg,535,321,0,,,,real_world,,,,build_ressam_unified_manifest.py,2026-08-10,mode=L; source_archive=gpr_data.zip
res_sam,core,res_sam:real_world:pipe:94,pipe,dataset_folder_name,GPR_data/real_world/pipe/94.jpg,<LOCAL_DATA_ROOT>\external_assets\res_sam_data\GPR_data\real_world\pipe\94.jpg,4927794f86b34fefe176062d81339908c3515f00f001c0b1205bf20e74e826ca,,real_world,,,,,,,,published_res_sam_image_export_v1,jpg,535,321,0,,,,real_world,,,,build_ressam_unified_manifest.py,2026-08-10,mode=L; source_archive=gpr_data.zip
res_sam,core,res_sam:real_world:pipe:95,pipe,dataset_folder_name,GPR_data/real_world/pipe/95.jpg,<LOCAL_DATA_ROOT>\external_assets\res_sam_data\GPR_data\real_world\pipe\95.jpg,2c1aed0c200c889b6d6ec5759ef0250ce923604a2f39e2ff81edd0bf54535194,,real_world,,,,,,,,published_res_sam_image_export_v1,jpg,535,321,0,,,,real_world,,,,build_ressam_unified_manifest.py,2026-08-10,mode=L; source_archive=gpr_data.zip
res_sam,core,res_sam:real_world:pipe:96,pipe,dataset_folder_name,GPR_data/real_world/pipe/96.jpg,<LOCAL_DATA_ROOT>\external_assets\res_sam_data\GPR_data\real_world\pipe\96.jpg,d53b3d42ce0d7794d3a46ab4140f88dacff7292e70133726431b3256b69820f2,,real_world,,,,,,,,published_res_sam_image_export_v1,jpg,535,321,0,,,,real_world,,,,build_ressam_unified_manifest.py,2026-08-10,mode=L; source_archive=gpr_data.zip
res_sam,core,res_sam:real_world:pipe:97,pipe,dataset_folder_name,GPR_data/real_world/pipe/97.jpg,<LOCAL_DATA_ROOT>\external_assets\res_sam_data\GPR_data\real_world\pipe\97.jpg,e8f738e7d807dbace69005944f0dbfbc86d6df5d1ba5aab43d33c6bf574c6b5c,,real_world,,,,,,,,published_res_sam_image_export_v1,jpg,369,369,0,,,,real_world,,,,build_ressam_unified_manifest.py,2026-08-10,mode=RGB; source_archive=gpr_data.zip
res_sam,core,res_sam:real_world:pipe:98,pipe,dataset_folder_name,GPR_data/real_world/pipe/98.jpg,<LOCAL_DATA_ROOT>\external_assets\res_sam_data\GPR_data\real_world\pipe\98.jpg,7962b9f5f072d638dea1175ecd5a6848a81d6ec3fe5c80497d7124557e23fc76,,real_world,,,,,,,,published_res_sam_image_export_v1,jpg,535,321,0,,,,real_world,,,,build_ressam_unified_manifest.py,2026-08-10,mode=L; source_archive=gpr_data.zip
res_sam,core,res_sam:real_world:pipe:99,pipe,dataset_folder_name,GPR_data/real_world/pipe/99.jpg,<LOCAL_DATA_ROOT>\external_assets\res_sam_data\GPR_data\real_world\pipe\99.jpg,291e09a58397cf805bb4baa57db02d1ac8a2facbaa216f8564f9106e83b60ff4,,real_world,,,,,,,,published_res_sam_image_export_v1,jpg,369,369,0,,,,real_world,,,,build_ressam_unified_manifest.py,2026-08-10,mode=RGB; source_archive=gpr_data.zip
res_sam,core,res_sam:synthetic:cavity:0001,cavity,dataset_folder_name,GPR_data/synthetic/cavity/0001.jpg,<LOCAL_DATA_ROOT>\external_assets\res_sam_data\GPR_data\synthetic\cavity\0001.jpg,f551e664c0023f786655dec70deade8b1c76e3d349311074f630ea052e34a223,,synthetic,,,,,,,,published_res_sam_image_export_v1,jpg,224,224,0,,,,synthetic,,,,build_ressam_unified_manifest.py,2026-08-10,mode=L; source_archive=gpr_data.zip
res_sam,core,res_sam:synthetic:cavity:0002,cavity,dataset_folder_name,GPR_data/synthetic/cavity/0002.jpg,<LOCAL_DATA_ROOT>\external_assets\res_sam_data\GPR_data\synthetic\cavity\0002.jpg,7ca763fbd1ba12c968605f24815869723084146ab60fc01fd3c1caec7253c381,,synthetic,,,,,,,,published_res_sam_image_export_v1,jpg,224,224,0,,,,synthetic,,,,build_ressam_unified_manifest.py,2026-08-10,mode=L; source_archive=gpr_data.zip
res_sam,core,res_sam:synthetic:cavity:0003,cavity,dataset_folder_name,GPR_data/synthetic/cavity/0003.jpg,<LOCAL_DATA_ROOT>\external_assets\res_sam_data\GPR_data\synthetic\cavity\0003.jpg,2329521becb8af2e37d56f5c25121c8e150e24b42d2d47f41014db1b8e7025dd,,synthetic,,,,,,,,published_res_sam_image_export_v1,jpg,224,224,0,,,,synthetic,,,,build_ressam_unified_manifest.py,2026-08-10,mode=L; source_archive=gpr_data.zip
res_sam,core,res_sam:synthetic:cavity:0004,cavity,dataset_folder_name,GPR_data/synthetic/cavity/0004.jpg,<LOCAL_DATA_ROOT>\external_assets\res_sam_data\GPR_data\synthetic\cavity\0004.jpg,dee4076397c524b0e38b7d361afee54d7b9c7dbf59b46ca104f17cd6adc009a1,,synthetic,,,,,,,,published_res_sam_image_export_v1,jpg,224,224,0,,,,synthetic,,,,build_ressam_unified_manifest.py,2026-08-10,mode=L; source_archive=gpr_data.zip
res_sam,core,res_sam:synthetic:cavity:0005,cavity,dataset_folder_name,GPR_data/synthetic/cavity/0005.jpg,<LOCAL_DATA_ROOT>\external_assets\res_sam_data\GPR_data\synthetic\cavity\0005.jpg,72996cff8a344dab0ebc29a4f2ebd281825bac1c39376852f93da10572105eec,,synthetic,,,,,,,,published_res_sam_image_export_v1,jpg,224,224,0,,,,synthetic,,,,build_ressam_unified_manifest.py,2026-08-10,mode=L; source_archive=gpr_data.zip
res_sam,core,res_sam:synthetic:cavity:0006,cavity,dataset_folder_name,GPR_data/synthetic/cavity/0006.jpg,<LOCAL_DATA_ROOT>\external_assets\res_sam_data\GPR_data\synthetic\cavity\0006.jpg,ebba052ce47136d3e895c35115e1748a841e65e70c9fba86dafef2a2d4c28ef0,,synthetic,,,,,,,,published_res_sam_image_export_v1,jpg,224,224,0,,,,synthetic,,,,build_ressam_unified_manifest.py,2026-08-10,mode=L; source_archive=gpr_data.zip
res_sam,core,res_sam:synthetic:cavity:0007,cavity,dataset_folder_name,GPR_data/synthetic/cavity/0007.jpg,<LOCAL_DATA_ROOT>\external_assets\res_sam_data\GPR_data\synthetic\cavity\0007.jpg,db51a59624c97c17977d60fa7cfa55f1774a68eb6ccd8755ecfcba3d79f94241,,synthetic,,,,,,,,published_res_sam_image_export_v1,jpg,224,224,0,,,,synthetic,,,,build_ressam_unified_manifest.py,2026-08-10,mode=L; source_archive=gpr_data.zip
res_sam,core,res_sam:synthetic:cavity:0008,cavity,dataset_folder_name,GPR_data/synthetic/cavity/0008.jpg,<LOCAL_DATA_ROOT>\external_assets\res_sam_data\GPR_data\synthetic\cavity\0008.jpg,ce190eb0b8640ab05a5884847c05cd93538077d973c9688c5cb0f408520fd936,,synthetic,,,,,,,,published_res_sam_image_export_v1,jpg,224,224,0,,,,synthetic,,,,build_ressam_unified_manifest.py,2026-08-10,mode=L; source_archive=gpr_data.zip
res_sam,core,res_sam:synthetic:cavity:0009,cavity,dataset_folder_name,GPR_data/synthetic/cavity/0009.jpg,<LOCAL_DATA_ROOT>\external_assets\res_sam_data\GPR_data\synthetic\cavity\0009.jpg,4c9cbdc1ed6df7b1b1eb92607057400bdd8db3bdcb7d083563e03165b7d3edbf,,synthetic,,,,,,,,published_res_sam_image_export_v1,jpg,224,224,0,,,,synthetic,,,,build_ressam_unified_manifest.py,2026-08-10,mode=L; source_archive=gpr_data.zip
res_sam,core,res_sam:synthetic:cavity:0010,cavity,dataset_folder_name,GPR_data/synthetic/cavity/0010.jpg,<LOCAL_DATA_ROOT>\external_assets\res_sam_data\GPR_data\synthetic\cavity\0010.jpg,e98d86479453b75ccd9da8c0587dd986cdafe8624c223a3d437bbdd3131f06f7,,synthetic,,,,,,,,published_res_sam_image_export_v1,jpg,224,224,0,,,,synthetic,,,,build_ressam_unified_manifest.py,2026-08-10,mode=L; source_archive=gpr_data.zip
res_sam,core,res_sam:synthetic:cavity:0011,cavity,dataset_folder_name,GPR_data/synthetic/cavity/0011.jpg,<LOCAL_DATA_ROOT>\external_assets\res_sam_data\GPR_data\synthetic\cavity\0011.jpg,3dcf36ac02b14ab9439673791a5d1011530a55ac39286b396bb864070711017c,,synthetic,,,,,,,,published_res_sam_image_export_v1,jpg,224,224,0,,,,synthetic,,,,build_ressam_unified_manifest.py,2026-08-10,mode=L; source_archive=gpr_data.zip
res_sam,core,res_sam:synthetic:cavity:0012,cavity,dataset_folder_name,GPR_data/synthetic/cavity/0012.jpg,<LOCAL_DATA_ROOT>\external_assets\res_sam_data\GPR_data\synthetic\cavity\0012.jpg,38083d55d5792b2e5f1ff3cf12bda1dcc24e2c63ee152484e99e3501b5b3d904,,synthetic,,,,,,,,published_res_sam_image_export_v1,jpg,224,224,0,,,,synthetic,,,,build_ressam_unified_manifest.py,2026-08-10,mode=L; source_archive=gpr_data.zip
res_sam,core,res_sam:synthetic:cavity:0013,cavity,dataset_folder_name,GPR_data/synthetic/cavity/0013.jpg,<LOCAL_DATA_ROOT>\external_assets\res_sam_data\GPR_data\synthetic\cavity\0013.jpg,9754e88927b297e33ab729cd6f10b86cd800e0c69fbddf673422d3cd41470446,,synthetic,,,,,,,,published_res_sam_image_export_v1,jpg,224,224,0,,,,synthetic,,,,build_ressam_unified_manifest.py,2026-08-10,mode=L; source_archive=gpr_data.zip
res_sam,core,res_sam:synthetic:cavity:0014,cavity,dataset_folder_name,GPR_data/synthetic/cavity/0014.jpg,<LOCAL_DATA_ROOT>\external_assets\res_sam_data\GPR_data\synthetic\cavity\0014.jpg,b41692d723329daa0089f450ee7038f95f99e53ac9d4ac37c58ab6f7e43e2787,,synthetic,,,,,,,,published_res_sam_image_export_v1,jpg,224,224,0,,,,synthetic,,,,build_ressam_unified_manifest.py,2026-08-10,mode=L; source_archive=gpr_data.zip
res_sam,core,res_sam:synthetic:cavity:0015,cavity,dataset_folder_name,GPR_data/synthetic/cavity/0015.jpg,<LOCAL_DATA_ROOT>\external_assets\res_sam_data\GPR_data\synthetic\cavity\0015.jpg,599820c995934b7d45c6d123f9618aa37dc59dc381d171eb32964ad2ea64b573,,synthetic,,,,,,,,published_res_sam_image_export_v1,jpg,224,224,0,,,,synthetic,,,,build_ressam_unified_manifest.py,2026-08-10,mode=L; source_archive=gpr_data.zip
res_sam,core,res_sam:synthetic:cavity:0016,cavity,dataset_folder_name,GPR_data/synthetic/cavity/0016.jpg,<LOCAL_DATA_ROOT>\external_assets\res_sam_data\GPR_data\synthetic\cavity\0016.jpg,c9b6a194f9c727268cee382e332874ab113e868f076e90885d41f0bb1f30e006,,synthetic,,,,,,,,published_res_sam_image_export_v1,jpg,224,224,0,,,,synthetic,,,,build_ressam_unified_manifest.py,2026-08-10,mode=L; source_archive=gpr_data.zip
res_sam,core,res_sam:synthetic:cavity:0017,cavity,dataset_folder_name,GPR_data/synthetic/cavity/0017.jpg,<LOCAL_DATA_ROOT>\external_assets\res_sam_data\GPR_data\synthetic\cavity\0017.jpg,c04a1fc64978fe6b3625299d3d2632a8b9423b50a998f91271a13dcf33f13337,,synthetic,,,,,,,,published_res_sam_image_export_v1,jpg,224,224,0,,,,synthetic,,,,build_ressam_unified_manifest.py,2026-08-10,mode=L; source_archive=gpr_data.zip
res_sam,core,res_sam:synthetic:cavity:0018,cavity,dataset_folder_name,GPR_data/synthetic/cavity/0018.jpg,<LOCAL_DATA_ROOT>\external_assets\res_sam_data\GPR_data\synthetic\cavity\0018.jpg,072be2fad78ab884e0b4c89d547337b25b69122b54e25bd4d95697e6a0cb04ad,,synthetic,,,,,,,,published_res_sam_image_export_v1,jpg,224,224,0,,,,synthetic,,,,build_ressam_unified_manifest.py,2026-08-10,mode=L; source_archive=gpr_data.zip
res_sam,core,res_sam:synthetic:cavity:0019,cavity,dataset_folder_name,GPR_data/synthetic/cavity/0019.jpg,<LOCAL_DATA_ROOT>\external_assets\res_sam_data\GPR_data\synthetic\cavity\0019.jpg,82aba02d6e7dffc6be24f090c70569792932fc3361eaffacda0f18712e2405e2,,synthetic,,,,,,,,published_res_sam_image_export_v1,jpg,224,224,0,,,,synthetic,,,,build_ressam_unified_manifest.py,2026-08-10,mode=L; source_archive=gpr_data.zip
res_sam,core,res_sam:synthetic:cavity:0020,cavity,dataset_folder_name,GPR_data/synthetic/cavity/0020.jpg,<LOCAL_DATA_ROOT>\external_assets\res_sam_data\GPR_data\synthetic\cavity\0020.jpg,4530d7b80f9c832bd22252c170ff306f060bcf1c9b25fb83c4b2fda05d76fe6b,,synthetic,,,,,,,,published_res_sam_image_export_v1,jpg,224,224,0,,,,synthetic,,,,build_ressam_unified_manifest.py,2026-08-10,mode=L; source_archive=gpr_data.zip
res_sam,core,res_sam:synthetic:cavity:0021,cavity,dataset_folder_name,GPR_data/synthetic/cavity/0021.jpg,<LOCAL_DATA_ROOT>\external_assets\res_sam_data\GPR_data\synthetic\cavity\0021.jpg,80de15f27928ab3e7365e2389c8241fd926cb2816ea85a9eda7d98961be72539,,synthetic,,,,,,,,published_res_sam_image_export_v1,jpg,224,224,0,,,,synthetic,,,,build_ressam_unified_manifest.py,2026-08-10,mode=L; source_archive=gpr_data.zip
res_sam,core,res_sam:synthetic:cavity:0022,cavity,dataset_folder_name,GPR_data/synthetic/cavity/0022.jpg,<LOCAL_DATA_ROOT>\external_assets\res_sam_data\GPR_data\synthetic\cavity\0022.jpg,0efd042ecc2a7556ae5a1454008be23af34dccda397346ac5c64fef7da003c15,,synthetic,,,,,,,,published_res_sam_image_export_v1,jpg,224,224,0,,,,synthetic,,,,build_ressam_unified_manifest.py,2026-08-10,mode=L; source_archive=gpr_data.zip
res_sam,core,res_sam:synthetic:cavity:0023,cavity,dataset_folder_name,GPR_data/synthetic/cavity/0023.jpg,<LOCAL_DATA_ROOT>\external_assets\res_sam_data\GPR_data\synthetic\cavity\0023.jpg,2e4551e5d44ffcf89a6417396d7fde4910e914bd2e998f45bbc79441b64d9059,,synthetic,,,,,,,,published_res_sam_image_export_v1,jpg,224,224,0,,,,synthetic,,,,build_ressam_unified_manifest.py,2026-08-10,mode=L; source_archive=gpr_data.zip
res_sam,core,res_sam:synthetic:cavity:0024,cavity,dataset_folder_name,GPR_data/synthetic/cavity/0024.jpg,<LOCAL_DATA_ROOT>\external_assets\res_sam_data\GPR_data\synthetic\cavity\0024.jpg,b36f424bd82fc87ed1a8bb19fa86285aec907491926125276a89b5b4dbe59129,,synthetic,,,,,,,,published_res_sam_image_export_v1,jpg,224,224,0,,,,synthetic,,,,build_ressam_unified_manifest.py,2026-08-10,mode=L; source_archive=gpr_data.zip
res_sam,core,res_sam:synthetic:cavity:0025,cavity,dataset_folder_name,GPR_data/synthetic/cavity/0025.jpg,<LOCAL_DATA_ROOT>\external_assets\res_sam_data\GPR_data\synthetic\cavity\0025.jpg,2fea7d83ee7aba60a1d353704ac6aa9c1fe49cd6c987ac97240f711fe60316ab,,synthetic,,,,,,,,published_res_sam_image_export_v1,jpg,224,224,0,,,,synthetic,,,,build_ressam_unified_manifest.py,2026-08-10,mode=L; source_archive=gpr_data.zip
res_sam,core,res_sam:synthetic:cavity:0026,cavity,dataset_folder_name,GPR_data/synthetic/cavity/0026.jpg,<LOCAL_DATA_ROOT>\external_assets\res_sam_data\GPR_data\synthetic\cavity\0026.jpg,950914ff8fad2291ff1316e7caffe7f6e45a8205b3c1a9e4140d2f9edb909518,,synthetic,,,,,,,,published_res_sam_image_export_v1,jpg,224,224,0,,,,synthetic,,,,build_ressam_unified_manifest.py,2026-08-10,mode=L; source_archive=gpr_data.zip
res_sam,core,res_sam:synthetic:cavity:0027,cavity,dataset_folder_name,GPR_data/synthetic/cavity/0027.jpg,<LOCAL_DATA_ROOT>\external_assets\res_sam_data\GPR_data\synthetic\cavity\0027.jpg,26b13504033f61c93697c5faf46a277363de39a71ab1fdd11b929ccbeb3b650c,,synthetic,,,,,,,,published_res_sam_image_export_v1,jpg,224,224,0,,,,synthetic,,,,build_ressam_unified_manifest.py,2026-08-10,mode=L; source_archive=gpr_data.zip
res_sam,core,res_sam:synthetic:cavity:0028,cavity,dataset_folder_name,GPR_data/synthetic/cavity/0028.jpg,<LOCAL_DATA_ROOT>\external_assets\res_sam_data\GPR_data\synthetic\cavity\0028.jpg,d50349ad406c6f036660b7d1e7f9f237b3eb5920474cad92a48650c1da62f929,,synthetic,,,,,,,,published_res_sam_image_export_v1,jpg,224,224,0,,,,synthetic,,,,build_ressam_unified_manifest.py,2026-08-10,mode=L; source_archive=gpr_data.zip
res_sam,core,res_sam:synthetic:cavity:0029,cavity,dataset_folder_name,GPR_data/synthetic/cavity/0029.jpg,<LOCAL_DATA_ROOT>\external_assets\res_sam_data\GPR_data\synthetic\cavity\0029.jpg,cf4bf87c1bfb8f8abd739acb3ad51fe87639a1fe0ed1e34c715968076d8cc107,,synthetic,,,,,,,,published_res_sam_image_export_v1,jpg,224,224,0,,,,synthetic,,,,build_ressam_unified_manifest.py,2026-08-10,mode=L; source_archive=gpr_data.zip
res_sam,core,res_sam:synthetic:cavity:0030,cavity,dataset_folder_name,GPR_data/synthetic/cavity/0030.jpg,<LOCAL_DATA_ROOT>\external_assets\res_sam_data\GPR_data\synthetic\cavity\0030.jpg,57461012a72754e2b4a4045be9da6f42b4ce1849eaebb92d3d563f360af5ecb6,,synthetic,,,,,,,,published_res_sam_image_export_v1,jpg,224,224,0,,,,synthetic,,,,build_ressam_unified_manifest.py,2026-08-10,mode=L; source_archive=gpr_data.zip
res_sam,core,res_sam:synthetic:cavity:0031,cavity,dataset_folder_name,GPR_data/synthetic/cavity/0031.jpg,<LOCAL_DATA_ROOT>\external_assets\res_sam_data\GPR_data\synthetic\cavity\0031.jpg,fd03160b7257f621542ddf6511414385281f1fe10b93d7ee3bb413282778e817,,synthetic,,,,,,,,published_res_sam_image_export_v1,jpg,224,224,0,,,,synthetic,,,,build_ressam_unified_manifest.py,2026-08-10,mode=L; source_archive=gpr_data.zip
res_sam,core,res_sam:synthetic:cavity:0032,cavity,dataset_folder_name,GPR_data/synthetic/cavity/0032.jpg,<LOCAL_DATA_ROOT>\external_assets\res_sam_data\GPR_data\synthetic\cavity\0032.jpg,4ca054909de5b01b9ee6eeb2b08e66f0c047b2bace4bee78ebff0d7d20d0174f,,synthetic,,,,,,,,published_res_sam_image_export_v1,jpg,224,224,0,,,,synthetic,,,,build_ressam_unified_manifest.py,2026-08-10,mode=L; source_archive=gpr_data.zip
res_sam,core,res_sam:synthetic:cavity:0033,cavity,dataset_folder_name,GPR_data/synthetic/cavity/0033.jpg,<LOCAL_DATA_ROOT>\external_assets\res_sam_data\GPR_data\synthetic\cavity\0033.jpg,8258e1839c210a8d9d8048aae6a6b65582824b0e6d3922f77fa29ba1668cefec,,synthetic,,,,,,,,published_res_sam_image_export_v1,jpg,224,224,0,,,,synthetic,,,,build_ressam_unified_manifest.py,2026-08-10,mode=L; source_archive=gpr_data.zip
res_sam,core,res_sam:synthetic:cavity:0034,cavity,dataset_folder_name,GPR_data/synthetic/cavity/0034.jpg,<LOCAL_DATA_ROOT>\external_assets\res_sam_data\GPR_data\synthetic\cavity\0034.jpg,6305aff37dff3d31b097a0d10a72fcf7277ffbb6381d4491a520bab59ed028eb,,synthetic,,,,,,,,published_res_sam_image_export_v1,jpg,224,224,0,,,,synthetic,,,,build_ressam_unified_manifest.py,2026-08-10,mode=L; source_archive=gpr_data.zip
res_sam,core,res_sam:synthetic:cavity:0035,cavity,dataset_folder_name,GPR_data/synthetic/cavity/0035.jpg,<LOCAL_DATA_ROOT>\external_assets\res_sam_data\GPR_data\synthetic\cavity\0035.jpg,01dab2c09b764d61e7854c858bebe17d62923c8d037ed07019f3d15d980470fb,,synthetic,,,,,,,,published_res_sam_image_export_v1,jpg,224,224,0,,,,synthetic,,,,build_ressam_unified_manifest.py,2026-08-10,mode=L; source_archive=gpr_data.zip
res_sam,core,res_sam:synthetic:cavity:0036,cavity,dataset_folder_name,GPR_data/synthetic/cavity/0036.jpg,<LOCAL_DATA_ROOT>\external_assets\res_sam_data\GPR_data\synthetic\cavity\0036.jpg,bbfc1dbfbae6081191e8a4004eb6ac9e5e2ae6dee6a345877466148e60f5aaff,,synthetic,,,,,,,,published_res_sam_image_export_v1,jpg,224,224,0,,,,synthetic,,,,build_ressam_unified_manifest.py,2026-08-10,mode=L; source_archive=gpr_data.zip
res_sam,core,res_sam:synthetic:cavity:0037,cavity,dataset_folder_name,GPR_data/synthetic/cavity/0037.jpg,<LOCAL_DATA_ROOT>\external_assets\res_sam_data\GPR_data\synthetic\cavity\0037.jpg,68619e0b7a0357c878c547989dd1becef14dc0852523dd7db2c7ad8b053f965d,,synthetic,,,,,,,,published_res_sam_image_export_v1,jpg,224,224,0,,,,synthetic,,,,build_ressam_unified_manifest.py,2026-08-10,mode=L; source_archive=gpr_data.zip
res_sam,core,res_sam:synthetic:cavity:0038,cavity,dataset_folder_name,GPR_data/synthetic/cavity/0038.jpg,<LOCAL_DATA_ROOT>\external_assets\res_sam_data\GPR_data\synthetic\cavity\0038.jpg,8a70a0609def2f3e2225b323945db0a42c4747ee7e3df162dbe4e459033fa539,,synthetic,,,,,,,,published_res_sam_image_export_v1,jpg,224,224,0,,,,synthetic,,,,build_ressam_unified_manifest.py,2026-08-10,mode=L; source_archive=gpr_data.zip
res_sam,core,res_sam:synthetic:cavity:0039,cavity,dataset_folder_name,GPR_data/synthetic/cavity/0039.jpg,<LOCAL_DATA_ROOT>\external_assets\res_sam_data\GPR_data\synthetic\cavity\0039.jpg,a4874e4553b7bd3851a9b3dc3cf1ee830efb6a450d35e7b31de891ce41350027,,synthetic,,,,,,,,published_res_sam_image_export_v1,jpg,224,224,0,,,,synthetic,,,,build_ressam_unified_manifest.py,2026-08-10,mode=L; source_archive=gpr_data.zip
res_sam,core,res_sam:synthetic:cavity:0040,cavity,dataset_folder_name,GPR_data/synthetic/cavity/0040.jpg,<LOCAL_DATA_ROOT>\external_assets\res_sam_data\GPR_data\synthetic\cavity\0040.jpg,21b295cc7bbf3942207ea5f038e154093d9074b654be6081d9431b305766329c,,synthetic,,,,,,,,published_res_sam_image_export_v1,jpg,224,224,0,,,,synthetic,,,,build_ressam_unified_manifest.py,2026-08-10,mode=L; source_archive=gpr_data.zip
res_sam,core,res_sam:synthetic:cavity:0041,cavity,dataset_folder_name,GPR_data/synthetic/cavity/0041.jpg,<LOCAL_DATA_ROOT>\external_assets\res_sam_data\GPR_data\synthetic\cavity\0041.jpg,ffb83e54a1bf3477536fe6d0f0d96a61f1de27234932cd045dff4d495d03c616,,synthetic,,,,,,,,published_res_sam_image_export_v1,jpg,224,224,0,,,,synthetic,,,,build_ressam_unified_manifest.py,2026-08-10,mode=L; source_archive=gpr_data.zip
res_sam,core,res_sam:synthetic:cavity:0042,cavity,dataset_folder_name,GPR_data/synthetic/cavity/0042.jpg,<LOCAL_DATA_ROOT>\external_assets\res_sam_data\GPR_data\synthetic\cavity\0042.jpg,b4dca3df074271e17ed347bef5edc2faff13bb693ff86e9faebe12fda6db72b1,,synthetic,,,,,,,,published_res_sam_image_export_v1,jpg,224,224,0,,,,synthetic,,,,build_ressam_unified_manifest.py,2026-08-10,mode=L; source_archive=gpr_data.zip
res_sam,core,res_sam:synthetic:cavity:0043,cavity,dataset_folder_name,GPR_data/synthetic/cavity/0043.jpg,<LOCAL_DATA_ROOT>\external_assets\res_sam_data\GPR_data\synthetic\cavity\0043.jpg,aba9aa7eded72ce24302f1147115045a2bfe6d02b34c1efb118c2c43026b2c1d,,synthetic,,,,,,,,published_res_sam_image_export_v1,jpg,224,224,0,,,,synthetic,,,,build_ressam_unified_manifest.py,2026-08-10,mode=L; source_archive=gpr_data.zip
res_sam,core,res_sam:synthetic:cavity:0044,cavity,dataset_folder_name,GPR_data/synthetic/cavity/0044.jpg,<LOCAL_DATA_ROOT>\external_assets\res_sam_data\GPR_data\synthetic\cavity\0044.jpg,aa401db5dc272cd638d459269a02249e7e51aee70c7023b3c5fdfa1a4bea729a,,synthetic,,,,,,,,published_res_sam_image_export_v1,jpg,224,224,0,,,,synthetic,,,,build_ressam_unified_manifest.py,2026-08-10,mode=L; source_archive=gpr_data.zip
res_sam,core,res_sam:synthetic:cavity:0045,cavity,dataset_folder_name,GPR_data/synthetic/cavity/0045.jpg,<LOCAL_DATA_ROOT>\external_assets\res_sam_data\GPR_data\synthetic\cavity\0045.jpg,0b772827d0fa72fec340d8fa233389ad1deef7e57eab212aff224dd2a248962d,,synthetic,,,,,,,,published_res_sam_image_export_v1,jpg,224,224,0,,,,synthetic,,,,build_ressam_unified_manifest.py,2026-08-10,mode=L; source_archive=gpr_data.zip
res_sam,core,res_sam:synthetic:cavity:0046,cavity,dataset_folder_name,GPR_data/synthetic/cavity/0046.jpg,<LOCAL_DATA_ROOT>\external_assets\res_sam_data\GPR_data\synthetic\cavity\0046.jpg,f0eab9290b664a7bf6c69308a4ab2d7c089f1354dce9878fbaf49e16d2b4a558,,synthetic,,,,,,,,published_res_sam_image_export_v1,jpg,224,224,0,,,,synthetic,,,,build_ressam_unified_manifest.py,2026-08-10,mode=L; source_archive=gpr_data.zip
res_sam,core,res_sam:synthetic:cavity:0047,cavity,dataset_folder_name,GPR_data/synthetic/cavity/0047.jpg,<LOCAL_DATA_ROOT>\external_assets\res_sam_data\GPR_data\synthetic\cavity\0047.jpg,44a5f3c308c4941530561e648d488c277a650637d77989c4f76e31640a8135ca,,synthetic,,,,,,,,published_res_sam_image_export_v1,jpg,224,224,0,,,,synthetic,,,,build_ressam_unified_manifest.py,2026-08-10,mode=L; source_archive=gpr_data.zip
res_sam,core,res_sam:synthetic:cavity:0048,cavity,dataset_folder_name,GPR_data/synthetic/cavity/0048.jpg,<LOCAL_DATA_ROOT>\external_assets\res_sam_data\GPR_data\synthetic\cavity\0048.jpg,81dfe17a0e16bb5bfc5382c180bf68a93c3b98a491496361b729a1cf53cb2595,,synthetic,,,,,,,,published_res_sam_image_export_v1,jpg,224,224,0,,,,synthetic,,,,build_ressam_unified_manifest.py,2026-08-10,mode=L; source_archive=gpr_data.zip
res_sam,core,res_sam:synthetic:cavity:0049,cavity,dataset_folder_name,GPR_data/synthetic/cavity/0049.jpg,<LOCAL_DATA_ROOT>\external_assets\res_sam_data\GPR_data\synthetic\cavity\0049.jpg,aa788d0034e3ddb01f0dc4c5fb398dd45581d0bcac0d72909f2ae1c511d98b59,,synthetic,,,,,,,,published_res_sam_image_export_v1,jpg,224,224,0,,,,synthetic,,,,build_ressam_unified_manifest.py,2026-08-10,mode=L; source_archive=gpr_data.zip
res_sam,core,res_sam:synthetic:cavity:0050,cavity,dataset_folder_name,GPR_data/synthetic/cavity/0050.jpg,<LOCAL_DATA_ROOT>\external_assets\res_sam_data\GPR_data\synthetic\cavity\0050.jpg,4dadebae4c3344bc816f606a68d7c9abe8891c81e6480a515ec8301a2889eea8,,synthetic,,,,,,,,published_res_sam_image_export_v1,jpg,224,224,0,,,,synthetic,,,,build_ressam_unified_manifest.py,2026-08-10,mode=L; source_archive=gpr_data.zip
res_sam,core,res_sam:synthetic:cavity:0051,cavity,dataset_folder_name,GPR_data/synthetic/cavity/0051.jpg,<LOCAL_DATA_ROOT>\external_assets\res_sam_data\GPR_data\synthetic\cavity\0051.jpg,876784b5f466b7a6d3cd847ff63360dde5098b899b05de6fd224c6d4bf05b07e,,synthetic,,,,,,,,published_res_sam_image_export_v1,jpg,224,224,0,,,,synthetic,,,,build_ressam_unified_manifest.py,2026-08-10,mode=L; source_archive=gpr_data.zip
res_sam,core,res_sam:synthetic:cavity:0052,cavity,dataset_folder_name,GPR_data/synthetic/cavity/0052.jpg,<LOCAL_DATA_ROOT>\external_assets\res_sam_data\GPR_data\synthetic\cavity\0052.jpg,1b8bd6409ae78ede6f94224a3492d738ba6cf00a2d878f31a3c2df4d6b8af1ce,,synthetic,,,,,,,,published_res_sam_image_export_v1,jpg,224,224,0,,,,synthetic,,,,build_ressam_unified_manifest.py,2026-08-10,mode=L; source_archive=gpr_data.zip
res_sam,core,res_sam:synthetic:cavity:0053,cavity,dataset_folder_name,GPR_data/synthetic/cavity/0053.jpg,<LOCAL_DATA_ROOT>\external_assets\res_sam_data\GPR_data\synthetic\cavity\0053.jpg,240e88f69f970492c5326626de079463b3b420238eb2633306dde9bbdb5ea595,,synthetic,,,,,,,,published_res_sam_image_export_v1,jpg,224,224,0,,,,synthetic,,,,build_ressam_unified_manifest.py,2026-08-10,mode=L; source_archive=gpr_data.zip
res_sam,core,res_sam:synthetic:cavity:0054,cavity,dataset_folder_name,GPR_data/synthetic/cavity/0054.jpg,<LOCAL_DATA_ROOT>\external_assets\res_sam_data\GPR_data\synthetic\cavity\0054.jpg,1ac0a9244dd1820aaf2e8cf4f1e3768b30aae472438a334d0a295741506a329e,,synthetic,,,,,,,,published_res_sam_image_export_v1,jpg,224,224,0,,,,synthetic,,,,build_ressam_unified_manifest.py,2026-08-10,mode=L; source_archive=gpr_data.zip
res_sam,core,res_sam:synthetic:cavity:0055,cavity,dataset_folder_name,GPR_data/synthetic/cavity/0055.jpg,<LOCAL_DATA_ROOT>\external_assets\res_sam_data\GPR_data\synthetic\cavity\0055.jpg,87c7318fd315a7e31b0b4a6744a63cfabc881988287406c10bdbe52ef7580375,,synthetic,,,,,,,,published_res_sam_image_export_v1,jpg,224,224,0,,,,synthetic,,,,build_ressam_unified_manifest.py,2026-08-10,mode=L; source_archive=gpr_data.zip
res_sam,core,res_sam:synthetic:cavity:0056,cavity,dataset_folder_name,GPR_data/synthetic/cavity/0056.jpg,<LOCAL_DATA_ROOT>\external_assets\res_sam_data\GPR_data\synthetic\cavity\0056.jpg,09df4866ce57cbfd9f134106781c3edb1075e1f97961e68558843a34ba1f830e,,synthetic,,,,,,,,published_res_sam_image_export_v1,jpg,224,224,0,,,,synthetic,,,,build_ressam_unified_manifest.py,2026-08-10,mode=L; source_archive=gpr_data.zip
res_sam,core,res_sam:synthetic:cavity:0057,cavity,dataset_folder_name,GPR_data/synthetic/cavity/0057.jpg,<LOCAL_DATA_ROOT>\external_assets\res_sam_data\GPR_data\synthetic\cavity\0057.jpg,ef2d54a9cffbc66264be48f26ba1d184f672e3e44a5ba41627b8ae3184872c0d,,synthetic,,,,,,,,published_res_sam_image_export_v1,jpg,224,224,0,,,,synthetic,,,,build_ressam_unified_manifest.py,2026-08-10,mode=L; source_archive=gpr_data.zip
res_sam,core,res_sam:synthetic:cavity:0058,cavity,dataset_folder_name,GPR_data/synthetic/cavity/0058.jpg,<LOCAL_DATA_ROOT>\external_assets\res_sam_data\GPR_data\synthetic\cavity\0058.jpg,cfbb97fd8405238159c20b1e38a8c24d802c63db638d59010c468142559a537e,,synthetic,,,,,,,,published_res_sam_image_export_v1,jpg,224,224,0,,,,synthetic,,,,build_ressam_unified_manifest.py,2026-08-10,mode=L; source_archive=gpr_data.zip
res_sam,core,res_sam:synthetic:cavity:0059,cavity,dataset_folder_name,GPR_data/synthetic/cavity/0059.jpg,<LOCAL_DATA_ROOT>\external_assets\res_sam_data\GPR_data\synthetic\cavity\0059.jpg,d30282e5255d55060c07b03991472a3dc528f939f3413e955f9eb59d0654ca2b,,synthetic,,,,,,,,published_res_sam_image_export_v1,jpg,224,224,0,,,,synthetic,,,,build_ressam_unified_manifest.py,2026-08-10,mode=L; source_archive=gpr_data.zip
res_sam,core,res_sam:synthetic:cavity:0060,cavity,dataset_folder_name,GPR_data/synthetic/cavity/0060.jpg,<LOCAL_DATA_ROOT>\external_assets\res_sam_data\GPR_data\synthetic\cavity\0060.jpg,c66dbe2eed6623f0cd7472b806b8a9772516285072075d3c276057ec56c6572b,,synthetic,,,,,,,,published_res_sam_image_export_v1,jpg,224,224,0,,,,synthetic,,,,build_ressam_unified_manifest.py,2026-08-10,mode=L; source_archive=gpr_data.zip
res_sam,core,res_sam:synthetic:cavity:0061,cavity,dataset_folder_name,GPR_data/synthetic/cavity/0061.jpg,<LOCAL_DATA_ROOT>\external_assets\res_sam_data\GPR_data\synthetic\cavity\0061.jpg,be946f290413f82acfd16bd80656f25e4ddb2bf96d4efdb06a477cb9d51b87df,,synthetic,,,,,,,,published_res_sam_image_export_v1,jpg,224,224,0,,,,synthetic,,,,build_ressam_unified_manifest.py,2026-08-10,mode=L; source_archive=gpr_data.zip
res_sam,core,res_sam:synthetic:cavity:0062,cavity,dataset_folder_name,GPR_data/synthetic/cavity/0062.jpg,<LOCAL_DATA_ROOT>\external_assets\res_sam_data\GPR_data\synthetic\cavity\0062.jpg,af9a3dd547feddc8f103243af7ca8ccce71bb1eae14d2910d389abc0780768b6,,synthetic,,,,,,,,published_res_sam_image_export_v1,jpg,224,224,0,,,,synthetic,,,,build_ressam_unified_manifest.py,2026-08-10,mode=L; source_archive=gpr_data.zip
res_sam,core,res_sam:synthetic:cavity:0063,cavity,dataset_folder_name,GPR_data/synthetic/cavity/0063.jpg,<LOCAL_DATA_ROOT>\external_assets\res_sam_data\GPR_data\synthetic\cavity\0063.jpg,e70d52a5163d7cfc412da8792304509b3c100e0b507283eeab17c985f74706d4,,synthetic,,,,,,,,published_res_sam_image_export_v1,jpg,224,224,0,,,,synthetic,,,,build_ressam_unified_manifest.py,2026-08-10,mode=L; source_archive=gpr_data.zip
res_sam,core,res_sam:synthetic:cavity:0064,cavity,dataset_folder_name,GPR_data/synthetic/cavity/0064.jpg,<LOCAL_DATA_ROOT>\external_assets\res_sam_data\GPR_data\synthetic\cavity\0064.jpg,4836352e48faeacb18fb21ca6a80d0785a36c13e3613b7880ccbc6a092bba282,,synthetic,,,,,,,,published_res_sam_image_export_v1,jpg,224,224,0,,,,synthetic,,,,build_ressam_unified_manifest.py,2026-08-10,mode=L; source_archive=gpr_data.zip
res_sam,core,res_sam:synthetic:cavity:0065,cavity,dataset_folder_name,GPR_data/synthetic/cavity/0065.jpg,<LOCAL_DATA_ROOT>\external_assets\res_sam_data\GPR_data\synthetic\cavity\0065.jpg,9361d89683748e938c51ed549914bc3108ced9cc0487760e52cac91536e3d6c5,,synthetic,,,,,,,,published_res_sam_image_export_v1,jpg,224,224,0,,,,synthetic,,,,build_ressam_unified_manifest.py,2026-08-10,mode=L; source_archive=gpr_data.zip
res_sam,core,res_sam:synthetic:cavity:0066,cavity,dataset_folder_name,GPR_data/synthetic/cavity/0066.jpg,<LOCAL_DATA_ROOT>\external_assets\res_sam_data\GPR_data\synthetic\cavity\0066.jpg,106cd5a2d397656a602f678d105d29896ab6a7172eae90f83dafbe62a21ea931,,synthetic,,,,,,,,published_res_sam_image_export_v1,jpg,224,224,0,,,,synthetic,,,,build_ressam_unified_manifest.py,2026-08-10,mode=L; source_archive=gpr_data.zip
res_sam,core,res_sam:synthetic:cavity:0067,cavity,dataset_folder_name,GPR_data/synthetic/cavity/0067.jpg,<LOCAL_DATA_ROOT>\external_assets\res_sam_data\GPR_data\synthetic\cavity\0067.jpg,1019ca21b3b727f9251691598d620ae8310e9060cdcf992fb677e2ed0a5a00ee,,synthetic,,,,,,,,published_res_sam_image_export_v1,jpg,224,224,0,,,,synthetic,,,,build_ressam_unified_manifest.py,2026-08-10,mode=L; source_archive=gpr_data.zip
res_sam,core,res_sam:synthetic:cavity:0068,cavity,dataset_folder_name,GPR_data/synthetic/cavity/0068.jpg,<LOCAL_DATA_ROOT>\external_assets\res_sam_data\GPR_data\synthetic\cavity\0068.jpg,920f5f685878f93535f802ba929f61b111f5b9918826a62f2c1146960d88c795,,synthetic,,,,,,,,published_res_sam_image_export_v1,jpg,224,224,0,,,,synthetic,,,,build_ressam_unified_manifest.py,2026-08-10,mode=L; source_archive=gpr_data.zip
res_sam,core,res_sam:synthetic:cavity:0069,cavity,dataset_folder_name,GPR_data/synthetic/cavity/0069.jpg,<LOCAL_DATA_ROOT>\external_assets\res_sam_data\GPR_data\synthetic\cavity\0069.jpg,6365cc973d59010763f54a591666ac953264066082a8d1e7d632b3b9c7c27c79,,synthetic,,,,,,,,published_res_sam_image_export_v1,jpg,224,224,0,,,,synthetic,,,,build_ressam_unified_manifest.py,2026-08-10,mode=L; source_archive=gpr_data.zip
res_sam,core,res_sam:synthetic:cavity:0070,cavity,dataset_folder_name,GPR_data/synthetic/cavity/0070.jpg,<LOCAL_DATA_ROOT>\external_assets\res_sam_data\GPR_data\synthetic\cavity\0070.jpg,79ea638d08a8c07c5a8cda42a4c7683998116b0927ac6eac9a18aa51c11aaf8d,,synthetic,,,,,,,,published_res_sam_image_export_v1,jpg,224,224,0,,,,synthetic,,,,build_ressam_unified_manifest.py,2026-08-10,mode=L; source_archive=gpr_data.zip
res_sam,core,res_sam:synthetic:cavity:0071,cavity,dataset_folder_name,GPR_data/synthetic/cavity/0071.jpg,<LOCAL_DATA_ROOT>\external_assets\res_sam_data\GPR_data\synthetic\cavity\0071.jpg,3465c8ca0ab9c7e1b3cdaf6df5a07cfa5631aed88a1c99103fd4ed85f19aa1c0,,synthetic,,,,,,,,published_res_sam_image_export_v1,jpg,224,224,0,,,,synthetic,,,,build_ressam_unified_manifest.py,2026-08-10,mode=L; source_archive=gpr_data.zip
res_sam,core,res_sam:synthetic:cavity:0072,cavity,dataset_folder_name,GPR_data/synthetic/cavity/0072.jpg,<LOCAL_DATA_ROOT>\external_assets\res_sam_data\GPR_data\synthetic\cavity\0072.jpg,2a7132b40b1809e9b2d6346fe7ffa5a7bd495989f8c5c2c8a350efaec0c1916a,,synthetic,,,,,,,,published_res_sam_image_export_v1,jpg,224,224,0,,,,synthetic,,,,build_ressam_unified_manifest.py,2026-08-10,mode=L; source_archive=gpr_data.zip
res_sam,core,res_sam:synthetic:cavity:0073,cavity,dataset_folder_name,GPR_data/synthetic/cavity/0073.jpg,<LOCAL_DATA_ROOT>\external_assets\res_sam_data\GPR_data\synthetic\cavity\0073.jpg,f03dd096739a6640ca88fa9b2f7da2edb99a1ced39127d772d2ff265981881b8,,synthetic,,,,,,,,published_res_sam_image_export_v1,jpg,224,224,0,,,,synthetic,,,,build_ressam_unified_manifest.py,2026-08-10,mode=L; source_archive=gpr_data.zip
res_sam,core,res_sam:synthetic:cavity:0074,cavity,dataset_folder_name,GPR_data/synthetic/cavity/0074.jpg,<LOCAL_DATA_ROOT>\external_assets\res_sam_data\GPR_data\synthetic\cavity\0074.jpg,69ed39bac9403587abc2972e9cff98ca7602588e95a31c72b3edf82998021c9d,,synthetic,,,,,,,,published_res_sam_image_export_v1,jpg,224,224,0,,,,synthetic,,,,build_ressam_unified_manifest.py,2026-08-10,mode=L; source_archive=gpr_data.zip
res_sam,core,res_sam:synthetic:cavity:0075,cavity,dataset_folder_name,GPR_data/synthetic/cavity/0075.jpg,<LOCAL_DATA_ROOT>\external_assets\res_sam_data\GPR_data\synthetic\cavity\0075.jpg,feabeb14816d4a21efb4ea9d974bbe583a774c1cca5ea333c082959b9a6a43b1,,synthetic,,,,,,,,published_res_sam_image_export_v1,jpg,224,224,0,,,,synthetic,,,,build_ressam_unified_manifest.py,2026-08-10,mode=L; source_archive=gpr_data.zip
res_sam,core,res_sam:synthetic:cavity:0076,cavity,dataset_folder_name,GPR_data/synthetic/cavity/0076.jpg,<LOCAL_DATA_ROOT>\external_assets\res_sam_data\GPR_data\synthetic\cavity\0076.jpg,7412caa1da5b030973be8fe5e8dab0000698cb0c1a12dc0926e8decc9777e159,,synthetic,,,,,,,,published_res_sam_image_export_v1,jpg,224,224,0,,,,synthetic,,,,build_ressam_unified_manifest.py,2026-08-10,mode=L; source_archive=gpr_data.zip
res_sam,core,res_sam:synthetic:cavity:0077,cavity,dataset_folder_name,GPR_data/synthetic/cavity/0077.jpg,<LOCAL_DATA_ROOT>\external_assets\res_sam_data\GPR_data\synthetic\cavity\0077.jpg,c86e82b9d7486ab001e8cfd0dd5abdf21b78698e49de381591c7ef1e4a700353,,synthetic,,,,,,,,published_res_sam_image_export_v1,jpg,224,224,0,,,,synthetic,,,,build_ressam_unified_manifest.py,2026-08-10,mode=L; source_archive=gpr_data.zip
res_sam,core,res_sam:synthetic:cavity:0078,cavity,dataset_folder_name,GPR_data/synthetic/cavity/0078.jpg,<LOCAL_DATA_ROOT>\external_assets\res_sam_data\GPR_data\synthetic\cavity\0078.jpg,52bf33e3d970788b0ed0662714fbfcb38b3083fd5c8212b4875fece6fcfda34b,,synthetic,,,,,,,,published_res_sam_image_export_v1,jpg,224,224,0,,,,synthetic,,,,build_ressam_unified_manifest.py,2026-08-10,mode=L; source_archive=gpr_data.zip
res_sam,core,res_sam:synthetic:cavity:0079,cavity,dataset_folder_name,GPR_data/synthetic/cavity/0079.jpg,<LOCAL_DATA_ROOT>\external_assets\res_sam_data\GPR_data\synthetic\cavity\0079.jpg,2939557d7572b7ddc327e3c17bb2b1544877757632b3648a5cc0fd598c89e032,,synthetic,,,,,,,,published_res_sam_image_export_v1,jpg,224,224,0,,,,synthetic,,,,build_ressam_unified_manifest.py,2026-08-10,mode=L; source_archive=gpr_data.zip
res_sam,core,res_sam:synthetic:cavity:0080,cavity,dataset_folder_name,GPR_data/synthetic/cavity/0080.jpg,<LOCAL_DATA_ROOT>\external_assets\res_sam_data\GPR_data\synthetic\cavity\0080.jpg,52792b87aeb95a67e2884b509f198c3cd750b15d6f00ec998e9611c932faa0a8,,synthetic,,,,,,,,published_res_sam_image_export_v1,jpg,224,224,0,,,,synthetic,,,,build_ressam_unified_manifest.py,2026-08-10,mode=L; source_archive=gpr_data.zip
res_sam,core,res_sam:synthetic:cavity:0081,cavity,dataset_folder_name,GPR_data/synthetic/cavity/0081.jpg,<LOCAL_DATA_ROOT>\external_assets\res_sam_data\GPR_data\synthetic\cavity\0081.jpg,d65df53cebeaffe6db9c4b3fb35d39953c1ddf1747b07d3897b133eaa70199c2,,synthetic,,,,,,,,published_res_sam_image_export_v1,jpg,224,224,0,,,,synthetic,,,,build_ressam_unified_manifest.py,2026-08-10,mode=L; source_archive=gpr_data.zip
res_sam,core,res_sam:synthetic:cavity:0082,cavity,dataset_folder_name,GPR_data/synthetic/cavity/0082.jpg,<LOCAL_DATA_ROOT>\external_assets\res_sam_data\GPR_data\synthetic\cavity\0082.jpg,ec79b365db0d456a1dfad9d60528faa3fc10a862a50ed5629359175ac4d003c2,,synthetic,,,,,,,,published_res_sam_image_export_v1,jpg,224,224,0,,,,synthetic,,,,build_ressam_unified_manifest.py,2026-08-10,mode=L; source_archive=gpr_data.zip
res_sam,core,res_sam:synthetic:cavity:0083,cavity,dataset_folder_name,GPR_data/synthetic/cavity/0083.jpg,<LOCAL_DATA_ROOT>\external_assets\res_sam_data\GPR_data\synthetic\cavity\0083.jpg,07911e11dfbbf5ad9814c080a0b68e91434e86971a7eece0dd42b2dcdb9bb701,,synthetic,,,,,,,,published_res_sam_image_export_v1,jpg,224,224,0,,,,synthetic,,,,build_ressam_unified_manifest.py,2026-08-10,mode=L; source_archive=gpr_data.zip
res_sam,core,res_sam:synthetic:cavity:0084,cavity,dataset_folder_name,GPR_data/synthetic/cavity/0084.jpg,<LOCAL_DATA_ROOT>\external_assets\res_sam_data\GPR_data\synthetic\cavity\0084.jpg,6be13812d3454645452495479b49f642fe45a868c4d0fb596da1ec561c1bdc45,,synthetic,,,,,,,,published_res_sam_image_export_v1,jpg,224,224,0,,,,synthetic,,,,build_ressam_unified_manifest.py,2026-08-10,mode=L; source_archive=gpr_data.zip
res_sam,core,res_sam:synthetic:cavity:0085,cavity,dataset_folder_name,GPR_data/synthetic/cavity/0085.jpg,<LOCAL_DATA_ROOT>\external_assets\res_sam_data\GPR_data\synthetic\cavity\0085.jpg,4a0fb3516d70a2d90346f741e2a64c356d82c473f8c046f6be61e21093d4ca6f,,synthetic,,,,,,,,published_res_sam_image_export_v1,jpg,224,224,0,,,,synthetic,,,,build_ressam_unified_manifest.py,2026-08-10,mode=L; source_archive=gpr_data.zip
res_sam,core,res_sam:synthetic:cavity:0086,cavity,dataset_folder_name,GPR_data/synthetic/cavity/0086.jpg,<LOCAL_DATA_ROOT>\external_assets\res_sam_data\GPR_data\synthetic\cavity\0086.jpg,3fa7cb5dd55debed4464fe5df4a1bf3a97516f7727aeccb758c9d04e210e3208,,synthetic,,,,,,,,published_res_sam_image_export_v1,jpg,224,224,0,,,,synthetic,,,,build_ressam_unified_manifest.py,2026-08-10,mode=L; source_archive=gpr_data.zip
res_sam,core,res_sam:synthetic:cavity:0087,cavity,dataset_folder_name,GPR_data/synthetic/cavity/0087.jpg,<LOCAL_DATA_ROOT>\external_assets\res_sam_data\GPR_data\synthetic\cavity\0087.jpg,b1f0a0533a7b44abe6d7377c75bbc36e47a360239d1f4a75175b9c49bcbe00a8,,synthetic,,,,,,,,published_res_sam_image_export_v1,jpg,224,224,0,,,,synthetic,,,,build_ressam_unified_manifest.py,2026-08-10,mode=L; source_archive=gpr_data.zip
res_sam,core,res_sam:synthetic:cavity:0088,cavity,dataset_folder_name,GPR_data/synthetic/cavity/0088.jpg,<LOCAL_DATA_ROOT>\external_assets\res_sam_data\GPR_data\synthetic\cavity\0088.jpg,9435bb3e8907edecc97bed4cfe8f613aac524a2ed3f3b3472acfa6992242448c,,synthetic,,,,,,,,published_res_sam_image_export_v1,jpg,224,224,0,,,,synthetic,,,,build_ressam_unified_manifest.py,2026-08-10,mode=L; source_archive=gpr_data.zip
res_sam,core,res_sam:synthetic:cavity:0089,cavity,dataset_folder_name,GPR_data/synthetic/cavity/0089.jpg,<LOCAL_DATA_ROOT>\external_assets\res_sam_data\GPR_data\synthetic\cavity\0089.jpg,a3d02c2a9c4c74a5449cd0bf4f5e8782604896af38ecfb6fac877ecdccb6bf9d,,synthetic,,,,,,,,published_res_sam_image_export_v1,jpg,224,224,0,,,,synthetic,,,,build_ressam_unified_manifest.py,2026-08-10,mode=L; source_archive=gpr_data.zip
res_sam,core,res_sam:synthetic:cavity:0090,cavity,dataset_folder_name,GPR_data/synthetic/cavity/0090.jpg,<LOCAL_DATA_ROOT>\external_assets\res_sam_data\GPR_data\synthetic\cavity\0090.jpg,dd13b9a3372aa06cc56034309f5ee66058a7494c9227b956ef295c1425078a63,,synthetic,,,,,,,,published_res_sam_image_export_v1,jpg,224,224,0,,,,synthetic,,,,build_ressam_unified_manifest.py,2026-08-10,mode=L; source_archive=gpr_data.zip
res_sam,core,res_sam:synthetic:cavity:0091,cavity,dataset_folder_name,GPR_data/synthetic/cavity/0091.jpg,<LOCAL_DATA_ROOT>\external_assets\res_sam_data\GPR_data\synthetic\cavity\0091.jpg,52160995a1d7d4d6fe6b8895ca330c93c0c261f32ee2a08399c99418aee498ef,,synthetic,,,,,,,,published_res_sam_image_export_v1,jpg,224,224,0,,,,synthetic,,,,build_ressam_unified_manifest.py,2026-08-10,mode=L; source_archive=gpr_data.zip
res_sam,core,res_sam:synthetic:cavity:0092,cavity,dataset_folder_name,GPR_data/synthetic/cavity/0092.jpg,<LOCAL_DATA_ROOT>\external_assets\res_sam_data\GPR_data\synthetic\cavity\0092.jpg,98a470e59869828fa127725720f6259dbab527be100edfd3c652aca691f9db47,,synthetic,,,,,,,,published_res_sam_image_export_v1,jpg,224,224,0,,,,synthetic,,,,build_ressam_unified_manifest.py,2026-08-10,mode=L; source_archive=gpr_data.zip
res_sam,core,res_sam:synthetic:cavity:0093,cavity,dataset_folder_name,GPR_data/synthetic/cavity/0093.jpg,<LOCAL_DATA_ROOT>\external_assets\res_sam_data\GPR_data\synthetic\cavity\0093.jpg,a8dad67ca5ecb3a54079ede197064cff95843f8914410ff19d6ff208041f9eed,,synthetic,,,,,,,,published_res_sam_image_export_v1,jpg,224,224,0,,,,synthetic,,,,build_ressam_unified_manifest.py,2026-08-10,mode=L; source_archive=gpr_data.zip
res_sam,core,res_sam:synthetic:cavity:0094,cavity,dataset_folder_name,GPR_data/synthetic/cavity/0094.jpg,<LOCAL_DATA_ROOT>\external_assets\res_sam_data\GPR_data\synthetic\cavity\0094.jpg,2d6c1849f8b8fbf0e56f627437c02ba6da71e40b311e7215ae02bb573ef74a57,,synthetic,,,,,,,,published_res_sam_image_export_v1,jpg,224,224,0,,,,synthetic,,,,build_ressam_unified_manifest.py,2026-08-10,mode=L; source_archive=gpr_data.zip
res_sam,core,res_sam:synthetic:cavity:0095,cavity,dataset_folder_name,GPR_data/synthetic/cavity/0095.jpg,<LOCAL_DATA_ROOT>\external_assets\res_sam_data\GPR_data\synthetic\cavity\0095.jpg,dbc6b73375d5e8afca1d9018f99bec153991efb00b40c995e654d76c501e4229,,synthetic,,,,,,,,published_res_sam_image_export_v1,jpg,224,224,0,,,,synthetic,,,,build_ressam_unified_manifest.py,2026-08-10,mode=L; source_archive=gpr_data.zip
res_sam,core,res_sam:synthetic:cavity:0096,cavity,dataset_folder_name,GPR_data/synthetic/cavity/0096.jpg,<LOCAL_DATA_ROOT>\external_assets\res_sam_data\GPR_data\synthetic\cavity\0096.jpg,0ba1778e55c8e63ee66eada7da4a737aa0483ae25887a4dc2bdba64144abc29e,,synthetic,,,,,,,,published_res_sam_image_export_v1,jpg,224,224,0,,,,synthetic,,,,build_ressam_unified_manifest.py,2026-08-10,mode=L; source_archive=gpr_data.zip
res_sam,core,res_sam:synthetic:cavity:0097,cavity,dataset_folder_name,GPR_data/synthetic/cavity/0097.jpg,<LOCAL_DATA_ROOT>\external_assets\res_sam_data\GPR_data\synthetic\cavity\0097.jpg,847f072ae80fd3c1c31019395b7f53a9b46710768bf597fb8d5c72dc2eb8e3f4,,synthetic,,,,,,,,published_res_sam_image_export_v1,jpg,224,224,0,,,,synthetic,,,,build_ressam_unified_manifest.py,2026-08-10,mode=L; source_archive=gpr_data.zip
res_sam,core,res_sam:synthetic:cavity:0098,cavity,dataset_folder_name,GPR_data/synthetic/cavity/0098.jpg,<LOCAL_DATA_ROOT>\external_assets\res_sam_data\GPR_data\synthetic\cavity\0098.jpg,58bfbad605243c1723f71b6af12c2f690c8e28c9a4d4c0020d0f950ff320d1ea,,synthetic,,,,,,,,published_res_sam_image_export_v1,jpg,224,224,0,,,,synthetic,,,,build_ressam_unified_manifest.py,2026-08-10,mode=L; source_archive=gpr_data.zip
res_sam,core,res_sam:synthetic:cavity:0099,cavity,dataset_folder_name,GPR_data/synthetic/cavity/0099.jpg,<LOCAL_DATA_ROOT>\external_assets\res_sam_data\GPR_data\synthetic\cavity\0099.jpg,5e96cbbb73ebef5244757a3740a5e4b4c9a928568ec6b6f233af3fe84954e3da,,synthetic,,,,,,,,published_res_sam_image_export_v1,jpg,224,224,0,,,,synthetic,,,,build_ressam_unified_manifest.py,2026-08-10,mode=L; source_archive=gpr_data.zip
res_sam,core,res_sam:synthetic:cavity:0100,cavity,dataset_folder_name,GPR_data/synthetic/cavity/0100.jpg,<LOCAL_DATA_ROOT>\external_assets\res_sam_data\GPR_data\synthetic\cavity\0100.jpg,ce90a9dc47e0f66511a6f606285386ca994b53e6995127f264e9c7e1fe09139d,,synthetic,,,,,,,,published_res_sam_image_export_v1,jpg,224,224,0,,,,synthetic,,,,build_ressam_unified_manifest.py,2026-08-10,mode=L; source_archive=gpr_data.zip
res_sam,core,res_sam:synthetic:cavity:0101,cavity,dataset_folder_name,GPR_data/synthetic/cavity/0101.jpg,<LOCAL_DATA_ROOT>\external_assets\res_sam_data\GPR_data\synthetic\cavity\0101.jpg,6563dc202ce63384ebdb1630606cb1c423e28c3f3945aee1d24165624407e404,,synthetic,,,,,,,,published_res_sam_image_export_v1,jpg,224,224,0,,,,synthetic,,,,build_ressam_unified_manifest.py,2026-08-10,mode=L; source_archive=gpr_data.zip
res_sam,core,res_sam:synthetic:cavity:0102,cavity,dataset_folder_name,GPR_data/synthetic/cavity/0102.jpg,<LOCAL_DATA_ROOT>\external_assets\res_sam_data\GPR_data\synthetic\cavity\0102.jpg,119843b33219358af7d3adf989069ec900d9f0c0a6bfa0520c45909594993090,,synthetic,,,,,,,,published_res_sam_image_export_v1,jpg,224,224,0,,,,synthetic,,,,build_ressam_unified_manifest.py,2026-08-10,mode=L; source_archive=gpr_data.zip
res_sam,core,res_sam:synthetic:cavity:0103,cavity,dataset_folder_name,GPR_data/synthetic/cavity/0103.jpg,<LOCAL_DATA_ROOT>\external_assets\res_sam_data\GPR_data\synthetic\cavity\0103.jpg,d6de269303978a1324afb31573202b9d28248d3fd2ec5c8fbfce6a12518d95ed,,synthetic,,,,,,,,published_res_sam_image_export_v1,jpg,224,224,0,,,,synthetic,,,,build_ressam_unified_manifest.py,2026-08-10,mode=L; source_archive=gpr_data.zip
res_sam,core,res_sam:synthetic:cavity:0104,cavity,dataset_folder_name,GPR_data/synthetic/cavity/0104.jpg,<LOCAL_DATA_ROOT>\external_assets\res_sam_data\GPR_data\synthetic\cavity\0104.jpg,8e03f83b28b3470f2b1997bf4a3850f07bc3a133f79ba5adf03e074f62ab4642,,synthetic,,,,,,,,published_res_sam_image_export_v1,jpg,224,224,0,,,,synthetic,,,,build_ressam_unified_manifest.py,2026-08-10,mode=L; source_archive=gpr_data.zip
res_sam,core,res_sam:synthetic:cavity:0105,cavity,dataset_folder_name,GPR_data/synthetic/cavity/0105.jpg,<LOCAL_DATA_ROOT>\external_assets\res_sam_data\GPR_data\synthetic\cavity\0105.jpg,8d2b1de2d94526644bd41a34a9741ed6e651d15e817354fa5e9e55965142bbfb,,synthetic,,,,,,,,published_res_sam_image_export_v1,jpg,224,224,0,,,,synthetic,,,,build_ressam_unified_manifest.py,2026-08-10,mode=L; source_archive=gpr_data.zip
res_sam,core,res_sam:synthetic:cavity:0106,cavity,dataset_folder_name,GPR_data/synthetic/cavity/0106.jpg,<LOCAL_DATA_ROOT>\external_assets\res_sam_data\GPR_data\synthetic\cavity\0106.jpg,f557121a64ba5fe3260f959322ce6294c2a6268afeb509808235f3a32215fbe5,,synthetic,,,,,,,,published_res_sam_image_export_v1,jpg,224,224,0,,,,synthetic,,,,build_ressam_unified_manifest.py,2026-08-10,mode=L; source_archive=gpr_data.zip
res_sam,core,res_sam:synthetic:cavity:0107,cavity,dataset_folder_name,GPR_data/synthetic/cavity/0107.jpg,<LOCAL_DATA_ROOT>\external_assets\res_sam_data\GPR_data\synthetic\cavity\0107.jpg,b6b7c2d59625993fbef6aafd8985d402a7f051f7dba64934b12070632b3a2e9c,,synthetic,,,,,,,,published_res_sam_image_export_v1,jpg,224,224,0,,,,synthetic,,,,build_ressam_unified_manifest.py,2026-08-10,mode=L; source_archive=gpr_data.zip
res_sam,core,res_sam:synthetic:cavity:0108,cavity,dataset_folder_name,GPR_data/synthetic/cavity/0108.jpg,<LOCAL_DATA_ROOT>\external_assets\res_sam_data\GPR_data\synthetic\cavity\0108.jpg,a7450307da680d63335e39a36baa12d424af4d3ca1242095a4c6cd2dbe756d95,,synthetic,,,,,,,,published_res_sam_image_export_v1,jpg,224,224,0,,,,synthetic,,,,build_ressam_unified_manifest.py,2026-08-10,mode=L; source_archive=gpr_data.zip
res_sam,core,res_sam:synthetic:cavity:0109,cavity,dataset_folder_name,GPR_data/synthetic/cavity/0109.jpg,<LOCAL_DATA_ROOT>\external_assets\res_sam_data\GPR_data\synthetic\cavity\0109.jpg,7d803b0f2e87b4c2ded73f17c785af0054f54d72962a3fcd890c20ae9642e21a,,synthetic,,,,,,,,published_res_sam_image_export_v1,jpg,224,224,0,,,,synthetic,,,,build_ressam_unified_manifest.py,2026-08-10,mode=L; source_archive=gpr_data.zip
res_sam,core,res_sam:synthetic:cavity:0110,cavity,dataset_folder_name,GPR_data/synthetic/cavity/0110.jpg,<LOCAL_DATA_ROOT>\external_assets\res_sam_data\GPR_data\synthetic\cavity\0110.jpg,badcd7c8f3085d21fe740eb16778175ebb7efc4fb42820d4e1544e7ffaec6c0b,,synthetic,,,,,,,,published_res_sam_image_export_v1,jpg,224,224,0,,,,synthetic,,,,build_ressam_unified_manifest.py,2026-08-10,mode=L; source_archive=gpr_data.zip
res_sam,core,res_sam:synthetic:cavity:0111,cavity,dataset_folder_name,GPR_data/synthetic/cavity/0111.jpg,<LOCAL_DATA_ROOT>\external_assets\res_sam_data\GPR_data\synthetic\cavity\0111.jpg,4a32f794b4ef7c45bae1e1965a5ebe36785e43e8e4f42b1330afc3b5c670c703,,synthetic,,,,,,,,published_res_sam_image_export_v1,jpg,224,224,0,,,,synthetic,,,,build_ressam_unified_manifest.py,2026-08-10,mode=L; source_archive=gpr_data.zip
res_sam,core,res_sam:synthetic:cavity:0112,cavity,dataset_folder_name,GPR_data/synthetic/cavity/0112.jpg,<LOCAL_DATA_ROOT>\external_assets\res_sam_data\GPR_data\synthetic\cavity\0112.jpg,7ea7e14669501b211589962aa4900b030847ea3ff17bd9ceb5f0d7a43e731b73,,synthetic,,,,,,,,published_res_sam_image_export_v1,jpg,224,224,0,,,,synthetic,,,,build_ressam_unified_manifest.py,2026-08-10,mode=L; source_archive=gpr_data.zip
res_sam,core,res_sam:synthetic:cavity:0113,cavity,dataset_folder_name,GPR_data/synthetic/cavity/0113.jpg,<LOCAL_DATA_ROOT>\external_assets\res_sam_data\GPR_data\synthetic\cavity\0113.jpg,b3124fd27aebccf4c67dcc50c940d3d1bd22df87a9e7236051ac5c4624a00985,,synthetic,,,,,,,,published_res_sam_image_export_v1,jpg,224,224,0,,,,synthetic,,,,build_ressam_unified_manifest.py,2026-08-10,mode=L; source_archive=gpr_data.zip
res_sam,core,res_sam:synthetic:cavity:0114,cavity,dataset_folder_name,GPR_data/synthetic/cavity/0114.jpg,<LOCAL_DATA_ROOT>\external_assets\res_sam_data\GPR_data\synthetic\cavity\0114.jpg,66f44501cf729622487b6dc0d6c58b69ee3508eb08aac3e550bacfb15ed71518,,synthetic,,,,,,,,published_res_sam_image_export_v1,jpg,224,224,0,,,,synthetic,,,,build_ressam_unified_manifest.py,2026-08-10,mode=L; source_archive=gpr_data.zip
res_sam,core,res_sam:synthetic:cavity:0115,cavity,dataset_folder_name,GPR_data/synthetic/cavity/0115.jpg,<LOCAL_DATA_ROOT>\external_assets\res_sam_data\GPR_data\synthetic\cavity\0115.jpg,a9a430c343703b29d7a056c8c89eb6875561dc1117be7d2460c76a38817d20c4,,synthetic,,,,,,,,published_res_sam_image_export_v1,jpg,224,224,0,,,,synthetic,,,,build_ressam_unified_manifest.py,2026-08-10,mode=L; source_archive=gpr_data.zip
res_sam,core,res_sam:synthetic:cavity:0116,cavity,dataset_folder_name,GPR_data/synthetic/cavity/0116.jpg,<LOCAL_DATA_ROOT>\external_assets\res_sam_data\GPR_data\synthetic\cavity\0116.jpg,dc634bea273798415f5c7a5b37680d0d4a5678fd7ddb0bdbdfc988dd18f73aca,,synthetic,,,,,,,,published_res_sam_image_export_v1,jpg,224,224,0,,,,synthetic,,,,build_ressam_unified_manifest.py,2026-08-10,mode=L; source_archive=gpr_data.zip
res_sam,core,res_sam:synthetic:cavity:0117,cavity,dataset_folder_name,GPR_data/synthetic/cavity/0117.jpg,<LOCAL_DATA_ROOT>\external_assets\res_sam_data\GPR_data\synthetic\cavity\0117.jpg,8a399a0cccdf6ae9bcc125a1dc00134e5df99ccd004294b78ba70165684ee8ec,,synthetic,,,,,,,,published_res_sam_image_export_v1,jpg,224,224,0,,,,synthetic,,,,build_ressam_unified_manifest.py,2026-08-10,mode=L; source_archive=gpr_data.zip
res_sam,core,res_sam:synthetic:cavity:0118,cavity,dataset_folder_name,GPR_data/synthetic/cavity/0118.jpg,<LOCAL_DATA_ROOT>\external_assets\res_sam_data\GPR_data\synthetic\cavity\0118.jpg,c4d6022eab0858754a2bca33aa31e84c21b0e6ecb3a9e60f8834420c01de8a01,,synthetic,,,,,,,,published_res_sam_image_export_v1,jpg,224,224,0,,,,synthetic,,,,build_ressam_unified_manifest.py,2026-08-10,mode=L; source_archive=gpr_data.zip
res_sam,core,res_sam:synthetic:cavity:0119,cavity,dataset_folder_name,GPR_data/synthetic/cavity/0119.jpg,<LOCAL_DATA_ROOT>\external_assets\res_sam_data\GPR_data\synthetic\cavity\0119.jpg,f85560a688bdc6598107ce9a273c6cb5bdf7c97989042217f1755a7895a099f2,,synthetic,,,,,,,,published_res_sam_image_export_v1,jpg,224,224,0,,,,synthetic,,,,build_ressam_unified_manifest.py,2026-08-10,mode=L; source_archive=gpr_data.zip
res_sam,core,res_sam:synthetic:cavity:0120,cavity,dataset_folder_name,GPR_data/synthetic/cavity/0120.jpg,<LOCAL_DATA_ROOT>\external_assets\res_sam_data\GPR_data\synthetic\cavity\0120.jpg,69d259704344ae913ef46cc78c1b47a9fd03a280560e8f6328963c039f8a7b40,,synthetic,,,,,,,,published_res_sam_image_export_v1,jpg,224,224,0,,,,synthetic,,,,build_ressam_unified_manifest.py,2026-08-10,mode=L; source_archive=gpr_data.zip
res_sam,core,res_sam:synthetic:cavity:0121,cavity,dataset_folder_name,GPR_data/synthetic/cavity/0121.jpg,<LOCAL_DATA_ROOT>\external_assets\res_sam_data\GPR_data\synthetic\cavity\0121.jpg,39058badd102df46a3c14f76cc1aa8380b32289e2c2ec0f1003d8a56218739e3,,synthetic,,,,,,,,published_res_sam_image_export_v1,jpg,224,224,0,,,,synthetic,,,,build_ressam_unified_manifest.py,2026-08-10,mode=L; source_archive=gpr_data.zip
res_sam,core,res_sam:synthetic:cavity:0122,cavity,dataset_folder_name,GPR_data/synthetic/cavity/0122.jpg,<LOCAL_DATA_ROOT>\external_assets\res_sam_data\GPR_data\synthetic\cavity\0122.jpg,715cad04df59f6f410f821f92dd1676e2e28c2dead2366a27da492ce2052550a,,synthetic,,,,,,,,published_res_sam_image_export_v1,jpg,224,224,0,,,,synthetic,,,,build_ressam_unified_manifest.py,2026-08-10,mode=L; source_archive=gpr_data.zip
res_sam,core,res_sam:synthetic:cavity:0123,cavity,dataset_folder_name,GPR_data/synthetic/cavity/0123.jpg,<LOCAL_DATA_ROOT>\external_assets\res_sam_data\GPR_data\synthetic\cavity\0123.jpg,3c044ce86510ea0a075c83dbdf5e9934a51790b3bec2345ad0ad82d079d0854e,,synthetic,,,,,,,,published_res_sam_image_export_v1,jpg,224,224,0,,,,synthetic,,,,build_ressam_unified_manifest.py,2026-08-10,mode=L; source_archive=gpr_data.zip
res_sam,core,res_sam:synthetic:cavity:0124,cavity,dataset_folder_name,GPR_data/synthetic/cavity/0124.jpg,<LOCAL_DATA_ROOT>\external_assets\res_sam_data\GPR_data\synthetic\cavity\0124.jpg,6f62b85ad42f94f0cb710dc0fa2ff47f3cc843a95c6be215fbe443610599b01d,,synthetic,,,,,,,,published_res_sam_image_export_v1,jpg,224,224,0,,,,synthetic,,,,build_ressam_unified_manifest.py,2026-08-10,mode=L; source_archive=gpr_data.zip
res_sam,core,res_sam:synthetic:cavity:0125,cavity,dataset_folder_name,GPR_data/synthetic/cavity/0125.jpg,<LOCAL_DATA_ROOT>\external_assets\res_sam_data\GPR_data\synthetic\cavity\0125.jpg,7e243e97108bfaa2c73c6061b4dfb1ec81c07698b8ca11db6950bd3b5cd56512,,synthetic,,,,,,,,published_res_sam_image_export_v1,jpg,224,224,0,,,,synthetic,,,,build_ressam_unified_manifest.py,2026-08-10,mode=L; source_archive=gpr_data.zip
res_sam,core,res_sam:synthetic:cavity:0126,cavity,dataset_folder_name,GPR_data/synthetic/cavity/0126.jpg,<LOCAL_DATA_ROOT>\external_assets\res_sam_data\GPR_data\synthetic\cavity\0126.jpg,2a29fc53bbc4196265aba2b6adbdb20f2660a374dfcde1eb17dc936bba4fae25,,synthetic,,,,,,,,published_res_sam_image_export_v1,jpg,224,224,0,,,,synthetic,,,,build_ressam_unified_manifest.py,2026-08-10,mode=L; source_archive=gpr_data.zip
res_sam,core,res_sam:synthetic:cavity:0127,cavity,dataset_folder_name,GPR_data/synthetic/cavity/0127.jpg,<LOCAL_DATA_ROOT>\external_assets\res_sam_data\GPR_data\synthetic\cavity\0127.jpg,19c7fad5aa2ce857899372ce3ab655b31dd2b718a0c5c719cc6ab2de5215bb7d,,synthetic,,,,,,,,published_res_sam_image_export_v1,jpg,224,224,0,,,,synthetic,,,,build_ressam_unified_manifest.py,2026-08-10,mode=L; source_archive=gpr_data.zip
res_sam,core,res_sam:synthetic:cavity:0128,cavity,dataset_folder_name,GPR_data/synthetic/cavity/0128.jpg,<LOCAL_DATA_ROOT>\external_assets\res_sam_data\GPR_data\synthetic\cavity\0128.jpg,d0e83d304145636557b87be33dd01bdde63bb417a542f7ca8f6d390ef9428ad3,,synthetic,,,,,,,,published_res_sam_image_export_v1,jpg,224,224,0,,,,synthetic,,,,build_ressam_unified_manifest.py,2026-08-10,mode=L; source_archive=gpr_data.zip
res_sam,core,res_sam:synthetic:cavity:0129,cavity,dataset_folder_name,GPR_data/synthetic/cavity/0129.jpg,<LOCAL_DATA_ROOT>\external_assets\res_sam_data\GPR_data\synthetic\cavity\0129.jpg,f5791f8a18ba155af658ee5b04c92b94b5534257884f2a5355bf877946497f02,,synthetic,,,,,,,,published_res_sam_image_export_v1,jpg,224,224,0,,,,synthetic,,,,build_ressam_unified_manifest.py,2026-08-10,mode=L; source_archive=gpr_data.zip
res_sam,core,res_sam:synthetic:cavity:0130,cavity,dataset_folder_name,GPR_data/synthetic/cavity/0130.jpg,<LOCAL_DATA_ROOT>\external_assets\res_sam_data\GPR_data\synthetic\cavity\0130.jpg,d5f49914484d63cf5675282c1c80ea540b4d7047573d694096dbb3d94e7878b7,,synthetic,,,,,,,,published_res_sam_image_export_v1,jpg,224,224,0,,,,synthetic,,,,build_ressam_unified_manifest.py,2026-08-10,mode=L; source_archive=gpr_data.zip
res_sam,core,res_sam:synthetic:cavity:0131,cavity,dataset_folder_name,GPR_data/synthetic/cavity/0131.jpg,<LOCAL_DATA_ROOT>\external_assets\res_sam_data\GPR_data\synthetic\cavity\0131.jpg,bd7a5d457919d7e610976922c46b8711a44b45750b33c7133a5abf7eda4202bf,,synthetic,,,,,,,,published_res_sam_image_export_v1,jpg,224,224,0,,,,synthetic,,,,build_ressam_unified_manifest.py,2026-08-10,mode=L; source_archive=gpr_data.zip
res_sam,core,res_sam:synthetic:cavity:0132,cavity,dataset_folder_name,GPR_data/synthetic/cavity/0132.jpg,<LOCAL_DATA_ROOT>\external_assets\res_sam_data\GPR_data\synthetic\cavity\0132.jpg,cce12ba0f6d374250d9b5ca14214e50ce9fffa2f31fe51a383f80d2990b61c50,,synthetic,,,,,,,,published_res_sam_image_export_v1,jpg,224,224,0,,,,synthetic,,,,build_ressam_unified_manifest.py,2026-08-10,mode=L; source_archive=gpr_data.zip
res_sam,core,res_sam:synthetic:cavity:0133,cavity,dataset_folder_name,GPR_data/synthetic/cavity/0133.jpg,<LOCAL_DATA_ROOT>\external_assets\res_sam_data\GPR_data\synthetic\cavity\0133.jpg,fab42e310d98abdfd72688cec88d6c5837a166ca827093c33bdf93d98596aead,,synthetic,,,,,,,,published_res_sam_image_export_v1,jpg,224,224,0,,,,synthetic,,,,build_ressam_unified_manifest.py,2026-08-10,mode=L; source_archive=gpr_data.zip
res_sam,core,res_sam:synthetic:cavity:0134,cavity,dataset_folder_name,GPR_data/synthetic/cavity/0134.jpg,<LOCAL_DATA_ROOT>\external_assets\res_sam_data\GPR_data\synthetic\cavity\0134.jpg,7e408129701d2b76ffc95112db30677a6475811c0fb6321315647ce8143eeff9,,synthetic,,,,,,,,published_res_sam_image_export_v1,jpg,224,224,0,,,,synthetic,,,,build_ressam_unified_manifest.py,2026-08-10,mode=L; source_archive=gpr_data.zip
res_sam,core,res_sam:synthetic:cavity:0135,cavity,dataset_folder_name,GPR_data/synthetic/cavity/0135.jpg,<LOCAL_DATA_ROOT>\external_assets\res_sam_data\GPR_data\synthetic\cavity\0135.jpg,ee1657d759b594203cb387ff18e8603cb26d49a02f652eb214cc28f396d8594c,,synthetic,,,,,,,,published_res_sam_image_export_v1,jpg,224,224,0,,,,synthetic,,,,build_ressam_unified_manifest.py,2026-08-10,mode=L; source_archive=gpr_data.zip
res_sam,core,res_sam:synthetic:cavity:0136,cavity,dataset_folder_name,GPR_data/synthetic/cavity/0136.jpg,<LOCAL_DATA_ROOT>\external_assets\res_sam_data\GPR_data\synthetic\cavity\0136.jpg,29a1c7f861d7726dc7c8091a77bf669022fd37607daa9ce9c01fa1c5ad5cce95,,synthetic,,,,,,,,published_res_sam_image_export_v1,jpg,224,224,0,,,,synthetic,,,,build_ressam_unified_manifest.py,2026-08-10,mode=L; source_archive=gpr_data.zip
res_sam,core,res_sam:synthetic:cavity:0137,cavity,dataset_folder_name,GPR_data/synthetic/cavity/0137.jpg,<LOCAL_DATA_ROOT>\external_assets\res_sam_data\GPR_data\synthetic\cavity\0137.jpg,17137a723ecc09796dd21cafe06d1d20119b8b80b07b03fcf0468c34fa58c140,,synthetic,,,,,,,,published_res_sam_image_export_v1,jpg,224,224,0,,,,synthetic,,,,build_ressam_unified_manifest.py,2026-08-10,mode=L; source_archive=gpr_data.zip
res_sam,core,res_sam:synthetic:cavity:0138,cavity,dataset_folder_name,GPR_data/synthetic/cavity/0138.jpg,<LOCAL_DATA_ROOT>\external_assets\res_sam_data\GPR_data\synthetic\cavity\0138.jpg,1b56377fa0b62b08eb12c8592fbe65f1706b61a7d47e101faf0ecafa41b9081e,,synthetic,,,,,,,,published_res_sam_image_export_v1,jpg,224,224,0,,,,synthetic,,,,build_ressam_unified_manifest.py,2026-08-10,mode=L; source_archive=gpr_data.zip
res_sam,core,res_sam:synthetic:cavity:0139,cavity,dataset_folder_name,GPR_data/synthetic/cavity/0139.jpg,<LOCAL_DATA_ROOT>\external_assets\res_sam_data\GPR_data\synthetic\cavity\0139.jpg,72217da23bacc0ec6a7081d8ec0cec8b57843ce1f976351332ef201687fc01bb,,synthetic,,,,,,,,published_res_sam_image_export_v1,jpg,224,224,0,,,,synthetic,,,,build_ressam_unified_manifest.py,2026-08-10,mode=L; source_archive=gpr_data.zip
res_sam,core,res_sam:synthetic:cavity:0140,cavity,dataset_folder_name,GPR_data/synthetic/cavity/0140.jpg,<LOCAL_DATA_ROOT>\external_assets\res_sam_data\GPR_data\synthetic\cavity\0140.jpg,d7d26a31a4edfe1949a25a93b5857b920a9ecf5a5271b1658ce22a12f3bdada2,,synthetic,,,,,,,,published_res_sam_image_export_v1,jpg,224,224,0,,,,synthetic,,,,build_ressam_unified_manifest.py,2026-08-10,mode=L; source_archive=gpr_data.zip
res_sam,core,res_sam:synthetic:cavity:0141,cavity,dataset_folder_name,GPR_data/synthetic/cavity/0141.jpg,<LOCAL_DATA_ROOT>\external_assets\res_sam_data\GPR_data\synthetic\cavity\0141.jpg,0055f53b287073afa7f011de9d8aba22c0df8e19d5b6e10e0285edd2e19c1ccb,,synthetic,,,,,,,,published_res_sam_image_export_v1,jpg,224,224,0,,,,synthetic,,,,build_ressam_unified_manifest.py,2026-08-10,mode=L; source_archive=gpr_data.zip
res_sam,core,res_sam:synthetic:cavity:0142,cavity,dataset_folder_name,GPR_data/synthetic/cavity/0142.jpg,<LOCAL_DATA_ROOT>\external_assets\res_sam_data\GPR_data\synthetic\cavity\0142.jpg,67a760d2105caf32f67ecbfeb433b84ece15bc2cf0e1198c4a99942a8427fd53,,synthetic,,,,,,,,published_res_sam_image_export_v1,jpg,224,224,0,,,,synthetic,,,,build_ressam_unified_manifest.py,2026-08-10,mode=L; source_archive=gpr_data.zip
res_sam,core,res_sam:synthetic:cavity:0143,cavity,dataset_folder_name,GPR_data/synthetic/cavity/0143.jpg,<LOCAL_DATA_ROOT>\external_assets\res_sam_data\GPR_data\synthetic\cavity\0143.jpg,0b8cb4c4797302fc71f7b258ef5a08a479262761ee5863948b481aa27055d035,,synthetic,,,,,,,,published_res_sam_image_export_v1,jpg,224,224,0,,,,synthetic,,,,build_ressam_unified_manifest.py,2026-08-10,mode=L; source_archive=gpr_data.zip
res_sam,core,res_sam:synthetic:cavity:0144,cavity,dataset_folder_name,GPR_data/synthetic/cavity/0144.jpg,<LOCAL_DATA_ROOT>\external_assets\res_sam_data\GPR_data\synthetic\cavity\0144.jpg,d81143ee8cd05eb8d7c3cbd3c6e6e7e004d29e6a2924558012335b7fe4fb3803,,synthetic,,,,,,,,published_res_sam_image_export_v1,jpg,224,224,0,,,,synthetic,,,,build_ressam_unified_manifest.py,2026-08-10,mode=L; source_archive=gpr_data.zip
res_sam,core,res_sam:synthetic:cavity:0145,cavity,dataset_folder_name,GPR_data/synthetic/cavity/0145.jpg,<LOCAL_DATA_ROOT>\external_assets\res_sam_data\GPR_data\synthetic\cavity\0145.jpg,ff13ed8ad69712d11f21fbff0caa75e6fff8dcba14b6b7d0ef871d23fd9f2ed7,,synthetic,,,,,,,,published_res_sam_image_export_v1,jpg,224,224,0,,,,synthetic,,,,build_ressam_unified_manifest.py,2026-08-10,mode=L; source_archive=gpr_data.zip
res_sam,core,res_sam:synthetic:cavity:0146,cavity,dataset_folder_name,GPR_data/synthetic/cavity/0146.jpg,<LOCAL_DATA_ROOT>\external_assets\res_sam_data\GPR_data\synthetic\cavity\0146.jpg,ed289db47f28f1a98d6de24cf5123b1fe7f078633b0c7917e01f99da37232352,,synthetic,,,,,,,,published_res_sam_image_export_v1,jpg,224,224,0,,,,synthetic,,,,build_ressam_unified_manifest.py,2026-08-10,mode=L; source_archive=gpr_data.zip
res_sam,core,res_sam:synthetic:cavity:0147,cavity,dataset_folder_name,GPR_data/synthetic/cavity/0147.jpg,<LOCAL_DATA_ROOT>\external_assets\res_sam_data\GPR_data\synthetic\cavity\0147.jpg,ddf489e6ae10a5673684aa6d69151ee04279b764c937749b8facc28dd575918e,,synthetic,,,,,,,,published_res_sam_image_export_v1,jpg,224,224,0,,,,synthetic,,,,build_ressam_unified_manifest.py,2026-08-10,mode=L; source_archive=gpr_data.zip
res_sam,core,res_sam:synthetic:cavity:0148,cavity,dataset_folder_name,GPR_data/synthetic/cavity/0148.jpg,<LOCAL_DATA_ROOT>\external_assets\res_sam_data\GPR_data\synthetic\cavity\0148.jpg,dd60ddafa1cf434cddbcb9a3dfdbd229d036e3bd7a4660b17e4ac585664b4cbc,,synthetic,,,,,,,,published_res_sam_image_export_v1,jpg,224,224,0,,,,synthetic,,,,build_ressam_unified_manifest.py,2026-08-10,mode=L; source_archive=gpr_data.zip
res_sam,core,res_sam:synthetic:cavity:0149,cavity,dataset_folder_name,GPR_data/synthetic/cavity/0149.jpg,<LOCAL_DATA_ROOT>\external_assets\res_sam_data\GPR_data\synthetic\cavity\0149.jpg,959da9bdf182324ca7fcd8b4449ba470829269c6e9e90607d3d9f152bc9ed62d,,synthetic,,,,,,,,published_res_sam_image_export_v1,jpg,224,224,0,,,,synthetic,,,,build_ressam_unified_manifest.py,2026-08-10,mode=L; source_archive=gpr_data.zip
res_sam,core,res_sam:synthetic:cavity:0150,cavity,dataset_folder_name,GPR_data/synthetic/cavity/0150.jpg,<LOCAL_DATA_ROOT>\external_assets\res_sam_data\GPR_data\synthetic\cavity\0150.jpg,e5f19d9715f051d049a04e47a133cf932e59ccac56613743b4d890f7c645f765,,synthetic,,,,,,,,published_res_sam_image_export_v1,jpg,224,224,0,,,,synthetic,,,,build_ressam_unified_manifest.py,2026-08-10,mode=L; source_archive=gpr_data.zip
res_sam,core,res_sam:synthetic:crack:0001,crack,dataset_folder_name,GPR_data/synthetic/crack/0001.jpg,<LOCAL_DATA_ROOT>\external_assets\res_sam_data\GPR_data\synthetic\crack\0001.jpg,4681e6dc966550c3168b40aa7c4ddf27ca569fc437b404dee9a661cd1d2d9362,,synthetic,,,,,,,,published_res_sam_image_export_v1,jpg,224,224,0,,,,synthetic,,,,build_ressam_unified_manifest.py,2026-08-10,mode=L; source_archive=gpr_data.zip
res_sam,core,res_sam:synthetic:crack:0002,crack,dataset_folder_name,GPR_data/synthetic/crack/0002.jpg,<LOCAL_DATA_ROOT>\external_assets\res_sam_data\GPR_data\synthetic\crack\0002.jpg,8cb552d7fa198b6b435a185a780a7ebcbd694f91e5a07fa5c593993a47dd22a8,,synthetic,,,,,,,,published_res_sam_image_export_v1,jpg,224,224,0,,,,synthetic,,,,build_ressam_unified_manifest.py,2026-08-10,mode=L; source_archive=gpr_data.zip
res_sam,core,res_sam:synthetic:crack:0003,crack,dataset_folder_name,GPR_data/synthetic/crack/0003.jpg,<LOCAL_DATA_ROOT>\external_assets\res_sam_data\GPR_data\synthetic\crack\0003.jpg,84155173f14dd25070278e7f0b98b6363ae30a2513ff22bd8462b9d0a17cc211,,synthetic,,,,,,,,published_res_sam_image_export_v1,jpg,224,224,0,,,,synthetic,,,,build_ressam_unified_manifest.py,2026-08-10,mode=L; source_archive=gpr_data.zip
res_sam,core,res_sam:synthetic:crack:0004,crack,dataset_folder_name,GPR_data/synthetic/crack/0004.jpg,<LOCAL_DATA_ROOT>\external_assets\res_sam_data\GPR_data\synthetic\crack\0004.jpg,28c8791927ec152646af5fcc1113f51bfefa6510270e1752e46ce723db972311,,synthetic,,,,,,,,published_res_sam_image_export_v1,jpg,224,224,0,,,,synthetic,,,,build_ressam_unified_manifest.py,2026-08-10,mode=L; source_archive=gpr_data.zip
res_sam,core,res_sam:synthetic:crack:0005,crack,dataset_folder_name,GPR_data/synthetic/crack/0005.jpg,<LOCAL_DATA_ROOT>\external_assets\res_sam_data\GPR_data\synthetic\crack\0005.jpg,2694737efcc98fe4308d63b99363de98d4e524d2d8ac53fa2401f65772f0e6e4,,synthetic,,,,,,,,published_res_sam_image_export_v1,jpg,224,224,0,,,,synthetic,,,,build_ressam_unified_manifest.py,2026-08-10,mode=L; source_archive=gpr_data.zip
res_sam,core,res_sam:synthetic:crack:0006,crack,dataset_folder_name,GPR_data/synthetic/crack/0006.jpg,<LOCAL_DATA_ROOT>\external_assets\res_sam_data\GPR_data\synthetic\crack\0006.jpg,554ce7d2074b07b99d8f21acfd7ba0e2d861e1a8ac2b72af9c0bc7adf2e55635,,synthetic,,,,,,,,published_res_sam_image_export_v1,jpg,224,224,0,,,,synthetic,,,,build_ressam_unified_manifest.py,2026-08-10,mode=L; source_archive=gpr_data.zip
res_sam,core,res_sam:synthetic:crack:0007,crack,dataset_folder_name,GPR_data/synthetic/crack/0007.jpg,<LOCAL_DATA_ROOT>\external_assets\res_sam_data\GPR_data\synthetic\crack\0007.jpg,2b539fdbeee4fbad12943fccd4edefbd0a99fc6abd8b0cfef111460d870bb486,,synthetic,,,,,,,,published_res_sam_image_export_v1,jpg,224,224,0,,,,synthetic,,,,build_ressam_unified_manifest.py,2026-08-10,mode=L; source_archive=gpr_data.zip
res_sam,core,res_sam:synthetic:crack:0008,crack,dataset_folder_name,GPR_data/synthetic/crack/0008.jpg,<LOCAL_DATA_ROOT>\external_assets\res_sam_data\GPR_data\synthetic\crack\0008.jpg,8da506a739d4de5b81d2d2334c80d09148aa8d1f5970719ca8b0ba21b8d7a249,,synthetic,,,,,,,,published_res_sam_image_export_v1,jpg,224,224,0,,,,synthetic,,,,build_ressam_unified_manifest.py,2026-08-10,mode=L; source_archive=gpr_data.zip
res_sam,core,res_sam:synthetic:crack:0009,crack,dataset_folder_name,GPR_data/synthetic/crack/0009.jpg,<LOCAL_DATA_ROOT>\external_assets\res_sam_data\GPR_data\synthetic\crack\0009.jpg,c81be1166426546c82eed1232ba759854bf9075e8e5bde6b351cb79708b009c4,,synthetic,,,,,,,,published_res_sam_image_export_v1,jpg,224,224,0,,,,synthetic,,,,build_ressam_unified_manifest.py,2026-08-10,mode=L; source_archive=gpr_data.zip
res_sam,core,res_sam:synthetic:crack:0010,crack,dataset_folder_name,GPR_data/synthetic/crack/0010.jpg,<LOCAL_DATA_ROOT>\external_assets\res_sam_data\GPR_data\synthetic\crack\0010.jpg,c726885af7302e38327dd7437595c2ffb4005d94f404da0e5d83f140e8bd3763,,synthetic,,,,,,,,published_res_sam_image_export_v1,jpg,224,224,0,,,,synthetic,,,,build_ressam_unified_manifest.py,2026-08-10,mode=L; source_archive=gpr_data.zip
res_sam,core,res_sam:synthetic:crack:0011,crack,dataset_folder_name,GPR_data/synthetic/crack/0011.jpg,<LOCAL_DATA_ROOT>\external_assets\res_sam_data\GPR_data\synthetic\crack\0011.jpg,467c7ce8db746683db91c6eca7f77a864a5ee8835a55538b9ac8595f42283f83,,synthetic,,,,,,,,published_res_sam_image_export_v1,jpg,224,224,0,,,,synthetic,,,,build_ressam_unified_manifest.py,2026-08-10,mode=L; source_archive=gpr_data.zip
res_sam,core,res_sam:synthetic:crack:0012,crack,dataset_folder_name,GPR_data/synthetic/crack/0012.jpg,<LOCAL_DATA_ROOT>\external_assets\res_sam_data\GPR_data\synthetic\crack\0012.jpg,7b21f31d35f2ae1c5776af153629be9a0371f170f135e4ef90941aa0611fe534,,synthetic,,,,,,,,published_res_sam_image_export_v1,jpg,224,224,0,,,,synthetic,,,,build_ressam_unified_manifest.py,2026-08-10,mode=L; source_archive=gpr_data.zip
res_sam,core,res_sam:synthetic:crack:0013,crack,dataset_folder_name,GPR_data/synthetic/crack/0013.jpg,<LOCAL_DATA_ROOT>\external_assets\res_sam_data\GPR_data\synthetic\crack\0013.jpg,ba92758281def6a73ba51c82bafc7035192fd79df396bea86a2d3992229bfebe,,synthetic,,,,,,,,published_res_sam_image_export_v1,jpg,224,224,0,,,,synthetic,,,,build_ressam_unified_manifest.py,2026-08-10,mode=L; source_archive=gpr_data.zip
res_sam,core,res_sam:synthetic:crack:0014,crack,dataset_folder_name,GPR_data/synthetic/crack/0014.jpg,<LOCAL_DATA_ROOT>\external_assets\res_sam_data\GPR_data\synthetic\crack\0014.jpg,2cb3a6ffde3f12a19bcbd42bb6123c1ae68076c5d783a744faba79dd541a6476,,synthetic,,,,,,,,published_res_sam_image_export_v1,jpg,224,224,0,,,,synthetic,,,,build_ressam_unified_manifest.py,2026-08-10,mode=L; source_archive=gpr_data.zip
res_sam,core,res_sam:synthetic:crack:0015,crack,dataset_folder_name,GPR_data/synthetic/crack/0015.jpg,<LOCAL_DATA_ROOT>\external_assets\res_sam_data\GPR_data\synthetic\crack\0015.jpg,c4a238393be33f6a4e9b81b70a737ee26d9a3dc684e82967591b7ed16c122118,,synthetic,,,,,,,,published_res_sam_image_export_v1,jpg,224,224,0,,,,synthetic,,,,build_ressam_unified_manifest.py,2026-08-10,mode=L; source_archive=gpr_data.zip
res_sam,core,res_sam:synthetic:crack:0016,crack,dataset_folder_name,GPR_data/synthetic/crack/0016.jpg,<LOCAL_DATA_ROOT>\external_assets\res_sam_data\GPR_data\synthetic\crack\0016.jpg,60e9f8a3b02217c82d124e31c420d77b26dc83ecd8feae1547f5150b1db8bdaf,,synthetic,,,,,,,,published_res_sam_image_export_v1,jpg,224,224,0,,,,synthetic,,,,build_ressam_unified_manifest.py,2026-08-10,mode=L; source_archive=gpr_data.zip
res_sam,core,res_sam:synthetic:crack:0017,crack,dataset_folder_name,GPR_data/synthetic/crack/0017.jpg,<LOCAL_DATA_ROOT>\external_assets\res_sam_data\GPR_data\synthetic\crack\0017.jpg,be13697eddb03de656863f3b70d73591eb6abd8d1008fce02e4b4ae87cb7b359,,synthetic,,,,,,,,published_res_sam_image_export_v1,jpg,224,224,0,,,,synthetic,,,,build_ressam_unified_manifest.py,2026-08-10,mode=L; source_archive=gpr_data.zip
res_sam,core,res_sam:synthetic:crack:0018,crack,dataset_folder_name,GPR_data/synthetic/crack/0018.jpg,<LOCAL_DATA_ROOT>\external_assets\res_sam_data\GPR_data\synthetic\crack\0018.jpg,8c44727408eaa8dadbf98383065fc5185fbd29635bbc8662016c05cee76c4942,,synthetic,,,,,,,,published_res_sam_image_export_v1,jpg,224,224,0,,,,synthetic,,,,build_ressam_unified_manifest.py,2026-08-10,mode=L; source_archive=gpr_data.zip
res_sam,core,res_sam:synthetic:crack:0019,crack,dataset_folder_name,GPR_data/synthetic/crack/0019.jpg,<LOCAL_DATA_ROOT>\external_assets\res_sam_data\GPR_data\synthetic\crack\0019.jpg,1b1082440a03c15ad710d21ef88fe544d9be00bb309697e10dbca472f5cca557,,synthetic,,,,,,,,published_res_sam_image_export_v1,jpg,224,224,0,,,,synthetic,,,,build_ressam_unified_manifest.py,2026-08-10,mode=L; source_archive=gpr_data.zip
res_sam,core,res_sam:synthetic:crack:0020,crack,dataset_folder_name,GPR_data/synthetic/crack/0020.jpg,<LOCAL_DATA_ROOT>\external_assets\res_sam_data\GPR_data\synthetic\crack\0020.jpg,a039fcaf25d38188163b95cc2e80c470bed96df12a341bcceb0b30cb0323a02b,,synthetic,,,,,,,,published_res_sam_image_export_v1,jpg,224,224,0,,,,synthetic,,,,build_ressam_unified_manifest.py,2026-08-10,mode=L; source_archive=gpr_data.zip
res_sam,core,res_sam:synthetic:crack:0021,crack,dataset_folder_name,GPR_data/synthetic/crack/0021.jpg,<LOCAL_DATA_ROOT>\external_assets\res_sam_data\GPR_data\synthetic\crack\0021.jpg,843058a0714f8ff8d9e42fd9ba03f2a75a88d89ee2b2bd3e944de3150946763d,,synthetic,,,,,,,,published_res_sam_image_export_v1,jpg,224,224,0,,,,synthetic,,,,build_ressam_unified_manifest.py,2026-08-10,mode=L; source_archive=gpr_data.zip
res_sam,core,res_sam:synthetic:crack:0022,crack,dataset_folder_name,GPR_data/synthetic/crack/0022.jpg,<LOCAL_DATA_ROOT>\external_assets\res_sam_data\GPR_data\synthetic\crack\0022.jpg,69192165f603937c17bdef959ffff322c8234f894361983a47d74210a7422713,,synthetic,,,,,,,,published_res_sam_image_export_v1,jpg,224,224,0,,,,synthetic,,,,build_ressam_unified_manifest.py,2026-08-10,mode=L; source_archive=gpr_data.zip
res_sam,core,res_sam:synthetic:crack:0023,crack,dataset_folder_name,GPR_data/synthetic/crack/0023.jpg,<LOCAL_DATA_ROOT>\external_assets\res_sam_data\GPR_data\synthetic\crack\0023.jpg,e95741a70bc2c0f231da6b303f023a0ede11879c1906f5f3083b547ea63e9100,,synthetic,,,,,,,,published_res_sam_image_export_v1,jpg,224,224,0,,,,synthetic,,,,build_ressam_unified_manifest.py,2026-08-10,mode=L; source_archive=gpr_data.zip
res_sam,core,res_sam:synthetic:crack:0024,crack,dataset_folder_name,GPR_data/synthetic/crack/0024.jpg,<LOCAL_DATA_ROOT>\external_assets\res_sam_data\GPR_data\synthetic\crack\0024.jpg,6ed7ba8c519b16cb854da4cbfe3740e700b9296ce771aa16561dc8bd0d1b1d44,,synthetic,,,,,,,,published_res_sam_image_export_v1,jpg,224,224,0,,,,synthetic,,,,build_ressam_unified_manifest.py,2026-08-10,mode=L; source_archive=gpr_data.zip
res_sam,core,res_sam:synthetic:crack:0025,crack,dataset_folder_name,GPR_data/synthetic/crack/0025.jpg,<LOCAL_DATA_ROOT>\external_assets\res_sam_data\GPR_data\synthetic\crack\0025.jpg,ca985e374c0fab37a9ca7f7eb4ab4c7f7eef9b0774e4341df75e57f29e7fb0ab,,synthetic,,,,,,,,published_res_sam_image_export_v1,jpg,224,224,0,,,,synthetic,,,,build_ressam_unified_manifest.py,2026-08-10,mode=L; source_archive=gpr_data.zip
res_sam,core,res_sam:synthetic:crack:0026,crack,dataset_folder_name,GPR_data/synthetic/crack/0026.jpg,<LOCAL_DATA_ROOT>\external_assets\res_sam_data\GPR_data\synthetic\crack\0026.jpg,5e13220c653f6d9992deb41f761aeafecc84040aca23a74a4f0e57cfa95589ed,,synthetic,,,,,,,,published_res_sam_image_export_v1,jpg,224,224,0,,,,synthetic,,,,build_ressam_unified_manifest.py,2026-08-10,mode=L; source_archive=gpr_data.zip
res_sam,core,res_sam:synthetic:crack:0027,crack,dataset_folder_name,GPR_data/synthetic/crack/0027.jpg,<LOCAL_DATA_ROOT>\external_assets\res_sam_data\GPR_data\synthetic\crack\0027.jpg,09b2041e37fc5b8973e81be65a22ab5c3408fc0cde94bc92aa9e7be4ac51c879,,synthetic,,,,,,,,published_res_sam_image_export_v1,jpg,224,224,0,,,,synthetic,,,,build_ressam_unified_manifest.py,2026-08-10,mode=L; source_archive=gpr_data.zip
res_sam,core,res_sam:synthetic:crack:0028,crack,dataset_folder_name,GPR_data/synthetic/crack/0028.jpg,<LOCAL_DATA_ROOT>\external_assets\res_sam_data\GPR_data\synthetic\crack\0028.jpg,3d9adb040dbe3328bfabb1036030f7933161baf3fe74db68940d44c01b1cc340,,synthetic,,,,,,,,published_res_sam_image_export_v1,jpg,224,224,0,,,,synthetic,,,,build_ressam_unified_manifest.py,2026-08-10,mode=L; source_archive=gpr_data.zip
res_sam,core,res_sam:synthetic:crack:0029,crack,dataset_folder_name,GPR_data/synthetic/crack/0029.jpg,<LOCAL_DATA_ROOT>\external_assets\res_sam_data\GPR_data\synthetic\crack\0029.jpg,52ecb18960adff59e41feab23fa3d17bffdfa0f289f998bd72991162dbc37f0a,,synthetic,,,,,,,,published_res_sam_image_export_v1,jpg,224,224,0,,,,synthetic,,,,build_ressam_unified_manifest.py,2026-08-10,mode=L; source_archive=gpr_data.zip
res_sam,core,res_sam:synthetic:crack:0030,crack,dataset_folder_name,GPR_data/synthetic/crack/0030.jpg,<LOCAL_DATA_ROOT>\external_assets\res_sam_data\GPR_data\synthetic\crack\0030.jpg,5ad47e063e36b84aa1398e7c16dff46090566e1445556ac41d5b13efa8c6f7ba,,synthetic,,,,,,,,published_res_sam_image_export_v1,jpg,224,224,0,,,,synthetic,,,,build_ressam_unified_manifest.py,2026-08-10,mode=L; source_archive=gpr_data.zip
res_sam,core,res_sam:synthetic:crack:0031,crack,dataset_folder_name,GPR_data/synthetic/crack/0031.jpg,<LOCAL_DATA_ROOT>\external_assets\res_sam_data\GPR_data\synthetic\crack\0031.jpg,229bf5a475831e384bc3ccd5925df45f9dd47ae3808e4e5ecef54818f19d8ca2,,synthetic,,,,,,,,published_res_sam_image_export_v1,jpg,224,224,0,,,,synthetic,,,,build_ressam_unified_manifest.py,2026-08-10,mode=L; source_archive=gpr_data.zip
res_sam,core,res_sam:synthetic:crack:0032,crack,dataset_folder_name,GPR_data/synthetic/crack/0032.jpg,<LOCAL_DATA_ROOT>\external_assets\res_sam_data\GPR_data\synthetic\crack\0032.jpg,aaf3092e5f971838c5b09443ae4ed0c54c5b7b9979605ae6fcb52dd4ec6c74c4,,synthetic,,,,,,,,published_res_sam_image_export_v1,jpg,224,224,0,,,,synthetic,,,,build_ressam_unified_manifest.py,2026-08-10,mode=L; source_archive=gpr_data.zip
res_sam,core,res_sam:synthetic:crack:0033,crack,dataset_folder_name,GPR_data/synthetic/crack/0033.jpg,<LOCAL_DATA_ROOT>\external_assets\res_sam_data\GPR_data\synthetic\crack\0033.jpg,7828aa8ada6a30329aff7cdf2cc5168b4216a407b3e7eb8bf378d26222cfd1c1,,synthetic,,,,,,,,published_res_sam_image_export_v1,jpg,224,224,0,,,,synthetic,,,,build_ressam_unified_manifest.py,2026-08-10,mode=L; source_archive=gpr_data.zip
res_sam,core,res_sam:synthetic:crack:0034,crack,dataset_folder_name,GPR_data/synthetic/crack/0034.jpg,<LOCAL_DATA_ROOT>\external_assets\res_sam_data\GPR_data\synthetic\crack\0034.jpg,b2579cbf332006369c8e84d75e8f6fa78af2e24817cef8f7ce8375c82eeff6f1,,synthetic,,,,,,,,published_res_sam_image_export_v1,jpg,224,224,0,,,,synthetic,,,,build_ressam_unified_manifest.py,2026-08-10,mode=L; source_archive=gpr_data.zip
res_sam,core,res_sam:synthetic:crack:0035,crack,dataset_folder_name,GPR_data/synthetic/crack/0035.jpg,<LOCAL_DATA_ROOT>\external_assets\res_sam_data\GPR_data\synthetic\crack\0035.jpg,dbaafc3073361afc70f1f587c065abf09752de2bae2e3edb723731cbfd09603e,,synthetic,,,,,,,,published_res_sam_image_export_v1,jpg,224,224,0,,,,synthetic,,,,build_ressam_unified_manifest.py,2026-08-10,mode=L; source_archive=gpr_data.zip
res_sam,core,res_sam:synthetic:crack:0036,crack,dataset_folder_name,GPR_data/synthetic/crack/0036.jpg,<LOCAL_DATA_ROOT>\external_assets\res_sam_data\GPR_data\synthetic\crack\0036.jpg,f57a8134c242a9005334fa58e98490da85751ff3aac238b7e8d9690eccce07f4,,synthetic,,,,,,,,published_res_sam_image_export_v1,jpg,224,224,0,,,,synthetic,,,,build_ressam_unified_manifest.py,2026-08-10,mode=L; source_archive=gpr_data.zip
res_sam,core,res_sam:synthetic:crack:0037,crack,dataset_folder_name,GPR_data/synthetic/crack/0037.jpg,<LOCAL_DATA_ROOT>\external_assets\res_sam_data\GPR_data\synthetic\crack\0037.jpg,f26263d6cf35c60ff6acf1d52dc9e20087215b294d444edd234406d478f3cdc0,,synthetic,,,,,,,,published_res_sam_image_export_v1,jpg,224,224,0,,,,synthetic,,,,build_ressam_unified_manifest.py,2026-08-10,mode=L; source_archive=gpr_data.zip
res_sam,core,res_sam:synthetic:crack:0038,crack,dataset_folder_name,GPR_data/synthetic/crack/0038.jpg,<LOCAL_DATA_ROOT>\external_assets\res_sam_data\GPR_data\synthetic\crack\0038.jpg,871a777bf2c1cd8e9df61e6a8171054858bc7fbabd4e09051b39258646883faf,,synthetic,,,,,,,,published_res_sam_image_export_v1,jpg,224,224,0,,,,synthetic,,,,build_ressam_unified_manifest.py,2026-08-10,mode=L; source_archive=gpr_data.zip
res_sam,core,res_sam:synthetic:crack:0039,crack,dataset_folder_name,GPR_data/synthetic/crack/0039.jpg,<LOCAL_DATA_ROOT>\external_assets\res_sam_data\GPR_data\synthetic\crack\0039.jpg,a59a57d469777048ad326b2f345bba2591bd2e400a23932281778359461b31d5,,synthetic,,,,,,,,published_res_sam_image_export_v1,jpg,224,224,0,,,,synthetic,,,,build_ressam_unified_manifest.py,2026-08-10,mode=L; source_archive=gpr_data.zip
res_sam,core,res_sam:synthetic:crack:0040,crack,dataset_folder_name,GPR_data/synthetic/crack/0040.jpg,<LOCAL_DATA_ROOT>\external_assets\res_sam_data\GPR_data\synthetic\crack\0040.jpg,615cb7b9352439aec240f8bc7dd795df9a4855b7a163b6e2558049436a249f03,,synthetic,,,,,,,,published_res_sam_image_export_v1,jpg,224,224,0,,,,synthetic,,,,build_ressam_unified_manifest.py,2026-08-10,mode=L; source_archive=gpr_data.zip
res_sam,core,res_sam:synthetic:crack:0041,crack,dataset_folder_name,GPR_data/synthetic/crack/0041.jpg,<LOCAL_DATA_ROOT>\external_assets\res_sam_data\GPR_data\synthetic\crack\0041.jpg,4d9c7d7235f28ae11807597086ed3118e80346ef6eee08c75dfcb4c1cfde6e8e,,synthetic,,,,,,,,published_res_sam_image_export_v1,jpg,224,224,0,,,,synthetic,,,,build_ressam_unified_manifest.py,2026-08-10,mode=L; source_archive=gpr_data.zip
res_sam,core,res_sam:synthetic:crack:0042,crack,dataset_folder_name,GPR_data/synthetic/crack/0042.jpg,<LOCAL_DATA_ROOT>\external_assets\res_sam_data\GPR_data\synthetic\crack\0042.jpg,920f18f2963d10c728732142cd62ac6d0fb9eced2896811e673c38f5b9b26e03,,synthetic,,,,,,,,published_res_sam_image_export_v1,jpg,224,224,0,,,,synthetic,,,,build_ressam_unified_manifest.py,2026-08-10,mode=L; source_archive=gpr_data.zip
res_sam,core,res_sam:synthetic:crack:0043,crack,dataset_folder_name,GPR_data/synthetic/crack/0043.jpg,<LOCAL_DATA_ROOT>\external_assets\res_sam_data\GPR_data\synthetic\crack\0043.jpg,338651b39f3379f484bd323a5fe329d832a8df917589ecd94d01a8752088a306,,synthetic,,,,,,,,published_res_sam_image_export_v1,jpg,224,224,0,,,,synthetic,,,,build_ressam_unified_manifest.py,2026-08-10,mode=L; source_archive=gpr_data.zip
res_sam,core,res_sam:synthetic:crack:0044,crack,dataset_folder_name,GPR_data/synthetic/crack/0044.jpg,<LOCAL_DATA_ROOT>\external_assets\res_sam_data\GPR_data\synthetic\crack\0044.jpg,ffad790da5887dfbe873f1666fdaddc2d6713964d47d5ec15da2eaaf4ec7f116,,synthetic,,,,,,,,published_res_sam_image_export_v1,jpg,224,224,0,,,,synthetic,,,,build_ressam_unified_manifest.py,2026-08-10,mode=L; source_archive=gpr_data.zip
res_sam,core,res_sam:synthetic:crack:0045,crack,dataset_folder_name,GPR_data/synthetic/crack/0045.jpg,<LOCAL_DATA_ROOT>\external_assets\res_sam_data\GPR_data\synthetic\crack\0045.jpg,50b443c16cb1f11a85348daea53809dfb2a3483f44af79ee5420fa4e7e3e1890,,synthetic,,,,,,,,published_res_sam_image_export_v1,jpg,224,224,0,,,,synthetic,,,,build_ressam_unified_manifest.py,2026-08-10,mode=L; source_archive=gpr_data.zip
res_sam,core,res_sam:synthetic:crack:0046,crack,dataset_folder_name,GPR_data/synthetic/crack/0046.jpg,<LOCAL_DATA_ROOT>\external_assets\res_sam_data\GPR_data\synthetic\crack\0046.jpg,66f79d1b66749bc6acf0ad7872603fe9beddd0456dd2f0bd54104e51e436f574,,synthetic,,,,,,,,published_res_sam_image_export_v1,jpg,224,224,0,,,,synthetic,,,,build_ressam_unified_manifest.py,2026-08-10,mode=L; source_archive=gpr_data.zip
res_sam,core,res_sam:synthetic:crack:0047,crack,dataset_folder_name,GPR_data/synthetic/crack/0047.jpg,<LOCAL_DATA_ROOT>\external_assets\res_sam_data\GPR_data\synthetic\crack\0047.jpg,04bb6b604384099706e87d80f9f4954c3d7c65ef9c52ab174f4de1bfb7664220,,synthetic,,,,,,,,published_res_sam_image_export_v1,jpg,224,224,0,,,,synthetic,,,,build_ressam_unified_manifest.py,2026-08-10,mode=L; source_archive=gpr_data.zip
res_sam,core,res_sam:synthetic:crack:0048,crack,dataset_folder_name,GPR_data/synthetic/crack/0048.jpg,<LOCAL_DATA_ROOT>\external_assets\res_sam_data\GPR_data\synthetic\crack\0048.jpg,7d44902dca0668bfc2e9264fb2d076f6cc523de3e5ed872995bed1ab123da988,,synthetic,,,,,,,,published_res_sam_image_export_v1,jpg,224,224,0,,,,synthetic,,,,build_ressam_unified_manifest.py,2026-08-10,mode=L; source_archive=gpr_data.zip
res_sam,core,res_sam:synthetic:crack:0049,crack,dataset_folder_name,GPR_data/synthetic/crack/0049.jpg,<LOCAL_DATA_ROOT>\external_assets\res_sam_data\GPR_data\synthetic\crack\0049.jpg,be5562e8bd448235e3edf529986413b2a4f38e79c15ec0b1a833fee18c097332,,synthetic,,,,,,,,published_res_sam_image_export_v1,jpg,224,224,0,,,,synthetic,,,,build_ressam_unified_manifest.py,2026-08-10,mode=L; source_archive=gpr_data.zip
res_sam,core,res_sam:synthetic:crack:0050,crack,dataset_folder_name,GPR_data/synthetic/crack/0050.jpg,<LOCAL_DATA_ROOT>\external_assets\res_sam_data\GPR_data\synthetic\crack\0050.jpg,029a6a2d0c9d46444d1ebe5bf8d0872e5c1d0cd8dfa0601f3c535e7ec62591f4,,synthetic,,,,,,,,published_res_sam_image_export_v1,jpg,224,224,0,,,,synthetic,,,,build_ressam_unified_manifest.py,2026-08-10,mode=L; source_archive=gpr_data.zip
res_sam,core,res_sam:synthetic:crack:0051,crack,dataset_folder_name,GPR_data/synthetic/crack/0051.jpg,<LOCAL_DATA_ROOT>\external_assets\res_sam_data\GPR_data\synthetic\crack\0051.jpg,0e4e115c2e9d7137c22815bb9031c1f534609c6028aec38140c011c0e097e414,,synthetic,,,,,,,,published_res_sam_image_export_v1,jpg,224,224,0,,,,synthetic,,,,build_ressam_unified_manifest.py,2026-08-10,mode=L; source_archive=gpr_data.zip
res_sam,core,res_sam:synthetic:crack:0052,crack,dataset_folder_name,GPR_data/synthetic/crack/0052.jpg,<LOCAL_DATA_ROOT>\external_assets\res_sam_data\GPR_data\synthetic\crack\0052.jpg,84c733cb6ce478e0eb0d883a0d16accec7729c1edcf0c6debbb06e5793a012f5,,synthetic,,,,,,,,published_res_sam_image_export_v1,jpg,224,224,0,,,,synthetic,,,,build_ressam_unified_manifest.py,2026-08-10,mode=L; source_archive=gpr_data.zip
res_sam,core,res_sam:synthetic:crack:0053,crack,dataset_folder_name,GPR_data/synthetic/crack/0053.jpg,<LOCAL_DATA_ROOT>\external_assets\res_sam_data\GPR_data\synthetic\crack\0053.jpg,c61e390dc074ec4093da4b234fce47a8dd06064c1a61286102ed65dd38939ed5,,synthetic,,,,,,,,published_res_sam_image_export_v1,jpg,224,224,0,,,,synthetic,,,,build_ressam_unified_manifest.py,2026-08-10,mode=L; source_archive=gpr_data.zip
res_sam,core,res_sam:synthetic:crack:0054,crack,dataset_folder_name,GPR_data/synthetic/crack/0054.jpg,<LOCAL_DATA_ROOT>\external_assets\res_sam_data\GPR_data\synthetic\crack\0054.jpg,b06a819e4fe4f3bf2fc7cf3ed9b0514ea853b2ad14ab484890a8784fc06e12e2,,synthetic,,,,,,,,published_res_sam_image_export_v1,jpg,224,224,0,,,,synthetic,,,,build_ressam_unified_manifest.py,2026-08-10,mode=L; source_archive=gpr_data.zip
res_sam,core,res_sam:synthetic:crack:0055,crack,dataset_folder_name,GPR_data/synthetic/crack/0055.jpg,<LOCAL_DATA_ROOT>\external_assets\res_sam_data\GPR_data\synthetic\crack\0055.jpg,0fb4986963a724d812ff4b3279abe72485d4364e5a8477da9580accfffd91da2,,synthetic,,,,,,,,published_res_sam_image_export_v1,jpg,224,224,0,,,,synthetic,,,,build_ressam_unified_manifest.py,2026-08-10,mode=L; source_archive=gpr_data.zip
res_sam,core,res_sam:synthetic:crack:0056,crack,dataset_folder_name,GPR_data/synthetic/crack/0056.jpg,<LOCAL_DATA_ROOT>\external_assets\res_sam_data\GPR_data\synthetic\crack\0056.jpg,d8eb256a942974675f78ad119194e0c586bb1875ac2f47f219ad318723a094a2,,synthetic,,,,,,,,published_res_sam_image_export_v1,jpg,224,224,0,,,,synthetic,,,,build_ressam_unified_manifest.py,2026-08-10,mode=L; source_archive=gpr_data.zip
res_sam,core,res_sam:synthetic:crack:0057,crack,dataset_folder_name,GPR_data/synthetic/crack/0057.jpg,<LOCAL_DATA_ROOT>\external_assets\res_sam_data\GPR_data\synthetic\crack\0057.jpg,d2a4a0ee9c8828e9406eff3830b192749db8bc4b12229ce439e609d08e121726,,synthetic,,,,,,,,published_res_sam_image_export_v1,jpg,224,224,0,,,,synthetic,,,,build_ressam_unified_manifest.py,2026-08-10,mode=L; source_archive=gpr_data.zip
res_sam,core,res_sam:synthetic:crack:0058,crack,dataset_folder_name,GPR_data/synthetic/crack/0058.jpg,<LOCAL_DATA_ROOT>\external_assets\res_sam_data\GPR_data\synthetic\crack\0058.jpg,8851f9e62fade7bdaabdd255777a906a57e2a304631a157f69043dd1dbac9b14,,synthetic,,,,,,,,published_res_sam_image_export_v1,jpg,224,224,0,,,,synthetic,,,,build_ressam_unified_manifest.py,2026-08-10,mode=L; source_archive=gpr_data.zip
res_sam,core,res_sam:synthetic:crack:0059,crack,dataset_folder_name,GPR_data/synthetic/crack/0059.jpg,<LOCAL_DATA_ROOT>\external_assets\res_sam_data\GPR_data\synthetic\crack\0059.jpg,ad80d09c4990c25ee77a4b863edc001634a509e1d9e2d35ef317e260b4d35935,,synthetic,,,,,,,,published_res_sam_image_export_v1,jpg,224,224,0,,,,synthetic,,,,build_ressam_unified_manifest.py,2026-08-10,mode=L; source_archive=gpr_data.zip
res_sam,core,res_sam:synthetic:crack:0060,crack,dataset_folder_name,GPR_data/synthetic/crack/0060.jpg,<LOCAL_DATA_ROOT>\external_assets\res_sam_data\GPR_data\synthetic\crack\0060.jpg,721f6951d070f3b4eae419e4391393fca71e7bc5ce0374a425115d5465ae628b,,synthetic,,,,,,,,published_res_sam_image_export_v1,jpg,224,224,0,,,,synthetic,,,,build_ressam_unified_manifest.py,2026-08-10,mode=L; source_archive=gpr_data.zip
res_sam,core,res_sam:synthetic:crack:0061,crack,dataset_folder_name,GPR_data/synthetic/crack/0061.jpg,<LOCAL_DATA_ROOT>\external_assets\res_sam_data\GPR_data\synthetic\crack\0061.jpg,ecfcd790a1f7bc3252b41403bc1d5c6abb0c37d5d171bd28d988bdb2229d660d,,synthetic,,,,,,,,published_res_sam_image_export_v1,jpg,224,224,0,,,,synthetic,,,,build_ressam_unified_manifest.py,2026-08-10,mode=L; source_archive=gpr_data.zip
res_sam,core,res_sam:synthetic:crack:0062,crack,dataset_folder_name,GPR_data/synthetic/crack/0062.jpg,<LOCAL_DATA_ROOT>\external_assets\res_sam_data\GPR_data\synthetic\crack\0062.jpg,de8992a818b0207e9a514b9be6f7c2886e51e158a0d5ba3387b3b0e7be962315,,synthetic,,,,,,,,published_res_sam_image_export_v1,jpg,224,224,0,,,,synthetic,,,,build_ressam_unified_manifest.py,2026-08-10,mode=L; source_archive=gpr_data.zip
res_sam,core,res_sam:synthetic:crack:0063,crack,dataset_folder_name,GPR_data/synthetic/crack/0063.jpg,<LOCAL_DATA_ROOT>\external_assets\res_sam_data\GPR_data\synthetic\crack\0063.jpg,954c0567d40be3bf02b7aab51ec5cdb69db78fab70efbd4b633e4cd03c6d1dd8,,synthetic,,,,,,,,published_res_sam_image_export_v1,jpg,224,224,0,,,,synthetic,,,,build_ressam_unified_manifest.py,2026-08-10,mode=L; source_archive=gpr_data.zip
res_sam,core,res_sam:synthetic:crack:0064,crack,dataset_folder_name,GPR_data/synthetic/crack/0064.jpg,<LOCAL_DATA_ROOT>\external_assets\res_sam_data\GPR_data\synthetic\crack\0064.jpg,f8c9fb9a3307e73fb21ded9dbfcdbc7e9a61d18373a874e4d17e989b5714387f,,synthetic,,,,,,,,published_res_sam_image_export_v1,jpg,224,224,0,,,,synthetic,,,,build_ressam_unified_manifest.py,2026-08-10,mode=L; source_archive=gpr_data.zip
res_sam,core,res_sam:synthetic:crack:0065,crack,dataset_folder_name,GPR_data/synthetic/crack/0065.jpg,<LOCAL_DATA_ROOT>\external_assets\res_sam_data\GPR_data\synthetic\crack\0065.jpg,686069e254d510c248414cf407bad907eafd29fa3f952f9ad554b20e970040fd,,synthetic,,,,,,,,published_res_sam_image_export_v1,jpg,224,224,0,,,,synthetic,,,,build_ressam_unified_manifest.py,2026-08-10,mode=L; source_archive=gpr_data.zip
res_sam,core,res_sam:synthetic:crack:0066,crack,dataset_folder_name,GPR_data/synthetic/crack/0066.jpg,<LOCAL_DATA_ROOT>\external_assets\res_sam_data\GPR_data\synthetic\crack\0066.jpg,35c60579321de28daf7cfc0d3798b3fda83236d9ab6e390985772fd582146510,,synthetic,,,,,,,,published_res_sam_image_export_v1,jpg,224,224,0,,,,synthetic,,,,build_ressam_unified_manifest.py,2026-08-10,mode=L; source_archive=gpr_data.zip
res_sam,core,res_sam:synthetic:crack:0067,crack,dataset_folder_name,GPR_data/synthetic/crack/0067.jpg,<LOCAL_DATA_ROOT>\external_assets\res_sam_data\GPR_data\synthetic\crack\0067.jpg,7aeeea016f0ef24a34618c39f41c9e06c7552d449c51a0f627bfff14b57e9725,,synthetic,,,,,,,,published_res_sam_image_export_v1,jpg,224,224,0,,,,synthetic,,,,build_ressam_unified_manifest.py,2026-08-10,mode=L; source_archive=gpr_data.zip
res_sam,core,res_sam:synthetic:crack:0068,crack,dataset_folder_name,GPR_data/synthetic/crack/0068.jpg,<LOCAL_DATA_ROOT>\external_assets\res_sam_data\GPR_data\synthetic\crack\0068.jpg,efad698c7ce136b25489e3645cbe107c941f710694d177a5f3c9e7de0f465286,,synthetic,,,,,,,,published_res_sam_image_export_v1,jpg,224,224,0,,,,synthetic,,,,build_ressam_unified_manifest.py,2026-08-10,mode=L; source_archive=gpr_data.zip
res_sam,core,res_sam:synthetic:crack:0069,crack,dataset_folder_name,GPR_data/synthetic/crack/0069.jpg,<LOCAL_DATA_ROOT>\external_assets\res_sam_data\GPR_data\synthetic\crack\0069.jpg,fba3ee2b372c9cba733807efc7e6aacd1284a7c392b88cde89fe44d08f637f1b,,synthetic,,,,,,,,published_res_sam_image_export_v1,jpg,224,224,0,,,,synthetic,,,,build_ressam_unified_manifest.py,2026-08-10,mode=L; source_archive=gpr_data.zip
res_sam,core,res_sam:synthetic:crack:0070,crack,dataset_folder_name,GPR_data/synthetic/crack/0070.jpg,<LOCAL_DATA_ROOT>\external_assets\res_sam_data\GPR_data\synthetic\crack\0070.jpg,81b644cd507bd4311338d958df21ca82a1d562f05b8d438a0c50ff515b9dbb09,,synthetic,,,,,,,,published_res_sam_image_export_v1,jpg,224,224,0,,,,synthetic,,,,build_ressam_unified_manifest.py,2026-08-10,mode=L; source_archive=gpr_data.zip
res_sam,core,res_sam:synthetic:crack:0071,crack,dataset_folder_name,GPR_data/synthetic/crack/0071.jpg,<LOCAL_DATA_ROOT>\external_assets\res_sam_data\GPR_data\synthetic\crack\0071.jpg,ada18c0d9536b23d2d590c7db6b3a8b18e26990ed58b536fb9080eb94d08c490,,synthetic,,,,,,,,published_res_sam_image_export_v1,jpg,224,224,0,,,,synthetic,,,,build_ressam_unified_manifest.py,2026-08-10,mode=L; source_archive=gpr_data.zip
res_sam,core,res_sam:synthetic:crack:0072,crack,dataset_folder_name,GPR_data/synthetic/crack/0072.jpg,<LOCAL_DATA_ROOT>\external_assets\res_sam_data\GPR_data\synthetic\crack\0072.jpg,04877d238f1750554f6dd078bd5a157b08b373d68dd7c797cc8012b15be8641e,,synthetic,,,,,,,,published_res_sam_image_export_v1,jpg,224,224,0,,,,synthetic,,,,build_ressam_unified_manifest.py,2026-08-10,mode=L; source_archive=gpr_data.zip
res_sam,core,res_sam:synthetic:crack:0073,crack,dataset_folder_name,GPR_data/synthetic/crack/0073.jpg,<LOCAL_DATA_ROOT>\external_assets\res_sam_data\GPR_data\synthetic\crack\0073.jpg,dd0f84cee47e77d6bc8932c38b1acaa41708812af14e0e8f9be83d3850753883,,synthetic,,,,,,,,published_res_sam_image_export_v1,jpg,224,224,0,,,,synthetic,,,,build_ressam_unified_manifest.py,2026-08-10,mode=L; source_archive=gpr_data.zip
res_sam,core,res_sam:synthetic:crack:0074,crack,dataset_folder_name,GPR_data/synthetic/crack/0074.jpg,<LOCAL_DATA_ROOT>\external_assets\res_sam_data\GPR_data\synthetic\crack\0074.jpg,4d3d8b6df62aaad4498c2c4e9dd18f6fb475f1b52b66bbca14ee1671cb00ada0,,synthetic,,,,,,,,published_res_sam_image_export_v1,jpg,224,224,0,,,,synthetic,,,,build_ressam_unified_manifest.py,2026-08-10,mode=L; source_archive=gpr_data.zip
res_sam,core,res_sam:synthetic:crack:0075,crack,dataset_folder_name,GPR_data/synthetic/crack/0075.jpg,<LOCAL_DATA_ROOT>\external_assets\res_sam_data\GPR_data\synthetic\crack\0075.jpg,8bf3c5f1b18b038f6d1d2378e6daf8a6457ef024ee4bc9c93eb623abfe147d63,,synthetic,,,,,,,,published_res_sam_image_export_v1,jpg,224,224,0,,,,synthetic,,,,build_ressam_unified_manifest.py,2026-08-10,mode=L; source_archive=gpr_data.zip
res_sam,core,res_sam:synthetic:crack:0076,crack,dataset_folder_name,GPR_data/synthetic/crack/0076.jpg,<LOCAL_DATA_ROOT>\external_assets\res_sam_data\GPR_data\synthetic\crack\0076.jpg,2a950aa186484ab0b629ca6abb746314afe56c186181d0d328124467d203afed,,synthetic,,,,,,,,published_res_sam_image_export_v1,jpg,224,224,0,,,,synthetic,,,,build_ressam_unified_manifest.py,2026-08-10,mode=L; source_archive=gpr_data.zip
res_sam,core,res_sam:synthetic:crack:0077,crack,dataset_folder_name,GPR_data/synthetic/crack/0077.jpg,<LOCAL_DATA_ROOT>\external_assets\res_sam_data\GPR_data\synthetic\crack\0077.jpg,a46906d6ea0331df3a897b777b732c8e5761ded80cabf393bd47656dfb0dc9a0,,synthetic,,,,,,,,published_res_sam_image_export_v1,jpg,224,224,0,,,,synthetic,,,,build_ressam_unified_manifest.py,2026-08-10,mode=L; source_archive=gpr_data.zip
res_sam,core,res_sam:synthetic:crack:0078,crack,dataset_folder_name,GPR_data/synthetic/crack/0078.jpg,<LOCAL_DATA_ROOT>\external_assets\res_sam_data\GPR_data\synthetic\crack\0078.jpg,6cd06d23f9c5032283c6d6dfd259fc12fc398064a2ac1aaefb64a1d0c7090954,,synthetic,,,,,,,,published_res_sam_image_export_v1,jpg,224,224,0,,,,synthetic,,,,build_ressam_unified_manifest.py,2026-08-10,mode=L; source_archive=gpr_data.zip
res_sam,core,res_sam:synthetic:crack:0079,crack,dataset_folder_name,GPR_data/synthetic/crack/0079.jpg,<LOCAL_DATA_ROOT>\external_assets\res_sam_data\GPR_data\synthetic\crack\0079.jpg,50417d1896f0d93562e7a53884d109a28b4b14688875e5a81e6ea5bd8b1f8b37,,synthetic,,,,,,,,published_res_sam_image_export_v1,jpg,224,224,0,,,,synthetic,,,,build_ressam_unified_manifest.py,2026-08-10,mode=L; source_archive=gpr_data.zip
res_sam,core,res_sam:synthetic:crack:0080,crack,dataset_folder_name,GPR_data/synthetic/crack/0080.jpg,<LOCAL_DATA_ROOT>\external_assets\res_sam_data\GPR_data\synthetic\crack\0080.jpg,3a998632956a983c5adf0d2814da62b271b33b0873e14a7d17a1f39f06b1d7cb,,synthetic,,,,,,,,published_res_sam_image_export_v1,jpg,224,224,0,,,,synthetic,,,,build_ressam_unified_manifest.py,2026-08-10,mode=L; source_archive=gpr_data.zip
res_sam,core,res_sam:synthetic:crack:0081,crack,dataset_folder_name,GPR_data/synthetic/crack/0081.jpg,<LOCAL_DATA_ROOT>\external_assets\res_sam_data\GPR_data\synthetic\crack\0081.jpg,e5d5ff866a8f937f3055792d4e0d8d598c8c363127d0cf337f2baddf956f15f3,,synthetic,,,,,,,,published_res_sam_image_export_v1,jpg,224,224,0,,,,synthetic,,,,build_ressam_unified_manifest.py,2026-08-10,mode=L; source_archive=gpr_data.zip
res_sam,core,res_sam:synthetic:crack:0082,crack,dataset_folder_name,GPR_data/synthetic/crack/0082.jpg,<LOCAL_DATA_ROOT>\external_assets\res_sam_data\GPR_data\synthetic\crack\0082.jpg,21a3a417dbe9928c96e7ecf6e4fcd621834c678c6d04bf1fb1030200a11e3f50,,synthetic,,,,,,,,published_res_sam_image_export_v1,jpg,224,224,0,,,,synthetic,,,,build_ressam_unified_manifest.py,2026-08-10,mode=L; source_archive=gpr_data.zip
res_sam,core,res_sam:synthetic:crack:0083,crack,dataset_folder_name,GPR_data/synthetic/crack/0083.jpg,<LOCAL_DATA_ROOT>\external_assets\res_sam_data\GPR_data\synthetic\crack\0083.jpg,fc010c0763c8931502699bd3ba8dc58cec0f75a21d60640f167df5c0473bb708,,synthetic,,,,,,,,published_res_sam_image_export_v1,jpg,224,224,0,,,,synthetic,,,,build_ressam_unified_manifest.py,2026-08-10,mode=L; source_archive=gpr_data.zip
res_sam,core,res_sam:synthetic:crack:0084,crack,dataset_folder_name,GPR_data/synthetic/crack/0084.jpg,<LOCAL_DATA_ROOT>\external_assets\res_sam_data\GPR_data\synthetic\crack\0084.jpg,4401a4a8be6d6dd22f654fea2be88b561dd1ca598f3882e919b76151046852cf,,synthetic,,,,,,,,published_res_sam_image_export_v1,jpg,224,224,0,,,,synthetic,,,,build_ressam_unified_manifest.py,2026-08-10,mode=L; source_archive=gpr_data.zip
res_sam,core,res_sam:synthetic:crack:0085,crack,dataset_folder_name,GPR_data/synthetic/crack/0085.jpg,<LOCAL_DATA_ROOT>\external_assets\res_sam_data\GPR_data\synthetic\crack\0085.jpg,e18efcbbef9c93ee3b825533b574afa17c46f3f9517d46dd9217f6e0187f755a,,synthetic,,,,,,,,published_res_sam_image_export_v1,jpg,224,224,0,,,,synthetic,,,,build_ressam_unified_manifest.py,2026-08-10,mode=L; source_archive=gpr_data.zip
res_sam,core,res_sam:synthetic:crack:0086,crack,dataset_folder_name,GPR_data/synthetic/crack/0086.jpg,<LOCAL_DATA_ROOT>\external_assets\res_sam_data\GPR_data\synthetic\crack\0086.jpg,db1aa13e223940f08195e2985f396fd03f43245c61e2c3e8d70da23dc718379d,,synthetic,,,,,,,,published_res_sam_image_export_v1,jpg,224,224,0,,,,synthetic,,,,build_ressam_unified_manifest.py,2026-08-10,mode=L; source_archive=gpr_data.zip
res_sam,core,res_sam:synthetic:crack:0087,crack,dataset_folder_name,GPR_data/synthetic/crack/0087.jpg,<LOCAL_DATA_ROOT>\external_assets\res_sam_data\GPR_data\synthetic\crack\0087.jpg,cadae5061db62d4e9ed270c8dd02fa525bc2b5e08e33693038e20582ea52eff3,,synthetic,,,,,,,,published_res_sam_image_export_v1,jpg,224,224,0,,,,synthetic,,,,build_ressam_unified_manifest.py,2026-08-10,mode=L; source_archive=gpr_data.zip
res_sam,core,res_sam:synthetic:crack:0088,crack,dataset_folder_name,GPR_data/synthetic/crack/0088.jpg,<LOCAL_DATA_ROOT>\external_assets\res_sam_data\GPR_data\synthetic\crack\0088.jpg,7f39c76835c456418d6e1910c84a4e15dde9c47542ac3b408ce9afc639594385,,synthetic,,,,,,,,published_res_sam_image_export_v1,jpg,224,224,0,,,,synthetic,,,,build_ressam_unified_manifest.py,2026-08-10,mode=L; source_archive=gpr_data.zip
res_sam,core,res_sam:synthetic:crack:0089,crack,dataset_folder_name,GPR_data/synthetic/crack/0089.jpg,<LOCAL_DATA_ROOT>\external_assets\res_sam_data\GPR_data\synthetic\crack\0089.jpg,d983dd08467b2e0400332011916f300775649eb98a12f981db754936cf9a4b17,,synthetic,,,,,,,,published_res_sam_image_export_v1,jpg,224,224,0,,,,synthetic,,,,build_ressam_unified_manifest.py,2026-08-10,mode=L; source_archive=gpr_data.zip
res_sam,core,res_sam:synthetic:crack:0090,crack,dataset_folder_name,GPR_data/synthetic/crack/0090.jpg,<LOCAL_DATA_ROOT>\external_assets\res_sam_data\GPR_data\synthetic\crack\0090.jpg,d3f44f7fe225f6807e8dbe779a1d3b8bdd740dce1ebf93091c85531ecbbce73a,,synthetic,,,,,,,,published_res_sam_image_export_v1,jpg,224,224,0,,,,synthetic,,,,build_ressam_unified_manifest.py,2026-08-10,mode=L; source_archive=gpr_data.zip
res_sam,core,res_sam:synthetic:crack:0091,crack,dataset_folder_name,GPR_data/synthetic/crack/0091.jpg,<LOCAL_DATA_ROOT>\external_assets\res_sam_data\GPR_data\synthetic\crack\0091.jpg,e1a2876321d1dcb6e54d8e9489327f6c8e5525195ee6fa683c6cdbedc346d00d,,synthetic,,,,,,,,published_res_sam_image_export_v1,jpg,224,224,0,,,,synthetic,,,,build_ressam_unified_manifest.py,2026-08-10,mode=L; source_archive=gpr_data.zip
res_sam,core,res_sam:synthetic:crack:0092,crack,dataset_folder_name,GPR_data/synthetic/crack/0092.jpg,<LOCAL_DATA_ROOT>\external_assets\res_sam_data\GPR_data\synthetic\crack\0092.jpg,9a8ea84aedb4a22d9b235bc79e520e09c1ccdca6f23a21937a722017ce182d5d,,synthetic,,,,,,,,published_res_sam_image_export_v1,jpg,224,224,0,,,,synthetic,,,,build_ressam_unified_manifest.py,2026-08-10,mode=L; source_archive=gpr_data.zip
res_sam,core,res_sam:synthetic:crack:0093,crack,dataset_folder_name,GPR_data/synthetic/crack/0093.jpg,<LOCAL_DATA_ROOT>\external_assets\res_sam_data\GPR_data\synthetic\crack\0093.jpg,513953d3247cb053b9c0ed6d613475c8819443c48e468afb330d3dbd51036669,,synthetic,,,,,,,,published_res_sam_image_export_v1,jpg,224,224,0,,,,synthetic,,,,build_ressam_unified_manifest.py,2026-08-10,mode=L; source_archive=gpr_data.zip
res_sam,core,res_sam:synthetic:crack:0094,crack,dataset_folder_name,GPR_data/synthetic/crack/0094.jpg,<LOCAL_DATA_ROOT>\external_assets\res_sam_data\GPR_data\synthetic\crack\0094.jpg,b6e6cfdb729bfbb9c34dcc9642b6d41411d01f5db84133d63a70ac2345fc2dd4,,synthetic,,,,,,,,published_res_sam_image_export_v1,jpg,224,224,0,,,,synthetic,,,,build_ressam_unified_manifest.py,2026-08-10,mode=L; source_archive=gpr_data.zip
res_sam,core,res_sam:synthetic:crack:0095,crack,dataset_folder_name,GPR_data/synthetic/crack/0095.jpg,<LOCAL_DATA_ROOT>\external_assets\res_sam_data\GPR_data\synthetic\crack\0095.jpg,16d753dad9b1b39d90e8819057d08e5d62de80bef9a6b8c5d37df8ea0c0a5e03,,synthetic,,,,,,,,published_res_sam_image_export_v1,jpg,224,224,0,,,,synthetic,,,,build_ressam_unified_manifest.py,2026-08-10,mode=L; source_archive=gpr_data.zip
res_sam,core,res_sam:synthetic:crack:0096,crack,dataset_folder_name,GPR_data/synthetic/crack/0096.jpg,<LOCAL_DATA_ROOT>\external_assets\res_sam_data\GPR_data\synthetic\crack\0096.jpg,810b1222e3e5de93110e1ccf7ccf988d320e236fa8a8d3b5b5339c0121a98c64,,synthetic,,,,,,,,published_res_sam_image_export_v1,jpg,224,224,0,,,,synthetic,,,,build_ressam_unified_manifest.py,2026-08-10,mode=L; source_archive=gpr_data.zip
res_sam,core,res_sam:synthetic:crack:0097,crack,dataset_folder_name,GPR_data/synthetic/crack/0097.jpg,<LOCAL_DATA_ROOT>\external_assets\res_sam_data\GPR_data\synthetic\crack\0097.jpg,855621aaa81a9081dbed168893d743e31de1fe09cb3953d03fdcd91f92366ddd,,synthetic,,,,,,,,published_res_sam_image_export_v1,jpg,224,224,0,,,,synthetic,,,,build_ressam_unified_manifest.py,2026-08-10,mode=L; source_archive=gpr_data.zip
res_sam,core,res_sam:synthetic:crack:0098,crack,dataset_folder_name,GPR_data/synthetic/crack/0098.jpg,<LOCAL_DATA_ROOT>\external_assets\res_sam_data\GPR_data\synthetic\crack\0098.jpg,6912c1682849496d0792d8d4cdb07a59ee530c6b2a29f359146e269c6d4f9276,,synthetic,,,,,,,,published_res_sam_image_export_v1,jpg,224,224,0,,,,synthetic,,,,build_ressam_unified_manifest.py,2026-08-10,mode=L; source_archive=gpr_data.zip
res_sam,core,res_sam:synthetic:crack:0099,crack,dataset_folder_name,GPR_data/synthetic/crack/0099.jpg,<LOCAL_DATA_ROOT>\external_assets\res_sam_data\GPR_data\synthetic\crack\0099.jpg,aa9b6d4af304af6fa311a6658b5a7a5c1f91b681988268ba05b4669ddfa2d534,,synthetic,,,,,,,,published_res_sam_image_export_v1,jpg,224,224,0,,,,synthetic,,,,build_ressam_unified_manifest.py,2026-08-10,mode=L; source_archive=gpr_data.zip
res_sam,core,res_sam:synthetic:crack:0100,crack,dataset_folder_name,GPR_data/synthetic/crack/0100.jpg,<LOCAL_DATA_ROOT>\external_assets\res_sam_data\GPR_data\synthetic\crack\0100.jpg,c546925718833b4814113fd998f1a9b5e0c1952426ce521c0cc43c1a86507ee1,,synthetic,,,,,,,,published_res_sam_image_export_v1,jpg,224,224,0,,,,synthetic,,,,build_ressam_unified_manifest.py,2026-08-10,mode=L; source_archive=gpr_data.zip
res_sam,core,res_sam:synthetic:crack:0101,crack,dataset_folder_name,GPR_data/synthetic/crack/0101.jpg,<LOCAL_DATA_ROOT>\external_assets\res_sam_data\GPR_data\synthetic\crack\0101.jpg,e65e0d8990018b4d7419e8f0be8daccbea0a455534aa895da0a90e9ddd211850,,synthetic,,,,,,,,published_res_sam_image_export_v1,jpg,224,224,0,,,,synthetic,,,,build_ressam_unified_manifest.py,2026-08-10,mode=L; source_archive=gpr_data.zip
res_sam,core,res_sam:synthetic:crack:0102,crack,dataset_folder_name,GPR_data/synthetic/crack/0102.jpg,<LOCAL_DATA_ROOT>\external_assets\res_sam_data\GPR_data\synthetic\crack\0102.jpg,f4c4bf26cb05f79f10b8c0717119e4bf4c255dee1d4a3c7c8d6fba617efc6494,,synthetic,,,,,,,,published_res_sam_image_export_v1,jpg,224,224,0,,,,synthetic,,,,build_ressam_unified_manifest.py,2026-08-10,mode=L; source_archive=gpr_data.zip
res_sam,core,res_sam:synthetic:crack:0103,crack,dataset_folder_name,GPR_data/synthetic/crack/0103.jpg,<LOCAL_DATA_ROOT>\external_assets\res_sam_data\GPR_data\synthetic\crack\0103.jpg,3efa86cc8800f170861092c636953645092cb9950d3a7a1ec00cc9b20569ec93,,synthetic,,,,,,,,published_res_sam_image_export_v1,jpg,224,224,0,,,,synthetic,,,,build_ressam_unified_manifest.py,2026-08-10,mode=L; source_archive=gpr_data.zip
res_sam,core,res_sam:synthetic:crack:0104,crack,dataset_folder_name,GPR_data/synthetic/crack/0104.jpg,<LOCAL_DATA_ROOT>\external_assets\res_sam_data\GPR_data\synthetic\crack\0104.jpg,d09145c17fe0b96759460821a8091ac8030d77f3525eb7da39b11af874239630,,synthetic,,,,,,,,published_res_sam_image_export_v1,jpg,224,224,0,,,,synthetic,,,,build_ressam_unified_manifest.py,2026-08-10,mode=L; source_archive=gpr_data.zip
res_sam,core,res_sam:synthetic:crack:0105,crack,dataset_folder_name,GPR_data/synthetic/crack/0105.jpg,<LOCAL_DATA_ROOT>\external_assets\res_sam_data\GPR_data\synthetic\crack\0105.jpg,888fb1414a72b5a6f6fe4610361d037d9fc7c5473df3adee5b2d8b5d33ba8b7f,,synthetic,,,,,,,,published_res_sam_image_export_v1,jpg,224,224,0,,,,synthetic,,,,build_ressam_unified_manifest.py,2026-08-10,mode=L; source_archive=gpr_data.zip
res_sam,core,res_sam:synthetic:crack:0106,crack,dataset_folder_name,GPR_data/synthetic/crack/0106.jpg,<LOCAL_DATA_ROOT>\external_assets\res_sam_data\GPR_data\synthetic\crack\0106.jpg,342234a4bc67927dcfae1a2ee77c4399d5aa46c482cca14899ac9ccd10e02a8d,,synthetic,,,,,,,,published_res_sam_image_export_v1,jpg,224,224,0,,,,synthetic,,,,build_ressam_unified_manifest.py,2026-08-10,mode=L; source_archive=gpr_data.zip
res_sam,core,res_sam:synthetic:crack:0107,crack,dataset_folder_name,GPR_data/synthetic/crack/0107.jpg,<LOCAL_DATA_ROOT>\external_assets\res_sam_data\GPR_data\synthetic\crack\0107.jpg,d844f21188563d3990b5bb46c181dec9b1047a9ec52e4282f6b5c6b5a11f5f32,,synthetic,,,,,,,,published_res_sam_image_export_v1,jpg,224,224,0,,,,synthetic,,,,build_ressam_unified_manifest.py,2026-08-10,mode=L; source_archive=gpr_data.zip
res_sam,core,res_sam:synthetic:crack:0108,crack,dataset_folder_name,GPR_data/synthetic/crack/0108.jpg,<LOCAL_DATA_ROOT>\external_assets\res_sam_data\GPR_data\synthetic\crack\0108.jpg,c5a6c91c65f424d0b1d5a5b61fc0a519518997e194e7726e27c71cd46317bb19,,synthetic,,,,,,,,published_res_sam_image_export_v1,jpg,224,224,0,,,,synthetic,,,,build_ressam_unified_manifest.py,2026-08-10,mode=L; source_archive=gpr_data.zip
res_sam,core,res_sam:synthetic:crack:0109,crack,dataset_folder_name,GPR_data/synthetic/crack/0109.jpg,<LOCAL_DATA_ROOT>\external_assets\res_sam_data\GPR_data\synthetic\crack\0109.jpg,9050b013c1c914deaaaf6a261c28a88fabf5e8e1ef2929b72df04cc8f34105b3,,synthetic,,,,,,,,published_res_sam_image_export_v1,jpg,224,224,0,,,,synthetic,,,,build_ressam_unified_manifest.py,2026-08-10,mode=L; source_archive=gpr_data.zip
res_sam,core,res_sam:synthetic:crack:0110,crack,dataset_folder_name,GPR_data/synthetic/crack/0110.jpg,<LOCAL_DATA_ROOT>\external_assets\res_sam_data\GPR_data\synthetic\crack\0110.jpg,3bc162853d2eafaf2b0a478b782eb65c258aca05cd99fb7cb495e6e73a72c1d2,,synthetic,,,,,,,,published_res_sam_image_export_v1,jpg,224,224,0,,,,synthetic,,,,build_ressam_unified_manifest.py,2026-08-10,mode=L; source_archive=gpr_data.zip
res_sam,core,res_sam:synthetic:crack:0111,crack,dataset_folder_name,GPR_data/synthetic/crack/0111.jpg,<LOCAL_DATA_ROOT>\external_assets\res_sam_data\GPR_data\synthetic\crack\0111.jpg,3ace65a9ddb80ee2a2c4d95c60b53469ec415e5f6e2fc6d9e1aaa436a305ee0d,,synthetic,,,,,,,,published_res_sam_image_export_v1,jpg,224,224,0,,,,synthetic,,,,build_ressam_unified_manifest.py,2026-08-10,mode=L; source_archive=gpr_data.zip
res_sam,core,res_sam:synthetic:crack:0112,crack,dataset_folder_name,GPR_data/synthetic/crack/0112.jpg,<LOCAL_DATA_ROOT>\external_assets\res_sam_data\GPR_data\synthetic\crack\0112.jpg,fbf1e172b7b70f0dc1004f39995826dafb20683a52ce7689fc9a468edf07491e,,synthetic,,,,,,,,published_res_sam_image_export_v1,jpg,224,224,0,,,,synthetic,,,,build_ressam_unified_manifest.py,2026-08-10,mode=L; source_archive=gpr_data.zip
res_sam,core,res_sam:synthetic:crack:0113,crack,dataset_folder_name,GPR_data/synthetic/crack/0113.jpg,<LOCAL_DATA_ROOT>\external_assets\res_sam_data\GPR_data\synthetic\crack\0113.jpg,c3e670c1158e8638441f2dd44ad869a9ef7b6e89ee25f4910a23a9e7fac0e11e,,synthetic,,,,,,,,published_res_sam_image_export_v1,jpg,224,224,0,,,,synthetic,,,,build_ressam_unified_manifest.py,2026-08-10,mode=L; source_archive=gpr_data.zip
res_sam,core,res_sam:synthetic:crack:0114,crack,dataset_folder_name,GPR_data/synthetic/crack/0114.jpg,<LOCAL_DATA_ROOT>\external_assets\res_sam_data\GPR_data\synthetic\crack\0114.jpg,dd8db221e466368a68fc9ea2d0293eb60ff5d04ac391cdadc34b7907f89aed03,,synthetic,,,,,,,,published_res_sam_image_export_v1,jpg,224,224,0,,,,synthetic,,,,build_ressam_unified_manifest.py,2026-08-10,mode=L; source_archive=gpr_data.zip
res_sam,core,res_sam:synthetic:crack:0115,crack,dataset_folder_name,GPR_data/synthetic/crack/0115.jpg,<LOCAL_DATA_ROOT>\external_assets\res_sam_data\GPR_data\synthetic\crack\0115.jpg,e031b390eba4f92083db3d56d42d092ae6efd7a0044c5396e2f842b3879d4dd2,,synthetic,,,,,,,,published_res_sam_image_export_v1,jpg,224,224,0,,,,synthetic,,,,build_ressam_unified_manifest.py,2026-08-10,mode=L; source_archive=gpr_data.zip
res_sam,core,res_sam:synthetic:crack:0116,crack,dataset_folder_name,GPR_data/synthetic/crack/0116.jpg,<LOCAL_DATA_ROOT>\external_assets\res_sam_data\GPR_data\synthetic\crack\0116.jpg,df8bc2f1ff0164b406bb1d9cf410fec13e1cf04daea108e49dc2b754f3a21ec9,,synthetic,,,,,,,,published_res_sam_image_export_v1,jpg,224,224,0,,,,synthetic,,,,build_ressam_unified_manifest.py,2026-08-10,mode=L; source_archive=gpr_data.zip
res_sam,core,res_sam:synthetic:crack:0117,crack,dataset_folder_name,GPR_data/synthetic/crack/0117.jpg,<LOCAL_DATA_ROOT>\external_assets\res_sam_data\GPR_data\synthetic\crack\0117.jpg,13e99f4cc5f0b57c70f799056d47408f8b71e9e700507224196f2017337b8e2e,,synthetic,,,,,,,,published_res_sam_image_export_v1,jpg,224,224,0,,,,synthetic,,,,build_ressam_unified_manifest.py,2026-08-10,mode=L; source_archive=gpr_data.zip
res_sam,core,res_sam:synthetic:crack:0118,crack,dataset_folder_name,GPR_data/synthetic/crack/0118.jpg,<LOCAL_DATA_ROOT>\external_assets\res_sam_data\GPR_data\synthetic\crack\0118.jpg,32d483bb3b86fef74236064d0897478d112e5629790296e4d532d8b55c02e8ba,,synthetic,,,,,,,,published_res_sam_image_export_v1,jpg,224,224,0,,,,synthetic,,,,build_ressam_unified_manifest.py,2026-08-10,mode=L; source_archive=gpr_data.zip
res_sam,core,res_sam:synthetic:crack:0119,crack,dataset_folder_name,GPR_data/synthetic/crack/0119.jpg,<LOCAL_DATA_ROOT>\external_assets\res_sam_data\GPR_data\synthetic\crack\0119.jpg,98c45199d7077a9a49c96cbcb503d3acb4f983a81bcf6ed674f91ca96117647a,,synthetic,,,,,,,,published_res_sam_image_export_v1,jpg,224,224,0,,,,synthetic,,,,build_ressam_unified_manifest.py,2026-08-10,mode=L; source_archive=gpr_data.zip
res_sam,core,res_sam:synthetic:crack:0120,crack,dataset_folder_name,GPR_data/synthetic/crack/0120.jpg,<LOCAL_DATA_ROOT>\external_assets\res_sam_data\GPR_data\synthetic\crack\0120.jpg,9062eb6f08f0f67bd8bc8bdeb90131255f5d684d3d4a0d11fbbaff2554c7d67b,,synthetic,,,,,,,,published_res_sam_image_export_v1,jpg,224,224,0,,,,synthetic,,,,build_ressam_unified_manifest.py,2026-08-10,mode=L; source_archive=gpr_data.zip
res_sam,core,res_sam:synthetic:crack:0121,crack,dataset_folder_name,GPR_data/synthetic/crack/0121.jpg,<LOCAL_DATA_ROOT>\external_assets\res_sam_data\GPR_data\synthetic\crack\0121.jpg,5ab499b6b99016e92466cb3bf2564f613bbd8e174befb2de3550a87eb68aabd0,,synthetic,,,,,,,,published_res_sam_image_export_v1,jpg,224,224,0,,,,synthetic,,,,build_ressam_unified_manifest.py,2026-08-10,mode=L; source_archive=gpr_data.zip
res_sam,core,res_sam:synthetic:crack:0122,crack,dataset_folder_name,GPR_data/synthetic/crack/0122.jpg,<LOCAL_DATA_ROOT>\external_assets\res_sam_data\GPR_data\synthetic\crack\0122.jpg,3407985e2308ac0cebf2963a71edbe0929b166f0a216c83c7502376b4cefd418,,synthetic,,,,,,,,published_res_sam_image_export_v1,jpg,224,224,0,,,,synthetic,,,,build_ressam_unified_manifest.py,2026-08-10,mode=L; source_archive=gpr_data.zip
res_sam,core,res_sam:synthetic:crack:0123,crack,dataset_folder_name,GPR_data/synthetic/crack/0123.jpg,<LOCAL_DATA_ROOT>\external_assets\res_sam_data\GPR_data\synthetic\crack\0123.jpg,474c0eaf66e3c9ba4e25378534e88892b5772dd4a797587d596f28e99f05dba0,,synthetic,,,,,,,,published_res_sam_image_export_v1,jpg,224,224,0,,,,synthetic,,,,build_ressam_unified_manifest.py,2026-08-10,mode=L; source_archive=gpr_data.zip
res_sam,core,res_sam:synthetic:crack:0124,crack,dataset_folder_name,GPR_data/synthetic/crack/0124.jpg,<LOCAL_DATA_ROOT>\external_assets\res_sam_data\GPR_data\synthetic\crack\0124.jpg,7b02d54382647785cff9103df13a8521493bf12550070197dacf4dfff10bf45e,,synthetic,,,,,,,,published_res_sam_image_export_v1,jpg,224,224,0,,,,synthetic,,,,build_ressam_unified_manifest.py,2026-08-10,mode=L; source_archive=gpr_data.zip
res_sam,core,res_sam:synthetic:crack:0125,crack,dataset_folder_name,GPR_data/synthetic/crack/0125.jpg,<LOCAL_DATA_ROOT>\external_assets\res_sam_data\GPR_data\synthetic\crack\0125.jpg,039040ef29a7dd8714f3d04cdb728862029be42af013125deb02820a0c4648b5,,synthetic,,,,,,,,published_res_sam_image_export_v1,jpg,224,224,0,,,,synthetic,,,,build_ressam_unified_manifest.py,2026-08-10,mode=L; source_archive=gpr_data.zip
res_sam,core,res_sam:synthetic:crack:0126,crack,dataset_folder_name,GPR_data/synthetic/crack/0126.jpg,<LOCAL_DATA_ROOT>\external_assets\res_sam_data\GPR_data\synthetic\crack\0126.jpg,3dbcfe1ce0f595ee92dee9378bdeb70801e3c4d6d0ab315ff81ea9f85a14244e,,synthetic,,,,,,,,published_res_sam_image_export_v1,jpg,224,224,0,,,,synthetic,,,,build_ressam_unified_manifest.py,2026-08-10,mode=L; source_archive=gpr_data.zip
res_sam,core,res_sam:synthetic:crack:0127,crack,dataset_folder_name,GPR_data/synthetic/crack/0127.jpg,<LOCAL_DATA_ROOT>\external_assets\res_sam_data\GPR_data\synthetic\crack\0127.jpg,cd361bab195b109363ee7f10f44692a14ef3da2b7f90c3c1a4593f3649e8820e,,synthetic,,,,,,,,published_res_sam_image_export_v1,jpg,224,224,0,,,,synthetic,,,,build_ressam_unified_manifest.py,2026-08-10,mode=L; source_archive=gpr_data.zip
res_sam,core,res_sam:synthetic:crack:0128,crack,dataset_folder_name,GPR_data/synthetic/crack/0128.jpg,<LOCAL_DATA_ROOT>\external_assets\res_sam_data\GPR_data\synthetic\crack\0128.jpg,0d8bbb00c41f81eb9d0cd461165286a0f39521f54f43c119639f72a8471048b6,,synthetic,,,,,,,,published_res_sam_image_export_v1,jpg,224,224,0,,,,synthetic,,,,build_ressam_unified_manifest.py,2026-08-10,mode=L; source_archive=gpr_data.zip
res_sam,core,res_sam:synthetic:crack:0129,crack,dataset_folder_name,GPR_data/synthetic/crack/0129.jpg,<LOCAL_DATA_ROOT>\external_assets\res_sam_data\GPR_data\synthetic\crack\0129.jpg,e37b48667ae7ea9c5d44e1d0957499bb781795558ec717f800e837b0c70da193,,synthetic,,,,,,,,published_res_sam_image_export_v1,jpg,224,224,0,,,,synthetic,,,,build_ressam_unified_manifest.py,2026-08-10,mode=L; source_archive=gpr_data.zip
res_sam,core,res_sam:synthetic:crack:0130,crack,dataset_folder_name,GPR_data/synthetic/crack/0130.jpg,<LOCAL_DATA_ROOT>\external_assets\res_sam_data\GPR_data\synthetic\crack\0130.jpg,cf6b1680d7f75465094d3210311ae84f358db720e5d90c9b9621a3c8e6f691f8,,synthetic,,,,,,,,published_res_sam_image_export_v1,jpg,224,224,0,,,,synthetic,,,,build_ressam_unified_manifest.py,2026-08-10,mode=L; source_archive=gpr_data.zip
res_sam,core,res_sam:synthetic:crack:0131,crack,dataset_folder_name,GPR_data/synthetic/crack/0131.jpg,<LOCAL_DATA_ROOT>\external_assets\res_sam_data\GPR_data\synthetic\crack\0131.jpg,faf0b5297ad7be24ccabdca7ccdd023bb269804d33c49d8eb2e1e07814121fd8,,synthetic,,,,,,,,published_res_sam_image_export_v1,jpg,224,224,0,,,,synthetic,,,,build_ressam_unified_manifest.py,2026-08-10,mode=L; source_archive=gpr_data.zip
res_sam,core,res_sam:synthetic:crack:0132,crack,dataset_folder_name,GPR_data/synthetic/crack/0132.jpg,<LOCAL_DATA_ROOT>\external_assets\res_sam_data\GPR_data\synthetic\crack\0132.jpg,6fe7a13d766d545faf602e8c2d520572c601c7ca096127bea74eb816b69c64b6,,synthetic,,,,,,,,published_res_sam_image_export_v1,jpg,224,224,0,,,,synthetic,,,,build_ressam_unified_manifest.py,2026-08-10,mode=L; source_archive=gpr_data.zip
res_sam,core,res_sam:synthetic:crack:0133,crack,dataset_folder_name,GPR_data/synthetic/crack/0133.jpg,<LOCAL_DATA_ROOT>\external_assets\res_sam_data\GPR_data\synthetic\crack\0133.jpg,238f624d257c49778d6d4af93b2a1a43ebaea8d8e54cce8e3e8b8f6447f277f8,,synthetic,,,,,,,,published_res_sam_image_export_v1,jpg,224,224,0,,,,synthetic,,,,build_ressam_unified_manifest.py,2026-08-10,mode=L; source_archive=gpr_data.zip
res_sam,core,res_sam:synthetic:crack:0134,crack,dataset_folder_name,GPR_data/synthetic/crack/0134.jpg,<LOCAL_DATA_ROOT>\external_assets\res_sam_data\GPR_data\synthetic\crack\0134.jpg,c2f0fd7807ab457946d21dd5f9ce13e67be80768361e16bd1a6f123eebd970a8,,synthetic,,,,,,,,published_res_sam_image_export_v1,jpg,224,224,0,,,,synthetic,,,,build_ressam_unified_manifest.py,2026-08-10,mode=L; source_archive=gpr_data.zip
res_sam,core,res_sam:synthetic:crack:0135,crack,dataset_folder_name,GPR_data/synthetic/crack/0135.jpg,<LOCAL_DATA_ROOT>\external_assets\res_sam_data\GPR_data\synthetic\crack\0135.jpg,a5641a2da112d44bc5eab7a31a6103e5b7233b4ac8ed1e2c3714d2042e4248d4,,synthetic,,,,,,,,published_res_sam_image_export_v1,jpg,224,224,0,,,,synthetic,,,,build_ressam_unified_manifest.py,2026-08-10,mode=L; source_archive=gpr_data.zip
res_sam,core,res_sam:synthetic:crack:0136,crack,dataset_folder_name,GPR_data/synthetic/crack/0136.jpg,<LOCAL_DATA_ROOT>\external_assets\res_sam_data\GPR_data\synthetic\crack\0136.jpg,a3274fdde98968542583b8cade026099de75520b884e96e8494d7a99bebd85ec,,synthetic,,,,,,,,published_res_sam_image_export_v1,jpg,224,224,0,,,,synthetic,,,,build_ressam_unified_manifest.py,2026-08-10,mode=L; source_archive=gpr_data.zip
res_sam,core,res_sam:synthetic:crack:0137,crack,dataset_folder_name,GPR_data/synthetic/crack/0137.jpg,<LOCAL_DATA_ROOT>\external_assets\res_sam_data\GPR_data\synthetic\crack\0137.jpg,c0417b733d5658630b040b63d0fc55176a65586d397af22e93b3caa4455c86f4,,synthetic,,,,,,,,published_res_sam_image_export_v1,jpg,224,224,0,,,,synthetic,,,,build_ressam_unified_manifest.py,2026-08-10,mode=L; source_archive=gpr_data.zip
res_sam,core,res_sam:synthetic:crack:0138,crack,dataset_folder_name,GPR_data/synthetic/crack/0138.jpg,<LOCAL_DATA_ROOT>\external_assets\res_sam_data\GPR_data\synthetic\crack\0138.jpg,45674ca860cab73be9bcc218e59c1b2db5c7b7883481d790cd7f3f8aafb8d918,,synthetic,,,,,,,,published_res_sam_image_export_v1,jpg,224,224,0,,,,synthetic,,,,build_ressam_unified_manifest.py,2026-08-10,mode=L; source_archive=gpr_data.zip
res_sam,core,res_sam:synthetic:crack:0139,crack,dataset_folder_name,GPR_data/synthetic/crack/0139.jpg,<LOCAL_DATA_ROOT>\external_assets\res_sam_data\GPR_data\synthetic\crack\0139.jpg,4ef1359d22e160d96b1717c0f8f00d173353649c31e5aca84b772b1db9f64359,,synthetic,,,,,,,,published_res_sam_image_export_v1,jpg,224,224,0,,,,synthetic,,,,build_ressam_unified_manifest.py,2026-08-10,mode=L; source_archive=gpr_data.zip
res_sam,core,res_sam:synthetic:crack:0140,crack,dataset_folder_name,GPR_data/synthetic/crack/0140.jpg,<LOCAL_DATA_ROOT>\external_assets\res_sam_data\GPR_data\synthetic\crack\0140.jpg,d1d25a3ac90e9be46f608cb369a0ec9ec5776b5c2f91e59a12c835aea37cf66f,,synthetic,,,,,,,,published_res_sam_image_export_v1,jpg,224,224,0,,,,synthetic,,,,build_ressam_unified_manifest.py,2026-08-10,mode=L; source_archive=gpr_data.zip
res_sam,core,res_sam:synthetic:crack:0141,crack,dataset_folder_name,GPR_data/synthetic/crack/0141.jpg,<LOCAL_DATA_ROOT>\external_assets\res_sam_data\GPR_data\synthetic\crack\0141.jpg,0075d62b2e4c2795e1ea321418346f046b9e7e266cff900f690ff4b6e8e4a453,,synthetic,,,,,,,,published_res_sam_image_export_v1,jpg,224,224,0,,,,synthetic,,,,build_ressam_unified_manifest.py,2026-08-10,mode=L; source_archive=gpr_data.zip
res_sam,core,res_sam:synthetic:crack:0142,crack,dataset_folder_name,GPR_data/synthetic/crack/0142.jpg,<LOCAL_DATA_ROOT>\external_assets\res_sam_data\GPR_data\synthetic\crack\0142.jpg,692f815a7fbbdf51f295b400dd5fd61746b9168c16327846de518c88cb07db24,,synthetic,,,,,,,,published_res_sam_image_export_v1,jpg,224,224,0,,,,synthetic,,,,build_ressam_unified_manifest.py,2026-08-10,mode=L; source_archive=gpr_data.zip
res_sam,core,res_sam:synthetic:crack:0143,crack,dataset_folder_name,GPR_data/synthetic/crack/0143.jpg,<LOCAL_DATA_ROOT>\external_assets\res_sam_data\GPR_data\synthetic\crack\0143.jpg,373b8ff297c1459009cab32f67dd9db73c45f79f6581ac47e500ffa0aa68954a,,synthetic,,,,,,,,published_res_sam_image_export_v1,jpg,224,224,0,,,,synthetic,,,,build_ressam_unified_manifest.py,2026-08-10,mode=L; source_archive=gpr_data.zip
res_sam,core,res_sam:synthetic:crack:0144,crack,dataset_folder_name,GPR_data/synthetic/crack/0144.jpg,<LOCAL_DATA_ROOT>\external_assets\res_sam_data\GPR_data\synthetic\crack\0144.jpg,524d55bf3939a8412d6bd1612441a10fd035d810cab02dd7955302049f60e6a5,,synthetic,,,,,,,,published_res_sam_image_export_v1,jpg,224,224,0,,,,synthetic,,,,build_ressam_unified_manifest.py,2026-08-10,mode=L; source_archive=gpr_data.zip
res_sam,core,res_sam:synthetic:crack:0145,crack,dataset_folder_name,GPR_data/synthetic/crack/0145.jpg,<LOCAL_DATA_ROOT>\external_assets\res_sam_data\GPR_data\synthetic\crack\0145.jpg,7fc909c138a387bded7bddaf89880259e3937cf4f4afe52c088340debbd30d42,,synthetic,,,,,,,,published_res_sam_image_export_v1,jpg,224,224,0,,,,synthetic,,,,build_ressam_unified_manifest.py,2026-08-10,mode=L; source_archive=gpr_data.zip
res_sam,core,res_sam:synthetic:crack:0146,crack,dataset_folder_name,GPR_data/synthetic/crack/0146.jpg,<LOCAL_DATA_ROOT>\external_assets\res_sam_data\GPR_data\synthetic\crack\0146.jpg,4aac3a3eba1c06c6abd4752c0f4e3cd2b45096ff8ea82a8d8ce102ef56b1b9de,,synthetic,,,,,,,,published_res_sam_image_export_v1,jpg,224,224,0,,,,synthetic,,,,build_ressam_unified_manifest.py,2026-08-10,mode=L; source_archive=gpr_data.zip
res_sam,core,res_sam:synthetic:crack:0147,crack,dataset_folder_name,GPR_data/synthetic/crack/0147.jpg,<LOCAL_DATA_ROOT>\external_assets\res_sam_data\GPR_data\synthetic\crack\0147.jpg,0cc247deab2de5531ecb7e87073906163242f96e54b0081e721f989afbcde3de,,synthetic,,,,,,,,published_res_sam_image_export_v1,jpg,224,224,0,,,,synthetic,,,,build_ressam_unified_manifest.py,2026-08-10,mode=L; source_archive=gpr_data.zip
res_sam,core,res_sam:synthetic:crack:0148,crack,dataset_folder_name,GPR_data/synthetic/crack/0148.jpg,<LOCAL_DATA_ROOT>\external_assets\res_sam_data\GPR_data\synthetic\crack\0148.jpg,1d80a5695e585fc7d5bee68c4b4537c7ad04df72e9d8464bbe8f9a9fb8fdf1d3,,synthetic,,,,,,,,published_res_sam_image_export_v1,jpg,224,224,0,,,,synthetic,,,,build_ressam_unified_manifest.py,2026-08-10,mode=L; source_archive=gpr_data.zip
res_sam,core,res_sam:synthetic:crack:0149,crack,dataset_folder_name,GPR_data/synthetic/crack/0149.jpg,<LOCAL_DATA_ROOT>\external_assets\res_sam_data\GPR_data\synthetic\crack\0149.jpg,0bb938c24a13d52277a7e60b096d885d74bf0fd56bbb0652925a8e979ed82b80,,synthetic,,,,,,,,published_res_sam_image_export_v1,jpg,224,224,0,,,,synthetic,,,,build_ressam_unified_manifest.py,2026-08-10,mode=L; source_archive=gpr_data.zip
res_sam,core,res_sam:synthetic:crack:0150,crack,dataset_folder_name,GPR_data/synthetic/crack/0150.jpg,<LOCAL_DATA_ROOT>\external_assets\res_sam_data\GPR_data\synthetic\crack\0150.jpg,0c9b873804b377fc1eec2fe65114921d04258ffe81478b04af633a99e9fc2ada,,synthetic,,,,,,,,published_res_sam_image_export_v1,jpg,224,224,0,,,,synthetic,,,,build_ressam_unified_manifest.py,2026-08-10,mode=L; source_archive=gpr_data.zip
res_sam,core,res_sam:synthetic:pipe:0001,pipe,dataset_folder_name,GPR_data/synthetic/pipe/0001.jpg,<LOCAL_DATA_ROOT>\external_assets\res_sam_data\GPR_data\synthetic\pipe\0001.jpg,b49c6e58a58135282fac2a771ade62c4206c54a715def1488ba0639f014ee115,,synthetic,,,,,,,,published_res_sam_image_export_v1,jpg,224,224,0,,,,synthetic,,,,build_ressam_unified_manifest.py,2026-08-10,mode=L; source_archive=gpr_data.zip
res_sam,core,res_sam:synthetic:pipe:0002,pipe,dataset_folder_name,GPR_data/synthetic/pipe/0002.jpg,<LOCAL_DATA_ROOT>\external_assets\res_sam_data\GPR_data\synthetic\pipe\0002.jpg,0b9f22ea8bcead99372854df41e801b20717de94be0e538a09c4c2ac4a317e56,,synthetic,,,,,,,,published_res_sam_image_export_v1,jpg,224,224,0,,,,synthetic,,,,build_ressam_unified_manifest.py,2026-08-10,mode=L; source_archive=gpr_data.zip
res_sam,core,res_sam:synthetic:pipe:0003,pipe,dataset_folder_name,GPR_data/synthetic/pipe/0003.jpg,<LOCAL_DATA_ROOT>\external_assets\res_sam_data\GPR_data\synthetic\pipe\0003.jpg,909aaa09b08d406bed390b24f9964c402cac318e79c57d49e32f5e56555fa385,,synthetic,,,,,,,,published_res_sam_image_export_v1,jpg,224,224,0,,,,synthetic,,,,build_ressam_unified_manifest.py,2026-08-10,mode=L; source_archive=gpr_data.zip
res_sam,core,res_sam:synthetic:pipe:0004,pipe,dataset_folder_name,GPR_data/synthetic/pipe/0004.jpg,<LOCAL_DATA_ROOT>\external_assets\res_sam_data\GPR_data\synthetic\pipe\0004.jpg,fd03dc8bc05165051d7e829da856382e11b73c671294b40410a3276b9355af76,,synthetic,,,,,,,,published_res_sam_image_export_v1,jpg,224,224,0,,,,synthetic,,,,build_ressam_unified_manifest.py,2026-08-10,mode=L; source_archive=gpr_data.zip
res_sam,core,res_sam:synthetic:pipe:0005,pipe,dataset_folder_name,GPR_data/synthetic/pipe/0005.jpg,<LOCAL_DATA_ROOT>\external_assets\res_sam_data\GPR_data\synthetic\pipe\0005.jpg,ed6379f3f834a31e571fd9bba51cc4e4c2a086b8d41246767008ceb7a7a4508f,,synthetic,,,,,,,,published_res_sam_image_export_v1,jpg,224,224,0,,,,synthetic,,,,build_ressam_unified_manifest.py,2026-08-10,mode=L; source_archive=gpr_data.zip
res_sam,core,res_sam:synthetic:pipe:0006,pipe,dataset_folder_name,GPR_data/synthetic/pipe/0006.jpg,<LOCAL_DATA_ROOT>\external_assets\res_sam_data\GPR_data\synthetic\pipe\0006.jpg,1206aa1fd78451a46b3f4596ee17d181c5b37b989228e2a6a29e702793342c1a,,synthetic,,,,,,,,published_res_sam_image_export_v1,jpg,224,224,0,,,,synthetic,,,,build_ressam_unified_manifest.py,2026-08-10,mode=L; source_archive=gpr_data.zip
res_sam,core,res_sam:synthetic:pipe:0007,pipe,dataset_folder_name,GPR_data/synthetic/pipe/0007.jpg,<LOCAL_DATA_ROOT>\external_assets\res_sam_data\GPR_data\synthetic\pipe\0007.jpg,f344568d0d65e92147a9d3553ce5c317425feaa90edf5bc93d604613a7139fea,,synthetic,,,,,,,,published_res_sam_image_export_v1,jpg,224,224,0,,,,synthetic,,,,build_ressam_unified_manifest.py,2026-08-10,mode=L; source_archive=gpr_data.zip
res_sam,core,res_sam:synthetic:pipe:0008,pipe,dataset_folder_name,GPR_data/synthetic/pipe/0008.jpg,<LOCAL_DATA_ROOT>\external_assets\res_sam_data\GPR_data\synthetic\pipe\0008.jpg,f0766ece28cb8b7d9b040dbf8197b307812520380383d6998a943f81ff2c2b0e,,synthetic,,,,,,,,published_res_sam_image_export_v1,jpg,224,224,0,,,,synthetic,,,,build_ressam_unified_manifest.py,2026-08-10,mode=L; source_archive=gpr_data.zip
res_sam,core,res_sam:synthetic:pipe:0009,pipe,dataset_folder_name,GPR_data/synthetic/pipe/0009.jpg,<LOCAL_DATA_ROOT>\external_assets\res_sam_data\GPR_data\synthetic\pipe\0009.jpg,b9a649dcfea329def27b9df7d39c6c151e0b2a9dbdc4171d8d6b5519cbc5aa36,,synthetic,,,,,,,,published_res_sam_image_export_v1,jpg,224,224,0,,,,synthetic,,,,build_ressam_unified_manifest.py,2026-08-10,mode=L; source_archive=gpr_data.zip
res_sam,core,res_sam:synthetic:pipe:0010,pipe,dataset_folder_name,GPR_data/synthetic/pipe/0010.jpg,<LOCAL_DATA_ROOT>\external_assets\res_sam_data\GPR_data\synthetic\pipe\0010.jpg,9844825e8e204df75c2af57b58ca5a46a2d1e65447aee83855c635a41f3794d2,,synthetic,,,,,,,,published_res_sam_image_export_v1,jpg,224,224,0,,,,synthetic,,,,build_ressam_unified_manifest.py,2026-08-10,mode=L; source_archive=gpr_data.zip
res_sam,core,res_sam:synthetic:pipe:0011,pipe,dataset_folder_name,GPR_data/synthetic/pipe/0011.jpg,<LOCAL_DATA_ROOT>\external_assets\res_sam_data\GPR_data\synthetic\pipe\0011.jpg,91dd38c9d5f9e6b6f649ea9813a19ae375497582df450c65aacdb17293184294,,synthetic,,,,,,,,published_res_sam_image_export_v1,jpg,224,224,0,,,,synthetic,,,,build_ressam_unified_manifest.py,2026-08-10,mode=L; source_archive=gpr_data.zip
res_sam,core,res_sam:synthetic:pipe:0012,pipe,dataset_folder_name,GPR_data/synthetic/pipe/0012.jpg,<LOCAL_DATA_ROOT>\external_assets\res_sam_data\GPR_data\synthetic\pipe\0012.jpg,c0893db170daab42baf405dd3052ff66b1dc4bb7b85090d15f3035d19fa38f6d,,synthetic,,,,,,,,published_res_sam_image_export_v1,jpg,224,224,0,,,,synthetic,,,,build_ressam_unified_manifest.py,2026-08-10,mode=L; source_archive=gpr_data.zip
res_sam,core,res_sam:synthetic:pipe:0013,pipe,dataset_folder_name,GPR_data/synthetic/pipe/0013.jpg,<LOCAL_DATA_ROOT>\external_assets\res_sam_data\GPR_data\synthetic\pipe\0013.jpg,35225d1a63583bf8f351da778f4d1ce3e7eab0912f72f47db6f52ada7c94441a,,synthetic,,,,,,,,published_res_sam_image_export_v1,jpg,224,224,0,,,,synthetic,,,,build_ressam_unified_manifest.py,2026-08-10,mode=L; source_archive=gpr_data.zip
res_sam,core,res_sam:synthetic:pipe:0014,pipe,dataset_folder_name,GPR_data/synthetic/pipe/0014.jpg,<LOCAL_DATA_ROOT>\external_assets\res_sam_data\GPR_data\synthetic\pipe\0014.jpg,f61e2f09d6d6e029465532e46efca2c51367eec20a8f8c75dca39d5317bbe5d1,,synthetic,,,,,,,,published_res_sam_image_export_v1,jpg,224,224,0,,,,synthetic,,,,build_ressam_unified_manifest.py,2026-08-10,mode=L; source_archive=gpr_data.zip
res_sam,core,res_sam:synthetic:pipe:0015,pipe,dataset_folder_name,GPR_data/synthetic/pipe/0015.jpg,<LOCAL_DATA_ROOT>\external_assets\res_sam_data\GPR_data\synthetic\pipe\0015.jpg,a1791b7ae062b581b68ebb929581d2287aa576e2b032f6129c53251b4f05845a,,synthetic,,,,,,,,published_res_sam_image_export_v1,jpg,224,224,0,,,,synthetic,,,,build_ressam_unified_manifest.py,2026-08-10,mode=L; source_archive=gpr_data.zip
res_sam,core,res_sam:synthetic:pipe:0016,pipe,dataset_folder_name,GPR_data/synthetic/pipe/0016.jpg,<LOCAL_DATA_ROOT>\external_assets\res_sam_data\GPR_data\synthetic\pipe\0016.jpg,c05d06047ec1a534b71304b6e37b2a344f708244a6f93e3b7779174ef5d96668,,synthetic,,,,,,,,published_res_sam_image_export_v1,jpg,224,224,0,,,,synthetic,,,,build_ressam_unified_manifest.py,2026-08-10,mode=L; source_archive=gpr_data.zip
res_sam,core,res_sam:synthetic:pipe:0017,pipe,dataset_folder_name,GPR_data/synthetic/pipe/0017.jpg,<LOCAL_DATA_ROOT>\external_assets\res_sam_data\GPR_data\synthetic\pipe\0017.jpg,bed431f52ea9fca7fd11298d2abfc371202707c3ff92fa8ebe4d5a519c629b72,,synthetic,,,,,,,,published_res_sam_image_export_v1,jpg,224,224,0,,,,synthetic,,,,build_ressam_unified_manifest.py,2026-08-10,mode=L; source_archive=gpr_data.zip
res_sam,core,res_sam:synthetic:pipe:0018,pipe,dataset_folder_name,GPR_data/synthetic/pipe/0018.jpg,<LOCAL_DATA_ROOT>\external_assets\res_sam_data\GPR_data\synthetic\pipe\0018.jpg,e53552f304a0555b0fc92ffb9caecb09d46438f9f7a5ccc2c38dec9e43a47387,,synthetic,,,,,,,,published_res_sam_image_export_v1,jpg,224,224,0,,,,synthetic,,,,build_ressam_unified_manifest.py,2026-08-10,mode=L; source_archive=gpr_data.zip
res_sam,core,res_sam:synthetic:pipe:0019,pipe,dataset_folder_name,GPR_data/synthetic/pipe/0019.jpg,<LOCAL_DATA_ROOT>\external_assets\res_sam_data\GPR_data\synthetic\pipe\0019.jpg,4f2a5cd088abd3d2dd8e75efa5bd962daa1d398284ab1fba5fd0320161f233ed,,synthetic,,,,,,,,published_res_sam_image_export_v1,jpg,224,224,0,,,,synthetic,,,,build_ressam_unified_manifest.py,2026-08-10,mode=L; source_archive=gpr_data.zip
res_sam,core,res_sam:synthetic:pipe:0020,pipe,dataset_folder_name,GPR_data/synthetic/pipe/0020.jpg,<LOCAL_DATA_ROOT>\external_assets\res_sam_data\GPR_data\synthetic\pipe\0020.jpg,eb73510da24a6cf67b6b5942b3dbb4b4b0f21f5143004f4446f4f95f85a72a73,,synthetic,,,,,,,,published_res_sam_image_export_v1,jpg,224,224,0,,,,synthetic,,,,build_ressam_unified_manifest.py,2026-08-10,mode=L; source_archive=gpr_data.zip
res_sam,core,res_sam:synthetic:pipe:0021,pipe,dataset_folder_name,GPR_data/synthetic/pipe/0021.jpg,<LOCAL_DATA_ROOT>\external_assets\res_sam_data\GPR_data\synthetic\pipe\0021.jpg,73434a4a61607a4c4b6d5c3fd6243430a859b095daecb6c80aa79ba40c816e23,,synthetic,,,,,,,,published_res_sam_image_export_v1,jpg,224,224,0,,,,synthetic,,,,build_ressam_unified_manifest.py,2026-08-10,mode=L; source_archive=gpr_data.zip
res_sam,core,res_sam:synthetic:pipe:0022,pipe,dataset_folder_name,GPR_data/synthetic/pipe/0022.jpg,<LOCAL_DATA_ROOT>\external_assets\res_sam_data\GPR_data\synthetic\pipe\0022.jpg,8dd0bb6c66f57b72e23838407ab11e5a0781cbcab039b5bd81648a7b30f7eeac,,synthetic,,,,,,,,published_res_sam_image_export_v1,jpg,224,224,0,,,,synthetic,,,,build_ressam_unified_manifest.py,2026-08-10,mode=L; source_archive=gpr_data.zip
res_sam,core,res_sam:synthetic:pipe:0023,pipe,dataset_folder_name,GPR_data/synthetic/pipe/0023.jpg,<LOCAL_DATA_ROOT>\external_assets\res_sam_data\GPR_data\synthetic\pipe\0023.jpg,8c48a554cbacb742845b024f64c72875bd387a803c89f2491278c15cb7650bf3,,synthetic,,,,,,,,published_res_sam_image_export_v1,jpg,224,224,0,,,,synthetic,,,,build_ressam_unified_manifest.py,2026-08-10,mode=L; source_archive=gpr_data.zip
res_sam,core,res_sam:synthetic:pipe:0024,pipe,dataset_folder_name,GPR_data/synthetic/pipe/0024.jpg,<LOCAL_DATA_ROOT>\external_assets\res_sam_data\GPR_data\synthetic\pipe\0024.jpg,c0624adf39a018eba4e7666e6341fe5fb10e979271413518bb4499ac6772c5e3,,synthetic,,,,,,,,published_res_sam_image_export_v1,jpg,224,224,0,,,,synthetic,,,,build_ressam_unified_manifest.py,2026-08-10,mode=L; source_archive=gpr_data.zip
res_sam,core,res_sam:synthetic:pipe:0025,pipe,dataset_folder_name,GPR_data/synthetic/pipe/0025.jpg,<LOCAL_DATA_ROOT>\external_assets\res_sam_data\GPR_data\synthetic\pipe\0025.jpg,40c89fdf53bdf997d9b1239aa6c896110827551ed158f7b9115c356d9dcc0762,,synthetic,,,,,,,,published_res_sam_image_export_v1,jpg,224,224,0,,,,synthetic,,,,build_ressam_unified_manifest.py,2026-08-10,mode=L; source_archive=gpr_data.zip
res_sam,core,res_sam:synthetic:pipe:0026,pipe,dataset_folder_name,GPR_data/synthetic/pipe/0026.jpg,<LOCAL_DATA_ROOT>\external_assets\res_sam_data\GPR_data\synthetic\pipe\0026.jpg,c35d1cf9dc11874cb7d1a475690a23a3c994009ce8eee7c271ef3eacbf2046ae,,synthetic,,,,,,,,published_res_sam_image_export_v1,jpg,224,224,0,,,,synthetic,,,,build_ressam_unified_manifest.py,2026-08-10,mode=L; source_archive=gpr_data.zip
res_sam,core,res_sam:synthetic:pipe:0027,pipe,dataset_folder_name,GPR_data/synthetic/pipe/0027.jpg,<LOCAL_DATA_ROOT>\external_assets\res_sam_data\GPR_data\synthetic\pipe\0027.jpg,b03e9bf05c282b585747249c37406d5485ab1347816539c7a68e0f1696b0952b,,synthetic,,,,,,,,published_res_sam_image_export_v1,jpg,224,224,0,,,,synthetic,,,,build_ressam_unified_manifest.py,2026-08-10,mode=L; source_archive=gpr_data.zip
res_sam,core,res_sam:synthetic:pipe:0028,pipe,dataset_folder_name,GPR_data/synthetic/pipe/0028.jpg,<LOCAL_DATA_ROOT>\external_assets\res_sam_data\GPR_data\synthetic\pipe\0028.jpg,33de83ae425f8bd5421a0133defbf7aedbea4454c8b03262d3cd36d049a56c7b,,synthetic,,,,,,,,published_res_sam_image_export_v1,jpg,224,224,0,,,,synthetic,,,,build_ressam_unified_manifest.py,2026-08-10,mode=L; source_archive=gpr_data.zip
res_sam,core,res_sam:synthetic:pipe:0029,pipe,dataset_folder_name,GPR_data/synthetic/pipe/0029.jpg,<LOCAL_DATA_ROOT>\external_assets\res_sam_data\GPR_data\synthetic\pipe\0029.jpg,60a4f7f8dda102db0bdeca14d935189f0d5657e176329fa84db126250eb916bb,,synthetic,,,,,,,,published_res_sam_image_export_v1,jpg,224,224,0,,,,synthetic,,,,build_ressam_unified_manifest.py,2026-08-10,mode=L; source_archive=gpr_data.zip
res_sam,core,res_sam:synthetic:pipe:0030,pipe,dataset_folder_name,GPR_data/synthetic/pipe/0030.jpg,<LOCAL_DATA_ROOT>\external_assets\res_sam_data\GPR_data\synthetic\pipe\0030.jpg,4fbfa6baddc9dfa7ee392545aa746b815a118c872119d97e9fdd59d865aa29e5,,synthetic,,,,,,,,published_res_sam_image_export_v1,jpg,224,224,0,,,,synthetic,,,,build_ressam_unified_manifest.py,2026-08-10,mode=L; source_archive=gpr_data.zip
res_sam,core,res_sam:synthetic:pipe:0031,pipe,dataset_folder_name,GPR_data/synthetic/pipe/0031.jpg,<LOCAL_DATA_ROOT>\external_assets\res_sam_data\GPR_data\synthetic\pipe\0031.jpg,46a0ff0df775736289bec915b154b9fead592628c533d23d197c9c7b2146ad6d,,synthetic,,,,,,,,published_res_sam_image_export_v1,jpg,224,224,0,,,,synthetic,,,,build_ressam_unified_manifest.py,2026-08-10,mode=L; source_archive=gpr_data.zip
res_sam,core,res_sam:synthetic:pipe:0032,pipe,dataset_folder_name,GPR_data/synthetic/pipe/0032.jpg,<LOCAL_DATA_ROOT>\external_assets\res_sam_data\GPR_data\synthetic\pipe\0032.jpg,dca8ac51b7b6845b92fae87c64cb8e4fb8c63eda83ec0370575959ba1b28db04,,synthetic,,,,,,,,published_res_sam_image_export_v1,jpg,224,224,0,,,,synthetic,,,,build_ressam_unified_manifest.py,2026-08-10,mode=L; source_archive=gpr_data.zip
res_sam,core,res_sam:synthetic:pipe:0033,pipe,dataset_folder_name,GPR_data/synthetic/pipe/0033.jpg,<LOCAL_DATA_ROOT>\external_assets\res_sam_data\GPR_data\synthetic\pipe\0033.jpg,b40e6d8e86e1a5a4e0ac611a0e08aea31f134519add8069cfa0c5cad1a1a61b6,,synthetic,,,,,,,,published_res_sam_image_export_v1,jpg,224,224,0,,,,synthetic,,,,build_ressam_unified_manifest.py,2026-08-10,mode=L; source_archive=gpr_data.zip
res_sam,core,res_sam:synthetic:pipe:0034,pipe,dataset_folder_name,GPR_data/synthetic/pipe/0034.jpg,<LOCAL_DATA_ROOT>\external_assets\res_sam_data\GPR_data\synthetic\pipe\0034.jpg,3abb9aae9be4f8bfad7b678bdfe39ae7409228668f0777b0afeaf58630dc6a96,,synthetic,,,,,,,,published_res_sam_image_export_v1,jpg,224,224,0,,,,synthetic,,,,build_ressam_unified_manifest.py,2026-08-10,mode=L; source_archive=gpr_data.zip
res_sam,core,res_sam:synthetic:pipe:0035,pipe,dataset_folder_name,GPR_data/synthetic/pipe/0035.jpg,<LOCAL_DATA_ROOT>\external_assets\res_sam_data\GPR_data\synthetic\pipe\0035.jpg,ce9e4183d351e7409a75a241546356e8825eaf12ce91100b55e732c10d143058,,synthetic,,,,,,,,published_res_sam_image_export_v1,jpg,224,224,0,,,,synthetic,,,,build_ressam_unified_manifest.py,2026-08-10,mode=L; source_archive=gpr_data.zip
res_sam,core,res_sam:synthetic:pipe:0036,pipe,dataset_folder_name,GPR_data/synthetic/pipe/0036.jpg,<LOCAL_DATA_ROOT>\external_assets\res_sam_data\GPR_data\synthetic\pipe\0036.jpg,8ea8fe267fc2672d372d0bcd8cc0d89a168df0e7c04777cf1c076571d1ad0bc7,,synthetic,,,,,,,,published_res_sam_image_export_v1,jpg,224,224,0,,,,synthetic,,,,build_ressam_unified_manifest.py,2026-08-10,mode=L; source_archive=gpr_data.zip
res_sam,core,res_sam:synthetic:pipe:0037,pipe,dataset_folder_name,GPR_data/synthetic/pipe/0037.jpg,<LOCAL_DATA_ROOT>\external_assets\res_sam_data\GPR_data\synthetic\pipe\0037.jpg,1e0d908427f8c515163c2debbdca553ad6d03ca269eb02b39de8021da652e0a9,,synthetic,,,,,,,,published_res_sam_image_export_v1,jpg,224,224,0,,,,synthetic,,,,build_ressam_unified_manifest.py,2026-08-10,mode=L; source_archive=gpr_data.zip
res_sam,core,res_sam:synthetic:pipe:0038,pipe,dataset_folder_name,GPR_data/synthetic/pipe/0038.jpg,<LOCAL_DATA_ROOT>\external_assets\res_sam_data\GPR_data\synthetic\pipe\0038.jpg,b5f331ef6373674646e84aaa1c1f1d61b058de42349cccfbdc73aaceaa0a19e6,,synthetic,,,,,,,,published_res_sam_image_export_v1,jpg,224,224,0,,,,synthetic,,,,build_ressam_unified_manifest.py,2026-08-10,mode=L; source_archive=gpr_data.zip
res_sam,core,res_sam:synthetic:pipe:0039,pipe,dataset_folder_name,GPR_data/synthetic/pipe/0039.jpg,<LOCAL_DATA_ROOT>\external_assets\res_sam_data\GPR_data\synthetic\pipe\0039.jpg,e7c03321d6b62eeb6088a657a8e23a43d884dfafd4fc39715242922bdc5f4488,,synthetic,,,,,,,,published_res_sam_image_export_v1,jpg,224,224,0,,,,synthetic,,,,build_ressam_unified_manifest.py,2026-08-10,mode=L; source_archive=gpr_data.zip
res_sam,core,res_sam:synthetic:pipe:0040,pipe,dataset_folder_name,GPR_data/synthetic/pipe/0040.jpg,<LOCAL_DATA_ROOT>\external_assets\res_sam_data\GPR_data\synthetic\pipe\0040.jpg,686253250ccf7eeeca0409a9e96d6841254257b03486c7261f5a05b5559789f2,,synthetic,,,,,,,,published_res_sam_image_export_v1,jpg,224,224,0,,,,synthetic,,,,build_ressam_unified_manifest.py,2026-08-10,mode=L; source_archive=gpr_data.zip
res_sam,core,res_sam:synthetic:pipe:0041,pipe,dataset_folder_name,GPR_data/synthetic/pipe/0041.jpg,<LOCAL_DATA_ROOT>\external_assets\res_sam_data\GPR_data\synthetic\pipe\0041.jpg,366b5ccb566fda27074107bc6ff8abc610346f36834f5283be2da0348faa1d27,,synthetic,,,,,,,,published_res_sam_image_export_v1,jpg,224,224,0,,,,synthetic,,,,build_ressam_unified_manifest.py,2026-08-10,mode=L; source_archive=gpr_data.zip
res_sam,core,res_sam:synthetic:pipe:0042,pipe,dataset_folder_name,GPR_data/synthetic/pipe/0042.jpg,<LOCAL_DATA_ROOT>\external_assets\res_sam_data\GPR_data\synthetic\pipe\0042.jpg,7b18eda21f4665d2e79121dbf9ff56426708f27127cbf3f1b6db36cb6b6620bd,,synthetic,,,,,,,,published_res_sam_image_export_v1,jpg,224,224,0,,,,synthetic,,,,build_ressam_unified_manifest.py,2026-08-10,mode=L; source_archive=gpr_data.zip
res_sam,core,res_sam:synthetic:pipe:0043,pipe,dataset_folder_name,GPR_data/synthetic/pipe/0043.jpg,<LOCAL_DATA_ROOT>\external_assets\res_sam_data\GPR_data\synthetic\pipe\0043.jpg,33d569bf4800f5395390d0aef8b5d3f2b70f60768f71feebaf3d3741001fe336,,synthetic,,,,,,,,published_res_sam_image_export_v1,jpg,224,224,0,,,,synthetic,,,,build_ressam_unified_manifest.py,2026-08-10,mode=L; source_archive=gpr_data.zip
res_sam,core,res_sam:synthetic:pipe:0044,pipe,dataset_folder_name,GPR_data/synthetic/pipe/0044.jpg,<LOCAL_DATA_ROOT>\external_assets\res_sam_data\GPR_data\synthetic\pipe\0044.jpg,d4e41273dc216d88c349f614f7bfb57163af283dff8e6b1624b7c13581cbbd84,,synthetic,,,,,,,,published_res_sam_image_export_v1,jpg,224,224,0,,,,synthetic,,,,build_ressam_unified_manifest.py,2026-08-10,mode=L; source_archive=gpr_data.zip
res_sam,core,res_sam:synthetic:pipe:0045,pipe,dataset_folder_name,GPR_data/synthetic/pipe/0045.jpg,<LOCAL_DATA_ROOT>\external_assets\res_sam_data\GPR_data\synthetic\pipe\0045.jpg,5f6aa7628bd6bfcd105eaeeddf9ab38aac766ff0d90a0a75a18271362230b92d,,synthetic,,,,,,,,published_res_sam_image_export_v1,jpg,224,224,0,,,,synthetic,,,,build_ressam_unified_manifest.py,2026-08-10,mode=L; source_archive=gpr_data.zip
res_sam,core,res_sam:synthetic:pipe:0046,pipe,dataset_folder_name,GPR_data/synthetic/pipe/0046.jpg,<LOCAL_DATA_ROOT>\external_assets\res_sam_data\GPR_data\synthetic\pipe\0046.jpg,45c78ff670eac65ade4604c1a17f1833108c9da26d114d89318446b6ed1aa36c,,synthetic,,,,,,,,published_res_sam_image_export_v1,jpg,224,224,0,,,,synthetic,,,,build_ressam_unified_manifest.py,2026-08-10,mode=L; source_archive=gpr_data.zip
res_sam,core,res_sam:synthetic:pipe:0047,pipe,dataset_folder_name,GPR_data/synthetic/pipe/0047.jpg,<LOCAL_DATA_ROOT>\external_assets\res_sam_data\GPR_data\synthetic\pipe\0047.jpg,e6dd2c061e9758ce0bf8a681dfa1eb58c910ae83777cdf51f8e1b29e6bb1887f,,synthetic,,,,,,,,published_res_sam_image_export_v1,jpg,224,224,0,,,,synthetic,,,,build_ressam_unified_manifest.py,2026-08-10,mode=L; source_archive=gpr_data.zip
res_sam,core,res_sam:synthetic:pipe:0048,pipe,dataset_folder_name,GPR_data/synthetic/pipe/0048.jpg,<LOCAL_DATA_ROOT>\external_assets\res_sam_data\GPR_data\synthetic\pipe\0048.jpg,2a6956af6ee9a98ac6491554376aada7053bbb032fa2902a6cc37737e27551d6,,synthetic,,,,,,,,published_res_sam_image_export_v1,jpg,224,224,0,,,,synthetic,,,,build_ressam_unified_manifest.py,2026-08-10,mode=L; source_archive=gpr_data.zip
res_sam,core,res_sam:synthetic:pipe:0049,pipe,dataset_folder_name,GPR_data/synthetic/pipe/0049.jpg,<LOCAL_DATA_ROOT>\external_assets\res_sam_data\GPR_data\synthetic\pipe\0049.jpg,f6003a7222a1126eaca7c33c2d75a5db93fcc998b0007c0d62e857da265f3967,,synthetic,,,,,,,,published_res_sam_image_export_v1,jpg,224,224,0,,,,synthetic,,,,build_ressam_unified_manifest.py,2026-08-10,mode=L; source_archive=gpr_data.zip
res_sam,core,res_sam:synthetic:pipe:0050,pipe,dataset_folder_name,GPR_data/synthetic/pipe/0050.jpg,<LOCAL_DATA_ROOT>\external_assets\res_sam_data\GPR_data\synthetic\pipe\0050.jpg,07fb14e32289777ef3a12c367e80044e24ea816fd924847b0da1ee83c319b5f9,,synthetic,,,,,,,,published_res_sam_image_export_v1,jpg,224,224,0,,,,synthetic,,,,build_ressam_unified_manifest.py,2026-08-10,mode=L; source_archive=gpr_data.zip
res_sam,core,res_sam:synthetic:pipe:0051,pipe,dataset_folder_name,GPR_data/synthetic/pipe/0051.jpg,<LOCAL_DATA_ROOT>\external_assets\res_sam_data\GPR_data\synthetic\pipe\0051.jpg,c6538bd5796430958f97d0859db516a41e4a8cefe252064d3b651216ab5489ba,,synthetic,,,,,,,,published_res_sam_image_export_v1,jpg,224,224,0,,,,synthetic,,,,build_ressam_unified_manifest.py,2026-08-10,mode=L; source_archive=gpr_data.zip
res_sam,core,res_sam:synthetic:pipe:0052,pipe,dataset_folder_name,GPR_data/synthetic/pipe/0052.jpg,<LOCAL_DATA_ROOT>\external_assets\res_sam_data\GPR_data\synthetic\pipe\0052.jpg,67b41a2a9e1fbad563d9091231504faf9d05217f4c7279fece094770171569cf,,synthetic,,,,,,,,published_res_sam_image_export_v1,jpg,224,224,0,,,,synthetic,,,,build_ressam_unified_manifest.py,2026-08-10,mode=L; source_archive=gpr_data.zip
res_sam,core,res_sam:synthetic:pipe:0053,pipe,dataset_folder_name,GPR_data/synthetic/pipe/0053.jpg,<LOCAL_DATA_ROOT>\external_assets\res_sam_data\GPR_data\synthetic\pipe\0053.jpg,ff7922f471f6e1d88544bbff6445eb8a6a5e4af46a83a9eb870739c4e2e78488,,synthetic,,,,,,,,published_res_sam_image_export_v1,jpg,224,224,0,,,,synthetic,,,,build_ressam_unified_manifest.py,2026-08-10,mode=L; source_archive=gpr_data.zip
res_sam,core,res_sam:synthetic:pipe:0054,pipe,dataset_folder_name,GPR_data/synthetic/pipe/0054.jpg,<LOCAL_DATA_ROOT>\external_assets\res_sam_data\GPR_data\synthetic\pipe\0054.jpg,98107e0788d230da32ddb43fb550571398ae2351052a8da0ecde39f7fea8777b,,synthetic,,,,,,,,published_res_sam_image_export_v1,jpg,224,224,0,,,,synthetic,,,,build_ressam_unified_manifest.py,2026-08-10,mode=L; source_archive=gpr_data.zip
res_sam,core,res_sam:synthetic:pipe:0055,pipe,dataset_folder_name,GPR_data/synthetic/pipe/0055.jpg,<LOCAL_DATA_ROOT>\external_assets\res_sam_data\GPR_data\synthetic\pipe\0055.jpg,e42d78e3f3fbd2666d11bdb5b6f933fab9159f291dfb220bbafb9929ad07b00d,,synthetic,,,,,,,,published_res_sam_image_export_v1,jpg,224,224,0,,,,synthetic,,,,build_ressam_unified_manifest.py,2026-08-10,mode=L; source_archive=gpr_data.zip
res_sam,core,res_sam:synthetic:pipe:0056,pipe,dataset_folder_name,GPR_data/synthetic/pipe/0056.jpg,<LOCAL_DATA_ROOT>\external_assets\res_sam_data\GPR_data\synthetic\pipe\0056.jpg,583fa6bf20e4e0b61e3316149531a9ac3aa24c138fcf13d648292bc944cad692,,synthetic,,,,,,,,published_res_sam_image_export_v1,jpg,224,224,0,,,,synthetic,,,,build_ressam_unified_manifest.py,2026-08-10,mode=L; source_archive=gpr_data.zip
res_sam,core,res_sam:synthetic:pipe:0057,pipe,dataset_folder_name,GPR_data/synthetic/pipe/0057.jpg,<LOCAL_DATA_ROOT>\external_assets\res_sam_data\GPR_data\synthetic\pipe\0057.jpg,d27a854a02236b40087042aa33a53636cd5f76f22853e15e958490551995aeca,,synthetic,,,,,,,,published_res_sam_image_export_v1,jpg,224,224,0,,,,synthetic,,,,build_ressam_unified_manifest.py,2026-08-10,mode=L; source_archive=gpr_data.zip
res_sam,core,res_sam:synthetic:pipe:0058,pipe,dataset_folder_name,GPR_data/synthetic/pipe/0058.jpg,<LOCAL_DATA_ROOT>\external_assets\res_sam_data\GPR_data\synthetic\pipe\0058.jpg,1bbc085a39363a43feecea03e5954ac9192438e759bb6e67a1cebdbc4f75af3c,,synthetic,,,,,,,,published_res_sam_image_export_v1,jpg,224,224,0,,,,synthetic,,,,build_ressam_unified_manifest.py,2026-08-10,mode=L; source_archive=gpr_data.zip
res_sam,core,res_sam:synthetic:pipe:0059,pipe,dataset_folder_name,GPR_data/synthetic/pipe/0059.jpg,<LOCAL_DATA_ROOT>\external_assets\res_sam_data\GPR_data\synthetic\pipe\0059.jpg,3f29a90d99304fd2a17bc6318ce998de99f3e05282330800892307278074931d,,synthetic,,,,,,,,published_res_sam_image_export_v1,jpg,224,224,0,,,,synthetic,,,,build_ressam_unified_manifest.py,2026-08-10,mode=L; source_archive=gpr_data.zip
res_sam,core,res_sam:synthetic:pipe:0060,pipe,dataset_folder_name,GPR_data/synthetic/pipe/0060.jpg,<LOCAL_DATA_ROOT>\external_assets\res_sam_data\GPR_data\synthetic\pipe\0060.jpg,0aac52c3a5711f08367754464aac982e97e4bb08f61417f5d9709cf8d2691e6c,,synthetic,,,,,,,,published_res_sam_image_export_v1,jpg,224,224,0,,,,synthetic,,,,build_ressam_unified_manifest.py,2026-08-10,mode=L; source_archive=gpr_data.zip
res_sam,core,res_sam:synthetic:pipe:0061,pipe,dataset_folder_name,GPR_data/synthetic/pipe/0061.jpg,<LOCAL_DATA_ROOT>\external_assets\res_sam_data\GPR_data\synthetic\pipe\0061.jpg,ec86c0a594169c95190b96859c18d390d06cabab156fdb27d1ac08a22bbd3c66,,synthetic,,,,,,,,published_res_sam_image_export_v1,jpg,224,224,0,,,,synthetic,,,,build_ressam_unified_manifest.py,2026-08-10,mode=L; source_archive=gpr_data.zip
res_sam,core,res_sam:synthetic:pipe:0062,pipe,dataset_folder_name,GPR_data/synthetic/pipe/0062.jpg,<LOCAL_DATA_ROOT>\external_assets\res_sam_data\GPR_data\synthetic\pipe\0062.jpg,cccbf33041a1c71264f00733ed7954db9c08e6448e4a9e154a61dea2bd26ed9d,,synthetic,,,,,,,,published_res_sam_image_export_v1,jpg,224,224,0,,,,synthetic,,,,build_ressam_unified_manifest.py,2026-08-10,mode=L; source_archive=gpr_data.zip
res_sam,core,res_sam:synthetic:pipe:0063,pipe,dataset_folder_name,GPR_data/synthetic/pipe/0063.jpg,<LOCAL_DATA_ROOT>\external_assets\res_sam_data\GPR_data\synthetic\pipe\0063.jpg,63c9c9aa57996f9e7447d2f1319e27b250807bed7af3181fa119862cb4995e79,,synthetic,,,,,,,,published_res_sam_image_export_v1,jpg,224,224,0,,,,synthetic,,,,build_ressam_unified_manifest.py,2026-08-10,mode=L; source_archive=gpr_data.zip
res_sam,core,res_sam:synthetic:pipe:0064,pipe,dataset_folder_name,GPR_data/synthetic/pipe/0064.jpg,<LOCAL_DATA_ROOT>\external_assets\res_sam_data\GPR_data\synthetic\pipe\0064.jpg,98df07628d7a249d18cc31e250456df0b79a15312c6bc9726eecba581e4d960a,,synthetic,,,,,,,,published_res_sam_image_export_v1,jpg,224,224,0,,,,synthetic,,,,build_ressam_unified_manifest.py,2026-08-10,mode=L; source_archive=gpr_data.zip
res_sam,core,res_sam:synthetic:pipe:0065,pipe,dataset_folder_name,GPR_data/synthetic/pipe/0065.jpg,<LOCAL_DATA_ROOT>\external_assets\res_sam_data\GPR_data\synthetic\pipe\0065.jpg,3a20389d3aeba46a4bab9fdf6fec6572fc9fe8230b1bc02ab743587e1efb293d,,synthetic,,,,,,,,published_res_sam_image_export_v1,jpg,224,224,0,,,,synthetic,,,,build_ressam_unified_manifest.py,2026-08-10,mode=L; source_archive=gpr_data.zip
res_sam,core,res_sam:synthetic:pipe:0066,pipe,dataset_folder_name,GPR_data/synthetic/pipe/0066.jpg,<LOCAL_DATA_ROOT>\external_assets\res_sam_data\GPR_data\synthetic\pipe\0066.jpg,acf579c9f8326fb336552d611a4018ef6f735033f898a933079a9d0667b3b08c,,synthetic,,,,,,,,published_res_sam_image_export_v1,jpg,224,224,0,,,,synthetic,,,,build_ressam_unified_manifest.py,2026-08-10,mode=L; source_archive=gpr_data.zip
res_sam,core,res_sam:synthetic:pipe:0067,pipe,dataset_folder_name,GPR_data/synthetic/pipe/0067.jpg,<LOCAL_DATA_ROOT>\external_assets\res_sam_data\GPR_data\synthetic\pipe\0067.jpg,091a2560f2590ddbb98b66eeee7dca7adf61589b8bf7cf3efbbce8456adc6bda,,synthetic,,,,,,,,published_res_sam_image_export_v1,jpg,224,224,0,,,,synthetic,,,,build_ressam_unified_manifest.py,2026-08-10,mode=L; source_archive=gpr_data.zip
res_sam,core,res_sam:synthetic:pipe:0068,pipe,dataset_folder_name,GPR_data/synthetic/pipe/0068.jpg,<LOCAL_DATA_ROOT>\external_assets\res_sam_data\GPR_data\synthetic\pipe\0068.jpg,5cd69ae8786c7b07ba78e1187cbea84e9a0a05e2f62d12caccfbc2396f83e6d1,,synthetic,,,,,,,,published_res_sam_image_export_v1,jpg,224,224,0,,,,synthetic,,,,build_ressam_unified_manifest.py,2026-08-10,mode=L; source_archive=gpr_data.zip
res_sam,core,res_sam:synthetic:pipe:0069,pipe,dataset_folder_name,GPR_data/synthetic/pipe/0069.jpg,<LOCAL_DATA_ROOT>\external_assets\res_sam_data\GPR_data\synthetic\pipe\0069.jpg,7e93669034263de2f467c0cfb4e205a2f563d652bd776f31d219583103f69c9d,,synthetic,,,,,,,,published_res_sam_image_export_v1,jpg,224,224,0,,,,synthetic,,,,build_ressam_unified_manifest.py,2026-08-10,mode=L; source_archive=gpr_data.zip
res_sam,core,res_sam:synthetic:pipe:0070,pipe,dataset_folder_name,GPR_data/synthetic/pipe/0070.jpg,<LOCAL_DATA_ROOT>\external_assets\res_sam_data\GPR_data\synthetic\pipe\0070.jpg,61644c2d6d0f007d1d03999439bee409fa465d43af02f67cbda9d9b8a900827f,,synthetic,,,,,,,,published_res_sam_image_export_v1,jpg,224,224,0,,,,synthetic,,,,build_ressam_unified_manifest.py,2026-08-10,mode=L; source_archive=gpr_data.zip
res_sam,core,res_sam:synthetic:pipe:0071,pipe,dataset_folder_name,GPR_data/synthetic/pipe/0071.jpg,<LOCAL_DATA_ROOT>\external_assets\res_sam_data\GPR_data\synthetic\pipe\0071.jpg,92020a757eb599f36384ddb0eb4d969d1e8fe2e3f36e7640bf3885fd18e6b47a,,synthetic,,,,,,,,published_res_sam_image_export_v1,jpg,224,224,0,,,,synthetic,,,,build_ressam_unified_manifest.py,2026-08-10,mode=L; source_archive=gpr_data.zip
res_sam,core,res_sam:synthetic:pipe:0072,pipe,dataset_folder_name,GPR_data/synthetic/pipe/0072.jpg,<LOCAL_DATA_ROOT>\external_assets\res_sam_data\GPR_data\synthetic\pipe\0072.jpg,1697c97049108ea925e8a4c7c9b4d19e5e37a1cd5adfa6c7eedd1d57a281c1e6,,synthetic,,,,,,,,published_res_sam_image_export_v1,jpg,224,224,0,,,,synthetic,,,,build_ressam_unified_manifest.py,2026-08-10,mode=L; source_archive=gpr_data.zip
res_sam,core,res_sam:synthetic:pipe:0073,pipe,dataset_folder_name,GPR_data/synthetic/pipe/0073.jpg,<LOCAL_DATA_ROOT>\external_assets\res_sam_data\GPR_data\synthetic\pipe\0073.jpg,5f2e9b6f6770536a67853043cfb847e8642e86dac1df0d573c1b227cc5c74b81,,synthetic,,,,,,,,published_res_sam_image_export_v1,jpg,224,224,0,,,,synthetic,,,,build_ressam_unified_manifest.py,2026-08-10,mode=L; source_archive=gpr_data.zip
res_sam,core,res_sam:synthetic:pipe:0074,pipe,dataset_folder_name,GPR_data/synthetic/pipe/0074.jpg,<LOCAL_DATA_ROOT>\external_assets\res_sam_data\GPR_data\synthetic\pipe\0074.jpg,d28230fe8bd7653c582647104a1f91a11c3004d49d285f532dfe2ff0ca6c4f42,,synthetic,,,,,,,,published_res_sam_image_export_v1,jpg,224,224,0,,,,synthetic,,,,build_ressam_unified_manifest.py,2026-08-10,mode=L; source_archive=gpr_data.zip
res_sam,core,res_sam:synthetic:pipe:0075,pipe,dataset_folder_name,GPR_data/synthetic/pipe/0075.jpg,<LOCAL_DATA_ROOT>\external_assets\res_sam_data\GPR_data\synthetic\pipe\0075.jpg,a7b972abdc4e6c557f15f4e5df49e3180d378d5b83225dc4ac8fb9561419d559,,synthetic,,,,,,,,published_res_sam_image_export_v1,jpg,224,224,0,,,,synthetic,,,,build_ressam_unified_manifest.py,2026-08-10,mode=L; source_archive=gpr_data.zip
res_sam,core,res_sam:synthetic:pipe:0076,pipe,dataset_folder_name,GPR_data/synthetic/pipe/0076.jpg,<LOCAL_DATA_ROOT>\external_assets\res_sam_data\GPR_data\synthetic\pipe\0076.jpg,5ac67fa580de3d201998b3d608853e0aef8a741e983e7b5733df965e2949620d,,synthetic,,,,,,,,published_res_sam_image_export_v1,jpg,224,224,0,,,,synthetic,,,,build_ressam_unified_manifest.py,2026-08-10,mode=L; source_archive=gpr_data.zip
res_sam,core,res_sam:synthetic:pipe:0077,pipe,dataset_folder_name,GPR_data/synthetic/pipe/0077.jpg,<LOCAL_DATA_ROOT>\external_assets\res_sam_data\GPR_data\synthetic\pipe\0077.jpg,7ce7b188dd04c8fd116dfe973b8666eb85f2386e8deed1edbaad28c102c711c6,,synthetic,,,,,,,,published_res_sam_image_export_v1,jpg,224,224,0,,,,synthetic,,,,build_ressam_unified_manifest.py,2026-08-10,mode=L; source_archive=gpr_data.zip
res_sam,core,res_sam:synthetic:pipe:0078,pipe,dataset_folder_name,GPR_data/synthetic/pipe/0078.jpg,<LOCAL_DATA_ROOT>\external_assets\res_sam_data\GPR_data\synthetic\pipe\0078.jpg,b5d9545feb577d5b6359e2e2f4404810ea6d5f673dbe936a2a5b96f0997f633b,,synthetic,,,,,,,,published_res_sam_image_export_v1,jpg,224,224,0,,,,synthetic,,,,build_ressam_unified_manifest.py,2026-08-10,mode=L; source_archive=gpr_data.zip
res_sam,core,res_sam:synthetic:pipe:0079,pipe,dataset_folder_name,GPR_data/synthetic/pipe/0079.jpg,<LOCAL_DATA_ROOT>\external_assets\res_sam_data\GPR_data\synthetic\pipe\0079.jpg,10be958d51bb4529319ea41ad9f22cdbed519759f3f87702402083dbfd525b81,,synthetic,,,,,,,,published_res_sam_image_export_v1,jpg,224,224,0,,,,synthetic,,,,build_ressam_unified_manifest.py,2026-08-10,mode=L; source_archive=gpr_data.zip
res_sam,core,res_sam:synthetic:pipe:0080,pipe,dataset_folder_name,GPR_data/synthetic/pipe/0080.jpg,<LOCAL_DATA_ROOT>\external_assets\res_sam_data\GPR_data\synthetic\pipe\0080.jpg,21f74843510269bc0e2eed30f89507d7c259f49b9e2163c660fe5fb3f52fc838,,synthetic,,,,,,,,published_res_sam_image_export_v1,jpg,224,224,0,,,,synthetic,,,,build_ressam_unified_manifest.py,2026-08-10,mode=L; source_archive=gpr_data.zip
res_sam,core,res_sam:synthetic:pipe:0081,pipe,dataset_folder_name,GPR_data/synthetic/pipe/0081.jpg,<LOCAL_DATA_ROOT>\external_assets\res_sam_data\GPR_data\synthetic\pipe\0081.jpg,19665c1b4218be0572429b344e1614b4084012ad8288a433af1850259fac379b,,synthetic,,,,,,,,published_res_sam_image_export_v1,jpg,224,224,0,,,,synthetic,,,,build_ressam_unified_manifest.py,2026-08-10,mode=L; source_archive=gpr_data.zip
res_sam,core,res_sam:synthetic:pipe:0082,pipe,dataset_folder_name,GPR_data/synthetic/pipe/0082.jpg,<LOCAL_DATA_ROOT>\external_assets\res_sam_data\GPR_data\synthetic\pipe\0082.jpg,d5087dc6fa518953ab4d4e2ddb7ad9cc0cb36b9c2626eae31597b188cb5d1ac8,,synthetic,,,,,,,,published_res_sam_image_export_v1,jpg,224,224,0,,,,synthetic,,,,build_ressam_unified_manifest.py,2026-08-10,mode=L; source_archive=gpr_data.zip
res_sam,core,res_sam:synthetic:pipe:0083,pipe,dataset_folder_name,GPR_data/synthetic/pipe/0083.jpg,<LOCAL_DATA_ROOT>\external_assets\res_sam_data\GPR_data\synthetic\pipe\0083.jpg,2c4ca6ed8080af0f32121810b8aeb5af91c48fe11ad7951f6972f83a28138508,,synthetic,,,,,,,,published_res_sam_image_export_v1,jpg,224,224,0,,,,synthetic,,,,build_ressam_unified_manifest.py,2026-08-10,mode=L; source_archive=gpr_data.zip
res_sam,core,res_sam:synthetic:pipe:0084,pipe,dataset_folder_name,GPR_data/synthetic/pipe/0084.jpg,<LOCAL_DATA_ROOT>\external_assets\res_sam_data\GPR_data\synthetic\pipe\0084.jpg,5960d512337782ce4e80134c1921b4b8adb4be7837d2262a2ede7a17263021dd,,synthetic,,,,,,,,published_res_sam_image_export_v1,jpg,224,224,0,,,,synthetic,,,,build_ressam_unified_manifest.py,2026-08-10,mode=L; source_archive=gpr_data.zip
res_sam,core,res_sam:synthetic:pipe:0085,pipe,dataset_folder_name,GPR_data/synthetic/pipe/0085.jpg,<LOCAL_DATA_ROOT>\external_assets\res_sam_data\GPR_data\synthetic\pipe\0085.jpg,d7c61153a53bf0066abed22255d97c82fda2af0267f174af821776d9f7d35f92,,synthetic,,,,,,,,published_res_sam_image_export_v1,jpg,224,224,0,,,,synthetic,,,,build_ressam_unified_manifest.py,2026-08-10,mode=L; source_archive=gpr_data.zip
res_sam,core,res_sam:synthetic:pipe:0086,pipe,dataset_folder_name,GPR_data/synthetic/pipe/0086.jpg,<LOCAL_DATA_ROOT>\external_assets\res_sam_data\GPR_data\synthetic\pipe\0086.jpg,41d9b3fd973b931c065cb50fbb704b0621897c2ddb9c28b8e34e43150b27199d,,synthetic,,,,,,,,published_res_sam_image_export_v1,jpg,224,224,0,,,,synthetic,,,,build_ressam_unified_manifest.py,2026-08-10,mode=L; source_archive=gpr_data.zip
res_sam,core,res_sam:synthetic:pipe:0087,pipe,dataset_folder_name,GPR_data/synthetic/pipe/0087.jpg,<LOCAL_DATA_ROOT>\external_assets\res_sam_data\GPR_data\synthetic\pipe\0087.jpg,36595b2b3c1fb5f8ff9a231f597694bf049e5dd8d241c54fa1b7edce7f607157,,synthetic,,,,,,,,published_res_sam_image_export_v1,jpg,224,224,0,,,,synthetic,,,,build_ressam_unified_manifest.py,2026-08-10,mode=L; source_archive=gpr_data.zip
res_sam,core,res_sam:synthetic:pipe:0088,pipe,dataset_folder_name,GPR_data/synthetic/pipe/0088.jpg,<LOCAL_DATA_ROOT>\external_assets\res_sam_data\GPR_data\synthetic\pipe\0088.jpg,f22afd69a5a2ab2c6b7c16ab51f633314f6d431d1a88998353f76ba1653d8ee4,,synthetic,,,,,,,,published_res_sam_image_export_v1,jpg,224,224,0,,,,synthetic,,,,build_ressam_unified_manifest.py,2026-08-10,mode=L; source_archive=gpr_data.zip
res_sam,core,res_sam:synthetic:pipe:0089,pipe,dataset_folder_name,GPR_data/synthetic/pipe/0089.jpg,<LOCAL_DATA_ROOT>\external_assets\res_sam_data\GPR_data\synthetic\pipe\0089.jpg,de378d72694580da7eb6da07b2c34d373fce87ca9494938ace4ab7bc6dc56e86,,synthetic,,,,,,,,published_res_sam_image_export_v1,jpg,224,224,0,,,,synthetic,,,,build_ressam_unified_manifest.py,2026-08-10,mode=L; source_archive=gpr_data.zip
res_sam,core,res_sam:synthetic:pipe:0090,pipe,dataset_folder_name,GPR_data/synthetic/pipe/0090.jpg,<LOCAL_DATA_ROOT>\external_assets\res_sam_data\GPR_data\synthetic\pipe\0090.jpg,2597da0dc88530a9d2e847e20d6d63472bccb495134c0395c3c64acf741258f4,,synthetic,,,,,,,,published_res_sam_image_export_v1,jpg,224,224,0,,,,synthetic,,,,build_ressam_unified_manifest.py,2026-08-10,mode=L; source_archive=gpr_data.zip
res_sam,core,res_sam:synthetic:pipe:0091,pipe,dataset_folder_name,GPR_data/synthetic/pipe/0091.jpg,<LOCAL_DATA_ROOT>\external_assets\res_sam_data\GPR_data\synthetic\pipe\0091.jpg,b14a95c1ecfec6b36e0fb81828e06fa2ee508bc6f0f43eecfb3eb5ae36cf9845,,synthetic,,,,,,,,published_res_sam_image_export_v1,jpg,224,224,0,,,,synthetic,,,,build_ressam_unified_manifest.py,2026-08-10,mode=L; source_archive=gpr_data.zip
res_sam,core,res_sam:synthetic:pipe:0092,pipe,dataset_folder_name,GPR_data/synthetic/pipe/0092.jpg,<LOCAL_DATA_ROOT>\external_assets\res_sam_data\GPR_data\synthetic\pipe\0092.jpg,786fbb5cc392f1785398b0c8a6b4bbcf9aa460a6ab8081a976d943301e8d5a94,,synthetic,,,,,,,,published_res_sam_image_export_v1,jpg,224,224,0,,,,synthetic,,,,build_ressam_unified_manifest.py,2026-08-10,mode=L; source_archive=gpr_data.zip
res_sam,core,res_sam:synthetic:pipe:0093,pipe,dataset_folder_name,GPR_data/synthetic/pipe/0093.jpg,<LOCAL_DATA_ROOT>\external_assets\res_sam_data\GPR_data\synthetic\pipe\0093.jpg,ea8bb6c290668af5443939a146c59a55102c21341623dca55cfd220a76a89387,,synthetic,,,,,,,,published_res_sam_image_export_v1,jpg,224,224,0,,,,synthetic,,,,build_ressam_unified_manifest.py,2026-08-10,mode=L; source_archive=gpr_data.zip
res_sam,core,res_sam:synthetic:pipe:0094,pipe,dataset_folder_name,GPR_data/synthetic/pipe/0094.jpg,<LOCAL_DATA_ROOT>\external_assets\res_sam_data\GPR_data\synthetic\pipe\0094.jpg,734a411dcf34c676c0e6f3aa80e2047b2f9639259c68358218367816caac747a,,synthetic,,,,,,,,published_res_sam_image_export_v1,jpg,224,224,0,,,,synthetic,,,,build_ressam_unified_manifest.py,2026-08-10,mode=L; source_archive=gpr_data.zip
res_sam,core,res_sam:synthetic:pipe:0095,pipe,dataset_folder_name,GPR_data/synthetic/pipe/0095.jpg,<LOCAL_DATA_ROOT>\external_assets\res_sam_data\GPR_data\synthetic\pipe\0095.jpg,28a3a567175e45e36e1ec56773f29a52f2006629175913183ee8dbd5fd40217c,,synthetic,,,,,,,,published_res_sam_image_export_v1,jpg,224,224,0,,,,synthetic,,,,build_ressam_unified_manifest.py,2026-08-10,mode=L; source_archive=gpr_data.zip
res_sam,core,res_sam:synthetic:pipe:0096,pipe,dataset_folder_name,GPR_data/synthetic/pipe/0096.jpg,<LOCAL_DATA_ROOT>\external_assets\res_sam_data\GPR_data\synthetic\pipe\0096.jpg,ed55420783994d61c81aa427c1ef5be51129800a7a3add9c8194cb398ca0609c,,synthetic,,,,,,,,published_res_sam_image_export_v1,jpg,224,224,0,,,,synthetic,,,,build_ressam_unified_manifest.py,2026-08-10,mode=L; source_archive=gpr_data.zip
res_sam,core,res_sam:synthetic:pipe:0097,pipe,dataset_folder_name,GPR_data/synthetic/pipe/0097.jpg,<LOCAL_DATA_ROOT>\external_assets\res_sam_data\GPR_data\synthetic\pipe\0097.jpg,39af7af0fa500dd26e3da57c40fe6243f30057485fdd4c45fc9b7e8654419691,,synthetic,,,,,,,,published_res_sam_image_export_v1,jpg,224,224,0,,,,synthetic,,,,build_ressam_unified_manifest.py,2026-08-10,mode=L; source_archive=gpr_data.zip
res_sam,core,res_sam:synthetic:pipe:0098,pipe,dataset_folder_name,GPR_data/synthetic/pipe/0098.jpg,<LOCAL_DATA_ROOT>\external_assets\res_sam_data\GPR_data\synthetic\pipe\0098.jpg,661fc743d66c986ca760fdcd76d0f63d03a192e07bba8f8431401c1915d3d032,,synthetic,,,,,,,,published_res_sam_image_export_v1,jpg,224,224,0,,,,synthetic,,,,build_ressam_unified_manifest.py,2026-08-10,mode=L; source_archive=gpr_data.zip
res_sam,core,res_sam:synthetic:pipe:0099,pipe,dataset_folder_name,GPR_data/synthetic/pipe/0099.jpg,<LOCAL_DATA_ROOT>\external_assets\res_sam_data\GPR_data\synthetic\pipe\0099.jpg,b933d2a696c8f45925a14e3edaad3cac9c87fe7ca0c65ca53956596a78c558ed,,synthetic,,,,,,,,published_res_sam_image_export_v1,jpg,224,224,0,,,,synthetic,,,,build_ressam_unified_manifest.py,2026-08-10,mode=L; source_archive=gpr_data.zip
res_sam,core,res_sam:synthetic:pipe:0100,pipe,dataset_folder_name,GPR_data/synthetic/pipe/0100.jpg,<LOCAL_DATA_ROOT>\external_assets\res_sam_data\GPR_data\synthetic\pipe\0100.jpg,33dba2d5a9bd24d47f51faa05efa3ef0b2161d502e28b12d65e44605159bedf7,,synthetic,,,,,,,,published_res_sam_image_export_v1,jpg,224,224,0,,,,synthetic,,,,build_ressam_unified_manifest.py,2026-08-10,mode=L; source_archive=gpr_data.zip
res_sam,core,res_sam:synthetic:pipe:0101,pipe,dataset_folder_name,GPR_data/synthetic/pipe/0101.jpg,<LOCAL_DATA_ROOT>\external_assets\res_sam_data\GPR_data\synthetic\pipe\0101.jpg,6bc87b1119434288989ecb24f4b9506a121498b00ccb8990b3745974f99df174,,synthetic,,,,,,,,published_res_sam_image_export_v1,jpg,224,224,0,,,,synthetic,,,,build_ressam_unified_manifest.py,2026-08-10,mode=L; source_archive=gpr_data.zip
res_sam,core,res_sam:synthetic:pipe:0102,pipe,dataset_folder_name,GPR_data/synthetic/pipe/0102.jpg,<LOCAL_DATA_ROOT>\external_assets\res_sam_data\GPR_data\synthetic\pipe\0102.jpg,93013ab47eb29d14e8c659532d0a1c576b5366543d2d28be9b1f406ec1e29d0c,,synthetic,,,,,,,,published_res_sam_image_export_v1,jpg,224,224,0,,,,synthetic,,,,build_ressam_unified_manifest.py,2026-08-10,mode=L; source_archive=gpr_data.zip
res_sam,core,res_sam:synthetic:pipe:0103,pipe,dataset_folder_name,GPR_data/synthetic/pipe/0103.jpg,<LOCAL_DATA_ROOT>\external_assets\res_sam_data\GPR_data\synthetic\pipe\0103.jpg,450110b270992e36dc9bff797a2498b4d4846fc5ff49293bb215ba9bf9eee368,,synthetic,,,,,,,,published_res_sam_image_export_v1,jpg,224,224,0,,,,synthetic,,,,build_ressam_unified_manifest.py,2026-08-10,mode=L; source_archive=gpr_data.zip
res_sam,core,res_sam:synthetic:pipe:0104,pipe,dataset_folder_name,GPR_data/synthetic/pipe/0104.jpg,<LOCAL_DATA_ROOT>\external_assets\res_sam_data\GPR_data\synthetic\pipe\0104.jpg,9512fc7ac8e133eeb502fc9b118cef0aaaf3e386c940d51ee37ea8222e77f441,,synthetic,,,,,,,,published_res_sam_image_export_v1,jpg,224,224,0,,,,synthetic,,,,build_ressam_unified_manifest.py,2026-08-10,mode=L; source_archive=gpr_data.zip
res_sam,core,res_sam:synthetic:pipe:0105,pipe,dataset_folder_name,GPR_data/synthetic/pipe/0105.jpg,<LOCAL_DATA_ROOT>\external_assets\res_sam_data\GPR_data\synthetic\pipe\0105.jpg,869c17fd64c5770935edbe1ba376f047c768dcc538b4f9090b7a145a744407be,,synthetic,,,,,,,,published_res_sam_image_export_v1,jpg,224,224,0,,,,synthetic,,,,build_ressam_unified_manifest.py,2026-08-10,mode=L; source_archive=gpr_data.zip
res_sam,core,res_sam:synthetic:pipe:0106,pipe,dataset_folder_name,GPR_data/synthetic/pipe/0106.jpg,<LOCAL_DATA_ROOT>\external_assets\res_sam_data\GPR_data\synthetic\pipe\0106.jpg,d04c0651c68a242ccc0e9620bcff7cffc591903232e01eccea07a15f91fdbe93,,synthetic,,,,,,,,published_res_sam_image_export_v1,jpg,224,224,0,,,,synthetic,,,,build_ressam_unified_manifest.py,2026-08-10,mode=L; source_archive=gpr_data.zip
res_sam,core,res_sam:synthetic:pipe:0107,pipe,dataset_folder_name,GPR_data/synthetic/pipe/0107.jpg,<LOCAL_DATA_ROOT>\external_assets\res_sam_data\GPR_data\synthetic\pipe\0107.jpg,9f94386c7e1a126f8be2b503e306a61ccd498989595de38f5088b699c7e7e7b0,,synthetic,,,,,,,,published_res_sam_image_export_v1,jpg,224,224,0,,,,synthetic,,,,build_ressam_unified_manifest.py,2026-08-10,mode=L; source_archive=gpr_data.zip
res_sam,core,res_sam:synthetic:pipe:0108,pipe,dataset_folder_name,GPR_data/synthetic/pipe/0108.jpg,<LOCAL_DATA_ROOT>\external_assets\res_sam_data\GPR_data\synthetic\pipe\0108.jpg,72e6575836e006cc5f7bf71c5c3a3980a2737b75249bfc3b7ccc6409c08195ab,,synthetic,,,,,,,,published_res_sam_image_export_v1,jpg,224,224,0,,,,synthetic,,,,build_ressam_unified_manifest.py,2026-08-10,mode=L; source_archive=gpr_data.zip
res_sam,core,res_sam:synthetic:pipe:0109,pipe,dataset_folder_name,GPR_data/synthetic/pipe/0109.jpg,<LOCAL_DATA_ROOT>\external_assets\res_sam_data\GPR_data\synthetic\pipe\0109.jpg,7be0beb8129dbfe5456fb3c1a1e30cf77ce244ba1b3dbb3af7fedd4f287deac4,,synthetic,,,,,,,,published_res_sam_image_export_v1,jpg,224,224,0,,,,synthetic,,,,build_ressam_unified_manifest.py,2026-08-10,mode=L; source_archive=gpr_data.zip
res_sam,core,res_sam:synthetic:pipe:0110,pipe,dataset_folder_name,GPR_data/synthetic/pipe/0110.jpg,<LOCAL_DATA_ROOT>\external_assets\res_sam_data\GPR_data\synthetic\pipe\0110.jpg,ec796d3a041e6fafbbc55ed4449247ee90f24f525fa7cc8dfc2424e7ff9cf5e3,,synthetic,,,,,,,,published_res_sam_image_export_v1,jpg,224,224,0,,,,synthetic,,,,build_ressam_unified_manifest.py,2026-08-10,mode=L; source_archive=gpr_data.zip
res_sam,core,res_sam:synthetic:pipe:0111,pipe,dataset_folder_name,GPR_data/synthetic/pipe/0111.jpg,<LOCAL_DATA_ROOT>\external_assets\res_sam_data\GPR_data\synthetic\pipe\0111.jpg,e44bfc3f09b5656c8756351a1066b150d83b2d0e2e046135307da11b17f306bb,,synthetic,,,,,,,,published_res_sam_image_export_v1,jpg,224,224,0,,,,synthetic,,,,build_ressam_unified_manifest.py,2026-08-10,mode=L; source_archive=gpr_data.zip
res_sam,core,res_sam:synthetic:pipe:0112,pipe,dataset_folder_name,GPR_data/synthetic/pipe/0112.jpg,<LOCAL_DATA_ROOT>\external_assets\res_sam_data\GPR_data\synthetic\pipe\0112.jpg,8172dd15e84fab0d1d95c37a3ba1dcf18290e054fd679fb8a27e182d3066c8c1,,synthetic,,,,,,,,published_res_sam_image_export_v1,jpg,224,224,0,,,,synthetic,,,,build_ressam_unified_manifest.py,2026-08-10,mode=L; source_archive=gpr_data.zip
res_sam,core,res_sam:synthetic:pipe:0113,pipe,dataset_folder_name,GPR_data/synthetic/pipe/0113.jpg,<LOCAL_DATA_ROOT>\external_assets\res_sam_data\GPR_data\synthetic\pipe\0113.jpg,cb729d2b59c83d9023ac69ca36700a5f31cfa56669bc240281f7c421c36b339a,,synthetic,,,,,,,,published_res_sam_image_export_v1,jpg,224,224,0,,,,synthetic,,,,build_ressam_unified_manifest.py,2026-08-10,mode=L; source_archive=gpr_data.zip
res_sam,core,res_sam:synthetic:pipe:0114,pipe,dataset_folder_name,GPR_data/synthetic/pipe/0114.jpg,<LOCAL_DATA_ROOT>\external_assets\res_sam_data\GPR_data\synthetic\pipe\0114.jpg,71ad609ace8e2b3c0b0063b927f12d3cb44221ab939d1fac1c6d68fa33003233,,synthetic,,,,,,,,published_res_sam_image_export_v1,jpg,224,224,0,,,,synthetic,,,,build_ressam_unified_manifest.py,2026-08-10,mode=L; source_archive=gpr_data.zip
res_sam,core,res_sam:synthetic:pipe:0115,pipe,dataset_folder_name,GPR_data/synthetic/pipe/0115.jpg,<LOCAL_DATA_ROOT>\external_assets\res_sam_data\GPR_data\synthetic\pipe\0115.jpg,82d43841e58b1daa86d20ab634336117c9724a9de008f2452e94dec054b406aa,,synthetic,,,,,,,,published_res_sam_image_export_v1,jpg,224,224,0,,,,synthetic,,,,build_ressam_unified_manifest.py,2026-08-10,mode=L; source_archive=gpr_data.zip
res_sam,core,res_sam:synthetic:pipe:0116,pipe,dataset_folder_name,GPR_data/synthetic/pipe/0116.jpg,<LOCAL_DATA_ROOT>\external_assets\res_sam_data\GPR_data\synthetic\pipe\0116.jpg,dd9ce5935efb87f344f46145dc7736ac34362c797d30ff3a3fff82319c2aed0d,,synthetic,,,,,,,,published_res_sam_image_export_v1,jpg,224,224,0,,,,synthetic,,,,build_ressam_unified_manifest.py,2026-08-10,mode=L; source_archive=gpr_data.zip
res_sam,core,res_sam:synthetic:pipe:0117,pipe,dataset_folder_name,GPR_data/synthetic/pipe/0117.jpg,<LOCAL_DATA_ROOT>\external_assets\res_sam_data\GPR_data\synthetic\pipe\0117.jpg,615b6489c3df0898eef24a06b13925865ec5cec2c9f08a54b3ed2ff555b79a1d,,synthetic,,,,,,,,published_res_sam_image_export_v1,jpg,224,224,0,,,,synthetic,,,,build_ressam_unified_manifest.py,2026-08-10,mode=L; source_archive=gpr_data.zip
res_sam,core,res_sam:synthetic:pipe:0118,pipe,dataset_folder_name,GPR_data/synthetic/pipe/0118.jpg,<LOCAL_DATA_ROOT>\external_assets\res_sam_data\GPR_data\synthetic\pipe\0118.jpg,b245d7150a01ef5f44184b26399bf7c293d6aa10e38421e902ffa93c217f5280,,synthetic,,,,,,,,published_res_sam_image_export_v1,jpg,224,224,0,,,,synthetic,,,,build_ressam_unified_manifest.py,2026-08-10,mode=L; source_archive=gpr_data.zip
res_sam,core,res_sam:synthetic:pipe:0119,pipe,dataset_folder_name,GPR_data/synthetic/pipe/0119.jpg,<LOCAL_DATA_ROOT>\external_assets\res_sam_data\GPR_data\synthetic\pipe\0119.jpg,ced523b98d0aa819a24b1485127a705a9b975add27811e395545aab810f93104,,synthetic,,,,,,,,published_res_sam_image_export_v1,jpg,224,224,0,,,,synthetic,,,,build_ressam_unified_manifest.py,2026-08-10,mode=L; source_archive=gpr_data.zip
res_sam,core,res_sam:synthetic:pipe:0120,pipe,dataset_folder_name,GPR_data/synthetic/pipe/0120.jpg,<LOCAL_DATA_ROOT>\external_assets\res_sam_data\GPR_data\synthetic\pipe\0120.jpg,fb64466e49b233058ef5c4c9a17c7b25adb3fd2d95d4ff9fcbacf99a4be20042,,synthetic,,,,,,,,published_res_sam_image_export_v1,jpg,224,224,0,,,,synthetic,,,,build_ressam_unified_manifest.py,2026-08-10,mode=L; source_archive=gpr_data.zip
res_sam,core,res_sam:synthetic:pipe:0121,pipe,dataset_folder_name,GPR_data/synthetic/pipe/0121.jpg,<LOCAL_DATA_ROOT>\external_assets\res_sam_data\GPR_data\synthetic\pipe\0121.jpg,56622cc8c39cc3bab5dbb3d2071e36feb40c26750b831ccc848bfae61795e698,,synthetic,,,,,,,,published_res_sam_image_export_v1,jpg,224,224,0,,,,synthetic,,,,build_ressam_unified_manifest.py,2026-08-10,mode=L; source_archive=gpr_data.zip
res_sam,core,res_sam:synthetic:pipe:0122,pipe,dataset_folder_name,GPR_data/synthetic/pipe/0122.jpg,<LOCAL_DATA_ROOT>\external_assets\res_sam_data\GPR_data\synthetic\pipe\0122.jpg,cc6eb434305dc77f1bd20c97250f3dc1fe1fa36437c163c0a73242585bc90073,,synthetic,,,,,,,,published_res_sam_image_export_v1,jpg,224,224,0,,,,synthetic,,,,build_ressam_unified_manifest.py,2026-08-10,mode=L; source_archive=gpr_data.zip
res_sam,core,res_sam:synthetic:pipe:0123,pipe,dataset_folder_name,GPR_data/synthetic/pipe/0123.jpg,<LOCAL_DATA_ROOT>\external_assets\res_sam_data\GPR_data\synthetic\pipe\0123.jpg,9fb47b3fa86891e134979910331c9137b4b7beb7efeabd0adb324222264a93d1,,synthetic,,,,,,,,published_res_sam_image_export_v1,jpg,224,224,0,,,,synthetic,,,,build_ressam_unified_manifest.py,2026-08-10,mode=L; source_archive=gpr_data.zip
res_sam,core,res_sam:synthetic:pipe:0124,pipe,dataset_folder_name,GPR_data/synthetic/pipe/0124.jpg,<LOCAL_DATA_ROOT>\external_assets\res_sam_data\GPR_data\synthetic\pipe\0124.jpg,308f05dae5c528d6bc15c8fae251c11ea880def4e229abfc483eced925c52748,,synthetic,,,,,,,,published_res_sam_image_export_v1,jpg,224,224,0,,,,synthetic,,,,build_ressam_unified_manifest.py,2026-08-10,mode=L; source_archive=gpr_data.zip
res_sam,core,res_sam:synthetic:pipe:0125,pipe,dataset_folder_name,GPR_data/synthetic/pipe/0125.jpg,<LOCAL_DATA_ROOT>\external_assets\res_sam_data\GPR_data\synthetic\pipe\0125.jpg,7340299b5bfc2291c01e03864428b1f3d1e0b8a794fa5cde38b286f6b5bc61cf,,synthetic,,,,,,,,published_res_sam_image_export_v1,jpg,224,224,0,,,,synthetic,,,,build_ressam_unified_manifest.py,2026-08-10,mode=L; source_archive=gpr_data.zip
res_sam,core,res_sam:synthetic:pipe:0126,pipe,dataset_folder_name,GPR_data/synthetic/pipe/0126.jpg,<LOCAL_DATA_ROOT>\external_assets\res_sam_data\GPR_data\synthetic\pipe\0126.jpg,60727144723e8f08beec7c75848509d5500e614834a6cd205417cdb515595092,,synthetic,,,,,,,,published_res_sam_image_export_v1,jpg,224,224,0,,,,synthetic,,,,build_ressam_unified_manifest.py,2026-08-10,mode=L; source_archive=gpr_data.zip
res_sam,core,res_sam:synthetic:pipe:0127,pipe,dataset_folder_name,GPR_data/synthetic/pipe/0127.jpg,<LOCAL_DATA_ROOT>\external_assets\res_sam_data\GPR_data\synthetic\pipe\0127.jpg,533cd00042967082edff99796a8c69091f9f6d6d3f19dd4e34c2630ffbcd497d,,synthetic,,,,,,,,published_res_sam_image_export_v1,jpg,224,224,0,,,,synthetic,,,,build_ressam_unified_manifest.py,2026-08-10,mode=L; source_archive=gpr_data.zip
res_sam,core,res_sam:synthetic:pipe:0128,pipe,dataset_folder_name,GPR_data/synthetic/pipe/0128.jpg,<LOCAL_DATA_ROOT>\external_assets\res_sam_data\GPR_data\synthetic\pipe\0128.jpg,4195f6b5d0b382e9097ffec7f0ea430668478a78a1d455d5808744c543fbb19d,,synthetic,,,,,,,,published_res_sam_image_export_v1,jpg,224,224,0,,,,synthetic,,,,build_ressam_unified_manifest.py,2026-08-10,mode=L; source_archive=gpr_data.zip
res_sam,core,res_sam:synthetic:pipe:0129,pipe,dataset_folder_name,GPR_data/synthetic/pipe/0129.jpg,<LOCAL_DATA_ROOT>\external_assets\res_sam_data\GPR_data\synthetic\pipe\0129.jpg,1deaba702a9826222ff519dd68c37845ac9c273c7c92b314bfd2b4463b38bff0,,synthetic,,,,,,,,published_res_sam_image_export_v1,jpg,224,224,0,,,,synthetic,,,,build_ressam_unified_manifest.py,2026-08-10,mode=L; source_archive=gpr_data.zip
res_sam,core,res_sam:synthetic:pipe:0130,pipe,dataset_folder_name,GPR_data/synthetic/pipe/0130.jpg,<LOCAL_DATA_ROOT>\external_assets\res_sam_data\GPR_data\synthetic\pipe\0130.jpg,90b6c4ebe9e17c3870426c53550721febccabfbcb670262dd5f9ed23923e399b,,synthetic,,,,,,,,published_res_sam_image_export_v1,jpg,224,224,0,,,,synthetic,,,,build_ressam_unified_manifest.py,2026-08-10,mode=L; source_archive=gpr_data.zip
res_sam,core,res_sam:synthetic:pipe:0131,pipe,dataset_folder_name,GPR_data/synthetic/pipe/0131.jpg,<LOCAL_DATA_ROOT>\external_assets\res_sam_data\GPR_data\synthetic\pipe\0131.jpg,5cacc6c949d8807d661e8fadae2e97454f792973d6cdc9aa3ad77b26053d8910,,synthetic,,,,,,,,published_res_sam_image_export_v1,jpg,224,224,0,,,,synthetic,,,,build_ressam_unified_manifest.py,2026-08-10,mode=L; source_archive=gpr_data.zip
res_sam,core,res_sam:synthetic:pipe:0132,pipe,dataset_folder_name,GPR_data/synthetic/pipe/0132.jpg,<LOCAL_DATA_ROOT>\external_assets\res_sam_data\GPR_data\synthetic\pipe\0132.jpg,32a7bada469712b4c215767aefa94374e7e27196e1e8323a2fe0e1b35a76c1f0,,synthetic,,,,,,,,published_res_sam_image_export_v1,jpg,224,224,0,,,,synthetic,,,,build_ressam_unified_manifest.py,2026-08-10,mode=L; source_archive=gpr_data.zip
res_sam,core,res_sam:synthetic:pipe:0133,pipe,dataset_folder_name,GPR_data/synthetic/pipe/0133.jpg,<LOCAL_DATA_ROOT>\external_assets\res_sam_data\GPR_data\synthetic\pipe\0133.jpg,f3d8c359ed26e15750497caefafd340328a0a8847af5c803911b3f001208795d,,synthetic,,,,,,,,published_res_sam_image_export_v1,jpg,224,224,0,,,,synthetic,,,,build_ressam_unified_manifest.py,2026-08-10,mode=L; source_archive=gpr_data.zip
res_sam,core,res_sam:synthetic:pipe:0134,pipe,dataset_folder_name,GPR_data/synthetic/pipe/0134.jpg,<LOCAL_DATA_ROOT>\external_assets\res_sam_data\GPR_data\synthetic\pipe\0134.jpg,ba94efacc45bea70c0190c88ee7055f1c252e4bb1b304b77cd48f6f28e4edb89,,synthetic,,,,,,,,published_res_sam_image_export_v1,jpg,224,224,0,,,,synthetic,,,,build_ressam_unified_manifest.py,2026-08-10,mode=L; source_archive=gpr_data.zip
res_sam,core,res_sam:synthetic:pipe:0135,pipe,dataset_folder_name,GPR_data/synthetic/pipe/0135.jpg,<LOCAL_DATA_ROOT>\external_assets\res_sam_data\GPR_data\synthetic\pipe\0135.jpg,18536c37ad50629299d88f90ebeaabeaffbdee31962c3f6f2482bd097ce47d89,,synthetic,,,,,,,,published_res_sam_image_export_v1,jpg,224,224,0,,,,synthetic,,,,build_ressam_unified_manifest.py,2026-08-10,mode=L; source_archive=gpr_data.zip
res_sam,core,res_sam:synthetic:pipe:0136,pipe,dataset_folder_name,GPR_data/synthetic/pipe/0136.jpg,<LOCAL_DATA_ROOT>\external_assets\res_sam_data\GPR_data\synthetic\pipe\0136.jpg,d16bb31363402908104d6687f66db42233a556e214918f772833c972b6525343,,synthetic,,,,,,,,published_res_sam_image_export_v1,jpg,224,224,0,,,,synthetic,,,,build_ressam_unified_manifest.py,2026-08-10,mode=L; source_archive=gpr_data.zip
res_sam,core,res_sam:synthetic:pipe:0137,pipe,dataset_folder_name,GPR_data/synthetic/pipe/0137.jpg,<LOCAL_DATA_ROOT>\external_assets\res_sam_data\GPR_data\synthetic\pipe\0137.jpg,e349673445bc90c77a1793ba8a5419bd08a39bcf0a1ff4e0a71d861dccc583d8,,synthetic,,,,,,,,published_res_sam_image_export_v1,jpg,224,224,0,,,,synthetic,,,,build_ressam_unified_manifest.py,2026-08-10,mode=L; source_archive=gpr_data.zip
res_sam,core,res_sam:synthetic:pipe:0138,pipe,dataset_folder_name,GPR_data/synthetic/pipe/0138.jpg,<LOCAL_DATA_ROOT>\external_assets\res_sam_data\GPR_data\synthetic\pipe\0138.jpg,4197a1c30df011815248384fbc040981b2659f40a0ec9ebd62ec4fd6c554171f,,synthetic,,,,,,,,published_res_sam_image_export_v1,jpg,224,224,0,,,,synthetic,,,,build_ressam_unified_manifest.py,2026-08-10,mode=L; source_archive=gpr_data.zip
res_sam,core,res_sam:synthetic:pipe:0139,pipe,dataset_folder_name,GPR_data/synthetic/pipe/0139.jpg,<LOCAL_DATA_ROOT>\external_assets\res_sam_data\GPR_data\synthetic\pipe\0139.jpg,9ed6f5fcb66377fc07c51c6b9a5da78a5355d63598962681776d25d61f150b9a,,synthetic,,,,,,,,published_res_sam_image_export_v1,jpg,224,224,0,,,,synthetic,,,,build_ressam_unified_manifest.py,2026-08-10,mode=L; source_archive=gpr_data.zip
res_sam,core,res_sam:synthetic:pipe:0140,pipe,dataset_folder_name,GPR_data/synthetic/pipe/0140.jpg,<LOCAL_DATA_ROOT>\external_assets\res_sam_data\GPR_data\synthetic\pipe\0140.jpg,5f04574192535df996d6ba62c8900894f8703209b1c7e8b8822cbce69f94231a,,synthetic,,,,,,,,published_res_sam_image_export_v1,jpg,224,224,0,,,,synthetic,,,,build_ressam_unified_manifest.py,2026-08-10,mode=L; source_archive=gpr_data.zip
res_sam,core,res_sam:synthetic:pipe:0141,pipe,dataset_folder_name,GPR_data/synthetic/pipe/0141.jpg,<LOCAL_DATA_ROOT>\external_assets\res_sam_data\GPR_data\synthetic\pipe\0141.jpg,8e9acdd2d646f08aa530cdb14d3e34a2172d22b6c964c1782eefb1a9056399ce,,synthetic,,,,,,,,published_res_sam_image_export_v1,jpg,224,224,0,,,,synthetic,,,,build_ressam_unified_manifest.py,2026-08-10,mode=L; source_archive=gpr_data.zip
res_sam,core,res_sam:synthetic:pipe:0142,pipe,dataset_folder_name,GPR_data/synthetic/pipe/0142.jpg,<LOCAL_DATA_ROOT>\external_assets\res_sam_data\GPR_data\synthetic\pipe\0142.jpg,6bacd61e3060740bec13b7217a045abeacf679a8ee45444ef551ee317b579f32,,synthetic,,,,,,,,published_res_sam_image_export_v1,jpg,224,224,0,,,,synthetic,,,,build_ressam_unified_manifest.py,2026-08-10,mode=L; source_archive=gpr_data.zip
res_sam,core,res_sam:synthetic:pipe:0143,pipe,dataset_folder_name,GPR_data/synthetic/pipe/0143.jpg,<LOCAL_DATA_ROOT>\external_assets\res_sam_data\GPR_data\synthetic\pipe\0143.jpg,71890dcfd56489cbb36724ef2c90fff664408a2533eace585fbd6cc56737ad48,,synthetic,,,,,,,,published_res_sam_image_export_v1,jpg,224,224,0,,,,synthetic,,,,build_ressam_unified_manifest.py,2026-08-10,mode=L; source_archive=gpr_data.zip
res_sam,core,res_sam:synthetic:pipe:0144,pipe,dataset_folder_name,GPR_data/synthetic/pipe/0144.jpg,<LOCAL_DATA_ROOT>\external_assets\res_sam_data\GPR_data\synthetic\pipe\0144.jpg,12244c73c15715eb290168dd380d25c99247e612af984567d13cd27c0401e433,,synthetic,,,,,,,,published_res_sam_image_export_v1,jpg,224,224,0,,,,synthetic,,,,build_ressam_unified_manifest.py,2026-08-10,mode=L; source_archive=gpr_data.zip
res_sam,core,res_sam:synthetic:pipe:0145,pipe,dataset_folder_name,GPR_data/synthetic/pipe/0145.jpg,<LOCAL_DATA_ROOT>\external_assets\res_sam_data\GPR_data\synthetic\pipe\0145.jpg,e630c0c993b8db46f1676dd525da63648ff94b9998f4de5cf69260fdab6ea37a,,synthetic,,,,,,,,published_res_sam_image_export_v1,jpg,224,224,0,,,,synthetic,,,,build_ressam_unified_manifest.py,2026-08-10,mode=L; source_archive=gpr_data.zip
res_sam,core,res_sam:synthetic:pipe:0146,pipe,dataset_folder_name,GPR_data/synthetic/pipe/0146.jpg,<LOCAL_DATA_ROOT>\external_assets\res_sam_data\GPR_data\synthetic\pipe\0146.jpg,2f67eaec1a7f2df825d9701839bbd4f93aedc64483a7911d65aafb1ab9c7d902,,synthetic,,,,,,,,published_res_sam_image_export_v1,jpg,224,224,0,,,,synthetic,,,,build_ressam_unified_manifest.py,2026-08-10,mode=L; source_archive=gpr_data.zip
res_sam,core,res_sam:synthetic:pipe:0147,pipe,dataset_folder_name,GPR_data/synthetic/pipe/0147.jpg,<LOCAL_DATA_ROOT>\external_assets\res_sam_data\GPR_data\synthetic\pipe\0147.jpg,ef3c6c47e808a8390cad237d764758a8166f89c2cb64bbe5580849187be6b1bf,,synthetic,,,,,,,,published_res_sam_image_export_v1,jpg,224,224,0,,,,synthetic,,,,build_ressam_unified_manifest.py,2026-08-10,mode=L; source_archive=gpr_data.zip
res_sam,core,res_sam:synthetic:pipe:0148,pipe,dataset_folder_name,GPR_data/synthetic/pipe/0148.jpg,<LOCAL_DATA_ROOT>\external_assets\res_sam_data\GPR_data\synthetic\pipe\0148.jpg,326eb7ee87b9fd8a7a4c2fef4fb94696b201c13263390328227049e843616f65,,synthetic,,,,,,,,published_res_sam_image_export_v1,jpg,224,224,0,,,,synthetic,,,,build_ressam_unified_manifest.py,2026-08-10,mode=L; source_archive=gpr_data.zip
res_sam,core,res_sam:synthetic:pipe:0149,pipe,dataset_folder_name,GPR_data/synthetic/pipe/0149.jpg,<LOCAL_DATA_ROOT>\external_assets\res_sam_data\GPR_data\synthetic\pipe\0149.jpg,f0006a80baffa83a756e5bbe7b694cb3f6e91f4237bce1575c8badef838c7036,,synthetic,,,,,,,,published_res_sam_image_export_v1,jpg,224,224,0,,,,synthetic,,,,build_ressam_unified_manifest.py,2026-08-10,mode=L; source_archive=gpr_data.zip
res_sam,core,res_sam:synthetic:pipe:0150,pipe,dataset_folder_name,GPR_data/synthetic/pipe/0150.jpg,<LOCAL_DATA_ROOT>\external_assets\res_sam_data\GPR_data\synthetic\pipe\0150.jpg,049ddedd31e36652f0c8d4800278929b1ebbdc63e361421b25e40d407d6ad2a0,,synthetic,,,,,,,,published_res_sam_image_export_v1,jpg,224,224,0,,,,synthetic,,,,build_ressam_unified_manifest.py,2026-08-10,mode=L; source_archive=gpr_data.zip
