dataset_id,doi,license,sample_id,label,top_category,project_id,source_group,split_group,acquisition_id,extension,modality,file_role,size_bytes,sha256,relative_path,root_relative_path,absolute_path,manifest_date,blind_external_eligible,blind_external_reason
zenodo_14637589,10.5281/zenodo.14637589,cc-by-4.0,zenodo_14637589_00000,pipe,pipe,001.MIS,pipe/001.MIS,pipe/001.MIS,180922AA.ZON,.dt,raw_gpr_trace,raw_trace,287840,f1cc3fec2480104574425134c2f481041d8aaeb9d5b94015086a672f1aa73658,pipe/001.MIS/180922AA.ZON/LID10001.dt,external_assets/zenodo_gpr_14637589/extracted/Data Set/pipe/001.MIS/180922AA.ZON/LID10001.dt,<LOCAL_DATA_ROOT>\external_assets\zenodo_gpr_14637589\extracted\Data Set\pipe\001.MIS\180922AA.ZON\LID10001.dt,2026-08-11,False,public labelled or organized dataset; labels are visible before prediction freeze
zenodo_14637589,10.5281/zenodo.14637589,cc-by-4.0,zenodo_14637589_00001,pipe,pipe,001.MIS,pipe/001.MIS,pipe/001.MIS,180922AB.ZON,.dt,raw_gpr_trace,raw_trace,531476,b3a59bcae170ef8e499d664018b118d96af5dccd24ccbd1bfefcd141648b96aa,pipe/001.MIS/180922AB.ZON/LID10001.dt,external_assets/zenodo_gpr_14637589/extracted/Data Set/pipe/001.MIS/180922AB.ZON/LID10001.dt,<LOCAL_DATA_ROOT>\external_assets\zenodo_gpr_14637589\extracted\Data Set\pipe\001.MIS\180922AB.ZON\LID10001.dt,2026-08-11,False,public labelled or organized dataset; labels are visible before prediction freeze
zenodo_14637589,10.5281/zenodo.14637589,cc-by-4.0,zenodo_14637589_00002,pipe,pipe,001.MIS,pipe/001.MIS,pipe/001.MIS,180922AC.ZON,.dt,raw_gpr_trace,raw_trace,556148,db217ddc480c91e6175330310e0c603acf675cc119ba73fdb51feaeebf627803,pipe/001.MIS/180922AC.ZON/LID10002.dt,external_assets/zenodo_gpr_14637589/extracted/Data Set/pipe/001.MIS/180922AC.ZON/LID10002.dt,<LOCAL_DATA_ROOT>\external_assets\zenodo_gpr_14637589\extracted\Data Set\pipe\001.MIS\180922AC.ZON\LID10002.dt,2026-08-11,False,public labelled or organized dataset; labels are visible before prediction freeze
zenodo_14637589,10.5281/zenodo.14637589,cc-by-4.0,zenodo_14637589_00003,pipe,pipe,001.MIS,pipe/001.MIS,pipe/001.MIS,180922AD.ZON,.dt,raw_gpr_trace,raw_trace,555120,1a958a042ef02175ea9a038aec8dcf3215c070cdd5199fb2c27a37632353c3c9,pipe/001.MIS/180922AD.ZON/LID10001.dt,external_assets/zenodo_gpr_14637589/extracted/Data Set/pipe/001.MIS/180922AD.ZON/LID10001.dt,<LOCAL_DATA_ROOT>\external_assets\zenodo_gpr_14637589\extracted\Data Set\pipe\001.MIS\180922AD.ZON\LID10001.dt,2026-08-11,False,public labelled or organized dataset; labels are visible before prediction freeze
zenodo_14637589,10.5281/zenodo.14637589,cc-by-4.0,zenodo_14637589_00004,pipe,pipe,001.MIS,pipe/001.MIS,pipe/001.MIS,180922AE.ZON,.dt,raw_gpr_trace,raw_trace,231300,b9e8761411e07003e2268f54960a07b42468240c7b57d3747a88b45f26620b95,pipe/001.MIS/180922AE.ZON/LID10001.dt,external_assets/zenodo_gpr_14637589/extracted/Data Set/pipe/001.MIS/180922AE.ZON/LID10001.dt,<LOCAL_DATA_ROOT>\external_assets\zenodo_gpr_14637589\extracted\Data Set\pipe\001.MIS\180922AE.ZON\LID10001.dt,2026-08-11,False,public labelled or organized dataset; labels are visible before prediction freeze
zenodo_14637589,10.5281/zenodo.14637589,cc-by-4.0,zenodo_14637589_00005,pipe,pipe,001.MIS,pipe/001.MIS,pipe/001.MIS,190321AA.ZON,.dt,raw_gpr_trace,raw_trace,137752,44958e47c8289cffa69a88423a7ec03ac37999aa34f50f661cf03fe437e4ed62,pipe/001.MIS/190321AA.ZON/LID10001.dt,external_assets/zenodo_gpr_14637589/extracted/Data Set/pipe/001.MIS/190321AA.ZON/LID10001.dt,<LOCAL_DATA_ROOT>\external_assets\zenodo_gpr_14637589\extracted\Data Set\pipe\001.MIS\190321AA.ZON\LID10001.dt,2026-08-11,False,public labelled or organized dataset; labels are visible before prediction freeze
zenodo_14637589,10.5281/zenodo.14637589,cc-by-4.0,zenodo_14637589_00006,pipe,pipe,001.MIS,pipe/001.MIS,pipe/001.MIS,190321AA.ZON,.dt,raw_gpr_trace,raw_trace,138780,a5f8e86c420fdf0ffba1b49e29a88232508b1d0e68f74a1b1e2738e85070a1e0,pipe/001.MIS/190321AA.ZON/LID10002.dt,external_assets/zenodo_gpr_14637589/extracted/Data Set/pipe/001.MIS/190321AA.ZON/LID10002.dt,<LOCAL_DATA_ROOT>\external_assets\zenodo_gpr_14637589\extracted\Data Set\pipe\001.MIS\190321AA.ZON\LID10002.dt,2026-08-11,False,public labelled or organized dataset; labels are visible before prediction freeze
zenodo_14637589,10.5281/zenodo.14637589,cc-by-4.0,zenodo_14637589_00007,pipe,pipe,001.MIS,pipe/001.MIS,pipe/001.MIS,190321AA.ZON,.dt,raw_gpr_trace,raw_trace,126444,d0e76c7e0830df807e90aad3199fc86c825f504aa61a1ceaa53f83950a709aa3,pipe/001.MIS/190321AA.ZON/LID10003.dt,external_assets/zenodo_gpr_14637589/extracted/Data Set/pipe/001.MIS/190321AA.ZON/LID10003.dt,<LOCAL_DATA_ROOT>\external_assets\zenodo_gpr_14637589\extracted\Data Set\pipe\001.MIS\190321AA.ZON\LID10003.dt,2026-08-11,False,public labelled or organized dataset; labels are visible before prediction freeze
zenodo_14637589,10.5281/zenodo.14637589,cc-by-4.0,zenodo_14637589_00008,pipe,pipe,0701,pipe/0701,pipe/0701,ASCII,.rd3,raw_gpr_trace,raw_trace,721500,aab54063a358c1b921c4867073d5e8bfcb67b7d8b66ea07e1a2c830bbce545df,pipe/0701/ASCII_707-01/ASCII/LA010001.RD3,external_assets/zenodo_gpr_14637589/extracted/Data Set/pipe/0701/ASCII_707-01/ASCII/LA010001.RD3,<LOCAL_DATA_ROOT>\external_assets\zenodo_gpr_14637589\extracted\Data Set\pipe\0701\ASCII_707-01\ASCII\LA010001.RD3,2026-08-11,False,public labelled or organized dataset; labels are visible before prediction freeze
zenodo_14637589,10.5281/zenodo.14637589,cc-by-4.0,zenodo_14637589_00009,pipe,pipe,0701,pipe/0701,pipe/0701,ASCII,.rd3,raw_gpr_trace,raw_trace,741988,d1e1a67e1bbf35991d8b898585bb19986437929913157691fd32d8315a804ea2,pipe/0701/ASCII_707-01/ASCII/LA010002.RD3,external_assets/zenodo_gpr_14637589/extracted/Data Set/pipe/0701/ASCII_707-01/ASCII/LA010002.RD3,<LOCAL_DATA_ROOT>\external_assets\zenodo_gpr_14637589\extracted\Data Set\pipe\0701\ASCII_707-01\ASCII\LA010002.RD3,2026-08-11,False,public labelled or organized dataset; labels are visible before prediction freeze
zenodo_14637589,10.5281/zenodo.14637589,cc-by-4.0,zenodo_14637589_00010,pipe,pipe,0701,pipe/0701,pipe/0701,ASCII,.rd3,raw_gpr_trace,raw_trace,742518,1f1726e27a7c5a8119650bea03e1bc75d0945dc0473aea1cf64a72304c3922e5,pipe/0701/ASCII_707-01/ASCII/LA010004.RD3,external_assets/zenodo_gpr_14637589/extracted/Data Set/pipe/0701/ASCII_707-01/ASCII/LA010004.RD3,<LOCAL_DATA_ROOT>\external_assets\zenodo_gpr_14637589\extracted\Data Set\pipe\0701\ASCII_707-01\ASCII\LA010004.RD3,2026-08-11,False,public labelled or organized dataset; labels are visible before prediction freeze
zenodo_14637589,10.5281/zenodo.14637589,cc-by-4.0,zenodo_14637589_00011,pipe,pipe,0701,pipe/0701,pipe/0701,ASCII,.rd3,raw_gpr_trace,raw_trace,736060,854076b4c791f5f48149a3579b5bcc431324263d3c9aa4759f59b831478f91ad,pipe/0701/ASCII_707-01/ASCII/LA010005.RD3,external_assets/zenodo_gpr_14637589/extracted/Data Set/pipe/0701/ASCII_707-01/ASCII/LA010005.RD3,<LOCAL_DATA_ROOT>\external_assets\zenodo_gpr_14637589\extracted\Data Set\pipe\0701\ASCII_707-01\ASCII\LA010005.RD3,2026-08-11,False,public labelled or organized dataset; labels are visible before prediction freeze
zenodo_14637589,10.5281/zenodo.14637589,cc-by-4.0,zenodo_14637589_00012,pipe,pipe,0701,pipe/0701,pipe/0701,ASCII,.rd3,raw_gpr_trace,raw_trace,736060,8f1f6603bd76ab220d4227675e8501c2ef1bc4c0b97e5148fbf8867ca20560cc,pipe/0701/ASCII_707-01/ASCII/LA010006.RD3,external_assets/zenodo_gpr_14637589/extracted/Data Set/pipe/0701/ASCII_707-01/ASCII/LA010006.RD3,<LOCAL_DATA_ROOT>\external_assets\zenodo_gpr_14637589\extracted\Data Set\pipe\0701\ASCII_707-01\ASCII\LA010006.RD3,2026-08-11,False,public labelled or organized dataset; labels are visible before prediction freeze
zenodo_14637589,10.5281/zenodo.14637589,cc-by-4.0,zenodo_14637589_00013,pipe,pipe,0701,pipe/0701,pipe/0701,ASCII,.rd3,raw_gpr_trace,raw_trace,741514,ec275069aac3101381105c48115dc078fddff116b852fab52cb3e4e668b13d22,pipe/0701/ASCII_707-01/ASCII/LA010007.RD3,external_assets/zenodo_gpr_14637589/extracted/Data Set/pipe/0701/ASCII_707-01/ASCII/LA010007.RD3,<LOCAL_DATA_ROOT>\external_assets\zenodo_gpr_14637589\extracted\Data Set\pipe\0701\ASCII_707-01\ASCII\LA010007.RD3,2026-08-11,False,public labelled or organized dataset; labels are visible before prediction freeze
zenodo_14637589,10.5281/zenodo.14637589,cc-by-4.0,zenodo_14637589_00014,pipe,pipe,0701,pipe/0701,pipe/0701,ASCII,.rd3,raw_gpr_trace,raw_trace,708920,24ab42c864c356c1ca6ff26017c4c1cd6622943acdbd1dd4a419a122fdcfff7d,pipe/0701/ASCII_707-01/ASCII/LA010008.RD3,external_assets/zenodo_gpr_14637589/extracted/Data Set/pipe/0701/ASCII_707-01/ASCII/LA010008.RD3,<LOCAL_DATA_ROOT>\external_assets\zenodo_gpr_14637589\extracted\Data Set\pipe\0701\ASCII_707-01\ASCII\LA010008.RD3,2026-08-11,False,public labelled or organized dataset; labels are visible before prediction freeze
zenodo_14637589,10.5281/zenodo.14637589,cc-by-4.0,zenodo_14637589_00015,pipe,pipe,0701,pipe/0701,pipe/0701,ASCII,.rd3,raw_gpr_trace,raw_trace,731112,89abe959503fdf0e8ed125d3a664050686e252431f26e71daf048097b558923a,pipe/0701/ASCII_707-01/ASCII/LA010009.RD3,external_assets/zenodo_gpr_14637589/extracted/Data Set/pipe/0701/ASCII_707-01/ASCII/LA010009.RD3,<LOCAL_DATA_ROOT>\external_assets\zenodo_gpr_14637589\extracted\Data Set\pipe\0701\ASCII_707-01\ASCII\LA010009.RD3,2026-08-11,False,public labelled or organized dataset; labels are visible before prediction freeze
zenodo_14637589,10.5281/zenodo.14637589,cc-by-4.0,zenodo_14637589_00016,pipe,pipe,0701,pipe/0701,pipe/0701,ASCII,.rd3,raw_gpr_trace,raw_trace,724140,3152351ab78301245b51b11b159e28a98fd08355b048389181a704d2017a49d4,pipe/0701/ASCII_707-01/ASCII/LA010010.RD3,external_assets/zenodo_gpr_14637589/extracted/Data Set/pipe/0701/ASCII_707-01/ASCII/LA010010.RD3,<LOCAL_DATA_ROOT>\external_assets\zenodo_gpr_14637589\extracted\Data Set\pipe\0701\ASCII_707-01\ASCII\LA010010.RD3,2026-08-11,False,public labelled or organized dataset; labels are visible before prediction freeze
zenodo_14637589,10.5281/zenodo.14637589,cc-by-4.0,zenodo_14637589_00017,pipe,pipe,0701,pipe/0701,pipe/0701,ASCII,.rd3,raw_gpr_trace,raw_trace,713804,784727144b9cf16347f83fc63c1e320e370257c312076452fc60e9b953c78f34,pipe/0701/ASCII_707-01/ASCII/LA010011.RD3,external_assets/zenodo_gpr_14637589/extracted/Data Set/pipe/0701/ASCII_707-01/ASCII/LA010011.RD3,<LOCAL_DATA_ROOT>\external_assets\zenodo_gpr_14637589\extracted\Data Set\pipe\0701\ASCII_707-01\ASCII\LA010011.RD3,2026-08-11,False,public labelled or organized dataset; labels are visible before prediction freeze
zenodo_14637589,10.5281/zenodo.14637589,cc-by-4.0,zenodo_14637589_00018,pipe,pipe,0701,pipe/0701,pipe/0701,ASCII,.rd3,raw_gpr_trace,raw_trace,714766,61b93a8aec0e0b917d30e320cb674769982c9bdf0fc54fc43821b97fa6ca44d6,pipe/0701/ASCII_707-01/ASCII/LA010012.RD3,external_assets/zenodo_gpr_14637589/extracted/Data Set/pipe/0701/ASCII_707-01/ASCII/LA010012.RD3,<LOCAL_DATA_ROOT>\external_assets\zenodo_gpr_14637589\extracted\Data Set\pipe\0701\ASCII_707-01\ASCII\LA010012.RD3,2026-08-11,False,public labelled or organized dataset; labels are visible before prediction freeze
zenodo_14637589,10.5281/zenodo.14637589,cc-by-4.0,zenodo_14637589_00019,pipe,pipe,0701,pipe/0701,pipe/0701,ASCII,.rd3,raw_gpr_trace,raw_trace,717652,ef631559544f30ce4f5473ebfc7e00b3b27789fa8ed68a1eb31cf2c7c1e1d897,pipe/0701/ASCII_707-01/ASCII/LA010013.RD3,external_assets/zenodo_gpr_14637589/extracted/Data Set/pipe/0701/ASCII_707-01/ASCII/LA010013.RD3,<LOCAL_DATA_ROOT>\external_assets\zenodo_gpr_14637589\extracted\Data Set\pipe\0701\ASCII_707-01\ASCII\LA010013.RD3,2026-08-11,False,public labelled or organized dataset; labels are visible before prediction freeze
zenodo_14637589,10.5281/zenodo.14637589,cc-by-4.0,zenodo_14637589_00020,pipe,pipe,0701,pipe/0701,pipe/0701,ASCII,.rd3,raw_gpr_trace,raw_trace,717652,72c264dc9d1e85412874406b9bb866c5665b648e20bda219d8ad36a749bd7894,pipe/0701/ASCII_707-01/ASCII/LA010014.RD3,external_assets/zenodo_gpr_14637589/extracted/Data Set/pipe/0701/ASCII_707-01/ASCII/LA010014.RD3,<LOCAL_DATA_ROOT>\external_assets\zenodo_gpr_14637589\extracted\Data Set\pipe\0701\ASCII_707-01\ASCII\LA010014.RD3,2026-08-11,False,public labelled or organized dataset; labels are visible before prediction freeze
zenodo_14637589,10.5281/zenodo.14637589,cc-by-4.0,zenodo_14637589_00021,pipe,pipe,0701,pipe/0701,pipe/0701,ASCII,.rd3,raw_gpr_trace,raw_trace,720538,1abac6021fb8ab594ee4363cabb9e059fe1e119fe77298280e2515b5971e7bab,pipe/0701/ASCII_707-01/ASCII/LA010015.RD3,external_assets/zenodo_gpr_14637589/extracted/Data Set/pipe/0701/ASCII_707-01/ASCII/LA010015.RD3,<LOCAL_DATA_ROOT>\external_assets\zenodo_gpr_14637589\extracted\Data Set\pipe\0701\ASCII_707-01\ASCII\LA010015.RD3,2026-08-11,False,public labelled or organized dataset; labels are visible before prediction freeze
zenodo_14637589,10.5281/zenodo.14637589,cc-by-4.0,zenodo_14637589_00022,pipe,pipe,0701,pipe/0701,pipe/0701,ASCII,.rd3,raw_gpr_trace,raw_trace,715728,300b575080faf5a484333f2bd0cfb44abe8bd2c447b1eb1456f2091e6772a83e,pipe/0701/ASCII_707-01/ASCII/LA010016.RD3,external_assets/zenodo_gpr_14637589/extracted/Data Set/pipe/0701/ASCII_707-01/ASCII/LA010016.RD3,<LOCAL_DATA_ROOT>\external_assets\zenodo_gpr_14637589\extracted\Data Set\pipe\0701\ASCII_707-01\ASCII\LA010016.RD3,2026-08-11,False,public labelled or organized dataset; labels are visible before prediction freeze
zenodo_14637589,10.5281/zenodo.14637589,cc-by-4.0,zenodo_14637589_00023,pipe,pipe,0701,pipe/0701,pipe/0701,ASCII,.rd3,raw_gpr_trace,raw_trace,722462,d00ace766272bf3536e4947c62d02aa1e362efec66f6dfdf664a9eee3c02b9c5,pipe/0701/ASCII_707-01/ASCII/LA010017.RD3,external_assets/zenodo_gpr_14637589/extracted/Data Set/pipe/0701/ASCII_707-01/ASCII/LA010017.RD3,<LOCAL_DATA_ROOT>\external_assets\zenodo_gpr_14637589\extracted\Data Set\pipe\0701\ASCII_707-01\ASCII\LA010017.RD3,2026-08-11,False,public labelled or organized dataset; labels are visible before prediction freeze
zenodo_14637589,10.5281/zenodo.14637589,cc-by-4.0,zenodo_14637589_00024,pipe,pipe,0701,pipe/0701,pipe/0701,ASCII,.rd3,raw_gpr_trace,raw_trace,719576,c814fd18e11132a04d981463e9d70f8d661a835aace4db52677775e6f0e1bc4d,pipe/0701/ASCII_707-01/ASCII/LA010018.RD3,external_assets/zenodo_gpr_14637589/extracted/Data Set/pipe/0701/ASCII_707-01/ASCII/LA010018.RD3,<LOCAL_DATA_ROOT>\external_assets\zenodo_gpr_14637589\extracted\Data Set\pipe\0701\ASCII_707-01\ASCII\LA010018.RD3,2026-08-11,False,public labelled or organized dataset; labels are visible before prediction freeze
zenodo_14637589,10.5281/zenodo.14637589,cc-by-4.0,zenodo_14637589_00025,pipe,pipe,0701,pipe/0701,pipe/0701,ASCII,.rd3,raw_gpr_trace,raw_trace,718614,45c77a23a0c2e984b9206dcb44d7c7867ffce2ad29767deb6eca86acc8822940,pipe/0701/ASCII_707-01/ASCII/LA010019.RD3,external_assets/zenodo_gpr_14637589/extracted/Data Set/pipe/0701/ASCII_707-01/ASCII/LA010019.RD3,<LOCAL_DATA_ROOT>\external_assets\zenodo_gpr_14637589\extracted\Data Set\pipe\0701\ASCII_707-01\ASCII\LA010019.RD3,2026-08-11,False,public labelled or organized dataset; labels are visible before prediction freeze
zenodo_14637589,10.5281/zenodo.14637589,cc-by-4.0,zenodo_14637589_00026,pipe,pipe,0701,pipe/0701,pipe/0701,ASCII,.rd3,raw_gpr_trace,raw_trace,716690,f43bda5558dc05055de1da153ac76e72b841432fd501b85a9d8560845eab2d82,pipe/0701/ASCII_707-01/ASCII/LA010020.RD3,external_assets/zenodo_gpr_14637589/extracted/Data Set/pipe/0701/ASCII_707-01/ASCII/LA010020.RD3,<LOCAL_DATA_ROOT>\external_assets\zenodo_gpr_14637589\extracted\Data Set\pipe\0701\ASCII_707-01\ASCII\LA010020.RD3,2026-08-11,False,public labelled or organized dataset; labels are visible before prediction freeze
zenodo_14637589,10.5281/zenodo.14637589,cc-by-4.0,zenodo_14637589_00027,pipe,pipe,0701,pipe/0701,pipe/0701,ASCII,.rd3,raw_gpr_trace,raw_trace,721500,e0de5b3651c6631e6efcda0990c7e4444a01655ca6366071bc5b93f814f7e29a,pipe/0701/ASCII_707-01/ASCII/LA020001.RD3,external_assets/zenodo_gpr_14637589/extracted/Data Set/pipe/0701/ASCII_707-01/ASCII/LA020001.RD3,<LOCAL_DATA_ROOT>\external_assets\zenodo_gpr_14637589\extracted\Data Set\pipe\0701\ASCII_707-01\ASCII\LA020001.RD3,2026-08-11,False,public labelled or organized dataset; labels are visible before prediction freeze
zenodo_14637589,10.5281/zenodo.14637589,cc-by-4.0,zenodo_14637589_00028,pipe,pipe,0701,pipe/0701,pipe/0701,ASCII,.rd3,raw_gpr_trace,raw_trace,722462,193c00fd9d4c9fbf3d97f35f72146b64f1f70cf5f163b386a4c78179f0ca64aa,pipe/0701/ASCII_707-01/ASCII/LA020002.RD3,external_assets/zenodo_gpr_14637589/extracted/Data Set/pipe/0701/ASCII_707-01/ASCII/LA020002.RD3,<LOCAL_DATA_ROOT>\external_assets\zenodo_gpr_14637589\extracted\Data Set\pipe\0701\ASCII_707-01\ASCII\LA020002.RD3,2026-08-11,False,public labelled or organized dataset; labels are visible before prediction freeze
zenodo_14637589,10.5281/zenodo.14637589,cc-by-4.0,zenodo_14637589_00029,pipe,pipe,0701,pipe/0701,pipe/0701,ASCII,.rd3,raw_gpr_trace,raw_trace,721500,f2f6edc10483a91bac66b1d047923ef66c6c6ebdd2b5f620f9942eb90e5eb3a0,pipe/0701/ASCII_707-01/ASCII/LA020003.RD3,external_assets/zenodo_gpr_14637589/extracted/Data Set/pipe/0701/ASCII_707-01/ASCII/LA020003.RD3,<LOCAL_DATA_ROOT>\external_assets\zenodo_gpr_14637589\extracted\Data Set\pipe\0701\ASCII_707-01\ASCII\LA020003.RD3,2026-08-11,False,public labelled or organized dataset; labels are visible before prediction freeze
zenodo_14637589,10.5281/zenodo.14637589,cc-by-4.0,zenodo_14637589_00030,pipe,pipe,0701,pipe/0701,pipe/0701,ASCII,.rd3,raw_gpr_trace,raw_trace,718614,c96f7cbca98f03103d615031bd74157a3c48e3da5cf4ed5348791f701d50f8ac,pipe/0701/ASCII_707-01/ASCII/LA020004.RD3,external_assets/zenodo_gpr_14637589/extracted/Data Set/pipe/0701/ASCII_707-01/ASCII/LA020004.RD3,<LOCAL_DATA_ROOT>\external_assets\zenodo_gpr_14637589\extracted\Data Set\pipe\0701\ASCII_707-01\ASCII\LA020004.RD3,2026-08-11,False,public labelled or organized dataset; labels are visible before prediction freeze
zenodo_14637589,10.5281/zenodo.14637589,cc-by-4.0,zenodo_14637589_00031,pipe,pipe,0701,pipe/0701,pipe/0701,ASCII,.rd3,raw_gpr_trace,raw_trace,724140,d67a8ad0a5f73641a2b33a5eaf566c77d11eaf22c6b22fe01ca475513cade126,pipe/0701/ASCII_707-01/ASCII/LA020005.RD3,external_assets/zenodo_gpr_14637589/extracted/Data Set/pipe/0701/ASCII_707-01/ASCII/LA020005.RD3,<LOCAL_DATA_ROOT>\external_assets\zenodo_gpr_14637589\extracted\Data Set\pipe\0701\ASCII_707-01\ASCII\LA020005.RD3,2026-08-11,False,public labelled or organized dataset; labels are visible before prediction freeze
zenodo_14637589,10.5281/zenodo.14637589,cc-by-4.0,zenodo_14637589_00032,pipe,pipe,0701,pipe/0701,pipe/0701,ASCII,.rd3,raw_gpr_trace,raw_trace,724140,a21d958bed750370781fc64292d8db4452aa4d3e9ae13225175b055d708bbd95,pipe/0701/ASCII_707-01/ASCII/LA020006.RD3,external_assets/zenodo_gpr_14637589/extracted/Data Set/pipe/0701/ASCII_707-01/ASCII/LA020006.RD3,<LOCAL_DATA_ROOT>\external_assets\zenodo_gpr_14637589\extracted\Data Set\pipe\0701\ASCII_707-01\ASCII\LA020006.RD3,2026-08-11,False,public labelled or organized dataset; labels are visible before prediction freeze
zenodo_14637589,10.5281/zenodo.14637589,cc-by-4.0,zenodo_14637589_00033,pipe,pipe,0701,pipe/0701,pipe/0701,ASCII,.rd3,raw_gpr_trace,raw_trace,719280,237179fcf7c0ab0597b7ead0dcb7b2c7d27a1ef10f3a99ee19879d9620798707,pipe/0701/ASCII_707-01/ASCII/LA020008.RD3,external_assets/zenodo_gpr_14637589/extracted/Data Set/pipe/0701/ASCII_707-01/ASCII/LA020008.RD3,<LOCAL_DATA_ROOT>\external_assets\zenodo_gpr_14637589\extracted\Data Set\pipe\0701\ASCII_707-01\ASCII\LA020008.RD3,2026-08-11,False,public labelled or organized dataset; labels are visible before prediction freeze
zenodo_14637589,10.5281/zenodo.14637589,cc-by-4.0,zenodo_14637589_00034,pipe,pipe,0701,pipe/0701,pipe/0701,ASCII,.rd3,raw_gpr_trace,raw_trace,722196,bc48b87141c1e1270bcd6c8bc8a18485571c9c51ab6b7d9d36f028aa97b58d2c,pipe/0701/ASCII_707-01/ASCII/LA020009.RD3,external_assets/zenodo_gpr_14637589/extracted/Data Set/pipe/0701/ASCII_707-01/ASCII/LA020009.RD3,<LOCAL_DATA_ROOT>\external_assets\zenodo_gpr_14637589\extracted\Data Set\pipe\0701\ASCII_707-01\ASCII\LA020009.RD3,2026-08-11,False,public labelled or organized dataset; labels are visible before prediction freeze
zenodo_14637589,10.5281/zenodo.14637589,cc-by-4.0,zenodo_14637589_00035,pipe,pipe,0701,pipe/0701,pipe/0701,ASCII,.rd3,raw_gpr_trace,raw_trace,724140,96cdc38849f78c8020b64f29fab50ad260792d9b0444735044df75f040020094,pipe/0701/ASCII_707-01/ASCII/LA020010.RD3,external_assets/zenodo_gpr_14637589/extracted/Data Set/pipe/0701/ASCII_707-01/ASCII/LA020010.RD3,<LOCAL_DATA_ROOT>\external_assets\zenodo_gpr_14637589\extracted\Data Set\pipe\0701\ASCII_707-01\ASCII\LA020010.RD3,2026-08-11,False,public labelled or organized dataset; labels are visible before prediction freeze
zenodo_14637589,10.5281/zenodo.14637589,cc-by-4.0,zenodo_14637589_00036,pipe,pipe,0701,pipe/0701,pipe/0701,ASCII,.rd3,raw_gpr_trace,raw_trace,721224,f9b1b706493211213642a6758205a077065a315d6a8a91432fad206474f3dac8,pipe/0701/ASCII_707-01/ASCII/LA020011.RD3,external_assets/zenodo_gpr_14637589/extracted/Data Set/pipe/0701/ASCII_707-01/ASCII/LA020011.RD3,<LOCAL_DATA_ROOT>\external_assets\zenodo_gpr_14637589\extracted\Data Set\pipe\0701\ASCII_707-01\ASCII\LA020011.RD3,2026-08-11,False,public labelled or organized dataset; labels are visible before prediction freeze
zenodo_14637589,10.5281/zenodo.14637589,cc-by-4.0,zenodo_14637589_00037,pipe,pipe,0701,pipe/0701,pipe/0701,ASCII,.rd3,raw_gpr_trace,raw_trace,722196,266116902794d641ffe084011efcecbeee04591f8e6e2296b522ce01d8194eb9,pipe/0701/ASCII_707-01/ASCII/LA020012.RD3,external_assets/zenodo_gpr_14637589/extracted/Data Set/pipe/0701/ASCII_707-01/ASCII/LA020012.RD3,<LOCAL_DATA_ROOT>\external_assets\zenodo_gpr_14637589\extracted\Data Set\pipe\0701\ASCII_707-01\ASCII\LA020012.RD3,2026-08-11,False,public labelled or organized dataset; labels are visible before prediction freeze
zenodo_14637589,10.5281/zenodo.14637589,cc-by-4.0,zenodo_14637589_00038,pipe,pipe,0701,pipe/0701,pipe/0701,ASCII,.rd3,raw_gpr_trace,raw_trace,725112,15c78ff5e2e20c0325bfb139f9746a5a48599ee10d8dab0c79209a63ef1b18fa,pipe/0701/ASCII_707-01/ASCII/LA020013.RD3,external_assets/zenodo_gpr_14637589/extracted/Data Set/pipe/0701/ASCII_707-01/ASCII/LA020013.RD3,<LOCAL_DATA_ROOT>\external_assets\zenodo_gpr_14637589\extracted\Data Set\pipe\0701\ASCII_707-01\ASCII\LA020013.RD3,2026-08-11,False,public labelled or organized dataset; labels are visible before prediction freeze
zenodo_14637589,10.5281/zenodo.14637589,cc-by-4.0,zenodo_14637589_00039,pipe,pipe,0701,pipe/0701,pipe/0701,ASCII,.rd3,raw_gpr_trace,raw_trace,725112,5bcb48081ef29ff648cb797ddc3e7d064fd681778d06734ce13a07653b5af661,pipe/0701/ASCII_707-01/ASCII/LA020014.RD3,external_assets/zenodo_gpr_14637589/extracted/Data Set/pipe/0701/ASCII_707-01/ASCII/LA020014.RD3,<LOCAL_DATA_ROOT>\external_assets\zenodo_gpr_14637589\extracted\Data Set\pipe\0701\ASCII_707-01\ASCII\LA020014.RD3,2026-08-11,False,public labelled or organized dataset; labels are visible before prediction freeze
zenodo_14637589,10.5281/zenodo.14637589,cc-by-4.0,zenodo_14637589_00040,pipe,pipe,0701,pipe/0701,pipe/0701,ASCII,.rd3,raw_gpr_trace,raw_trace,728028,bb3ffd437beaeb66e7aa52757e9384e96a37a62398b77a898272ecbfeffe7186,pipe/0701/ASCII_707-01/ASCII/LA020015.RD3,external_assets/zenodo_gpr_14637589/extracted/Data Set/pipe/0701/ASCII_707-01/ASCII/LA020015.RD3,<LOCAL_DATA_ROOT>\external_assets\zenodo_gpr_14637589\extracted\Data Set\pipe\0701\ASCII_707-01\ASCII\LA020015.RD3,2026-08-11,False,public labelled or organized dataset; labels are visible before prediction freeze
zenodo_14637589,10.5281/zenodo.14637589,cc-by-4.0,zenodo_14637589_00041,pipe,pipe,0701,pipe/0701,pipe/0701,ASCII,.rd3,raw_gpr_trace,raw_trace,723168,a42cc58869bd67b045d7af901a6f845b79d41e1370c4932999d7d973e54d6b46,pipe/0701/ASCII_707-01/ASCII/LA020016.RD3,external_assets/zenodo_gpr_14637589/extracted/Data Set/pipe/0701/ASCII_707-01/ASCII/LA020016.RD3,<LOCAL_DATA_ROOT>\external_assets\zenodo_gpr_14637589\extracted\Data Set\pipe\0701\ASCII_707-01\ASCII\LA020016.RD3,2026-08-11,False,public labelled or organized dataset; labels are visible before prediction freeze
zenodo_14637589,10.5281/zenodo.14637589,cc-by-4.0,zenodo_14637589_00042,pipe,pipe,0701,pipe/0701,pipe/0701,ASCII,.rd3,raw_gpr_trace,raw_trace,729972,3b104b826ebc47545def8c312403f232b3ec98d02457a2a99584ea9f5756d0c2,pipe/0701/ASCII_707-01/ASCII/LA020017.RD3,external_assets/zenodo_gpr_14637589/extracted/Data Set/pipe/0701/ASCII_707-01/ASCII/LA020017.RD3,<LOCAL_DATA_ROOT>\external_assets\zenodo_gpr_14637589\extracted\Data Set\pipe\0701\ASCII_707-01\ASCII\LA020017.RD3,2026-08-11,False,public labelled or organized dataset; labels are visible before prediction freeze
zenodo_14637589,10.5281/zenodo.14637589,cc-by-4.0,zenodo_14637589_00043,pipe,pipe,0701,pipe/0701,pipe/0701,ASCII,.rd3,raw_gpr_trace,raw_trace,727056,d11f9712cb2404f17f2294f998f045d7dbdbbcf2b3297955b2a6694f3afbc7a3,pipe/0701/ASCII_707-01/ASCII/LA020018.RD3,external_assets/zenodo_gpr_14637589/extracted/Data Set/pipe/0701/ASCII_707-01/ASCII/LA020018.RD3,<LOCAL_DATA_ROOT>\external_assets\zenodo_gpr_14637589\extracted\Data Set\pipe\0701\ASCII_707-01\ASCII\LA020018.RD3,2026-08-11,False,public labelled or organized dataset; labels are visible before prediction freeze
zenodo_14637589,10.5281/zenodo.14637589,cc-by-4.0,zenodo_14637589_00044,pipe,pipe,0701,pipe/0701,pipe/0701,ASCII,.rd3,raw_gpr_trace,raw_trace,726084,73b931e229ff93cbe4980a058d295cc72a36f9d808383ae06fc112c82a2aeac5,pipe/0701/ASCII_707-01/ASCII/LA020019.RD3,external_assets/zenodo_gpr_14637589/extracted/Data Set/pipe/0701/ASCII_707-01/ASCII/LA020019.RD3,<LOCAL_DATA_ROOT>\external_assets\zenodo_gpr_14637589\extracted\Data Set\pipe\0701\ASCII_707-01\ASCII\LA020019.RD3,2026-08-11,False,public labelled or organized dataset; labels are visible before prediction freeze
zenodo_14637589,10.5281/zenodo.14637589,cc-by-4.0,zenodo_14637589_00045,pipe,pipe,0701,pipe/0701,pipe/0701,ASCII,.rd3,raw_gpr_trace,raw_trace,724140,55c4ef62b9c284f441dd3902afcf568768afe7595b53eaa0a7dae01405e7103e,pipe/0701/ASCII_707-01/ASCII/LA020020.RD3,external_assets/zenodo_gpr_14637589/extracted/Data Set/pipe/0701/ASCII_707-01/ASCII/LA020020.RD3,<LOCAL_DATA_ROOT>\external_assets\zenodo_gpr_14637589\extracted\Data Set\pipe\0701\ASCII_707-01\ASCII\LA020020.RD3,2026-08-11,False,public labelled or organized dataset; labels are visible before prediction freeze
zenodo_14637589,10.5281/zenodo.14637589,cc-by-4.0,zenodo_14637589_00046,pipe,pipe,07011,pipe/07011,pipe/07011,ASCII,.rd3,raw_gpr_trace,raw_trace,212992,1f01731fa558e90095442921d77f1c6dcfd958b8ebd756e077218db7461cb8c2,pipe/07011/ASCII/LA010001.RD3,external_assets/zenodo_gpr_14637589/extracted/Data Set/pipe/07011/ASCII/LA010001.RD3,<LOCAL_DATA_ROOT>\external_assets\zenodo_gpr_14637589\extracted\Data Set\pipe\07011\ASCII\LA010001.RD3,2026-08-11,False,public labelled or organized dataset; labels are visible before prediction freeze
zenodo_14637589,10.5281/zenodo.14637589,cc-by-4.0,zenodo_14637589_00047,pipe,pipe,07011,pipe/07011,pipe/07011,ASCII,.rd3,raw_gpr_trace,raw_trace,204800,485ce34ab330dee45c82aeebae46507775c710864f5a556eaaa7d36988f3bb82,pipe/07011/ASCII/LA010002.RD3,external_assets/zenodo_gpr_14637589/extracted/Data Set/pipe/07011/ASCII/LA010002.RD3,<LOCAL_DATA_ROOT>\external_assets\zenodo_gpr_14637589\extracted\Data Set\pipe\07011\ASCII\LA010002.RD3,2026-08-11,False,public labelled or organized dataset; labels are visible before prediction freeze
zenodo_14637589,10.5281/zenodo.14637589,cc-by-4.0,zenodo_14637589_00048,pipe,pipe,07011,pipe/07011,pipe/07011,ASCII,.rd3,raw_gpr_trace,raw_trace,200704,3c28ae0fc5d0712638e57dc8c7c8b0207f22ec222335a5c411be66224eedf01a,pipe/07011/ASCII/LA010003.RD3,external_assets/zenodo_gpr_14637589/extracted/Data Set/pipe/07011/ASCII/LA010003.RD3,<LOCAL_DATA_ROOT>\external_assets\zenodo_gpr_14637589\extracted\Data Set\pipe\07011\ASCII\LA010003.RD3,2026-08-11,False,public labelled or organized dataset; labels are visible before prediction freeze
zenodo_14637589,10.5281/zenodo.14637589,cc-by-4.0,zenodo_14637589_00049,pipe,pipe,07011,pipe/07011,pipe/07011,ASCII,.rd3,raw_gpr_trace,raw_trace,196608,74d65bf7e3bf9f690cd77454ac452ae829fe9fe7c74704601d9c73644cf4af87,pipe/07011/ASCII/LA010004.RD3,external_assets/zenodo_gpr_14637589/extracted/Data Set/pipe/07011/ASCII/LA010004.RD3,<LOCAL_DATA_ROOT>\external_assets\zenodo_gpr_14637589\extracted\Data Set\pipe\07011\ASCII\LA010004.RD3,2026-08-11,False,public labelled or organized dataset; labels are visible before prediction freeze
zenodo_14637589,10.5281/zenodo.14637589,cc-by-4.0,zenodo_14637589_00050,pipe,pipe,07011,pipe/07011,pipe/07011,ASCII,.rd3,raw_gpr_trace,raw_trace,187392,26e297b40cba1b7af1d36bbbb41c7bffb15f6c081f1644b9c4259f89210ff853,pipe/07011/ASCII/LA010005.RD3,external_assets/zenodo_gpr_14637589/extracted/Data Set/pipe/07011/ASCII/LA010005.RD3,<LOCAL_DATA_ROOT>\external_assets\zenodo_gpr_14637589\extracted\Data Set\pipe\07011\ASCII\LA010005.RD3,2026-08-11,False,public labelled or organized dataset; labels are visible before prediction freeze
zenodo_14637589,10.5281/zenodo.14637589,cc-by-4.0,zenodo_14637589_00051,pipe,pipe,07011,pipe/07011,pipe/07011,ASCII,.rd3,raw_gpr_trace,raw_trace,187392,cab012b8f0c150dd4b249e61119105ac4b25550014e2db547547c91443d7db4a,pipe/07011/ASCII/LA010006.RD3,external_assets/zenodo_gpr_14637589/extracted/Data Set/pipe/07011/ASCII/LA010006.RD3,<LOCAL_DATA_ROOT>\external_assets\zenodo_gpr_14637589\extracted\Data Set\pipe\07011\ASCII\LA010006.RD3,2026-08-11,False,public labelled or organized dataset; labels are visible before prediction freeze
zenodo_14637589,10.5281/zenodo.14637589,cc-by-4.0,zenodo_14637589_00052,pipe,pipe,07011,pipe/07011,pipe/07011,ASCII,.rd3,raw_gpr_trace,raw_trace,202752,1edb366d4d5ee6d5e0d9b416fec262651531ea17379c785fb4d940e8862b85cc,pipe/07011/ASCII/LA010007.RD3,external_assets/zenodo_gpr_14637589/extracted/Data Set/pipe/07011/ASCII/LA010007.RD3,<LOCAL_DATA_ROOT>\external_assets\zenodo_gpr_14637589\extracted\Data Set\pipe\07011\ASCII\LA010007.RD3,2026-08-11,False,public labelled or organized dataset; labels are visible before prediction freeze
zenodo_14637589,10.5281/zenodo.14637589,cc-by-4.0,zenodo_14637589_00053,pipe,pipe,07011,pipe/07011,pipe/07011,ASCII,.rd3,raw_gpr_trace,raw_trace,183296,bad013419801bc11d1d58a92b6c13bddaf838d98a826965373f453fec8bc60a9,pipe/07011/ASCII/LA010008.RD3,external_assets/zenodo_gpr_14637589/extracted/Data Set/pipe/07011/ASCII/LA010008.RD3,<LOCAL_DATA_ROOT>\external_assets\zenodo_gpr_14637589\extracted\Data Set\pipe\07011\ASCII\LA010008.RD3,2026-08-11,False,public labelled or organized dataset; labels are visible before prediction freeze
zenodo_14637589,10.5281/zenodo.14637589,cc-by-4.0,zenodo_14637589_00054,pipe,pipe,0704,pipe/0704,pipe/0704,0704,.rd3,raw_gpr_trace,raw_trace,248776,c4406f1d585c5be19ed5be22dfb7872b54e51ac4ac5fffb50d1ced1b1750d40c,pipe/0704/LA010001.RD3,external_assets/zenodo_gpr_14637589/extracted/Data Set/pipe/0704/LA010001.RD3,<LOCAL_DATA_ROOT>\external_assets\zenodo_gpr_14637589\extracted\Data Set\pipe\0704\LA010001.RD3,2026-08-11,False,public labelled or organized dataset; labels are visible before prediction freeze
zenodo_14637589,10.5281/zenodo.14637589,cc-by-4.0,zenodo_14637589_00055,pipe,pipe,0704,pipe/0704,pipe/0704,0704,.rd3,raw_gpr_trace,raw_trace,371712,f493e4a748cf2fc4ac0eeba241479eaa157e3e90a694079320e50296ec2ecbc2,pipe/0704/LA010002.RD3,external_assets/zenodo_gpr_14637589/extracted/Data Set/pipe/0704/LA010002.RD3,<LOCAL_DATA_ROOT>\external_assets\zenodo_gpr_14637589\extracted\Data Set\pipe\0704\LA010002.RD3,2026-08-11,False,public labelled or organized dataset; labels are visible before prediction freeze
zenodo_14637589,10.5281/zenodo.14637589,cc-by-4.0,zenodo_14637589_00056,pipe,pipe,0704,pipe/0704,pipe/0704,0704,.rd3,raw_gpr_trace,raw_trace,370744,1129952e660c1a02d7d15930009822595cfa3f2e6babb9d13fe3ecb3fdf47319,pipe/0704/LA010003.RD3,external_assets/zenodo_gpr_14637589/extracted/Data Set/pipe/0704/LA010003.RD3,<LOCAL_DATA_ROOT>\external_assets\zenodo_gpr_14637589\extracted\Data Set\pipe\0704\LA010003.RD3,2026-08-11,False,public labelled or organized dataset; labels are visible before prediction freeze
zenodo_14637589,10.5281/zenodo.14637589,cc-by-4.0,zenodo_14637589_00057,pipe,pipe,0704,pipe/0704,pipe/0704,0704,.rd3,raw_gpr_trace,raw_trace,370744,81db07d8f949963c6e5a623fdde45d1366cac236fda60027797f58a7cf205736,pipe/0704/LA010004.RD3,external_assets/zenodo_gpr_14637589/extracted/Data Set/pipe/0704/LA010004.RD3,<LOCAL_DATA_ROOT>\external_assets\zenodo_gpr_14637589\extracted\Data Set\pipe\0704\LA010004.RD3,2026-08-11,False,public labelled or organized dataset; labels are visible before prediction freeze
zenodo_14637589,10.5281/zenodo.14637589,cc-by-4.0,zenodo_14637589_00058,pipe,pipe,0704,pipe/0704,pipe/0704,0704,.rd3,raw_gpr_trace,raw_trace,366872,e7b8402630bf903b2d242c276c09d27ae458b08ed59aa5b35997ca32160ef595,pipe/0704/LA010005.RD3,external_assets/zenodo_gpr_14637589/extracted/Data Set/pipe/0704/LA010005.RD3,<LOCAL_DATA_ROOT>\external_assets\zenodo_gpr_14637589\extracted\Data Set\pipe\0704\LA010005.RD3,2026-08-11,False,public labelled or organized dataset; labels are visible before prediction freeze
zenodo_14637589,10.5281/zenodo.14637589,cc-by-4.0,zenodo_14637589_00059,pipe,pipe,0704,pipe/0704,pipe/0704,0704,.rd3,raw_gpr_trace,raw_trace,368808,44009d52b296edbfed1d50447a1d98d72f517b68fbc6552b4c69bf40623e9645,pipe/0704/LA010006.RD3,external_assets/zenodo_gpr_14637589/extracted/Data Set/pipe/0704/LA010006.RD3,<LOCAL_DATA_ROOT>\external_assets\zenodo_gpr_14637589\extracted\Data Set\pipe\0704\LA010006.RD3,2026-08-11,False,public labelled or organized dataset; labels are visible before prediction freeze
zenodo_14637589,10.5281/zenodo.14637589,cc-by-4.0,zenodo_14637589_00060,pipe,pipe,0704,pipe/0704,pipe/0704,0704,.rd3,raw_gpr_trace,raw_trace,366872,27794dea0dc08d286cd9a30b1fe71910a2a3c6877ceb80fef1904b4a6b7aac55,pipe/0704/LA010007.RD3,external_assets/zenodo_gpr_14637589/extracted/Data Set/pipe/0704/LA010007.RD3,<LOCAL_DATA_ROOT>\external_assets\zenodo_gpr_14637589\extracted\Data Set\pipe\0704\LA010007.RD3,2026-08-11,False,public labelled or organized dataset; labels are visible before prediction freeze
zenodo_14637589,10.5281/zenodo.14637589,cc-by-4.0,zenodo_14637589_00061,pipe,pipe,0704,pipe/0704,pipe/0704,0704,.rd3,raw_gpr_trace,raw_trace,367840,750ee47396c946388c7e8b9c191d5cb51085b19a5a06becb9d94a2409bddfdde,pipe/0704/LA010008.RD3,external_assets/zenodo_gpr_14637589/extracted/Data Set/pipe/0704/LA010008.RD3,<LOCAL_DATA_ROOT>\external_assets\zenodo_gpr_14637589\extracted\Data Set\pipe\0704\LA010008.RD3,2026-08-11,False,public labelled or organized dataset; labels are visible before prediction freeze
zenodo_14637589,10.5281/zenodo.14637589,cc-by-4.0,zenodo_14637589_00062,pipe,pipe,0704,pipe/0704,pipe/0704,0704,.rd3,raw_gpr_trace,raw_trace,235224,832457818c4b7766f97f208628c32bae07df6d5932c5297fc0bf2e9ad25747f0,pipe/0704/LA010009.RD3,external_assets/zenodo_gpr_14637589/extracted/Data Set/pipe/0704/LA010009.RD3,<LOCAL_DATA_ROOT>\external_assets\zenodo_gpr_14637589\extracted\Data Set\pipe\0704\LA010009.RD3,2026-08-11,False,public labelled or organized dataset; labels are visible before prediction freeze
zenodo_14637589,10.5281/zenodo.14637589,cc-by-4.0,zenodo_14637589_00063,pipe,pipe,0704,pipe/0704,pipe/0704,0704,.rd3,raw_gpr_trace,raw_trace,216832,9f14c1001c91e4ec334fd2f48c69686cb721ee377674bb60ca78f812ff3a1567,pipe/0704/LA010010.RD3,external_assets/zenodo_gpr_14637589/extracted/Data Set/pipe/0704/LA010010.RD3,<LOCAL_DATA_ROOT>\external_assets\zenodo_gpr_14637589\extracted\Data Set\pipe\0704\LA010010.RD3,2026-08-11,False,public labelled or organized dataset; labels are visible before prediction freeze
zenodo_14637589,10.5281/zenodo.14637589,cc-by-4.0,zenodo_14637589_00064,pipe,pipe,0704,pipe/0704,pipe/0704,0704,.rd3,raw_gpr_trace,raw_trace,249804,1ff5184c412eac5ecd434821dbdfda7cfb2747381ac79357e5d8427a1efb1b8e,pipe/0704/LA020001.RD3,external_assets/zenodo_gpr_14637589/extracted/Data Set/pipe/0704/LA020001.RD3,<LOCAL_DATA_ROOT>\external_assets\zenodo_gpr_14637589\extracted\Data Set\pipe\0704\LA020001.RD3,2026-08-11,False,public labelled or organized dataset; labels are visible before prediction freeze
zenodo_14637589,10.5281/zenodo.14637589,cc-by-4.0,zenodo_14637589_00065,pipe,pipe,0704,pipe/0704,pipe/0704,0704,.rd3,raw_gpr_trace,raw_trace,373248,12d8ade36e162f28ae3a42334d94bc45d6b9f62e3e0209ef583c37110b9e6d4f,pipe/0704/LA020002.RD3,external_assets/zenodo_gpr_14637589/extracted/Data Set/pipe/0704/LA020002.RD3,<LOCAL_DATA_ROOT>\external_assets\zenodo_gpr_14637589\extracted\Data Set\pipe\0704\LA020002.RD3,2026-08-11,False,public labelled or organized dataset; labels are visible before prediction freeze
zenodo_14637589,10.5281/zenodo.14637589,cc-by-4.0,zenodo_14637589_00066,pipe,pipe,0704,pipe/0704,pipe/0704,0704,.rd3,raw_gpr_trace,raw_trace,372276,dfe937ca4797a5155a5b62a779457ddde0a8ef345ee9ab918167c71603085aca,pipe/0704/LA020003.RD3,external_assets/zenodo_gpr_14637589/extracted/Data Set/pipe/0704/LA020003.RD3,<LOCAL_DATA_ROOT>\external_assets\zenodo_gpr_14637589\extracted\Data Set\pipe\0704\LA020003.RD3,2026-08-11,False,public labelled or organized dataset; labels are visible before prediction freeze
zenodo_14637589,10.5281/zenodo.14637589,cc-by-4.0,zenodo_14637589_00067,pipe,pipe,0704,pipe/0704,pipe/0704,0704,.rd3,raw_gpr_trace,raw_trace,368388,1fe2c749d039b03668188ee24b20344aceb2533d5aa704f66dabc16db3b778e0,pipe/0704/LA020007.RD3,external_assets/zenodo_gpr_14637589/extracted/Data Set/pipe/0704/LA020007.RD3,<LOCAL_DATA_ROOT>\external_assets\zenodo_gpr_14637589\extracted\Data Set\pipe\0704\LA020007.RD3,2026-08-11,False,public labelled or organized dataset; labels are visible before prediction freeze
zenodo_14637589,10.5281/zenodo.14637589,cc-by-4.0,zenodo_14637589_00068,pipe,pipe,0704,pipe/0704,pipe/0704,0704,.rd3,raw_gpr_trace,raw_trace,217728,27a8787485045813e65d32446eba76a145cdfa7b9bd5583aa843b19650a3a3b7,pipe/0704/LA020010.RD3,external_assets/zenodo_gpr_14637589/extracted/Data Set/pipe/0704/LA020010.RD3,<LOCAL_DATA_ROOT>\external_assets\zenodo_gpr_14637589\extracted\Data Set\pipe\0704\LA020010.RD3,2026-08-11,False,public labelled or organized dataset; labels are visible before prediction freeze
zenodo_14637589,10.5281/zenodo.14637589,cc-by-4.0,zenodo_14637589_00069,pipe,pipe,0707,pipe/0707,pipe/0707,0707,.rd3,raw_gpr_trace,raw_trace,214896,0bf861aeaafc966836fc37a4f85879d9af4ed809a2b0c927a5043c20e1651c42,pipe/0707/LA010001.RD3,external_assets/zenodo_gpr_14637589/extracted/Data Set/pipe/0707/LA010001.RD3,<LOCAL_DATA_ROOT>\external_assets\zenodo_gpr_14637589\extracted\Data Set\pipe\0707\LA010001.RD3,2026-08-11,False,public labelled or organized dataset; labels are visible before prediction freeze
zenodo_14637589,10.5281/zenodo.14637589,cc-by-4.0,zenodo_14637589_00070,pipe,pipe,0707,pipe/0707,pipe/0707,0707,.rd3,raw_gpr_trace,raw_trace,213928,e331dbaf78c42868d5968cfaca058a976eea417c760e7049427d4ce1f133c966,pipe/0707/LA010002.RD3,external_assets/zenodo_gpr_14637589/extracted/Data Set/pipe/0707/LA010002.RD3,<LOCAL_DATA_ROOT>\external_assets\zenodo_gpr_14637589\extracted\Data Set\pipe\0707\LA010002.RD3,2026-08-11,False,public labelled or organized dataset; labels are visible before prediction freeze
zenodo_14637589,10.5281/zenodo.14637589,cc-by-4.0,zenodo_14637589_00071,pipe,pipe,0707,pipe/0707,pipe/0707,0707,.rd3,raw_gpr_trace,raw_trace,216832,82c1607f55a5e02d3cc677814b0871d2d34f396887c631148d5ccd95b3410627,pipe/0707/LA010003.RD3,external_assets/zenodo_gpr_14637589/extracted/Data Set/pipe/0707/LA010003.RD3,<LOCAL_DATA_ROOT>\external_assets\zenodo_gpr_14637589\extracted\Data Set\pipe\0707\LA010003.RD3,2026-08-11,False,public labelled or organized dataset; labels are visible before prediction freeze
zenodo_14637589,10.5281/zenodo.14637589,cc-by-4.0,zenodo_14637589_00072,pipe,pipe,0707,pipe/0707,pipe/0707,0707,.rd3,raw_gpr_trace,raw_trace,213928,3f6d2278ea94e817e65481a610370549d68b2a6321ddfd5bffc9df1d81052ea5,pipe/0707/LA010004.RD3,external_assets/zenodo_gpr_14637589/extracted/Data Set/pipe/0707/LA010004.RD3,<LOCAL_DATA_ROOT>\external_assets\zenodo_gpr_14637589\extracted\Data Set\pipe\0707\LA010004.RD3,2026-08-11,False,public labelled or organized dataset; labels are visible before prediction freeze
zenodo_14637589,10.5281/zenodo.14637589,cc-by-4.0,zenodo_14637589_00073,pipe,pipe,0707,pipe/0707,pipe/0707,0707,.rd3,raw_gpr_trace,raw_trace,215864,9f6a976beb27c41e24f1737c5f285c7827a8ef7e5868b9b3c8b7d09a15643fab,pipe/0707/LA010005.RD3,external_assets/zenodo_gpr_14637589/extracted/Data Set/pipe/0707/LA010005.RD3,<LOCAL_DATA_ROOT>\external_assets\zenodo_gpr_14637589\extracted\Data Set\pipe\0707\LA010005.RD3,2026-08-11,False,public labelled or organized dataset; labels are visible before prediction freeze
zenodo_14637589,10.5281/zenodo.14637589,cc-by-4.0,zenodo_14637589_00074,pipe,pipe,0801,pipe/0801,pipe/0801,0801,.rd3,raw_gpr_trace,raw_trace,779240,59496368900fe03ed25d78a3676289e3eb529578da1156752b846095df8be8de,pipe/0801/LA010003.RD3,external_assets/zenodo_gpr_14637589/extracted/Data Set/pipe/0801/LA010003.RD3,<LOCAL_DATA_ROOT>\external_assets\zenodo_gpr_14637589\extracted\Data Set\pipe\0801\LA010003.RD3,2026-08-11,False,public labelled or organized dataset; labels are visible before prediction freeze
zenodo_14637589,10.5281/zenodo.14637589,cc-by-4.0,zenodo_14637589_00075,pipe,pipe,0806,pipe/0806,pipe/0806,0806,.rd3,raw_gpr_trace,raw_trace,1655808,3ab0799694ad21fc0ee7cb29a0aa404debe9298037f325121aa50d6c2fce3cc1,pipe/0806/LA010002.RD3,external_assets/zenodo_gpr_14637589/extracted/Data Set/pipe/0806/LA010002.RD3,<LOCAL_DATA_ROOT>\external_assets\zenodo_gpr_14637589\extracted\Data Set\pipe\0806\LA010002.RD3,2026-08-11,False,public labelled or organized dataset; labels are visible before prediction freeze
zenodo_14637589,10.5281/zenodo.14637589,cc-by-4.0,zenodo_14637589_00076,pipe,pipe,0806,pipe/0806,pipe/0806,0806,.rd3,raw_gpr_trace,raw_trace,1075032,0595811066ff92a6a28735e65d4897b112e861405fb5465f9e933a731b67ac61,pipe/0806/LA010003.RD3,external_assets/zenodo_gpr_14637589/extracted/Data Set/pipe/0806/LA010003.RD3,<LOCAL_DATA_ROOT>\external_assets\zenodo_gpr_14637589\extracted\Data Set\pipe\0806\LA010003.RD3,2026-08-11,False,public labelled or organized dataset; labels are visible before prediction freeze
zenodo_14637589,10.5281/zenodo.14637589,cc-by-4.0,zenodo_14637589_00077,pipe,pipe,0806,pipe/0806,pipe/0806,0806,.rd3,raw_gpr_trace,raw_trace,923648,18b3ed9c3ec1d3d5e33c7fc8d83ecdc5dfb40dd7bb2e3c63f52259809715606e,pipe/0806/LA010007.RD3,external_assets/zenodo_gpr_14637589/extracted/Data Set/pipe/0806/LA010007.RD3,<LOCAL_DATA_ROOT>\external_assets\zenodo_gpr_14637589\extracted\Data Set\pipe\0806\LA010007.RD3,2026-08-11,False,public labelled or organized dataset; labels are visible before prediction freeze
zenodo_14637589,10.5281/zenodo.14637589,cc-by-4.0,zenodo_14637589_00078,pipe,pipe,0806,pipe/0806,pipe/0806,0806,.rd3,raw_gpr_trace,raw_trace,952320,7ad9a7149aafddf5d67feae2272a6b192868be11adfa02608c693e55b3bf0041,pipe/0806/LA010008.RD3,external_assets/zenodo_gpr_14637589/extracted/Data Set/pipe/0806/LA010008.RD3,<LOCAL_DATA_ROOT>\external_assets\zenodo_gpr_14637589\extracted\Data Set\pipe\0806\LA010008.RD3,2026-08-11,False,public labelled or organized dataset; labels are visible before prediction freeze
zenodo_14637589,10.5281/zenodo.14637589,cc-by-4.0,zenodo_14637589_00079,pipe,pipe,0806,pipe/0806,pipe/0806,0806,.rd3,raw_gpr_trace,raw_trace,2145280,bda9208baeb39b70d6f47ee97a2640e34999ca8bb1514db0fb83efb66209410b,pipe/0806/LA010020.RD3,external_assets/zenodo_gpr_14637589/extracted/Data Set/pipe/0806/LA010020.RD3,<LOCAL_DATA_ROOT>\external_assets\zenodo_gpr_14637589\extracted\Data Set\pipe\0806\LA010020.RD3,2026-08-11,False,public labelled or organized dataset; labels are visible before prediction freeze
zenodo_14637589,10.5281/zenodo.14637589,cc-by-4.0,zenodo_14637589_00080,pipe,pipe,0806,pipe/0806,pipe/0806,0806,.rd3,raw_gpr_trace,raw_trace,923648,6945d18c4d3865cc3a7a3a5689e8791a11f40104d01b2afe33fa0686d811179a,pipe/0806/LA020007.RD3,external_assets/zenodo_gpr_14637589/extracted/Data Set/pipe/0806/LA020007.RD3,<LOCAL_DATA_ROOT>\external_assets\zenodo_gpr_14637589\extracted\Data Set\pipe\0806\LA020007.RD3,2026-08-11,False,public labelled or organized dataset; labels are visible before prediction freeze
zenodo_14637589,10.5281/zenodo.14637589,cc-by-4.0,zenodo_14637589_00081,pipe,pipe,0806,pipe/0806,pipe/0806,0806,.rd3,raw_gpr_trace,raw_trace,952320,7dec64edd6d84f7758235afe5ae862b9f88dcacda95e3e692a343550aefe8125,pipe/0806/LA020008.RD3,external_assets/zenodo_gpr_14637589/extracted/Data Set/pipe/0806/LA020008.RD3,<LOCAL_DATA_ROOT>\external_assets\zenodo_gpr_14637589\extracted\Data Set\pipe\0806\LA020008.RD3,2026-08-11,False,public labelled or organized dataset; labels are visible before prediction freeze
zenodo_14637589,10.5281/zenodo.14637589,cc-by-4.0,zenodo_14637589_00082,pipe,pipe,0806,pipe/0806,pipe/0806,0806,.rd3,raw_gpr_trace,raw_trace,2034396,78c1ada4c7bac56e8efe35ead53b87e7ff53b69f247618c3d900c886439ce001,pipe/0806/LA020018.RD3,external_assets/zenodo_gpr_14637589/extracted/Data Set/pipe/0806/LA020018.RD3,<LOCAL_DATA_ROOT>\external_assets\zenodo_gpr_14637589\extracted\Data Set\pipe\0806\LA020018.RD3,2026-08-11,False,public labelled or organized dataset; labels are visible before prediction freeze
zenodo_14637589,10.5281/zenodo.14637589,cc-by-4.0,zenodo_14637589_00083,pipe,pipe,1.15.MIS,pipe/1.15.MIS,pipe/1.15.MIS,200115AA.ZON,.dt,raw_gpr_trace,raw_trace,7119928,f794490efebf2f6f7665ce9e467772eb94075410f46fe4762270a2b8135e3a53,pipe/1.15.MIS/200115AA.ZON/LID10001.dt,external_assets/zenodo_gpr_14637589/extracted/Data Set/pipe/1.15.MIS/200115AA.ZON/LID10001.dt,<LOCAL_DATA_ROOT>\external_assets\zenodo_gpr_14637589\extracted\Data Set\pipe\1.15.MIS\200115AA.ZON\LID10001.dt,2026-08-11,False,public labelled or organized dataset; labels are visible before prediction freeze
zenodo_14637589,10.5281/zenodo.14637589,cc-by-4.0,zenodo_14637589_00084,pipe,pipe,1.15.MIS,pipe/1.15.MIS,pipe/1.15.MIS,200115AA.ZON,.dt,raw_gpr_trace,raw_trace,6485652,c5a2f81e66a2b93e711a3f2ab10ad13f64df13221171da89bd1e14d539fc1e69,pipe/1.15.MIS/200115AA.ZON/LID10002.dt,external_assets/zenodo_gpr_14637589/extracted/Data Set/pipe/1.15.MIS/200115AA.ZON/LID10002.dt,<LOCAL_DATA_ROOT>\external_assets\zenodo_gpr_14637589\extracted\Data Set\pipe\1.15.MIS\200115AA.ZON\LID10002.dt,2026-08-11,False,public labelled or organized dataset; labels are visible before prediction freeze
zenodo_14637589,10.5281/zenodo.14637589,cc-by-4.0,zenodo_14637589_00085,pipe,pipe,1.15.MIS,pipe/1.15.MIS,pipe/1.15.MIS,200115AA.ZON,.dt,raw_gpr_trace,raw_trace,6257436,61c2cf27a31c86290b5c45ae5ff9880b8e991120bef53765d23f964df3f7ee13,pipe/1.15.MIS/200115AA.ZON/LID10003.dt,external_assets/zenodo_gpr_14637589/extracted/Data Set/pipe/1.15.MIS/200115AA.ZON/LID10003.dt,<LOCAL_DATA_ROOT>\external_assets\zenodo_gpr_14637589\extracted\Data Set\pipe\1.15.MIS\200115AA.ZON\LID10003.dt,2026-08-11,False,public labelled or organized dataset; labels are visible before prediction freeze
zenodo_14637589,10.5281/zenodo.14637589,cc-by-4.0,zenodo_14637589_00086,pipe,pipe,1.15.MIS,pipe/1.15.MIS,pipe/1.15.MIS,200115AB.ZON,.dt,raw_gpr_trace,raw_trace,6089872,e78fdb315d095106d2601d62de9a31443a8926600d718d3eeef06b885b8dae39,pipe/1.15.MIS/200115AB.ZON/LID10001.dt,external_assets/zenodo_gpr_14637589/extracted/Data Set/pipe/1.15.MIS/200115AB.ZON/LID10001.dt,<LOCAL_DATA_ROOT>\external_assets\zenodo_gpr_14637589\extracted\Data Set\pipe\1.15.MIS\200115AB.ZON\LID10001.dt,2026-08-11,False,public labelled or organized dataset; labels are visible before prediction freeze
zenodo_14637589,10.5281/zenodo.14637589,cc-by-4.0,zenodo_14637589_00087,pipe,pipe,1.15.MIS,pipe/1.15.MIS,pipe/1.15.MIS,200115AB.ZON,.dt,raw_gpr_trace,raw_trace,7029464,bf1b5144bfbf9612b0fa7bca2bb838157c503d96c4fa13fdff1475eaef04c8bd,pipe/1.15.MIS/200115AB.ZON/LID10002.dt,external_assets/zenodo_gpr_14637589/extracted/Data Set/pipe/1.15.MIS/200115AB.ZON/LID10002.dt,<LOCAL_DATA_ROOT>\external_assets\zenodo_gpr_14637589\extracted\Data Set\pipe\1.15.MIS\200115AB.ZON\LID10002.dt,2026-08-11,False,public labelled or organized dataset; labels are visible before prediction freeze
zenodo_14637589,10.5281/zenodo.14637589,cc-by-4.0,zenodo_14637589_00088,pipe,pipe,1.15.MIS,pipe/1.15.MIS,pipe/1.15.MIS,200115AC.ZON,.dt,raw_gpr_trace,raw_trace,7530100,3674954587cd87533c7a94d25b45044ba432fd40710747e285ce22ddf046f76b,pipe/1.15.MIS/200115AC.ZON/LID10001.dt,external_assets/zenodo_gpr_14637589/extracted/Data Set/pipe/1.15.MIS/200115AC.ZON/LID10001.dt,<LOCAL_DATA_ROOT>\external_assets\zenodo_gpr_14637589\extracted\Data Set\pipe\1.15.MIS\200115AC.ZON\LID10001.dt,2026-08-11,False,public labelled or organized dataset; labels are visible before prediction freeze
zenodo_14637589,10.5281/zenodo.14637589,cc-by-4.0,zenodo_14637589_00089,pipe,pipe,1.15.MIS,pipe/1.15.MIS,pipe/1.15.MIS,200115AC.ZON,.dt,raw_gpr_trace,raw_trace,7400572,97f54ff8dd21c00e0f613187c267b71027018ab119bc11c653124cffe0322610,pipe/1.15.MIS/200115AC.ZON/LID10002.dt,external_assets/zenodo_gpr_14637589/extracted/Data Set/pipe/1.15.MIS/200115AC.ZON/LID10002.dt,<LOCAL_DATA_ROOT>\external_assets\zenodo_gpr_14637589\extracted\Data Set\pipe\1.15.MIS\200115AC.ZON\LID10002.dt,2026-08-11,False,public labelled or organized dataset; labels are visible before prediction freeze
zenodo_14637589,10.5281/zenodo.14637589,cc-by-4.0,zenodo_14637589_00090,pipe,pipe,1.15.MIS,pipe/1.15.MIS,pipe/1.15.MIS,200115AC.ZON,.dt,raw_gpr_trace,raw_trace,6686112,ba0f1f1d8c22a0ce1aa3dcb7ccdb6bc8a404a98efa30ae6977e28f9f752ba2b8,pipe/1.15.MIS/200115AC.ZON/LID10003.dt,external_assets/zenodo_gpr_14637589/extracted/Data Set/pipe/1.15.MIS/200115AC.ZON/LID10003.dt,<LOCAL_DATA_ROOT>\external_assets\zenodo_gpr_14637589\extracted\Data Set\pipe\1.15.MIS\200115AC.ZON\LID10003.dt,2026-08-11,False,public labelled or organized dataset; labels are visible before prediction freeze
zenodo_14637589,10.5281/zenodo.14637589,cc-by-4.0,zenodo_14637589_00091,pipe,pipe,1.15.MIS,pipe/1.15.MIS,pipe/1.15.MIS,200115AD.ZON,.dt,raw_gpr_trace,raw_trace,7739812,0c1b6ac10943912a02362cc2c492adf45f5cb16a990193d984687a9b8de75248,pipe/1.15.MIS/200115AD.ZON/LID10001.dt,external_assets/zenodo_gpr_14637589/extracted/Data Set/pipe/1.15.MIS/200115AD.ZON/LID10001.dt,<LOCAL_DATA_ROOT>\external_assets\zenodo_gpr_14637589\extracted\Data Set\pipe\1.15.MIS\200115AD.ZON\LID10001.dt,2026-08-11,False,public labelled or organized dataset; labels are visible before prediction freeze
zenodo_14637589,10.5281/zenodo.14637589,cc-by-4.0,zenodo_14637589_00092,pipe,pipe,1.15.MIS,pipe/1.15.MIS,pipe/1.15.MIS,200115AD.ZON,.dt,raw_gpr_trace,raw_trace,8194188,af410aeda25f0074cff0799031b87f30d1e9cf6c12e7e83009bc900617ceab0d,pipe/1.15.MIS/200115AD.ZON/LID10002.dt,external_assets/zenodo_gpr_14637589/extracted/Data Set/pipe/1.15.MIS/200115AD.ZON/LID10002.dt,<LOCAL_DATA_ROOT>\external_assets\zenodo_gpr_14637589\extracted\Data Set\pipe\1.15.MIS\200115AD.ZON\LID10002.dt,2026-08-11,False,public labelled or organized dataset; labels are visible before prediction freeze
zenodo_14637589,10.5281/zenodo.14637589,cc-by-4.0,zenodo_14637589_00093,pipe,pipe,1.15.MIS,pipe/1.15.MIS,pipe/1.15.MIS,200115AD.ZON,.dt,raw_gpr_trace,raw_trace,8330912,4bc734ddcb71babff77d0fc92dcb822948f1ee85850c78e77b074593623289bf,pipe/1.15.MIS/200115AD.ZON/LID10003.dt,external_assets/zenodo_gpr_14637589/extracted/Data Set/pipe/1.15.MIS/200115AD.ZON/LID10003.dt,<LOCAL_DATA_ROOT>\external_assets\zenodo_gpr_14637589\extracted\Data Set\pipe\1.15.MIS\200115AD.ZON\LID10003.dt,2026-08-11,False,public labelled or organized dataset; labels are visible before prediction freeze
zenodo_14637589,10.5281/zenodo.14637589,cc-by-4.0,zenodo_14637589_00094,pipe,pipe,1.15.MIS,pipe/1.15.MIS,pipe/1.15.MIS,200115AE.ZON,.dt,raw_gpr_trace,raw_trace,8560156,0ff87b7a3a6978330e10279bc232b6ca7bd28125164a15c1c1bdc99f8e6fe65d,pipe/1.15.MIS/200115AE.ZON/LID10001.dt,external_assets/zenodo_gpr_14637589/extracted/Data Set/pipe/1.15.MIS/200115AE.ZON/LID10001.dt,<LOCAL_DATA_ROOT>\external_assets\zenodo_gpr_14637589\extracted\Data Set\pipe\1.15.MIS\200115AE.ZON\LID10001.dt,2026-08-11,False,public labelled or organized dataset; labels are visible before prediction freeze
zenodo_14637589,10.5281/zenodo.14637589,cc-by-4.0,zenodo_14637589_00095,pipe,pipe,1.15.MIS,pipe/1.15.MIS,pipe/1.15.MIS,200115AE.ZON,.dt,raw_gpr_trace,raw_trace,8330912,d9a18a1ac0445b0f3242794709b98707da536cd870f35490451682e1794847f1,pipe/1.15.MIS/200115AE.ZON/LID10002.dt,external_assets/zenodo_gpr_14637589/extracted/Data Set/pipe/1.15.MIS/200115AE.ZON/LID10002.dt,<LOCAL_DATA_ROOT>\external_assets\zenodo_gpr_14637589\extracted\Data Set\pipe\1.15.MIS\200115AE.ZON\LID10002.dt,2026-08-11,False,public labelled or organized dataset; labels are visible before prediction freeze
zenodo_14637589,10.5281/zenodo.14637589,cc-by-4.0,zenodo_14637589_00096,pipe,pipe,1.15.MIS,pipe/1.15.MIS,pipe/1.15.MIS,200115AF.ZON,.dt,raw_gpr_trace,raw_trace,7880648,4fa91f8876e2bbd50a6e4099a4b4816693d84a2ae7d6eacc066827f6b07bbcb4,pipe/1.15.MIS/200115AF.ZON/LID10001.dt,external_assets/zenodo_gpr_14637589/extracted/Data Set/pipe/1.15.MIS/200115AF.ZON/LID10001.dt,<LOCAL_DATA_ROOT>\external_assets\zenodo_gpr_14637589\extracted\Data Set\pipe\1.15.MIS\200115AF.ZON\LID10001.dt,2026-08-11,False,public labelled or organized dataset; labels are visible before prediction freeze
zenodo_14637589,10.5281/zenodo.14637589,cc-by-4.0,zenodo_14637589_00097,pipe,pipe,1.15.MIS,pipe/1.15.MIS,pipe/1.15.MIS,200115AF.ZON,.dt,raw_gpr_trace,raw_trace,8557072,86f3eeaf71925a88642f4b449b8ba9df89be81684bca9c32c80cf3844f5b0536,pipe/1.15.MIS/200115AF.ZON/LID10002.dt,external_assets/zenodo_gpr_14637589/extracted/Data Set/pipe/1.15.MIS/200115AF.ZON/LID10002.dt,<LOCAL_DATA_ROOT>\external_assets\zenodo_gpr_14637589\extracted\Data Set\pipe\1.15.MIS\200115AF.ZON\LID10002.dt,2026-08-11,False,public labelled or organized dataset; labels are visible before prediction freeze
zenodo_14637589,10.5281/zenodo.14637589,cc-by-4.0,zenodo_14637589_00098,pipe,pipe,1.15.MIS,pipe/1.15.MIS,pipe/1.15.MIS,200115AF.ZON,.dt,raw_gpr_trace,raw_trace,8232224,c13e64e182402e6247f5ea75c16a81a1b452224fc2c57dd946406b1fbcf7e8c0,pipe/1.15.MIS/200115AF.ZON/LID10003.dt,external_assets/zenodo_gpr_14637589/extracted/Data Set/pipe/1.15.MIS/200115AF.ZON/LID10003.dt,<LOCAL_DATA_ROOT>\external_assets\zenodo_gpr_14637589\extracted\Data Set\pipe\1.15.MIS\200115AF.ZON\LID10003.dt,2026-08-11,False,public labelled or organized dataset; labels are visible before prediction freeze
zenodo_14637589,10.5281/zenodo.14637589,cc-by-4.0,zenodo_14637589_00099,pipe,pipe,1.15.MIS,pipe/1.15.MIS,pipe/1.15.MIS,200115AF.ZON,.dt,raw_gpr_trace,raw_trace,6900964,8b2edff6e59032b3f56dff779ab37c9af2d862d28e44b73584717cbaa839988b,pipe/1.15.MIS/200115AF.ZON/LID10004.dt,external_assets/zenodo_gpr_14637589/extracted/Data Set/pipe/1.15.MIS/200115AF.ZON/LID10004.dt,<LOCAL_DATA_ROOT>\external_assets\zenodo_gpr_14637589\extracted\Data Set\pipe\1.15.MIS\200115AF.ZON\LID10004.dt,2026-08-11,False,public labelled or organized dataset; labels are visible before prediction freeze
zenodo_14637589,10.5281/zenodo.14637589,cc-by-4.0,zenodo_14637589_00100,pipe,pipe,1.15.MIS,pipe/1.15.MIS,pipe/1.15.MIS,200116AA.ZON,.dt,raw_gpr_trace,raw_trace,5656056,7cecac068052f1e1bfe9c5755a6453b6ffbe61dad324943a5383b282555e4b63,pipe/1.15.MIS/200116AA.ZON/LID10001.dt,external_assets/zenodo_gpr_14637589/extracted/Data Set/pipe/1.15.MIS/200116AA.ZON/LID10001.dt,<LOCAL_DATA_ROOT>\external_assets\zenodo_gpr_14637589\extracted\Data Set\pipe\1.15.MIS\200116AA.ZON\LID10001.dt,2026-08-11,False,public labelled or organized dataset; labels are visible before prediction freeze
zenodo_14637589,10.5281/zenodo.14637589,cc-by-4.0,zenodo_14637589_00101,pipe,pipe,1.15.MIS,pipe/1.15.MIS,pipe/1.15.MIS,200116AA.ZON,.dt,raw_gpr_trace,raw_trace,6298556,1d4841356e322d734e2c2e075a10175012a020de1bbb859dc5e3375b6f762d44,pipe/1.15.MIS/200116AA.ZON/LID10002.dt,external_assets/zenodo_gpr_14637589/extracted/Data Set/pipe/1.15.MIS/200116AA.ZON/LID10002.dt,<LOCAL_DATA_ROOT>\external_assets\zenodo_gpr_14637589\extracted\Data Set\pipe\1.15.MIS\200116AA.ZON\LID10002.dt,2026-08-11,False,public labelled or organized dataset; labels are visible before prediction freeze
zenodo_14637589,10.5281/zenodo.14637589,cc-by-4.0,zenodo_14637589_00102,pipe,pipe,1.15.MIS,pipe/1.15.MIS,pipe/1.15.MIS,200116AB.ZON,.dt,raw_gpr_trace,raw_trace,6263604,c6c5a38ab34f8ef64b5ffc6e807b2917ac3a376b729b31a9ead2c5ba79a97e5b,pipe/1.15.MIS/200116AB.ZON/LID10001.dt,external_assets/zenodo_gpr_14637589/extracted/Data Set/pipe/1.15.MIS/200116AB.ZON/LID10001.dt,<LOCAL_DATA_ROOT>\external_assets\zenodo_gpr_14637589\extracted\Data Set\pipe\1.15.MIS\200116AB.ZON\LID10001.dt,2026-08-11,False,public labelled or organized dataset; labels are visible before prediction freeze
zenodo_14637589,10.5281/zenodo.14637589,cc-by-4.0,zenodo_14637589_00103,pipe,pipe,1.15.MIS,pipe/1.15.MIS,pipe/1.15.MIS,200116AB.ZON,.dt,raw_gpr_trace,raw_trace,6867040,3d190e62a155f4eb17213a1a83685edebd88d98017c81f394efaa87ce3c1c546,pipe/1.15.MIS/200116AB.ZON/LID10002.dt,external_assets/zenodo_gpr_14637589/extracted/Data Set/pipe/1.15.MIS/200116AB.ZON/LID10002.dt,<LOCAL_DATA_ROOT>\external_assets\zenodo_gpr_14637589\extracted\Data Set\pipe\1.15.MIS\200116AB.ZON\LID10002.dt,2026-08-11,False,public labelled or organized dataset; labels are visible before prediction freeze
zenodo_14637589,10.5281/zenodo.14637589,cc-by-4.0,zenodo_14637589_00104,pipe,pipe,1.15.MIS,pipe/1.15.MIS,pipe/1.15.MIS,200116AC.ZON,.dt,raw_gpr_trace,raw_trace,7569164,7a7f8317e4a1dade5ab4147855aa86b2355adf2aa2806de5444163dc0f4b72a1,pipe/1.15.MIS/200116AC.ZON/LID10001.dt,external_assets/zenodo_gpr_14637589/extracted/Data Set/pipe/1.15.MIS/200116AC.ZON/LID10001.dt,<LOCAL_DATA_ROOT>\external_assets\zenodo_gpr_14637589\extracted\Data Set\pipe\1.15.MIS\200116AC.ZON\LID10001.dt,2026-08-11,False,public labelled or organized dataset; labels are visible before prediction freeze
zenodo_14637589,10.5281/zenodo.14637589,cc-by-4.0,zenodo_14637589_00105,pipe,pipe,1.15.MIS,pipe/1.15.MIS,pipe/1.15.MIS,200116AC.ZON,.dt,raw_gpr_trace,raw_trace,7373844,d1b8f427bbe179fc0124749011c96edfd2f3dc545ba542c3bfd4a2d796b34842,pipe/1.15.MIS/200116AC.ZON/LID10002.dt,external_assets/zenodo_gpr_14637589/extracted/Data Set/pipe/1.15.MIS/200116AC.ZON/LID10002.dt,<LOCAL_DATA_ROOT>\external_assets\zenodo_gpr_14637589\extracted\Data Set\pipe\1.15.MIS\200116AC.ZON\LID10002.dt,2026-08-11,False,public labelled or organized dataset; labels are visible before prediction freeze
zenodo_14637589,10.5281/zenodo.14637589,cc-by-4.0,zenodo_14637589_00106,pipe,pipe,1.15.MIS,pipe/1.15.MIS,pipe/1.15.MIS,200116AC.ZON,.dt,raw_gpr_trace,raw_trace,7642152,0bf6b39c448c0e6a28df203be231fc6535071c47bd33e760b2e941f65df2bd34,pipe/1.15.MIS/200116AC.ZON/LID10003.dt,external_assets/zenodo_gpr_14637589/extracted/Data Set/pipe/1.15.MIS/200116AC.ZON/LID10003.dt,<LOCAL_DATA_ROOT>\external_assets\zenodo_gpr_14637589\extracted\Data Set\pipe\1.15.MIS\200116AC.ZON\LID10003.dt,2026-08-11,False,public labelled or organized dataset; labels are visible before prediction freeze
zenodo_14637589,10.5281/zenodo.14637589,cc-by-4.0,zenodo_14637589_00107,pipe,pipe,1.15.MIS,pipe/1.15.MIS,pipe/1.15.MIS,200116AD.ZON,.dt,raw_gpr_trace,raw_trace,9142004,89712d9c913825ae86ec782d65b5f4d2574ab94982ff3da9eb7e98fb7bbca5fe,pipe/1.15.MIS/200116AD.ZON/LID10001.dt,external_assets/zenodo_gpr_14637589/extracted/Data Set/pipe/1.15.MIS/200116AD.ZON/LID10001.dt,<LOCAL_DATA_ROOT>\external_assets\zenodo_gpr_14637589\extracted\Data Set\pipe\1.15.MIS\200116AD.ZON\LID10001.dt,2026-08-11,False,public labelled or organized dataset; labels are visible before prediction freeze
zenodo_14637589,10.5281/zenodo.14637589,cc-by-4.0,zenodo_14637589_00108,pipe,pipe,1.15.MIS,pipe/1.15.MIS,pipe/1.15.MIS,200116AD.ZON,.dt,raw_gpr_trace,raw_trace,8562212,574af981fe323ef359125263ceb33ed66bff68faea8a60753811cf03e4061d87,pipe/1.15.MIS/200116AD.ZON/LID10002.dt,external_assets/zenodo_gpr_14637589/extracted/Data Set/pipe/1.15.MIS/200116AD.ZON/LID10002.dt,<LOCAL_DATA_ROOT>\external_assets\zenodo_gpr_14637589\extracted\Data Set\pipe\1.15.MIS\200116AD.ZON\LID10002.dt,2026-08-11,False,public labelled or organized dataset; labels are visible before prediction freeze
zenodo_14637589,10.5281/zenodo.14637589,cc-by-4.0,zenodo_14637589_00109,pipe,pipe,1.18.MIS,pipe/1.18.MIS,pipe/1.18.MIS,200118AA.ZON,.dt,raw_gpr_trace,raw_trace,6519576,fe98338f79646cfa98f54059c468689ba6dd80826500a383aca47a7a90f7af83,pipe/1.18.MIS/200118AA.ZON/LID10001.dt,external_assets/zenodo_gpr_14637589/extracted/Data Set/pipe/1.18.MIS/200118AA.ZON/LID10001.dt,<LOCAL_DATA_ROOT>\external_assets\zenodo_gpr_14637589\extracted\Data Set\pipe\1.18.MIS\200118AA.ZON\LID10001.dt,2026-08-11,False,public labelled or organized dataset; labels are visible before prediction freeze
zenodo_14637589,10.5281/zenodo.14637589,cc-by-4.0,zenodo_14637589_00110,pipe,pipe,1.18.MIS,pipe/1.18.MIS,pipe/1.18.MIS,200118AA.ZON,.dt,raw_gpr_trace,raw_trace,6856760,d3d6c5db12a42b58c018d05cacbf1d4df651b8c1039538e90041be3f30025dc2,pipe/1.18.MIS/200118AA.ZON/LID10002.dt,external_assets/zenodo_gpr_14637589/extracted/Data Set/pipe/1.18.MIS/200118AA.ZON/LID10002.dt,<LOCAL_DATA_ROOT>\external_assets\zenodo_gpr_14637589\extracted\Data Set\pipe\1.18.MIS\200118AA.ZON\LID10002.dt,2026-08-11,False,public labelled or organized dataset; labels are visible before prediction freeze
zenodo_14637589,10.5281/zenodo.14637589,cc-by-4.0,zenodo_14637589_00111,pipe,pipe,1.18.MIS,pipe/1.18.MIS,pipe/1.18.MIS,200118AA.ZON,.dt,raw_gpr_trace,raw_trace,7157964,11167c3ca4fed9e261c694a752b4f6c30bf127fcb453c5fdaa8ce708fdfa6321,pipe/1.18.MIS/200118AA.ZON/LID10003.dt,external_assets/zenodo_gpr_14637589/extracted/Data Set/pipe/1.18.MIS/200118AA.ZON/LID10003.dt,<LOCAL_DATA_ROOT>\external_assets\zenodo_gpr_14637589\extracted\Data Set\pipe\1.18.MIS\200118AA.ZON\LID10003.dt,2026-08-11,False,public labelled or organized dataset; labels are visible before prediction freeze
zenodo_14637589,10.5281/zenodo.14637589,cc-by-4.0,zenodo_14637589_00112,pipe,pipe,1030.MIS,pipe/1030.MIS,pipe/1030.MIS,ASCII,.dt,raw_gpr_trace,raw_trace,2440472,6ebe32eb734a30e415a3baf42f3e215fb96d37be1a64fe9a884c40986855d715,pipe/1030.MIS/181030AA.ZON/1/ASCII/LID10001.dt,external_assets/zenodo_gpr_14637589/extracted/Data Set/pipe/1030.MIS/181030AA.ZON/1/ASCII/LID10001.dt,<LOCAL_DATA_ROOT>\external_assets\zenodo_gpr_14637589\extracted\Data Set\pipe\1030.MIS\181030AA.ZON\1\ASCII\LID10001.dt,2026-08-11,False,public labelled or organized dataset; labels are visible before prediction freeze
zenodo_14637589,10.5281/zenodo.14637589,cc-by-4.0,zenodo_14637589_00113,pipe,pipe,1030.MIS,pipe/1030.MIS,pipe/1030.MIS,ROHDATA,.dat,raw_gpr_trace,raw_trace,2783620,3c9f17c5902a63de985875c2aafe0b54e899ef687766446ebdd7cdfdc64a5c0f,pipe/1030.MIS/181030AA.ZON/1/ROHDATA/YP000000.DAT,external_assets/zenodo_gpr_14637589/extracted/Data Set/pipe/1030.MIS/181030AA.ZON/1/ROHDATA/YP000000.DAT,<LOCAL_DATA_ROOT>\external_assets\zenodo_gpr_14637589\extracted\Data Set\pipe\1030.MIS\181030AA.ZON\1\ROHDATA\YP000000.DAT,2026-08-11,False,public labelled or organized dataset; labels are visible before prediction freeze
zenodo_14637589,10.5281/zenodo.14637589,cc-by-4.0,zenodo_14637589_00114,pipe,pipe,1030.MIS,pipe/1030.MIS,pipe/1030.MIS,181030AA.ZON,.dt,raw_gpr_trace,raw_trace,2440472,6ebe32eb734a30e415a3baf42f3e215fb96d37be1a64fe9a884c40986855d715,pipe/1030.MIS/181030AA.ZON/LID10001.dt,external_assets/zenodo_gpr_14637589/extracted/Data Set/pipe/1030.MIS/181030AA.ZON/LID10001.dt,<LOCAL_DATA_ROOT>\external_assets\zenodo_gpr_14637589\extracted\Data Set\pipe\1030.MIS\181030AA.ZON\LID10001.dt,2026-08-11,False,public labelled or organized dataset; labels are visible before prediction freeze
zenodo_14637589,10.5281/zenodo.14637589,cc-by-4.0,zenodo_14637589_00115,pipe,pipe,1030.MIS,pipe/1030.MIS,pipe/1030.MIS,181030AB.ZON,.dt,raw_gpr_trace,raw_trace,2407576,da841fa678add574f0b1a215fd3ee08a48c38e618d7faec7b54869cbaf4bae96,pipe/1030.MIS/181030AB.ZON/LID10001.dt,external_assets/zenodo_gpr_14637589/extracted/Data Set/pipe/1030.MIS/181030AB.ZON/LID10001.dt,<LOCAL_DATA_ROOT>\external_assets\zenodo_gpr_14637589\extracted\Data Set\pipe\1030.MIS\181030AB.ZON\LID10001.dt,2026-08-11,False,public labelled or organized dataset; labels are visible before prediction freeze
zenodo_14637589,10.5281/zenodo.14637589,cc-by-4.0,zenodo_14637589_00116,pipe,pipe,1030.MIS,pipe/1030.MIS,pipe/1030.MIS,ASCII,.dt,raw_gpr_trace,raw_trace,2434304,7d5e24a161f8e9b43240a12e449bcb907a0361002b9f6dd383cd25296d4576ab,pipe/1030.MIS/181030AC.ZON/5/ASCII/LID10001.dt,external_assets/zenodo_gpr_14637589/extracted/Data Set/pipe/1030.MIS/181030AC.ZON/5/ASCII/LID10001.dt,<LOCAL_DATA_ROOT>\external_assets\zenodo_gpr_14637589\extracted\Data Set\pipe\1030.MIS\181030AC.ZON\5\ASCII\LID10001.dt,2026-08-11,False,public labelled or organized dataset; labels are visible before prediction freeze
zenodo_14637589,10.5281/zenodo.14637589,cc-by-4.0,zenodo_14637589_00117,pipe,pipe,1030.MIS,pipe/1030.MIS,pipe/1030.MIS,ROHDATA,.dat,raw_gpr_trace,raw_trace,2776540,59f071043166f8c4e0904c8d159d2e78dd5b2f297799766247180cc20b9751cc,pipe/1030.MIS/181030AC.ZON/5/ROHDATA/YP000000.DAT,external_assets/zenodo_gpr_14637589/extracted/Data Set/pipe/1030.MIS/181030AC.ZON/5/ROHDATA/YP000000.DAT,<LOCAL_DATA_ROOT>\external_assets\zenodo_gpr_14637589\extracted\Data Set\pipe\1030.MIS\181030AC.ZON\5\ROHDATA\YP000000.DAT,2026-08-11,False,public labelled or organized dataset; labels are visible before prediction freeze
zenodo_14637589,10.5281/zenodo.14637589,cc-by-4.0,zenodo_14637589_00118,pipe,pipe,1030.MIS,pipe/1030.MIS,pipe/1030.MIS,181030AC.ZON,.dt,raw_gpr_trace,raw_trace,2434304,7d5e24a161f8e9b43240a12e449bcb907a0361002b9f6dd383cd25296d4576ab,pipe/1030.MIS/181030AC.ZON/LID10001.dt,external_assets/zenodo_gpr_14637589/extracted/Data Set/pipe/1030.MIS/181030AC.ZON/LID10001.dt,<LOCAL_DATA_ROOT>\external_assets\zenodo_gpr_14637589\extracted\Data Set\pipe\1030.MIS\181030AC.ZON\LID10001.dt,2026-08-11,False,public labelled or organized dataset; labels are visible before prediction freeze
zenodo_14637589,10.5281/zenodo.14637589,cc-by-4.0,zenodo_14637589_00119,pipe,pipe,1030.MIS,pipe/1030.MIS,pipe/1030.MIS,181030AD.ZON,.dt,raw_gpr_trace,raw_trace,2299636,0fcd7056b7c33fe4727a59aa63c8e89cde2119c9f1f1a000eb4fe76a649a39bc,pipe/1030.MIS/181030AD.ZON/LID10001.dt,external_assets/zenodo_gpr_14637589/extracted/Data Set/pipe/1030.MIS/181030AD.ZON/LID10001.dt,<LOCAL_DATA_ROOT>\external_assets\zenodo_gpr_14637589\extracted\Data Set\pipe\1030.MIS\181030AD.ZON\LID10001.dt,2026-08-11,False,public labelled or organized dataset; labels are visible before prediction freeze
zenodo_14637589,10.5281/zenodo.14637589,cc-by-4.0,zenodo_14637589_00120,pipe,pipe,1030.MIS,pipe/1030.MIS,pipe/1030.MIS,181030AE.ZON,.dt,raw_gpr_trace,raw_trace,2564860,dd13a753b2b70e1f88f60f46de433a6fe7e3adb0d269c0b2774514c2f3ea2eff,pipe/1030.MIS/181030AE.ZON/LID10001.dt,external_assets/zenodo_gpr_14637589/extracted/Data Set/pipe/1030.MIS/181030AE.ZON/LID10001.dt,<LOCAL_DATA_ROOT>\external_assets\zenodo_gpr_14637589\extracted\Data Set\pipe\1030.MIS\181030AE.ZON\LID10001.dt,2026-08-11,False,public labelled or organized dataset; labels are visible before prediction freeze
zenodo_14637589,10.5281/zenodo.14637589,cc-by-4.0,zenodo_14637589_00121,pipe,pipe,1030.MIS,pipe/1030.MIS,pipe/1030.MIS,181030AF.ZON,.dt,raw_gpr_trace,raw_trace,2474396,051c25c2f5fe936c6dacb1c83a4172522e2ff4a6dd5c34f633c0e531609f1eaf,pipe/1030.MIS/181030AF.ZON/LID10001.dt,external_assets/zenodo_gpr_14637589/extracted/Data Set/pipe/1030.MIS/181030AF.ZON/LID10001.dt,<LOCAL_DATA_ROOT>\external_assets\zenodo_gpr_14637589\extracted\Data Set\pipe\1030.MIS\181030AF.ZON\LID10001.dt,2026-08-11,False,public labelled or organized dataset; labels are visible before prediction freeze
zenodo_14637589,10.5281/zenodo.14637589,cc-by-4.0,zenodo_14637589_00122,pipe,pipe,1030.MIS,pipe/1030.MIS,pipe/1030.MIS,ASCII,.dt,raw_gpr_trace,raw_trace,2427108,1b5c36d018d87fefd618984325b533e80a5ae3c06bc85da5a87a1e4fd5997596,pipe/1030.MIS/181030AG.ZON/7/ASCII/LID10001.dt,external_assets/zenodo_gpr_14637589/extracted/Data Set/pipe/1030.MIS/181030AG.ZON/7/ASCII/LID10001.dt,<LOCAL_DATA_ROOT>\external_assets\zenodo_gpr_14637589\extracted\Data Set\pipe\1030.MIS\181030AG.ZON\7\ASCII\LID10001.dt,2026-08-11,False,public labelled or organized dataset; labels are visible before prediction freeze
zenodo_14637589,10.5281/zenodo.14637589,cc-by-4.0,zenodo_14637589_00123,pipe,pipe,1030.MIS,pipe/1030.MIS,pipe/1030.MIS,ROHDATA,.dat,raw_gpr_trace,raw_trace,2768280,c08446b4235a4c8f121310a5bee79bdfb636b1ce594da6b045ef652978a3f14d,pipe/1030.MIS/181030AG.ZON/7/ROHDATA/YP000000.DAT,external_assets/zenodo_gpr_14637589/extracted/Data Set/pipe/1030.MIS/181030AG.ZON/7/ROHDATA/YP000000.DAT,<LOCAL_DATA_ROOT>\external_assets\zenodo_gpr_14637589\extracted\Data Set\pipe\1030.MIS\181030AG.ZON\7\ROHDATA\YP000000.DAT,2026-08-11,False,public labelled or organized dataset; labels are visible before prediction freeze
zenodo_14637589,10.5281/zenodo.14637589,cc-by-4.0,zenodo_14637589_00124,pipe,pipe,1030.MIS,pipe/1030.MIS,pipe/1030.MIS,181030AG.ZON,.dt,raw_gpr_trace,raw_trace,2427108,1b5c36d018d87fefd618984325b533e80a5ae3c06bc85da5a87a1e4fd5997596,pipe/1030.MIS/181030AG.ZON/LID10001.dt,external_assets/zenodo_gpr_14637589/extracted/Data Set/pipe/1030.MIS/181030AG.ZON/LID10001.dt,<LOCAL_DATA_ROOT>\external_assets\zenodo_gpr_14637589\extracted\Data Set\pipe\1030.MIS\181030AG.ZON\LID10001.dt,2026-08-11,False,public labelled or organized dataset; labels are visible before prediction freeze
zenodo_14637589,10.5281/zenodo.14637589,cc-by-4.0,zenodo_14637589_00125,pipe,pipe,1030.MIS,pipe/1030.MIS,pipe/1030.MIS,181030AH.ZON,.dt,raw_gpr_trace,raw_trace,2350008,079db1d730467aa866fcb4e9ef70e9ed4590ea071bfda673df4af0b73b8b04c4,pipe/1030.MIS/181030AH.ZON/LID10001.dt,external_assets/zenodo_gpr_14637589/extracted/Data Set/pipe/1030.MIS/181030AH.ZON/LID10001.dt,<LOCAL_DATA_ROOT>\external_assets\zenodo_gpr_14637589\extracted\Data Set\pipe\1030.MIS\181030AH.ZON\LID10001.dt,2026-08-11,False,public labelled or organized dataset; labels are visible before prediction freeze
zenodo_14637589,10.5281/zenodo.14637589,cc-by-4.0,zenodo_14637589_00126,pipe,pipe,1030.MIS,pipe/1030.MIS,pipe/1030.MIS,181030AI.ZON,.dt,raw_gpr_trace,raw_trace,2524768,125f52515cc9779e49bd20b8ba192885f9778641fe0b77afaa212ecdf2a08d58,pipe/1030.MIS/181030AI.ZON/LID10001.dt,external_assets/zenodo_gpr_14637589/extracted/Data Set/pipe/1030.MIS/181030AI.ZON/LID10001.dt,<LOCAL_DATA_ROOT>\external_assets\zenodo_gpr_14637589\extracted\Data Set\pipe\1030.MIS\181030AI.ZON\LID10001.dt,2026-08-11,False,public labelled or organized dataset; labels are visible before prediction freeze
zenodo_14637589,10.5281/zenodo.14637589,cc-by-4.0,zenodo_14637589_00127,pipe,pipe,1030.MIS,pipe/1030.MIS,pipe/1030.MIS,181030AJ.ZON,.dt,raw_gpr_trace,raw_trace,2379820,a5426d9cadbb5dba8bd54227bb16f3b3c488a8d1070fb5c65cec5ec1380d262f,pipe/1030.MIS/181030AJ.ZON/LID10001.dt,external_assets/zenodo_gpr_14637589/extracted/Data Set/pipe/1030.MIS/181030AJ.ZON/LID10001.dt,<LOCAL_DATA_ROOT>\external_assets\zenodo_gpr_14637589\extracted\Data Set\pipe\1030.MIS\181030AJ.ZON\LID10001.dt,2026-08-11,False,public labelled or organized dataset; labels are visible before prediction freeze
zenodo_14637589,10.5281/zenodo.14637589,cc-by-4.0,zenodo_14637589_00128,pipe,pipe,1030.MIS,pipe/1030.MIS,pipe/1030.MIS,181030AK.ZON,.dt,raw_gpr_trace,raw_trace,2301692,731778bcaaeccb8d2d3c62b83c16e75f1ee2aaf37756bfa9f481db6ab7d2c9f8,pipe/1030.MIS/181030AK.ZON/LID10001.dt,external_assets/zenodo_gpr_14637589/extracted/Data Set/pipe/1030.MIS/181030AK.ZON/LID10001.dt,<LOCAL_DATA_ROOT>\external_assets\zenodo_gpr_14637589\extracted\Data Set\pipe\1030.MIS\181030AK.ZON\LID10001.dt,2026-08-11,False,public labelled or organized dataset; labels are visible before prediction freeze
zenodo_14637589,10.5281/zenodo.14637589,cc-by-4.0,zenodo_14637589_00129,pipe,pipe,1030.MIS,pipe/1030.MIS,pipe/1030.MIS,181030BA.ZON,.dt,raw_gpr_trace,raw_trace,866604,e194eb7452ac3a0ac8587e541b6e74dfa0d62e111fc3ccec836304f32c38812e,pipe/1030.MIS/181030BA.ZON/LID10001.dt,external_assets/zenodo_gpr_14637589/extracted/Data Set/pipe/1030.MIS/181030BA.ZON/LID10001.dt,<LOCAL_DATA_ROOT>\external_assets\zenodo_gpr_14637589\extracted\Data Set\pipe\1030.MIS\181030BA.ZON\LID10001.dt,2026-08-11,False,public labelled or organized dataset; labels are visible before prediction freeze
zenodo_14637589,10.5281/zenodo.14637589,cc-by-4.0,zenodo_14637589_00130,pipe,pipe,1030.MIS,pipe/1030.MIS,pipe/1030.MIS,181224AA.ZON,.dt,raw_gpr_trace,raw_trace,6114544,fdbd9aa30a7d3011986bcf641b274013daf5737f1b85e450775a95ee01d1da5e,pipe/1030.MIS/181224AA.ZON/LID10001.dt,external_assets/zenodo_gpr_14637589/extracted/Data Set/pipe/1030.MIS/181224AA.ZON/LID10001.dt,<LOCAL_DATA_ROOT>\external_assets\zenodo_gpr_14637589\extracted\Data Set\pipe\1030.MIS\181224AA.ZON\LID10001.dt,2026-08-11,False,public labelled or organized dataset; labels are visible before prediction freeze
zenodo_14637589,10.5281/zenodo.14637589,cc-by-4.0,zenodo_14637589_00131,pipe,pipe,1030.MIS,pipe/1030.MIS,pipe/1030.MIS,181224AA.ZON,.dt,raw_gpr_trace,raw_trace,4807956,31cea88b4c87afb49422554963cae05848af994973f84a4f9392964f53acb290,pipe/1030.MIS/181224AA.ZON/LID10002.dt,external_assets/zenodo_gpr_14637589/extracted/Data Set/pipe/1030.MIS/181224AA.ZON/LID10002.dt,<LOCAL_DATA_ROOT>\external_assets\zenodo_gpr_14637589\extracted\Data Set\pipe\1030.MIS\181224AA.ZON\LID10002.dt,2026-08-11,False,public labelled or organized dataset; labels are visible before prediction freeze
zenodo_14637589,10.5281/zenodo.14637589,cc-by-4.0,zenodo_14637589_00132,pipe,pipe,1030.MIS,pipe/1030.MIS,pipe/1030.MIS,181224AB.ZON,.dt,raw_gpr_trace,raw_trace,11392296,d9263cc7a898ca80416ec26358efd045b04fc1cb87a4461565ce202ba6ab8a03,pipe/1030.MIS/181224AB.ZON/LID10001.dt,external_assets/zenodo_gpr_14637589/extracted/Data Set/pipe/1030.MIS/181224AB.ZON/LID10001.dt,<LOCAL_DATA_ROOT>\external_assets\zenodo_gpr_14637589\extracted\Data Set\pipe\1030.MIS\181224AB.ZON\LID10001.dt,2026-08-11,False,public labelled or organized dataset; labels are visible before prediction freeze
zenodo_14637589,10.5281/zenodo.14637589,cc-by-4.0,zenodo_14637589_00133,pipe,pipe,1030.MIS,pipe/1030.MIS,pipe/1030.MIS,181227AA.ZON,.dt,raw_gpr_trace,raw_trace,203544,c7d7edc7ca65394dcf4bddadb40907ed38029879401f8f1ebb9dd14a48a9d6fc,pipe/1030.MIS/181227AA.ZON/LID10001.dt,external_assets/zenodo_gpr_14637589/extracted/Data Set/pipe/1030.MIS/181227AA.ZON/LID10001.dt,<LOCAL_DATA_ROOT>\external_assets\zenodo_gpr_14637589\extracted\Data Set\pipe\1030.MIS\181227AA.ZON\LID10001.dt,2026-08-11,False,public labelled or organized dataset; labels are visible before prediction freeze
zenodo_14637589,10.5281/zenodo.14637589,cc-by-4.0,zenodo_14637589_00134,pipe,pipe,1030.MIS,pipe/1030.MIS,pipe/1030.MIS,181227AB.ZON,.dt,raw_gpr_trace,raw_trace,194292,f917aedf6b2db841922bc0ce197be988f6ebaebe293ccb3ebd65aa8991b3eaa8,pipe/1030.MIS/181227AB.ZON/LID10001.dt,external_assets/zenodo_gpr_14637589/extracted/Data Set/pipe/1030.MIS/181227AB.ZON/LID10001.dt,<LOCAL_DATA_ROOT>\external_assets\zenodo_gpr_14637589\extracted\Data Set\pipe\1030.MIS\181227AB.ZON\LID10001.dt,2026-08-11,False,public labelled or organized dataset; labels are visible before prediction freeze
zenodo_14637589,10.5281/zenodo.14637589,cc-by-4.0,zenodo_14637589_00135,pipe,pipe,1030.MIS,pipe/1030.MIS,pipe/1030.MIS,181227AB.ZON,.dt,raw_gpr_trace,raw_trace,185040,dbbd2428eeeb3c0fc7269c0a2d4e69d0b8561e2ffaf7f645a3918924c8f27de5,pipe/1030.MIS/181227AB.ZON/LID10002.dt,external_assets/zenodo_gpr_14637589/extracted/Data Set/pipe/1030.MIS/181227AB.ZON/LID10002.dt,<LOCAL_DATA_ROOT>\external_assets\zenodo_gpr_14637589\extracted\Data Set\pipe\1030.MIS\181227AB.ZON\LID10002.dt,2026-08-11,False,public labelled or organized dataset; labels are visible before prediction freeze
zenodo_14637589,10.5281/zenodo.14637589,cc-by-4.0,zenodo_14637589_00136,pipe,pipe,1030.MIS,pipe/1030.MIS,pipe/1030.MIS,181227AB.ZON,.dt,raw_gpr_trace,raw_trace,189152,727839e4b7bff27c802ad17fe64728dafb56c3e5c0e64fa51b8ff0dc846067e8,pipe/1030.MIS/181227AB.ZON/LID10003.dt,external_assets/zenodo_gpr_14637589/extracted/Data Set/pipe/1030.MIS/181227AB.ZON/LID10003.dt,<LOCAL_DATA_ROOT>\external_assets\zenodo_gpr_14637589\extracted\Data Set\pipe\1030.MIS\181227AB.ZON\LID10003.dt,2026-08-11,False,public labelled or organized dataset; labels are visible before prediction freeze
zenodo_14637589,10.5281/zenodo.14637589,cc-by-4.0,zenodo_14637589_00137,pipe,pipe,1030.MIS,pipe/1030.MIS,pipe/1030.MIS,181230AA.ZON,.dt,raw_gpr_trace,raw_trace,907724,265d245b073f68866deeb28c73e569395b9c4a97c1508f2e17275b90d2729676,pipe/1030.MIS/181230AA.ZON/LID10001.dt,external_assets/zenodo_gpr_14637589/extracted/Data Set/pipe/1030.MIS/181230AA.ZON/LID10001.dt,<LOCAL_DATA_ROOT>\external_assets\zenodo_gpr_14637589\extracted\Data Set\pipe\1030.MIS\181230AA.ZON\LID10001.dt,2026-08-11,False,public labelled or organized dataset; labels are visible before prediction freeze
zenodo_14637589,10.5281/zenodo.14637589,cc-by-4.0,zenodo_14637589_00138,pipe,pipe,1030.MIS,pipe/1030.MIS,pipe/1030.MIS,181230AA.ZON,.dt,raw_gpr_trace,raw_trace,1086596,3d09a963ca54408f9b776c57efa6ef666f9421f1d46703b1ef28e704f8dde45e,pipe/1030.MIS/181230AA.ZON/LID10002.dt,external_assets/zenodo_gpr_14637589/extracted/Data Set/pipe/1030.MIS/181230AA.ZON/LID10002.dt,<LOCAL_DATA_ROOT>\external_assets\zenodo_gpr_14637589\extracted\Data Set\pipe\1030.MIS\181230AA.ZON\LID10002.dt,2026-08-11,False,public labelled or organized dataset; labels are visible before prediction freeze
zenodo_14637589,10.5281/zenodo.14637589,cc-by-4.0,zenodo_14637589_00139,pipe,pipe,1030.MIS,pipe/1030.MIS,pipe/1030.MIS,181230AB.ZON,.dt,raw_gpr_trace,raw_trace,977628,932f40dcf983ba57ce484b13cd010ac79c33415c1dbc3fe6058d229e186e16c4,pipe/1030.MIS/181230AB.ZON/LID10001.dt,external_assets/zenodo_gpr_14637589/extracted/Data Set/pipe/1030.MIS/181230AB.ZON/LID10001.dt,<LOCAL_DATA_ROOT>\external_assets\zenodo_gpr_14637589\extracted\Data Set\pipe\1030.MIS\181230AB.ZON\LID10001.dt,2026-08-11,False,public labelled or organized dataset; labels are visible before prediction freeze
zenodo_14637589,10.5281/zenodo.14637589,cc-by-4.0,zenodo_14637589_00140,pipe,pipe,1030.MIS,pipe/1030.MIS,pipe/1030.MIS,181230AC.ZON,.dt,raw_gpr_trace,raw_trace,885108,f7bcbf681b28ef189d07c6bfd2c2db95d9c451fdfa55bc07ec873d9a9e845c22,pipe/1030.MIS/181230AC.ZON/LID10001.dt,external_assets/zenodo_gpr_14637589/extracted/Data Set/pipe/1030.MIS/181230AC.ZON/LID10001.dt,<LOCAL_DATA_ROOT>\external_assets\zenodo_gpr_14637589\extracted\Data Set\pipe\1030.MIS\181230AC.ZON\LID10001.dt,2026-08-11,False,public labelled or organized dataset; labels are visible before prediction freeze
zenodo_14637589,10.5281/zenodo.14637589,cc-by-4.0,zenodo_14637589_00141,pipe,pipe,1030.MIS,pipe/1030.MIS,pipe/1030.MIS,ASCII,.dt,raw_gpr_trace,raw_trace,216908,945eb0ed701d7bebd3d8a537e47d20dc46cd099ae1cdb08ac12f1f185bf94448,pipe/1030.MIS/190103AA.ZON/6/ASCII/LID10001.dt,external_assets/zenodo_gpr_14637589/extracted/Data Set/pipe/1030.MIS/190103AA.ZON/6/ASCII/LID10001.dt,<LOCAL_DATA_ROOT>\external_assets\zenodo_gpr_14637589\extracted\Data Set\pipe\1030.MIS\190103AA.ZON\6\ASCII\LID10001.dt,2026-08-11,False,public labelled or organized dataset; labels are visible before prediction freeze
zenodo_14637589,10.5281/zenodo.14637589,cc-by-4.0,zenodo_14637589_00142,pipe,pipe,1030.MIS,pipe/1030.MIS,pipe/1030.MIS,ASCII,.dt,raw_gpr_trace,raw_trace,214852,9957773a2d709b712adf616e3064b60de008aecce230f72d582e798526d1e1c8,pipe/1030.MIS/190103AA.ZON/6/ASCII/LID10002.dt,external_assets/zenodo_gpr_14637589/extracted/Data Set/pipe/1030.MIS/190103AA.ZON/6/ASCII/LID10002.dt,<LOCAL_DATA_ROOT>\external_assets\zenodo_gpr_14637589\extracted\Data Set\pipe\1030.MIS\190103AA.ZON\6\ASCII\LID10002.dt,2026-08-11,False,public labelled or organized dataset; labels are visible before prediction freeze
zenodo_14637589,10.5281/zenodo.14637589,cc-by-4.0,zenodo_14637589_00143,pipe,pipe,1030.MIS,pipe/1030.MIS,pipe/1030.MIS,ROHDATA,.dat,raw_gpr_trace,raw_trace,231280,12610bd88c1af9e1484796ba2175c061ee33211b247568eb59f5ca9aed086450,pipe/1030.MIS/190103AA.ZON/6/ROHDATA/YP000000.DAT,external_assets/zenodo_gpr_14637589/extracted/Data Set/pipe/1030.MIS/190103AA.ZON/6/ROHDATA/YP000000.DAT,<LOCAL_DATA_ROOT>\external_assets\zenodo_gpr_14637589\extracted\Data Set\pipe\1030.MIS\190103AA.ZON\6\ROHDATA\YP000000.DAT,2026-08-11,False,public labelled or organized dataset; labels are visible before prediction freeze
zenodo_14637589,10.5281/zenodo.14637589,cc-by-4.0,zenodo_14637589_00144,pipe,pipe,1030.MIS,pipe/1030.MIS,pipe/1030.MIS,190103AA.ZON,.dt,raw_gpr_trace,raw_trace,216908,945eb0ed701d7bebd3d8a537e47d20dc46cd099ae1cdb08ac12f1f185bf94448,pipe/1030.MIS/190103AA.ZON/LID10001.dt,external_assets/zenodo_gpr_14637589/extracted/Data Set/pipe/1030.MIS/190103AA.ZON/LID10001.dt,<LOCAL_DATA_ROOT>\external_assets\zenodo_gpr_14637589\extracted\Data Set\pipe\1030.MIS\190103AA.ZON\LID10001.dt,2026-08-11,False,public labelled or organized dataset; labels are visible before prediction freeze
zenodo_14637589,10.5281/zenodo.14637589,cc-by-4.0,zenodo_14637589_00145,pipe,pipe,1030.MIS,pipe/1030.MIS,pipe/1030.MIS,190103AA.ZON,.dt,raw_gpr_trace,raw_trace,214852,9957773a2d709b712adf616e3064b60de008aecce230f72d582e798526d1e1c8,pipe/1030.MIS/190103AA.ZON/LID10002.dt,external_assets/zenodo_gpr_14637589/extracted/Data Set/pipe/1030.MIS/190103AA.ZON/LID10002.dt,<LOCAL_DATA_ROOT>\external_assets\zenodo_gpr_14637589\extracted\Data Set\pipe\1030.MIS\190103AA.ZON\LID10002.dt,2026-08-11,False,public labelled or organized dataset; labels are visible before prediction freeze
zenodo_14637589,10.5281/zenodo.14637589,cc-by-4.0,zenodo_14637589_00146,pipe,pipe,1030.MIS,pipe/1030.MIS,pipe/1030.MIS,190103AB.ZON,.dt,raw_gpr_trace,raw_trace,110424,7676d0629c84e51e836c2cb216758301a8d84602f8d8de0f5b9b548464f27ac1,pipe/1030.MIS/190103AB.ZON/LID10001.dt,external_assets/zenodo_gpr_14637589/extracted/Data Set/pipe/1030.MIS/190103AB.ZON/LID10001.dt,<LOCAL_DATA_ROOT>\external_assets\zenodo_gpr_14637589\extracted\Data Set\pipe\1030.MIS\190103AB.ZON\LID10001.dt,2026-08-11,False,public labelled or organized dataset; labels are visible before prediction freeze
zenodo_14637589,10.5281/zenodo.14637589,cc-by-4.0,zenodo_14637589_00147,pipe,pipe,1030.MIS,pipe/1030.MIS,pipe/1030.MIS,190103AB.ZON,.dt,raw_gpr_trace,raw_trace,110424,bf501b0eda57fea521274f8354c1f26a71f123ff2ce51bf11d4d8495995f2214,pipe/1030.MIS/190103AB.ZON/LID10002.dt,external_assets/zenodo_gpr_14637589/extracted/Data Set/pipe/1030.MIS/190103AB.ZON/LID10002.dt,<LOCAL_DATA_ROOT>\external_assets\zenodo_gpr_14637589\extracted\Data Set\pipe\1030.MIS\190103AB.ZON\LID10002.dt,2026-08-11,False,public labelled or organized dataset; labels are visible before prediction freeze
zenodo_14637589,10.5281/zenodo.14637589,cc-by-4.0,zenodo_14637589_00148,pipe,pipe,1030.MIS,pipe/1030.MIS,pipe/1030.MIS,190103AC.ZON,.dt,raw_gpr_trace,raw_trace,109908,c1040381422c671c8d20831da72d26ea67d8df08225801fc016504344e46f5a5,pipe/1030.MIS/190103AC.ZON/LID10001.dt,external_assets/zenodo_gpr_14637589/extracted/Data Set/pipe/1030.MIS/190103AC.ZON/LID10001.dt,<LOCAL_DATA_ROOT>\external_assets\zenodo_gpr_14637589\extracted\Data Set\pipe\1030.MIS\190103AC.ZON\LID10001.dt,2026-08-11,False,public labelled or organized dataset; labels are visible before prediction freeze
zenodo_14637589,10.5281/zenodo.14637589,cc-by-4.0,zenodo_14637589_00149,pipe,pipe,1030.MIS,pipe/1030.MIS,pipe/1030.MIS,190103AC.ZON,.dt,raw_gpr_trace,raw_trace,110940,27a043458f22ad8f2261044f51caf4dcf0154b202c42b66e4e18d931f7a85d7c,pipe/1030.MIS/190103AC.ZON/LID10002.dt,external_assets/zenodo_gpr_14637589/extracted/Data Set/pipe/1030.MIS/190103AC.ZON/LID10002.dt,<LOCAL_DATA_ROOT>\external_assets\zenodo_gpr_14637589\extracted\Data Set\pipe\1030.MIS\190103AC.ZON\LID10002.dt,2026-08-11,False,public labelled or organized dataset; labels are visible before prediction freeze
zenodo_14637589,10.5281/zenodo.14637589,cc-by-4.0,zenodo_14637589_00150,pipe,pipe,1030.MIS,pipe/1030.MIS,pipe/1030.MIS,190103AD.ZON,.dt,raw_gpr_trace,raw_trace,110424,f38f3c6d92f0fd2385dfc0f1e3ef0cca3edb4c79246a2fbd3b560097d72134a8,pipe/1030.MIS/190103AD.ZON/LID10001.dt,external_assets/zenodo_gpr_14637589/extracted/Data Set/pipe/1030.MIS/190103AD.ZON/LID10001.dt,<LOCAL_DATA_ROOT>\external_assets\zenodo_gpr_14637589\extracted\Data Set\pipe\1030.MIS\190103AD.ZON\LID10001.dt,2026-08-11,False,public labelled or organized dataset; labels are visible before prediction freeze
zenodo_14637589,10.5281/zenodo.14637589,cc-by-4.0,zenodo_14637589_00151,pipe,pipe,1030.MIS,pipe/1030.MIS,pipe/1030.MIS,190103AD.ZON,.dt,raw_gpr_trace,raw_trace,109908,af785d4da5736b674454b0cda0eb056ed04d2276d8e50df64532aaeb5a8dcf91,pipe/1030.MIS/190103AD.ZON/LID10002.dt,external_assets/zenodo_gpr_14637589/extracted/Data Set/pipe/1030.MIS/190103AD.ZON/LID10002.dt,<LOCAL_DATA_ROOT>\external_assets\zenodo_gpr_14637589\extracted\Data Set\pipe\1030.MIS\190103AD.ZON\LID10002.dt,2026-08-11,False,public labelled or organized dataset; labels are visible before prediction freeze
zenodo_14637589,10.5281/zenodo.14637589,cc-by-4.0,zenodo_14637589_00152,pipe,pipe,1030.MIS,pipe/1030.MIS,pipe/1030.MIS,190103AE.ZON,.dt,raw_gpr_trace,raw_trace,162892,a9213c13fba09caa44227f1786f91eccc80ff19447913d9e951ec0c0bd14f590,pipe/1030.MIS/190103AE.ZON/LID10001.dt,external_assets/zenodo_gpr_14637589/extracted/Data Set/pipe/1030.MIS/190103AE.ZON/LID10001.dt,<LOCAL_DATA_ROOT>\external_assets\zenodo_gpr_14637589\extracted\Data Set\pipe\1030.MIS\190103AE.ZON\LID10001.dt,2026-08-11,False,public labelled or organized dataset; labels are visible before prediction freeze
zenodo_14637589,10.5281/zenodo.14637589,cc-by-4.0,zenodo_14637589_00153,pipe,pipe,1030.MIS,pipe/1030.MIS,pipe/1030.MIS,190103AE.ZON,.dt,raw_gpr_trace,raw_trace,162120,53f01a07d6791a804868d7edf0a8f6428be40cbfcd8e6cf49f51081088c27fb7,pipe/1030.MIS/190103AE.ZON/LID10002.dt,external_assets/zenodo_gpr_14637589/extracted/Data Set/pipe/1030.MIS/190103AE.ZON/LID10002.dt,<LOCAL_DATA_ROOT>\external_assets\zenodo_gpr_14637589\extracted\Data Set\pipe\1030.MIS\190103AE.ZON\LID10002.dt,2026-08-11,False,public labelled or organized dataset; labels are visible before prediction freeze
zenodo_14637589,10.5281/zenodo.14637589,cc-by-4.0,zenodo_14637589_00154,pipe,pipe,1030.MIS,pipe/1030.MIS,pipe/1030.MIS,190116AA.ZON,.dt,raw_gpr_trace,raw_trace,2369540,3a3997bda319ac12b2c3386d043e9dec09c3bbda21f3d65ea11242f22fee1f5a,pipe/1030.MIS/190116AA.ZON/LID10001.dt,external_assets/zenodo_gpr_14637589/extracted/Data Set/pipe/1030.MIS/190116AA.ZON/LID10001.dt,<LOCAL_DATA_ROOT>\external_assets\zenodo_gpr_14637589\extracted\Data Set\pipe\1030.MIS\190116AA.ZON\LID10001.dt,2026-08-11,False,public labelled or organized dataset; labels are visible before prediction freeze
zenodo_14637589,10.5281/zenodo.14637589,cc-by-4.0,zenodo_14637589_00155,pipe,pipe,1030.MIS,pipe/1030.MIS,pipe/1030.MIS,190116AA.ZON,.dt,raw_gpr_trace,raw_trace,599324,e74a422ed15b79219836e70f96a090a93877f0953fc1600d9b5f9f023c8b27dd,pipe/1030.MIS/190116AA.ZON/LID10002.dt,external_assets/zenodo_gpr_14637589/extracted/Data Set/pipe/1030.MIS/190116AA.ZON/LID10002.dt,<LOCAL_DATA_ROOT>\external_assets\zenodo_gpr_14637589\extracted\Data Set\pipe\1030.MIS\190116AA.ZON\LID10002.dt,2026-08-11,False,public labelled or organized dataset; labels are visible before prediction freeze
zenodo_14637589,10.5281/zenodo.14637589,cc-by-4.0,zenodo_14637589_00156,pipe,pipe,1030.MIS,pipe/1030.MIS,pipe/1030.MIS,190116AB.ZON,.dt,raw_gpr_trace,raw_trace,2488788,53d2f6df5179774fddcada4d32ff7c6b302e94dc5dec9bf8691c784d19792c12,pipe/1030.MIS/190116AB.ZON/LID10001.dt,external_assets/zenodo_gpr_14637589/extracted/Data Set/pipe/1030.MIS/190116AB.ZON/LID10001.dt,<LOCAL_DATA_ROOT>\external_assets\zenodo_gpr_14637589\extracted\Data Set\pipe\1030.MIS\190116AB.ZON\LID10001.dt,2026-08-11,False,public labelled or organized dataset; labels are visible before prediction freeze
zenodo_14637589,10.5281/zenodo.14637589,cc-by-4.0,zenodo_14637589_00157,pipe,pipe,1030.MIS,pipe/1030.MIS,pipe/1030.MIS,190117AA.ZON,.dt,raw_gpr_trace,raw_trace,2424024,f2489d8dbb633e0c7ce36ae4844c0e8e1f694bad7e7af25240388e6029c844c1,pipe/1030.MIS/190117AA.ZON/LID10001.dt,external_assets/zenodo_gpr_14637589/extracted/Data Set/pipe/1030.MIS/190117AA.ZON/LID10001.dt,<LOCAL_DATA_ROOT>\external_assets\zenodo_gpr_14637589\extracted\Data Set\pipe\1030.MIS\190117AA.ZON\LID10001.dt,2026-08-11,False,public labelled or organized dataset; labels are visible before prediction freeze
zenodo_14637589,10.5281/zenodo.14637589,cc-by-4.0,zenodo_14637589_00158,pipe,pipe,1030.MIS,pipe/1030.MIS,pipe/1030.MIS,190117AB.ZON,.dt,raw_gpr_trace,raw_trace,2703640,0de8998ce2949d22be39a5f2c5cb0b18c441989b4f6718ec7265aaa72d118131,pipe/1030.MIS/190117AB.ZON/LID10001.dt,external_assets/zenodo_gpr_14637589/extracted/Data Set/pipe/1030.MIS/190117AB.ZON/LID10001.dt,<LOCAL_DATA_ROOT>\external_assets\zenodo_gpr_14637589\extracted\Data Set\pipe\1030.MIS\190117AB.ZON\LID10001.dt,2026-08-11,False,public labelled or organized dataset; labels are visible before prediction freeze
zenodo_14637589,10.5281/zenodo.14637589,cc-by-4.0,zenodo_14637589_00159,pipe,pipe,1030.MIS,pipe/1030.MIS,pipe/1030.MIS,190117AC.ZON,.dt,raw_gpr_trace,raw_trace,5922308,0c8ac56e413dbf47e378ba7b93003a9be6489c048494a5a9663239edf64f5f29,pipe/1030.MIS/190117AC.ZON/LID10001.dt,external_assets/zenodo_gpr_14637589/extracted/Data Set/pipe/1030.MIS/190117AC.ZON/LID10001.dt,<LOCAL_DATA_ROOT>\external_assets\zenodo_gpr_14637589\extracted\Data Set\pipe\1030.MIS\190117AC.ZON\LID10001.dt,2026-08-11,False,public labelled or organized dataset; labels are visible before prediction freeze
zenodo_14637589,10.5281/zenodo.14637589,cc-by-4.0,zenodo_14637589_00160,pipe,pipe,1030.MIS,pipe/1030.MIS,pipe/1030.MIS,190117AD.ZON,.dt,raw_gpr_trace,raw_trace,152144,763b405cb8ef0c17817f7261cbe98399dbadef2e88838f4184f237ffb8906f74,pipe/1030.MIS/190117AD.ZON/LID10001.dt,external_assets/zenodo_gpr_14637589/extracted/Data Set/pipe/1030.MIS/190117AD.ZON/LID10001.dt,<LOCAL_DATA_ROOT>\external_assets\zenodo_gpr_14637589\extracted\Data Set\pipe\1030.MIS\190117AD.ZON\LID10001.dt,2026-08-11,False,public labelled or organized dataset; labels are visible before prediction freeze
zenodo_14637589,10.5281/zenodo.14637589,cc-by-4.0,zenodo_14637589_00161,pipe,pipe,1030.MIS,pipe/1030.MIS,pipe/1030.MIS,190117AD.ZON,.dt,raw_gpr_trace,raw_trace,722684,9bdefc0929fb7ef94e3a20085316356dc5f1335c510aa32fd9e4e9e4c50f6a08,pipe/1030.MIS/190117AD.ZON/LID10002.dt,external_assets/zenodo_gpr_14637589/extracted/Data Set/pipe/1030.MIS/190117AD.ZON/LID10002.dt,<LOCAL_DATA_ROOT>\external_assets\zenodo_gpr_14637589\extracted\Data Set\pipe\1030.MIS\190117AD.ZON\LID10002.dt,2026-08-11,False,public labelled or organized dataset; labels are visible before prediction freeze
zenodo_14637589,10.5281/zenodo.14637589,cc-by-4.0,zenodo_14637589_00162,pipe,pipe,1030.MIS,pipe/1030.MIS,pipe/1030.MIS,190117AE.ZON,.dt,raw_gpr_trace,raw_trace,1179116,42042275c49cb6c4f15140dfe847d42b2198721d149e62a8ec77e5da4dfdcdd7,pipe/1030.MIS/190117AE.ZON/LID10001.dt,external_assets/zenodo_gpr_14637589/extracted/Data Set/pipe/1030.MIS/190117AE.ZON/LID10001.dt,<LOCAL_DATA_ROOT>\external_assets\zenodo_gpr_14637589\extracted\Data Set\pipe\1030.MIS\190117AE.ZON\LID10001.dt,2026-08-11,False,public labelled or organized dataset; labels are visible before prediction freeze
zenodo_14637589,10.5281/zenodo.14637589,cc-by-4.0,zenodo_14637589_00163,pipe,pipe,1030.MIS,pipe/1030.MIS,pipe/1030.MIS,190117AF.ZON,.dt,raw_gpr_trace,raw_trace,745300,061ac6bffd831b1af5f015ac824080cf91fd2bc6757a7b50d1b506c4fcfd5c75,pipe/1030.MIS/190117AF.ZON/LID10001.dt,external_assets/zenodo_gpr_14637589/extracted/Data Set/pipe/1030.MIS/190117AF.ZON/LID10001.dt,<LOCAL_DATA_ROOT>\external_assets\zenodo_gpr_14637589\extracted\Data Set\pipe\1030.MIS\190117AF.ZON\LID10001.dt,2026-08-11,False,public labelled or organized dataset; labels are visible before prediction freeze
zenodo_14637589,10.5281/zenodo.14637589,cc-by-4.0,zenodo_14637589_00164,pipe,pipe,1030.MIS,pipe/1030.MIS,pipe/1030.MIS,190117AF.ZON,.dt,raw_gpr_trace,raw_trace,184012,d59618848863e595ae496a162d2eacf0e9261c24cef6453dcf1e70a03c3331ba,pipe/1030.MIS/190117AF.ZON/LID10002.dt,external_assets/zenodo_gpr_14637589/extracted/Data Set/pipe/1030.MIS/190117AF.ZON/LID10002.dt,<LOCAL_DATA_ROOT>\external_assets\zenodo_gpr_14637589\extracted\Data Set\pipe\1030.MIS\190117AF.ZON\LID10002.dt,2026-08-11,False,public labelled or organized dataset; labels are visible before prediction freeze
zenodo_14637589,10.5281/zenodo.14637589,cc-by-4.0,zenodo_14637589_00165,pipe,pipe,1030.MIS,pipe/1030.MIS,pipe/1030.MIS,190117AF.ZON,.dt,raw_gpr_trace,raw_trace,163452,01a8e845ec5dded40ee647d5d1e4d854b3ad187132e00dc4f9c72dacf2b88c9e,pipe/1030.MIS/190117AF.ZON/LID10003.dt,external_assets/zenodo_gpr_14637589/extracted/Data Set/pipe/1030.MIS/190117AF.ZON/LID10003.dt,<LOCAL_DATA_ROOT>\external_assets\zenodo_gpr_14637589\extracted\Data Set\pipe\1030.MIS\190117AF.ZON\LID10003.dt,2026-08-11,False,public labelled or organized dataset; labels are visible before prediction freeze
zenodo_14637589,10.5281/zenodo.14637589,cc-by-4.0,zenodo_14637589_00166,pipe,pipe,1030.MIS,pipe/1030.MIS,pipe/1030.MIS,190117AF.ZON,.dt,raw_gpr_trace,raw_trace,731936,70ff8703f20f9d24692ff9da6c90e9758449c70618cbbcf7a0ea11de9fdf5e00,pipe/1030.MIS/190117AF.ZON/LID10004.dt,external_assets/zenodo_gpr_14637589/extracted/Data Set/pipe/1030.MIS/190117AF.ZON/LID10004.dt,<LOCAL_DATA_ROOT>\external_assets\zenodo_gpr_14637589\extracted\Data Set\pipe\1030.MIS\190117AF.ZON\LID10004.dt,2026-08-11,False,public labelled or organized dataset; labels are visible before prediction freeze
zenodo_14637589,10.5281/zenodo.14637589,cc-by-4.0,zenodo_14637589_00167,pipe,pipe,1030.MIS,pipe/1030.MIS,pipe/1030.MIS,190117AF.ZON,.dt,raw_gpr_trace,raw_trace,803896,cdd67db7e03d7a8149cd77023728cb9d35a55a77e8d0e97d047b1b6636a149ab,pipe/1030.MIS/190117AF.ZON/LID10005.dt,external_assets/zenodo_gpr_14637589/extracted/Data Set/pipe/1030.MIS/190117AF.ZON/LID10005.dt,<LOCAL_DATA_ROOT>\external_assets\zenodo_gpr_14637589\extracted\Data Set\pipe\1030.MIS\190117AF.ZON\LID10005.dt,2026-08-11,False,public labelled or organized dataset; labels are visible before prediction freeze
zenodo_14637589,10.5281/zenodo.14637589,cc-by-4.0,zenodo_14637589_00168,pipe,pipe,1030.MIS,pipe/1030.MIS,pipe/1030.MIS,190117AF.ZON,.dt,raw_gpr_trace,raw_trace,809036,8e649cbd3a667d72f5789aadf2d9fa6d4d5ece5ebf13745fb377c61ca81e04f3,pipe/1030.MIS/190117AF.ZON/LID10006.dt,external_assets/zenodo_gpr_14637589/extracted/Data Set/pipe/1030.MIS/190117AF.ZON/LID10006.dt,<LOCAL_DATA_ROOT>\external_assets\zenodo_gpr_14637589\extracted\Data Set\pipe\1030.MIS\190117AF.ZON\LID10006.dt,2026-08-11,False,public labelled or organized dataset; labels are visible before prediction freeze
zenodo_14637589,10.5281/zenodo.14637589,cc-by-4.0,zenodo_14637589_00169,pipe,pipe,1030.MIS,pipe/1030.MIS,pipe/1030.MIS,190117AG.ZON,.dt,raw_gpr_trace,raw_trace,263168,4190d54b595541ddb29612f3b7ae0c6839c243ec5b7142b40aa690f104c880f2,pipe/1030.MIS/190117AG.ZON/LID10001.dt,external_assets/zenodo_gpr_14637589/extracted/Data Set/pipe/1030.MIS/190117AG.ZON/LID10001.dt,<LOCAL_DATA_ROOT>\external_assets\zenodo_gpr_14637589\extracted\Data Set\pipe\1030.MIS\190117AG.ZON\LID10001.dt,2026-08-11,False,public labelled or organized dataset; labels are visible before prediction freeze
zenodo_14637589,10.5281/zenodo.14637589,cc-by-4.0,zenodo_14637589_00170,pipe,pipe,1030.MIS,pipe/1030.MIS,pipe/1030.MIS,190117AG.ZON,.dt,raw_gpr_trace,raw_trace,510916,806801e0d968a472c889f006afd7d754dd1a808896c8406db79a2926cb8b3ebc,pipe/1030.MIS/190117AG.ZON/LID10002.dt,external_assets/zenodo_gpr_14637589/extracted/Data Set/pipe/1030.MIS/190117AG.ZON/LID10002.dt,<LOCAL_DATA_ROOT>\external_assets\zenodo_gpr_14637589\extracted\Data Set\pipe\1030.MIS\190117AG.ZON\LID10002.dt,2026-08-11,False,public labelled or organized dataset; labels are visible before prediction freeze
zenodo_14637589,10.5281/zenodo.14637589,cc-by-4.0,zenodo_14637589_00171,pipe,pipe,1030.MIS,pipe/1030.MIS,pipe/1030.MIS,190117AG.ZON,.dt,raw_gpr_trace,raw_trace,236440,1093790121be61c56245197cb830c5df28cb6d74c8c9708f48d456817b83eb61,pipe/1030.MIS/190117AG.ZON/LID10003.dt,external_assets/zenodo_gpr_14637589/extracted/Data Set/pipe/1030.MIS/190117AG.ZON/LID10003.dt,<LOCAL_DATA_ROOT>\external_assets\zenodo_gpr_14637589\extracted\Data Set\pipe\1030.MIS\190117AG.ZON\LID10003.dt,2026-08-11,False,public labelled or organized dataset; labels are visible before prediction freeze
zenodo_14637589,10.5281/zenodo.14637589,cc-by-4.0,zenodo_14637589_00172,pipe,pipe,1030.MIS,pipe/1030.MIS,pipe/1030.MIS,190117AG.ZON,.dt,raw_gpr_trace,raw_trace,297092,e16477b53660d3610fcdbe6f716755e32cf25826bcdd4b696ba0c4d33f1a11d3,pipe/1030.MIS/190117AG.ZON/LID10004.dt,external_assets/zenodo_gpr_14637589/extracted/Data Set/pipe/1030.MIS/190117AG.ZON/LID10004.dt,<LOCAL_DATA_ROOT>\external_assets\zenodo_gpr_14637589\extracted\Data Set\pipe\1030.MIS\190117AG.ZON\LID10004.dt,2026-08-11,False,public labelled or organized dataset; labels are visible before prediction freeze
zenodo_14637589,10.5281/zenodo.14637589,cc-by-4.0,zenodo_14637589_00173,pipe,pipe,1030.MIS,pipe/1030.MIS,pipe/1030.MIS,190117AG.ZON,.dt,raw_gpr_trace,raw_trace,205600,4db85cefca54e8205c7d731275771e31c0a33ffb002a79ceff5e3c78957e9ab9,pipe/1030.MIS/190117AG.ZON/LID10005.dt,external_assets/zenodo_gpr_14637589/extracted/Data Set/pipe/1030.MIS/190117AG.ZON/LID10005.dt,<LOCAL_DATA_ROOT>\external_assets\zenodo_gpr_14637589\extracted\Data Set\pipe\1030.MIS\190117AG.ZON\LID10005.dt,2026-08-11,False,public labelled or organized dataset; labels are visible before prediction freeze
zenodo_14637589,10.5281/zenodo.14637589,cc-by-4.0,zenodo_14637589_00174,pipe,pipe,1030.MIS,pipe/1030.MIS,pipe/1030.MIS,190117AG.ZON,.dt,raw_gpr_trace,raw_trace,430732,4d16b633503abc9305c16efe3ce67db9fe906cf8b0cd4b5d25590d4c74a2d591,pipe/1030.MIS/190117AG.ZON/LID10006.dt,external_assets/zenodo_gpr_14637589/extracted/Data Set/pipe/1030.MIS/190117AG.ZON/LID10006.dt,<LOCAL_DATA_ROOT>\external_assets\zenodo_gpr_14637589\extracted\Data Set\pipe\1030.MIS\190117AG.ZON\LID10006.dt,2026-08-11,False,public labelled or organized dataset; labels are visible before prediction freeze
zenodo_14637589,10.5281/zenodo.14637589,cc-by-4.0,zenodo_14637589_00175,pipe,pipe,1030.MIS,pipe/1030.MIS,pipe/1030.MIS,190117AG.ZON,.dt,raw_gpr_trace,raw_trace,218964,5dcfbc7d3a43cc960a5afeda8c56133295401eb76fdef80fbab92dc6fbb1a6c9,pipe/1030.MIS/190117AG.ZON/LID10007.dt,external_assets/zenodo_gpr_14637589/extracted/Data Set/pipe/1030.MIS/190117AG.ZON/LID10007.dt,<LOCAL_DATA_ROOT>\external_assets\zenodo_gpr_14637589\extracted\Data Set\pipe\1030.MIS\190117AG.ZON\LID10007.dt,2026-08-11,False,public labelled or organized dataset; labels are visible before prediction freeze
zenodo_14637589,10.5281/zenodo.14637589,cc-by-4.0,zenodo_14637589_00176,pipe,pipe,1030.MIS,pipe/1030.MIS,pipe/1030.MIS,190117AG.ZON,.dt,raw_gpr_trace,raw_trace,873800,65407513e46f566e43b7610af7df1efd48d0595edbca40cfa3742cc67dbe9e07,pipe/1030.MIS/190117AG.ZON/LID10008.dt,external_assets/zenodo_gpr_14637589/extracted/Data Set/pipe/1030.MIS/190117AG.ZON/LID10008.dt,<LOCAL_DATA_ROOT>\external_assets\zenodo_gpr_14637589\extracted\Data Set\pipe\1030.MIS\190117AG.ZON\LID10008.dt,2026-08-11,False,public labelled or organized dataset; labels are visible before prediction freeze
zenodo_14637589,10.5281/zenodo.14637589,cc-by-4.0,zenodo_14637589_00177,pipe,pipe,1030.MIS,pipe/1030.MIS,pipe/1030.MIS,190117AG.ZON,.dt,raw_gpr_trace,raw_trace,103828,a34ff5448a8c4de517be6e36b86dafd4af101f9f56fa3d353bad0957c3caf82e,pipe/1030.MIS/190117AG.ZON/LID10009.dt,external_assets/zenodo_gpr_14637589/extracted/Data Set/pipe/1030.MIS/190117AG.ZON/LID10009.dt,<LOCAL_DATA_ROOT>\external_assets\zenodo_gpr_14637589\extracted\Data Set\pipe\1030.MIS\190117AG.ZON\LID10009.dt,2026-08-11,False,public labelled or organized dataset; labels are visible before prediction freeze
zenodo_14637589,10.5281/zenodo.14637589,cc-by-4.0,zenodo_14637589_00178,pipe,pipe,1030.MIS,pipe/1030.MIS,pipe/1030.MIS,190117AG.ZON,.dt,raw_gpr_trace,raw_trace,515028,3cf336c08021cdf01085d983967ef0fe029cf11d78629f9abed7c4e3c3acb6d6,pipe/1030.MIS/190117AG.ZON/LID10010.dt,external_assets/zenodo_gpr_14637589/extracted/Data Set/pipe/1030.MIS/190117AG.ZON/LID10010.dt,<LOCAL_DATA_ROOT>\external_assets\zenodo_gpr_14637589\extracted\Data Set\pipe\1030.MIS\190117AG.ZON\LID10010.dt,2026-08-11,False,public labelled or organized dataset; labels are visible before prediction freeze
zenodo_14637589,10.5281/zenodo.14637589,cc-by-4.0,zenodo_14637589_00179,pipe,pipe,1030.MIS,pipe/1030.MIS,pipe/1030.MIS,190117AG.ZON,.dt,raw_gpr_trace,raw_trace,236440,e922fab6281b81d026f0210ee8f63d3778ba181ec5e818c18be92443218e9a08,pipe/1030.MIS/190117AG.ZON/LID10011.dt,external_assets/zenodo_gpr_14637589/extracted/Data Set/pipe/1030.MIS/190117AG.ZON/LID10011.dt,<LOCAL_DATA_ROOT>\external_assets\zenodo_gpr_14637589\extracted\Data Set\pipe\1030.MIS\190117AG.ZON\LID10011.dt,2026-08-11,False,public labelled or organized dataset; labels are visible before prediction freeze
zenodo_14637589,10.5281/zenodo.14637589,cc-by-4.0,zenodo_14637589_00180,pipe,pipe,1030.MIS,pipe/1030.MIS,pipe/1030.MIS,190117AG.ZON,.dt,raw_gpr_trace,raw_trace,260084,9944f370c869aac04b36675ff5390a96f57e22f331a064320b051db40f161bab,pipe/1030.MIS/190117AG.ZON/LID10012.dt,external_assets/zenodo_gpr_14637589/extracted/Data Set/pipe/1030.MIS/190117AG.ZON/LID10012.dt,<LOCAL_DATA_ROOT>\external_assets\zenodo_gpr_14637589\extracted\Data Set\pipe\1030.MIS\190117AG.ZON\LID10012.dt,2026-08-11,False,public labelled or organized dataset; labels are visible before prediction freeze
zenodo_14637589,10.5281/zenodo.14637589,cc-by-4.0,zenodo_14637589_00181,pipe,pipe,1030.MIS,pipe/1030.MIS,pipe/1030.MIS,190117AG.ZON,.dt,raw_gpr_trace,raw_trace,341296,22b0f01b247a6f395aa47e1ce344a97780f205d21107b728fb112a8954776bc2,pipe/1030.MIS/190117AG.ZON/LID10013.dt,external_assets/zenodo_gpr_14637589/extracted/Data Set/pipe/1030.MIS/190117AG.ZON/LID10013.dt,<LOCAL_DATA_ROOT>\external_assets\zenodo_gpr_14637589\extracted\Data Set\pipe\1030.MIS\190117AG.ZON\LID10013.dt,2026-08-11,False,public labelled or organized dataset; labels are visible before prediction freeze
zenodo_14637589,10.5281/zenodo.14637589,cc-by-4.0,zenodo_14637589_00182,pipe,pipe,1030.MIS,pipe/1030.MIS,pipe/1030.MIS,190117AG.ZON,.dt,raw_gpr_trace,raw_trace,405032,4a7194c0e4d2b387eb65467e51d86f1478f70ab75202e3d25c2717e2914b7834,pipe/1030.MIS/190117AG.ZON/LID10014.dt,external_assets/zenodo_gpr_14637589/extracted/Data Set/pipe/1030.MIS/190117AG.ZON/LID10014.dt,<LOCAL_DATA_ROOT>\external_assets\zenodo_gpr_14637589\extracted\Data Set\pipe\1030.MIS\190117AG.ZON\LID10014.dt,2026-08-11,False,public labelled or organized dataset; labels are visible before prediction freeze
zenodo_14637589,10.5281/zenodo.14637589,cc-by-4.0,zenodo_14637589_00183,pipe,pipe,1030.MIS,pipe/1030.MIS,pipe/1030.MIS,190117AH.ZON,.dt,raw_gpr_trace,raw_trace,361856,3062561e7b15048c4e7f90d47ccd96bd9f1c3ad037c7529671df2145c2ca72f1,pipe/1030.MIS/190117AH.ZON/LID10001.dt,external_assets/zenodo_gpr_14637589/extracted/Data Set/pipe/1030.MIS/190117AH.ZON/LID10001.dt,<LOCAL_DATA_ROOT>\external_assets\zenodo_gpr_14637589\extracted\Data Set\pipe\1030.MIS\190117AH.ZON\LID10001.dt,2026-08-11,False,public labelled or organized dataset; labels are visible before prediction freeze
zenodo_14637589,10.5281/zenodo.14637589,cc-by-4.0,zenodo_14637589_00184,pipe,pipe,1030.MIS,pipe/1030.MIS,pipe/1030.MIS,190117AH.ZON,.dt,raw_gpr_trace,raw_trace,236440,d9a3e761ffd67e70c35871ff6e2006ede1c02c0253ee1d7190e9b992bb812d89,pipe/1030.MIS/190117AH.ZON/LID10002.dt,external_assets/zenodo_gpr_14637589/extracted/Data Set/pipe/1030.MIS/190117AH.ZON/LID10002.dt,<LOCAL_DATA_ROOT>\external_assets\zenodo_gpr_14637589\extracted\Data Set\pipe\1030.MIS\190117AH.ZON\LID10002.dt,2026-08-11,False,public labelled or organized dataset; labels are visible before prediction freeze
zenodo_14637589,10.5281/zenodo.14637589,cc-by-4.0,zenodo_14637589_00185,pipe,pipe,1030.MIS,pipe/1030.MIS,pipe/1030.MIS,190117AH.ZON,.dt,raw_gpr_trace,raw_trace,383444,bfebfc33287fd7f1444ddb015a7f2b8f5f48302f9e19ac20e21722d1c8bbd695,pipe/1030.MIS/190117AH.ZON/LID10003.dt,external_assets/zenodo_gpr_14637589/extracted/Data Set/pipe/1030.MIS/190117AH.ZON/LID10003.dt,<LOCAL_DATA_ROOT>\external_assets\zenodo_gpr_14637589\extracted\Data Set\pipe\1030.MIS\190117AH.ZON\LID10003.dt,2026-08-11,False,public labelled or organized dataset; labels are visible before prediction freeze
zenodo_14637589,10.5281/zenodo.14637589,cc-by-4.0,zenodo_14637589_00186,pipe,pipe,1030.MIS,pipe/1030.MIS,pipe/1030.MIS,190117AI.ZON,.dt,raw_gpr_trace,raw_trace,269336,6a3d5eb02370534592eb7a8154bd7b63f1ad94123f7faa77d5d929da640483ab,pipe/1030.MIS/190117AI.ZON/LID10001.dt,external_assets/zenodo_gpr_14637589/extracted/Data Set/pipe/1030.MIS/190117AI.ZON/LID10001.dt,<LOCAL_DATA_ROOT>\external_assets\zenodo_gpr_14637589\extracted\Data Set\pipe\1030.MIS\190117AI.ZON\LID10001.dt,2026-08-11,False,public labelled or organized dataset; labels are visible before prediction freeze
zenodo_14637589,10.5281/zenodo.14637589,cc-by-4.0,zenodo_14637589_00187,pipe,pipe,1030.MIS,pipe/1030.MIS,pipe/1030.MIS,190117AI.ZON,.dt,raw_gpr_trace,raw_trace,721656,651f574c3137cbff3a71032b8b6fd907914e7fa10b97bddbb79e1fb709a2e0db,pipe/1030.MIS/190117AI.ZON/LID10002.dt,external_assets/zenodo_gpr_14637589/extracted/Data Set/pipe/1030.MIS/190117AI.ZON/LID10002.dt,<LOCAL_DATA_ROOT>\external_assets\zenodo_gpr_14637589\extracted\Data Set\pipe\1030.MIS\190117AI.ZON\LID10002.dt,2026-08-11,False,public labelled or organized dataset; labels are visible before prediction freeze
zenodo_14637589,10.5281/zenodo.14637589,cc-by-4.0,zenodo_14637589_00188,pipe,pipe,1030.MIS,pipe/1030.MIS,pipe/1030.MIS,190117AI.ZON,.dt,raw_gpr_trace,raw_trace,709320,067bbb1c2cc39f1d5d4c283d7ef8137c0deac999d040ba5a8a3b615c9e265cc3,pipe/1030.MIS/190117AI.ZON/LID10003.dt,external_assets/zenodo_gpr_14637589/extracted/Data Set/pipe/1030.MIS/190117AI.ZON/LID10003.dt,<LOCAL_DATA_ROOT>\external_assets\zenodo_gpr_14637589\extracted\Data Set\pipe\1030.MIS\190117AI.ZON\LID10003.dt,2026-08-11,False,public labelled or organized dataset; labels are visible before prediction freeze
zenodo_14637589,10.5281/zenodo.14637589,cc-by-4.0,zenodo_14637589_00189,pipe,pipe,1030.MIS,pipe/1030.MIS,pipe/1030.MIS,190117AI.ZON,.dt,raw_gpr_trace,raw_trace,521196,0f117134d4aab0b0eeb8eecd141e2bd5aacdc590dc5ca80bf4e5df8d3374e186,pipe/1030.MIS/190117AI.ZON/LID10004.dt,external_assets/zenodo_gpr_14637589/extracted/Data Set/pipe/1030.MIS/190117AI.ZON/LID10004.dt,<LOCAL_DATA_ROOT>\external_assets\zenodo_gpr_14637589\extracted\Data Set\pipe\1030.MIS\190117AI.ZON\LID10004.dt,2026-08-11,False,public labelled or organized dataset; labels are visible before prediction freeze
zenodo_14637589,10.5281/zenodo.14637589,cc-by-4.0,zenodo_14637589_00190,pipe,pipe,1030.MIS,pipe/1030.MIS,pipe/1030.MIS,190117AI.ZON,.dt,raw_gpr_trace,raw_trace,325876,85f7805601e5c8ca9d1640c460acbcc26467a4c8fac6f81cf74a006039099c38,pipe/1030.MIS/190117AI.ZON/LID10005.dt,external_assets/zenodo_gpr_14637589/extracted/Data Set/pipe/1030.MIS/190117AI.ZON/LID10005.dt,<LOCAL_DATA_ROOT>\external_assets\zenodo_gpr_14637589\extracted\Data Set\pipe\1030.MIS\190117AI.ZON\LID10005.dt,2026-08-11,False,public labelled or organized dataset; labels are visible before prediction freeze
zenodo_14637589,10.5281/zenodo.14637589,cc-by-4.0,zenodo_14637589_00191,pipe,pipe,1030.MIS,pipe/1030.MIS,pipe/1030.MIS,190117AI.ZON,.dt,raw_gpr_trace,raw_trace,902584,54f3ef3bb6d5738b439af63cab86c84496bd3abda1ad23fd238dcefc05dabd09,pipe/1030.MIS/190117AI.ZON/LID10006.dt,external_assets/zenodo_gpr_14637589/extracted/Data Set/pipe/1030.MIS/190117AI.ZON/LID10006.dt,<LOCAL_DATA_ROOT>\external_assets\zenodo_gpr_14637589\extracted\Data Set\pipe\1030.MIS\190117AI.ZON\LID10006.dt,2026-08-11,False,public labelled or organized dataset; labels are visible before prediction freeze
zenodo_14637589,10.5281/zenodo.14637589,cc-by-4.0,zenodo_14637589_00192,pipe,pipe,1030.MIS,pipe/1030.MIS,pipe/1030.MIS,190117AI.ZON,.dt,raw_gpr_trace,raw_trace,842960,d8b652df8b7c32944ab2bba30dad6bc110ae3784207c28fc9a70e454bed218b8,pipe/1030.MIS/190117AI.ZON/LID10007.dt,external_assets/zenodo_gpr_14637589/extracted/Data Set/pipe/1030.MIS/190117AI.ZON/LID10007.dt,<LOCAL_DATA_ROOT>\external_assets\zenodo_gpr_14637589\extracted\Data Set\pipe\1030.MIS\190117AI.ZON\LID10007.dt,2026-08-11,False,public labelled or organized dataset; labels are visible before prediction freeze
zenodo_14637589,10.5281/zenodo.14637589,cc-by-4.0,zenodo_14637589_00193,pipe,pipe,1030.MIS,pipe/1030.MIS,pipe/1030.MIS,190117AI.ZON,.dt,raw_gpr_trace,raw_trace,641472,4ae0803421f3492b16d9a67f7c3f9450973df722221f52aa37fe10b9037b7b3a,pipe/1030.MIS/190117AI.ZON/LID10008.dt,external_assets/zenodo_gpr_14637589/extracted/Data Set/pipe/1030.MIS/190117AI.ZON/LID10008.dt,<LOCAL_DATA_ROOT>\external_assets\zenodo_gpr_14637589\extracted\Data Set\pipe\1030.MIS\190117AI.ZON\LID10008.dt,2026-08-11,False,public labelled or organized dataset; labels are visible before prediction freeze
zenodo_14637589,10.5281/zenodo.14637589,cc-by-4.0,zenodo_14637589_00194,pipe,pipe,1030.MIS,pipe/1030.MIS,pipe/1030.MIS,190117AI.ZON,.dt,raw_gpr_trace,raw_trace,666144,90a216ed6d6297e46e5919de1239777d3085be5d5799a0857ac531549cb1ed27,pipe/1030.MIS/190117AI.ZON/LID10009.dt,external_assets/zenodo_gpr_14637589/extracted/Data Set/pipe/1030.MIS/190117AI.ZON/LID10009.dt,<LOCAL_DATA_ROOT>\external_assets\zenodo_gpr_14637589\extracted\Data Set\pipe\1030.MIS\190117AI.ZON\LID10009.dt,2026-08-11,False,public labelled or organized dataset; labels are visible before prediction freeze
zenodo_14637589,10.5281/zenodo.14637589,cc-by-4.0,zenodo_14637589_00195,pipe,pipe,1030.MIS,pipe/1030.MIS,pipe/1030.MIS,190117AI.ZON,.dt,raw_gpr_trace,raw_trace,565400,e868eb27fff339436a9a212e1da8449d424f5e0d13eb1b28628c732453f462c8,pipe/1030.MIS/190117AI.ZON/LID10010.dt,external_assets/zenodo_gpr_14637589/extracted/Data Set/pipe/1030.MIS/190117AI.ZON/LID10010.dt,<LOCAL_DATA_ROOT>\external_assets\zenodo_gpr_14637589\extracted\Data Set\pipe\1030.MIS\190117AI.ZON\LID10010.dt,2026-08-11,False,public labelled or organized dataset; labels are visible before prediction freeze
zenodo_14637589,10.5281/zenodo.14637589,cc-by-4.0,zenodo_14637589_00196,pipe,pipe,1030.MIS,pipe/1030.MIS,pipe/1030.MIS,190117AI.ZON,.dt,raw_gpr_trace,raw_trace,450264,7356ab640fa597d92162bca2e3b8020a884cfe593c19096e546bc26d9c92fbb6,pipe/1030.MIS/190117AI.ZON/LID10011.dt,external_assets/zenodo_gpr_14637589/extracted/Data Set/pipe/1030.MIS/190117AI.ZON/LID10011.dt,<LOCAL_DATA_ROOT>\external_assets\zenodo_gpr_14637589\extracted\Data Set\pipe\1030.MIS\190117AI.ZON\LID10011.dt,2026-08-11,False,public labelled or organized dataset; labels are visible before prediction freeze
zenodo_14637589,10.5281/zenodo.14637589,cc-by-4.0,zenodo_14637589_00197,pipe,pipe,1030.MIS,pipe/1030.MIS,pipe/1030.MIS,190117AI.ZON,.dt,raw_gpr_trace,raw_trace,271392,ef69105282d23dca7f0831d3f0c94d93dd2e2db8c0a37f21a7232e82d7634b9f,pipe/1030.MIS/190117AI.ZON/LID10012.dt,external_assets/zenodo_gpr_14637589/extracted/Data Set/pipe/1030.MIS/190117AI.ZON/LID10012.dt,<LOCAL_DATA_ROOT>\external_assets\zenodo_gpr_14637589\extracted\Data Set\pipe\1030.MIS\190117AI.ZON\LID10012.dt,2026-08-11,False,public labelled or organized dataset; labels are visible before prediction freeze
zenodo_14637589,10.5281/zenodo.14637589,cc-by-4.0,zenodo_14637589_00198,pipe,pipe,1030.MIS,pipe/1030.MIS,pipe/1030.MIS,190117AI.ZON,.dt,raw_gpr_trace,raw_trace,383444,a53b8b9d9c92b6525ad1f24f487b5c49890746f7acb947556cec8315fad4f7cc,pipe/1030.MIS/190117AI.ZON/LID10013.dt,external_assets/zenodo_gpr_14637589/extracted/Data Set/pipe/1030.MIS/190117AI.ZON/LID10013.dt,<LOCAL_DATA_ROOT>\external_assets\zenodo_gpr_14637589\extracted\Data Set\pipe\1030.MIS\190117AI.ZON\LID10013.dt,2026-08-11,False,public labelled or organized dataset; labels are visible before prediction freeze
zenodo_14637589,10.5281/zenodo.14637589,cc-by-4.0,zenodo_14637589_00199,pipe,pipe,1030.MIS,pipe/1030.MIS,pipe/1030.MIS,190117AI.ZON,.dt,raw_gpr_trace,raw_trace,527364,e5a245d609b78ab434e2eec6a74f107c9625b4d9effe1cc6a374af374e9d49b6,pipe/1030.MIS/190117AI.ZON/LID10014.dt,external_assets/zenodo_gpr_14637589/extracted/Data Set/pipe/1030.MIS/190117AI.ZON/LID10014.dt,<LOCAL_DATA_ROOT>\external_assets\zenodo_gpr_14637589\extracted\Data Set\pipe\1030.MIS\190117AI.ZON\LID10014.dt,2026-08-11,False,public labelled or organized dataset; labels are visible before prediction freeze
zenodo_14637589,10.5281/zenodo.14637589,cc-by-4.0,zenodo_14637589_00200,pipe,pipe,1030.MIS,pipe/1030.MIS,pipe/1030.MIS,190117AI.ZON,.dt,raw_gpr_trace,raw_trace,359800,4d195fc3b662d69d895bfa02a68a367159d5e239059e2ff63ebceda2037e17dc,pipe/1030.MIS/190117AI.ZON/LID10015.dt,external_assets/zenodo_gpr_14637589/extracted/Data Set/pipe/1030.MIS/190117AI.ZON/LID10015.dt,<LOCAL_DATA_ROOT>\external_assets\zenodo_gpr_14637589\extracted\Data Set\pipe\1030.MIS\190117AI.ZON\LID10015.dt,2026-08-11,False,public labelled or organized dataset; labels are visible before prediction freeze
zenodo_14637589,10.5281/zenodo.14637589,cc-by-4.0,zenodo_14637589_00201,pipe,pipe,1030.MIS,pipe/1030.MIS,pipe/1030.MIS,190117AI.ZON,.dt,raw_gpr_trace,raw_trace,950900,64c965ae3a3bc5fc0148a4631ed83eb402e75db52eb2dfef0ac391318cb0b02c,pipe/1030.MIS/190117AI.ZON/LID10016.dt,external_assets/zenodo_gpr_14637589/extracted/Data Set/pipe/1030.MIS/190117AI.ZON/LID10016.dt,<LOCAL_DATA_ROOT>\external_assets\zenodo_gpr_14637589\extracted\Data Set\pipe\1030.MIS\190117AI.ZON\LID10016.dt,2026-08-11,False,public labelled or organized dataset; labels are visible before prediction freeze
zenodo_14637589,10.5281/zenodo.14637589,cc-by-4.0,zenodo_14637589_00202,pipe,pipe,1030.MIS,pipe/1030.MIS,pipe/1030.MIS,190117AI.ZON,.dt,raw_gpr_trace,raw_trace,602408,8f3403d9fbbfb2c5746d6ee28c6d8337492f6b48bcd1ae332080759a84d506f8,pipe/1030.MIS/190117AI.ZON/LID10017.dt,external_assets/zenodo_gpr_14637589/extracted/Data Set/pipe/1030.MIS/190117AI.ZON/LID10017.dt,<LOCAL_DATA_ROOT>\external_assets\zenodo_gpr_14637589\extracted\Data Set\pipe\1030.MIS\190117AI.ZON\LID10017.dt,2026-08-11,False,public labelled or organized dataset; labels are visible before prediction freeze
zenodo_14637589,10.5281/zenodo.14637589,cc-by-4.0,zenodo_14637589_00203,pipe,pipe,1030.MIS,pipe/1030.MIS,pipe/1030.MIS,190117AI.ZON,.dt,raw_gpr_trace,raw_trace,708292,3506a31f73fe5793aece1913c4fe508ce58b28d6914892350e795cfcf8c8f0e7,pipe/1030.MIS/190117AI.ZON/LID10018.dt,external_assets/zenodo_gpr_14637589/extracted/Data Set/pipe/1030.MIS/190117AI.ZON/LID10018.dt,<LOCAL_DATA_ROOT>\external_assets\zenodo_gpr_14637589\extracted\Data Set\pipe\1030.MIS\190117AI.ZON\LID10018.dt,2026-08-11,False,public labelled or organized dataset; labels are visible before prediction freeze
zenodo_14637589,10.5281/zenodo.14637589,cc-by-4.0,zenodo_14637589_00204,pipe,pipe,1030.MIS,pipe/1030.MIS,pipe/1030.MIS,190117AI.ZON,.dt,raw_gpr_trace,raw_trace,460544,5eb6d8991d0d1d17d2ae8ad17c11638a6f396cfabcff0e4864c8a988bd5a521f,pipe/1030.MIS/190117AI.ZON/LID10019.dt,external_assets/zenodo_gpr_14637589/extracted/Data Set/pipe/1030.MIS/190117AI.ZON/LID10019.dt,<LOCAL_DATA_ROOT>\external_assets\zenodo_gpr_14637589\extracted\Data Set\pipe\1030.MIS\190117AI.ZON\LID10019.dt,2026-08-11,False,public labelled or organized dataset; labels are visible before prediction freeze
zenodo_14637589,10.5281/zenodo.14637589,cc-by-4.0,zenodo_14637589_00205,pipe,pipe,1030.MIS,pipe/1030.MIS,pipe/1030.MIS,190117AI.ZON,.dt,raw_gpr_trace,raw_trace,471852,93985fd8c733ddf45b518601cc7b1f430fd10205f46a4cc171bbd830dccce67f,pipe/1030.MIS/190117AI.ZON/LID10020.dt,external_assets/zenodo_gpr_14637589/extracted/Data Set/pipe/1030.MIS/190117AI.ZON/LID10020.dt,<LOCAL_DATA_ROOT>\external_assets\zenodo_gpr_14637589\extracted\Data Set\pipe\1030.MIS\190117AI.ZON\LID10020.dt,2026-08-11,False,public labelled or organized dataset; labels are visible before prediction freeze
zenodo_14637589,10.5281/zenodo.14637589,cc-by-4.0,zenodo_14637589_00206,pipe,pipe,1030.MIS,pipe/1030.MIS,pipe/1030.MIS,190117AI.ZON,.dt,raw_gpr_trace,raw_trace,434844,24a5cb13150eeba9937879f475e4c219ebd08e4fb2851efd7a018ce552dcc281,pipe/1030.MIS/190117AI.ZON/LID10021.dt,external_assets/zenodo_gpr_14637589/extracted/Data Set/pipe/1030.MIS/190117AI.ZON/LID10021.dt,<LOCAL_DATA_ROOT>\external_assets\zenodo_gpr_14637589\extracted\Data Set\pipe\1030.MIS\190117AI.ZON\LID10021.dt,2026-08-11,False,public labelled or organized dataset; labels are visible before prediction freeze
zenodo_14637589,10.5281/zenodo.14637589,cc-by-4.0,zenodo_14637589_00207,pipe,pipe,1030.MIS,pipe/1030.MIS,pipe/1030.MIS,190117AI.ZON,.dt,raw_gpr_trace,raw_trace,568484,2e0fc0a86737b15404213607fb95bc1d2a297403f0d12cadd0abdbad2e8180d3,pipe/1030.MIS/190117AI.ZON/LID10022.dt,external_assets/zenodo_gpr_14637589/extracted/Data Set/pipe/1030.MIS/190117AI.ZON/LID10022.dt,<LOCAL_DATA_ROOT>\external_assets\zenodo_gpr_14637589\extracted\Data Set\pipe\1030.MIS\190117AI.ZON\LID10022.dt,2026-08-11,False,public labelled or organized dataset; labels are visible before prediction freeze
zenodo_14637589,10.5281/zenodo.14637589,cc-by-4.0,zenodo_14637589_00208,pipe,pipe,1030.MIS,pipe/1030.MIS,pipe/1030.MIS,190117AI.ZON,.dt,raw_gpr_trace,raw_trace,244664,78e982c721f604c939e31f29481c51e8329676c6ae3d06daa50980a9e728ffdd,pipe/1030.MIS/190117AI.ZON/LID10023.dt,external_assets/zenodo_gpr_14637589/extracted/Data Set/pipe/1030.MIS/190117AI.ZON/LID10023.dt,<LOCAL_DATA_ROOT>\external_assets\zenodo_gpr_14637589\extracted\Data Set\pipe\1030.MIS\190117AI.ZON\LID10023.dt,2026-08-11,False,public labelled or organized dataset; labels are visible before prediction freeze
zenodo_14637589,10.5281/zenodo.14637589,cc-by-4.0,zenodo_14637589_00209,pipe,pipe,1030.MIS,pipe/1030.MIS,pipe/1030.MIS,190117AI.ZON,.dt,raw_gpr_trace,raw_trace,676424,d4dcdd8b2ae74466a0b925e4a3539cefe095d1ab73494d2515fe64b2b9529bc6,pipe/1030.MIS/190117AI.ZON/LID10024.dt,external_assets/zenodo_gpr_14637589/extracted/Data Set/pipe/1030.MIS/190117AI.ZON/LID10024.dt,<LOCAL_DATA_ROOT>\external_assets\zenodo_gpr_14637589\extracted\Data Set\pipe\1030.MIS\190117AI.ZON\LID10024.dt,2026-08-11,False,public labelled or organized dataset; labels are visible before prediction freeze
zenodo_14637589,10.5281/zenodo.14637589,cc-by-4.0,zenodo_14637589_00210,pipe,pipe,1030.MIS,pipe/1030.MIS,pipe/1030.MIS,190117AI.ZON,.dt,raw_gpr_trace,raw_trace,443068,89a9fd9e8c8c7012f83289e781871ec0b133060a7d403f38a79c3a60ee6f4003,pipe/1030.MIS/190117AI.ZON/LID10025.dt,external_assets/zenodo_gpr_14637589/extracted/Data Set/pipe/1030.MIS/190117AI.ZON/LID10025.dt,<LOCAL_DATA_ROOT>\external_assets\zenodo_gpr_14637589\extracted\Data Set\pipe\1030.MIS\190117AI.ZON\LID10025.dt,2026-08-11,False,public labelled or organized dataset; labels are visible before prediction freeze
zenodo_14637589,10.5281/zenodo.14637589,cc-by-4.0,zenodo_14637589_00211,pipe,pipe,1030.MIS,pipe/1030.MIS,pipe/1030.MIS,190117AI.ZON,.dt,raw_gpr_trace,raw_trace,240552,48d32e6261b5d15aa334c7008476ce682544ece8d5c8f49cfd21a7bc6de5b130,pipe/1030.MIS/190117AI.ZON/LID10026.dt,external_assets/zenodo_gpr_14637589/extracted/Data Set/pipe/1030.MIS/190117AI.ZON/LID10026.dt,<LOCAL_DATA_ROOT>\external_assets\zenodo_gpr_14637589\extracted\Data Set\pipe\1030.MIS\190117AI.ZON\LID10026.dt,2026-08-11,False,public labelled or organized dataset; labels are visible before prediction freeze
zenodo_14637589,10.5281/zenodo.14637589,cc-by-4.0,zenodo_14637589_00212,pipe,pipe,1030.MIS,pipe/1030.MIS,pipe/1030.MIS,190117AI.ZON,.dt,raw_gpr_trace,raw_trace,583904,ab06b0ea23df803fd6978b620a04660b04723fd75aac74c466a39bb38b0ad073,pipe/1030.MIS/190117AI.ZON/LID10027.dt,external_assets/zenodo_gpr_14637589/extracted/Data Set/pipe/1030.MIS/190117AI.ZON/LID10027.dt,<LOCAL_DATA_ROOT>\external_assets\zenodo_gpr_14637589\extracted\Data Set\pipe\1030.MIS\190117AI.ZON\LID10027.dt,2026-08-11,False,public labelled or organized dataset; labels are visible before prediction freeze
zenodo_14637589,10.5281/zenodo.14637589,cc-by-4.0,zenodo_14637589_00213,pipe,pipe,1030.MIS,pipe/1030.MIS,pipe/1030.MIS,190117AI.ZON,.dt,raw_gpr_trace,raw_trace,708292,b4de431b9a45d7f4a5ecbf7793db91c24332cb64d31c7750654d0dafd6b78d9f,pipe/1030.MIS/190117AI.ZON/LID10028.dt,external_assets/zenodo_gpr_14637589/extracted/Data Set/pipe/1030.MIS/190117AI.ZON/LID10028.dt,<LOCAL_DATA_ROOT>\external_assets\zenodo_gpr_14637589\extracted\Data Set\pipe\1030.MIS\190117AI.ZON\LID10028.dt,2026-08-11,False,public labelled or organized dataset; labels are visible before prediction freeze
zenodo_14637589,10.5281/zenodo.14637589,cc-by-4.0,zenodo_14637589_00214,pipe,pipe,1030.MIS,pipe/1030.MIS,pipe/1030.MIS,190117AI.ZON,.dt,raw_gpr_trace,raw_trace,505776,6656f71e8a2f7c10824de421dc5cbeba29fb19d22c49a3ccedfc11368ec3d6da,pipe/1030.MIS/190117AI.ZON/LID10029.dt,external_assets/zenodo_gpr_14637589/extracted/Data Set/pipe/1030.MIS/190117AI.ZON/LID10029.dt,<LOCAL_DATA_ROOT>\external_assets\zenodo_gpr_14637589\extracted\Data Set\pipe\1030.MIS\190117AI.ZON\LID10029.dt,2026-08-11,False,public labelled or organized dataset; labels are visible before prediction freeze
zenodo_14637589,10.5281/zenodo.14637589,cc-by-4.0,zenodo_14637589_00215,pipe,pipe,1030.MIS,pipe/1030.MIS,pipe/1030.MIS,190117AI.ZON,.dt,raw_gpr_trace,raw_trace,615772,01ee7e9ff7e3d16a5cbcd5256a4fbdfa8f09edd2bb7efb70165ed6747c9fa604,pipe/1030.MIS/190117AI.ZON/LID10030.dt,external_assets/zenodo_gpr_14637589/extracted/Data Set/pipe/1030.MIS/190117AI.ZON/LID10030.dt,<LOCAL_DATA_ROOT>\external_assets\zenodo_gpr_14637589\extracted\Data Set\pipe\1030.MIS\190117AI.ZON\LID10030.dt,2026-08-11,False,public labelled or organized dataset; labels are visible before prediction freeze
zenodo_14637589,10.5281/zenodo.14637589,cc-by-4.0,zenodo_14637589_00216,pipe,pipe,1030.MIS,pipe/1030.MIS,pipe/1030.MIS,190117AI.ZON,.dt,raw_gpr_trace,raw_trace,240552,89da7b7e69d7e4ba8e05602f19b9094d2a907d96a4b432bbd6db28c2ffeb6bd0,pipe/1030.MIS/190117AI.ZON/LID10031.dt,external_assets/zenodo_gpr_14637589/extracted/Data Set/pipe/1030.MIS/190117AI.ZON/LID10031.dt,<LOCAL_DATA_ROOT>\external_assets\zenodo_gpr_14637589\extracted\Data Set\pipe\1030.MIS\190117AI.ZON\LID10031.dt,2026-08-11,False,public labelled or organized dataset; labels are visible before prediction freeze
zenodo_14637589,10.5281/zenodo.14637589,cc-by-4.0,zenodo_14637589_00217,pipe,pipe,1030.MIS,pipe/1030.MIS,pipe/1030.MIS,190117AI.ZON,.dt,raw_gpr_trace,raw_trace,346436,e77bd7076d6a5b9a4d808ee1f3cdc24e8c66c1dbca780418a1cf7100c770ef20,pipe/1030.MIS/190117AI.ZON/LID10032.dt,external_assets/zenodo_gpr_14637589/extracted/Data Set/pipe/1030.MIS/190117AI.ZON/LID10032.dt,<LOCAL_DATA_ROOT>\external_assets\zenodo_gpr_14637589\extracted\Data Set\pipe\1030.MIS\190117AI.ZON\LID10032.dt,2026-08-11,False,public labelled or organized dataset; labels are visible before prediction freeze
zenodo_14637589,10.5281/zenodo.14637589,cc-by-4.0,zenodo_14637589_00218,pipe,pipe,1030.MIS,pipe/1030.MIS,pipe/1030.MIS,190117AI.ZON,.dt,raw_gpr_trace,raw_trace,1185284,a8917f4eac9212aac74579e0de2f923d6fe106a6fc94df123694f200dcb153c2,pipe/1030.MIS/190117AI.ZON/LID10033.dt,external_assets/zenodo_gpr_14637589/extracted/Data Set/pipe/1030.MIS/190117AI.ZON/LID10033.dt,<LOCAL_DATA_ROOT>\external_assets\zenodo_gpr_14637589\extracted\Data Set\pipe\1030.MIS\190117AI.ZON\LID10033.dt,2026-08-11,False,public labelled or organized dataset; labels are visible before prediction freeze
zenodo_14637589,10.5281/zenodo.14637589,cc-by-4.0,zenodo_14637589_00219,pipe,pipe,1030.MIS,pipe/1030.MIS,pipe/1030.MIS,190117AI.ZON,.dt,raw_gpr_trace,raw_trace,378304,eceeb27cf9732c59733bf9e6e6652d61cebc6ef16849bdcbf08d6646c5929378,pipe/1030.MIS/190117AI.ZON/LID10034.dt,external_assets/zenodo_gpr_14637589/extracted/Data Set/pipe/1030.MIS/190117AI.ZON/LID10034.dt,<LOCAL_DATA_ROOT>\external_assets\zenodo_gpr_14637589\extracted\Data Set\pipe\1030.MIS\190117AI.ZON\LID10034.dt,2026-08-11,False,public labelled or organized dataset; labels are visible before prediction freeze
zenodo_14637589,10.5281/zenodo.14637589,cc-by-4.0,zenodo_14637589_00220,pipe,pipe,1030.MIS,pipe/1030.MIS,pipe/1030.MIS,190117AI.ZON,.dt,raw_gpr_trace,raw_trace,283728,ede3e1e6517b67740b8c1d7edb037c59f8595fc710d98b0d5f7d24e3cb46b33f,pipe/1030.MIS/190117AI.ZON/LID10035.dt,external_assets/zenodo_gpr_14637589/extracted/Data Set/pipe/1030.MIS/190117AI.ZON/LID10035.dt,<LOCAL_DATA_ROOT>\external_assets\zenodo_gpr_14637589\extracted\Data Set\pipe\1030.MIS\190117AI.ZON\LID10035.dt,2026-08-11,False,public labelled or organized dataset; labels are visible before prediction freeze
zenodo_14637589,10.5281/zenodo.14637589,cc-by-4.0,zenodo_14637589_00221,pipe,pipe,1030.MIS,pipe/1030.MIS,pipe/1030.MIS,190117AI.ZON,.dt,raw_gpr_trace,raw_trace,324848,dd91b98c2dedcd4d7ff0764f26253dd1c838be1c8c3092ed0d75b12057111a11,pipe/1030.MIS/190117AI.ZON/LID10036.dt,external_assets/zenodo_gpr_14637589/extracted/Data Set/pipe/1030.MIS/190117AI.ZON/LID10036.dt,<LOCAL_DATA_ROOT>\external_assets\zenodo_gpr_14637589\extracted\Data Set\pipe\1030.MIS\190117AI.ZON\LID10036.dt,2026-08-11,False,public labelled or organized dataset; labels are visible before prediction freeze
zenodo_14637589,10.5281/zenodo.14637589,cc-by-4.0,zenodo_14637589_00222,pipe,pipe,1030.MIS,pipe/1030.MIS,pipe/1030.MIS,190117AI.ZON,.dt,raw_gpr_trace,raw_trace,474936,f5afac3f6a60bfbde613842aea22eb62a413e5e015d55058283a2c88174270d8,pipe/1030.MIS/190117AI.ZON/LID10037.dt,external_assets/zenodo_gpr_14637589/extracted/Data Set/pipe/1030.MIS/190117AI.ZON/LID10037.dt,<LOCAL_DATA_ROOT>\external_assets\zenodo_gpr_14637589\extracted\Data Set\pipe\1030.MIS\190117AI.ZON\LID10037.dt,2026-08-11,False,public labelled or organized dataset; labels are visible before prediction freeze
zenodo_14637589,10.5281/zenodo.14637589,cc-by-4.0,zenodo_14637589_00223,pipe,pipe,1030.MIS,pipe/1030.MIS,pipe/1030.MIS,190117AI.ZON,.dt,raw_gpr_trace,raw_trace,527364,2113778df4c064243faa6170fcf88b7f7a262cef1cd55b0cbec288ca1ec743aa,pipe/1030.MIS/190117AI.ZON/LID10038.dt,external_assets/zenodo_gpr_14637589/extracted/Data Set/pipe/1030.MIS/190117AI.ZON/LID10038.dt,<LOCAL_DATA_ROOT>\external_assets\zenodo_gpr_14637589\extracted\Data Set\pipe\1030.MIS\190117AI.ZON\LID10038.dt,2026-08-11,False,public labelled or organized dataset; labels are visible before prediction freeze
zenodo_14637589,10.5281/zenodo.14637589,cc-by-4.0,zenodo_14637589_00224,pipe,pipe,1030.MIS,pipe/1030.MIS,pipe/1030.MIS,190117AI.ZON,.dt,raw_gpr_trace,raw_trace,479048,876f7838f278b0b333499cb9edd9584e4d1b05fae533a5876b78c8117ee23e1d,pipe/1030.MIS/190117AI.ZON/LID10039.dt,external_assets/zenodo_gpr_14637589/extracted/Data Set/pipe/1030.MIS/190117AI.ZON/LID10039.dt,<LOCAL_DATA_ROOT>\external_assets\zenodo_gpr_14637589\extracted\Data Set\pipe\1030.MIS\190117AI.ZON\LID10039.dt,2026-08-11,False,public labelled or organized dataset; labels are visible before prediction freeze
zenodo_14637589,10.5281/zenodo.14637589,cc-by-4.0,zenodo_14637589_00225,pipe,pipe,1030.MIS,pipe/1030.MIS,pipe/1030.MIS,190117AI.ZON,.dt,raw_gpr_trace,raw_trace,424564,4881c8c915122a33e4cb23aeae52dc61c9dc8e72f74e4d7ae2061aa56274a001,pipe/1030.MIS/190117AI.ZON/LID10040.dt,external_assets/zenodo_gpr_14637589/extracted/Data Set/pipe/1030.MIS/190117AI.ZON/LID10040.dt,<LOCAL_DATA_ROOT>\external_assets\zenodo_gpr_14637589\extracted\Data Set\pipe\1030.MIS\190117AI.ZON\LID10040.dt,2026-08-11,False,public labelled or organized dataset; labels are visible before prediction freeze
zenodo_14637589,10.5281/zenodo.14637589,cc-by-4.0,zenodo_14637589_00226,pipe,pipe,1030.MIS,pipe/1030.MIS,pipe/1030.MIS,190117AI.ZON,.dt,raw_gpr_trace,raw_trace,583904,91528b6dcb589b48548e91bc04d9fda8f4b671fb420bd4537d6789e590828879,pipe/1030.MIS/190117AI.ZON/LID10041.dt,external_assets/zenodo_gpr_14637589/extracted/Data Set/pipe/1030.MIS/190117AI.ZON/LID10041.dt,<LOCAL_DATA_ROOT>\external_assets\zenodo_gpr_14637589\extracted\Data Set\pipe\1030.MIS\190117AI.ZON\LID10041.dt,2026-08-11,False,public labelled or organized dataset; labels are visible before prediction freeze
zenodo_14637589,10.5281/zenodo.14637589,cc-by-4.0,zenodo_14637589_00227,pipe,pipe,1030.MIS,pipe/1030.MIS,pipe/1030.MIS,190117AI.ZON,.dt,raw_gpr_trace,raw_trace,420452,cf77db4dac0cedc05c8cd86473c5c6b60e7d0ea56273609a161fd7d217733b67,pipe/1030.MIS/190117AI.ZON/LID10042.dt,external_assets/zenodo_gpr_14637589/extracted/Data Set/pipe/1030.MIS/190117AI.ZON/LID10042.dt,<LOCAL_DATA_ROOT>\external_assets\zenodo_gpr_14637589\extracted\Data Set\pipe\1030.MIS\190117AI.ZON\LID10042.dt,2026-08-11,False,public labelled or organized dataset; labels are visible before prediction freeze
zenodo_14637589,10.5281/zenodo.14637589,cc-by-4.0,zenodo_14637589_00228,pipe,pipe,1030.MIS,pipe/1030.MIS,pipe/1030.MIS,190117AI.ZON,.dt,raw_gpr_trace,raw_trace,266252,a07c60ffb1aba7c4b6a99960d7723fb439accd770d4f374d1064f9bbb07abb34,pipe/1030.MIS/190117AI.ZON/LID10043.dt,external_assets/zenodo_gpr_14637589/extracted/Data Set/pipe/1030.MIS/190117AI.ZON/LID10043.dt,<LOCAL_DATA_ROOT>\external_assets\zenodo_gpr_14637589\extracted\Data Set\pipe\1030.MIS\190117AI.ZON\LID10043.dt,2026-08-11,False,public labelled or organized dataset; labels are visible before prediction freeze
zenodo_14637589,10.5281/zenodo.14637589,cc-by-4.0,zenodo_14637589_00229,pipe,pipe,1030.MIS,pipe/1030.MIS,pipe/1030.MIS,190117AI.ZON,.dt,raw_gpr_trace,raw_trace,279616,a1aa688e575ac89ff937439d60f74419dc6b902d6b09ef46e6a85eac2ff87a75,pipe/1030.MIS/190117AI.ZON/LID10044.dt,external_assets/zenodo_gpr_14637589/extracted/Data Set/pipe/1030.MIS/190117AI.ZON/LID10044.dt,<LOCAL_DATA_ROOT>\external_assets\zenodo_gpr_14637589\extracted\Data Set\pipe\1030.MIS\190117AI.ZON\LID10044.dt,2026-08-11,False,public labelled or organized dataset; labels are visible before prediction freeze
zenodo_14637589,10.5281/zenodo.14637589,cc-by-4.0,zenodo_14637589_00230,pipe,pipe,1030.MIS,pipe/1030.MIS,pipe/1030.MIS,190117AI.ZON,.dt,raw_gpr_trace,raw_trace,623996,e98c3596c6d5be083ad55d337c5ed1a676ad71404ed2696a0f624d88ea994b02,pipe/1030.MIS/190117AI.ZON/LID10045.dt,external_assets/zenodo_gpr_14637589/extracted/Data Set/pipe/1030.MIS/190117AI.ZON/LID10045.dt,<LOCAL_DATA_ROOT>\external_assets\zenodo_gpr_14637589\extracted\Data Set\pipe\1030.MIS\190117AI.ZON\LID10045.dt,2026-08-11,False,public labelled or organized dataset; labels are visible before prediction freeze
zenodo_14637589,10.5281/zenodo.14637589,cc-by-4.0,zenodo_14637589_00231,pipe,pipe,1030.MIS,pipe/1030.MIS,pipe/1030.MIS,190117AI.ZON,.dt,raw_gpr_trace,raw_trace,425592,ffaa542a6be076a2d5f9745323913a2e57c16caf88d7959950234ba0aae907e9,pipe/1030.MIS/190117AI.ZON/LID10046.dt,external_assets/zenodo_gpr_14637589/extracted/Data Set/pipe/1030.MIS/190117AI.ZON/LID10046.dt,<LOCAL_DATA_ROOT>\external_assets\zenodo_gpr_14637589\extracted\Data Set\pipe\1030.MIS\190117AI.ZON\LID10046.dt,2026-08-11,False,public labelled or organized dataset; labels are visible before prediction freeze
zenodo_14637589,10.5281/zenodo.14637589,cc-by-4.0,zenodo_14637589_00232,pipe,pipe,1030.MIS,pipe/1030.MIS,pipe/1030.MIS,190117AI.ZON,.dt,raw_gpr_trace,raw_trace,394752,89e8506b287a1eaadb1b4db0caafbad97e38d4c606ed31dabbf9ef11c2f86db6,pipe/1030.MIS/190117AI.ZON/LID10047.dt,external_assets/zenodo_gpr_14637589/extracted/Data Set/pipe/1030.MIS/190117AI.ZON/LID10047.dt,<LOCAL_DATA_ROOT>\external_assets\zenodo_gpr_14637589\extracted\Data Set\pipe\1030.MIS\190117AI.ZON\LID10047.dt,2026-08-11,False,public labelled or organized dataset; labels are visible before prediction freeze
zenodo_14637589,10.5281/zenodo.14637589,cc-by-4.0,zenodo_14637589_00233,pipe,pipe,1030.MIS,pipe/1030.MIS,pipe/1030.MIS,190117AI.ZON,.dt,raw_gpr_trace,raw_trace,441012,0cb537f4065d351eb98ff3a663b30cbb5aceccb89cde34c77a8d25c0a586be6b,pipe/1030.MIS/190117AI.ZON/LID10048.dt,external_assets/zenodo_gpr_14637589/extracted/Data Set/pipe/1030.MIS/190117AI.ZON/LID10048.dt,<LOCAL_DATA_ROOT>\external_assets\zenodo_gpr_14637589\extracted\Data Set\pipe\1030.MIS\190117AI.ZON\LID10048.dt,2026-08-11,False,public labelled or organized dataset; labels are visible before prediction freeze
zenodo_14637589,10.5281/zenodo.14637589,cc-by-4.0,zenodo_14637589_00234,pipe,pipe,1030.MIS,pipe/1030.MIS,pipe/1030.MIS,190117AI.ZON,.dt,raw_gpr_trace,raw_trace,250832,d2510ce8f1e4546bb176d8cc59a70dea990402536988e174af0520e34d273dc4,pipe/1030.MIS/190117AI.ZON/LID10049.dt,external_assets/zenodo_gpr_14637589/extracted/Data Set/pipe/1030.MIS/190117AI.ZON/LID10049.dt,<LOCAL_DATA_ROOT>\external_assets\zenodo_gpr_14637589\extracted\Data Set\pipe\1030.MIS\190117AI.ZON\LID10049.dt,2026-08-11,False,public labelled or organized dataset; labels are visible before prediction freeze
zenodo_14637589,10.5281/zenodo.14637589,cc-by-4.0,zenodo_14637589_00235,pipe,pipe,1030.MIS,pipe/1030.MIS,pipe/1030.MIS,190117AI.ZON,.dt,raw_gpr_trace,raw_trace,219992,ae49a385e671900805ddeb7dab74d6042175bb23d4f0a482391d0a6c8128a91a,pipe/1030.MIS/190117AI.ZON/LID10050.dt,external_assets/zenodo_gpr_14637589/extracted/Data Set/pipe/1030.MIS/190117AI.ZON/LID10050.dt,<LOCAL_DATA_ROOT>\external_assets\zenodo_gpr_14637589\extracted\Data Set\pipe\1030.MIS\190117AI.ZON\LID10050.dt,2026-08-11,False,public labelled or organized dataset; labels are visible before prediction freeze
zenodo_14637589,10.5281/zenodo.14637589,cc-by-4.0,zenodo_14637589_00236,pipe,pipe,1030.MIS,pipe/1030.MIS,pipe/1030.MIS,190117AI.ZON,.dt,raw_gpr_trace,raw_trace,599324,41c06b58697959c4f9827b2ddb2ca8abfa96961a66437af995b9cd14d3e23540,pipe/1030.MIS/190117AI.ZON/LID10051.dt,external_assets/zenodo_gpr_14637589/extracted/Data Set/pipe/1030.MIS/190117AI.ZON/LID10051.dt,<LOCAL_DATA_ROOT>\external_assets\zenodo_gpr_14637589\extracted\Data Set\pipe\1030.MIS\190117AI.ZON\LID10051.dt,2026-08-11,False,public labelled or organized dataset; labels are visible before prediction freeze
zenodo_14637589,10.5281/zenodo.14637589,cc-by-4.0,zenodo_14637589_00237,pipe,pipe,1030.MIS,pipe/1030.MIS,pipe/1030.MIS,190117AI.ZON,.dt,raw_gpr_trace,raw_trace,545868,3664978e4a939399125c05d9a68352b966f2ed0fec8d12c1a2e8cb417d4171c4,pipe/1030.MIS/190117AI.ZON/LID10052.dt,external_assets/zenodo_gpr_14637589/extracted/Data Set/pipe/1030.MIS/190117AI.ZON/LID10052.dt,<LOCAL_DATA_ROOT>\external_assets\zenodo_gpr_14637589\extracted\Data Set\pipe\1030.MIS\190117AI.ZON\LID10052.dt,2026-08-11,False,public labelled or organized dataset; labels are visible before prediction freeze
zenodo_14637589,10.5281/zenodo.14637589,cc-by-4.0,zenodo_14637589_00238,pipe,pipe,1030.MIS,pipe/1030.MIS,pipe/1030.MIS,190117AI.ZON,.dt,raw_gpr_trace,raw_trace,397836,9a358ddf06d2ce31d7a7d5a7969db46a410ad33f547123067a9ae546034d7e75,pipe/1030.MIS/190117AI.ZON/LID10053.dt,external_assets/zenodo_gpr_14637589/extracted/Data Set/pipe/1030.MIS/190117AI.ZON/LID10053.dt,<LOCAL_DATA_ROOT>\external_assets\zenodo_gpr_14637589\extracted\Data Set\pipe\1030.MIS\190117AI.ZON\LID10053.dt,2026-08-11,False,public labelled or organized dataset; labels are visible before prediction freeze
zenodo_14637589,10.5281/zenodo.14637589,cc-by-4.0,zenodo_14637589_00239,pipe,pipe,1030.MIS,pipe/1030.MIS,pipe/1030.MIS,190117AI.ZON,.dt,raw_gpr_trace,raw_trace,314568,51b4de5dfec4219bfe5eae3bc54d3b4c75f6a5e92628b235c0052ef78267cf06,pipe/1030.MIS/190117AI.ZON/LID10054.dt,external_assets/zenodo_gpr_14637589/extracted/Data Set/pipe/1030.MIS/190117AI.ZON/LID10054.dt,<LOCAL_DATA_ROOT>\external_assets\zenodo_gpr_14637589\extracted\Data Set\pipe\1030.MIS\190117AI.ZON\LID10054.dt,2026-08-11,False,public labelled or organized dataset; labels are visible before prediction freeze
zenodo_14637589,10.5281/zenodo.14637589,cc-by-4.0,zenodo_14637589_00240,pipe,pipe,1030.MIS,pipe/1030.MIS,pipe/1030.MIS,190117AI.ZON,.dt,raw_gpr_trace,raw_trace,577736,9994375b866d9dfe36b4d8e603d39e805bbc47a5e7017e85fdf14979a8f65962,pipe/1030.MIS/190117AI.ZON/LID10055.dt,external_assets/zenodo_gpr_14637589/extracted/Data Set/pipe/1030.MIS/190117AI.ZON/LID10055.dt,<LOCAL_DATA_ROOT>\external_assets\zenodo_gpr_14637589\extracted\Data Set\pipe\1030.MIS\190117AI.ZON\LID10055.dt,2026-08-11,False,public labelled or organized dataset; labels are visible before prediction freeze
zenodo_14637589,10.5281/zenodo.14637589,cc-by-4.0,zenodo_14637589_00241,pipe,pipe,1030.MIS,pipe/1030.MIS,pipe/1030.MIS,190117AI.ZON,.dt,raw_gpr_trace,raw_trace,486244,3c26de4faec9ceb6612717268708259cb16f6ace933892791a72da378d98b180,pipe/1030.MIS/190117AI.ZON/LID10056.dt,external_assets/zenodo_gpr_14637589/extracted/Data Set/pipe/1030.MIS/190117AI.ZON/LID10056.dt,<LOCAL_DATA_ROOT>\external_assets\zenodo_gpr_14637589\extracted\Data Set\pipe\1030.MIS\190117AI.ZON\LID10056.dt,2026-08-11,False,public labelled or organized dataset; labels are visible before prediction freeze
zenodo_14637589,10.5281/zenodo.14637589,cc-by-4.0,zenodo_14637589_00242,pipe,pipe,1030.MIS,pipe/1030.MIS,pipe/1030.MIS,190117AI.ZON,.dt,raw_gpr_trace,raw_trace,370080,0a779a0ebfbbecd9dd180a477da4f24e17156104196f89220d93bd7de6430abf,pipe/1030.MIS/190117AI.ZON/LID10057.dt,external_assets/zenodo_gpr_14637589/extracted/Data Set/pipe/1030.MIS/190117AI.ZON/LID10057.dt,<LOCAL_DATA_ROOT>\external_assets\zenodo_gpr_14637589\extracted\Data Set\pipe\1030.MIS\190117AI.ZON\LID10057.dt,2026-08-11,False,public labelled or organized dataset; labels are visible before prediction freeze
zenodo_14637589,10.5281/zenodo.14637589,cc-by-4.0,zenodo_14637589_00243,pipe,pipe,1030.MIS,pipe/1030.MIS,pipe/1030.MIS,190117AI.ZON,.dt,raw_gpr_trace,raw_trace,469796,ac282b72f16325a22430729f5b926a534e2fdc13e310bea5eb632a7557f9643d,pipe/1030.MIS/190117AI.ZON/LID10058.dt,external_assets/zenodo_gpr_14637589/extracted/Data Set/pipe/1030.MIS/190117AI.ZON/LID10058.dt,<LOCAL_DATA_ROOT>\external_assets\zenodo_gpr_14637589\extracted\Data Set\pipe\1030.MIS\190117AI.ZON\LID10058.dt,2026-08-11,False,public labelled or organized dataset; labels are visible before prediction freeze
zenodo_14637589,10.5281/zenodo.14637589,cc-by-4.0,zenodo_14637589_00244,pipe,pipe,1030.MIS,pipe/1030.MIS,pipe/1030.MIS,190117AI.ZON,.dt,raw_gpr_trace,raw_trace,693900,203cdc98e19d79e2edffd97eacacf6bcf0a4dfeba122127701828df7c44da3ed,pipe/1030.MIS/190117AI.ZON/LID10059.dt,external_assets/zenodo_gpr_14637589/extracted/Data Set/pipe/1030.MIS/190117AI.ZON/LID10059.dt,<LOCAL_DATA_ROOT>\external_assets\zenodo_gpr_14637589\extracted\Data Set\pipe\1030.MIS\190117AI.ZON\LID10059.dt,2026-08-11,False,public labelled or organized dataset; labels are visible before prediction freeze
zenodo_14637589,10.5281/zenodo.14637589,cc-by-4.0,zenodo_14637589_00245,pipe,pipe,1030.MIS,pipe/1030.MIS,pipe/1030.MIS,190117AI.ZON,.dt,raw_gpr_trace,raw_trace,779224,beb1575cc195d7df40accea5518f30c4925f9a0ce7f132385d36776ef308d620,pipe/1030.MIS/190117AI.ZON/LID10060.dt,external_assets/zenodo_gpr_14637589/extracted/Data Set/pipe/1030.MIS/190117AI.ZON/LID10060.dt,<LOCAL_DATA_ROOT>\external_assets\zenodo_gpr_14637589\extracted\Data Set\pipe\1030.MIS\190117AI.ZON\LID10060.dt,2026-08-11,False,public labelled or organized dataset; labels are visible before prediction freeze
zenodo_14637589,10.5281/zenodo.14637589,cc-by-4.0,zenodo_14637589_00246,pipe,pipe,1030.MIS,pipe/1030.MIS,pipe/1030.MIS,190117AI.ZON,.dt,raw_gpr_trace,raw_trace,295036,6f917440d658a94a65187a76cd67382bd41f4fda4de6201870237db23811aae4,pipe/1030.MIS/190117AI.ZON/LID10061.dt,external_assets/zenodo_gpr_14637589/extracted/Data Set/pipe/1030.MIS/190117AI.ZON/LID10061.dt,<LOCAL_DATA_ROOT>\external_assets\zenodo_gpr_14637589\extracted\Data Set\pipe\1030.MIS\190117AI.ZON\LID10061.dt,2026-08-11,False,public labelled or organized dataset; labels are visible before prediction freeze
zenodo_14637589,10.5281/zenodo.14637589,cc-by-4.0,zenodo_14637589_00247,pipe,pipe,1030.MIS,pipe/1030.MIS,pipe/1030.MIS,190117AI.ZON,.dt,raw_gpr_trace,raw_trace,817260,0094b157474c34331805e36617c2651c2cf45521906a787524c6ef058cb9af98,pipe/1030.MIS/190117AI.ZON/LID10062.dt,external_assets/zenodo_gpr_14637589/extracted/Data Set/pipe/1030.MIS/190117AI.ZON/LID10062.dt,<LOCAL_DATA_ROOT>\external_assets\zenodo_gpr_14637589\extracted\Data Set\pipe\1030.MIS\190117AI.ZON\LID10062.dt,2026-08-11,False,public labelled or organized dataset; labels are visible before prediction freeze
zenodo_14637589,10.5281/zenodo.14637589,cc-by-4.0,zenodo_14637589_00248,pipe,pipe,1030.MIS,pipe/1030.MIS,pipe/1030.MIS,190117AI.ZON,.dt,raw_gpr_trace,raw_trace,535588,7c70e1fde16bfe96caa77a6485c31028f107cd4223b3e853764be1286d7b3783,pipe/1030.MIS/190117AI.ZON/LID10063.dt,external_assets/zenodo_gpr_14637589/extracted/Data Set/pipe/1030.MIS/190117AI.ZON/LID10063.dt,<LOCAL_DATA_ROOT>\external_assets\zenodo_gpr_14637589\extracted\Data Set\pipe\1030.MIS\190117AI.ZON\LID10063.dt,2026-08-11,False,public labelled or organized dataset; labels are visible before prediction freeze
zenodo_14637589,10.5281/zenodo.14637589,cc-by-4.0,zenodo_14637589_00249,pipe,pipe,1030.MIS,pipe/1030.MIS,pipe/1030.MIS,190117AI.ZON,.dt,raw_gpr_trace,raw_trace,597268,4679fbdce745438ab6a96d579868a8a4ddd51212b571151eca922c85e949b03f,pipe/1030.MIS/190117AI.ZON/LID10064.dt,external_assets/zenodo_gpr_14637589/extracted/Data Set/pipe/1030.MIS/190117AI.ZON/LID10064.dt,<LOCAL_DATA_ROOT>\external_assets\zenodo_gpr_14637589\extracted\Data Set\pipe\1030.MIS\190117AI.ZON\LID10064.dt,2026-08-11,False,public labelled or organized dataset; labels are visible before prediction freeze
zenodo_14637589,10.5281/zenodo.14637589,cc-by-4.0,zenodo_14637589_00250,pipe,pipe,1030.MIS,pipe/1030.MIS,pipe/1030.MIS,190117AI.ZON,.dt,raw_gpr_trace,raw_trace,689788,e4a92b046f281f412819c3510a2d57d27fd5c9e6f1f4a7557c79066133de79a3,pipe/1030.MIS/190117AI.ZON/LID10065.dt,external_assets/zenodo_gpr_14637589/extracted/Data Set/pipe/1030.MIS/190117AI.ZON/LID10065.dt,<LOCAL_DATA_ROOT>\external_assets\zenodo_gpr_14637589\extracted\Data Set\pipe\1030.MIS\190117AI.ZON\LID10065.dt,2026-08-11,False,public labelled or organized dataset; labels are visible before prediction freeze
zenodo_14637589,10.5281/zenodo.14637589,cc-by-4.0,zenodo_14637589_00251,pipe,pipe,1030.MIS,pipe/1030.MIS,pipe/1030.MIS,190117AI.ZON,.dt,raw_gpr_trace,raw_trace,948844,9ed7c5df7c9ee4c81aae27e3b7c9e23db6087dcd3b8fe1d9fc21895c732940df,pipe/1030.MIS/190117AI.ZON/LID10066.dt,external_assets/zenodo_gpr_14637589/extracted/Data Set/pipe/1030.MIS/190117AI.ZON/LID10066.dt,<LOCAL_DATA_ROOT>\external_assets\zenodo_gpr_14637589\extracted\Data Set\pipe\1030.MIS\190117AI.ZON\LID10066.dt,2026-08-11,False,public labelled or organized dataset; labels are visible before prediction freeze
zenodo_14637589,10.5281/zenodo.14637589,cc-by-4.0,zenodo_14637589_00252,pipe,pipe,1030.MIS,pipe/1030.MIS,pipe/1030.MIS,190117AI.ZON,.dt,raw_gpr_trace,raw_trace,302232,9ef4a6e82f01a18e6c35a046e200cfc245c6ade72416b9bbe758394657a90869,pipe/1030.MIS/190117AI.ZON/LID10067.dt,external_assets/zenodo_gpr_14637589/extracted/Data Set/pipe/1030.MIS/190117AI.ZON/LID10067.dt,<LOCAL_DATA_ROOT>\external_assets\zenodo_gpr_14637589\extracted\Data Set\pipe\1030.MIS\190117AI.ZON\LID10067.dt,2026-08-11,False,public labelled or organized dataset; labels are visible before prediction freeze
zenodo_14637589,10.5281/zenodo.14637589,cc-by-4.0,zenodo_14637589_00253,pipe,pipe,1030.MIS,pipe/1030.MIS,pipe/1030.MIS,190118AA.ZON,.dt,raw_gpr_trace,raw_trace,5701288,716f84a487e08375ba4d454ba5ee161037a4d4abd366ff5df8fc6850826d0353,pipe/1030.MIS/190118AA.ZON/LID10001.dt,external_assets/zenodo_gpr_14637589/extracted/Data Set/pipe/1030.MIS/190118AA.ZON/LID10001.dt,<LOCAL_DATA_ROOT>\external_assets\zenodo_gpr_14637589\extracted\Data Set\pipe\1030.MIS\190118AA.ZON\LID10001.dt,2026-08-11,False,public labelled or organized dataset; labels are visible before prediction freeze
zenodo_14637589,10.5281/zenodo.14637589,cc-by-4.0,zenodo_14637589_00254,pipe,pipe,1030.MIS,pipe/1030.MIS,pipe/1030.MIS,190118AA.ZON,.dt,raw_gpr_trace,raw_trace,656892,e0dd926da8d20cf125a50521c3907ab2803ccbf259db05bf61659f5f48165d3b,pipe/1030.MIS/190118AA.ZON/LID10002.dt,external_assets/zenodo_gpr_14637589/extracted/Data Set/pipe/1030.MIS/190118AA.ZON/LID10002.dt,<LOCAL_DATA_ROOT>\external_assets\zenodo_gpr_14637589\extracted\Data Set\pipe\1030.MIS\190118AA.ZON\LID10002.dt,2026-08-11,False,public labelled or organized dataset; labels are visible before prediction freeze
zenodo_14637589,10.5281/zenodo.14637589,cc-by-4.0,zenodo_14637589_00255,pipe,pipe,1030.MIS,pipe/1030.MIS,pipe/1030.MIS,190118AA.ZON,.dt,raw_gpr_trace,raw_trace,1116408,40d86238cc5befc3341e79c1eecb03f45acca77537f06236338306babbf75bc5,pipe/1030.MIS/190118AA.ZON/LID10003.dt,external_assets/zenodo_gpr_14637589/extracted/Data Set/pipe/1030.MIS/190118AA.ZON/LID10003.dt,<LOCAL_DATA_ROOT>\external_assets\zenodo_gpr_14637589\extracted\Data Set\pipe\1030.MIS\190118AA.ZON\LID10003.dt,2026-08-11,False,public labelled or organized dataset; labels are visible before prediction freeze
zenodo_14637589,10.5281/zenodo.14637589,cc-by-4.0,zenodo_14637589_00256,pipe,pipe,1030.MIS,pipe/1030.MIS,pipe/1030.MIS,190118AA.ZON,.dt,raw_gpr_trace,raw_trace,223076,3a1b91073b51ec78f2458a6fee34638ef6f753893ea63b508d2dd66b9359ef38,pipe/1030.MIS/190118AA.ZON/LID10004.dt,external_assets/zenodo_gpr_14637589/extracted/Data Set/pipe/1030.MIS/190118AA.ZON/LID10004.dt,<LOCAL_DATA_ROOT>\external_assets\zenodo_gpr_14637589\extracted\Data Set\pipe\1030.MIS\190118AA.ZON\LID10004.dt,2026-08-11,False,public labelled or organized dataset; labels are visible before prediction freeze
zenodo_14637589,10.5281/zenodo.14637589,cc-by-4.0,zenodo_14637589_00257,pipe,pipe,1030.MIS,pipe/1030.MIS,pipe/1030.MIS,190118AA.ZON,.dt,raw_gpr_trace,raw_trace,418396,0422dda56b442d46a7f2d77488f54b4e539e4e30747dd4aabf2142395a308eb4,pipe/1030.MIS/190118AA.ZON/LID10005.dt,external_assets/zenodo_gpr_14637589/extracted/Data Set/pipe/1030.MIS/190118AA.ZON/LID10005.dt,<LOCAL_DATA_ROOT>\external_assets\zenodo_gpr_14637589\extracted\Data Set\pipe\1030.MIS\190118AA.ZON\LID10005.dt,2026-08-11,False,public labelled or organized dataset; labels are visible before prediction freeze
zenodo_14637589,10.5281/zenodo.14637589,cc-by-4.0,zenodo_14637589_00258,pipe,pipe,1030.MIS,pipe/1030.MIS,pipe/1030.MIS,190118AA.ZON,.dt,raw_gpr_trace,raw_trace,281672,955bf55dcd9aa8f69265da10fb4ae079ed29706ab1a1ca5b947053be1ac3171c,pipe/1030.MIS/190118AA.ZON/LID10006.dt,external_assets/zenodo_gpr_14637589/extracted/Data Set/pipe/1030.MIS/190118AA.ZON/LID10006.dt,<LOCAL_DATA_ROOT>\external_assets\zenodo_gpr_14637589\extracted\Data Set\pipe\1030.MIS\190118AA.ZON\LID10006.dt,2026-08-11,False,public labelled or organized dataset; labels are visible before prediction freeze
zenodo_14637589,10.5281/zenodo.14637589,cc-by-4.0,zenodo_14637589_00259,pipe,pipe,1030.MIS,pipe/1030.MIS,pipe/1030.MIS,190118AA.ZON,.dt,raw_gpr_trace,raw_trace,529420,304a4f1420704ce4f425b50b456399f690b25adc4f4a7f714334528f66f8ff5c,pipe/1030.MIS/190118AA.ZON/LID10007.dt,external_assets/zenodo_gpr_14637589/extracted/Data Set/pipe/1030.MIS/190118AA.ZON/LID10007.dt,<LOCAL_DATA_ROOT>\external_assets\zenodo_gpr_14637589\extracted\Data Set\pipe\1030.MIS\190118AA.ZON\LID10007.dt,2026-08-11,False,public labelled or organized dataset; labels are visible before prediction freeze
zenodo_14637589,10.5281/zenodo.14637589,cc-by-4.0,zenodo_14637589_00260,pipe,pipe,1030.MIS,pipe/1030.MIS,pipe/1030.MIS,190118AA.ZON,.dt,raw_gpr_trace,raw_trace,512972,82ceedc423a72f310a3a44d74eefbfa6f6767d4614dc8fb3a185d7d9fcee0aea,pipe/1030.MIS/190118AA.ZON/LID10008.dt,external_assets/zenodo_gpr_14637589/extracted/Data Set/pipe/1030.MIS/190118AA.ZON/LID10008.dt,<LOCAL_DATA_ROOT>\external_assets\zenodo_gpr_14637589\extracted\Data Set\pipe\1030.MIS\190118AA.ZON\LID10008.dt,2026-08-11,False,public labelled or organized dataset; labels are visible before prediction freeze
zenodo_14637589,10.5281/zenodo.14637589,cc-by-4.0,zenodo_14637589_00261,pipe,pipe,1030.MIS,pipe/1030.MIS,pipe/1030.MIS,190118AA.ZON,.dt,raw_gpr_trace,raw_trace,434844,cdead575953ec497e0f7488bdd8279aed2cbe5b6d0b15058ae92af10e8874981,pipe/1030.MIS/190118AA.ZON/LID10009.dt,external_assets/zenodo_gpr_14637589/extracted/Data Set/pipe/1030.MIS/190118AA.ZON/LID10009.dt,<LOCAL_DATA_ROOT>\external_assets\zenodo_gpr_14637589\extracted\Data Set\pipe\1030.MIS\190118AA.ZON\LID10009.dt,2026-08-11,False,public labelled or organized dataset; labels are visible before prediction freeze
zenodo_14637589,10.5281/zenodo.14637589,cc-by-4.0,zenodo_14637589_00262,pipe,pipe,1030.MIS,pipe/1030.MIS,pipe/1030.MIS,190118AA.ZON,.dt,raw_gpr_trace,raw_trace,532504,f94fda088138f33a97b5a1b6298ae4ffc1457f6edebcffbc98e9b3fb3b240a42,pipe/1030.MIS/190118AA.ZON/LID10010.dt,external_assets/zenodo_gpr_14637589/extracted/Data Set/pipe/1030.MIS/190118AA.ZON/LID10010.dt,<LOCAL_DATA_ROOT>\external_assets\zenodo_gpr_14637589\extracted\Data Set\pipe\1030.MIS\190118AA.ZON\LID10010.dt,2026-08-11,False,public labelled or organized dataset; labels are visible before prediction freeze
zenodo_14637589,10.5281/zenodo.14637589,cc-by-4.0,zenodo_14637589_00263,pipe,pipe,1030.MIS,pipe/1030.MIS,pipe/1030.MIS,190118AA.ZON,.dt,raw_gpr_trace,raw_trace,494468,bb93c7158db03600d8450a9bfd2226be23cef54b388e944b947f570386996817,pipe/1030.MIS/190118AA.ZON/LID10011.dt,external_assets/zenodo_gpr_14637589/extracted/Data Set/pipe/1030.MIS/190118AA.ZON/LID10011.dt,<LOCAL_DATA_ROOT>\external_assets\zenodo_gpr_14637589\extracted\Data Set\pipe\1030.MIS\190118AA.ZON\LID10011.dt,2026-08-11,False,public labelled or organized dataset; labels are visible before prediction freeze
zenodo_14637589,10.5281/zenodo.14637589,cc-by-4.0,zenodo_14637589_00264,pipe,pipe,1030.MIS,pipe/1030.MIS,pipe/1030.MIS,190118AA.ZON,.dt,raw_gpr_trace,raw_trace,261112,57040c0a2889e0aa5f091b3fffdf88102ba8665dcd7ab0cbcc400422715eef1f,pipe/1030.MIS/190118AA.ZON/LID10012.dt,external_assets/zenodo_gpr_14637589/extracted/Data Set/pipe/1030.MIS/190118AA.ZON/LID10012.dt,<LOCAL_DATA_ROOT>\external_assets\zenodo_gpr_14637589\extracted\Data Set\pipe\1030.MIS\190118AA.ZON\LID10012.dt,2026-08-11,False,public labelled or organized dataset; labels are visible before prediction freeze
zenodo_14637589,10.5281/zenodo.14637589,cc-by-4.0,zenodo_14637589_00265,pipe,pipe,1030.MIS,pipe/1030.MIS,pipe/1030.MIS,190118AA.ZON,.dt,raw_gpr_trace,raw_trace,290924,711014da1ce8ace684243ab9593fe28d879ef2f2488ac0fd7d82ee815702d20f,pipe/1030.MIS/190118AA.ZON/LID10013.dt,external_assets/zenodo_gpr_14637589/extracted/Data Set/pipe/1030.MIS/190118AA.ZON/LID10013.dt,<LOCAL_DATA_ROOT>\external_assets\zenodo_gpr_14637589\extracted\Data Set\pipe\1030.MIS\190118AA.ZON\LID10013.dt,2026-08-11,False,public labelled or organized dataset; labels are visible before prediction freeze
zenodo_14637589,10.5281/zenodo.14637589,cc-by-4.0,zenodo_14637589_00266,pipe,pipe,1030.MIS,pipe/1030.MIS,pipe/1030.MIS,190118AA.ZON,.dt,raw_gpr_trace,raw_trace,153172,b43130ba3cbb2cf87e2cc7e0f66af46ca7bab69d7f99c5b7f2a43d2ec124984e,pipe/1030.MIS/190118AA.ZON/LID10014.dt,external_assets/zenodo_gpr_14637589/extracted/Data Set/pipe/1030.MIS/190118AA.ZON/LID10014.dt,<LOCAL_DATA_ROOT>\external_assets\zenodo_gpr_14637589\extracted\Data Set\pipe\1030.MIS\190118AA.ZON\LID10014.dt,2026-08-11,False,public labelled or organized dataset; labels are visible before prediction freeze
zenodo_14637589,10.5281/zenodo.14637589,cc-by-4.0,zenodo_14637589_00267,pipe,pipe,1030.MIS,pipe/1030.MIS,pipe/1030.MIS,190118AA.ZON,.dt,raw_gpr_trace,raw_trace,285784,aa07a0fc366ad3735dd6a68585dcabb04226382bb603c21e8ad949e8c5d5e4ec,pipe/1030.MIS/190118AA.ZON/LID10015.dt,external_assets/zenodo_gpr_14637589/extracted/Data Set/pipe/1030.MIS/190118AA.ZON/LID10015.dt,<LOCAL_DATA_ROOT>\external_assets\zenodo_gpr_14637589\extracted\Data Set\pipe\1030.MIS\190118AA.ZON\LID10015.dt,2026-08-11,False,public labelled or organized dataset; labels are visible before prediction freeze
zenodo_14637589,10.5281/zenodo.14637589,cc-by-4.0,zenodo_14637589_00268,pipe,pipe,1030.MIS,pipe/1030.MIS,pipe/1030.MIS,190118AA.ZON,.dt,raw_gpr_trace,raw_trace,264196,65b96f7df57d038ff6de33f22060c37a2061af12b14684ba9f6287f0d5398211,pipe/1030.MIS/190118AA.ZON/LID10016.dt,external_assets/zenodo_gpr_14637589/extracted/Data Set/pipe/1030.MIS/190118AA.ZON/LID10016.dt,<LOCAL_DATA_ROOT>\external_assets\zenodo_gpr_14637589\extracted\Data Set\pipe\1030.MIS\190118AA.ZON\LID10016.dt,2026-08-11,False,public labelled or organized dataset; labels are visible before prediction freeze
zenodo_14637589,10.5281/zenodo.14637589,cc-by-4.0,zenodo_14637589_00269,pipe,pipe,1030.MIS,pipe/1030.MIS,pipe/1030.MIS,190118AA.ZON,.dt,raw_gpr_trace,raw_trace,336156,ffa6bc3b7ae8be3793594397fd73f3ba6ebfcf8aed3285cb7894c2f9fc1ef0b3,pipe/1030.MIS/190118AA.ZON/LID10017.dt,external_assets/zenodo_gpr_14637589/extracted/Data Set/pipe/1030.MIS/190118AA.ZON/LID10017.dt,<LOCAL_DATA_ROOT>\external_assets\zenodo_gpr_14637589\extracted\Data Set\pipe\1030.MIS\190118AA.ZON\LID10017.dt,2026-08-11,False,public labelled or organized dataset; labels are visible before prediction freeze
zenodo_14637589,10.5281/zenodo.14637589,cc-by-4.0,zenodo_14637589_00270,pipe,pipe,1030.MIS,pipe/1030.MIS,pipe/1030.MIS,190118AA.ZON,.dt,raw_gpr_trace,raw_trace,404004,c6e6707787bf1d98cdd3f8f566265de8aa317f7852469db8ac307d5c59e6e339,pipe/1030.MIS/190118AA.ZON/LID10018.dt,external_assets/zenodo_gpr_14637589/extracted/Data Set/pipe/1030.MIS/190118AA.ZON/LID10018.dt,<LOCAL_DATA_ROOT>\external_assets\zenodo_gpr_14637589\extracted\Data Set\pipe\1030.MIS\190118AA.ZON\LID10018.dt,2026-08-11,False,public labelled or organized dataset; labels are visible before prediction freeze
zenodo_14637589,10.5281/zenodo.14637589,cc-by-4.0,zenodo_14637589_00271,pipe,pipe,1030.MIS,pipe/1030.MIS,pipe/1030.MIS,190118AA.ZON,.dt,raw_gpr_trace,raw_trace,305316,7c46e155d02e31447ad39f70b5e0c18279876c544e6ec30c2e1bf78c4cab701a,pipe/1030.MIS/190118AA.ZON/LID10019.dt,external_assets/zenodo_gpr_14637589/extracted/Data Set/pipe/1030.MIS/190118AA.ZON/LID10019.dt,<LOCAL_DATA_ROOT>\external_assets\zenodo_gpr_14637589\extracted\Data Set\pipe\1030.MIS\190118AA.ZON\LID10019.dt,2026-08-11,False,public labelled or organized dataset; labels are visible before prediction freeze
zenodo_14637589,10.5281/zenodo.14637589,cc-by-4.0,zenodo_14637589_00272,pipe,pipe,1030.MIS,pipe/1030.MIS,pipe/1030.MIS,190118AA.ZON,.dt,raw_gpr_trace,raw_trace,724740,b862e18f668b9a833a7b78b1308b701357a882408b7a85ccebaa1cd3cdae1758,pipe/1030.MIS/190118AA.ZON/LID10020.dt,external_assets/zenodo_gpr_14637589/extracted/Data Set/pipe/1030.MIS/190118AA.ZON/LID10020.dt,<LOCAL_DATA_ROOT>\external_assets\zenodo_gpr_14637589\extracted\Data Set\pipe\1030.MIS\190118AA.ZON\LID10020.dt,2026-08-11,False,public labelled or organized dataset; labels are visible before prediction freeze
zenodo_14637589,10.5281/zenodo.14637589,cc-by-4.0,zenodo_14637589_00273,pipe,pipe,1030.MIS,pipe/1030.MIS,pipe/1030.MIS,190118AA.ZON,.dt,raw_gpr_trace,raw_trace,374192,39f3e7e9c585707416f99ba0de53028b3d4dc19da8d68de156d11ff99730607e,pipe/1030.MIS/190118AA.ZON/LID10021.dt,external_assets/zenodo_gpr_14637589/extracted/Data Set/pipe/1030.MIS/190118AA.ZON/LID10021.dt,<LOCAL_DATA_ROOT>\external_assets\zenodo_gpr_14637589\extracted\Data Set\pipe\1030.MIS\190118AA.ZON\LID10021.dt,2026-08-11,False,public labelled or organized dataset; labels are visible before prediction freeze
zenodo_14637589,10.5281/zenodo.14637589,cc-by-4.0,zenodo_14637589_00274,pipe,pipe,1030.MIS,pipe/1030.MIS,pipe/1030.MIS,190118AA.ZON,.dt,raw_gpr_trace,raw_trace,528392,9e084ba31812d8f00425ba5ec35e69ce14e8feb844af24c6c9f9c18b99bb757f,pipe/1030.MIS/190118AA.ZON/LID10022.dt,external_assets/zenodo_gpr_14637589/extracted/Data Set/pipe/1030.MIS/190118AA.ZON/LID10022.dt,<LOCAL_DATA_ROOT>\external_assets\zenodo_gpr_14637589\extracted\Data Set\pipe\1030.MIS\190118AA.ZON\LID10022.dt,2026-08-11,False,public labelled or organized dataset; labels are visible before prediction freeze
zenodo_14637589,10.5281/zenodo.14637589,cc-by-4.0,zenodo_14637589_00275,pipe,pipe,1030.MIS,pipe/1030.MIS,pipe/1030.MIS,190118AA.ZON,.dt,raw_gpr_trace,raw_trace,400920,17f19b9045a75e7577538f91d7e03c5258e8ce1de4de784f471fff54bcdd0f8d,pipe/1030.MIS/190118AA.ZON/LID10023.dt,external_assets/zenodo_gpr_14637589/extracted/Data Set/pipe/1030.MIS/190118AA.ZON/LID10023.dt,<LOCAL_DATA_ROOT>\external_assets\zenodo_gpr_14637589\extracted\Data Set\pipe\1030.MIS\190118AA.ZON\LID10023.dt,2026-08-11,False,public labelled or organized dataset; labels are visible before prediction freeze
zenodo_14637589,10.5281/zenodo.14637589,cc-by-4.0,zenodo_14637589_00276,pipe,pipe,1030.MIS,pipe/1030.MIS,pipe/1030.MIS,190118AA.ZON,.dt,raw_gpr_trace,raw_trace,855296,b8d2a7932944c28c921aa1dec4ed67c21db756ef6126b4bce15f06987f45e630,pipe/1030.MIS/190118AA.ZON/LID10024.dt,external_assets/zenodo_gpr_14637589/extracted/Data Set/pipe/1030.MIS/190118AA.ZON/LID10024.dt,<LOCAL_DATA_ROOT>\external_assets\zenodo_gpr_14637589\extracted\Data Set\pipe\1030.MIS\190118AA.ZON\LID10024.dt,2026-08-11,False,public labelled or organized dataset; labels are visible before prediction freeze
zenodo_14637589,10.5281/zenodo.14637589,cc-by-4.0,zenodo_14637589_00277,pipe,pipe,1030.MIS,pipe/1030.MIS,pipe/1030.MIS,190118AA.ZON,.dt,raw_gpr_trace,raw_trace,779224,a64c1b83aab8e3547a7365bda55b346d88560377c62b9da90cfdcd1b0defc4a0,pipe/1030.MIS/190118AA.ZON/LID10025.dt,external_assets/zenodo_gpr_14637589/extracted/Data Set/pipe/1030.MIS/190118AA.ZON/LID10025.dt,<LOCAL_DATA_ROOT>\external_assets\zenodo_gpr_14637589\extracted\Data Set\pipe\1030.MIS\190118AA.ZON\LID10025.dt,2026-08-11,False,public labelled or organized dataset; labels are visible before prediction freeze
zenodo_14637589,10.5281/zenodo.14637589,cc-by-4.0,zenodo_14637589_00278,pipe,pipe,1030.MIS,pipe/1030.MIS,pipe/1030.MIS,190118AA.ZON,.dt,raw_gpr_trace,raw_trace,801840,98c1f3fd02ff09e0a85ea1e626c6fa3dbd9092eecbf1bf5380bdb5fdb43656fb,pipe/1030.MIS/190118AA.ZON/LID10026.dt,external_assets/zenodo_gpr_14637589/extracted/Data Set/pipe/1030.MIS/190118AA.ZON/LID10026.dt,<LOCAL_DATA_ROOT>\external_assets\zenodo_gpr_14637589\extracted\Data Set\pipe\1030.MIS\190118AA.ZON\LID10026.dt,2026-08-11,False,public labelled or organized dataset; labels are visible before prediction freeze
zenodo_14637589,10.5281/zenodo.14637589,cc-by-4.0,zenodo_14637589_00279,pipe,pipe,1030.MIS,pipe/1030.MIS,pipe/1030.MIS,190118AA.ZON,.dt,raw_gpr_trace,raw_trace,383444,57bfea7e8a7830391f8b0bad0f5798b71e2c46b0b72d50339773a416f035566a,pipe/1030.MIS/190118AA.ZON/LID10027.dt,external_assets/zenodo_gpr_14637589/extracted/Data Set/pipe/1030.MIS/190118AA.ZON/LID10027.dt,<LOCAL_DATA_ROOT>\external_assets\zenodo_gpr_14637589\extracted\Data Set\pipe\1030.MIS\190118AA.ZON\LID10027.dt,2026-08-11,False,public labelled or organized dataset; labels are visible before prediction freeze
zenodo_14637589,10.5281/zenodo.14637589,cc-by-4.0,zenodo_14637589_00280,pipe,pipe,1030.MIS,pipe/1030.MIS,pipe/1030.MIS,190118AA.ZON,.dt,raw_gpr_trace,raw_trace,582876,516ac37760c938de0011f5f99fe1b8c51333440d9d668a8168ed1098e5ed8ab5,pipe/1030.MIS/190118AA.ZON/LID10028.dt,external_assets/zenodo_gpr_14637589/extracted/Data Set/pipe/1030.MIS/190118AA.ZON/LID10028.dt,<LOCAL_DATA_ROOT>\external_assets\zenodo_gpr_14637589\extracted\Data Set\pipe\1030.MIS\190118AA.ZON\LID10028.dt,2026-08-11,False,public labelled or organized dataset; labels are visible before prediction freeze
zenodo_14637589,10.5281/zenodo.14637589,cc-by-4.0,zenodo_14637589_00281,pipe,pipe,1030.MIS,pipe/1030.MIS,pipe/1030.MIS,190118AA.ZON,.dt,raw_gpr_trace,raw_trace,533532,1b3089d51e269e4f2507e0c54781aea48139cf04478dc5b08e11f429d7a5ce55,pipe/1030.MIS/190118AA.ZON/LID10029.dt,external_assets/zenodo_gpr_14637589/extracted/Data Set/pipe/1030.MIS/190118AA.ZON/LID10029.dt,<LOCAL_DATA_ROOT>\external_assets\zenodo_gpr_14637589\extracted\Data Set\pipe\1030.MIS\190118AA.ZON\LID10029.dt,2026-08-11,False,public labelled or organized dataset; labels are visible before prediction freeze
zenodo_14637589,10.5281/zenodo.14637589,cc-by-4.0,zenodo_14637589_00282,pipe,pipe,1030.MIS,pipe/1030.MIS,pipe/1030.MIS,190118AA.ZON,.dt,raw_gpr_trace,raw_trace,554092,da1337e5d7bb085dd61b47efc273e7b5cf38dac7cf89e0537a62e43c028635eb,pipe/1030.MIS/190118AA.ZON/LID10030.dt,external_assets/zenodo_gpr_14637589/extracted/Data Set/pipe/1030.MIS/190118AA.ZON/LID10030.dt,<LOCAL_DATA_ROOT>\external_assets\zenodo_gpr_14637589\extracted\Data Set\pipe\1030.MIS\190118AA.ZON\LID10030.dt,2026-08-11,False,public labelled or organized dataset; labels are visible before prediction freeze
zenodo_14637589,10.5281/zenodo.14637589,cc-by-4.0,zenodo_14637589_00283,pipe,pipe,1030.MIS,pipe/1030.MIS,pipe/1030.MIS,190118AA.ZON,.dt,raw_gpr_trace,raw_trace,1013608,93082c2b2bc10212f3c2f92f1d7a15e2668beb82b4357798e6eaf5c58afb7cb6,pipe/1030.MIS/190118AA.ZON/LID10031.dt,external_assets/zenodo_gpr_14637589/extracted/Data Set/pipe/1030.MIS/190118AA.ZON/LID10031.dt,<LOCAL_DATA_ROOT>\external_assets\zenodo_gpr_14637589\extracted\Data Set\pipe\1030.MIS\190118AA.ZON\LID10031.dt,2026-08-11,False,public labelled or organized dataset; labels are visible before prediction freeze
zenodo_14637589,10.5281/zenodo.14637589,cc-by-4.0,zenodo_14637589_00284,pipe,pipe,1030.MIS,pipe/1030.MIS,pipe/1030.MIS,190118AA.ZON,.dt,raw_gpr_trace,raw_trace,411200,bc3c22c2d9a77a2eaabef61138718bd03f947a2ac973f109e0aa110733afa107,pipe/1030.MIS/190118AA.ZON/LID10032.dt,external_assets/zenodo_gpr_14637589/extracted/Data Set/pipe/1030.MIS/190118AA.ZON/LID10032.dt,<LOCAL_DATA_ROOT>\external_assets\zenodo_gpr_14637589\extracted\Data Set\pipe\1030.MIS\190118AA.ZON\LID10032.dt,2026-08-11,False,public labelled or organized dataset; labels are visible before prediction freeze
zenodo_14637589,10.5281/zenodo.14637589,cc-by-4.0,zenodo_14637589_00285,pipe,pipe,1030.MIS,pipe/1030.MIS,pipe/1030.MIS,190118AA.ZON,.dt,raw_gpr_trace,raw_trace,372136,dc0ee02d0d9abee7116ded873f73dd26d18e53287181a47f940bcaca535c49af,pipe/1030.MIS/190118AA.ZON/LID10033.dt,external_assets/zenodo_gpr_14637589/extracted/Data Set/pipe/1030.MIS/190118AA.ZON/LID10033.dt,<LOCAL_DATA_ROOT>\external_assets\zenodo_gpr_14637589\extracted\Data Set\pipe\1030.MIS\190118AA.ZON\LID10033.dt,2026-08-11,False,public labelled or organized dataset; labels are visible before prediction freeze
zenodo_14637589,10.5281/zenodo.14637589,cc-by-4.0,zenodo_14637589_00286,pipe,pipe,1030.MIS,pipe/1030.MIS,pipe/1030.MIS,190118AA.ZON,.dt,raw_gpr_trace,raw_trace,432788,ca2807306adbc4a018e89b7a32c3a7c7ef2f9033dfcdbc574c1b6f3163f55532,pipe/1030.MIS/190118AA.ZON/LID10034.dt,external_assets/zenodo_gpr_14637589/extracted/Data Set/pipe/1030.MIS/190118AA.ZON/LID10034.dt,<LOCAL_DATA_ROOT>\external_assets\zenodo_gpr_14637589\extracted\Data Set\pipe\1030.MIS\190118AA.ZON\LID10034.dt,2026-08-11,False,public labelled or organized dataset; labels are visible before prediction freeze
zenodo_14637589,10.5281/zenodo.14637589,cc-by-4.0,zenodo_14637589_00287,pipe,pipe,1030.MIS,pipe/1030.MIS,pipe/1030.MIS,190118AA.ZON,.dt,raw_gpr_trace,raw_trace,456432,271259188162f5605af1e1d05eca9c8c8628503e15e1787d3c31715d4329095b,pipe/1030.MIS/190118AA.ZON/LID10035.dt,external_assets/zenodo_gpr_14637589/extracted/Data Set/pipe/1030.MIS/190118AA.ZON/LID10035.dt,<LOCAL_DATA_ROOT>\external_assets\zenodo_gpr_14637589\extracted\Data Set\pipe\1030.MIS\190118AA.ZON\LID10035.dt,2026-08-11,False,public labelled or organized dataset; labels are visible before prediction freeze
zenodo_14637589,10.5281/zenodo.14637589,cc-by-4.0,zenodo_14637589_00288,pipe,pipe,1030.MIS,pipe/1030.MIS,pipe/1030.MIS,190118AA.ZON,.dt,raw_gpr_trace,raw_trace,370080,a50ace104292275589060428d6134e8a8bc5e532a460462ef04ce53719227ba9,pipe/1030.MIS/190118AA.ZON/LID10036.dt,external_assets/zenodo_gpr_14637589/extracted/Data Set/pipe/1030.MIS/190118AA.ZON/LID10036.dt,<LOCAL_DATA_ROOT>\external_assets\zenodo_gpr_14637589\extracted\Data Set\pipe\1030.MIS\190118AA.ZON\LID10036.dt,2026-08-11,False,public labelled or organized dataset; labels are visible before prediction freeze
zenodo_14637589,10.5281/zenodo.14637589,cc-by-4.0,zenodo_14637589_00289,pipe,pipe,1030.MIS,pipe/1030.MIS,pipe/1030.MIS,190118AA.ZON,.dt,raw_gpr_trace,raw_trace,387556,ce18ed8b92520fc8cb4835dab196a27c61b4cd8c627948c9c2a0688a543ce5b1,pipe/1030.MIS/190118AA.ZON/LID10037.dt,external_assets/zenodo_gpr_14637589/extracted/Data Set/pipe/1030.MIS/190118AA.ZON/LID10037.dt,<LOCAL_DATA_ROOT>\external_assets\zenodo_gpr_14637589\extracted\Data Set\pipe\1030.MIS\190118AA.ZON\LID10037.dt,2026-08-11,False,public labelled or organized dataset; labels are visible before prediction freeze
zenodo_14637589,10.5281/zenodo.14637589,cc-by-4.0,zenodo_14637589_00290,pipe,pipe,1030.MIS,pipe/1030.MIS,pipe/1030.MIS,190118AA.ZON,.dt,raw_gpr_trace,raw_trace,626052,7265a6987ee6382bdbdc6dc020c975717d5439025538c521d4d32ce82c57363f,pipe/1030.MIS/190118AA.ZON/LID10038.dt,external_assets/zenodo_gpr_14637589/extracted/Data Set/pipe/1030.MIS/190118AA.ZON/LID10038.dt,<LOCAL_DATA_ROOT>\external_assets\zenodo_gpr_14637589\extracted\Data Set\pipe\1030.MIS\190118AA.ZON\LID10038.dt,2026-08-11,False,public labelled or organized dataset; labels are visible before prediction freeze
zenodo_14637589,10.5281/zenodo.14637589,cc-by-4.0,zenodo_14637589_00291,pipe,pipe,1030.MIS,pipe/1030.MIS,pipe/1030.MIS,190118AA.ZON,.dt,raw_gpr_trace,raw_trace,655864,eba9db2b1abb92820405e6b007db34b6b5e6d08f85aa24f0b68f1963e57f62a2,pipe/1030.MIS/190118AA.ZON/LID10039.dt,external_assets/zenodo_gpr_14637589/extracted/Data Set/pipe/1030.MIS/190118AA.ZON/LID10039.dt,<LOCAL_DATA_ROOT>\external_assets\zenodo_gpr_14637589\extracted\Data Set\pipe\1030.MIS\190118AA.ZON\LID10039.dt,2026-08-11,False,public labelled or organized dataset; labels are visible before prediction freeze
zenodo_14637589,10.5281/zenodo.14637589,cc-by-4.0,zenodo_14637589_00292,pipe,pipe,1030.MIS,pipe/1030.MIS,pipe/1030.MIS,190118AA.ZON,.dt,raw_gpr_trace,raw_trace,700068,5ea411b7815efbe8d51bd9c07dbfe064993df10d6e2dceea67199dc6bc6c1b6a,pipe/1030.MIS/190118AA.ZON/LID10040.dt,external_assets/zenodo_gpr_14637589/extracted/Data Set/pipe/1030.MIS/190118AA.ZON/LID10040.dt,<LOCAL_DATA_ROOT>\external_assets\zenodo_gpr_14637589\extracted\Data Set\pipe\1030.MIS\190118AA.ZON\LID10040.dt,2026-08-11,False,public labelled or organized dataset; labels are visible before prediction freeze
zenodo_14637589,10.5281/zenodo.14637589,cc-by-4.0,zenodo_14637589_00293,pipe,pipe,1030.MIS,pipe/1030.MIS,pipe/1030.MIS,190118AA.ZON,.dt,raw_gpr_trace,raw_trace,549980,9428cb6a55e52abd3c58850c6ba0a4ea7bac325e568240b83ebe6b9573d1edd3,pipe/1030.MIS/190118AA.ZON/LID10041.dt,external_assets/zenodo_gpr_14637589/extracted/Data Set/pipe/1030.MIS/190118AA.ZON/LID10041.dt,<LOCAL_DATA_ROOT>\external_assets\zenodo_gpr_14637589\extracted\Data Set\pipe\1030.MIS\190118AA.ZON\LID10041.dt,2026-08-11,False,public labelled or organized dataset; labels are visible before prediction freeze
zenodo_14637589,10.5281/zenodo.14637589,cc-by-4.0,zenodo_14637589_00294,pipe,pipe,1030.MIS,pipe/1030.MIS,pipe/1030.MIS,190118AA.ZON,.dt,raw_gpr_trace,raw_trace,694928,dc09fc322357a0900ec9f00c1f49a64b4b3b8b4181eecdcc9ab65833900aebc1,pipe/1030.MIS/190118AA.ZON/LID10042.dt,external_assets/zenodo_gpr_14637589/extracted/Data Set/pipe/1030.MIS/190118AA.ZON/LID10042.dt,<LOCAL_DATA_ROOT>\external_assets\zenodo_gpr_14637589\extracted\Data Set\pipe\1030.MIS\190118AA.ZON\LID10042.dt,2026-08-11,False,public labelled or organized dataset; labels are visible before prediction freeze
zenodo_14637589,10.5281/zenodo.14637589,cc-by-4.0,zenodo_14637589_00295,pipe,pipe,1030.MIS,pipe/1030.MIS,pipe/1030.MIS,190118AA.ZON,.dt,raw_gpr_trace,raw_trace,450264,8dd86d2f9e2caa9e5df7e02ad3bde8d63915c06fe1674a0e84031d3e593a0ddd,pipe/1030.MIS/190118AA.ZON/LID10043.dt,external_assets/zenodo_gpr_14637589/extracted/Data Set/pipe/1030.MIS/190118AA.ZON/LID10043.dt,<LOCAL_DATA_ROOT>\external_assets\zenodo_gpr_14637589\extracted\Data Set\pipe\1030.MIS\190118AA.ZON\LID10043.dt,2026-08-11,False,public labelled or organized dataset; labels are visible before prediction freeze
zenodo_14637589,10.5281/zenodo.14637589,cc-by-4.0,zenodo_14637589_00296,pipe,pipe,1030.MIS,pipe/1030.MIS,pipe/1030.MIS,190118AA.ZON,.dt,raw_gpr_trace,raw_trace,536616,ac29a18d86ee8f832fa51c94a1c4604bcd084023e6c0c77fd0d0bba34e0156eb,pipe/1030.MIS/190118AA.ZON/LID10044.dt,external_assets/zenodo_gpr_14637589/extracted/Data Set/pipe/1030.MIS/190118AA.ZON/LID10044.dt,<LOCAL_DATA_ROOT>\external_assets\zenodo_gpr_14637589\extracted\Data Set\pipe\1030.MIS\190118AA.ZON\LID10044.dt,2026-08-11,False,public labelled or organized dataset; labels are visible before prediction freeze
zenodo_14637589,10.5281/zenodo.14637589,cc-by-4.0,zenodo_14637589_00297,pipe,pipe,1030.MIS,pipe/1030.MIS,pipe/1030.MIS,190118AA.ZON,.dt,raw_gpr_trace,raw_trace,200460,5b89501a9b9e7956489e43227764535c435cb4795996cc7fb3ed8ada87cbaedd,pipe/1030.MIS/190118AA.ZON/LID10045.dt,external_assets/zenodo_gpr_14637589/extracted/Data Set/pipe/1030.MIS/190118AA.ZON/LID10045.dt,<LOCAL_DATA_ROOT>\external_assets\zenodo_gpr_14637589\extracted\Data Set\pipe\1030.MIS\190118AA.ZON\LID10045.dt,2026-08-11,False,public labelled or organized dataset; labels are visible before prediction freeze
zenodo_14637589,10.5281/zenodo.14637589,cc-by-4.0,zenodo_14637589_00298,pipe,pipe,1030.MIS,pipe/1030.MIS,pipe/1030.MIS,190118AA.ZON,.dt,raw_gpr_trace,raw_trace,1119492,7da680acc06935803dfb849b4790ec36343ad9a209d14b212a1660a420a75597,pipe/1030.MIS/190118AA.ZON/LID10046.dt,external_assets/zenodo_gpr_14637589/extracted/Data Set/pipe/1030.MIS/190118AA.ZON/LID10046.dt,<LOCAL_DATA_ROOT>\external_assets\zenodo_gpr_14637589\extracted\Data Set\pipe\1030.MIS\190118AA.ZON\LID10046.dt,2026-08-11,False,public labelled or organized dataset; labels are visible before prediction freeze
zenodo_14637589,10.5281/zenodo.14637589,cc-by-4.0,zenodo_14637589_00299,pipe,pipe,1030.MIS,pipe/1030.MIS,pipe/1030.MIS,190118AA.ZON,.dt,raw_gpr_trace,raw_trace,566428,976f6e8c662fdd2ecb485e395197badd5797760e2cad0c9e760a9777a2d98a3b,pipe/1030.MIS/190118AA.ZON/LID10047.dt,external_assets/zenodo_gpr_14637589/extracted/Data Set/pipe/1030.MIS/190118AA.ZON/LID10047.dt,<LOCAL_DATA_ROOT>\external_assets\zenodo_gpr_14637589\extracted\Data Set\pipe\1030.MIS\190118AA.ZON\LID10047.dt,2026-08-11,False,public labelled or organized dataset; labels are visible before prediction freeze
zenodo_14637589,10.5281/zenodo.14637589,cc-by-4.0,zenodo_14637589_00300,pipe,pipe,1030.MIS,pipe/1030.MIS,pipe/1030.MIS,190118AA.ZON,.dt,raw_gpr_trace,raw_trace,644556,0f0a02a288f6f105238eee5c9b2f5af4cce70e2df49ac7add1bea3df15df58b4,pipe/1030.MIS/190118AA.ZON/LID10048.dt,external_assets/zenodo_gpr_14637589/extracted/Data Set/pipe/1030.MIS/190118AA.ZON/LID10048.dt,<LOCAL_DATA_ROOT>\external_assets\zenodo_gpr_14637589\extracted\Data Set\pipe\1030.MIS\190118AA.ZON\LID10048.dt,2026-08-11,False,public labelled or organized dataset; labels are visible before prediction freeze
zenodo_14637589,10.5281/zenodo.14637589,cc-by-4.0,zenodo_14637589_00301,pipe,pipe,1030.MIS,pipe/1030.MIS,pipe/1030.MIS,190118AA.ZON,.dt,raw_gpr_trace,raw_trace,745300,e5975bbd977b79e85718c8ed3c6ff9210432ee2c968bd12aed5a53d7dcad693d,pipe/1030.MIS/190118AA.ZON/LID10049.dt,external_assets/zenodo_gpr_14637589/extracted/Data Set/pipe/1030.MIS/190118AA.ZON/LID10049.dt,<LOCAL_DATA_ROOT>\external_assets\zenodo_gpr_14637589\extracted\Data Set\pipe\1030.MIS\190118AA.ZON\LID10049.dt,2026-08-11,False,public labelled or organized dataset; labels are visible before prediction freeze
zenodo_14637589,10.5281/zenodo.14637589,cc-by-4.0,zenodo_14637589_00302,pipe,pipe,1030.MIS,pipe/1030.MIS,pipe/1030.MIS,190118AA.ZON,.dt,raw_gpr_trace,raw_trace,254944,71c01bf7feb4c19003ae59475ab0a89ea8bf5526e5342e72e89681d9a6853703,pipe/1030.MIS/190118AA.ZON/LID10050.dt,external_assets/zenodo_gpr_14637589/extracted/Data Set/pipe/1030.MIS/190118AA.ZON/LID10050.dt,<LOCAL_DATA_ROOT>\external_assets\zenodo_gpr_14637589\extracted\Data Set\pipe\1030.MIS\190118AA.ZON\LID10050.dt,2026-08-11,False,public labelled or organized dataset; labels are visible before prediction freeze
zenodo_14637589,10.5281/zenodo.14637589,cc-by-4.0,zenodo_14637589_00303,pipe,pipe,1030.MIS,pipe/1030.MIS,pipe/1030.MIS,190118AA.ZON,.dt,raw_gpr_trace,raw_trace,487272,f6014edca998560b4270ea96923ca70b7138fd6a02cbcd68341bced0b19f11fa,pipe/1030.MIS/190118AA.ZON/LID10051.dt,external_assets/zenodo_gpr_14637589/extracted/Data Set/pipe/1030.MIS/190118AA.ZON/LID10051.dt,<LOCAL_DATA_ROOT>\external_assets\zenodo_gpr_14637589\extracted\Data Set\pipe\1030.MIS\190118AA.ZON\LID10051.dt,2026-08-11,False,public labelled or organized dataset; labels are visible before prediction freeze
zenodo_14637589,10.5281/zenodo.14637589,cc-by-4.0,zenodo_14637589_00304,pipe,pipe,1030.MIS,pipe/1030.MIS,pipe/1030.MIS,190118AA.ZON,.dt,raw_gpr_trace,raw_trace,763804,098a7d01b9a8dd4e79283b38d589206162b7b938bb87267af41bba5859cdf152,pipe/1030.MIS/190118AA.ZON/LID10052.dt,external_assets/zenodo_gpr_14637589/extracted/Data Set/pipe/1030.MIS/190118AA.ZON/LID10052.dt,<LOCAL_DATA_ROOT>\external_assets\zenodo_gpr_14637589\extracted\Data Set\pipe\1030.MIS\190118AA.ZON\LID10052.dt,2026-08-11,False,public labelled or organized dataset; labels are visible before prediction freeze
zenodo_14637589,10.5281/zenodo.14637589,cc-by-4.0,zenodo_14637589_00305,pipe,pipe,1030.MIS,pipe/1030.MIS,pipe/1030.MIS,190118AA.ZON,.dt,raw_gpr_trace,raw_trace,290924,6aba2d93db036975d973acc1a07ad4f6537f6b8e37a18a7d93592b5b392a36f6,pipe/1030.MIS/190118AA.ZON/LID10053.dt,external_assets/zenodo_gpr_14637589/extracted/Data Set/pipe/1030.MIS/190118AA.ZON/LID10053.dt,<LOCAL_DATA_ROOT>\external_assets\zenodo_gpr_14637589\extracted\Data Set\pipe\1030.MIS\190118AA.ZON\LID10053.dt,2026-08-11,False,public labelled or organized dataset; labels are visible before prediction freeze
zenodo_14637589,10.5281/zenodo.14637589,cc-by-4.0,zenodo_14637589_00306,pipe,pipe,1030.MIS,pipe/1030.MIS,pipe/1030.MIS,190118AA.ZON,.dt,raw_gpr_trace,raw_trace,715488,51aedde56e16dbd1acc617cda58e59dd63a9a99773c58acaee86f1804113b694,pipe/1030.MIS/190118AA.ZON/LID10054.dt,external_assets/zenodo_gpr_14637589/extracted/Data Set/pipe/1030.MIS/190118AA.ZON/LID10054.dt,<LOCAL_DATA_ROOT>\external_assets\zenodo_gpr_14637589\extracted\Data Set\pipe\1030.MIS\190118AA.ZON\LID10054.dt,2026-08-11,False,public labelled or organized dataset; labels are visible before prediction freeze
zenodo_14637589,10.5281/zenodo.14637589,cc-by-4.0,zenodo_14637589_00307,pipe,pipe,1030.MIS,pipe/1030.MIS,pipe/1030.MIS,190118AA.ZON,.dt,raw_gpr_trace,raw_trace,548952,8f6218f72fdb734bf2076b45f568cf710417f4f0e1691c8ce7903bacd263d91d,pipe/1030.MIS/190118AA.ZON/LID10055.dt,external_assets/zenodo_gpr_14637589/extracted/Data Set/pipe/1030.MIS/190118AA.ZON/LID10055.dt,<LOCAL_DATA_ROOT>\external_assets\zenodo_gpr_14637589\extracted\Data Set\pipe\1030.MIS\190118AA.ZON\LID10055.dt,2026-08-11,False,public labelled or organized dataset; labels are visible before prediction freeze
zenodo_14637589,10.5281/zenodo.14637589,cc-by-4.0,zenodo_14637589_00308,pipe,pipe,1030.MIS,pipe/1030.MIS,pipe/1030.MIS,190118AA.ZON,.dt,raw_gpr_trace,raw_trace,630164,2fa3fe277bc7196539fad076a3bcbf6be9b5a396baa04cad8bf1e6d12e63f2e3,pipe/1030.MIS/190118AA.ZON/LID10056.dt,external_assets/zenodo_gpr_14637589/extracted/Data Set/pipe/1030.MIS/190118AA.ZON/LID10056.dt,<LOCAL_DATA_ROOT>\external_assets\zenodo_gpr_14637589\extracted\Data Set\pipe\1030.MIS\190118AA.ZON\LID10056.dt,2026-08-11,False,public labelled or organized dataset; labels are visible before prediction freeze
zenodo_14637589,10.5281/zenodo.14637589,cc-by-4.0,zenodo_14637589_00309,pipe,pipe,1030.MIS,pipe/1030.MIS,pipe/1030.MIS,190118AA.ZON,.dt,raw_gpr_trace,raw_trace,996132,1223285108d936bf0a8ce3f86264348c20e344bbab67ac83c45b79627515d0fb,pipe/1030.MIS/190118AA.ZON/LID10057.dt,external_assets/zenodo_gpr_14637589/extracted/Data Set/pipe/1030.MIS/190118AA.ZON/LID10057.dt,<LOCAL_DATA_ROOT>\external_assets\zenodo_gpr_14637589\extracted\Data Set\pipe\1030.MIS\190118AA.ZON\LID10057.dt,2026-08-11,False,public labelled or organized dataset; labels are visible before prediction freeze
zenodo_14637589,10.5281/zenodo.14637589,cc-by-4.0,zenodo_14637589_00310,pipe,pipe,1030.MIS,pipe/1030.MIS,pipe/1030.MIS,190118AA.ZON,.dt,raw_gpr_trace,raw_trace,496524,94f01cddf0121b1262c228a05430cb889fb0dc95cef0f700a6f8a04e30a253da,pipe/1030.MIS/190118AA.ZON/LID10058.dt,external_assets/zenodo_gpr_14637589/extracted/Data Set/pipe/1030.MIS/190118AA.ZON/LID10058.dt,<LOCAL_DATA_ROOT>\external_assets\zenodo_gpr_14637589\extracted\Data Set\pipe\1030.MIS\190118AA.ZON\LID10058.dt,2026-08-11,False,public labelled or organized dataset; labels are visible before prediction freeze
zenodo_14637589,10.5281/zenodo.14637589,cc-by-4.0,zenodo_14637589_00311,pipe,pipe,1030.MIS,pipe/1030.MIS,pipe/1030.MIS,190118AA.ZON,.dt,raw_gpr_trace,raw_trace,487272,5d9a774835771377e1bb8f0a959f4f92f941c556cca382ec07d9b725289c3b3a,pipe/1030.MIS/190118AA.ZON/LID10059.dt,external_assets/zenodo_gpr_14637589/extracted/Data Set/pipe/1030.MIS/190118AA.ZON/LID10059.dt,<LOCAL_DATA_ROOT>\external_assets\zenodo_gpr_14637589\extracted\Data Set\pipe\1030.MIS\190118AA.ZON\LID10059.dt,2026-08-11,False,public labelled or organized dataset; labels are visible before prediction freeze
zenodo_14637589,10.5281/zenodo.14637589,cc-by-4.0,zenodo_14637589_00312,pipe,pipe,1030.MIS,pipe/1030.MIS,pipe/1030.MIS,190118AA.ZON,.dt,raw_gpr_trace,raw_trace,402976,1c7d45cf5174ce1fbb12b981cb93cfcc175f9000fe8f539d56b415ad39f3dbe0,pipe/1030.MIS/190118AA.ZON/LID10060.dt,external_assets/zenodo_gpr_14637589/extracted/Data Set/pipe/1030.MIS/190118AA.ZON/LID10060.dt,<LOCAL_DATA_ROOT>\external_assets\zenodo_gpr_14637589\extracted\Data Set\pipe\1030.MIS\190118AA.ZON\LID10060.dt,2026-08-11,False,public labelled or organized dataset; labels are visible before prediction freeze
zenodo_14637589,10.5281/zenodo.14637589,cc-by-4.0,zenodo_14637589_00313,pipe,pipe,1030.MIS,pipe/1030.MIS,pipe/1030.MIS,190118AA.ZON,.dt,raw_gpr_trace,raw_trace,294008,1844e51a7b2d9eaa056965a44aa9a36b24ead8e9f16714c817e7bee0bca075a4,pipe/1030.MIS/190118AA.ZON/LID10061.dt,external_assets/zenodo_gpr_14637589/extracted/Data Set/pipe/1030.MIS/190118AA.ZON/LID10061.dt,<LOCAL_DATA_ROOT>\external_assets\zenodo_gpr_14637589\extracted\Data Set\pipe\1030.MIS\190118AA.ZON\LID10061.dt,2026-08-11,False,public labelled or organized dataset; labels are visible before prediction freeze
zenodo_14637589,10.5281/zenodo.14637589,cc-by-4.0,zenodo_14637589_00314,pipe,pipe,1030.MIS,pipe/1030.MIS,pipe/1030.MIS,190118AA.ZON,.dt,raw_gpr_trace,raw_trace,297092,e413f014b254ce73dadb305434b49c875d980b2f8fe672a6d3198caa84f690fe,pipe/1030.MIS/190118AA.ZON/LID10062.dt,external_assets/zenodo_gpr_14637589/extracted/Data Set/pipe/1030.MIS/190118AA.ZON/LID10062.dt,<LOCAL_DATA_ROOT>\external_assets\zenodo_gpr_14637589\extracted\Data Set\pipe\1030.MIS\190118AA.ZON\LID10062.dt,2026-08-11,False,public labelled or organized dataset; labels are visible before prediction freeze
zenodo_14637589,10.5281/zenodo.14637589,cc-by-4.0,zenodo_14637589_00315,pipe,pipe,1030.MIS,pipe/1030.MIS,pipe/1030.MIS,190118AA.ZON,.dt,raw_gpr_trace,raw_trace,354660,f12d7e1a0c585a2b2032adfbee1140e7c69e541639cef32e53e8be1371b3c341,pipe/1030.MIS/190118AA.ZON/LID10063.dt,external_assets/zenodo_gpr_14637589/extracted/Data Set/pipe/1030.MIS/190118AA.ZON/LID10063.dt,<LOCAL_DATA_ROOT>\external_assets\zenodo_gpr_14637589\extracted\Data Set\pipe\1030.MIS\190118AA.ZON\LID10063.dt,2026-08-11,False,public labelled or organized dataset; labels are visible before prediction freeze
zenodo_14637589,10.5281/zenodo.14637589,cc-by-4.0,zenodo_14637589_00316,pipe,pipe,1030.MIS,pipe/1030.MIS,pipe/1030.MIS,190118AA.ZON,.dt,raw_gpr_trace,raw_trace,15420,90fb6838749c80c06070581a7dc2e6c2a32549b5d5e19976e5b8b556ea091e0b,pipe/1030.MIS/190118AA.ZON/LID10064.dt,external_assets/zenodo_gpr_14637589/extracted/Data Set/pipe/1030.MIS/190118AA.ZON/LID10064.dt,<LOCAL_DATA_ROOT>\external_assets\zenodo_gpr_14637589\extracted\Data Set\pipe\1030.MIS\190118AA.ZON\LID10064.dt,2026-08-11,False,public labelled or organized dataset; labels are visible before prediction freeze
zenodo_14637589,10.5281/zenodo.14637589,cc-by-4.0,zenodo_14637589_00317,pipe,pipe,1030.MIS,pipe/1030.MIS,pipe/1030.MIS,190118AA.ZON,.dt,raw_gpr_trace,raw_trace,647640,dce25c8b0b565d6b866c687562f5eedc386449d1a0ef1af94e3cac474662bd7e,pipe/1030.MIS/190118AA.ZON/LID10065.dt,external_assets/zenodo_gpr_14637589/extracted/Data Set/pipe/1030.MIS/190118AA.ZON/LID10065.dt,<LOCAL_DATA_ROOT>\external_assets\zenodo_gpr_14637589\extracted\Data Set\pipe\1030.MIS\190118AA.ZON\LID10065.dt,2026-08-11,False,public labelled or organized dataset; labels are visible before prediction freeze
zenodo_14637589,10.5281/zenodo.14637589,cc-by-4.0,zenodo_14637589_00318,pipe,pipe,1030.MIS,pipe/1030.MIS,pipe/1030.MIS,190118AA.ZON,.dt,raw_gpr_trace,raw_trace,341296,d219bcb805a74bf37d9fce8e0daf67ca821afd1fbd23f32f54ff30ae20d919e8,pipe/1030.MIS/190118AA.ZON/LID10066.dt,external_assets/zenodo_gpr_14637589/extracted/Data Set/pipe/1030.MIS/190118AA.ZON/LID10066.dt,<LOCAL_DATA_ROOT>\external_assets\zenodo_gpr_14637589\extracted\Data Set\pipe\1030.MIS\190118AA.ZON\LID10066.dt,2026-08-11,False,public labelled or organized dataset; labels are visible before prediction freeze
zenodo_14637589,10.5281/zenodo.14637589,cc-by-4.0,zenodo_14637589_00319,pipe,pipe,1030.MIS,pipe/1030.MIS,pipe/1030.MIS,190118AA.ZON,.dt,raw_gpr_trace,raw_trace,285784,ff213e7b0e9dd1dbfed466a012a14170484ab32729538dec1b9aa5d8434dbf71,pipe/1030.MIS/190118AA.ZON/LID10067.dt,external_assets/zenodo_gpr_14637589/extracted/Data Set/pipe/1030.MIS/190118AA.ZON/LID10067.dt,<LOCAL_DATA_ROOT>\external_assets\zenodo_gpr_14637589\extracted\Data Set\pipe\1030.MIS\190118AA.ZON\LID10067.dt,2026-08-11,False,public labelled or organized dataset; labels are visible before prediction freeze
zenodo_14637589,10.5281/zenodo.14637589,cc-by-4.0,zenodo_14637589_00320,pipe,pipe,1030.MIS,pipe/1030.MIS,pipe/1030.MIS,190118AA.ZON,.dt,raw_gpr_trace,raw_trace,674368,11775c333eda9a2d301c6bf71d3576b2925c1c488bbeb40cd11dff1b72cfdb10,pipe/1030.MIS/190118AA.ZON/LID10068.dt,external_assets/zenodo_gpr_14637589/extracted/Data Set/pipe/1030.MIS/190118AA.ZON/LID10068.dt,<LOCAL_DATA_ROOT>\external_assets\zenodo_gpr_14637589\extracted\Data Set\pipe\1030.MIS\190118AA.ZON\LID10068.dt,2026-08-11,False,public labelled or organized dataset; labels are visible before prediction freeze
zenodo_14637589,10.5281/zenodo.14637589,cc-by-4.0,zenodo_14637589_00321,pipe,pipe,1030.MIS,pipe/1030.MIS,pipe/1030.MIS,190118AA.ZON,.dt,raw_gpr_trace,raw_trace,602408,54321045051eb1803f9a9b3f70e59a730e165ecc3c692bd89211db0620860e0f,pipe/1030.MIS/190118AA.ZON/LID10069.dt,external_assets/zenodo_gpr_14637589/extracted/Data Set/pipe/1030.MIS/190118AA.ZON/LID10069.dt,<LOCAL_DATA_ROOT>\external_assets\zenodo_gpr_14637589\extracted\Data Set\pipe\1030.MIS\190118AA.ZON\LID10069.dt,2026-08-11,False,public labelled or organized dataset; labels are visible before prediction freeze
zenodo_14637589,10.5281/zenodo.14637589,cc-by-4.0,zenodo_14637589_00322,pipe,pipe,1030.MIS,pipe/1030.MIS,pipe/1030.MIS,190118AA.ZON,.dt,raw_gpr_trace,raw_trace,501664,52d9f612b32b02c760febca2b4ba3c3c8ec586a4d3e2f3e00dff56ce5c3c3663,pipe/1030.MIS/190118AA.ZON/LID10070.dt,external_assets/zenodo_gpr_14637589/extracted/Data Set/pipe/1030.MIS/190118AA.ZON/LID10070.dt,<LOCAL_DATA_ROOT>\external_assets\zenodo_gpr_14637589\extracted\Data Set\pipe\1030.MIS\190118AA.ZON\LID10070.dt,2026-08-11,False,public labelled or organized dataset; labels are visible before prediction freeze
zenodo_14637589,10.5281/zenodo.14637589,cc-by-4.0,zenodo_14637589_00323,pipe,pipe,1030.MIS,pipe/1030.MIS,pipe/1030.MIS,190118AA.ZON,.dt,raw_gpr_trace,raw_trace,405032,7b0e60577c6e22830198648036359e9787aaa17c518444ad453a1838fbe2f1d2,pipe/1030.MIS/190118AA.ZON/LID10071.dt,external_assets/zenodo_gpr_14637589/extracted/Data Set/pipe/1030.MIS/190118AA.ZON/LID10071.dt,<LOCAL_DATA_ROOT>\external_assets\zenodo_gpr_14637589\extracted\Data Set\pipe\1030.MIS\190118AA.ZON\LID10071.dt,2026-08-11,False,public labelled or organized dataset; labels are visible before prediction freeze
zenodo_14637589,10.5281/zenodo.14637589,cc-by-4.0,zenodo_14637589_00324,pipe,pipe,1030.MIS,pipe/1030.MIS,pipe/1030.MIS,190118AA.ZON,.dt,raw_gpr_trace,raw_trace,251860,f6c9a7598978c01f6cf487cf61228d2a2218382543ad16cbf0d2c1cec635e4a0,pipe/1030.MIS/190118AA.ZON/LID10072.dt,external_assets/zenodo_gpr_14637589/extracted/Data Set/pipe/1030.MIS/190118AA.ZON/LID10072.dt,<LOCAL_DATA_ROOT>\external_assets\zenodo_gpr_14637589\extracted\Data Set\pipe\1030.MIS\190118AA.ZON\LID10072.dt,2026-08-11,False,public labelled or organized dataset; labels are visible before prediction freeze
zenodo_14637589,10.5281/zenodo.14637589,cc-by-4.0,zenodo_14637589_00325,pipe,pipe,1030.MIS,pipe/1030.MIS,pipe/1030.MIS,190118AA.ZON,.dt,raw_gpr_trace,raw_trace,260084,4ca2edede671d65972d6e7889139bdac511d8522f710c3fbb34c2d8d0f9fc1e5,pipe/1030.MIS/190118AA.ZON/LID10073.dt,external_assets/zenodo_gpr_14637589/extracted/Data Set/pipe/1030.MIS/190118AA.ZON/LID10073.dt,<LOCAL_DATA_ROOT>\external_assets\zenodo_gpr_14637589\extracted\Data Set\pipe\1030.MIS\190118AA.ZON\LID10073.dt,2026-08-11,False,public labelled or organized dataset; labels are visible before prediction freeze
zenodo_14637589,10.5281/zenodo.14637589,cc-by-4.0,zenodo_14637589_00326,pipe,pipe,1030.MIS,pipe/1030.MIS,pipe/1030.MIS,190118AA.ZON,.dt,raw_gpr_trace,raw_trace,809036,eb91798d990850721de8328ddde30f467936b9aee2d6b32adaba2793dd26ded0,pipe/1030.MIS/190118AA.ZON/LID10074.dt,external_assets/zenodo_gpr_14637589/extracted/Data Set/pipe/1030.MIS/190118AA.ZON/LID10074.dt,<LOCAL_DATA_ROOT>\external_assets\zenodo_gpr_14637589\extracted\Data Set\pipe\1030.MIS\190118AA.ZON\LID10074.dt,2026-08-11,False,public labelled or organized dataset; labels are visible before prediction freeze
zenodo_14637589,10.5281/zenodo.14637589,cc-by-4.0,zenodo_14637589_00327,pipe,pipe,1030.MIS,pipe/1030.MIS,pipe/1030.MIS,190118AA.ZON,.dt,raw_gpr_trace,raw_trace,437928,2ae5967b38aaf2952b472130d58a0b8c1110c5899d0c0eeee60b12646f89783e,pipe/1030.MIS/190118AA.ZON/LID10075.dt,external_assets/zenodo_gpr_14637589/extracted/Data Set/pipe/1030.MIS/190118AA.ZON/LID10075.dt,<LOCAL_DATA_ROOT>\external_assets\zenodo_gpr_14637589\extracted\Data Set\pipe\1030.MIS\190118AA.ZON\LID10075.dt,2026-08-11,False,public labelled or organized dataset; labels are visible before prediction freeze
zenodo_14637589,10.5281/zenodo.14637589,cc-by-4.0,zenodo_14637589_00328,pipe,pipe,1030.MIS,pipe/1030.MIS,pipe/1030.MIS,190118AA.ZON,.dt,raw_gpr_trace,raw_trace,794644,0c6654e7b6bd91fe02a9c136504fe297233028965f65cd2456cf2685a6850cb9,pipe/1030.MIS/190118AA.ZON/LID10076.dt,external_assets/zenodo_gpr_14637589/extracted/Data Set/pipe/1030.MIS/190118AA.ZON/LID10076.dt,<LOCAL_DATA_ROOT>\external_assets\zenodo_gpr_14637589\extracted\Data Set\pipe\1030.MIS\190118AA.ZON\LID10076.dt,2026-08-11,False,public labelled or organized dataset; labels are visible before prediction freeze
zenodo_14637589,10.5281/zenodo.14637589,cc-by-4.0,zenodo_14637589_00329,pipe,pipe,1030.MIS,pipe/1030.MIS,pipe/1030.MIS,190118AA.ZON,.dt,raw_gpr_trace,raw_trace,453348,49a2cc6db4554cdf159a4c29722339c935b6fafda882ec3fc0c002be0e033567,pipe/1030.MIS/190118AA.ZON/LID10077.dt,external_assets/zenodo_gpr_14637589/extracted/Data Set/pipe/1030.MIS/190118AA.ZON/LID10077.dt,<LOCAL_DATA_ROOT>\external_assets\zenodo_gpr_14637589\extracted\Data Set\pipe\1030.MIS\190118AA.ZON\LID10077.dt,2026-08-11,False,public labelled or organized dataset; labels are visible before prediction freeze
zenodo_14637589,10.5281/zenodo.14637589,cc-by-4.0,zenodo_14637589_00330,pipe,pipe,1030.MIS,pipe/1030.MIS,pipe/1030.MIS,190118AA.ZON,.dt,raw_gpr_trace,raw_trace,649696,0b1a7e065835233520ab42bc2d86ef5a3f7293188c942b2faad9f0fb31186760,pipe/1030.MIS/190118AA.ZON/LID10078.dt,external_assets/zenodo_gpr_14637589/extracted/Data Set/pipe/1030.MIS/190118AA.ZON/LID10078.dt,<LOCAL_DATA_ROOT>\external_assets\zenodo_gpr_14637589\extracted\Data Set\pipe\1030.MIS\190118AA.ZON\LID10078.dt,2026-08-11,False,public labelled or organized dataset; labels are visible before prediction freeze
zenodo_14637589,10.5281/zenodo.14637589,cc-by-4.0,zenodo_14637589_00331,pipe,pipe,1030.MIS,pipe/1030.MIS,pipe/1030.MIS,190118AA.ZON,.dt,raw_gpr_trace,raw_trace,747356,808ae8cfc993102080255d8c72d00ed8cf1050890b3d09ce325364f1929aee16,pipe/1030.MIS/190118AA.ZON/LID10079.dt,external_assets/zenodo_gpr_14637589/extracted/Data Set/pipe/1030.MIS/190118AA.ZON/LID10079.dt,<LOCAL_DATA_ROOT>\external_assets\zenodo_gpr_14637589\extracted\Data Set\pipe\1030.MIS\190118AA.ZON\LID10079.dt,2026-08-11,False,public labelled or organized dataset; labels are visible before prediction freeze
zenodo_14637589,10.5281/zenodo.14637589,cc-by-4.0,zenodo_14637589_00332,pipe,pipe,1030.MIS,pipe/1030.MIS,pipe/1030.MIS,190118AA.ZON,.dt,raw_gpr_trace,raw_trace,465684,8a4c966f22feb93ba97b783d9e306cd37e6477660ffc93e56cd3248cad9dc4fa,pipe/1030.MIS/190118AA.ZON/LID10080.dt,external_assets/zenodo_gpr_14637589/extracted/Data Set/pipe/1030.MIS/190118AA.ZON/LID10080.dt,<LOCAL_DATA_ROOT>\external_assets\zenodo_gpr_14637589\extracted\Data Set\pipe\1030.MIS\190118AA.ZON\LID10080.dt,2026-08-11,False,public labelled or organized dataset; labels are visible before prediction freeze
zenodo_14637589,10.5281/zenodo.14637589,cc-by-4.0,zenodo_14637589_00333,pipe,pipe,1030.MIS,pipe/1030.MIS,pipe/1030.MIS,190118AA.ZON,.dt,raw_gpr_trace,raw_trace,644556,90f12ceb0d254cc7c46295280e8e47ee4c04ae340cec683da670381260544c94,pipe/1030.MIS/190118AA.ZON/LID10081.dt,external_assets/zenodo_gpr_14637589/extracted/Data Set/pipe/1030.MIS/190118AA.ZON/LID10081.dt,<LOCAL_DATA_ROOT>\external_assets\zenodo_gpr_14637589\extracted\Data Set\pipe\1030.MIS\190118AA.ZON\LID10081.dt,2026-08-11,False,public labelled or organized dataset; labels are visible before prediction freeze
zenodo_14637589,10.5281/zenodo.14637589,cc-by-4.0,zenodo_14637589_00334,pipe,pipe,1030.MIS,pipe/1030.MIS,pipe/1030.MIS,190118AA.ZON,.dt,raw_gpr_trace,raw_trace,750440,45a06dafe27004d9a7e216349992b4434e20ee9aa92676a1fb63acec9342c8f6,pipe/1030.MIS/190118AA.ZON/LID10082.dt,external_assets/zenodo_gpr_14637589/extracted/Data Set/pipe/1030.MIS/190118AA.ZON/LID10082.dt,<LOCAL_DATA_ROOT>\external_assets\zenodo_gpr_14637589\extracted\Data Set\pipe\1030.MIS\190118AA.ZON\LID10082.dt,2026-08-11,False,public labelled or organized dataset; labels are visible before prediction freeze
zenodo_14637589,10.5281/zenodo.14637589,cc-by-4.0,zenodo_14637589_00335,pipe,pipe,1030.MIS,pipe/1030.MIS,pipe/1030.MIS,190118AA.ZON,.dt,raw_gpr_trace,raw_trace,447180,f8ee4f06cc1ec473cdafdf1dda9fc3d99b306ad6c3345abdd79f98e2284b42ef,pipe/1030.MIS/190118AA.ZON/LID10083.dt,external_assets/zenodo_gpr_14637589/extracted/Data Set/pipe/1030.MIS/190118AA.ZON/LID10083.dt,<LOCAL_DATA_ROOT>\external_assets\zenodo_gpr_14637589\extracted\Data Set\pipe\1030.MIS\190118AA.ZON\LID10083.dt,2026-08-11,False,public labelled or organized dataset; labels are visible before prediction freeze
zenodo_14637589,10.5281/zenodo.14637589,cc-by-4.0,zenodo_14637589_00336,pipe,pipe,1030.MIS,pipe/1030.MIS,pipe/1030.MIS,190118AA.ZON,.dt,raw_gpr_trace,raw_trace,428676,ed16bac85d41c9a028b129189dd287e4e0e58dfc7e27db9cf26e29aede9f86f0,pipe/1030.MIS/190118AA.ZON/LID10084.dt,external_assets/zenodo_gpr_14637589/extracted/Data Set/pipe/1030.MIS/190118AA.ZON/LID10084.dt,<LOCAL_DATA_ROOT>\external_assets\zenodo_gpr_14637589\extracted\Data Set\pipe\1030.MIS\190118AA.ZON\LID10084.dt,2026-08-11,False,public labelled or organized dataset; labels are visible before prediction freeze
zenodo_14637589,10.5281/zenodo.14637589,cc-by-4.0,zenodo_14637589_00337,pipe,pipe,1030.MIS,pipe/1030.MIS,pipe/1030.MIS,190118AA.ZON,.dt,raw_gpr_trace,raw_trace,856324,0258046bd37f8f91c77fa722b7594c057a7fd39fd9cfab2bbd17df2e3e04ea15,pipe/1030.MIS/190118AA.ZON/LID10085.dt,external_assets/zenodo_gpr_14637589/extracted/Data Set/pipe/1030.MIS/190118AA.ZON/LID10085.dt,<LOCAL_DATA_ROOT>\external_assets\zenodo_gpr_14637589\extracted\Data Set\pipe\1030.MIS\190118AA.ZON\LID10085.dt,2026-08-11,False,public labelled or organized dataset; labels are visible before prediction freeze
zenodo_14637589,10.5281/zenodo.14637589,cc-by-4.0,zenodo_14637589_00338,pipe,pipe,1030.MIS,pipe/1030.MIS,pipe/1030.MIS,190118AA.ZON,.dt,raw_gpr_trace,raw_trace,867632,51629381e6e1068cc81bf7bd339596974fe033328266007e542add6539f38256,pipe/1030.MIS/190118AA.ZON/LID10086.dt,external_assets/zenodo_gpr_14637589/extracted/Data Set/pipe/1030.MIS/190118AA.ZON/LID10086.dt,<LOCAL_DATA_ROOT>\external_assets\zenodo_gpr_14637589\extracted\Data Set\pipe\1030.MIS\190118AA.ZON\LID10086.dt,2026-08-11,False,public labelled or organized dataset; labels are visible before prediction freeze
zenodo_14637589,10.5281/zenodo.14637589,cc-by-4.0,zenodo_14637589_00339,pipe,pipe,1030.MIS,pipe/1030.MIS,pipe/1030.MIS,190118AA.ZON,.dt,raw_gpr_trace,raw_trace,1195564,e6d91e5cc31f7776db705f5bb4871d2e577a0755feba484eb15f9dd5d53105b5,pipe/1030.MIS/190118AA.ZON/LID10087.dt,external_assets/zenodo_gpr_14637589/extracted/Data Set/pipe/1030.MIS/190118AA.ZON/LID10087.dt,<LOCAL_DATA_ROOT>\external_assets\zenodo_gpr_14637589\extracted\Data Set\pipe\1030.MIS\190118AA.ZON\LID10087.dt,2026-08-11,False,public labelled or organized dataset; labels are visible before prediction freeze
zenodo_14637589,10.5281/zenodo.14637589,cc-by-4.0,zenodo_14637589_00340,pipe,pipe,1030.MIS,pipe/1030.MIS,pipe/1030.MIS,190118AC.ZON,.dt,raw_gpr_trace,raw_trace,1149304,4423d935ecf388f5c5f1645a978aaac592a7ec9185c9286c52da5f8200bb6ef4,pipe/1030.MIS/190118AC.ZON/LID10001.dt,external_assets/zenodo_gpr_14637589/extracted/Data Set/pipe/1030.MIS/190118AC.ZON/LID10001.dt,<LOCAL_DATA_ROOT>\external_assets\zenodo_gpr_14637589\extracted\Data Set\pipe\1030.MIS\190118AC.ZON\LID10001.dt,2026-08-11,False,public labelled or organized dataset; labels are visible before prediction freeze
zenodo_14637589,10.5281/zenodo.14637589,cc-by-4.0,zenodo_14637589_00341,pipe,pipe,1030.MIS,pipe/1030.MIS,pipe/1030.MIS,190118AC.ZON,.dt,raw_gpr_trace,raw_trace,775112,d371501c52c5748bb4aa49da89343f3c6c93182127ecf6c15dafd60df9a88027,pipe/1030.MIS/190118AC.ZON/LID10002.dt,external_assets/zenodo_gpr_14637589/extracted/Data Set/pipe/1030.MIS/190118AC.ZON/LID10002.dt,<LOCAL_DATA_ROOT>\external_assets\zenodo_gpr_14637589\extracted\Data Set\pipe\1030.MIS\190118AC.ZON\LID10002.dt,2026-08-11,False,public labelled or organized dataset; labels are visible before prediction freeze
zenodo_14637589,10.5281/zenodo.14637589,cc-by-4.0,zenodo_14637589_00342,pipe,pipe,1030.MIS,pipe/1030.MIS,pipe/1030.MIS,190118AC.ZON,.dt,raw_gpr_trace,raw_trace,727824,9a5d715d7511965da177113f7e72284c8f671fe846fabfb4a174744f1d09b423,pipe/1030.MIS/190118AC.ZON/LID10003.dt,external_assets/zenodo_gpr_14637589/extracted/Data Set/pipe/1030.MIS/190118AC.ZON/LID10003.dt,<LOCAL_DATA_ROOT>\external_assets\zenodo_gpr_14637589\extracted\Data Set\pipe\1030.MIS\190118AC.ZON\LID10003.dt,2026-08-11,False,public labelled or organized dataset; labels are visible before prediction freeze
zenodo_14637589,10.5281/zenodo.14637589,cc-by-4.0,zenodo_14637589_00343,pipe,pipe,1030.MIS,pipe/1030.MIS,pipe/1030.MIS,190118AC.ZON,.dt,raw_gpr_trace,raw_trace,879968,7d8104b813291115e98c69b32f84109dd8f0bbea6504a5861c39c7e39c8551fe,pipe/1030.MIS/190118AC.ZON/LID10004.dt,external_assets/zenodo_gpr_14637589/extracted/Data Set/pipe/1030.MIS/190118AC.ZON/LID10004.dt,<LOCAL_DATA_ROOT>\external_assets\zenodo_gpr_14637589\extracted\Data Set\pipe\1030.MIS\190118AC.ZON\LID10004.dt,2026-08-11,False,public labelled or organized dataset; labels are visible before prediction freeze
zenodo_14637589,10.5281/zenodo.14637589,cc-by-4.0,zenodo_14637589_00344,pipe,pipe,1030.MIS,pipe/1030.MIS,pipe/1030.MIS,190118AC.ZON,.dt,raw_gpr_trace,raw_trace,939592,20424b2ff279e75ff6deda0fe65e4aa65c25cb1e4542e5d3b59597f85c22dc58,pipe/1030.MIS/190118AC.ZON/LID10005.dt,external_assets/zenodo_gpr_14637589/extracted/Data Set/pipe/1030.MIS/190118AC.ZON/LID10005.dt,<LOCAL_DATA_ROOT>\external_assets\zenodo_gpr_14637589\extracted\Data Set\pipe\1030.MIS\190118AC.ZON\LID10005.dt,2026-08-11,False,public labelled or organized dataset; labels are visible before prediction freeze
zenodo_14637589,10.5281/zenodo.14637589,cc-by-4.0,zenodo_14637589_00345,pipe,pipe,1030.MIS,pipe/1030.MIS,pipe/1030.MIS,190118AC.ZON,.dt,raw_gpr_trace,raw_trace,705208,34e91b8e9c6a067e5a2325c412fab1161e806595d8cf9c191ba82ec1f89fa6b1,pipe/1030.MIS/190118AC.ZON/LID10006.dt,external_assets/zenodo_gpr_14637589/extracted/Data Set/pipe/1030.MIS/190118AC.ZON/LID10006.dt,<LOCAL_DATA_ROOT>\external_assets\zenodo_gpr_14637589\extracted\Data Set\pipe\1030.MIS\190118AC.ZON\LID10006.dt,2026-08-11,False,public labelled or organized dataset; labels are visible before prediction freeze
zenodo_14637589,10.5281/zenodo.14637589,cc-by-4.0,zenodo_14637589_00346,pipe,pipe,1030.MIS,pipe/1030.MIS,pipe/1030.MIS,190118AC.ZON,.dt,raw_gpr_trace,raw_trace,814176,715c1ffc638ef78b8a9c399b79a42609a96bf1b3b5e285cc9d0d153865c67a0b,pipe/1030.MIS/190118AC.ZON/LID10007.dt,external_assets/zenodo_gpr_14637589/extracted/Data Set/pipe/1030.MIS/190118AC.ZON/LID10007.dt,<LOCAL_DATA_ROOT>\external_assets\zenodo_gpr_14637589\extracted\Data Set\pipe\1030.MIS\190118AC.ZON\LID10007.dt,2026-08-11,False,public labelled or organized dataset; labels are visible before prediction freeze
zenodo_14637589,10.5281/zenodo.14637589,cc-by-4.0,zenodo_14637589_00347,pipe,pipe,1030.MIS,pipe/1030.MIS,pipe/1030.MIS,190118AC.ZON,.dt,raw_gpr_trace,raw_trace,572596,15e27a9fa84f8e9a3e86ecf7a394078907ffe113cf4f33d4ba7c6a4f26b40829,pipe/1030.MIS/190118AC.ZON/LID10008.dt,external_assets/zenodo_gpr_14637589/extracted/Data Set/pipe/1030.MIS/190118AC.ZON/LID10008.dt,<LOCAL_DATA_ROOT>\external_assets\zenodo_gpr_14637589\extracted\Data Set\pipe\1030.MIS\190118AC.ZON\LID10008.dt,2026-08-11,False,public labelled or organized dataset; labels are visible before prediction freeze
zenodo_14637589,10.5281/zenodo.14637589,cc-by-4.0,zenodo_14637589_00348,pipe,pipe,1030.MIS,pipe/1030.MIS,pipe/1030.MIS,190118AC.ZON,.dt,raw_gpr_trace,raw_trace,493440,b53dbd605c033249990556827bed80c0e25716f2189dd227d3d90d68af4e2630,pipe/1030.MIS/190118AC.ZON/LID10009.dt,external_assets/zenodo_gpr_14637589/extracted/Data Set/pipe/1030.MIS/190118AC.ZON/LID10009.dt,<LOCAL_DATA_ROOT>\external_assets\zenodo_gpr_14637589\extracted\Data Set\pipe\1030.MIS\190118AC.ZON\LID10009.dt,2026-08-11,False,public labelled or organized dataset; labels are visible before prediction freeze
zenodo_14637589,10.5281/zenodo.14637589,cc-by-4.0,zenodo_14637589_00349,pipe,pipe,1030.MIS,pipe/1030.MIS,pipe/1030.MIS,190118AC.ZON,.dt,raw_gpr_trace,raw_trace,493440,1070c0737374684f5ae0ad1663b385307048211431be325987a6916fba827c45,pipe/1030.MIS/190118AC.ZON/LID10010.dt,external_assets/zenodo_gpr_14637589/extracted/Data Set/pipe/1030.MIS/190118AC.ZON/LID10010.dt,<LOCAL_DATA_ROOT>\external_assets\zenodo_gpr_14637589\extracted\Data Set\pipe\1030.MIS\190118AC.ZON\LID10010.dt,2026-08-11,False,public labelled or organized dataset; labels are visible before prediction freeze
zenodo_14637589,10.5281/zenodo.14637589,cc-by-4.0,zenodo_14637589_00350,pipe,pipe,1030.MIS,pipe/1030.MIS,pipe/1030.MIS,190118AC.ZON,.dt,raw_gpr_trace,raw_trace,584932,cc763baeed5e9ebc57f1efc27e6a340e2eb793756938fc5d796a2bd0dd6c8655,pipe/1030.MIS/190118AC.ZON/LID10011.dt,external_assets/zenodo_gpr_14637589/extracted/Data Set/pipe/1030.MIS/190118AC.ZON/LID10011.dt,<LOCAL_DATA_ROOT>\external_assets\zenodo_gpr_14637589\extracted\Data Set\pipe\1030.MIS\190118AC.ZON\LID10011.dt,2026-08-11,False,public labelled or organized dataset; labels are visible before prediction freeze
zenodo_14637589,10.5281/zenodo.14637589,cc-by-4.0,zenodo_14637589_00351,pipe,pipe,1030.MIS,pipe/1030.MIS,pipe/1030.MIS,190118AC.ZON,.dt,raw_gpr_trace,raw_trace,1120520,a79eec75e5bfd6202e0bd64291528046544c509465b716beba566da849b472e0,pipe/1030.MIS/190118AC.ZON/LID10012.dt,external_assets/zenodo_gpr_14637589/extracted/Data Set/pipe/1030.MIS/190118AC.ZON/LID10012.dt,<LOCAL_DATA_ROOT>\external_assets\zenodo_gpr_14637589\extracted\Data Set\pipe\1030.MIS\190118AC.ZON\LID10012.dt,2026-08-11,False,public labelled or organized dataset; labels are visible before prediction freeze
zenodo_14637589,10.5281/zenodo.14637589,cc-by-4.0,zenodo_14637589_00352,pipe,pipe,1030.MIS,pipe/1030.MIS,pipe/1030.MIS,190118AC.ZON,.dt,raw_gpr_trace,raw_trace,281672,05db346f68f1adb83915374ee96f6db20a07e73c8d16c816aaf8aa9d258890ba,pipe/1030.MIS/190118AC.ZON/LID10013.dt,external_assets/zenodo_gpr_14637589/extracted/Data Set/pipe/1030.MIS/190118AC.ZON/LID10013.dt,<LOCAL_DATA_ROOT>\external_assets\zenodo_gpr_14637589\extracted\Data Set\pipe\1030.MIS\190118AC.ZON\LID10013.dt,2026-08-11,False,public labelled or organized dataset; labels are visible before prediction freeze
zenodo_14637589,10.5281/zenodo.14637589,cc-by-4.0,zenodo_14637589_00353,pipe,pipe,1030.MIS,pipe/1030.MIS,pipe/1030.MIS,190118AC.ZON,.dt,raw_gpr_trace,raw_trace,348492,c491dc64b2535c7c2bed04946a6f83a74461e611340b7f32454b1838eb8a54d5,pipe/1030.MIS/190118AC.ZON/LID10014.dt,external_assets/zenodo_gpr_14637589/extracted/Data Set/pipe/1030.MIS/190118AC.ZON/LID10014.dt,<LOCAL_DATA_ROOT>\external_assets\zenodo_gpr_14637589\extracted\Data Set\pipe\1030.MIS\190118AC.ZON\LID10014.dt,2026-08-11,False,public labelled or organized dataset; labels are visible before prediction freeze
zenodo_14637589,10.5281/zenodo.14637589,cc-by-4.0,zenodo_14637589_00354,pipe,pipe,1030.MIS,pipe/1030.MIS,pipe/1030.MIS,190118AC.ZON,.dt,raw_gpr_trace,raw_trace,409144,b1a074a708b05fdaeea29b19bb968e3df45afb6196541497100c53cda06f1984,pipe/1030.MIS/190118AC.ZON/LID10015.dt,external_assets/zenodo_gpr_14637589/extracted/Data Set/pipe/1030.MIS/190118AC.ZON/LID10015.dt,<LOCAL_DATA_ROOT>\external_assets\zenodo_gpr_14637589\extracted\Data Set\pipe\1030.MIS\190118AC.ZON\LID10015.dt,2026-08-11,False,public labelled or organized dataset; labels are visible before prediction freeze
zenodo_14637589,10.5281/zenodo.14637589,cc-by-4.0,zenodo_14637589_00355,pipe,pipe,1030.MIS,pipe/1030.MIS,pipe/1030.MIS,190118AC.ZON,.dt,raw_gpr_trace,raw_trace,612688,6d69f92997b27dfad064599681137a0ae4116069a302f718ba38cd8f34a4a748,pipe/1030.MIS/190118AC.ZON/LID10016.dt,external_assets/zenodo_gpr_14637589/extracted/Data Set/pipe/1030.MIS/190118AC.ZON/LID10016.dt,<LOCAL_DATA_ROOT>\external_assets\zenodo_gpr_14637589\extracted\Data Set\pipe\1030.MIS\190118AC.ZON\LID10016.dt,2026-08-11,False,public labelled or organized dataset; labels are visible before prediction freeze
zenodo_14637589,10.5281/zenodo.14637589,cc-by-4.0,zenodo_14637589_00356,pipe,pipe,1030.MIS,pipe/1030.MIS,pipe/1030.MIS,190118AC.ZON,.dt,raw_gpr_trace,raw_trace,429704,9fe550b59a279f65b52a0e38fc5efaf98c7363ecedd46b505bc802bd2991a630,pipe/1030.MIS/190118AC.ZON/LID10017.dt,external_assets/zenodo_gpr_14637589/extracted/Data Set/pipe/1030.MIS/190118AC.ZON/LID10017.dt,<LOCAL_DATA_ROOT>\external_assets\zenodo_gpr_14637589\extracted\Data Set\pipe\1030.MIS\190118AC.ZON\LID10017.dt,2026-08-11,False,public labelled or organized dataset; labels are visible before prediction freeze
zenodo_14637589,10.5281/zenodo.14637589,cc-by-4.0,zenodo_14637589_00357,pipe,pipe,1030.MIS,pipe/1030.MIS,pipe/1030.MIS,190118AC.ZON,.dt,raw_gpr_trace,raw_trace,355688,1c2cc83e433d4f7e5f218877f0e25818543ee1ed2d6cc50711d47babaeec2d40,pipe/1030.MIS/190118AC.ZON/LID10018.dt,external_assets/zenodo_gpr_14637589/extracted/Data Set/pipe/1030.MIS/190118AC.ZON/LID10018.dt,<LOCAL_DATA_ROOT>\external_assets\zenodo_gpr_14637589\extracted\Data Set\pipe\1030.MIS\190118AC.ZON\LID10018.dt,2026-08-11,False,public labelled or organized dataset; labels are visible before prediction freeze
zenodo_14637589,10.5281/zenodo.14637589,cc-by-4.0,zenodo_14637589_00358,pipe,pipe,1030.MIS,pipe/1030.MIS,pipe/1030.MIS,190118AC.ZON,.dt,raw_gpr_trace,raw_trace,932396,0fee086045b8bf780928a90b623775e1549a31040f44dbb730dcc53fc2861848,pipe/1030.MIS/190118AC.ZON/LID10019.dt,external_assets/zenodo_gpr_14637589/extracted/Data Set/pipe/1030.MIS/190118AC.ZON/LID10019.dt,<LOCAL_DATA_ROOT>\external_assets\zenodo_gpr_14637589\extracted\Data Set\pipe\1030.MIS\190118AC.ZON\LID10019.dt,2026-08-11,False,public labelled or organized dataset; labels are visible before prediction freeze
zenodo_14637589,10.5281/zenodo.14637589,cc-by-4.0,zenodo_14637589_00359,pipe,pipe,1030.MIS,pipe/1030.MIS,pipe/1030.MIS,190118AC.ZON,.dt,raw_gpr_trace,raw_trace,757636,0b5f8722049847f110345a4a2ae49a4f88eb18400149ce54c9fd8fdf99165328,pipe/1030.MIS/190118AC.ZON/LID10020.dt,external_assets/zenodo_gpr_14637589/extracted/Data Set/pipe/1030.MIS/190118AC.ZON/LID10020.dt,<LOCAL_DATA_ROOT>\external_assets\zenodo_gpr_14637589\extracted\Data Set\pipe\1030.MIS\190118AC.ZON\LID10020.dt,2026-08-11,False,public labelled or organized dataset; labels are visible before prediction freeze
zenodo_14637589,10.5281/zenodo.14637589,cc-by-4.0,zenodo_14637589_00360,pipe,pipe,1030.MIS,pipe/1030.MIS,pipe/1030.MIS,190118AC.ZON,.dt,raw_gpr_trace,raw_trace,237468,8db2fcbdd51e7c35d9a3b101387aafc815a631d4bf4bf0c17a073f62b62bc756,pipe/1030.MIS/190118AC.ZON/LID10021.dt,external_assets/zenodo_gpr_14637589/extracted/Data Set/pipe/1030.MIS/190118AC.ZON/LID10021.dt,<LOCAL_DATA_ROOT>\external_assets\zenodo_gpr_14637589\extracted\Data Set\pipe\1030.MIS\190118AC.ZON\LID10021.dt,2026-08-11,False,public labelled or organized dataset; labels are visible before prediction freeze
zenodo_14637589,10.5281/zenodo.14637589,cc-by-4.0,zenodo_14637589_00361,pipe,pipe,1030.MIS,pipe/1030.MIS,pipe/1030.MIS,190118AC.ZON,.dt,raw_gpr_trace,raw_trace,463628,1e39b813f1aef340c9258d02e3b49d1e79905f341c345812d4e103d3e98fc9d3,pipe/1030.MIS/190118AC.ZON/LID10022.dt,external_assets/zenodo_gpr_14637589/extracted/Data Set/pipe/1030.MIS/190118AC.ZON/LID10022.dt,<LOCAL_DATA_ROOT>\external_assets\zenodo_gpr_14637589\extracted\Data Set\pipe\1030.MIS\190118AC.ZON\LID10022.dt,2026-08-11,False,public labelled or organized dataset; labels are visible before prediction freeze
zenodo_14637589,10.5281/zenodo.14637589,cc-by-4.0,zenodo_14637589_00362,pipe,pipe,1030.MIS,pipe/1030.MIS,pipe/1030.MIS,190118AC.ZON,.dt,raw_gpr_trace,raw_trace,298120,5c15443b5c2e84841cb413ace99f533a8147e431a12743517bf5b773afe8aa93,pipe/1030.MIS/190118AC.ZON/LID10023.dt,external_assets/zenodo_gpr_14637589/extracted/Data Set/pipe/1030.MIS/190118AC.ZON/LID10023.dt,<LOCAL_DATA_ROOT>\external_assets\zenodo_gpr_14637589\extracted\Data Set\pipe\1030.MIS\190118AC.ZON\LID10023.dt,2026-08-11,False,public labelled or organized dataset; labels are visible before prediction freeze
zenodo_14637589,10.5281/zenodo.14637589,cc-by-4.0,zenodo_14637589_00363,pipe,pipe,1030.MIS,pipe/1030.MIS,pipe/1030.MIS,190118AC.ZON,.dt,raw_gpr_trace,raw_trace,219992,78d31e8f39d2011124ff06251c4d24374df04a290757d4d65b3d872840962ad4,pipe/1030.MIS/190118AC.ZON/LID10024.dt,external_assets/zenodo_gpr_14637589/extracted/Data Set/pipe/1030.MIS/190118AC.ZON/LID10024.dt,<LOCAL_DATA_ROOT>\external_assets\zenodo_gpr_14637589\extracted\Data Set\pipe\1030.MIS\190118AC.ZON\LID10024.dt,2026-08-11,False,public labelled or organized dataset; labels are visible before prediction freeze
zenodo_14637589,10.5281/zenodo.14637589,cc-by-4.0,zenodo_14637589_00364,pipe,pipe,1030.MIS,pipe/1030.MIS,pipe/1030.MIS,190118AC.ZON,.dt,raw_gpr_trace,raw_trace,409144,f29a206bf93132d96c905b3dadd9f6277012ef2670c2ed5796e62c22b4715ca3,pipe/1030.MIS/190118AC.ZON/LID10025.dt,external_assets/zenodo_gpr_14637589/extracted/Data Set/pipe/1030.MIS/190118AC.ZON/LID10025.dt,<LOCAL_DATA_ROOT>\external_assets\zenodo_gpr_14637589\extracted\Data Set\pipe\1030.MIS\190118AC.ZON\LID10025.dt,2026-08-11,False,public labelled or organized dataset; labels are visible before prediction freeze
zenodo_14637589,10.5281/zenodo.14637589,cc-by-4.0,zenodo_14637589_00365,pipe,pipe,1030.MIS,pipe/1030.MIS,pipe/1030.MIS,190118AC.ZON,.dt,raw_gpr_trace,raw_trace,296064,1cf9b8745e1bc663be66cc43ca0d605912065156f90e3a2802fea283bc0b0a69,pipe/1030.MIS/190118AC.ZON/LID10026.dt,external_assets/zenodo_gpr_14637589/extracted/Data Set/pipe/1030.MIS/190118AC.ZON/LID10026.dt,<LOCAL_DATA_ROOT>\external_assets\zenodo_gpr_14637589\extracted\Data Set\pipe\1030.MIS\190118AC.ZON\LID10026.dt,2026-08-11,False,public labelled or organized dataset; labels are visible before prediction freeze
zenodo_14637589,10.5281/zenodo.14637589,cc-by-4.0,zenodo_14637589_00366,pipe,pipe,1030.MIS,pipe/1030.MIS,pipe/1030.MIS,190118AC.ZON,.dt,raw_gpr_trace,raw_trace,569512,c817170331f876bf306890c408a53b9ce97b6e7bbd03e0c19b9b2a374fd0da20,pipe/1030.MIS/190118AC.ZON/LID10027.dt,external_assets/zenodo_gpr_14637589/extracted/Data Set/pipe/1030.MIS/190118AC.ZON/LID10027.dt,<LOCAL_DATA_ROOT>\external_assets\zenodo_gpr_14637589\extracted\Data Set\pipe\1030.MIS\190118AC.ZON\LID10027.dt,2026-08-11,False,public labelled or organized dataset; labels are visible before prediction freeze
zenodo_14637589,10.5281/zenodo.14637589,cc-by-4.0,zenodo_14637589_00367,pipe,pipe,1030.MIS,pipe/1030.MIS,pipe/1030.MIS,190118AC.ZON,.dt,raw_gpr_trace,raw_trace,59624,eca9ce715675f3c919d99c0e95572027b288b2607f73e4d8e2de0b49ff81d45f,pipe/1030.MIS/190118AC.ZON/LID10028.dt,external_assets/zenodo_gpr_14637589/extracted/Data Set/pipe/1030.MIS/190118AC.ZON/LID10028.dt,<LOCAL_DATA_ROOT>\external_assets\zenodo_gpr_14637589\extracted\Data Set\pipe\1030.MIS\190118AC.ZON\LID10028.dt,2026-08-11,False,public labelled or organized dataset; labels are visible before prediction freeze
zenodo_14637589,10.5281/zenodo.14637589,cc-by-4.0,zenodo_14637589_00368,pipe,pipe,1030.MIS,pipe/1030.MIS,pipe/1030.MIS,190118AC.ZON,.dt,raw_gpr_trace,raw_trace,390640,80d4a8fe1721abf3c87f0e7915e7c63c93604bd5147d76a00c78b3aa1483ed59,pipe/1030.MIS/190118AC.ZON/LID10029.dt,external_assets/zenodo_gpr_14637589/extracted/Data Set/pipe/1030.MIS/190118AC.ZON/LID10029.dt,<LOCAL_DATA_ROOT>\external_assets\zenodo_gpr_14637589\extracted\Data Set\pipe\1030.MIS\190118AC.ZON\LID10029.dt,2026-08-11,False,public labelled or organized dataset; labels are visible before prediction freeze
zenodo_14637589,10.5281/zenodo.14637589,cc-by-4.0,zenodo_14637589_00369,pipe,pipe,1030.MIS,pipe/1030.MIS,pipe/1030.MIS,190118AC.ZON,.dt,raw_gpr_trace,raw_trace,794644,bc16be1f4e64aa043514556137bf52c9e8790ac626aaf96d7c52a767b08a8137,pipe/1030.MIS/190118AC.ZON/LID10030.dt,external_assets/zenodo_gpr_14637589/extracted/Data Set/pipe/1030.MIS/190118AC.ZON/LID10030.dt,<LOCAL_DATA_ROOT>\external_assets\zenodo_gpr_14637589\extracted\Data Set\pipe\1030.MIS\190118AC.ZON\LID10030.dt,2026-08-11,False,public labelled or organized dataset; labels are visible before prediction freeze
zenodo_14637589,10.5281/zenodo.14637589,cc-by-4.0,zenodo_14637589_00370,pipe,pipe,1030.MIS,pipe/1030.MIS,pipe/1030.MIS,190118AC.ZON,.dt,raw_gpr_trace,raw_trace,582876,6b33499835fa8bfde23572dffc1765f00abeb7e3fcbe59d1cb14bf7bb3369eb4,pipe/1030.MIS/190118AC.ZON/LID10031.dt,external_assets/zenodo_gpr_14637589/extracted/Data Set/pipe/1030.MIS/190118AC.ZON/LID10031.dt,<LOCAL_DATA_ROOT>\external_assets\zenodo_gpr_14637589\extracted\Data Set\pipe\1030.MIS\190118AC.ZON\LID10031.dt,2026-08-11,False,public labelled or organized dataset; labels are visible before prediction freeze
zenodo_14637589,10.5281/zenodo.14637589,cc-by-4.0,zenodo_14637589_00371,pipe,pipe,1030.MIS,pipe/1030.MIS,pipe/1030.MIS,190118AC.ZON,.dt,raw_gpr_trace,raw_trace,496524,b6bd8e8ae1b0c4d4a4a930b58a3f5dde5090e8720089df076def157f458c87f8,pipe/1030.MIS/190118AC.ZON/LID10032.dt,external_assets/zenodo_gpr_14637589/extracted/Data Set/pipe/1030.MIS/190118AC.ZON/LID10032.dt,<LOCAL_DATA_ROOT>\external_assets\zenodo_gpr_14637589\extracted\Data Set\pipe\1030.MIS\190118AC.ZON\LID10032.dt,2026-08-11,False,public labelled or organized dataset; labels are visible before prediction freeze
zenodo_14637589,10.5281/zenodo.14637589,cc-by-4.0,zenodo_14637589_00372,pipe,pipe,1030.MIS,pipe/1030.MIS,pipe/1030.MIS,190118AC.ZON,.dt,raw_gpr_trace,raw_trace,532504,df855367584933fe2bf094b2952b7a54a436afb1c383f15fe9a04f2fe66d3d9a,pipe/1030.MIS/190118AC.ZON/LID10033.dt,external_assets/zenodo_gpr_14637589/extracted/Data Set/pipe/1030.MIS/190118AC.ZON/LID10033.dt,<LOCAL_DATA_ROOT>\external_assets\zenodo_gpr_14637589\extracted\Data Set\pipe\1030.MIS\190118AC.ZON\LID10033.dt,2026-08-11,False,public labelled or organized dataset; labels are visible before prediction freeze
zenodo_14637589,10.5281/zenodo.14637589,cc-by-4.0,zenodo_14637589_00373,pipe,pipe,1030.MIS,pipe/1030.MIS,pipe/1030.MIS,190118AC.ZON,.dt,raw_gpr_trace,raw_trace,794644,572c481be48a41692b305c98a4191ed3fcd485b4360a11c405ad4105fb815db4,pipe/1030.MIS/190118AC.ZON/LID10034.dt,external_assets/zenodo_gpr_14637589/extracted/Data Set/pipe/1030.MIS/190118AC.ZON/LID10034.dt,<LOCAL_DATA_ROOT>\external_assets\zenodo_gpr_14637589\extracted\Data Set\pipe\1030.MIS\190118AC.ZON\LID10034.dt,2026-08-11,False,public labelled or organized dataset; labels are visible before prediction freeze
zenodo_14637589,10.5281/zenodo.14637589,cc-by-4.0,zenodo_14637589_00374,pipe,pipe,1030.MIS,pipe/1030.MIS,pipe/1030.MIS,190118AC.ZON,.dt,raw_gpr_trace,raw_trace,337184,ac01c942f8ac3e56b2d4b63623f1377f096ef96d39a82dd541fa3cd138c7cbc4,pipe/1030.MIS/190118AC.ZON/LID10035.dt,external_assets/zenodo_gpr_14637589/extracted/Data Set/pipe/1030.MIS/190118AC.ZON/LID10035.dt,<LOCAL_DATA_ROOT>\external_assets\zenodo_gpr_14637589\extracted\Data Set\pipe\1030.MIS\190118AC.ZON\LID10035.dt,2026-08-11,False,public labelled or organized dataset; labels are visible before prediction freeze
zenodo_14637589,10.5281/zenodo.14637589,cc-by-4.0,zenodo_14637589_00375,pipe,pipe,1030.MIS,pipe/1030.MIS,pipe/1030.MIS,190118AC.ZON,.dt,raw_gpr_trace,raw_trace,724740,2afb0dce91174ab17d5539888807728288e1a5f5df9ee94beb87f700f185b238,pipe/1030.MIS/190118AC.ZON/LID10036.dt,external_assets/zenodo_gpr_14637589/extracted/Data Set/pipe/1030.MIS/190118AC.ZON/LID10036.dt,<LOCAL_DATA_ROOT>\external_assets\zenodo_gpr_14637589\extracted\Data Set\pipe\1030.MIS\190118AC.ZON\LID10036.dt,2026-08-11,False,public labelled or organized dataset; labels are visible before prediction freeze
zenodo_14637589,10.5281/zenodo.14637589,cc-by-4.0,zenodo_14637589_00376,pipe,pipe,1030.MIS,pipe/1030.MIS,pipe/1030.MIS,190118AC.ZON,.dt,raw_gpr_trace,raw_trace,647640,fc5c871ec5b40a189319762c86886898a98c11a6eacf14365494630096357e26,pipe/1030.MIS/190118AC.ZON/LID10037.dt,external_assets/zenodo_gpr_14637589/extracted/Data Set/pipe/1030.MIS/190118AC.ZON/LID10037.dt,<LOCAL_DATA_ROOT>\external_assets\zenodo_gpr_14637589\extracted\Data Set\pipe\1030.MIS\190118AC.ZON\LID10037.dt,2026-08-11,False,public labelled or organized dataset; labels are visible before prediction freeze
zenodo_14637589,10.5281/zenodo.14637589,cc-by-4.0,zenodo_14637589_00377,pipe,pipe,1030.MIS,pipe/1030.MIS,pipe/1030.MIS,190118AC.ZON,.dt,raw_gpr_trace,raw_trace,801840,6ae9bb22e8c8899c8239299a5c277d7b88e926544ce050e3621592f0951e9e97,pipe/1030.MIS/190118AC.ZON/LID10038.dt,external_assets/zenodo_gpr_14637589/extracted/Data Set/pipe/1030.MIS/190118AC.ZON/LID10038.dt,<LOCAL_DATA_ROOT>\external_assets\zenodo_gpr_14637589\extracted\Data Set\pipe\1030.MIS\190118AC.ZON\LID10038.dt,2026-08-11,False,public labelled or organized dataset; labels are visible before prediction freeze
zenodo_14637589,10.5281/zenodo.14637589,cc-by-4.0,zenodo_14637589_00378,pipe,pipe,1030.MIS,pipe/1030.MIS,pipe/1030.MIS,190118AC.ZON,.dt,raw_gpr_trace,raw_trace,875856,a9fcf4d50f4c3b7d767bcf7cc8a063d6549b5c2c53d51a10f906b7685b8db27e,pipe/1030.MIS/190118AC.ZON/LID10039.dt,external_assets/zenodo_gpr_14637589/extracted/Data Set/pipe/1030.MIS/190118AC.ZON/LID10039.dt,<LOCAL_DATA_ROOT>\external_assets\zenodo_gpr_14637589\extracted\Data Set\pipe\1030.MIS\190118AC.ZON\LID10039.dt,2026-08-11,False,public labelled or organized dataset; labels are visible before prediction freeze
zenodo_14637589,10.5281/zenodo.14637589,cc-by-4.0,zenodo_14637589_00379,pipe,pipe,1030.MIS,pipe/1030.MIS,pipe/1030.MIS,190118AC.ZON,.dt,raw_gpr_trace,raw_trace,462600,b481fff1272c55c298c625c8c52b0ebb91e096c05770affdd49395e06337869d,pipe/1030.MIS/190118AC.ZON/LID10040.dt,external_assets/zenodo_gpr_14637589/extracted/Data Set/pipe/1030.MIS/190118AC.ZON/LID10040.dt,<LOCAL_DATA_ROOT>\external_assets\zenodo_gpr_14637589\extracted\Data Set\pipe\1030.MIS\190118AC.ZON\LID10040.dt,2026-08-11,False,public labelled or organized dataset; labels are visible before prediction freeze
zenodo_14637589,10.5281/zenodo.14637589,cc-by-4.0,zenodo_14637589_00380,pipe,pipe,1030.MIS,pipe/1030.MIS,pipe/1030.MIS,190118AC.ZON,.dt,raw_gpr_trace,raw_trace,546896,8d230df5d36de1f769c174a71172cce1fd9bd18f778664cb51bceac7ba17dc5c,pipe/1030.MIS/190118AC.ZON/LID10041.dt,external_assets/zenodo_gpr_14637589/extracted/Data Set/pipe/1030.MIS/190118AC.ZON/LID10041.dt,<LOCAL_DATA_ROOT>\external_assets\zenodo_gpr_14637589\extracted\Data Set\pipe\1030.MIS\190118AC.ZON\LID10041.dt,2026-08-11,False,public labelled or organized dataset; labels are visible before prediction freeze
zenodo_14637589,10.5281/zenodo.14637589,cc-by-4.0,zenodo_14637589_00381,pipe,pipe,1030.MIS,pipe/1030.MIS,pipe/1030.MIS,190118AC.ZON,.dt,raw_gpr_trace,raw_trace,597268,0187ce793623dd79951f40fc55f4901850df0247f63b585aeb28692c48ddc006,pipe/1030.MIS/190118AC.ZON/LID10042.dt,external_assets/zenodo_gpr_14637589/extracted/Data Set/pipe/1030.MIS/190118AC.ZON/LID10042.dt,<LOCAL_DATA_ROOT>\external_assets\zenodo_gpr_14637589\extracted\Data Set\pipe\1030.MIS\190118AC.ZON\LID10042.dt,2026-08-11,False,public labelled or organized dataset; labels are visible before prediction freeze
zenodo_14637589,10.5281/zenodo.14637589,cc-by-4.0,zenodo_14637589_00382,pipe,pipe,1030.MIS,pipe/1030.MIS,pipe/1030.MIS,190118AD.ZON,.dt,raw_gpr_trace,raw_trace,426620,826621bb6103e68cbd2d7e1f128fcabbed95a1c9a0bbfc7a3cc814f27dd0f450,pipe/1030.MIS/190118AD.ZON/LID10001.dt,external_assets/zenodo_gpr_14637589/extracted/Data Set/pipe/1030.MIS/190118AD.ZON/LID10001.dt,<LOCAL_DATA_ROOT>\external_assets\zenodo_gpr_14637589\extracted\Data Set\pipe\1030.MIS\190118AD.ZON\LID10001.dt,2026-08-11,False,public labelled or organized dataset; labels are visible before prediction freeze
zenodo_14637589,10.5281/zenodo.14637589,cc-by-4.0,zenodo_14637589_00383,pipe,pipe,1030.MIS,pipe/1030.MIS,pipe/1030.MIS,190118AD.ZON,.dt,raw_gpr_trace,raw_trace,887164,d01464ae0e3db215a9392e1fbe718cc8a566df2a43b017204e2fce5d9a515987,pipe/1030.MIS/190118AD.ZON/LID10002.dt,external_assets/zenodo_gpr_14637589/extracted/Data Set/pipe/1030.MIS/190118AD.ZON/LID10002.dt,<LOCAL_DATA_ROOT>\external_assets\zenodo_gpr_14637589\extracted\Data Set\pipe\1030.MIS\190118AD.ZON\LID10002.dt,2026-08-11,False,public labelled or organized dataset; labels are visible before prediction freeze
zenodo_14637589,10.5281/zenodo.14637589,cc-by-4.0,zenodo_14637589_00384,pipe,pipe,1030.MIS,pipe/1030.MIS,pipe/1030.MIS,190118AD.ZON,.dt,raw_gpr_trace,raw_trace,897444,3b2d5c3bfe746073cdf5bbf2670af3aacb02cf1fcadd32c8a458c8aef92dc4d5,pipe/1030.MIS/190118AD.ZON/LID10003.dt,external_assets/zenodo_gpr_14637589/extracted/Data Set/pipe/1030.MIS/190118AD.ZON/LID10003.dt,<LOCAL_DATA_ROOT>\external_assets\zenodo_gpr_14637589\extracted\Data Set\pipe\1030.MIS\190118AD.ZON\LID10003.dt,2026-08-11,False,public labelled or organized dataset; labels are visible before prediction freeze
zenodo_14637589,10.5281/zenodo.14637589,cc-by-4.0,zenodo_14637589_00385,pipe,pipe,1030.MIS,pipe/1030.MIS,pipe/1030.MIS,190118AD.ZON,.dt,raw_gpr_trace,raw_trace,761748,c964cd0cd4f683573a1768154d9014868a2b15db708d2ea39ce7405bd2e39396,pipe/1030.MIS/190118AD.ZON/LID10004.dt,external_assets/zenodo_gpr_14637589/extracted/Data Set/pipe/1030.MIS/190118AD.ZON/LID10004.dt,<LOCAL_DATA_ROOT>\external_assets\zenodo_gpr_14637589\extracted\Data Set\pipe\1030.MIS\190118AD.ZON\LID10004.dt,2026-08-11,False,public labelled or organized dataset; labels are visible before prediction freeze
zenodo_14637589,10.5281/zenodo.14637589,cc-by-4.0,zenodo_14637589_00386,pipe,pipe,1030.MIS,pipe/1030.MIS,pipe/1030.MIS,190118AD.ZON,.dt,raw_gpr_trace,raw_trace,512972,13339461c15b8ce13e34caa86861cca723908a57c5f013fd88b7e274fe9bc358,pipe/1030.MIS/190118AD.ZON/LID10005.dt,external_assets/zenodo_gpr_14637589/extracted/Data Set/pipe/1030.MIS/190118AD.ZON/LID10005.dt,<LOCAL_DATA_ROOT>\external_assets\zenodo_gpr_14637589\extracted\Data Set\pipe\1030.MIS\190118AD.ZON\LID10005.dt,2026-08-11,False,public labelled or organized dataset; labels are visible before prediction freeze
zenodo_14637589,10.5281/zenodo.14637589,cc-by-4.0,zenodo_14637589_00387,pipe,pipe,1030.MIS,pipe/1030.MIS,pipe/1030.MIS,190118AD.ZON,.dt,raw_gpr_trace,raw_trace,764832,2042a0cc9368a8cb0dee0b59773c99995164a0c406e03cd925527e33e37f53c9,pipe/1030.MIS/190118AD.ZON/LID10006.dt,external_assets/zenodo_gpr_14637589/extracted/Data Set/pipe/1030.MIS/190118AD.ZON/LID10006.dt,<LOCAL_DATA_ROOT>\external_assets\zenodo_gpr_14637589\extracted\Data Set\pipe\1030.MIS\190118AD.ZON\LID10006.dt,2026-08-11,False,public labelled or organized dataset; labels are visible before prediction freeze
zenodo_14637589,10.5281/zenodo.14637589,cc-by-4.0,zenodo_14637589_00388,pipe,pipe,1030.MIS,pipe/1030.MIS,pipe/1030.MIS,190118AD.ZON,.dt,raw_gpr_trace,raw_trace,733992,59c734add2e0e075bb56cefc33efc344ee4c185af41a14be25595804706cbc2a,pipe/1030.MIS/190118AD.ZON/LID10007.dt,external_assets/zenodo_gpr_14637589/extracted/Data Set/pipe/1030.MIS/190118AD.ZON/LID10007.dt,<LOCAL_DATA_ROOT>\external_assets\zenodo_gpr_14637589\extracted\Data Set\pipe\1030.MIS\190118AD.ZON\LID10007.dt,2026-08-11,False,public labelled or organized dataset; labels are visible before prediction freeze
zenodo_14637589,10.5281/zenodo.14637589,cc-by-4.0,zenodo_14637589_00389,pipe,pipe,1030.MIS,pipe/1030.MIS,pipe/1030.MIS,190118AD.ZON,.dt,raw_gpr_trace,raw_trace,696984,ea93890fc16879b35368e4cf34cf086f30bc118054b7402c889644139a886b0b,pipe/1030.MIS/190118AD.ZON/LID10008.dt,external_assets/zenodo_gpr_14637589/extracted/Data Set/pipe/1030.MIS/190118AD.ZON/LID10008.dt,<LOCAL_DATA_ROOT>\external_assets\zenodo_gpr_14637589\extracted\Data Set\pipe\1030.MIS\190118AD.ZON\LID10008.dt,2026-08-11,False,public labelled or organized dataset; labels are visible before prediction freeze
zenodo_14637589,10.5281/zenodo.14637589,cc-by-4.0,zenodo_14637589_00390,pipe,pipe,1030.MIS,pipe/1030.MIS,pipe/1030.MIS,190118AD.ZON,.dt,raw_gpr_trace,raw_trace,686704,867c0d02a5e431824095adbd08cafbc827de880aaaa09753c3cb6303d9e23132,pipe/1030.MIS/190118AD.ZON/LID10009.dt,external_assets/zenodo_gpr_14637589/extracted/Data Set/pipe/1030.MIS/190118AD.ZON/LID10009.dt,<LOCAL_DATA_ROOT>\external_assets\zenodo_gpr_14637589\extracted\Data Set\pipe\1030.MIS\190118AD.ZON\LID10009.dt,2026-08-11,False,public labelled or organized dataset; labels are visible before prediction freeze
zenodo_14637589,10.5281/zenodo.14637589,cc-by-4.0,zenodo_14637589_00391,pipe,pipe,1030.MIS,pipe/1030.MIS,pipe/1030.MIS,190118AD.ZON,.dt,raw_gpr_trace,raw_trace,811092,6c311b68f9bb60cc08e2546d96c825c88d09c5b12e3429dd78c1304b01da4f85,pipe/1030.MIS/190118AD.ZON/LID10010.dt,external_assets/zenodo_gpr_14637589/extracted/Data Set/pipe/1030.MIS/190118AD.ZON/LID10010.dt,<LOCAL_DATA_ROOT>\external_assets\zenodo_gpr_14637589\extracted\Data Set\pipe\1030.MIS\190118AD.ZON\LID10010.dt,2026-08-11,False,public labelled or organized dataset; labels are visible before prediction freeze
zenodo_14637589,10.5281/zenodo.14637589,cc-by-4.0,zenodo_14637589_00392,pipe,pipe,1030.MIS,pipe/1030.MIS,pipe/1030.MIS,190118AD.ZON,.dt,raw_gpr_trace,raw_trace,627080,f3eb6b903710a6a0c8a5b64899927b87fb1218d57a0a2c0a42e29d74ee89551e,pipe/1030.MIS/190118AD.ZON/LID10011.dt,external_assets/zenodo_gpr_14637589/extracted/Data Set/pipe/1030.MIS/190118AD.ZON/LID10011.dt,<LOCAL_DATA_ROOT>\external_assets\zenodo_gpr_14637589\extracted\Data Set\pipe\1030.MIS\190118AD.ZON\LID10011.dt,2026-08-11,False,public labelled or organized dataset; labels are visible before prediction freeze
zenodo_14637589,10.5281/zenodo.14637589,cc-by-4.0,zenodo_14637589_00393,pipe,pipe,1030.MIS,pipe/1030.MIS,pipe/1030.MIS,190118AD.ZON,.dt,raw_gpr_trace,raw_trace,551008,d58ad82ce28b58140dca5ea4652d4585a3671dec5b35b2edc5654eda3f8bc4f5,pipe/1030.MIS/190118AD.ZON/LID10012.dt,external_assets/zenodo_gpr_14637589/extracted/Data Set/pipe/1030.MIS/190118AD.ZON/LID10012.dt,<LOCAL_DATA_ROOT>\external_assets\zenodo_gpr_14637589\extracted\Data Set\pipe\1030.MIS\190118AD.ZON\LID10012.dt,2026-08-11,False,public labelled or organized dataset; labels are visible before prediction freeze
zenodo_14637589,10.5281/zenodo.14637589,cc-by-4.0,zenodo_14637589_00394,pipe,pipe,1030.MIS,pipe/1030.MIS,pipe/1030.MIS,190118AD.ZON,.dt,raw_gpr_trace,raw_trace,776140,525c7aff2156631e33252e0dcfdb809fbc677250227e9bc373c5a2139d5fcfbc,pipe/1030.MIS/190118AD.ZON/LID10013.dt,external_assets/zenodo_gpr_14637589/extracted/Data Set/pipe/1030.MIS/190118AD.ZON/LID10013.dt,<LOCAL_DATA_ROOT>\external_assets\zenodo_gpr_14637589\extracted\Data Set\pipe\1030.MIS\190118AD.ZON\LID10013.dt,2026-08-11,False,public labelled or organized dataset; labels are visible before prediction freeze
zenodo_14637589,10.5281/zenodo.14637589,cc-by-4.0,zenodo_14637589_00395,pipe,pipe,1030.MIS,pipe/1030.MIS,pipe/1030.MIS,190118AD.ZON,.dt,raw_gpr_trace,raw_trace,974544,da04c4330814e9c46a99764e02ecd9aaffbad1a3e5eb1cdf85ad22432cab1e45,pipe/1030.MIS/190118AD.ZON/LID10014.dt,external_assets/zenodo_gpr_14637589/extracted/Data Set/pipe/1030.MIS/190118AD.ZON/LID10014.dt,<LOCAL_DATA_ROOT>\external_assets\zenodo_gpr_14637589\extracted\Data Set\pipe\1030.MIS\190118AD.ZON\LID10014.dt,2026-08-11,False,public labelled or organized dataset; labels are visible before prediction freeze
zenodo_14637589,10.5281/zenodo.14637589,cc-by-4.0,zenodo_14637589_00396,pipe,pipe,1030.MIS,pipe/1030.MIS,pipe/1030.MIS,190118AD.ZON,.dt,raw_gpr_trace,raw_trace,1035196,973490f9d7c9c60c166b06c4b7266636304f9ceef30e4fbff0908bdd6a13fc4f,pipe/1030.MIS/190118AD.ZON/LID10015.dt,external_assets/zenodo_gpr_14637589/extracted/Data Set/pipe/1030.MIS/190118AD.ZON/LID10015.dt,<LOCAL_DATA_ROOT>\external_assets\zenodo_gpr_14637589\extracted\Data Set\pipe\1030.MIS\190118AD.ZON\LID10015.dt,2026-08-11,False,public labelled or organized dataset; labels are visible before prediction freeze
zenodo_14637589,10.5281/zenodo.14637589,cc-by-4.0,zenodo_14637589_00397,pipe,pipe,1030.MIS,pipe/1030.MIS,pipe/1030.MIS,190118AD.ZON,.dt,raw_gpr_trace,raw_trace,628108,a673e3dc178be46863c32867e0b7034ef71b860d48e440c057666f11234b21d4,pipe/1030.MIS/190118AD.ZON/LID10016.dt,external_assets/zenodo_gpr_14637589/extracted/Data Set/pipe/1030.MIS/190118AD.ZON/LID10016.dt,<LOCAL_DATA_ROOT>\external_assets\zenodo_gpr_14637589\extracted\Data Set\pipe\1030.MIS\190118AD.ZON\LID10016.dt,2026-08-11,False,public labelled or organized dataset; labels are visible before prediction freeze
zenodo_14637589,10.5281/zenodo.14637589,cc-by-4.0,zenodo_14637589_00398,pipe,pipe,1030.MIS,pipe/1030.MIS,pipe/1030.MIS,190118AD.ZON,.dt,raw_gpr_trace,raw_trace,567456,6f74cadfd58f215a8fe467995b694f5b59d06ca66cbcb7c3739bc3d1ee56bfcf,pipe/1030.MIS/190118AD.ZON/LID10017.dt,external_assets/zenodo_gpr_14637589/extracted/Data Set/pipe/1030.MIS/190118AD.ZON/LID10017.dt,<LOCAL_DATA_ROOT>\external_assets\zenodo_gpr_14637589\extracted\Data Set\pipe\1030.MIS\190118AD.ZON\LID10017.dt,2026-08-11,False,public labelled or organized dataset; labels are visible before prediction freeze
zenodo_14637589,10.5281/zenodo.14637589,cc-by-4.0,zenodo_14637589_00399,pipe,pipe,1030.MIS,pipe/1030.MIS,pipe/1030.MIS,190118AD.ZON,.dt,raw_gpr_trace,raw_trace,949872,6feda7322de193f14335fb912d81d9be63b6814cdae7e753e7101026090bd624,pipe/1030.MIS/190118AD.ZON/LID10018.dt,external_assets/zenodo_gpr_14637589/extracted/Data Set/pipe/1030.MIS/190118AD.ZON/LID10018.dt,<LOCAL_DATA_ROOT>\external_assets\zenodo_gpr_14637589\extracted\Data Set\pipe\1030.MIS\190118AD.ZON\LID10018.dt,2026-08-11,False,public labelled or organized dataset; labels are visible before prediction freeze
zenodo_14637589,10.5281/zenodo.14637589,cc-by-4.0,zenodo_14637589_00400,pipe,pipe,1030.MIS,pipe/1030.MIS,pipe/1030.MIS,190118AD.ZON,.dt,raw_gpr_trace,raw_trace,1095848,6ee22a2bd0eadbf5d4c04c1300e87728dc619b591ab5ea93056905c11bb697cd,pipe/1030.MIS/190118AD.ZON/LID10019.dt,external_assets/zenodo_gpr_14637589/extracted/Data Set/pipe/1030.MIS/190118AD.ZON/LID10019.dt,<LOCAL_DATA_ROOT>\external_assets\zenodo_gpr_14637589\extracted\Data Set\pipe\1030.MIS\190118AD.ZON\LID10019.dt,2026-08-11,False,public labelled or organized dataset; labels are visible before prediction freeze
zenodo_14637589,10.5281/zenodo.14637589,cc-by-4.0,zenodo_14637589_00401,pipe,pipe,1030.MIS,pipe/1030.MIS,pipe/1030.MIS,190118AD.ZON,.dt,raw_gpr_trace,raw_trace,1588260,fff3b879c2f347d6f59ca71e820470814ee55af69918756e294d1cfff6f8239a,pipe/1030.MIS/190118AD.ZON/LID10020.dt,external_assets/zenodo_gpr_14637589/extracted/Data Set/pipe/1030.MIS/190118AD.ZON/LID10020.dt,<LOCAL_DATA_ROOT>\external_assets\zenodo_gpr_14637589\extracted\Data Set\pipe\1030.MIS\190118AD.ZON\LID10020.dt,2026-08-11,False,public labelled or organized dataset; labels are visible before prediction freeze
zenodo_14637589,10.5281/zenodo.14637589,cc-by-4.0,zenodo_14637589_00402,pipe,pipe,1030.MIS,pipe/1030.MIS,pipe/1030.MIS,190118AD.ZON,.dt,raw_gpr_trace,raw_trace,921088,cee911d9ad292926078fc32cb3a6cace8f80b158e178360ba76eea007d241217,pipe/1030.MIS/190118AD.ZON/LID10021.dt,external_assets/zenodo_gpr_14637589/extracted/Data Set/pipe/1030.MIS/190118AD.ZON/LID10021.dt,<LOCAL_DATA_ROOT>\external_assets\zenodo_gpr_14637589\extracted\Data Set\pipe\1030.MIS\190118AD.ZON\LID10021.dt,2026-08-11,False,public labelled or organized dataset; labels are visible before prediction freeze
zenodo_14637589,10.5281/zenodo.14637589,cc-by-4.0,zenodo_14637589_00403,pipe,pipe,1030.MIS,pipe/1030.MIS,pipe/1030.MIS,190118AD.ZON,.dt,raw_gpr_trace,raw_trace,1296308,b58563b01a486eae107e7d9a67083edaa7b870bc7b39ff880eaf3731e493343a,pipe/1030.MIS/190118AD.ZON/LID10022.dt,external_assets/zenodo_gpr_14637589/extracted/Data Set/pipe/1030.MIS/190118AD.ZON/LID10022.dt,<LOCAL_DATA_ROOT>\external_assets\zenodo_gpr_14637589\extracted\Data Set\pipe\1030.MIS\190118AD.ZON\LID10022.dt,2026-08-11,False,public labelled or organized dataset; labels are visible before prediction freeze
zenodo_14637589,10.5281/zenodo.14637589,cc-by-4.0,zenodo_14637589_00404,pipe,pipe,1030.MIS,pipe/1030.MIS,pipe/1030.MIS,190302AA.ZON,.dt,raw_gpr_trace,raw_trace,226160,79ae668e12ee4cd751f849e950f51ccb7997b0cf6a7062c0d1ef7647c8248da0,pipe/1030.MIS/190302AA.ZON/LID10001.dt,external_assets/zenodo_gpr_14637589/extracted/Data Set/pipe/1030.MIS/190302AA.ZON/LID10001.dt,<LOCAL_DATA_ROOT>\external_assets\zenodo_gpr_14637589\extracted\Data Set\pipe\1030.MIS\190302AA.ZON\LID10001.dt,2026-08-11,False,public labelled or organized dataset; labels are visible before prediction freeze
zenodo_14637589,10.5281/zenodo.14637589,cc-by-4.0,zenodo_14637589_00405,pipe,pipe,1030.MIS,pipe/1030.MIS,pipe/1030.MIS,190302AA.ZON,.dt,raw_gpr_trace,raw_trace,187096,43ec7a0e691ebdfa36e8e090d2cbb8cf1765b088760d99736dd3b9c98af70d19,pipe/1030.MIS/190302AA.ZON/LID10002.dt,external_assets/zenodo_gpr_14637589/extracted/Data Set/pipe/1030.MIS/190302AA.ZON/LID10002.dt,<LOCAL_DATA_ROOT>\external_assets\zenodo_gpr_14637589\extracted\Data Set\pipe\1030.MIS\190302AA.ZON\LID10002.dt,2026-08-11,False,public labelled or organized dataset; labels are visible before prediction freeze
zenodo_14637589,10.5281/zenodo.14637589,cc-by-4.0,zenodo_14637589_00406,pipe,pipe,1030.MIS,pipe/1030.MIS,pipe/1030.MIS,190302AA.ZON,.dt,raw_gpr_trace,raw_trace,176816,56ac6f8220b33acf792f6dc6b710dadc72fcf3befdbe59e3067ccd8fc822177a,pipe/1030.MIS/190302AA.ZON/LID10003.dt,external_assets/zenodo_gpr_14637589/extracted/Data Set/pipe/1030.MIS/190302AA.ZON/LID10003.dt,<LOCAL_DATA_ROOT>\external_assets\zenodo_gpr_14637589\extracted\Data Set\pipe\1030.MIS\190302AA.ZON\LID10003.dt,2026-08-11,False,public labelled or organized dataset; labels are visible before prediction freeze
zenodo_14637589,10.5281/zenodo.14637589,cc-by-4.0,zenodo_14637589_00407,pipe,pipe,1030.MIS,pipe/1030.MIS,pipe/1030.MIS,190302AA.ZON,.dt,raw_gpr_trace,raw_trace,119248,c7badabd259b85168d7a851b2d5aa7dc7f09a0aae3f4efa205bc60139ede33f3,pipe/1030.MIS/190302AA.ZON/LID10004.dt,external_assets/zenodo_gpr_14637589/extracted/Data Set/pipe/1030.MIS/190302AA.ZON/LID10004.dt,<LOCAL_DATA_ROOT>\external_assets\zenodo_gpr_14637589\extracted\Data Set\pipe\1030.MIS\190302AA.ZON\LID10004.dt,2026-08-11,False,public labelled or organized dataset; labels are visible before prediction freeze
zenodo_14637589,10.5281/zenodo.14637589,cc-by-4.0,zenodo_14637589_00408,pipe,pipe,1030.MIS,pipe/1030.MIS,pipe/1030.MIS,190302AA.ZON,.dt,raw_gpr_trace,raw_trace,145976,056f6368f6b656f5466ee122bbd1815cc49093fa80905beccb96f66015ca6a40,pipe/1030.MIS/190302AA.ZON/LID10005.dt,external_assets/zenodo_gpr_14637589/extracted/Data Set/pipe/1030.MIS/190302AA.ZON/LID10005.dt,<LOCAL_DATA_ROOT>\external_assets\zenodo_gpr_14637589\extracted\Data Set\pipe\1030.MIS\190302AA.ZON\LID10005.dt,2026-08-11,False,public labelled or organized dataset; labels are visible before prediction freeze
zenodo_14637589,10.5281/zenodo.14637589,cc-by-4.0,zenodo_14637589_00409,pipe,pipe,1030.MIS,pipe/1030.MIS,pipe/1030.MIS,190302AA.ZON,.dt,raw_gpr_trace,raw_trace,185040,6e2d42826fea9faaebdb35a8802816bbd0bdea38ecb4f6ac4204650ae15787ce,pipe/1030.MIS/190302AA.ZON/LID10006.dt,external_assets/zenodo_gpr_14637589/extracted/Data Set/pipe/1030.MIS/190302AA.ZON/LID10006.dt,<LOCAL_DATA_ROOT>\external_assets\zenodo_gpr_14637589\extracted\Data Set\pipe\1030.MIS\190302AA.ZON\LID10006.dt,2026-08-11,False,public labelled or organized dataset; labels are visible before prediction freeze
zenodo_14637589,10.5281/zenodo.14637589,cc-by-4.0,zenodo_14637589_00410,pipe,pipe,1030.MIS,pipe/1030.MIS,pipe/1030.MIS,190302AA.ZON,.dt,raw_gpr_trace,raw_trace,156256,0079377fa8b14022532165a19d4e5f647ba6ea9a64c2a1c4d4bcef1c207112a1,pipe/1030.MIS/190302AA.ZON/LID10007.dt,external_assets/zenodo_gpr_14637589/extracted/Data Set/pipe/1030.MIS/190302AA.ZON/LID10007.dt,<LOCAL_DATA_ROOT>\external_assets\zenodo_gpr_14637589\extracted\Data Set\pipe\1030.MIS\190302AA.ZON\LID10007.dt,2026-08-11,False,public labelled or organized dataset; labels are visible before prediction freeze
zenodo_14637589,10.5281/zenodo.14637589,cc-by-4.0,zenodo_14637589_00411,pipe,pipe,1030.MIS,pipe/1030.MIS,pipe/1030.MIS,190302AA.ZON,.dt,raw_gpr_trace,raw_trace,216908,8887edb49ea1845cc9bdfad8d7ca491f88a9a8dcaece9f605db218c15b917083,pipe/1030.MIS/190302AA.ZON/LID10008.dt,external_assets/zenodo_gpr_14637589/extracted/Data Set/pipe/1030.MIS/190302AA.ZON/LID10008.dt,<LOCAL_DATA_ROOT>\external_assets\zenodo_gpr_14637589\extracted\Data Set\pipe\1030.MIS\190302AA.ZON\LID10008.dt,2026-08-11,False,public labelled or organized dataset; labels are visible before prediction freeze
zenodo_14637589,10.5281/zenodo.14637589,cc-by-4.0,zenodo_14637589_00412,pipe,pipe,1030.MIS,pipe/1030.MIS,pipe/1030.MIS,190302AA.ZON,.dt,raw_gpr_trace,raw_trace,122332,aad879714abc07af0c54024926513d5b880d7041edde01e1eaddd61d849b0a25,pipe/1030.MIS/190302AA.ZON/LID10009.dt,external_assets/zenodo_gpr_14637589/extracted/Data Set/pipe/1030.MIS/190302AA.ZON/LID10009.dt,<LOCAL_DATA_ROOT>\external_assets\zenodo_gpr_14637589\extracted\Data Set\pipe\1030.MIS\190302AA.ZON\LID10009.dt,2026-08-11,False,public labelled or organized dataset; labels are visible before prediction freeze
zenodo_14637589,10.5281/zenodo.14637589,cc-by-4.0,zenodo_14637589_00413,pipe,pipe,1030.MIS,pipe/1030.MIS,pipe/1030.MIS,190302AA.ZON,.dt,raw_gpr_trace,raw_trace,159340,998a4d4fcd914a17aa518990fb537cab0d70800888e67266d499cc62edf2c61c,pipe/1030.MIS/190302AA.ZON/LID10010.dt,external_assets/zenodo_gpr_14637589/extracted/Data Set/pipe/1030.MIS/190302AA.ZON/LID10010.dt,<LOCAL_DATA_ROOT>\external_assets\zenodo_gpr_14637589\extracted\Data Set\pipe\1030.MIS\190302AA.ZON\LID10010.dt,2026-08-11,False,public labelled or organized dataset; labels are visible before prediction freeze
zenodo_14637589,10.5281/zenodo.14637589,cc-by-4.0,zenodo_14637589_00414,pipe,pipe,1030.MIS,pipe/1030.MIS,pipe/1030.MIS,190302AA.ZON,.dt,raw_gpr_trace,raw_trace,109996,b8b9c411c2b20de22631bdad458a95938e7d650f1d50c0b548a2a040f63ef6bf,pipe/1030.MIS/190302AA.ZON/LID10011.dt,external_assets/zenodo_gpr_14637589/extracted/Data Set/pipe/1030.MIS/190302AA.ZON/LID10011.dt,<LOCAL_DATA_ROOT>\external_assets\zenodo_gpr_14637589\extracted\Data Set\pipe\1030.MIS\190302AA.ZON\LID10011.dt,2026-08-11,False,public labelled or organized dataset; labels are visible before prediction freeze
zenodo_14637589,10.5281/zenodo.14637589,cc-by-4.0,zenodo_14637589_00415,pipe,pipe,1030.MIS,pipe/1030.MIS,pipe/1030.MIS,190302AA.ZON,.dt,raw_gpr_trace,raw_trace,168592,4d70169a1083520d692d99af7d89b1599901ed61a9337beb73a491e83f59dedf,pipe/1030.MIS/190302AA.ZON/LID10012.dt,external_assets/zenodo_gpr_14637589/extracted/Data Set/pipe/1030.MIS/190302AA.ZON/LID10012.dt,<LOCAL_DATA_ROOT>\external_assets\zenodo_gpr_14637589\extracted\Data Set\pipe\1030.MIS\190302AA.ZON\LID10012.dt,2026-08-11,False,public labelled or organized dataset; labels are visible before prediction freeze
zenodo_14637589,10.5281/zenodo.14637589,cc-by-4.0,zenodo_14637589_00416,pipe,pipe,1030.MIS,pipe/1030.MIS,pipe/1030.MIS,190302AA.ZON,.dt,raw_gpr_trace,raw_trace,176816,608e3a3af03c756cb504f9906d78c2a293ef8f76976068250ffbf15f6a3b3a48,pipe/1030.MIS/190302AA.ZON/LID10013.dt,external_assets/zenodo_gpr_14637589/extracted/Data Set/pipe/1030.MIS/190302AA.ZON/LID10013.dt,<LOCAL_DATA_ROOT>\external_assets\zenodo_gpr_14637589\extracted\Data Set\pipe\1030.MIS\190302AA.ZON\LID10013.dt,2026-08-11,False,public labelled or organized dataset; labels are visible before prediction freeze
zenodo_14637589,10.5281/zenodo.14637589,cc-by-4.0,zenodo_14637589_00417,pipe,pipe,1030.MIS,pipe/1030.MIS,pipe/1030.MIS,190302AA.ZON,.dt,raw_gpr_trace,raw_trace,196348,4071a3e2c7ef00d8d236724bdff46a2f50b3c742608a7ec209090dad14a3cfa4,pipe/1030.MIS/190302AA.ZON/LID10014.dt,external_assets/zenodo_gpr_14637589/extracted/Data Set/pipe/1030.MIS/190302AA.ZON/LID10014.dt,<LOCAL_DATA_ROOT>\external_assets\zenodo_gpr_14637589\extracted\Data Set\pipe\1030.MIS\190302AA.ZON\LID10014.dt,2026-08-11,False,public labelled or organized dataset; labels are visible before prediction freeze
zenodo_14637589,10.5281/zenodo.14637589,cc-by-4.0,zenodo_14637589_00418,pipe,pipe,1030.MIS,pipe/1030.MIS,pipe/1030.MIS,190302AA.ZON,.dt,raw_gpr_trace,raw_trace,177844,22e8feeedc22e67a21b5479771080f607e9792f7e7af3305d6fa415348136095,pipe/1030.MIS/190302AA.ZON/LID10015.dt,external_assets/zenodo_gpr_14637589/extracted/Data Set/pipe/1030.MIS/190302AA.ZON/LID10015.dt,<LOCAL_DATA_ROOT>\external_assets\zenodo_gpr_14637589\extracted\Data Set\pipe\1030.MIS\190302AA.ZON\LID10015.dt,2026-08-11,False,public labelled or organized dataset; labels are visible before prediction freeze
zenodo_14637589,10.5281/zenodo.14637589,cc-by-4.0,zenodo_14637589_00419,pipe,pipe,1030.MIS,pipe/1030.MIS,pipe/1030.MIS,190302AA.ZON,.dt,raw_gpr_trace,raw_trace,151116,cbc6d13091f2054ed253afc750287c17e927f19b34939bbd5082e9c9cc4d161c,pipe/1030.MIS/190302AA.ZON/LID10016.dt,external_assets/zenodo_gpr_14637589/extracted/Data Set/pipe/1030.MIS/190302AA.ZON/LID10016.dt,<LOCAL_DATA_ROOT>\external_assets\zenodo_gpr_14637589\extracted\Data Set\pipe\1030.MIS\190302AA.ZON\LID10016.dt,2026-08-11,False,public labelled or organized dataset; labels are visible before prediction freeze
zenodo_14637589,10.5281/zenodo.14637589,cc-by-4.0,zenodo_14637589_00420,pipe,pipe,1030.MIS,pipe/1030.MIS,pipe/1030.MIS,190313AA.ZON,.dt,raw_gpr_trace,raw_trace,1242852,4ea6826fb5e1c2e6d484f2c1d33eb1ff90cd32476bb9e847faf31f1695b433cb,pipe/1030.MIS/190313AA.ZON/LID10001.dt,external_assets/zenodo_gpr_14637589/extracted/Data Set/pipe/1030.MIS/190313AA.ZON/LID10001.dt,<LOCAL_DATA_ROOT>\external_assets\zenodo_gpr_14637589\extracted\Data Set\pipe\1030.MIS\190313AA.ZON\LID10001.dt,2026-08-11,False,public labelled or organized dataset; labels are visible before prediction freeze
zenodo_14637589,10.5281/zenodo.14637589,cc-by-4.0,zenodo_14637589_00421,pipe,pipe,1030.MIS,pipe/1030.MIS,pipe/1030.MIS,190313AA.ZON,.dt,raw_gpr_trace,raw_trace,3209416,83cd306cc2bc90bf304832ffccc5476d08944fc35684004da545dc79c6ce6678,pipe/1030.MIS/190313AA.ZON/LID10002.dt,external_assets/zenodo_gpr_14637589/extracted/Data Set/pipe/1030.MIS/190313AA.ZON/LID10002.dt,<LOCAL_DATA_ROOT>\external_assets\zenodo_gpr_14637589\extracted\Data Set\pipe\1030.MIS\190313AA.ZON\LID10002.dt,2026-08-11,False,public labelled or organized dataset; labels are visible before prediction freeze
zenodo_14637589,10.5281/zenodo.14637589,cc-by-4.0,zenodo_14637589_00422,pipe,pipe,1030.MIS,pipe/1030.MIS,pipe/1030.MIS,190313AA.ZON,.dt,raw_gpr_trace,raw_trace,15420,805bff9725cf7c7de819799e493a4b371cfb00ab0d98b1c53d08d35b5f5b2d20,pipe/1030.MIS/190313AA.ZON/LID10003.dt,external_assets/zenodo_gpr_14637589/extracted/Data Set/pipe/1030.MIS/190313AA.ZON/LID10003.dt,<LOCAL_DATA_ROOT>\external_assets\zenodo_gpr_14637589\extracted\Data Set\pipe\1030.MIS\190313AA.ZON\LID10003.dt,2026-08-11,False,public labelled or organized dataset; labels are visible before prediction freeze
zenodo_14637589,10.5281/zenodo.14637589,cc-by-4.0,zenodo_14637589_00423,pipe,pipe,1030.MIS,pipe/1030.MIS,pipe/1030.MIS,190313AA.ZON,.dt,raw_gpr_trace,raw_trace,387556,990677c20e8130899e91bbf5e8bf60655e95762131dcb4e3db85ac6a199e5e52,pipe/1030.MIS/190313AA.ZON/LID10004.dt,external_assets/zenodo_gpr_14637589/extracted/Data Set/pipe/1030.MIS/190313AA.ZON/LID10004.dt,<LOCAL_DATA_ROOT>\external_assets\zenodo_gpr_14637589\extracted\Data Set\pipe\1030.MIS\190313AA.ZON\LID10004.dt,2026-08-11,False,public labelled or organized dataset; labels are visible before prediction freeze
zenodo_14637589,10.5281/zenodo.14637589,cc-by-4.0,zenodo_14637589_00424,pipe,pipe,1030.MIS,pipe/1030.MIS,pipe/1030.MIS,190313AA.ZON,.dt,raw_gpr_trace,raw_trace,743244,87af9b96f0438a67a1d0a7883461fdc61bace61cff295d9257bcc774b15e0174,pipe/1030.MIS/190313AA.ZON/LID10005.dt,external_assets/zenodo_gpr_14637589/extracted/Data Set/pipe/1030.MIS/190313AA.ZON/LID10005.dt,<LOCAL_DATA_ROOT>\external_assets\zenodo_gpr_14637589\extracted\Data Set\pipe\1030.MIS\190313AA.ZON\LID10005.dt,2026-08-11,False,public labelled or organized dataset; labels are visible before prediction freeze
zenodo_14637589,10.5281/zenodo.14637589,cc-by-4.0,zenodo_14637589_00425,pipe,pipe,1030.MIS,pipe/1030.MIS,pipe/1030.MIS,190315AA.ZON,.dt,raw_gpr_trace,raw_trace,122332,bd97eba26693f98eeb4d48808f4990f936607890fc7c315ccfc0c2a74352da19,pipe/1030.MIS/190315AA.ZON/LID10001.dt,external_assets/zenodo_gpr_14637589/extracted/Data Set/pipe/1030.MIS/190315AA.ZON/LID10001.dt,<LOCAL_DATA_ROOT>\external_assets\zenodo_gpr_14637589\extracted\Data Set\pipe\1030.MIS\190315AA.ZON\LID10001.dt,2026-08-11,False,public labelled or organized dataset; labels are visible before prediction freeze
zenodo_14637589,10.5281/zenodo.14637589,cc-by-4.0,zenodo_14637589_00426,pipe,pipe,1030.MIS,pipe/1030.MIS,pipe/1030.MIS,190315AA.ZON,.dt,raw_gpr_trace,raw_trace,122332,d822a67a649dc61bbb20bcf531fc79be5bc9e3cecb8cf0d836d1db07aa78a6f4,pipe/1030.MIS/190315AA.ZON/LID10002.dt,external_assets/zenodo_gpr_14637589/extracted/Data Set/pipe/1030.MIS/190315AA.ZON/LID10002.dt,<LOCAL_DATA_ROOT>\external_assets\zenodo_gpr_14637589\extracted\Data Set\pipe\1030.MIS\190315AA.ZON\LID10002.dt,2026-08-11,False,public labelled or organized dataset; labels are visible before prediction freeze
zenodo_14637589,10.5281/zenodo.14637589,cc-by-4.0,zenodo_14637589_00427,pipe,pipe,1030.MIS,pipe/1030.MIS,pipe/1030.MIS,190315AA.ZON,.dt,raw_gpr_trace,raw_trace,141864,cced568611beb212b66288fe405f8622471c109450ead9a507ab3d78d36326fc,pipe/1030.MIS/190315AA.ZON/LID10003.dt,external_assets/zenodo_gpr_14637589/extracted/Data Set/pipe/1030.MIS/190315AA.ZON/LID10003.dt,<LOCAL_DATA_ROOT>\external_assets\zenodo_gpr_14637589\extracted\Data Set\pipe\1030.MIS\190315AA.ZON\LID10003.dt,2026-08-11,False,public labelled or organized dataset; labels are visible before prediction freeze
zenodo_14637589,10.5281/zenodo.14637589,cc-by-4.0,zenodo_14637589_00428,pipe,pipe,1030.MIS,pipe/1030.MIS,pipe/1030.MIS,190318AA.ZON,.dt,raw_gpr_trace,raw_trace,112052,e7f66d8ad6624a68f988ec9b92985a4078e6eec851046a56c91dfddbdad84dae,pipe/1030.MIS/190318AA.ZON/LID10001.dt,external_assets/zenodo_gpr_14637589/extracted/Data Set/pipe/1030.MIS/190318AA.ZON/LID10001.dt,<LOCAL_DATA_ROOT>\external_assets\zenodo_gpr_14637589\extracted\Data Set\pipe\1030.MIS\190318AA.ZON\LID10001.dt,2026-08-11,False,public labelled or organized dataset; labels are visible before prediction freeze
zenodo_14637589,10.5281/zenodo.14637589,cc-by-4.0,zenodo_14637589_00429,pipe,pipe,1030.MIS,pipe/1030.MIS,pipe/1030.MIS,190318AB.ZON,.dt,raw_gpr_trace,raw_trace,116164,82cb55b682500fbc757f471ed97bc0451aa860ba6715623754201fac2dfc0fde,pipe/1030.MIS/190318AB.ZON/LID10001.dt,external_assets/zenodo_gpr_14637589/extracted/Data Set/pipe/1030.MIS/190318AB.ZON/LID10001.dt,<LOCAL_DATA_ROOT>\external_assets\zenodo_gpr_14637589\extracted\Data Set\pipe\1030.MIS\190318AB.ZON\LID10001.dt,2026-08-11,False,public labelled or organized dataset; labels are visible before prediction freeze
zenodo_14637589,10.5281/zenodo.14637589,cc-by-4.0,zenodo_14637589_00430,pipe,pipe,1030.MIS,pipe/1030.MIS,pipe/1030.MIS,190319AA.ZON,.dt,raw_gpr_trace,raw_trace,160368,67bca64cd44cf37e434ba506a5909f97c20fd203f13166e91d8f287dfe4cda9b,pipe/1030.MIS/190319AA.ZON/LID10001.dt,external_assets/zenodo_gpr_14637589/extracted/Data Set/pipe/1030.MIS/190319AA.ZON/LID10001.dt,<LOCAL_DATA_ROOT>\external_assets\zenodo_gpr_14637589\extracted\Data Set\pipe\1030.MIS\190319AA.ZON\LID10001.dt,2026-08-11,False,public labelled or organized dataset; labels are visible before prediction freeze
zenodo_14637589,10.5281/zenodo.14637589,cc-by-4.0,zenodo_14637589_00431,pipe,pipe,1030.MIS,pipe/1030.MIS,pipe/1030.MIS,190319AA.ZON,.dt,raw_gpr_trace,raw_trace,193264,b803790a4da548c816bf3ab865e283b21e39d92d9a62e90bf3f13e418b2d8143,pipe/1030.MIS/190319AA.ZON/LID10002.dt,external_assets/zenodo_gpr_14637589/extracted/Data Set/pipe/1030.MIS/190319AA.ZON/LID10002.dt,<LOCAL_DATA_ROOT>\external_assets\zenodo_gpr_14637589\extracted\Data Set\pipe\1030.MIS\190319AA.ZON\LID10002.dt,2026-08-11,False,public labelled or organized dataset; labels are visible before prediction freeze
zenodo_14637589,10.5281/zenodo.14637589,cc-by-4.0,zenodo_14637589_00432,pipe,pipe,1030.MIS,pipe/1030.MIS,pipe/1030.MIS,190319AA.ZON,.dt,raw_gpr_trace,raw_trace,176816,fbdfe292e6060b7a29462594535b27fca883d284cf0c0cc9db662cba90e5eb71,pipe/1030.MIS/190319AA.ZON/LID10003.dt,external_assets/zenodo_gpr_14637589/extracted/Data Set/pipe/1030.MIS/190319AA.ZON/LID10003.dt,<LOCAL_DATA_ROOT>\external_assets\zenodo_gpr_14637589\extracted\Data Set\pipe\1030.MIS\190319AA.ZON\LID10003.dt,2026-08-11,False,public labelled or organized dataset; labels are visible before prediction freeze
zenodo_14637589,10.5281/zenodo.14637589,cc-by-4.0,zenodo_14637589_00433,pipe,pipe,1030.MIS,pipe/1030.MIS,pipe/1030.MIS,190319AA.ZON,.dt,raw_gpr_trace,raw_trace,167564,69d4aeebb40b0ec1f0fa4193f0acf3205d96c61b15b31fcc6e854a41cef251e6,pipe/1030.MIS/190319AA.ZON/LID10004.dt,external_assets/zenodo_gpr_14637589/extracted/Data Set/pipe/1030.MIS/190319AA.ZON/LID10004.dt,<LOCAL_DATA_ROOT>\external_assets\zenodo_gpr_14637589\extracted\Data Set\pipe\1030.MIS\190319AA.ZON\LID10004.dt,2026-08-11,False,public labelled or organized dataset; labels are visible before prediction freeze
zenodo_14637589,10.5281/zenodo.14637589,cc-by-4.0,zenodo_14637589_00434,pipe,pipe,1030.MIS,pipe/1030.MIS,pipe/1030.MIS,190319AA.ZON,.dt,raw_gpr_trace,raw_trace,127472,a850b264b14d85f1ccec08603a078f5dd74c8dd1a2d2ffaa8e87833fc1d44392,pipe/1030.MIS/190319AA.ZON/LID10005.dt,external_assets/zenodo_gpr_14637589/extracted/Data Set/pipe/1030.MIS/190319AA.ZON/LID10005.dt,<LOCAL_DATA_ROOT>\external_assets\zenodo_gpr_14637589\extracted\Data Set\pipe\1030.MIS\190319AA.ZON\LID10005.dt,2026-08-11,False,public labelled or organized dataset; labels are visible before prediction freeze
zenodo_14637589,10.5281/zenodo.14637589,cc-by-4.0,zenodo_14637589_00435,pipe,pipe,1030.MIS,pipe/1030.MIS,pipe/1030.MIS,190319AA.ZON,.dt,raw_gpr_trace,raw_trace,205600,c69fc667be211672d15ccaf56c5fc5efd0b1c0183c8f0384eb3f087d1c26414b,pipe/1030.MIS/190319AA.ZON/LID10006.dt,external_assets/zenodo_gpr_14637589/extracted/Data Set/pipe/1030.MIS/190319AA.ZON/LID10006.dt,<LOCAL_DATA_ROOT>\external_assets\zenodo_gpr_14637589\extracted\Data Set\pipe\1030.MIS\190319AA.ZON\LID10006.dt,2026-08-11,False,public labelled or organized dataset; labels are visible before prediction freeze
zenodo_14637589,10.5281/zenodo.14637589,cc-by-4.0,zenodo_14637589_00436,pipe,pipe,1030.MIS,pipe/1030.MIS,pipe/1030.MIS,190319AA.ZON,.dt,raw_gpr_trace,raw_trace,144948,753f1ed8d8f2fe959a8eb726ccd17a6d8e7805f71343c2c29ea4e617ba472f3e,pipe/1030.MIS/190319AA.ZON/LID10007.dt,external_assets/zenodo_gpr_14637589/extracted/Data Set/pipe/1030.MIS/190319AA.ZON/LID10007.dt,<LOCAL_DATA_ROOT>\external_assets\zenodo_gpr_14637589\extracted\Data Set\pipe\1030.MIS\190319AA.ZON\LID10007.dt,2026-08-11,False,public labelled or organized dataset; labels are visible before prediction freeze
zenodo_14637589,10.5281/zenodo.14637589,cc-by-4.0,zenodo_14637589_00437,pipe,pipe,1030.MIS,pipe/1030.MIS,pipe/1030.MIS,190319AA.ZON,.dt,raw_gpr_trace,raw_trace,176816,64efbf328d11c50c68f4035bf364bb378334403c4eafef612f0ad02f29531297,pipe/1030.MIS/190319AA.ZON/LID10008.dt,external_assets/zenodo_gpr_14637589/extracted/Data Set/pipe/1030.MIS/190319AA.ZON/LID10008.dt,<LOCAL_DATA_ROOT>\external_assets\zenodo_gpr_14637589\extracted\Data Set\pipe\1030.MIS\190319AA.ZON\LID10008.dt,2026-08-11,False,public labelled or organized dataset; labels are visible before prediction freeze
zenodo_14637589,10.5281/zenodo.14637589,cc-by-4.0,zenodo_14637589_00438,pipe,pipe,1030.MIS,pipe/1030.MIS,pipe/1030.MIS,190319AA.ZON,.dt,raw_gpr_trace,raw_trace,123360,ef4c5e2abea4550e136ea845c67ecf0bea90e0f8bf9bd728a0a0c5cd992b1583,pipe/1030.MIS/190319AA.ZON/LID10009.dt,external_assets/zenodo_gpr_14637589/extracted/Data Set/pipe/1030.MIS/190319AA.ZON/LID10009.dt,<LOCAL_DATA_ROOT>\external_assets\zenodo_gpr_14637589\extracted\Data Set\pipe\1030.MIS\190319AA.ZON\LID10009.dt,2026-08-11,False,public labelled or organized dataset; labels are visible before prediction freeze
zenodo_14637589,10.5281/zenodo.14637589,cc-by-4.0,zenodo_14637589_00439,pipe,pipe,1030.MIS,pipe/1030.MIS,pipe/1030.MIS,190319AA.ZON,.dt,raw_gpr_trace,raw_trace,118220,242c2ec94e03e5ae9c4166b1ea5370f6a1e9dad593a44d7af530620a258efad9,pipe/1030.MIS/190319AA.ZON/LID10010.dt,external_assets/zenodo_gpr_14637589/extracted/Data Set/pipe/1030.MIS/190319AA.ZON/LID10010.dt,<LOCAL_DATA_ROOT>\external_assets\zenodo_gpr_14637589\extracted\Data Set\pipe\1030.MIS\190319AA.ZON\LID10010.dt,2026-08-11,False,public labelled or organized dataset; labels are visible before prediction freeze
zenodo_14637589,10.5281/zenodo.14637589,cc-by-4.0,zenodo_14637589_00440,pipe,pipe,1030.MIS,pipe/1030.MIS,pipe/1030.MIS,190319AA.ZON,.dt,raw_gpr_trace,raw_trace,117192,a2a5b9674122cef35682900432824d1fcc000d9055ee57bd39052f09cc84fad9,pipe/1030.MIS/190319AA.ZON/LID10011.dt,external_assets/zenodo_gpr_14637589/extracted/Data Set/pipe/1030.MIS/190319AA.ZON/LID10011.dt,<LOCAL_DATA_ROOT>\external_assets\zenodo_gpr_14637589\extracted\Data Set\pipe\1030.MIS\190319AA.ZON\LID10011.dt,2026-08-11,False,public labelled or organized dataset; labels are visible before prediction freeze
zenodo_14637589,10.5281/zenodo.14637589,cc-by-4.0,zenodo_14637589_00441,pipe,pipe,1030.MIS,pipe/1030.MIS,pipe/1030.MIS,190319AA.ZON,.dt,raw_gpr_trace,raw_trace,123360,c2d88f9493ebce37a5e8f8b935395a00ab20caa333e5ccf4261decf7419eead2,pipe/1030.MIS/190319AA.ZON/LID10012.dt,external_assets/zenodo_gpr_14637589/extracted/Data Set/pipe/1030.MIS/190319AA.ZON/LID10012.dt,<LOCAL_DATA_ROOT>\external_assets\zenodo_gpr_14637589\extracted\Data Set\pipe\1030.MIS\190319AA.ZON\LID10012.dt,2026-08-11,False,public labelled or organized dataset; labels are visible before prediction freeze
zenodo_14637589,10.5281/zenodo.14637589,cc-by-4.0,zenodo_14637589_00442,pipe,pipe,1030.MIS,pipe/1030.MIS,pipe/1030.MIS,190319AA.ZON,.dt,raw_gpr_trace,raw_trace,165508,34f18d7fb1ed9275220786841620e3719bdb4b74b8e1c7bbbda04e50f102db7e,pipe/1030.MIS/190319AA.ZON/LID10013.dt,external_assets/zenodo_gpr_14637589/extracted/Data Set/pipe/1030.MIS/190319AA.ZON/LID10013.dt,<LOCAL_DATA_ROOT>\external_assets\zenodo_gpr_14637589\extracted\Data Set\pipe\1030.MIS\190319AA.ZON\LID10013.dt,2026-08-11,False,public labelled or organized dataset; labels are visible before prediction freeze
zenodo_14637589,10.5281/zenodo.14637589,cc-by-4.0,zenodo_14637589_00443,pipe,pipe,1030.MIS,pipe/1030.MIS,pipe/1030.MIS,190319AA.ZON,.dt,raw_gpr_trace,raw_trace,124388,99240908882f8338621aa5fd7d3c05487eea59247a05f263151152e63868e8aa,pipe/1030.MIS/190319AA.ZON/LID10014.dt,external_assets/zenodo_gpr_14637589/extracted/Data Set/pipe/1030.MIS/190319AA.ZON/LID10014.dt,<LOCAL_DATA_ROOT>\external_assets\zenodo_gpr_14637589\extracted\Data Set\pipe\1030.MIS\190319AA.ZON\LID10014.dt,2026-08-11,False,public labelled or organized dataset; labels are visible before prediction freeze
zenodo_14637589,10.5281/zenodo.14637589,cc-by-4.0,zenodo_14637589_00444,pipe,pipe,1030.MIS,pipe/1030.MIS,pipe/1030.MIS,190319AA.ZON,.dt,raw_gpr_trace,raw_trace,121304,f775a203fa98dfa0850c905be8dbf25c11885dc526a9cb97fe47e94e8eaa61a2,pipe/1030.MIS/190319AA.ZON/LID10015.dt,external_assets/zenodo_gpr_14637589/extracted/Data Set/pipe/1030.MIS/190319AA.ZON/LID10015.dt,<LOCAL_DATA_ROOT>\external_assets\zenodo_gpr_14637589\extracted\Data Set\pipe\1030.MIS\190319AA.ZON\LID10015.dt,2026-08-11,False,public labelled or organized dataset; labels are visible before prediction freeze
zenodo_14637589,10.5281/zenodo.14637589,cc-by-4.0,zenodo_14637589_00445,pipe,pipe,1030.MIS,pipe/1030.MIS,pipe/1030.MIS,190319AA.ZON,.dt,raw_gpr_trace,raw_trace,132612,926b77f4d4e6b2d055cb047b3017fe82570c9c8986e21426cdd4b86606eb4c47,pipe/1030.MIS/190319AA.ZON/LID10016.dt,external_assets/zenodo_gpr_14637589/extracted/Data Set/pipe/1030.MIS/190319AA.ZON/LID10016.dt,<LOCAL_DATA_ROOT>\external_assets\zenodo_gpr_14637589\extracted\Data Set\pipe\1030.MIS\190319AA.ZON\LID10016.dt,2026-08-11,False,public labelled or organized dataset; labels are visible before prediction freeze
zenodo_14637589,10.5281/zenodo.14637589,cc-by-4.0,zenodo_14637589_00446,pipe,pipe,1030.MIS,pipe/1030.MIS,pipe/1030.MIS,190319AA.ZON,.dt,raw_gpr_trace,raw_trace,141864,db0c534b6c22b835aaf5bb1a1daf7405cf62ff7fdfa1d069b817ae23b4062fa2,pipe/1030.MIS/190319AA.ZON/LID10017.dt,external_assets/zenodo_gpr_14637589/extracted/Data Set/pipe/1030.MIS/190319AA.ZON/LID10017.dt,<LOCAL_DATA_ROOT>\external_assets\zenodo_gpr_14637589\extracted\Data Set\pipe\1030.MIS\190319AA.ZON\LID10017.dt,2026-08-11,False,public labelled or organized dataset; labels are visible before prediction freeze
zenodo_14637589,10.5281/zenodo.14637589,cc-by-4.0,zenodo_14637589_00447,pipe,pipe,1030.MIS,pipe/1030.MIS,pipe/1030.MIS,190319AA.ZON,.dt,raw_gpr_trace,raw_trace,106912,408362bc5ec7dd9bab8ef8f8cef1c8cbe2d3ca57fae1f6729e897bac99cd41b5,pipe/1030.MIS/190319AA.ZON/LID10018.dt,external_assets/zenodo_gpr_14637589/extracted/Data Set/pipe/1030.MIS/190319AA.ZON/LID10018.dt,<LOCAL_DATA_ROOT>\external_assets\zenodo_gpr_14637589\extracted\Data Set\pipe\1030.MIS\190319AA.ZON\LID10018.dt,2026-08-11,False,public labelled or organized dataset; labels are visible before prediction freeze
zenodo_14637589,10.5281/zenodo.14637589,cc-by-4.0,zenodo_14637589_00448,pipe,pipe,1030.MIS,pipe/1030.MIS,pipe/1030.MIS,190319AA.ZON,.dt,raw_gpr_trace,raw_trace,159340,645dabff529fbf9338289fc9a4dcc3c005c8ba8e1fdd5ffa72985a96ea92dfec,pipe/1030.MIS/190319AA.ZON/LID10019.dt,external_assets/zenodo_gpr_14637589/extracted/Data Set/pipe/1030.MIS/190319AA.ZON/LID10019.dt,<LOCAL_DATA_ROOT>\external_assets\zenodo_gpr_14637589\extracted\Data Set\pipe\1030.MIS\190319AA.ZON\LID10019.dt,2026-08-11,False,public labelled or organized dataset; labels are visible before prediction freeze
zenodo_14637589,10.5281/zenodo.14637589,cc-by-4.0,zenodo_14637589_00449,pipe,pipe,1030.MIS,pipe/1030.MIS,pipe/1030.MIS,190319AA.ZON,.dt,raw_gpr_trace,raw_trace,112052,29deb72f4813a3709d82820cc1644826b66fd559b0596d7ee5810e869f1e66ac,pipe/1030.MIS/190319AA.ZON/LID10020.dt,external_assets/zenodo_gpr_14637589/extracted/Data Set/pipe/1030.MIS/190319AA.ZON/LID10020.dt,<LOCAL_DATA_ROOT>\external_assets\zenodo_gpr_14637589\extracted\Data Set\pipe\1030.MIS\190319AA.ZON\LID10020.dt,2026-08-11,False,public labelled or organized dataset; labels are visible before prediction freeze
zenodo_14637589,10.5281/zenodo.14637589,cc-by-4.0,zenodo_14637589_00450,pipe,pipe,1030.MIS,pipe/1030.MIS,pipe/1030.MIS,190319AA.ZON,.dt,raw_gpr_trace,raw_trace,114108,894d0956839334a7db2ec1139d736393ee62bdca71905b54e2d6c92f0a0e0e30,pipe/1030.MIS/190319AA.ZON/LID10021.dt,external_assets/zenodo_gpr_14637589/extracted/Data Set/pipe/1030.MIS/190319AA.ZON/LID10021.dt,<LOCAL_DATA_ROOT>\external_assets\zenodo_gpr_14637589\extracted\Data Set\pipe\1030.MIS\190319AA.ZON\LID10021.dt,2026-08-11,False,public labelled or organized dataset; labels are visible before prediction freeze
zenodo_14637589,10.5281/zenodo.14637589,cc-by-4.0,zenodo_14637589_00451,pipe,pipe,1030.MIS,pipe/1030.MIS,pipe/1030.MIS,190319AA.ZON,.dt,raw_gpr_trace,raw_trace,181956,b4a531e386fa2973613e76a807708c5a627d8f69b82d3e589fe9328d859e1420,pipe/1030.MIS/190319AA.ZON/LID10022.dt,external_assets/zenodo_gpr_14637589/extracted/Data Set/pipe/1030.MIS/190319AA.ZON/LID10022.dt,<LOCAL_DATA_ROOT>\external_assets\zenodo_gpr_14637589\extracted\Data Set\pipe\1030.MIS\190319AA.ZON\LID10022.dt,2026-08-11,False,public labelled or organized dataset; labels are visible before prediction freeze
zenodo_14637589,10.5281/zenodo.14637589,cc-by-4.0,zenodo_14637589_00452,pipe,pipe,1030.MIS,pipe/1030.MIS,pipe/1030.MIS,190319AA.ZON,.dt,raw_gpr_trace,raw_trace,141864,21754d1e2158fd4635b30e8b23f4ed87161d0de7bbc593e09e07612f1a48f78a,pipe/1030.MIS/190319AA.ZON/LID10023.dt,external_assets/zenodo_gpr_14637589/extracted/Data Set/pipe/1030.MIS/190319AA.ZON/LID10023.dt,<LOCAL_DATA_ROOT>\external_assets\zenodo_gpr_14637589\extracted\Data Set\pipe\1030.MIS\190319AA.ZON\LID10023.dt,2026-08-11,False,public labelled or organized dataset; labels are visible before prediction freeze
zenodo_14637589,10.5281/zenodo.14637589,cc-by-4.0,zenodo_14637589_00453,pipe,pipe,1030.MIS,pipe/1030.MIS,pipe/1030.MIS,190319AA.ZON,.dt,raw_gpr_trace,raw_trace,105884,6c8575ce9ac640dbef8eac767bf76f222ea2dd4abf98ffc389389ba28d0faa6d,pipe/1030.MIS/190319AA.ZON/LID10024.dt,external_assets/zenodo_gpr_14637589/extracted/Data Set/pipe/1030.MIS/190319AA.ZON/LID10024.dt,<LOCAL_DATA_ROOT>\external_assets\zenodo_gpr_14637589\extracted\Data Set\pipe\1030.MIS\190319AA.ZON\LID10024.dt,2026-08-11,False,public labelled or organized dataset; labels are visible before prediction freeze
zenodo_14637589,10.5281/zenodo.14637589,cc-by-4.0,zenodo_14637589_00454,pipe,pipe,1030.MIS,pipe/1030.MIS,pipe/1030.MIS,190319AA.ZON,.dt,raw_gpr_trace,raw_trace,114108,d5334d4ce7a6091d3633c34e8d8f223a0aae7f09400245da2def7ff36e0d96c3,pipe/1030.MIS/190319AA.ZON/LID10025.dt,external_assets/zenodo_gpr_14637589/extracted/Data Set/pipe/1030.MIS/190319AA.ZON/LID10025.dt,<LOCAL_DATA_ROOT>\external_assets\zenodo_gpr_14637589\extracted\Data Set\pipe\1030.MIS\190319AA.ZON\LID10025.dt,2026-08-11,False,public labelled or organized dataset; labels are visible before prediction freeze
zenodo_14637589,10.5281/zenodo.14637589,cc-by-4.0,zenodo_14637589_00455,pipe,pipe,1030.MIS,pipe/1030.MIS,pipe/1030.MIS,190320AA.ZON,.dt,raw_gpr_trace,raw_trace,1232572,46ad24d23360482046f32def6573355c4a8b98401f2a76cbf0e6dd5d485eb12f,pipe/1030.MIS/190320AA.ZON/LID10001.dt,external_assets/zenodo_gpr_14637589/extracted/Data Set/pipe/1030.MIS/190320AA.ZON/LID10001.dt,<LOCAL_DATA_ROOT>\external_assets\zenodo_gpr_14637589\extracted\Data Set\pipe\1030.MIS\190320AA.ZON\LID10001.dt,2026-08-11,False,public labelled or organized dataset; labels are visible before prediction freeze
zenodo_14637589,10.5281/zenodo.14637589,cc-by-4.0,zenodo_14637589_00456,pipe,pipe,1030.MIS,pipe/1030.MIS,pipe/1030.MIS,190320AA.ZON,.dt,raw_gpr_trace,raw_trace,1332288,3655368498178e25cb37f208fa23fdaed71e0eaef6c47365cf6fc79059818879,pipe/1030.MIS/190320AA.ZON/LID10002.dt,external_assets/zenodo_gpr_14637589/extracted/Data Set/pipe/1030.MIS/190320AA.ZON/LID10002.dt,<LOCAL_DATA_ROOT>\external_assets\zenodo_gpr_14637589\extracted\Data Set\pipe\1030.MIS\190320AA.ZON\LID10002.dt,2026-08-11,False,public labelled or organized dataset; labels are visible before prediction freeze
zenodo_14637589,10.5281/zenodo.14637589,cc-by-4.0,zenodo_14637589_00457,pipe,pipe,1030.MIS,pipe/1030.MIS,pipe/1030.MIS,190320AA.ZON,.dt,raw_gpr_trace,raw_trace,52428,d28d3125d6ff80a87e67ff11324b2da170c4e616e79169f4fca308bbbd8da60d,pipe/1030.MIS/190320AA.ZON/LID10003.dt,external_assets/zenodo_gpr_14637589/extracted/Data Set/pipe/1030.MIS/190320AA.ZON/LID10003.dt,<LOCAL_DATA_ROOT>\external_assets\zenodo_gpr_14637589\extracted\Data Set\pipe\1030.MIS\190320AA.ZON\LID10003.dt,2026-08-11,False,public labelled or organized dataset; labels are visible before prediction freeze
zenodo_14637589,10.5281/zenodo.14637589,cc-by-4.0,zenodo_14637589_00458,pipe,pipe,1030.MIS,pipe/1030.MIS,pipe/1030.MIS,190320AA.ZON,.dt,raw_gpr_trace,raw_trace,98688,d325ca147c4d859a1a54c75af2088fa52cbf21b1205088c3ccb0516ee10e0b77,pipe/1030.MIS/190320AA.ZON/LID10004.dt,external_assets/zenodo_gpr_14637589/extracted/Data Set/pipe/1030.MIS/190320AA.ZON/LID10004.dt,<LOCAL_DATA_ROOT>\external_assets\zenodo_gpr_14637589\extracted\Data Set\pipe\1030.MIS\190320AA.ZON\LID10004.dt,2026-08-11,False,public labelled or organized dataset; labels are visible before prediction freeze
zenodo_14637589,10.5281/zenodo.14637589,cc-by-4.0,zenodo_14637589_00459,pipe,pipe,1030.MIS,pipe/1030.MIS,pipe/1030.MIS,190320AA.ZON,.dt,raw_gpr_trace,raw_trace,86352,0ca604c4cdbf94aeb9ab8a7ce7bb637adf32d3418e3b7424056219527e3a85b3,pipe/1030.MIS/190320AA.ZON/LID10005.dt,external_assets/zenodo_gpr_14637589/extracted/Data Set/pipe/1030.MIS/190320AA.ZON/LID10005.dt,<LOCAL_DATA_ROOT>\external_assets\zenodo_gpr_14637589\extracted\Data Set\pipe\1030.MIS\190320AA.ZON\LID10005.dt,2026-08-11,False,public labelled or organized dataset; labels are visible before prediction freeze
zenodo_14637589,10.5281/zenodo.14637589,cc-by-4.0,zenodo_14637589_00460,pipe,pipe,190321A.MIS,pipe/190321A.MIS,pipe/190321A.MIS,ASCII,.dt,raw_gpr_trace,raw_trace,1996700,2826c7fee9d30b5120d03dc7197840d3a460e0e3aa87648eda88f4a38d6ab267,pipe/190321A.MIS/190321AA.ZON/3/ASCII/LID10001.dt,external_assets/zenodo_gpr_14637589/extracted/Data Set/pipe/190321A.MIS/190321AA.ZON/3/ASCII/LID10001.dt,<LOCAL_DATA_ROOT>\external_assets\zenodo_gpr_14637589\extracted\Data Set\pipe\190321A.MIS\190321AA.ZON\3\ASCII\LID10001.dt,2026-08-11,False,public labelled or organized dataset; labels are visible before prediction freeze
zenodo_14637589,10.5281/zenodo.14637589,cc-by-4.0,zenodo_14637589_00461,pipe,pipe,190321A.MIS,pipe/190321A.MIS,pipe/190321A.MIS,ROHDATA,.dat,raw_gpr_trace,raw_trace,2006944,eda20d55a4007a4c95e4b31606c3b82ea663b1822049b18136ec74f109f8f6f1,pipe/190321A.MIS/190321AA.ZON/3/ROHDATA/YP000000.DAT,external_assets/zenodo_gpr_14637589/extracted/Data Set/pipe/190321A.MIS/190321AA.ZON/3/ROHDATA/YP000000.DAT,<LOCAL_DATA_ROOT>\external_assets\zenodo_gpr_14637589\extracted\Data Set\pipe\190321A.MIS\190321AA.ZON\3\ROHDATA\YP000000.DAT,2026-08-11,False,public labelled or organized dataset; labels are visible before prediction freeze
zenodo_14637589,10.5281/zenodo.14637589,cc-by-4.0,zenodo_14637589_00462,pipe,pipe,190321A.MIS,pipe/190321A.MIS,pipe/190321A.MIS,190321AA.ZON,.dt,raw_gpr_trace,raw_trace,1996700,2826c7fee9d30b5120d03dc7197840d3a460e0e3aa87648eda88f4a38d6ab267,pipe/190321A.MIS/190321AA.ZON/LID10001.dt,external_assets/zenodo_gpr_14637589/extracted/Data Set/pipe/190321A.MIS/190321AA.ZON/LID10001.dt,<LOCAL_DATA_ROOT>\external_assets\zenodo_gpr_14637589\extracted\Data Set\pipe\190321A.MIS\190321AA.ZON\LID10001.dt,2026-08-11,False,public labelled or organized dataset; labels are visible before prediction freeze
zenodo_14637589,10.5281/zenodo.14637589,cc-by-4.0,zenodo_14637589_00463,pipe,pipe,190321A.MIS,pipe/190321A.MIS,pipe/190321A.MIS,ASCII,.dt,raw_gpr_trace,raw_trace,1201300,885fc8bcdb5b7a8282e376d9527aa019e804eb20c36bd64788dcdef3556634f3,pipe/190321A.MIS/190321AB.ZON/4/ASCII/LID10002.dt,external_assets/zenodo_gpr_14637589/extracted/Data Set/pipe/190321A.MIS/190321AB.ZON/4/ASCII/LID10002.dt,<LOCAL_DATA_ROOT>\external_assets\zenodo_gpr_14637589\extracted\Data Set\pipe\190321A.MIS\190321AB.ZON\4\ASCII\LID10002.dt,2026-08-11,False,public labelled or organized dataset; labels are visible before prediction freeze
zenodo_14637589,10.5281/zenodo.14637589,cc-by-4.0,zenodo_14637589_00464,pipe,pipe,190321A.MIS,pipe/190321A.MIS,pipe/190321A.MIS,ROHDATA,.dat,raw_gpr_trace,raw_trace,1182056,e08c29419938ede5bcec780a5234b04886a6c377a49f0d105e73e8ac5f8fc287,pipe/190321A.MIS/190321AB.ZON/4/ROHDATA/YP000000.DAT,external_assets/zenodo_gpr_14637589/extracted/Data Set/pipe/190321A.MIS/190321AB.ZON/4/ROHDATA/YP000000.DAT,<LOCAL_DATA_ROOT>\external_assets\zenodo_gpr_14637589\extracted\Data Set\pipe\190321A.MIS\190321AB.ZON\4\ROHDATA\YP000000.DAT,2026-08-11,False,public labelled or organized dataset; labels are visible before prediction freeze
zenodo_14637589,10.5281/zenodo.14637589,cc-by-4.0,zenodo_14637589_00465,pipe,pipe,190321A.MIS,pipe/190321A.MIS,pipe/190321A.MIS,190321AB.ZON,.dt,raw_gpr_trace,raw_trace,1201300,885fc8bcdb5b7a8282e376d9527aa019e804eb20c36bd64788dcdef3556634f3,pipe/190321A.MIS/190321AB.ZON/LID10002.dt,external_assets/zenodo_gpr_14637589/extracted/Data Set/pipe/190321A.MIS/190321AB.ZON/LID10002.dt,<LOCAL_DATA_ROOT>\external_assets\zenodo_gpr_14637589\extracted\Data Set\pipe\190321A.MIS\190321AB.ZON\LID10002.dt,2026-08-11,False,public labelled or organized dataset; labels are visible before prediction freeze
zenodo_14637589,10.5281/zenodo.14637589,cc-by-4.0,zenodo_14637589_00466,pipe,pipe,190321A.MIS,pipe/190321A.MIS,pipe/190321A.MIS,190321AC.ZON,.dt,raw_gpr_trace,raw_trace,1488300,6ff1fcf80c85fa7b741a4cd5c3ae247a60cd47fbfd6f6bbf12fc251e3e99f120,pipe/190321A.MIS/190321AC.ZON/LID10003.dt,external_assets/zenodo_gpr_14637589/extracted/Data Set/pipe/190321A.MIS/190321AC.ZON/LID10003.dt,<LOCAL_DATA_ROOT>\external_assets\zenodo_gpr_14637589\extracted\Data Set\pipe\190321A.MIS\190321AC.ZON\LID10003.dt,2026-08-11,False,public labelled or organized dataset; labels are visible before prediction freeze
zenodo_14637589,10.5281/zenodo.14637589,cc-by-4.0,zenodo_14637589_00467,pipe,pipe,190321A.MIS,pipe/190321A.MIS,pipe/190321A.MIS,190321AD.ZON,.dt,raw_gpr_trace,raw_trace,158312,aa19ee05944b8da5d30f49c59a3aa13708dc24c21b67866a896c220ac3cc9fe7,pipe/190321A.MIS/190321AD.ZON/LID10001.dt,external_assets/zenodo_gpr_14637589/extracted/Data Set/pipe/190321A.MIS/190321AD.ZON/LID10001.dt,<LOCAL_DATA_ROOT>\external_assets\zenodo_gpr_14637589\extracted\Data Set\pipe\190321A.MIS\190321AD.ZON\LID10001.dt,2026-08-11,False,public labelled or organized dataset; labels are visible before prediction freeze
zenodo_14637589,10.5281/zenodo.14637589,cc-by-4.0,zenodo_14637589_00468,pipe,pipe,190321A.MIS,pipe/190321A.MIS,pipe/190321A.MIS,190321AD.ZON,.dt,raw_gpr_trace,raw_trace,206628,e9cd29a138e3843b5cb80ce1d8f69d21927f4bb49369dc5bd9b6a41520078bd6,pipe/190321A.MIS/190321AD.ZON/LID10002.dt,external_assets/zenodo_gpr_14637589/extracted/Data Set/pipe/190321A.MIS/190321AD.ZON/LID10002.dt,<LOCAL_DATA_ROOT>\external_assets\zenodo_gpr_14637589\extracted\Data Set\pipe\190321A.MIS\190321AD.ZON\LID10002.dt,2026-08-11,False,public labelled or organized dataset; labels are visible before prediction freeze
zenodo_14637589,10.5281/zenodo.14637589,cc-by-4.0,zenodo_14637589_00469,pipe,pipe,190321A.MIS,pipe/190321A.MIS,pipe/190321A.MIS,190321AE.ZON,.dt,raw_gpr_trace,raw_trace,151116,25dc0c368ee1042f425b1c005ff11874338b549510ae1080c2bc458d77a1b52e,pipe/190321A.MIS/190321AE.ZON/LID10001.dt,external_assets/zenodo_gpr_14637589/extracted/Data Set/pipe/190321A.MIS/190321AE.ZON/LID10001.dt,<LOCAL_DATA_ROOT>\external_assets\zenodo_gpr_14637589\extracted\Data Set\pipe\190321A.MIS\190321AE.ZON\LID10001.dt,2026-08-11,False,public labelled or organized dataset; labels are visible before prediction freeze
zenodo_14637589,10.5281/zenodo.14637589,cc-by-4.0,zenodo_14637589_00470,pipe,pipe,190321A.MIS,pipe/190321A.MIS,pipe/190321A.MIS,190321AE.ZON,.dt,raw_gpr_trace,raw_trace,171676,e7ba0300496455e0bd6cd9b87df7347b1a4c5a30205a75cbcac3ffcfd6ceac2e,pipe/190321A.MIS/190321AE.ZON/LID10002.dt,external_assets/zenodo_gpr_14637589/extracted/Data Set/pipe/190321A.MIS/190321AE.ZON/LID10002.dt,<LOCAL_DATA_ROOT>\external_assets\zenodo_gpr_14637589\extracted\Data Set\pipe\190321A.MIS\190321AE.ZON\LID10002.dt,2026-08-11,False,public labelled or organized dataset; labels are visible before prediction freeze
zenodo_14637589,10.5281/zenodo.14637589,cc-by-4.0,zenodo_14637589_00471,pipe,pipe,190321A.MIS,pipe/190321A.MIS,pipe/190321A.MIS,190321AF.ZON,.dt,raw_gpr_trace,raw_trace,179900,a3cd1c30d08e97dad6b21d2a3990d573ecf78cc61366c920a0cc6c88612b393b,pipe/190321A.MIS/190321AF.ZON/LID10001.dt,external_assets/zenodo_gpr_14637589/extracted/Data Set/pipe/190321A.MIS/190321AF.ZON/LID10001.dt,<LOCAL_DATA_ROOT>\external_assets\zenodo_gpr_14637589\extracted\Data Set\pipe\190321A.MIS\190321AF.ZON\LID10001.dt,2026-08-11,False,public labelled or organized dataset; labels are visible before prediction freeze
zenodo_14637589,10.5281/zenodo.14637589,cc-by-4.0,zenodo_14637589_00472,pipe,pipe,190321A.MIS,pipe/190321A.MIS,pipe/190321A.MIS,190321AF.ZON,.dt,raw_gpr_trace,raw_trace,144948,c8c3a5a1885850973ee2b89f018c46d7f6ad74ab69af62cf8e7e5b5b7b66b6e9,pipe/190321A.MIS/190321AF.ZON/LID10002.dt,external_assets/zenodo_gpr_14637589/extracted/Data Set/pipe/190321A.MIS/190321AF.ZON/LID10002.dt,<LOCAL_DATA_ROOT>\external_assets\zenodo_gpr_14637589\extracted\Data Set\pipe\190321A.MIS\190321AF.ZON\LID10002.dt,2026-08-11,False,public labelled or organized dataset; labels are visible before prediction freeze
zenodo_14637589,10.5281/zenodo.14637589,cc-by-4.0,zenodo_14637589_00473,pipe,pipe,190321A.MIS,pipe/190321A.MIS,pipe/190321A.MIS,190321AG.ZON,.dt,raw_gpr_trace,raw_trace,201488,1847ef02c03cb842eb0b224bc104ae63c81051154ecc353a07529de96c44aec8,pipe/190321A.MIS/190321AG.ZON/LID10001.dt,external_assets/zenodo_gpr_14637589/extracted/Data Set/pipe/190321A.MIS/190321AG.ZON/LID10001.dt,<LOCAL_DATA_ROOT>\external_assets\zenodo_gpr_14637589\extracted\Data Set\pipe\190321A.MIS\190321AG.ZON\LID10001.dt,2026-08-11,False,public labelled or organized dataset; labels are visible before prediction freeze
zenodo_14637589,10.5281/zenodo.14637589,cc-by-4.0,zenodo_14637589_00474,pipe,pipe,190321A.MIS,pipe/190321A.MIS,pipe/190321A.MIS,190321AG.ZON,.dt,raw_gpr_trace,raw_trace,206628,ab3129aa29e4a1bc075f9bca215c0a00210825f38b67f40c9c1569ca27ef8210,pipe/190321A.MIS/190321AG.ZON/LID10002.dt,external_assets/zenodo_gpr_14637589/extracted/Data Set/pipe/190321A.MIS/190321AG.ZON/LID10002.dt,<LOCAL_DATA_ROOT>\external_assets\zenodo_gpr_14637589\extracted\Data Set\pipe\190321A.MIS\190321AG.ZON\LID10002.dt,2026-08-11,False,public labelled or organized dataset; labels are visible before prediction freeze
zenodo_14637589,10.5281/zenodo.14637589,cc-by-4.0,zenodo_14637589_00475,pipe,pipe,190321A.MIS,pipe/190321A.MIS,pipe/190321A.MIS,190321AG.ZON,.dt,raw_gpr_trace,raw_trace,121304,89d68fc373935941b32743a6f3ba741fecf34c5bc2980fb1b42779a2127264b4,pipe/190321A.MIS/190321AG.ZON/LID10003.dt,external_assets/zenodo_gpr_14637589/extracted/Data Set/pipe/190321A.MIS/190321AG.ZON/LID10003.dt,<LOCAL_DATA_ROOT>\external_assets\zenodo_gpr_14637589\extracted\Data Set\pipe\190321A.MIS\190321AG.ZON\LID10003.dt,2026-08-11,False,public labelled or organized dataset; labels are visible before prediction freeze
zenodo_14637589,10.5281/zenodo.14637589,cc-by-4.0,zenodo_14637589_00476,pipe,pipe,190321A.MIS,pipe/190321A.MIS,pipe/190321A.MIS,190321AH.ZON,.dt,raw_gpr_trace,raw_trace,3198000,abd34bc7bc55f25bfae27504d4a8cc884719abb9366e92d6f30ad4d8bee6c052,pipe/190321A.MIS/190321AH.ZON/LID10001.dt,external_assets/zenodo_gpr_14637589/extracted/Data Set/pipe/190321A.MIS/190321AH.ZON/LID10001.dt,<LOCAL_DATA_ROOT>\external_assets\zenodo_gpr_14637589\extracted\Data Set\pipe\190321A.MIS\190321AH.ZON\LID10001.dt,2026-08-11,False,public labelled or organized dataset; labels are visible before prediction freeze
zenodo_14637589,10.5281/zenodo.14637589,cc-by-4.0,zenodo_14637589_00477,pipe,pipe,190321A.MIS,pipe/190321A.MIS,pipe/190321A.MIS,190321AH.ZON,.dt,raw_gpr_trace,raw_trace,3899100,73e11c518482983f1cf8d6184a0443f5d73f393a0805d4addf22f50e72936136,pipe/190321A.MIS/190321AH.ZON/LID10002.dt,external_assets/zenodo_gpr_14637589/extracted/Data Set/pipe/190321A.MIS/190321AH.ZON/LID10002.dt,<LOCAL_DATA_ROOT>\external_assets\zenodo_gpr_14637589\extracted\Data Set\pipe\190321A.MIS\190321AH.ZON\LID10002.dt,2026-08-11,False,public labelled or organized dataset; labels are visible before prediction freeze
zenodo_14637589,10.5281/zenodo.14637589,cc-by-4.0,zenodo_14637589_00478,pipe,pipe,190321A.MIS,pipe/190321A.MIS,pipe/190321A.MIS,190321AH.ZON,.dt,raw_gpr_trace,raw_trace,2874100,bf28523746df04172768a2b7523728b465dfb0574ba29275f0fa2e1c0a591398,pipe/190321A.MIS/190321AH.ZON/LID10003.dt,external_assets/zenodo_gpr_14637589/extracted/Data Set/pipe/190321A.MIS/190321AH.ZON/LID10003.dt,<LOCAL_DATA_ROOT>\external_assets\zenodo_gpr_14637589\extracted\Data Set\pipe\190321A.MIS\190321AH.ZON\LID10003.dt,2026-08-11,False,public labelled or organized dataset; labels are visible before prediction freeze
zenodo_14637589,10.5281/zenodo.14637589,cc-by-4.0,zenodo_14637589_00479,pipe,pipe,190321A.MIS,pipe/190321A.MIS,pipe/190321A.MIS,190321AI.ZON,.dt,raw_gpr_trace,raw_trace,160368,34960b4739dfa3037a28d8aebdf5d26c05d733aa3dae15c07623d34012a172c2,pipe/190321A.MIS/190321AI.ZON/LID10001.dt,external_assets/zenodo_gpr_14637589/extracted/Data Set/pipe/190321A.MIS/190321AI.ZON/LID10001.dt,<LOCAL_DATA_ROOT>\external_assets\zenodo_gpr_14637589\extracted\Data Set\pipe\190321A.MIS\190321AI.ZON\LID10001.dt,2026-08-11,False,public labelled or organized dataset; labels are visible before prediction freeze
zenodo_14637589,10.5281/zenodo.14637589,cc-by-4.0,zenodo_14637589_00480,pipe,pipe,190321A.MIS,pipe/190321A.MIS,pipe/190321A.MIS,190321AI.ZON,.dt,raw_gpr_trace,raw_trace,154200,8897fa6904849825eaa096e5b40a0ce473fe1230f88178e8177d6e13ea765ab3,pipe/190321A.MIS/190321AI.ZON/LID10002.dt,external_assets/zenodo_gpr_14637589/extracted/Data Set/pipe/190321A.MIS/190321AI.ZON/LID10002.dt,<LOCAL_DATA_ROOT>\external_assets\zenodo_gpr_14637589\extracted\Data Set\pipe\190321A.MIS\190321AI.ZON\LID10002.dt,2026-08-11,False,public labelled or organized dataset; labels are visible before prediction freeze
zenodo_14637589,10.5281/zenodo.14637589,cc-by-4.0,zenodo_14637589_00481,pipe,pipe,190321A.MIS,pipe/190321A.MIS,pipe/190321A.MIS,190321AJ.ZON,.dt,raw_gpr_trace,raw_trace,133640,8f41dd469365aa760b92dbddf381939ac03a567963c2792977c23e19fbdeb46e,pipe/190321A.MIS/190321AJ.ZON/LID10001.dt,external_assets/zenodo_gpr_14637589/extracted/Data Set/pipe/190321A.MIS/190321AJ.ZON/LID10001.dt,<LOCAL_DATA_ROOT>\external_assets\zenodo_gpr_14637589\extracted\Data Set\pipe\190321A.MIS\190321AJ.ZON\LID10001.dt,2026-08-11,False,public labelled or organized dataset; labels are visible before prediction freeze
zenodo_14637589,10.5281/zenodo.14637589,cc-by-4.0,zenodo_14637589_00482,pipe,pipe,190321A.MIS,pipe/190321A.MIS,pipe/190321A.MIS,190321AJ.ZON,.dt,raw_gpr_trace,raw_trace,127472,18fe8d32938bd9e07035ac00dbcdec5b6d82ec91eb807e08fc90bb7a94fc74d1,pipe/190321A.MIS/190321AJ.ZON/LID10002.dt,external_assets/zenodo_gpr_14637589/extracted/Data Set/pipe/190321A.MIS/190321AJ.ZON/LID10002.dt,<LOCAL_DATA_ROOT>\external_assets\zenodo_gpr_14637589\extracted\Data Set\pipe\190321A.MIS\190321AJ.ZON\LID10002.dt,2026-08-11,False,public labelled or organized dataset; labels are visible before prediction freeze
zenodo_14637589,10.5281/zenodo.14637589,cc-by-4.0,zenodo_14637589_00483,pipe,pipe,190321A.MIS,pipe/190321A.MIS,pipe/190321A.MIS,190321AJ.ZON,.dt,raw_gpr_trace,raw_trace,135696,65bf80896920a2947c6f955d18416905b1d17b9f3d5a29e472960a89320efff6,pipe/190321A.MIS/190321AJ.ZON/LID10003.dt,external_assets/zenodo_gpr_14637589/extracted/Data Set/pipe/190321A.MIS/190321AJ.ZON/LID10003.dt,<LOCAL_DATA_ROOT>\external_assets\zenodo_gpr_14637589\extracted\Data Set\pipe\190321A.MIS\190321AJ.ZON\LID10003.dt,2026-08-11,False,public labelled or organized dataset; labels are visible before prediction freeze
zenodo_14637589,10.5281/zenodo.14637589,cc-by-4.0,zenodo_14637589_00484,pipe,pipe,190321AA.ZON,pipe/190321AA.ZON,pipe/190321AA.ZON,190321AA.ZON,.rd3,raw_gpr_trace,raw_trace,121856,a85887f35bd6ba27588492a13ce29d33c5b32f77f543bfaba5a2035946e28b15,pipe/190321AA.ZON/LID10001.RD3,external_assets/zenodo_gpr_14637589/extracted/Data Set/pipe/190321AA.ZON/LID10001.RD3,<LOCAL_DATA_ROOT>\external_assets\zenodo_gpr_14637589\extracted\Data Set\pipe\190321AA.ZON\LID10001.RD3,2026-08-11,False,public labelled or organized dataset; labels are visible before prediction freeze
zenodo_14637589,10.5281/zenodo.14637589,cc-by-4.0,zenodo_14637589_00485,pipe,pipe,190321AA.ZON,pipe/190321AA.ZON,pipe/190321AA.ZON,190321AA.ZON,.rd3,raw_gpr_trace,raw_trace,122880,393bc57b63e942e19e8c30b778c52bcee63c57b44f7e3a90732b5cc3020f9f33,pipe/190321AA.ZON/LID10002.RD3,external_assets/zenodo_gpr_14637589/extracted/Data Set/pipe/190321AA.ZON/LID10002.RD3,<LOCAL_DATA_ROOT>\external_assets\zenodo_gpr_14637589\extracted\Data Set\pipe\190321AA.ZON\LID10002.RD3,2026-08-11,False,public labelled or organized dataset; labels are visible before prediction freeze
zenodo_14637589,10.5281/zenodo.14637589,cc-by-4.0,zenodo_14637589_00486,pipe,pipe,190321AA.ZON,pipe/190321AA.ZON,pipe/190321AA.ZON,190321AA.ZON,.rd3,raw_gpr_trace,raw_trace,110592,a96b82063c7636b6ce08ab4e20f84399219775f938510dd8d71235d9623f4b27,pipe/190321AA.ZON/LID10003.RD3,external_assets/zenodo_gpr_14637589/extracted/Data Set/pipe/190321AA.ZON/LID10003.RD3,<LOCAL_DATA_ROOT>\external_assets\zenodo_gpr_14637589\extracted\Data Set\pipe\190321AA.ZON\LID10003.RD3,2026-08-11,False,public labelled or organized dataset; labels are visible before prediction freeze
zenodo_14637589,10.5281/zenodo.14637589,cc-by-4.0,zenodo_14637589_00487,pipe,pipe,2020wate.MIS,pipe/2020wate.MIS,pipe/2020wate.MIS,200112AA.ZON,.dt,raw_gpr_trace,raw_trace,12288,65fc9d1b331c1e0441c52877edfaa3105d29287eb28ec8e69c7575251c570438,pipe/2020wate.MIS/200112AA.ZON/LID10001.dt,external_assets/zenodo_gpr_14637589/extracted/Data Set/pipe/2020wate.MIS/200112AA.ZON/LID10001.dt,<LOCAL_DATA_ROOT>\external_assets\zenodo_gpr_14637589\extracted\Data Set\pipe\2020wate.MIS\200112AA.ZON\LID10001.dt,2026-08-11,False,public labelled or organized dataset; labels are visible before prediction freeze
zenodo_14637589,10.5281/zenodo.14637589,cc-by-4.0,zenodo_14637589_00488,pipe,pipe,2020wate.MIS,pipe/2020wate.MIS,pipe/2020wate.MIS,200112AB.ZON,.dt,raw_gpr_trace,raw_trace,295036,4a4754e767dfd595fb3f10dd4fdcc4db99d71197d0faff5942b14ac6439ae9d5,pipe/2020wate.MIS/200112AB.ZON/LID10001.dt,external_assets/zenodo_gpr_14637589/extracted/Data Set/pipe/2020wate.MIS/200112AB.ZON/LID10001.dt,<LOCAL_DATA_ROOT>\external_assets\zenodo_gpr_14637589\extracted\Data Set\pipe\2020wate.MIS\200112AB.ZON\LID10001.dt,2026-08-11,False,public labelled or organized dataset; labels are visible before prediction freeze
zenodo_14637589,10.5281/zenodo.14637589,cc-by-4.0,zenodo_14637589_00489,pipe,pipe,2020wate.MIS,pipe/2020wate.MIS,pipe/2020wate.MIS,200112AB.ZON,.dt,raw_gpr_trace,raw_trace,396808,a2e46520eccf315cba0ad2c6a00f6908cfe991d78353e532b5a1c9861a4c293d,pipe/2020wate.MIS/200112AB.ZON/LID10002.dt,external_assets/zenodo_gpr_14637589/extracted/Data Set/pipe/2020wate.MIS/200112AB.ZON/LID10002.dt,<LOCAL_DATA_ROOT>\external_assets\zenodo_gpr_14637589\extracted\Data Set\pipe\2020wate.MIS\200112AB.ZON\LID10002.dt,2026-08-11,False,public labelled or organized dataset; labels are visible before prediction freeze
zenodo_14637589,10.5281/zenodo.14637589,cc-by-4.0,zenodo_14637589_00490,pipe,pipe,2020wate.MIS,pipe/2020wate.MIS,pipe/2020wate.MIS,200112AB.ZON,.dt,raw_gpr_trace,raw_trace,294008,ba259e3139eb455add15100b472f4b80f522f0b90e82930c0ca269d8e749ea20,pipe/2020wate.MIS/200112AB.ZON/LID10003.dt,external_assets/zenodo_gpr_14637589/extracted/Data Set/pipe/2020wate.MIS/200112AB.ZON/LID10003.dt,<LOCAL_DATA_ROOT>\external_assets\zenodo_gpr_14637589\extracted\Data Set\pipe\2020wate.MIS\200112AB.ZON\LID10003.dt,2026-08-11,False,public labelled or organized dataset; labels are visible before prediction freeze
zenodo_14637589,10.5281/zenodo.14637589,cc-by-4.0,zenodo_14637589_00491,pipe,pipe,2020wate.MIS,pipe/2020wate.MIS,pipe/2020wate.MIS,200112AB.ZON,.dt,raw_gpr_trace,raw_trace,12288,e9c9d8724c83ad4a7f84bda8ed3b539fb3b77b347e4b6409845be84d2ec2be6e,pipe/2020wate.MIS/200112AB.ZON/LID10004.dt,external_assets/zenodo_gpr_14637589/extracted/Data Set/pipe/2020wate.MIS/200112AB.ZON/LID10004.dt,<LOCAL_DATA_ROOT>\external_assets\zenodo_gpr_14637589\extracted\Data Set\pipe\2020wate.MIS\200112AB.ZON\LID10004.dt,2026-08-11,False,public labelled or organized dataset; labels are visible before prediction freeze
zenodo_14637589,10.5281/zenodo.14637589,cc-by-4.0,zenodo_14637589_00492,pipe,pipe,2020wate.MIS,pipe/2020wate.MIS,pipe/2020wate.MIS,200112AB.ZON,.dt,raw_gpr_trace,raw_trace,12288,e33459717db1f0323cd901e691fee6369f01d6e6461c7e33b81bbfc7ac1fcfdc,pipe/2020wate.MIS/200112AB.ZON/LID10005.dt,external_assets/zenodo_gpr_14637589/extracted/Data Set/pipe/2020wate.MIS/200112AB.ZON/LID10005.dt,<LOCAL_DATA_ROOT>\external_assets\zenodo_gpr_14637589\extracted\Data Set\pipe\2020wate.MIS\200112AB.ZON\LID10005.dt,2026-08-11,False,public labelled or organized dataset; labels are visible before prediction freeze
zenodo_14637589,10.5281/zenodo.14637589,cc-by-4.0,zenodo_14637589_00493,pipe,pipe,2020wate.MIS,pipe/2020wate.MIS,pipe/2020wate.MIS,200112AC.ZON,.dt,raw_gpr_trace,raw_trace,258028,0d58e3a1a0535ca37db531a1e7a54f3914afbee017477ff9e873de9a6271c47c,pipe/2020wate.MIS/200112AC.ZON/LID10001.dt,external_assets/zenodo_gpr_14637589/extracted/Data Set/pipe/2020wate.MIS/200112AC.ZON/LID10001.dt,<LOCAL_DATA_ROOT>\external_assets\zenodo_gpr_14637589\extracted\Data Set\pipe\2020wate.MIS\200112AC.ZON\LID10001.dt,2026-08-11,False,public labelled or organized dataset; labels are visible before prediction freeze
zenodo_14637589,10.5281/zenodo.14637589,cc-by-4.0,zenodo_14637589_00494,pipe,pipe,2020wate.MIS,pipe/2020wate.MIS,pipe/2020wate.MIS,200112AC.ZON,.dt,raw_gpr_trace,raw_trace,303260,1f8e60725b21ac893f19ba4926d3d001eeda0e7b91255c7ca3b97366a82293ae,pipe/2020wate.MIS/200112AC.ZON/LID10002.dt,external_assets/zenodo_gpr_14637589/extracted/Data Set/pipe/2020wate.MIS/200112AC.ZON/LID10002.dt,<LOCAL_DATA_ROOT>\external_assets\zenodo_gpr_14637589\extracted\Data Set\pipe\2020wate.MIS\200112AC.ZON\LID10002.dt,2026-08-11,False,public labelled or organized dataset; labels are visible before prediction freeze
zenodo_14637589,10.5281/zenodo.14637589,cc-by-4.0,zenodo_14637589_00495,pipe,pipe,2020wate.MIS,pipe/2020wate.MIS,pipe/2020wate.MIS,200112AC.ZON,.dt,raw_gpr_trace,raw_trace,243636,f9b3228fb2b5dbf264088349853af2e1c62ea529a82365fc8636dbcb54332063,pipe/2020wate.MIS/200112AC.ZON/LID10003.dt,external_assets/zenodo_gpr_14637589/extracted/Data Set/pipe/2020wate.MIS/200112AC.ZON/LID10003.dt,<LOCAL_DATA_ROOT>\external_assets\zenodo_gpr_14637589\extracted\Data Set\pipe\2020wate.MIS\200112AC.ZON\LID10003.dt,2026-08-11,False,public labelled or organized dataset; labels are visible before prediction freeze
zenodo_14637589,10.5281/zenodo.14637589,cc-by-4.0,zenodo_14637589_00496,pipe,pipe,2020wate.MIS,pipe/2020wate.MIS,pipe/2020wate.MIS,200112AC.ZON,.dt,raw_gpr_trace,raw_trace,235412,39cd3bf331aa1c83166191ddaab059e876599f3976f5e9fc4bcbf8e0fb9c67dc,pipe/2020wate.MIS/200112AC.ZON/LID10004.dt,external_assets/zenodo_gpr_14637589/extracted/Data Set/pipe/2020wate.MIS/200112AC.ZON/LID10004.dt,<LOCAL_DATA_ROOT>\external_assets\zenodo_gpr_14637589\extracted\Data Set\pipe\2020wate.MIS\200112AC.ZON\LID10004.dt,2026-08-11,False,public labelled or organized dataset; labels are visible before prediction freeze
zenodo_14637589,10.5281/zenodo.14637589,cc-by-4.0,zenodo_14637589_00497,pipe,pipe,2020wate.MIS,pipe/2020wate.MIS,pipe/2020wate.MIS,200112AC.ZON,.dt,raw_gpr_trace,raw_trace,280644,534ec433b49ab1336d9cba6a1c79cfe79c70a5d24f43f536f442cef47250110a,pipe/2020wate.MIS/200112AC.ZON/LID10005.dt,external_assets/zenodo_gpr_14637589/extracted/Data Set/pipe/2020wate.MIS/200112AC.ZON/LID10005.dt,<LOCAL_DATA_ROOT>\external_assets\zenodo_gpr_14637589\extracted\Data Set\pipe\2020wate.MIS\200112AC.ZON\LID10005.dt,2026-08-11,False,public labelled or organized dataset; labels are visible before prediction freeze
zenodo_14637589,10.5281/zenodo.14637589,cc-by-4.0,zenodo_14637589_00498,pipe,pipe,2020wate.MIS,pipe/2020wate.MIS,pipe/2020wate.MIS,200112AC.ZON,.dt,raw_gpr_trace,raw_trace,280644,17e1ff32b6daa9bdb6eb10d3eaffb41f0511f90e3fdaacf2644262f5499cae7c,pipe/2020wate.MIS/200112AC.ZON/LID10006.dt,external_assets/zenodo_gpr_14637589/extracted/Data Set/pipe/2020wate.MIS/200112AC.ZON/LID10006.dt,<LOCAL_DATA_ROOT>\external_assets\zenodo_gpr_14637589\extracted\Data Set\pipe\2020wate.MIS\200112AC.ZON\LID10006.dt,2026-08-11,False,public labelled or organized dataset; labels are visible before prediction freeze
zenodo_14637589,10.5281/zenodo.14637589,cc-by-4.0,zenodo_14637589_00499,pipe,pipe,2020wate.MIS,pipe/2020wate.MIS,pipe/2020wate.MIS,200112AC.ZON,.dt,raw_gpr_trace,raw_trace,202516,d28bf54b7a16ed4b9609c641e67e8e3b96a8dbd6c4d24e95884e056a13a81cda,pipe/2020wate.MIS/200112AC.ZON/LID10007.dt,external_assets/zenodo_gpr_14637589/extracted/Data Set/pipe/2020wate.MIS/200112AC.ZON/LID10007.dt,<LOCAL_DATA_ROOT>\external_assets\zenodo_gpr_14637589\extracted\Data Set\pipe\2020wate.MIS\200112AC.ZON\LID10007.dt,2026-08-11,False,public labelled or organized dataset; labels are visible before prediction freeze
zenodo_14637589,10.5281/zenodo.14637589,cc-by-4.0,zenodo_14637589_00500,pipe,pipe,2020wate.MIS,pipe/2020wate.MIS,pipe/2020wate.MIS,200112AC.ZON,.dt,raw_gpr_trace,raw_trace,219992,964c963cc5987d84e768b25741d4e1ea38d4997595ea417c288ab022cd627749,pipe/2020wate.MIS/200112AC.ZON/LID10008.dt,external_assets/zenodo_gpr_14637589/extracted/Data Set/pipe/2020wate.MIS/200112AC.ZON/LID10008.dt,<LOCAL_DATA_ROOT>\external_assets\zenodo_gpr_14637589\extracted\Data Set\pipe\2020wate.MIS\200112AC.ZON\LID10008.dt,2026-08-11,False,public labelled or organized dataset; labels are visible before prediction freeze
zenodo_14637589,10.5281/zenodo.14637589,cc-by-4.0,zenodo_14637589_00501,pipe,pipe,2020wate.MIS,pipe/2020wate.MIS,pipe/2020wate.MIS,200112AC.ZON,.dt,raw_gpr_trace,raw_trace,234384,1c90a00e5b392ab9c908d0df92a3e7de4da9a84f514c253e207cfaad76f0edf0,pipe/2020wate.MIS/200112AC.ZON/LID10009.dt,external_assets/zenodo_gpr_14637589/extracted/Data Set/pipe/2020wate.MIS/200112AC.ZON/LID10009.dt,<LOCAL_DATA_ROOT>\external_assets\zenodo_gpr_14637589\extracted\Data Set\pipe\2020wate.MIS\200112AC.ZON\LID10009.dt,2026-08-11,False,public labelled or organized dataset; labels are visible before prediction freeze
zenodo_14637589,10.5281/zenodo.14637589,cc-by-4.0,zenodo_14637589_00502,pipe,pipe,2020wate.MIS,pipe/2020wate.MIS,pipe/2020wate.MIS,200112AC.ZON,.dt,raw_gpr_trace,raw_trace,260084,0bf3fc82475fdcfc74e99efa562768cadaadcdc5b28474e8f671d4dd95e7ce8e,pipe/2020wate.MIS/200112AC.ZON/LID10010.dt,external_assets/zenodo_gpr_14637589/extracted/Data Set/pipe/2020wate.MIS/200112AC.ZON/LID10010.dt,<LOCAL_DATA_ROOT>\external_assets\zenodo_gpr_14637589\extracted\Data Set\pipe\2020wate.MIS\200112AC.ZON\LID10010.dt,2026-08-11,False,public labelled or organized dataset; labels are visible before prediction freeze
zenodo_14637589,10.5281/zenodo.14637589,cc-by-4.0,zenodo_14637589_00503,pipe,pipe,2020wate.MIS,pipe/2020wate.MIS,pipe/2020wate.MIS,200112AC.ZON,.dt,raw_gpr_trace,raw_trace,215880,7356a4134f137d345bce4f6786851cee584caf0d70a87613397efd310b0f835d,pipe/2020wate.MIS/200112AC.ZON/LID10011.dt,external_assets/zenodo_gpr_14637589/extracted/Data Set/pipe/2020wate.MIS/200112AC.ZON/LID10011.dt,<LOCAL_DATA_ROOT>\external_assets\zenodo_gpr_14637589\extracted\Data Set\pipe\2020wate.MIS\200112AC.ZON\LID10011.dt,2026-08-11,False,public labelled or organized dataset; labels are visible before prediction freeze
zenodo_14637589,10.5281/zenodo.14637589,cc-by-4.0,zenodo_14637589_00504,pipe,pipe,2020wate.MIS,pipe/2020wate.MIS,pipe/2020wate.MIS,200112AC.ZON,.dt,raw_gpr_trace,raw_trace,274476,d2a800d718f76582cddfe18475ac303905dccf77d69a4fcda51bc1d08d67852c,pipe/2020wate.MIS/200112AC.ZON/LID10012.dt,external_assets/zenodo_gpr_14637589/extracted/Data Set/pipe/2020wate.MIS/200112AC.ZON/LID10012.dt,<LOCAL_DATA_ROOT>\external_assets\zenodo_gpr_14637589\extracted\Data Set\pipe\2020wate.MIS\200112AC.ZON\LID10012.dt,2026-08-11,False,public labelled or organized dataset; labels are visible before prediction freeze
zenodo_14637589,10.5281/zenodo.14637589,cc-by-4.0,zenodo_14637589_00505,pipe,pipe,2020wate.MIS,pipe/2020wate.MIS,pipe/2020wate.MIS,200112AC.ZON,.dt,raw_gpr_trace,raw_trace,259056,6ac4428a50693102160d05cf37506730c216368fe6eab846c879ab0518080ed7,pipe/2020wate.MIS/200112AC.ZON/LID10013.dt,external_assets/zenodo_gpr_14637589/extracted/Data Set/pipe/2020wate.MIS/200112AC.ZON/LID10013.dt,<LOCAL_DATA_ROOT>\external_assets\zenodo_gpr_14637589\extracted\Data Set\pipe\2020wate.MIS\200112AC.ZON\LID10013.dt,2026-08-11,False,public labelled or organized dataset; labels are visible before prediction freeze
zenodo_14637589,10.5281/zenodo.14637589,cc-by-4.0,zenodo_14637589_00506,pipe,pipe,2020wate.MIS,pipe/2020wate.MIS,pipe/2020wate.MIS,200112AC.ZON,.dt,raw_gpr_trace,raw_trace,201488,42179190d008d493cbc8ed6414c1b716daa882d2f129d1dc9b4bcfd053fdebe7,pipe/2020wate.MIS/200112AC.ZON/LID10014.dt,external_assets/zenodo_gpr_14637589/extracted/Data Set/pipe/2020wate.MIS/200112AC.ZON/LID10014.dt,<LOCAL_DATA_ROOT>\external_assets\zenodo_gpr_14637589\extracted\Data Set\pipe\2020wate.MIS\200112AC.ZON\LID10014.dt,2026-08-11,False,public labelled or organized dataset; labels are visible before prediction freeze
zenodo_14637589,10.5281/zenodo.14637589,cc-by-4.0,zenodo_14637589_00507,pipe,pipe,2020wate.MIS,pipe/2020wate.MIS,pipe/2020wate.MIS,200112AC.ZON,.dt,raw_gpr_trace,raw_trace,171676,2fdfea1a2eaa69c540481395edc7b2003000b16182c68a98e6283b3b2a7c6309,pipe/2020wate.MIS/200112AC.ZON/LID10015.dt,external_assets/zenodo_gpr_14637589/extracted/Data Set/pipe/2020wate.MIS/200112AC.ZON/LID10015.dt,<LOCAL_DATA_ROOT>\external_assets\zenodo_gpr_14637589\extracted\Data Set\pipe\2020wate.MIS\200112AC.ZON\LID10015.dt,2026-08-11,False,public labelled or organized dataset; labels are visible before prediction freeze
zenodo_14637589,10.5281/zenodo.14637589,cc-by-4.0,zenodo_14637589_00508,pipe,pipe,2020wate.MIS,pipe/2020wate.MIS,pipe/2020wate.MIS,200112AC.ZON,.dt,raw_gpr_trace,raw_trace,185040,fd10b911e35cc74c91a98ab9dc8f77899d9eb7233e7004f21d04f7e10ba3e50b,pipe/2020wate.MIS/200112AC.ZON/LID10016.dt,external_assets/zenodo_gpr_14637589/extracted/Data Set/pipe/2020wate.MIS/200112AC.ZON/LID10016.dt,<LOCAL_DATA_ROOT>\external_assets\zenodo_gpr_14637589\extracted\Data Set\pipe\2020wate.MIS\200112AC.ZON\LID10016.dt,2026-08-11,False,public labelled or organized dataset; labels are visible before prediction freeze
zenodo_14637589,10.5281/zenodo.14637589,cc-by-4.0,zenodo_14637589_00509,pipe,pipe,2020wate.MIS,pipe/2020wate.MIS,pipe/2020wate.MIS,200112AC.ZON,.dt,raw_gpr_trace,raw_trace,197376,08971ba19aeb15661fd6fdfe50afa38042f3f28d96766e265fc37a4ad7b8ea10,pipe/2020wate.MIS/200112AC.ZON/LID10017.dt,external_assets/zenodo_gpr_14637589/extracted/Data Set/pipe/2020wate.MIS/200112AC.ZON/LID10017.dt,<LOCAL_DATA_ROOT>\external_assets\zenodo_gpr_14637589\extracted\Data Set\pipe\2020wate.MIS\200112AC.ZON\LID10017.dt,2026-08-11,False,public labelled or organized dataset; labels are visible before prediction freeze
zenodo_14637589,10.5281/zenodo.14637589,cc-by-4.0,zenodo_14637589_00510,pipe,pipe,2020wate.MIS,pipe/2020wate.MIS,pipe/2020wate.MIS,200112AC.ZON,.dt,raw_gpr_trace,raw_trace,184012,fcd499296497849616b3acb9ee79231fabcd26e9209bfc2a4097dff311d55354,pipe/2020wate.MIS/200112AC.ZON/LID10018.dt,external_assets/zenodo_gpr_14637589/extracted/Data Set/pipe/2020wate.MIS/200112AC.ZON/LID10018.dt,<LOCAL_DATA_ROOT>\external_assets\zenodo_gpr_14637589\extracted\Data Set\pipe\2020wate.MIS\200112AC.ZON\LID10018.dt,2026-08-11,False,public labelled or organized dataset; labels are visible before prediction freeze
zenodo_14637589,10.5281/zenodo.14637589,cc-by-4.0,zenodo_14637589_00511,pipe,pipe,2020wate.MIS,pipe/2020wate.MIS,pipe/2020wate.MIS,ASCII,.dt,raw_gpr_trace,raw_trace,1766104,79e8897b638d3d2497d0cb9ae38329e0bc7a09fda1189eb50e6bc6554259c3a5,pipe/2020wate.MIS/200113AA.ZON/ASCII/LID10002.dt,external_assets/zenodo_gpr_14637589/extracted/Data Set/pipe/2020wate.MIS/200113AA.ZON/ASCII/LID10002.dt,<LOCAL_DATA_ROOT>\external_assets\zenodo_gpr_14637589\extracted\Data Set\pipe\2020wate.MIS\200113AA.ZON\ASCII\LID10002.dt,2026-08-11,False,public labelled or organized dataset; labels are visible before prediction freeze
zenodo_14637589,10.5281/zenodo.14637589,cc-by-4.0,zenodo_14637589_00512,pipe,pipe,2020wate.MIS,pipe/2020wate.MIS,pipe/2020wate.MIS,200113AA.ZON,.dt,raw_gpr_trace,raw_trace,347464,1ec3f599c0cb19a2a16e867cb8cb7ea853a4d8bb70586836295264155eb0c3a9,pipe/2020wate.MIS/200113AA.ZON/LID10001.dt,external_assets/zenodo_gpr_14637589/extracted/Data Set/pipe/2020wate.MIS/200113AA.ZON/LID10001.dt,<LOCAL_DATA_ROOT>\external_assets\zenodo_gpr_14637589\extracted\Data Set\pipe\2020wate.MIS\200113AA.ZON\LID10001.dt,2026-08-11,False,public labelled or organized dataset; labels are visible before prediction freeze
zenodo_14637589,10.5281/zenodo.14637589,cc-by-4.0,zenodo_14637589_00513,pipe,pipe,2020wate.MIS,pipe/2020wate.MIS,pipe/2020wate.MIS,200113AA.ZON,.dt,raw_gpr_trace,raw_trace,1766104,79e8897b638d3d2497d0cb9ae38329e0bc7a09fda1189eb50e6bc6554259c3a5,pipe/2020wate.MIS/200113AA.ZON/LID10002.dt,external_assets/zenodo_gpr_14637589/extracted/Data Set/pipe/2020wate.MIS/200113AA.ZON/LID10002.dt,<LOCAL_DATA_ROOT>\external_assets\zenodo_gpr_14637589\extracted\Data Set\pipe\2020wate.MIS\200113AA.ZON\LID10002.dt,2026-08-11,False,public labelled or organized dataset; labels are visible before prediction freeze
zenodo_14637589,10.5281/zenodo.14637589,cc-by-4.0,zenodo_14637589_00514,pipe,pipe,2020wate.MIS,pipe/2020wate.MIS,pipe/2020wate.MIS,200113AA.ZON,.dt,raw_gpr_trace,raw_trace,1255188,176ab54fe313ddd7ee3e56c95692ed607504cd8362f0e857a9c62613b18cca40,pipe/2020wate.MIS/200113AA.ZON/LID10003.dt,external_assets/zenodo_gpr_14637589/extracted/Data Set/pipe/2020wate.MIS/200113AA.ZON/LID10003.dt,<LOCAL_DATA_ROOT>\external_assets\zenodo_gpr_14637589\extracted\Data Set\pipe\2020wate.MIS\200113AA.ZON\LID10003.dt,2026-08-11,False,public labelled or organized dataset; labels are visible before prediction freeze
zenodo_14637589,10.5281/zenodo.14637589,cc-by-4.0,zenodo_14637589_00515,pipe,pipe,2020wate.MIS,pipe/2020wate.MIS,pipe/2020wate.MIS,200113AA.ZON,.dt,raw_gpr_trace,raw_trace,2002544,451546d4817a1d425b3c86b725e4ff9e9c7960d3cd27cfe6974ff696b817da83,pipe/2020wate.MIS/200113AA.ZON/LID10004.dt,external_assets/zenodo_gpr_14637589/extracted/Data Set/pipe/2020wate.MIS/200113AA.ZON/LID10004.dt,<LOCAL_DATA_ROOT>\external_assets\zenodo_gpr_14637589\extracted\Data Set\pipe\2020wate.MIS\200113AA.ZON\LID10004.dt,2026-08-11,False,public labelled or organized dataset; labels are visible before prediction freeze
zenodo_14637589,10.5281/zenodo.14637589,cc-by-4.0,zenodo_14637589_00516,pipe,pipe,2020wate.MIS,pipe/2020wate.MIS,pipe/2020wate.MIS,200113AA.ZON,.dt,raw_gpr_trace,raw_trace,3116896,2b85613669829976f7ecbc4cabd23c67d820ca09774c0391719b94f2014857ae,pipe/2020wate.MIS/200113AA.ZON/LID10005.dt,external_assets/zenodo_gpr_14637589/extracted/Data Set/pipe/2020wate.MIS/200113AA.ZON/LID10005.dt,<LOCAL_DATA_ROOT>\external_assets\zenodo_gpr_14637589\extracted\Data Set\pipe\2020wate.MIS\200113AA.ZON\LID10005.dt,2026-08-11,False,public labelled or organized dataset; labels are visible before prediction freeze
zenodo_14637589,10.5281/zenodo.14637589,cc-by-4.0,zenodo_14637589_00517,pipe,pipe,2020wate.MIS,pipe/2020wate.MIS,pipe/2020wate.MIS,200113AA.ZON,.dt,raw_gpr_trace,raw_trace,3175492,660fe16db5a3e0e7b54efa1b123143aa9d2a493bc2ee2c29c3719ebcd4f49515,pipe/2020wate.MIS/200113AA.ZON/LID10006.dt,external_assets/zenodo_gpr_14637589/extracted/Data Set/pipe/2020wate.MIS/200113AA.ZON/LID10006.dt,<LOCAL_DATA_ROOT>\external_assets\zenodo_gpr_14637589\extracted\Data Set\pipe\2020wate.MIS\200113AA.ZON\LID10006.dt,2026-08-11,False,public labelled or organized dataset; labels are visible before prediction freeze
zenodo_14637589,10.5281/zenodo.14637589,cc-by-4.0,zenodo_14637589_00518,pipe,pipe,2020wate.MIS,pipe/2020wate.MIS,pipe/2020wate.MIS,200113AA.ZON,.dt,raw_gpr_trace,raw_trace,2361316,a214964d12fecd38b3fc55d39be8c75e5f167d96e7dce31f94fde979870681de,pipe/2020wate.MIS/200113AA.ZON/LID10007.dt,external_assets/zenodo_gpr_14637589/extracted/Data Set/pipe/2020wate.MIS/200113AA.ZON/LID10007.dt,<LOCAL_DATA_ROOT>\external_assets\zenodo_gpr_14637589\extracted\Data Set\pipe\2020wate.MIS\200113AA.ZON\LID10007.dt,2026-08-11,False,public labelled or organized dataset; labels are visible before prediction freeze
zenodo_14637589,10.5281/zenodo.14637589,cc-by-4.0,zenodo_14637589_00519,pipe,pipe,2020wate.MIS,pipe/2020wate.MIS,pipe/2020wate.MIS,200113AA.ZON,.dt,raw_gpr_trace,raw_trace,4175736,ef1af71e06d14425d3f719d911d9ae5dad038f44583d33534688917c1960835d,pipe/2020wate.MIS/200113AA.ZON/LID10008.dt,external_assets/zenodo_gpr_14637589/extracted/Data Set/pipe/2020wate.MIS/200113AA.ZON/LID10008.dt,<LOCAL_DATA_ROOT>\external_assets\zenodo_gpr_14637589\extracted\Data Set\pipe\2020wate.MIS\200113AA.ZON\LID10008.dt,2026-08-11,False,public labelled or organized dataset; labels are visible before prediction freeze
zenodo_14637589,10.5281/zenodo.14637589,cc-by-4.0,zenodo_14637589_00520,pipe,pipe,2020wate.MIS,pipe/2020wate.MIS,pipe/2020wate.MIS,200113AA.ZON,.dt,raw_gpr_trace,raw_trace,2617288,f5ec25e15294c348b5496d0462972d8e514c940b296b388b5e2f985962537875,pipe/2020wate.MIS/200113AA.ZON/LID10009.dt,external_assets/zenodo_gpr_14637589/extracted/Data Set/pipe/2020wate.MIS/200113AA.ZON/LID10009.dt,<LOCAL_DATA_ROOT>\external_assets\zenodo_gpr_14637589\extracted\Data Set\pipe\2020wate.MIS\200113AA.ZON\LID10009.dt,2026-08-11,False,public labelled or organized dataset; labels are visible before prediction freeze
zenodo_14637589,10.5281/zenodo.14637589,cc-by-4.0,zenodo_14637589_00521,pipe,pipe,2020wate.MIS,pipe/2020wate.MIS,pipe/2020wate.MIS,200113AA.ZON,.dt,raw_gpr_trace,raw_trace,2731396,d1e19c6dea7f240571f832813d55b2c14f023ea9d4471f7ec805e5ebd8da112e,pipe/2020wate.MIS/200113AA.ZON/LID10010.dt,external_assets/zenodo_gpr_14637589/extracted/Data Set/pipe/2020wate.MIS/200113AA.ZON/LID10010.dt,<LOCAL_DATA_ROOT>\external_assets\zenodo_gpr_14637589\extracted\Data Set\pipe\2020wate.MIS\200113AA.ZON\LID10010.dt,2026-08-11,False,public labelled or organized dataset; labels are visible before prediction freeze
zenodo_14637589,10.5281/zenodo.14637589,cc-by-4.0,zenodo_14637589_00522,pipe,pipe,2020wate.MIS,pipe/2020wate.MIS,pipe/2020wate.MIS,200113AA.ZON,.dt,raw_gpr_trace,raw_trace,2662520,18c3bcd160c4bf0e5d6aa089d8be1aafe46eaa7895abf1450078b591237fa4f1,pipe/2020wate.MIS/200113AA.ZON/LID10011.dt,external_assets/zenodo_gpr_14637589/extracted/Data Set/pipe/2020wate.MIS/200113AA.ZON/LID10011.dt,<LOCAL_DATA_ROOT>\external_assets\zenodo_gpr_14637589\extracted\Data Set\pipe\2020wate.MIS\200113AA.ZON\LID10011.dt,2026-08-11,False,public labelled or organized dataset; labels are visible before prediction freeze
zenodo_14637589,10.5281/zenodo.14637589,cc-by-4.0,zenodo_14637589_00523,pipe,pipe,2020wate.MIS,pipe/2020wate.MIS,pipe/2020wate.MIS,200113AA.ZON,.dt,raw_gpr_trace,raw_trace,2557664,b9c2cf5da664134f93aae7adbc718e1623e309872dc46590c0455c88077550ac,pipe/2020wate.MIS/200113AA.ZON/LID10012.dt,external_assets/zenodo_gpr_14637589/extracted/Data Set/pipe/2020wate.MIS/200113AA.ZON/LID10012.dt,<LOCAL_DATA_ROOT>\external_assets\zenodo_gpr_14637589\extracted\Data Set\pipe\2020wate.MIS\200113AA.ZON\LID10012.dt,2026-08-11,False,public labelled or organized dataset; labels are visible before prediction freeze
zenodo_14637589,10.5281/zenodo.14637589,cc-by-4.0,zenodo_14637589_00524,pipe,pipe,2020wate.MIS,pipe/2020wate.MIS,pipe/2020wate.MIS,200113AA.ZON,.dt,raw_gpr_trace,raw_trace,2879428,11f9dfff31f21792162d96b9e84a8b0754aa71e21bc5e31f022653e2c36e7a45,pipe/2020wate.MIS/200113AA.ZON/LID10013.dt,external_assets/zenodo_gpr_14637589/extracted/Data Set/pipe/2020wate.MIS/200113AA.ZON/LID10013.dt,<LOCAL_DATA_ROOT>\external_assets\zenodo_gpr_14637589\extracted\Data Set\pipe\2020wate.MIS\200113AA.ZON\LID10013.dt,2026-08-11,False,public labelled or organized dataset; labels are visible before prediction freeze
zenodo_14637589,10.5281/zenodo.14637589,cc-by-4.0,zenodo_14637589_00525,pipe,pipe,2020wate.MIS,pipe/2020wate.MIS,pipe/2020wate.MIS,200113AA.ZON,.dt,raw_gpr_trace,raw_trace,3337916,9d593bd1470f7b3ddf56f4ac437d5bee91e1faae6c58238abc46c5a7a1ae8faf,pipe/2020wate.MIS/200113AA.ZON/LID10014.dt,external_assets/zenodo_gpr_14637589/extracted/Data Set/pipe/2020wate.MIS/200113AA.ZON/LID10014.dt,<LOCAL_DATA_ROOT>\external_assets\zenodo_gpr_14637589\extracted\Data Set\pipe\2020wate.MIS\200113AA.ZON\LID10014.dt,2026-08-11,False,public labelled or organized dataset; labels are visible before prediction freeze
zenodo_14637589,10.5281/zenodo.14637589,cc-by-4.0,zenodo_14637589_00526,pipe,pipe,2020wate.MIS,pipe/2020wate.MIS,pipe/2020wate.MIS,200113AA.ZON,.dt,raw_gpr_trace,raw_trace,2355148,828d34e8003e7a6a1ebbf69e5fe4c2f2a3962068700bf3c9012b833efe4f15a3,pipe/2020wate.MIS/200113AA.ZON/LID10015.dt,external_assets/zenodo_gpr_14637589/extracted/Data Set/pipe/2020wate.MIS/200113AA.ZON/LID10015.dt,<LOCAL_DATA_ROOT>\external_assets\zenodo_gpr_14637589\extracted\Data Set\pipe\2020wate.MIS\200113AA.ZON\LID10015.dt,2026-08-11,False,public labelled or organized dataset; labels are visible before prediction freeze
zenodo_14637589,10.5281/zenodo.14637589,cc-by-4.0,zenodo_14637589_00527,pipe,pipe,2020wate.MIS,pipe/2020wate.MIS,pipe/2020wate.MIS,200113AA.ZON,.dt,raw_gpr_trace,raw_trace,2851672,5bdf821ec2331e6dfad6aa746fe1710ca90b50d056f5916874cce98d9c8994f9,pipe/2020wate.MIS/200113AA.ZON/LID10016.dt,external_assets/zenodo_gpr_14637589/extracted/Data Set/pipe/2020wate.MIS/200113AA.ZON/LID10016.dt,<LOCAL_DATA_ROOT>\external_assets\zenodo_gpr_14637589\extracted\Data Set\pipe\2020wate.MIS\200113AA.ZON\LID10016.dt,2026-08-11,False,public labelled or organized dataset; labels are visible before prediction freeze
zenodo_14637589,10.5281/zenodo.14637589,cc-by-4.0,zenodo_14637589_00528,pipe,pipe,2020wate.MIS,pipe/2020wate.MIS,pipe/2020wate.MIS,200113AA.ZON,.dt,raw_gpr_trace,raw_trace,3465388,188153fbd780b75b29ff86251e20ab13c75e0dbb551ce60e4a9b9011e6871a7f,pipe/2020wate.MIS/200113AA.ZON/LID10017.dt,external_assets/zenodo_gpr_14637589/extracted/Data Set/pipe/2020wate.MIS/200113AA.ZON/LID10017.dt,<LOCAL_DATA_ROOT>\external_assets\zenodo_gpr_14637589\extracted\Data Set\pipe\2020wate.MIS\200113AA.ZON\LID10017.dt,2026-08-11,False,public labelled or organized dataset; labels are visible before prediction freeze
zenodo_14637589,10.5281/zenodo.14637589,cc-by-4.0,zenodo_14637589_00529,pipe,pipe,2020wate.MIS,pipe/2020wate.MIS,pipe/2020wate.MIS,ROHDATA,.dat,raw_gpr_trace,raw_trace,2009540,1800a8eaf57401f4ef5a50c50585cc3bbbb02288743df88e23cd7ed1b26a425b,pipe/2020wate.MIS/200113AA.ZON/ROHDATA/YP000000.DAT,external_assets/zenodo_gpr_14637589/extracted/Data Set/pipe/2020wate.MIS/200113AA.ZON/ROHDATA/YP000000.DAT,<LOCAL_DATA_ROOT>\external_assets\zenodo_gpr_14637589\extracted\Data Set\pipe\2020wate.MIS\200113AA.ZON\ROHDATA\YP000000.DAT,2026-08-11,False,public labelled or organized dataset; labels are visible before prediction freeze
zenodo_14637589,10.5281/zenodo.14637589,cc-by-4.0,zenodo_14637589_00530,pipe,pipe,2020wate.MIS,pipe/2020wate.MIS,pipe/2020wate.MIS,ASCII,.sgy,raw_gpr_trace,raw_trace,2030170,ffdce41564c7634fd61d0cad9cf19be296d7efa4214eb097ba3ff6b1a515779e,pipe/2020wate.MIS/200113AA.ZON/test/ASCII/11111.SGY,external_assets/zenodo_gpr_14637589/extracted/Data Set/pipe/2020wate.MIS/200113AA.ZON/test/ASCII/11111.SGY,<LOCAL_DATA_ROOT>\external_assets\zenodo_gpr_14637589\extracted\Data Set\pipe\2020wate.MIS\200113AA.ZON\test\ASCII\11111.SGY,2026-08-11,False,public labelled or organized dataset; labels are visible before prediction freeze
zenodo_14637589,10.5281/zenodo.14637589,cc-by-4.0,zenodo_14637589_00531,pipe,pipe,2020wate.MIS,pipe/2020wate.MIS,pipe/2020wate.MIS,ASCII,.sgy,raw_gpr_trace,raw_trace,2030170,ffdce41564c7634fd61d0cad9cf19be296d7efa4214eb097ba3ff6b1a515779e,pipe/2020wate.MIS/200113AA.ZON/test/ASCII/22222.SGY,external_assets/zenodo_gpr_14637589/extracted/Data Set/pipe/2020wate.MIS/200113AA.ZON/test/ASCII/22222.SGY,<LOCAL_DATA_ROOT>\external_assets\zenodo_gpr_14637589\extracted\Data Set\pipe\2020wate.MIS\200113AA.ZON\test\ASCII\22222.SGY,2026-08-11,False,public labelled or organized dataset; labels are visible before prediction freeze
zenodo_14637589,10.5281/zenodo.14637589,cc-by-4.0,zenodo_14637589_00532,pipe,pipe,2020wate.MIS,pipe/2020wate.MIS,pipe/2020wate.MIS,ASCII,.sgy,raw_gpr_trace,raw_trace,2030170,ffdce41564c7634fd61d0cad9cf19be296d7efa4214eb097ba3ff6b1a515779e,pipe/2020wate.MIS/200113AA.ZON/test/ASCII/33333.SGY,external_assets/zenodo_gpr_14637589/extracted/Data Set/pipe/2020wate.MIS/200113AA.ZON/test/ASCII/33333.SGY,<LOCAL_DATA_ROOT>\external_assets\zenodo_gpr_14637589\extracted\Data Set\pipe\2020wate.MIS\200113AA.ZON\test\ASCII\33333.SGY,2026-08-11,False,public labelled or organized dataset; labels are visible before prediction freeze
zenodo_14637589,10.5281/zenodo.14637589,cc-by-4.0,zenodo_14637589_00533,pipe,pipe,2020wate.MIS,pipe/2020wate.MIS,pipe/2020wate.MIS,ASCII,.sgy,raw_gpr_trace,raw_trace,2030170,ffdce41564c7634fd61d0cad9cf19be296d7efa4214eb097ba3ff6b1a515779e,pipe/2020wate.MIS/200113AA.ZON/test/ASCII/guandao_data.SGY,external_assets/zenodo_gpr_14637589/extracted/Data Set/pipe/2020wate.MIS/200113AA.ZON/test/ASCII/guandao_data.SGY,<LOCAL_DATA_ROOT>\external_assets\zenodo_gpr_14637589\extracted\Data Set\pipe\2020wate.MIS\200113AA.ZON\test\ASCII\guandao_data.SGY,2026-08-11,False,public labelled or organized dataset; labels are visible before prediction freeze
zenodo_14637589,10.5281/zenodo.14637589,cc-by-4.0,zenodo_14637589_00534,pipe,pipe,2020wate.MIS,pipe/2020wate.MIS,pipe/2020wate.MIS,ASCII,.dt,raw_gpr_trace,raw_trace,1766104,79e8897b638d3d2497d0cb9ae38329e0bc7a09fda1189eb50e6bc6554259c3a5,pipe/2020wate.MIS/200113AA.ZON/test/ASCII/LID10002.dt,external_assets/zenodo_gpr_14637589/extracted/Data Set/pipe/2020wate.MIS/200113AA.ZON/test/ASCII/LID10002.dt,<LOCAL_DATA_ROOT>\external_assets\zenodo_gpr_14637589\extracted\Data Set\pipe\2020wate.MIS\200113AA.ZON\test\ASCII\LID10002.dt,2026-08-11,False,public labelled or organized dataset; labels are visible before prediction freeze
zenodo_14637589,10.5281/zenodo.14637589,cc-by-4.0,zenodo_14637589_00535,pipe,pipe,2020wate.MIS,pipe/2020wate.MIS,pipe/2020wate.MIS,ROHDATA,.dat,raw_gpr_trace,raw_trace,2009540,1800a8eaf57401f4ef5a50c50585cc3bbbb02288743df88e23cd7ed1b26a425b,pipe/2020wate.MIS/200113AA.ZON/test/ROHDATA/YP000000.DAT,external_assets/zenodo_gpr_14637589/extracted/Data Set/pipe/2020wate.MIS/200113AA.ZON/test/ROHDATA/YP000000.DAT,<LOCAL_DATA_ROOT>\external_assets\zenodo_gpr_14637589\extracted\Data Set\pipe\2020wate.MIS\200113AA.ZON\test\ROHDATA\YP000000.DAT,2026-08-11,False,public labelled or organized dataset; labels are visible before prediction freeze
zenodo_14637589,10.5281/zenodo.14637589,cc-by-4.0,zenodo_14637589_00536,pipe,pipe,2020wate.MIS,pipe/2020wate.MIS,pipe/2020wate.MIS,200601AA.ZON,.dt,raw_gpr_trace,raw_trace,402976,71a6ee6caa3f1e4c58d71e9b5099ada3a08dc930808c886ab2b3f2daa94ff090,pipe/2020wate.MIS/200601AA.ZON/LID10001.dt,external_assets/zenodo_gpr_14637589/extracted/Data Set/pipe/2020wate.MIS/200601AA.ZON/LID10001.dt,<LOCAL_DATA_ROOT>\external_assets\zenodo_gpr_14637589\extracted\Data Set\pipe\2020wate.MIS\200601AA.ZON\LID10001.dt,2026-08-11,False,public labelled or organized dataset; labels are visible before prediction freeze
zenodo_14637589,10.5281/zenodo.14637589,cc-by-4.0,zenodo_14637589_00537,pipe,pipe,2020wate.MIS,pipe/2020wate.MIS,pipe/2020wate.MIS,200601AA.ZON,.dt,raw_gpr_trace,raw_trace,388584,4fd75045be0dac28e10be961f93097a98c1fb0d04eaeddf86a6ae36b99302907,pipe/2020wate.MIS/200601AA.ZON/LID10002.dt,external_assets/zenodo_gpr_14637589/extracted/Data Set/pipe/2020wate.MIS/200601AA.ZON/LID10002.dt,<LOCAL_DATA_ROOT>\external_assets\zenodo_gpr_14637589\extracted\Data Set\pipe\2020wate.MIS\200601AA.ZON\LID10002.dt,2026-08-11,False,public labelled or organized dataset; labels are visible before prediction freeze
zenodo_14637589,10.5281/zenodo.14637589,cc-by-4.0,zenodo_14637589_00538,pipe,pipe,2020wate.MIS,pipe/2020wate.MIS,pipe/2020wate.MIS,200601AA.ZON,.dt,raw_gpr_trace,raw_trace,480076,1e4067fd7ac05d11457a21ad3070cde61d782a1048861b700709f119f2b77ddb,pipe/2020wate.MIS/200601AA.ZON/LID10003.dt,external_assets/zenodo_gpr_14637589/extracted/Data Set/pipe/2020wate.MIS/200601AA.ZON/LID10003.dt,<LOCAL_DATA_ROOT>\external_assets\zenodo_gpr_14637589\extracted\Data Set\pipe\2020wate.MIS\200601AA.ZON\LID10003.dt,2026-08-11,False,public labelled or organized dataset; labels are visible before prediction freeze
zenodo_14637589,10.5281/zenodo.14637589,cc-by-4.0,zenodo_14637589_00539,pipe,pipe,2020wate.MIS,pipe/2020wate.MIS,pipe/2020wate.MIS,200601AA.ZON,.dt,raw_gpr_trace,raw_trace,540728,a8167f5cf2377ff75a9f78c85974359dea2592a2e98ee9cb3be13426e39f884b,pipe/2020wate.MIS/200601AA.ZON/LID10004.dt,external_assets/zenodo_gpr_14637589/extracted/Data Set/pipe/2020wate.MIS/200601AA.ZON/LID10004.dt,<LOCAL_DATA_ROOT>\external_assets\zenodo_gpr_14637589\extracted\Data Set\pipe\2020wate.MIS\200601AA.ZON\LID10004.dt,2026-08-11,False,public labelled or organized dataset; labels are visible before prediction freeze
zenodo_14637589,10.5281/zenodo.14637589,cc-by-4.0,zenodo_14637589_00540,pipe,pipe,2020wate.MIS,pipe/2020wate.MIS,pipe/2020wate.MIS,200601AA.ZON,.dt,raw_gpr_trace,raw_trace,340268,9e2986c98102038287794587dd94cf2cf53da0fad44aaad73f9fdc47ccb1d80e,pipe/2020wate.MIS/200601AA.ZON/LID10005.dt,external_assets/zenodo_gpr_14637589/extracted/Data Set/pipe/2020wate.MIS/200601AA.ZON/LID10005.dt,<LOCAL_DATA_ROOT>\external_assets\zenodo_gpr_14637589\extracted\Data Set\pipe\2020wate.MIS\200601AA.ZON\LID10005.dt,2026-08-11,False,public labelled or organized dataset; labels are visible before prediction freeze
zenodo_14637589,10.5281/zenodo.14637589,cc-by-4.0,zenodo_14637589_00541,pipe,pipe,2020wate.MIS,pipe/2020wate.MIS,pipe/2020wate.MIS,200601AA.ZON,.dt,raw_gpr_trace,raw_trace,356716,ebab47aef27506d395cd206a834f8f6c9ef0679a3d34d91bc22d5618a550c858,pipe/2020wate.MIS/200601AA.ZON/LID10006.dt,external_assets/zenodo_gpr_14637589/extracted/Data Set/pipe/2020wate.MIS/200601AA.ZON/LID10006.dt,<LOCAL_DATA_ROOT>\external_assets\zenodo_gpr_14637589\extracted\Data Set\pipe\2020wate.MIS\200601AA.ZON\LID10006.dt,2026-08-11,False,public labelled or organized dataset; labels are visible before prediction freeze
zenodo_14637589,10.5281/zenodo.14637589,cc-by-4.0,zenodo_14637589_00542,pipe,pipe,2020wate.MIS,pipe/2020wate.MIS,pipe/2020wate.MIS,200601AA.ZON,.dt,raw_gpr_trace,raw_trace,437928,d2be6c0da3829f4f4a64d96dfdbd284d89454e1f975fb693ecd16883a4135cf9,pipe/2020wate.MIS/200601AA.ZON/LID10007.dt,external_assets/zenodo_gpr_14637589/extracted/Data Set/pipe/2020wate.MIS/200601AA.ZON/LID10007.dt,<LOCAL_DATA_ROOT>\external_assets\zenodo_gpr_14637589\extracted\Data Set\pipe\2020wate.MIS\200601AA.ZON\LID10007.dt,2026-08-11,False,public labelled or organized dataset; labels are visible before prediction freeze
zenodo_14637589,10.5281/zenodo.14637589,cc-by-4.0,zenodo_14637589_00543,pipe,pipe,2020wate.MIS,pipe/2020wate.MIS,pipe/2020wate.MIS,200601AA.ZON,.dt,raw_gpr_trace,raw_trace,358772,4b43897d04d3c9a5931da01bd1057ea4a4a6a96a3e205f1892e5deaafc225fdd,pipe/2020wate.MIS/200601AA.ZON/LID10008.dt,external_assets/zenodo_gpr_14637589/extracted/Data Set/pipe/2020wate.MIS/200601AA.ZON/LID10008.dt,<LOCAL_DATA_ROOT>\external_assets\zenodo_gpr_14637589\extracted\Data Set\pipe\2020wate.MIS\200601AA.ZON\LID10008.dt,2026-08-11,False,public labelled or organized dataset; labels are visible before prediction freeze
zenodo_14637589,10.5281/zenodo.14637589,cc-by-4.0,zenodo_14637589_00544,pipe,pipe,2020wate.MIS,pipe/2020wate.MIS,pipe/2020wate.MIS,200601AA.ZON,.dt,raw_gpr_trace,raw_trace,15420,9060ad77a0f1edaa1723b2f2b16c1833d1c6a93537c80edf75557a27926bd579,pipe/2020wate.MIS/200601AA.ZON/LID10009.dt,external_assets/zenodo_gpr_14637589/extracted/Data Set/pipe/2020wate.MIS/200601AA.ZON/LID10009.dt,<LOCAL_DATA_ROOT>\external_assets\zenodo_gpr_14637589\extracted\Data Set\pipe\2020wate.MIS\200601AA.ZON\LID10009.dt,2026-08-11,False,public labelled or organized dataset; labels are visible before prediction freeze
zenodo_14637589,10.5281/zenodo.14637589,cc-by-4.0,zenodo_14637589_00545,pipe,pipe,2020wate.MIS,pipe/2020wate.MIS,pipe/2020wate.MIS,200601AB.ZON,.dt,raw_gpr_trace,raw_trace,435872,61d2494990a69b69e1fc45a7a0aea229e7e9121fae398441418e50c076805b71,pipe/2020wate.MIS/200601AB.ZON/LID10001.dt,external_assets/zenodo_gpr_14637589/extracted/Data Set/pipe/2020wate.MIS/200601AB.ZON/LID10001.dt,<LOCAL_DATA_ROOT>\external_assets\zenodo_gpr_14637589\extracted\Data Set\pipe\2020wate.MIS\200601AB.ZON\LID10001.dt,2026-08-11,False,public labelled or organized dataset; labels are visible before prediction freeze
zenodo_14637589,10.5281/zenodo.14637589,cc-by-4.0,zenodo_14637589_00546,pipe,pipe,2020wate.MIS,pipe/2020wate.MIS,pipe/2020wate.MIS,200601AB.ZON,.dt,raw_gpr_trace,raw_trace,381388,ae104125b0db027c806328b1ea42b5cd99604b367266a371e3d319573e06e507,pipe/2020wate.MIS/200601AB.ZON/LID10002.dt,external_assets/zenodo_gpr_14637589/extracted/Data Set/pipe/2020wate.MIS/200601AB.ZON/LID10002.dt,<LOCAL_DATA_ROOT>\external_assets\zenodo_gpr_14637589\extracted\Data Set\pipe\2020wate.MIS\200601AB.ZON\LID10002.dt,2026-08-11,False,public labelled or organized dataset; labels are visible before prediction freeze
zenodo_14637589,10.5281/zenodo.14637589,cc-by-4.0,zenodo_14637589_00547,pipe,pipe,2020wate.MIS,pipe/2020wate.MIS,pipe/2020wate.MIS,200601AB.ZON,.dt,raw_gpr_trace,raw_trace,500636,3c7198e54fd60ac24da2cc5e1831975be6675b9d63622239549f3625761b08bd,pipe/2020wate.MIS/200601AB.ZON/LID10003.dt,external_assets/zenodo_gpr_14637589/extracted/Data Set/pipe/2020wate.MIS/200601AB.ZON/LID10003.dt,<LOCAL_DATA_ROOT>\external_assets\zenodo_gpr_14637589\extracted\Data Set\pipe\2020wate.MIS\200601AB.ZON\LID10003.dt,2026-08-11,False,public labelled or organized dataset; labels are visible before prediction freeze
zenodo_14637589,10.5281/zenodo.14637589,cc-by-4.0,zenodo_14637589_00548,pipe,pipe,2020wate.MIS,pipe/2020wate.MIS,pipe/2020wate.MIS,200601AB.ZON,.dt,raw_gpr_trace,raw_trace,454376,5e35c2484b57c9f01b92d84a4e7220dcf00d737ff6a8aaaa9252b0c42f33afe4,pipe/2020wate.MIS/200601AB.ZON/LID10004.dt,external_assets/zenodo_gpr_14637589/extracted/Data Set/pipe/2020wate.MIS/200601AB.ZON/LID10004.dt,<LOCAL_DATA_ROOT>\external_assets\zenodo_gpr_14637589\extracted\Data Set\pipe\2020wate.MIS\200601AB.ZON\LID10004.dt,2026-08-11,False,public labelled or organized dataset; labels are visible before prediction freeze
zenodo_14637589,10.5281/zenodo.14637589,cc-by-4.0,zenodo_14637589_00549,pipe,pipe,2020wate.MIS,pipe/2020wate.MIS,pipe/2020wate.MIS,200601AB.ZON,.dt,raw_gpr_trace,raw_trace,472880,ac65177417b06dd9784c63a4cb9e317bf405f32ce1d86ba21602bc3bc9dc31aa,pipe/2020wate.MIS/200601AB.ZON/LID10005.dt,external_assets/zenodo_gpr_14637589/extracted/Data Set/pipe/2020wate.MIS/200601AB.ZON/LID10005.dt,<LOCAL_DATA_ROOT>\external_assets\zenodo_gpr_14637589\extracted\Data Set\pipe\2020wate.MIS\200601AB.ZON\LID10005.dt,2026-08-11,False,public labelled or organized dataset; labels are visible before prediction freeze
zenodo_14637589,10.5281/zenodo.14637589,cc-by-4.0,zenodo_14637589_00550,pipe,pipe,2020wate.MIS,pipe/2020wate.MIS,pipe/2020wate.MIS,200601AB.ZON,.dt,raw_gpr_trace,raw_trace,514000,ed94d2b7bf618c209f850794bd61b89d1653627c55db4a385b2335fab9e9d012,pipe/2020wate.MIS/200601AB.ZON/LID10006.dt,external_assets/zenodo_gpr_14637589/extracted/Data Set/pipe/2020wate.MIS/200601AB.ZON/LID10006.dt,<LOCAL_DATA_ROOT>\external_assets\zenodo_gpr_14637589\extracted\Data Set\pipe\2020wate.MIS\200601AB.ZON\LID10006.dt,2026-08-11,False,public labelled or organized dataset; labels are visible before prediction freeze
zenodo_14637589,10.5281/zenodo.14637589,cc-by-4.0,zenodo_14637589_00551,pipe,pipe,2020wate.MIS,pipe/2020wate.MIS,pipe/2020wate.MIS,200601AB.ZON,.dt,raw_gpr_trace,raw_trace,594184,325d3423483306dad35db9fd72cf5ee4dc9931c94ba201f54026997b64a937e7,pipe/2020wate.MIS/200601AB.ZON/LID10007.dt,external_assets/zenodo_gpr_14637589/extracted/Data Set/pipe/2020wate.MIS/200601AB.ZON/LID10007.dt,<LOCAL_DATA_ROOT>\external_assets\zenodo_gpr_14637589\extracted\Data Set\pipe\2020wate.MIS\200601AB.ZON\LID10007.dt,2026-08-11,False,public labelled or organized dataset; labels are visible before prediction freeze
zenodo_14637589,10.5281/zenodo.14637589,cc-by-4.0,zenodo_14637589_00552,pipe,pipe,2020wate.MIS,pipe/2020wate.MIS,pipe/2020wate.MIS,200601AB.ZON,.dt,raw_gpr_trace,raw_trace,474936,99ddcc7a9371e6d94ac5e53c9b3a060ce90b2ed9253075723f959d6efeb7d2b2,pipe/2020wate.MIS/200601AB.ZON/LID10008.dt,external_assets/zenodo_gpr_14637589/extracted/Data Set/pipe/2020wate.MIS/200601AB.ZON/LID10008.dt,<LOCAL_DATA_ROOT>\external_assets\zenodo_gpr_14637589\extracted\Data Set\pipe\2020wate.MIS\200601AB.ZON\LID10008.dt,2026-08-11,False,public labelled or organized dataset; labels are visible before prediction freeze
zenodo_14637589,10.5281/zenodo.14637589,cc-by-4.0,zenodo_14637589_00553,rebar,rebar,foshanJL.MIS,rebar/foshanJL.MIS,rebar/foshanJL.MIS,ASCII,.dt,raw_gpr_trace,raw_trace,1180144,4b577b9069519e62811f37a46fe3c1ea90c11d70e0554a9eb72cb9050d56a965,rebar/foshanJL.MIS/190424AA.ZON/ASCII/LID10001.dt,external_assets/zenodo_gpr_14637589/extracted/Data Set/rebar/foshanJL.MIS/190424AA.ZON/ASCII/LID10001.dt,<LOCAL_DATA_ROOT>\external_assets\zenodo_gpr_14637589\extracted\Data Set\rebar\foshanJL.MIS\190424AA.ZON\ASCII\LID10001.dt,2026-08-11,False,public labelled or organized dataset; labels are visible before prediction freeze
zenodo_14637589,10.5281/zenodo.14637589,cc-by-4.0,zenodo_14637589_00554,rebar,rebar,foshanJL.MIS,rebar/foshanJL.MIS,rebar/foshanJL.MIS,ASCII,.dt,raw_gpr_trace,raw_trace,1194536,5ac6f7e194eedc1cce15365a76653a7e0cc69680a57b57c5e453e1f4408058fb,rebar/foshanJL.MIS/190424AA.ZON/ASCII/LID10002.dt,external_assets/zenodo_gpr_14637589/extracted/Data Set/rebar/foshanJL.MIS/190424AA.ZON/ASCII/LID10002.dt,<LOCAL_DATA_ROOT>\external_assets\zenodo_gpr_14637589\extracted\Data Set\rebar\foshanJL.MIS\190424AA.ZON\ASCII\LID10002.dt,2026-08-11,False,public labelled or organized dataset; labels are visible before prediction freeze
zenodo_14637589,10.5281/zenodo.14637589,cc-by-4.0,zenodo_14637589_00555,rebar,rebar,foshanJL.MIS,rebar/foshanJL.MIS,rebar/foshanJL.MIS,ASCII,.dt,raw_gpr_trace,raw_trace,972488,6fd93a9242beb914dd3a3423cb4f4d007a553acbd974fb1e26720398b5e1be3c,rebar/foshanJL.MIS/190424AA.ZON/ASCII/LID10003.dt,external_assets/zenodo_gpr_14637589/extracted/Data Set/rebar/foshanJL.MIS/190424AA.ZON/ASCII/LID10003.dt,<LOCAL_DATA_ROOT>\external_assets\zenodo_gpr_14637589\extracted\Data Set\rebar\foshanJL.MIS\190424AA.ZON\ASCII\LID10003.dt,2026-08-11,False,public labelled or organized dataset; labels are visible before prediction freeze
zenodo_14637589,10.5281/zenodo.14637589,cc-by-4.0,zenodo_14637589_00556,rebar,rebar,foshanJL.MIS,rebar/foshanJL.MIS,rebar/foshanJL.MIS,190424AA.ZON,.dt,raw_gpr_trace,raw_trace,1180144,4b577b9069519e62811f37a46fe3c1ea90c11d70e0554a9eb72cb9050d56a965,rebar/foshanJL.MIS/190424AA.ZON/LID10001.dt,external_assets/zenodo_gpr_14637589/extracted/Data Set/rebar/foshanJL.MIS/190424AA.ZON/LID10001.dt,<LOCAL_DATA_ROOT>\external_assets\zenodo_gpr_14637589\extracted\Data Set\rebar\foshanJL.MIS\190424AA.ZON\LID10001.dt,2026-08-11,False,public labelled or organized dataset; labels are visible before prediction freeze
zenodo_14637589,10.5281/zenodo.14637589,cc-by-4.0,zenodo_14637589_00557,rebar,rebar,foshanJL.MIS,rebar/foshanJL.MIS,rebar/foshanJL.MIS,190424AA.ZON,.dt,raw_gpr_trace,raw_trace,1194536,5ac6f7e194eedc1cce15365a76653a7e0cc69680a57b57c5e453e1f4408058fb,rebar/foshanJL.MIS/190424AA.ZON/LID10002.dt,external_assets/zenodo_gpr_14637589/extracted/Data Set/rebar/foshanJL.MIS/190424AA.ZON/LID10002.dt,<LOCAL_DATA_ROOT>\external_assets\zenodo_gpr_14637589\extracted\Data Set\rebar\foshanJL.MIS\190424AA.ZON\LID10002.dt,2026-08-11,False,public labelled or organized dataset; labels are visible before prediction freeze
zenodo_14637589,10.5281/zenodo.14637589,cc-by-4.0,zenodo_14637589_00558,rebar,rebar,foshanJL.MIS,rebar/foshanJL.MIS,rebar/foshanJL.MIS,190424AA.ZON,.dt,raw_gpr_trace,raw_trace,972488,6fd93a9242beb914dd3a3423cb4f4d007a553acbd974fb1e26720398b5e1be3c,rebar/foshanJL.MIS/190424AA.ZON/LID10003.dt,external_assets/zenodo_gpr_14637589/extracted/Data Set/rebar/foshanJL.MIS/190424AA.ZON/LID10003.dt,<LOCAL_DATA_ROOT>\external_assets\zenodo_gpr_14637589\extracted\Data Set\rebar\foshanJL.MIS\190424AA.ZON\LID10003.dt,2026-08-11,False,public labelled or organized dataset; labels are visible before prediction freeze
zenodo_14637589,10.5281/zenodo.14637589,cc-by-4.0,zenodo_14637589_00559,rebar,rebar,foshanJL.MIS,rebar/foshanJL.MIS,rebar/foshanJL.MIS,ROHDATA,.dat,raw_gpr_trace,raw_trace,838500,75a36cee7f199a747e6873de01b0b7d92e0f6ef19609869bb67360d1649bfe9a,rebar/foshanJL.MIS/190424AA.ZON/ROHDATA/LA010001.DAT,external_assets/zenodo_gpr_14637589/extracted/Data Set/rebar/foshanJL.MIS/190424AA.ZON/ROHDATA/LA010001.DAT,<LOCAL_DATA_ROOT>\external_assets\zenodo_gpr_14637589\extracted\Data Set\rebar\foshanJL.MIS\190424AA.ZON\ROHDATA\LA010001.DAT,2026-08-11,False,public labelled or organized dataset; labels are visible before prediction freeze
zenodo_14637589,10.5281/zenodo.14637589,cc-by-4.0,zenodo_14637589_00560,rebar,rebar,foshanJL.MIS,rebar/foshanJL.MIS,rebar/foshanJL.MIS,ROHDATA,.dat,raw_gpr_trace,raw_trace,1336940,2e4d0b95933aa223468225247503f696fdfdc8bbe20ee257c81e462ce749070c,rebar/foshanJL.MIS/190424AA.ZON/ROHDATA/LID10001.DAT,external_assets/zenodo_gpr_14637589/extracted/Data Set/rebar/foshanJL.MIS/190424AA.ZON/ROHDATA/LID10001.DAT,<LOCAL_DATA_ROOT>\external_assets\zenodo_gpr_14637589\extracted\Data Set\rebar\foshanJL.MIS\190424AA.ZON\ROHDATA\LID10001.DAT,2026-08-11,False,public labelled or organized dataset; labels are visible before prediction freeze
zenodo_14637589,10.5281/zenodo.14637589,cc-by-4.0,zenodo_14637589_00561,rebar,rebar,foshanJL.MIS,rebar/foshanJL.MIS,rebar/foshanJL.MIS,ROHDATA,.dat,raw_gpr_trace,raw_trace,1353460,693876d8d3e28c344cde96ff7a178da9eecee8b2e947a5f2945fbedf573d5fb7,rebar/foshanJL.MIS/190424AA.ZON/ROHDATA/LID10002.DAT,external_assets/zenodo_gpr_14637589/extracted/Data Set/rebar/foshanJL.MIS/190424AA.ZON/ROHDATA/LID10002.DAT,<LOCAL_DATA_ROOT>\external_assets\zenodo_gpr_14637589\extracted\Data Set\rebar\foshanJL.MIS\190424AA.ZON\ROHDATA\LID10002.DAT,2026-08-11,False,public labelled or organized dataset; labels are visible before prediction freeze
zenodo_14637589,10.5281/zenodo.14637589,cc-by-4.0,zenodo_14637589_00562,rebar,rebar,foshanJL.MIS,rebar/foshanJL.MIS,rebar/foshanJL.MIS,ROHDATA,.dat,raw_gpr_trace,raw_trace,1098580,377ba4dc2d826c5b2093624ab12aa47aa5d02cd49d2ec002fe68036b4045c5b3,rebar/foshanJL.MIS/190424AA.ZON/ROHDATA/LID10003.DAT,external_assets/zenodo_gpr_14637589/extracted/Data Set/rebar/foshanJL.MIS/190424AA.ZON/ROHDATA/LID10003.DAT,<LOCAL_DATA_ROOT>\external_assets\zenodo_gpr_14637589\extracted\Data Set\rebar\foshanJL.MIS\190424AA.ZON\ROHDATA\LID10003.DAT,2026-08-11,False,public labelled or organized dataset; labels are visible before prediction freeze
zenodo_14637589,10.5281/zenodo.14637589,cc-by-4.0,zenodo_14637589_00563,rebar,rebar,foshanJL.MIS,rebar/foshanJL.MIS,rebar/foshanJL.MIS,ROHDATA,.dat,raw_gpr_trace,raw_trace,1336940,b079e5fd119739b273a335380a60a9b41370ad1fba5ac2e6c1d3be6014b2df96,rebar/foshanJL.MIS/190424AA.ZON/ROHDATA/YP000000.DAT,external_assets/zenodo_gpr_14637589/extracted/Data Set/rebar/foshanJL.MIS/190424AA.ZON/ROHDATA/YP000000.DAT,<LOCAL_DATA_ROOT>\external_assets\zenodo_gpr_14637589\extracted\Data Set\rebar\foshanJL.MIS\190424AA.ZON\ROHDATA\YP000000.DAT,2026-08-11,False,public labelled or organized dataset; labels are visible before prediction freeze
zenodo_14637589,10.5281/zenodo.14637589,cc-by-4.0,zenodo_14637589_00564,rebar,rebar,foshanJL.MIS,rebar/foshanJL.MIS,rebar/foshanJL.MIS,ASCII,.dt,raw_gpr_trace,raw_trace,932396,2f99587871e273bc029604bb6c865a9e474eb8c676c6784d1986ef87ca47c16e,rebar/foshanJL.MIS/190424AB.ZON/ASCII/LID10001.dt,external_assets/zenodo_gpr_14637589/extracted/Data Set/rebar/foshanJL.MIS/190424AB.ZON/ASCII/LID10001.dt,<LOCAL_DATA_ROOT>\external_assets\zenodo_gpr_14637589\extracted\Data Set\rebar\foshanJL.MIS\190424AB.ZON\ASCII\LID10001.dt,2026-08-11,False,public labelled or organized dataset; labels are visible before prediction freeze
zenodo_14637589,10.5281/zenodo.14637589,cc-by-4.0,zenodo_14637589_00565,rebar,rebar,foshanJL.MIS,rebar/foshanJL.MIS,rebar/foshanJL.MIS,ASCII,.dt,raw_gpr_trace,raw_trace,1013608,687251ca7b8bc082b3367a934c373811225886e314b2c3442cb33282ed54a6c8,rebar/foshanJL.MIS/190424AB.ZON/ASCII/LID10002.dt,external_assets/zenodo_gpr_14637589/extracted/Data Set/rebar/foshanJL.MIS/190424AB.ZON/ASCII/LID10002.dt,<LOCAL_DATA_ROOT>\external_assets\zenodo_gpr_14637589\extracted\Data Set\rebar\foshanJL.MIS\190424AB.ZON\ASCII\LID10002.dt,2026-08-11,False,public labelled or organized dataset; labels are visible before prediction freeze
zenodo_14637589,10.5281/zenodo.14637589,cc-by-4.0,zenodo_14637589_00566,rebar,rebar,foshanJL.MIS,rebar/foshanJL.MIS,rebar/foshanJL.MIS,190424AB.ZON,.dt,raw_gpr_trace,raw_trace,932396,2f99587871e273bc029604bb6c865a9e474eb8c676c6784d1986ef87ca47c16e,rebar/foshanJL.MIS/190424AB.ZON/LID10001.dt,external_assets/zenodo_gpr_14637589/extracted/Data Set/rebar/foshanJL.MIS/190424AB.ZON/LID10001.dt,<LOCAL_DATA_ROOT>\external_assets\zenodo_gpr_14637589\extracted\Data Set\rebar\foshanJL.MIS\190424AB.ZON\LID10001.dt,2026-08-11,False,public labelled or organized dataset; labels are visible before prediction freeze
zenodo_14637589,10.5281/zenodo.14637589,cc-by-4.0,zenodo_14637589_00567,rebar,rebar,foshanJL.MIS,rebar/foshanJL.MIS,rebar/foshanJL.MIS,190424AB.ZON,.dt,raw_gpr_trace,raw_trace,1013608,687251ca7b8bc082b3367a934c373811225886e314b2c3442cb33282ed54a6c8,rebar/foshanJL.MIS/190424AB.ZON/LID10002.dt,external_assets/zenodo_gpr_14637589/extracted/Data Set/rebar/foshanJL.MIS/190424AB.ZON/LID10002.dt,<LOCAL_DATA_ROOT>\external_assets\zenodo_gpr_14637589\extracted\Data Set\rebar\foshanJL.MIS\190424AB.ZON\LID10002.dt,2026-08-11,False,public labelled or organized dataset; labels are visible before prediction freeze
zenodo_14637589,10.5281/zenodo.14637589,cc-by-4.0,zenodo_14637589_00568,rebar,rebar,foshanJL.MIS,rebar/foshanJL.MIS,rebar/foshanJL.MIS,ROHDATA,.dat,raw_gpr_trace,raw_trace,1052560,eeb22859303a6c88c09d3c0ac8c05e0a7ded56a3c50d12d3ceac7e2bd7ce8c98,rebar/foshanJL.MIS/190424AB.ZON/ROHDATA/LID10001.DAT,external_assets/zenodo_gpr_14637589/extracted/Data Set/rebar/foshanJL.MIS/190424AB.ZON/ROHDATA/LID10001.DAT,<LOCAL_DATA_ROOT>\external_assets\zenodo_gpr_14637589\extracted\Data Set\rebar\foshanJL.MIS\190424AB.ZON\ROHDATA\LID10001.DAT,2026-08-11,False,public labelled or organized dataset; labels are visible before prediction freeze
zenodo_14637589,10.5281/zenodo.14637589,cc-by-4.0,zenodo_14637589_00569,rebar,rebar,foshanJL.MIS,rebar/foshanJL.MIS,rebar/foshanJL.MIS,ROHDATA,.dat,raw_gpr_trace,raw_trace,1145780,9f285398b73faaf1679ceb778003524bcfe2a6d5b12f53ccbc3a7f8781de3d0d,rebar/foshanJL.MIS/190424AB.ZON/ROHDATA/LID10002.DAT,external_assets/zenodo_gpr_14637589/extracted/Data Set/rebar/foshanJL.MIS/190424AB.ZON/ROHDATA/LID10002.DAT,<LOCAL_DATA_ROOT>\external_assets\zenodo_gpr_14637589\extracted\Data Set\rebar\foshanJL.MIS\190424AB.ZON\ROHDATA\LID10002.DAT,2026-08-11,False,public labelled or organized dataset; labels are visible before prediction freeze
zenodo_14637589,10.5281/zenodo.14637589,cc-by-4.0,zenodo_14637589_00570,rebar,rebar,foshanJL.MIS,rebar/foshanJL.MIS,rebar/foshanJL.MIS,ROHDATA,.dat,raw_gpr_trace,raw_trace,1052560,95b35c845e94c9ff91e03174d51cd86be96f360e8a65aeec1b424f855a578d64,rebar/foshanJL.MIS/190424AB.ZON/ROHDATA/YP000000.DAT,external_assets/zenodo_gpr_14637589/extracted/Data Set/rebar/foshanJL.MIS/190424AB.ZON/ROHDATA/YP000000.DAT,<LOCAL_DATA_ROOT>\external_assets\zenodo_gpr_14637589\extracted\Data Set\rebar\foshanJL.MIS\190424AB.ZON\ROHDATA\YP000000.DAT,2026-08-11,False,public labelled or organized dataset; labels are visible before prediction freeze
zenodo_14637589,10.5281/zenodo.14637589,cc-by-4.0,zenodo_14637589_00571,rebar,rebar,foshanJL.MIS,rebar/foshanJL.MIS,rebar/foshanJL.MIS,ASCII,.dt,raw_gpr_trace,raw_trace,655864,6c16a71f9791b488c476c68580e1526d061b8d9a142e9d6500a823fd6095ef93,rebar/foshanJL.MIS/190424AC.ZON/ASCII/LID10001.dt,external_assets/zenodo_gpr_14637589/extracted/Data Set/rebar/foshanJL.MIS/190424AC.ZON/ASCII/LID10001.dt,<LOCAL_DATA_ROOT>\external_assets\zenodo_gpr_14637589\extracted\Data Set\rebar\foshanJL.MIS\190424AC.ZON\ASCII\LID10001.dt,2026-08-11,False,public labelled or organized dataset; labels are visible before prediction freeze
zenodo_14637589,10.5281/zenodo.14637589,cc-by-4.0,zenodo_14637589_00572,rebar,rebar,foshanJL.MIS,rebar/foshanJL.MIS,rebar/foshanJL.MIS,190424AC.ZON,.dt,raw_gpr_trace,raw_trace,655864,6c16a71f9791b488c476c68580e1526d061b8d9a142e9d6500a823fd6095ef93,rebar/foshanJL.MIS/190424AC.ZON/LID10001.dt,external_assets/zenodo_gpr_14637589/extracted/Data Set/rebar/foshanJL.MIS/190424AC.ZON/LID10001.dt,<LOCAL_DATA_ROOT>\external_assets\zenodo_gpr_14637589\extracted\Data Set\rebar\foshanJL.MIS\190424AC.ZON\LID10001.dt,2026-08-11,False,public labelled or organized dataset; labels are visible before prediction freeze
zenodo_14637589,10.5281/zenodo.14637589,cc-by-4.0,zenodo_14637589_00573,rebar,rebar,foshanJL.MIS,rebar/foshanJL.MIS,rebar/foshanJL.MIS,ROHDATA,.dat,raw_gpr_trace,raw_trace,735140,76d57e008d83620b31c1354ee4f42fe72b40060cbebf6c5e040c72cbe02d464a,rebar/foshanJL.MIS/190424AC.ZON/ROHDATA/YP000000.DAT,external_assets/zenodo_gpr_14637589/extracted/Data Set/rebar/foshanJL.MIS/190424AC.ZON/ROHDATA/YP000000.DAT,<LOCAL_DATA_ROOT>\external_assets\zenodo_gpr_14637589\extracted\Data Set\rebar\foshanJL.MIS\190424AC.ZON\ROHDATA\YP000000.DAT,2026-08-11,False,public labelled or organized dataset; labels are visible before prediction freeze
zenodo_14637589,10.5281/zenodo.14637589,cc-by-4.0,zenodo_14637589_00574,rebar,rebar,foshanJL.MIS,rebar/foshanJL.MIS,rebar/foshanJL.MIS,190424AD.ZON,.dt,raw_gpr_trace,raw_trace,1611904,fcb8e3600ace884283d9ece686183bddae3bb91b8a6ac6a05eb910bf5db4cbc9,rebar/foshanJL.MIS/190424AD.ZON/LID10001.dt,external_assets/zenodo_gpr_14637589/extracted/Data Set/rebar/foshanJL.MIS/190424AD.ZON/LID10001.dt,<LOCAL_DATA_ROOT>\external_assets\zenodo_gpr_14637589\extracted\Data Set\rebar\foshanJL.MIS\190424AD.ZON\LID10001.dt,2026-08-11,False,public labelled or organized dataset; labels are visible before prediction freeze
zenodo_14637589,10.5281/zenodo.14637589,cc-by-4.0,zenodo_14637589_00575,rebar,rebar,foshanJL.MIS,rebar/foshanJL.MIS,rebar/foshanJL.MIS,190424AE.ZON,.dt,raw_gpr_trace,raw_trace,1571812,6319aa708bbdc57b9b7a5344d7f1580c79ff4e94213c973ee9e1214387d76317,rebar/foshanJL.MIS/190424AE.ZON/LID10001.dt,external_assets/zenodo_gpr_14637589/extracted/Data Set/rebar/foshanJL.MIS/190424AE.ZON/LID10001.dt,<LOCAL_DATA_ROOT>\external_assets\zenodo_gpr_14637589\extracted\Data Set\rebar\foshanJL.MIS\190424AE.ZON\LID10001.dt,2026-08-11,False,public labelled or organized dataset; labels are visible before prediction freeze
zenodo_14637589,10.5281/zenodo.14637589,cc-by-4.0,zenodo_14637589_00576,rebar,rebar,foshanJL.MIS,rebar/foshanJL.MIS,rebar/foshanJL.MIS,ROHDATA,.dat,raw_gpr_trace,raw_trace,1786520,fa46b9b1556fb28a74c1920f87a9afec1b7534944a5e49ce686c7c9d5bd533d5,rebar/foshanJL.MIS/190424AE.ZON/ROHDATA/LID10001.DAT,external_assets/zenodo_gpr_14637589/extracted/Data Set/rebar/foshanJL.MIS/190424AE.ZON/ROHDATA/LID10001.DAT,<LOCAL_DATA_ROOT>\external_assets\zenodo_gpr_14637589\extracted\Data Set\rebar\foshanJL.MIS\190424AE.ZON\ROHDATA\LID10001.DAT,2026-08-11,False,public labelled or organized dataset; labels are visible before prediction freeze
zenodo_14637589,10.5281/zenodo.14637589,cc-by-4.0,zenodo_14637589_00577,rebar,rebar,foshanJL.MIS,rebar/foshanJL.MIS,rebar/foshanJL.MIS,ASCII,.dt,raw_gpr_trace,raw_trace,997160,c63b9a952c264cfe2552b08dec037146d279b9dc8640ef71733bbd12266ed511,rebar/foshanJL.MIS/190424AF.ZON/ASCII/LID10001.dt,external_assets/zenodo_gpr_14637589/extracted/Data Set/rebar/foshanJL.MIS/190424AF.ZON/ASCII/LID10001.dt,<LOCAL_DATA_ROOT>\external_assets\zenodo_gpr_14637589\extracted\Data Set\rebar\foshanJL.MIS\190424AF.ZON\ASCII\LID10001.dt,2026-08-11,False,public labelled or organized dataset; labels are visible before prediction freeze
zenodo_14637589,10.5281/zenodo.14637589,cc-by-4.0,zenodo_14637589_00578,rebar,rebar,foshanJL.MIS,rebar/foshanJL.MIS,rebar/foshanJL.MIS,190424AF.ZON,.dt,raw_gpr_trace,raw_trace,997160,c63b9a952c264cfe2552b08dec037146d279b9dc8640ef71733bbd12266ed511,rebar/foshanJL.MIS/190424AF.ZON/LID10001.dt,external_assets/zenodo_gpr_14637589/extracted/Data Set/rebar/foshanJL.MIS/190424AF.ZON/LID10001.dt,<LOCAL_DATA_ROOT>\external_assets\zenodo_gpr_14637589\extracted\Data Set\rebar\foshanJL.MIS\190424AF.ZON\LID10001.dt,2026-08-11,False,public labelled or organized dataset; labels are visible before prediction freeze
zenodo_14637589,10.5281/zenodo.14637589,cc-by-4.0,zenodo_14637589_00579,rebar,rebar,foshanJL.MIS,rebar/foshanJL.MIS,rebar/foshanJL.MIS,ROHDATA,.dat,raw_gpr_trace,raw_trace,1126900,42cf1a7e766c35a844d0fa68b5aa259a42851a51a88b981e23988d726179227d,rebar/foshanJL.MIS/190424AF.ZON/ROHDATA/YP000000.DAT,external_assets/zenodo_gpr_14637589/extracted/Data Set/rebar/foshanJL.MIS/190424AF.ZON/ROHDATA/YP000000.DAT,<LOCAL_DATA_ROOT>\external_assets\zenodo_gpr_14637589\extracted\Data Set\rebar\foshanJL.MIS\190424AF.ZON\ROHDATA\YP000000.DAT,2026-08-11,False,public labelled or organized dataset; labels are visible before prediction freeze
zenodo_14637589,10.5281/zenodo.14637589,cc-by-4.0,zenodo_14637589_00580,rebar,rebar,foshanJL.MIS,rebar/foshanJL.MIS,rebar/foshanJL.MIS,190424AG.ZON,.dt,raw_gpr_trace,raw_trace,1062952,429492f27c7c8d765b7d672c7b92f212b427dd4dccafad6ac8667d5513c06887,rebar/foshanJL.MIS/190424AG.ZON/LID10001.dt,external_assets/zenodo_gpr_14637589/extracted/Data Set/rebar/foshanJL.MIS/190424AG.ZON/LID10001.dt,<LOCAL_DATA_ROOT>\external_assets\zenodo_gpr_14637589\extracted\Data Set\rebar\foshanJL.MIS\190424AG.ZON\LID10001.dt,2026-08-11,False,public labelled or organized dataset; labels are visible before prediction freeze
zenodo_14637589,10.5281/zenodo.14637589,cc-by-4.0,zenodo_14637589_00581,rebar,rebar,foshanJL.MIS,rebar/foshanJL.MIS,rebar/foshanJL.MIS,190424AH.ZON,.dt,raw_gpr_trace,raw_trace,1973760,454fc10005fd50e2281c7cb606d35a7152e00c2a73be184a50c96676ea9db947,rebar/foshanJL.MIS/190424AH.ZON/LID10001.dt,external_assets/zenodo_gpr_14637589/extracted/Data Set/rebar/foshanJL.MIS/190424AH.ZON/LID10001.dt,<LOCAL_DATA_ROOT>\external_assets\zenodo_gpr_14637589\extracted\Data Set\rebar\foshanJL.MIS\190424AH.ZON\LID10001.dt,2026-08-11,False,public labelled or organized dataset; labels are visible before prediction freeze
zenodo_14637589,10.5281/zenodo.14637589,cc-by-4.0,zenodo_14637589_00582,rebar,rebar,foshanJL.MIS,rebar/foshanJL.MIS,rebar/foshanJL.MIS,190424AH.ZON,.dt,raw_gpr_trace,raw_trace,2003572,a060c57d8cc4cd6fb354916d190a5947b6598f9908a49f06cb6df9133bcd2381,rebar/foshanJL.MIS/190424AH.ZON/LID10002.dt,external_assets/zenodo_gpr_14637589/extracted/Data Set/rebar/foshanJL.MIS/190424AH.ZON/LID10002.dt,<LOCAL_DATA_ROOT>\external_assets\zenodo_gpr_14637589\extracted\Data Set\rebar\foshanJL.MIS\190424AH.ZON\LID10002.dt,2026-08-11,False,public labelled or organized dataset; labels are visible before prediction freeze
zenodo_14637589,10.5281/zenodo.14637589,cc-by-4.0,zenodo_14637589_00583,rebar,rebar,foshanJL.MIS,rebar/foshanJL.MIS,rebar/foshanJL.MIS,ROHDATA,.dat,raw_gpr_trace,raw_trace,2247900,7e24d2f4a390e4f767f95c938b0bddcafe1585eabd78007af1308930fa2a4074,rebar/foshanJL.MIS/190424AH.ZON/ROHDATA/LID10001.DAT,external_assets/zenodo_gpr_14637589/extracted/Data Set/rebar/foshanJL.MIS/190424AH.ZON/ROHDATA/LID10001.DAT,<LOCAL_DATA_ROOT>\external_assets\zenodo_gpr_14637589\extracted\Data Set\rebar\foshanJL.MIS\190424AH.ZON\ROHDATA\LID10001.DAT,2026-08-11,False,public labelled or organized dataset; labels are visible before prediction freeze
zenodo_14637589,10.5281/zenodo.14637589,cc-by-4.0,zenodo_14637589_00584,rebar,rebar,foshanJL.MIS,rebar/foshanJL.MIS,rebar/foshanJL.MIS,ROHDATA,.dat,raw_gpr_trace,raw_trace,2282120,c326294e1f41f332ff7af3b31ba95291401927de8000296f0325f04f444632f2,rebar/foshanJL.MIS/190424AH.ZON/ROHDATA/LID10002.DAT,external_assets/zenodo_gpr_14637589/extracted/Data Set/rebar/foshanJL.MIS/190424AH.ZON/ROHDATA/LID10002.DAT,<LOCAL_DATA_ROOT>\external_assets\zenodo_gpr_14637589\extracted\Data Set\rebar\foshanJL.MIS\190424AH.ZON\ROHDATA\LID10002.DAT,2026-08-11,False,public labelled or organized dataset; labels are visible before prediction freeze
zenodo_14637589,10.5281/zenodo.14637589,cc-by-4.0,zenodo_14637589_00585,rebar,rebar,foshanJL.MIS,rebar/foshanJL.MIS,rebar/foshanJL.MIS,ASCII,.dt,raw_gpr_trace,raw_trace,1008468,4b641e3c390445b0ac8fbc0ce58b970094854cf8926237096f02a19b14eb12b4,rebar/foshanJL.MIS/190424AI.ZON/ASCII/LID10001.dt,external_assets/zenodo_gpr_14637589/extracted/Data Set/rebar/foshanJL.MIS/190424AI.ZON/ASCII/LID10001.dt,<LOCAL_DATA_ROOT>\external_assets\zenodo_gpr_14637589\extracted\Data Set\rebar\foshanJL.MIS\190424AI.ZON\ASCII\LID10001.dt,2026-08-11,False,public labelled or organized dataset; labels are visible before prediction freeze
zenodo_14637589,10.5281/zenodo.14637589,cc-by-4.0,zenodo_14637589_00586,rebar,rebar,foshanJL.MIS,rebar/foshanJL.MIS,rebar/foshanJL.MIS,ASCII,.dt,raw_gpr_trace,raw_trace,1013608,8ae0a7cdc2c5b9c82081669e9199147aa4b56f27f809a8d3be7021b7a082ce23,rebar/foshanJL.MIS/190424AI.ZON/ASCII/LID10002.dt,external_assets/zenodo_gpr_14637589/extracted/Data Set/rebar/foshanJL.MIS/190424AI.ZON/ASCII/LID10002.dt,<LOCAL_DATA_ROOT>\external_assets\zenodo_gpr_14637589\extracted\Data Set\rebar\foshanJL.MIS\190424AI.ZON\ASCII\LID10002.dt,2026-08-11,False,public labelled or organized dataset; labels are visible before prediction freeze
zenodo_14637589,10.5281/zenodo.14637589,cc-by-4.0,zenodo_14637589_00587,rebar,rebar,foshanJL.MIS,rebar/foshanJL.MIS,rebar/foshanJL.MIS,190424AI.ZON,.dt,raw_gpr_trace,raw_trace,1008468,4b641e3c390445b0ac8fbc0ce58b970094854cf8926237096f02a19b14eb12b4,rebar/foshanJL.MIS/190424AI.ZON/LID10001.dt,external_assets/zenodo_gpr_14637589/extracted/Data Set/rebar/foshanJL.MIS/190424AI.ZON/LID10001.dt,<LOCAL_DATA_ROOT>\external_assets\zenodo_gpr_14637589\extracted\Data Set\rebar\foshanJL.MIS\190424AI.ZON\LID10001.dt,2026-08-11,False,public labelled or organized dataset; labels are visible before prediction freeze
zenodo_14637589,10.5281/zenodo.14637589,cc-by-4.0,zenodo_14637589_00588,rebar,rebar,foshanJL.MIS,rebar/foshanJL.MIS,rebar/foshanJL.MIS,190424AI.ZON,.dt,raw_gpr_trace,raw_trace,1013608,8ae0a7cdc2c5b9c82081669e9199147aa4b56f27f809a8d3be7021b7a082ce23,rebar/foshanJL.MIS/190424AI.ZON/LID10002.dt,external_assets/zenodo_gpr_14637589/extracted/Data Set/rebar/foshanJL.MIS/190424AI.ZON/LID10002.dt,<LOCAL_DATA_ROOT>\external_assets\zenodo_gpr_14637589\extracted\Data Set\rebar\foshanJL.MIS\190424AI.ZON\LID10002.dt,2026-08-11,False,public labelled or organized dataset; labels are visible before prediction freeze
zenodo_14637589,10.5281/zenodo.14637589,cc-by-4.0,zenodo_14637589_00589,rebar,rebar,foshanJL.MIS,rebar/foshanJL.MIS,rebar/foshanJL.MIS,ROHDATA,.dat,raw_gpr_trace,raw_trace,1139880,f619c1ab4583b148ce597106fe21ee77102fdc1a1ebaf8dc9d993c256d16299f,rebar/foshanJL.MIS/190424AI.ZON/ROHDATA/LID10001.DAT,external_assets/zenodo_gpr_14637589/extracted/Data Set/rebar/foshanJL.MIS/190424AI.ZON/ROHDATA/LID10001.DAT,<LOCAL_DATA_ROOT>\external_assets\zenodo_gpr_14637589\extracted\Data Set\rebar\foshanJL.MIS\190424AI.ZON\ROHDATA\LID10001.DAT,2026-08-11,False,public labelled or organized dataset; labels are visible before prediction freeze
zenodo_14637589,10.5281/zenodo.14637589,cc-by-4.0,zenodo_14637589_00590,rebar,rebar,foshanJL.MIS,rebar/foshanJL.MIS,rebar/foshanJL.MIS,ROHDATA,.dat,raw_gpr_trace,raw_trace,1145780,252190f309f1779349d8fb0976327fdd955457f2871c1292f3258599d7557f91,rebar/foshanJL.MIS/190424AI.ZON/ROHDATA/LID10002.DAT,external_assets/zenodo_gpr_14637589/extracted/Data Set/rebar/foshanJL.MIS/190424AI.ZON/ROHDATA/LID10002.DAT,<LOCAL_DATA_ROOT>\external_assets\zenodo_gpr_14637589\extracted\Data Set\rebar\foshanJL.MIS\190424AI.ZON\ROHDATA\LID10002.DAT,2026-08-11,False,public labelled or organized dataset; labels are visible before prediction freeze
zenodo_14637589,10.5281/zenodo.14637589,cc-by-4.0,zenodo_14637589_00591,rebar,rebar,foshanJL.MIS,rebar/foshanJL.MIS,rebar/foshanJL.MIS,ROHDATA,.dat,raw_gpr_trace,raw_trace,1139880,9a0158e45c5b0b152a6338dced7bfecb79fae860431cf71f92b95620f20e30ea,rebar/foshanJL.MIS/190424AI.ZON/ROHDATA/YP000000.DAT,external_assets/zenodo_gpr_14637589/extracted/Data Set/rebar/foshanJL.MIS/190424AI.ZON/ROHDATA/YP000000.DAT,<LOCAL_DATA_ROOT>\external_assets\zenodo_gpr_14637589\extracted\Data Set\rebar\foshanJL.MIS\190424AI.ZON\ROHDATA\YP000000.DAT,2026-08-11,False,public labelled or organized dataset; labels are visible before prediction freeze
zenodo_14637589,10.5281/zenodo.14637589,cc-by-4.0,zenodo_14637589_00592,rebar,rebar,foshanJL.MIS,rebar/foshanJL.MIS,rebar/foshanJL.MIS,190424AJ.ZON,.dt,raw_gpr_trace,raw_trace,1235656,a499ddae920732011c07a1f9b05e53d614cfba38fed8d886a28b6c07cd9e2125,rebar/foshanJL.MIS/190424AJ.ZON/LID10001.dt,external_assets/zenodo_gpr_14637589/extracted/Data Set/rebar/foshanJL.MIS/190424AJ.ZON/LID10001.dt,<LOCAL_DATA_ROOT>\external_assets\zenodo_gpr_14637589\extracted\Data Set\rebar\foshanJL.MIS\190424AJ.ZON\LID10001.dt,2026-08-11,False,public labelled or organized dataset; labels are visible before prediction freeze
zenodo_14637589,10.5281/zenodo.14637589,cc-by-4.0,zenodo_14637589_00593,rebar,rebar,foshanJL.MIS,rebar/foshanJL.MIS,rebar/foshanJL.MIS,190424AJ.ZON,.dt,raw_gpr_trace,raw_trace,1267524,698d35f3b2700f8b43059a186001c0a48d2c89d158adfec423831cacbf2baa24,rebar/foshanJL.MIS/190424AJ.ZON/LID10002.dt,external_assets/zenodo_gpr_14637589/extracted/Data Set/rebar/foshanJL.MIS/190424AJ.ZON/LID10002.dt,<LOCAL_DATA_ROOT>\external_assets\zenodo_gpr_14637589\extracted\Data Set\rebar\foshanJL.MIS\190424AJ.ZON\LID10002.dt,2026-08-11,False,public labelled or organized dataset; labels are visible before prediction freeze
zenodo_14637589,10.5281/zenodo.14637589,cc-by-4.0,zenodo_14637589_00594,rebar,rebar,foshanJL.MIS,rebar/foshanJL.MIS,rebar/foshanJL.MIS,190424AK.ZON,.dt,raw_gpr_trace,raw_trace,1003328,25ca8179f4d1b51799ebe39dcb286ed5d2ae47358334e0403f0d6c82544d2e9b,rebar/foshanJL.MIS/190424AK.ZON/LID10001.dt,external_assets/zenodo_gpr_14637589/extracted/Data Set/rebar/foshanJL.MIS/190424AK.ZON/LID10001.dt,<LOCAL_DATA_ROOT>\external_assets\zenodo_gpr_14637589\extracted\Data Set\rebar\foshanJL.MIS\190424AK.ZON\LID10001.dt,2026-08-11,False,public labelled or organized dataset; labels are visible before prediction freeze
zenodo_14637589,10.5281/zenodo.14637589,cc-by-4.0,zenodo_14637589_00595,rebar,rebar,foshanJL.MIS,rebar/foshanJL.MIS,rebar/foshanJL.MIS,190424AK.ZON,.dt,raw_gpr_trace,raw_trace,1069120,2759a7bf26cc1b4a8d569d222c549b1199f427349f2def75d3db0d5b27ee37a4,rebar/foshanJL.MIS/190424AK.ZON/LID10002.dt,external_assets/zenodo_gpr_14637589/extracted/Data Set/rebar/foshanJL.MIS/190424AK.ZON/LID10002.dt,<LOCAL_DATA_ROOT>\external_assets\zenodo_gpr_14637589\extracted\Data Set\rebar\foshanJL.MIS\190424AK.ZON\LID10002.dt,2026-08-11,False,public labelled or organized dataset; labels are visible before prediction freeze
zenodo_14637589,10.5281/zenodo.14637589,cc-by-4.0,zenodo_14637589_00596,rebar,rebar,foshanJL.MIS,rebar/foshanJL.MIS,rebar/foshanJL.MIS,190424AL.ZON,.dt,raw_gpr_trace,raw_trace,1244908,498d5437c3cb2110f3320a86a3d9e1bbbeab2e952093241b28196d41b7b0f193,rebar/foshanJL.MIS/190424AL.ZON/LID10001.dt,external_assets/zenodo_gpr_14637589/extracted/Data Set/rebar/foshanJL.MIS/190424AL.ZON/LID10001.dt,<LOCAL_DATA_ROOT>\external_assets\zenodo_gpr_14637589\extracted\Data Set\rebar\foshanJL.MIS\190424AL.ZON\LID10001.dt,2026-08-11,False,public labelled or organized dataset; labels are visible before prediction freeze
zenodo_14637589,10.5281/zenodo.14637589,cc-by-4.0,zenodo_14637589_00597,rebar,rebar,foshanJL.MIS,rebar/foshanJL.MIS,rebar/foshanJL.MIS,190424AL.ZON,.dt,raw_gpr_trace,raw_trace,1239768,1bdc0d8e439be7f8081b0eea0805bda0012de280ec7d7ae7765763c21d9450f1,rebar/foshanJL.MIS/190424AL.ZON/LID10002.dt,external_assets/zenodo_gpr_14637589/extracted/Data Set/rebar/foshanJL.MIS/190424AL.ZON/LID10002.dt,<LOCAL_DATA_ROOT>\external_assets\zenodo_gpr_14637589\extracted\Data Set\rebar\foshanJL.MIS\190424AL.ZON\LID10002.dt,2026-08-11,False,public labelled or organized dataset; labels are visible before prediction freeze
zenodo_14637589,10.5281/zenodo.14637589,cc-by-4.0,zenodo_14637589_00598,rebar,rebar,foshanJL.MIS,rebar/foshanJL.MIS,rebar/foshanJL.MIS,ROHDATA,.dat,raw_gpr_trace,raw_trace,1411280,9f7e79d0da420cd9fc6cbf70c093b2f74bb966fb2bfb35fb2298d82c00dc0ea8,rebar/foshanJL.MIS/190424AL.ZON/ROHDATA/LID10001.DAT,external_assets/zenodo_gpr_14637589/extracted/Data Set/rebar/foshanJL.MIS/190424AL.ZON/ROHDATA/LID10001.DAT,<LOCAL_DATA_ROOT>\external_assets\zenodo_gpr_14637589\extracted\Data Set\rebar\foshanJL.MIS\190424AL.ZON\ROHDATA\LID10001.DAT,2026-08-11,False,public labelled or organized dataset; labels are visible before prediction freeze
zenodo_14637589,10.5281/zenodo.14637589,cc-by-4.0,zenodo_14637589_00599,rebar,rebar,foshanJL.MIS,rebar/foshanJL.MIS,rebar/foshanJL.MIS,ROHDATA,.dat,raw_gpr_trace,raw_trace,1405380,e45b60a6dd6766317bee6eade855ca47982a0b16de43ce994dff4df8dc77f400,rebar/foshanJL.MIS/190424AL.ZON/ROHDATA/LID10002.DAT,external_assets/zenodo_gpr_14637589/extracted/Data Set/rebar/foshanJL.MIS/190424AL.ZON/ROHDATA/LID10002.DAT,<LOCAL_DATA_ROOT>\external_assets\zenodo_gpr_14637589\extracted\Data Set\rebar\foshanJL.MIS\190424AL.ZON\ROHDATA\LID10002.DAT,2026-08-11,False,public labelled or organized dataset; labels are visible before prediction freeze
zenodo_14637589,10.5281/zenodo.14637589,cc-by-4.0,zenodo_14637589_00600,rebar,rebar,foshanJL.MIS,rebar/foshanJL.MIS,rebar/foshanJL.MIS,190424AM.ZON,.dt,raw_gpr_trace,raw_trace,740160,00684e56abc6034c1ebf576628484eb27a720da1a11fb32b256448e0add6f776,rebar/foshanJL.MIS/190424AM.ZON/LID10001.dt,external_assets/zenodo_gpr_14637589/extracted/Data Set/rebar/foshanJL.MIS/190424AM.ZON/LID10001.dt,<LOCAL_DATA_ROOT>\external_assets\zenodo_gpr_14637589\extracted\Data Set\rebar\foshanJL.MIS\190424AM.ZON\LID10001.dt,2026-08-11,False,public labelled or organized dataset; labels are visible before prediction freeze
zenodo_14637589,10.5281/zenodo.14637589,cc-by-4.0,zenodo_14637589_00601,rebar,rebar,foshanJL.MIS,rebar/foshanJL.MIS,rebar/foshanJL.MIS,190424AM.ZON,.dt,raw_gpr_trace,raw_trace,714460,f40a338a25c1536de963bec799736e9a00d51caf6a9f573959dcf5597bc54e3d,rebar/foshanJL.MIS/190424AM.ZON/LID10002.dt,external_assets/zenodo_gpr_14637589/extracted/Data Set/rebar/foshanJL.MIS/190424AM.ZON/LID10002.dt,<LOCAL_DATA_ROOT>\external_assets\zenodo_gpr_14637589\extracted\Data Set\rebar\foshanJL.MIS\190424AM.ZON\LID10002.dt,2026-08-11,False,public labelled or organized dataset; labels are visible before prediction freeze
zenodo_14637589,10.5281/zenodo.14637589,cc-by-4.0,zenodo_14637589_00602,rebar,rebar,foshanJL.MIS,rebar/foshanJL.MIS,rebar/foshanJL.MIS,190424AN.ZON,.dt,raw_gpr_trace,raw_trace,1673584,1c16d3e5869ba114c150c01187725ce901637c687d7e2e203b64b323677340b1,rebar/foshanJL.MIS/190424AN.ZON/LID10001.dt,external_assets/zenodo_gpr_14637589/extracted/Data Set/rebar/foshanJL.MIS/190424AN.ZON/LID10001.dt,<LOCAL_DATA_ROOT>\external_assets\zenodo_gpr_14637589\extracted\Data Set\rebar\foshanJL.MIS\190424AN.ZON\LID10001.dt,2026-08-11,False,public labelled or organized dataset; labels are visible before prediction freeze
zenodo_14637589,10.5281/zenodo.14637589,cc-by-4.0,zenodo_14637589_00603,rebar,rebar,foshanJL.MIS,rebar/foshanJL.MIS,rebar/foshanJL.MIS,190424AN.ZON,.dt,raw_gpr_trace,raw_trace,1580036,23852e8ed080c3ad7634e58cd7e91b709265cab244d2eae79f6ec8f345fd1682,rebar/foshanJL.MIS/190424AN.ZON/LID10002.dt,external_assets/zenodo_gpr_14637589/extracted/Data Set/rebar/foshanJL.MIS/190424AN.ZON/LID10002.dt,<LOCAL_DATA_ROOT>\external_assets\zenodo_gpr_14637589\extracted\Data Set\rebar\foshanJL.MIS\190424AN.ZON\LID10002.dt,2026-08-11,False,public labelled or organized dataset; labels are visible before prediction freeze
zenodo_14637589,10.5281/zenodo.14637589,cc-by-4.0,zenodo_14637589_00604,rebar,rebar,foshanJL.MIS,rebar/foshanJL.MIS,rebar/foshanJL.MIS,190424B1.ZON,.dt,raw_gpr_trace,raw_trace,1239768,bea95e74169508bdec10c1b52e79d5922844b838d61ca947c6d1273aea759cb5,rebar/foshanJL.MIS/190424B1.ZON/LID10001.dt,external_assets/zenodo_gpr_14637589/extracted/Data Set/rebar/foshanJL.MIS/190424B1.ZON/LID10001.dt,<LOCAL_DATA_ROOT>\external_assets\zenodo_gpr_14637589\extracted\Data Set\rebar\foshanJL.MIS\190424B1.ZON\LID10001.dt,2026-08-11,False,public labelled or organized dataset; labels are visible before prediction freeze
zenodo_14637589,10.5281/zenodo.14637589,cc-by-4.0,zenodo_14637589_00605,rebar,rebar,foshanJL.MIS,rebar/foshanJL.MIS,rebar/foshanJL.MIS,190424B1.ZON,.dt,raw_gpr_trace,raw_trace,969404,0771984db77cbb3331a0b17887c8b6eeca83ec077b92bb268b430fca9819215e,rebar/foshanJL.MIS/190424B1.ZON/LID10002.dt,external_assets/zenodo_gpr_14637589/extracted/Data Set/rebar/foshanJL.MIS/190424B1.ZON/LID10002.dt,<LOCAL_DATA_ROOT>\external_assets\zenodo_gpr_14637589\extracted\Data Set\rebar\foshanJL.MIS\190424B1.ZON\LID10002.dt,2026-08-11,False,public labelled or organized dataset; labels are visible before prediction freeze
zenodo_14637589,10.5281/zenodo.14637589,cc-by-4.0,zenodo_14637589_00606,rebar,rebar,foshanJL.MIS,rebar/foshanJL.MIS,rebar/foshanJL.MIS,190424Z1.ZON,.dt,raw_gpr_trace,raw_trace,400920,8fb109dccd888fbb86904abacfd5d2e347cce5108c45d3be51d232a29ff82ea6,rebar/foshanJL.MIS/190424Z1.ZON/LID10001.dt,external_assets/zenodo_gpr_14637589/extracted/Data Set/rebar/foshanJL.MIS/190424Z1.ZON/LID10001.dt,<LOCAL_DATA_ROOT>\external_assets\zenodo_gpr_14637589\extracted\Data Set\rebar\foshanJL.MIS\190424Z1.ZON\LID10001.dt,2026-08-11,False,public labelled or organized dataset; labels are visible before prediction freeze
zenodo_14637589,10.5281/zenodo.14637589,cc-by-4.0,zenodo_14637589_00607,rebar,rebar,foshanJL.MIS,rebar/foshanJL.MIS,rebar/foshanJL.MIS,190424Z1.ZON,.dt,raw_gpr_trace,raw_trace,407088,53049d7f7a51d5350934427d12e35e276d2394a5afa0212b20aef57afc15662c,rebar/foshanJL.MIS/190424Z1.ZON/LID10002.dt,external_assets/zenodo_gpr_14637589/extracted/Data Set/rebar/foshanJL.MIS/190424Z1.ZON/LID10002.dt,<LOCAL_DATA_ROOT>\external_assets\zenodo_gpr_14637589\extracted\Data Set\rebar\foshanJL.MIS\190424Z1.ZON\LID10002.dt,2026-08-11,False,public labelled or organized dataset; labels are visible before prediction freeze
zenodo_14637589,10.5281/zenodo.14637589,cc-by-4.0,zenodo_14637589_00608,rebar,rebar,foshanJL.MIS,rebar/foshanJL.MIS,rebar/foshanJL.MIS,190424Z1.ZON,.dt,raw_gpr_trace,raw_trace,402976,a3a81a4d623eb147be7ebd2e1b1a111442f3566e8cb011eab948e6c7b3472460,rebar/foshanJL.MIS/190424Z1.ZON/LID10003.dt,external_assets/zenodo_gpr_14637589/extracted/Data Set/rebar/foshanJL.MIS/190424Z1.ZON/LID10003.dt,<LOCAL_DATA_ROOT>\external_assets\zenodo_gpr_14637589\extracted\Data Set\rebar\foshanJL.MIS\190424Z1.ZON\LID10003.dt,2026-08-11,False,public labelled or organized dataset; labels are visible before prediction freeze
zenodo_14637589,10.5281/zenodo.14637589,cc-by-4.0,zenodo_14637589_00609,rebar,rebar,foshanJL.MIS,rebar/foshanJL.MIS,rebar/foshanJL.MIS,ROHDATA,.dat,raw_gpr_trace,raw_trace,442500,56c8338e52d40bf4750effc98fd4cc111dbae87dedba90e0a2a1875f3d5a9939,rebar/foshanJL.MIS/190424Z1.ZON/ROHDATA/LID10001.DAT,external_assets/zenodo_gpr_14637589/extracted/Data Set/rebar/foshanJL.MIS/190424Z1.ZON/ROHDATA/LID10001.DAT,<LOCAL_DATA_ROOT>\external_assets\zenodo_gpr_14637589\extracted\Data Set\rebar\foshanJL.MIS\190424Z1.ZON\ROHDATA\LID10001.DAT,2026-08-11,False,public labelled or organized dataset; labels are visible before prediction freeze
zenodo_14637589,10.5281/zenodo.14637589,cc-by-4.0,zenodo_14637589_00610,rebar,rebar,foshanJL.MIS,rebar/foshanJL.MIS,rebar/foshanJL.MIS,ROHDATA,.dat,raw_gpr_trace,raw_trace,449580,3ce7258cdbdaf0ae2f4fb5f91ec4f6df52c5c672c287d5323e2b6a330daed7d3,rebar/foshanJL.MIS/190424Z1.ZON/ROHDATA/LID10002.DAT,external_assets/zenodo_gpr_14637589/extracted/Data Set/rebar/foshanJL.MIS/190424Z1.ZON/ROHDATA/LID10002.DAT,<LOCAL_DATA_ROOT>\external_assets\zenodo_gpr_14637589\extracted\Data Set\rebar\foshanJL.MIS\190424Z1.ZON\ROHDATA\LID10002.DAT,2026-08-11,False,public labelled or organized dataset; labels are visible before prediction freeze
zenodo_14637589,10.5281/zenodo.14637589,cc-by-4.0,zenodo_14637589_00611,rebar,rebar,foshanJL.MIS,rebar/foshanJL.MIS,rebar/foshanJL.MIS,ROHDATA,.dat,raw_gpr_trace,raw_trace,444860,7c4ce853db766778e6ea9336a252bf530714de6b0f378b2dea4186afbab8a766,rebar/foshanJL.MIS/190424Z1.ZON/ROHDATA/LID10003.DAT,external_assets/zenodo_gpr_14637589/extracted/Data Set/rebar/foshanJL.MIS/190424Z1.ZON/ROHDATA/LID10003.DAT,<LOCAL_DATA_ROOT>\external_assets\zenodo_gpr_14637589\extracted\Data Set\rebar\foshanJL.MIS\190424Z1.ZON\ROHDATA\LID10003.DAT,2026-08-11,False,public labelled or organized dataset; labels are visible before prediction freeze
zenodo_14637589,10.5281/zenodo.14637589,cc-by-4.0,zenodo_14637589_00612,rebar,rebar,foshanJL.MIS,rebar/foshanJL.MIS,rebar/foshanJL.MIS,190424Z2.ZON,.dt,raw_gpr_trace,raw_trace,334100,a13d541cc3aa1b5feb8932a7648aab0fe3bd61165fe598b27486a229d8d9be6b,rebar/foshanJL.MIS/190424Z2.ZON/LID10001.dt,external_assets/zenodo_gpr_14637589/extracted/Data Set/rebar/foshanJL.MIS/190424Z2.ZON/LID10001.dt,<LOCAL_DATA_ROOT>\external_assets\zenodo_gpr_14637589\extracted\Data Set\rebar\foshanJL.MIS\190424Z2.ZON\LID10001.dt,2026-08-11,False,public labelled or organized dataset; labels are visible before prediction freeze
zenodo_14637589,10.5281/zenodo.14637589,cc-by-4.0,zenodo_14637589_00613,rebar,rebar,foshanJL.MIS,rebar/foshanJL.MIS,rebar/foshanJL.MIS,190424Z2.ZON,.dt,raw_gpr_trace,raw_trace,308400,55be6cb7b80be1c3340bf1eb0db3bd0c8b3b7d99a927f6c278972a72ac0741f9,rebar/foshanJL.MIS/190424Z2.ZON/LID10002.dt,external_assets/zenodo_gpr_14637589/extracted/Data Set/rebar/foshanJL.MIS/190424Z2.ZON/LID10002.dt,<LOCAL_DATA_ROOT>\external_assets\zenodo_gpr_14637589\extracted\Data Set\rebar\foshanJL.MIS\190424Z2.ZON\LID10002.dt,2026-08-11,False,public labelled or organized dataset; labels are visible before prediction freeze
zenodo_14637589,10.5281/zenodo.14637589,cc-by-4.0,zenodo_14637589_00614,rebar,rebar,foshanJL.MIS,rebar/foshanJL.MIS,rebar/foshanJL.MIS,190424Z3.ZON,.dt,raw_gpr_trace,raw_trace,374192,cfad83a7691518dad1d2edbf30ddd1b95d53a5c87b85a9746179ca6415e78b22,rebar/foshanJL.MIS/190424Z3.ZON/LID10001.dt,external_assets/zenodo_gpr_14637589/extracted/Data Set/rebar/foshanJL.MIS/190424Z3.ZON/LID10001.dt,<LOCAL_DATA_ROOT>\external_assets\zenodo_gpr_14637589\extracted\Data Set\rebar\foshanJL.MIS\190424Z3.ZON\LID10001.dt,2026-08-11,False,public labelled or organized dataset; labels are visible before prediction freeze
zenodo_14637589,10.5281/zenodo.14637589,cc-by-4.0,zenodo_14637589_00615,rebar,rebar,foshanJL.MIS,rebar/foshanJL.MIS,rebar/foshanJL.MIS,190424Z3.ZON,.dt,raw_gpr_trace,raw_trace,390640,26387c68945a7eb8bba20e475ae0c67738b21299810a20fb9e3f63742786ab8f,rebar/foshanJL.MIS/190424Z3.ZON/LID10002.dt,external_assets/zenodo_gpr_14637589/extracted/Data Set/rebar/foshanJL.MIS/190424Z3.ZON/LID10002.dt,<LOCAL_DATA_ROOT>\external_assets\zenodo_gpr_14637589\extracted\Data Set\rebar\foshanJL.MIS\190424Z3.ZON\LID10002.dt,2026-08-11,False,public labelled or organized dataset; labels are visible before prediction freeze
zenodo_14637589,10.5281/zenodo.14637589,cc-by-4.0,zenodo_14637589_00616,rebar,rebar,foshanJL.MIS,rebar/foshanJL.MIS,rebar/foshanJL.MIS,B2.ZON,.dt,raw_gpr_trace,raw_trace,2438416,6cdb6f765b8601b3feabe1d1b7946f066882f01ab69379c86955fdfa0db4073a,rebar/foshanJL.MIS/B2.ZON/LID10001.dt,external_assets/zenodo_gpr_14637589/extracted/Data Set/rebar/foshanJL.MIS/B2.ZON/LID10001.dt,<LOCAL_DATA_ROOT>\external_assets\zenodo_gpr_14637589\extracted\Data Set\rebar\foshanJL.MIS\B2.ZON\LID10001.dt,2026-08-11,False,public labelled or organized dataset; labels are visible before prediction freeze
zenodo_14637589,10.5281/zenodo.14637589,cc-by-4.0,zenodo_14637589_00617,rebar,rebar,foshanJL.MIS,rebar/foshanJL.MIS,rebar/foshanJL.MIS,B3.ZON,.dt,raw_gpr_trace,raw_trace,3145680,1e79ab1c3d35cbd3d801c34691fee29ae7932483c0d256dc49f3304813007922,rebar/foshanJL.MIS/B3.ZON/LID10001.dt,external_assets/zenodo_gpr_14637589/extracted/Data Set/rebar/foshanJL.MIS/B3.ZON/LID10001.dt,<LOCAL_DATA_ROOT>\external_assets\zenodo_gpr_14637589\extracted\Data Set\rebar\foshanJL.MIS\B3.ZON\LID10001.dt,2026-08-11,False,public labelled or organized dataset; labels are visible before prediction freeze
zenodo_14637589,10.5281/zenodo.14637589,cc-by-4.0,zenodo_14637589_00618,rebar,rebar,foshanJL.MIS,rebar/foshanJL.MIS,rebar/foshanJL.MIS,ROHDATA,.dat,raw_gpr_trace,raw_trace,3593100,efaa6ba21aea09b9b7f34bc17adb87d0dc2f519deca9e5ae233e48371c0ae174,rebar/foshanJL.MIS/B3.ZON/ROHDATA/LID10001.DAT,external_assets/zenodo_gpr_14637589/extracted/Data Set/rebar/foshanJL.MIS/B3.ZON/ROHDATA/LID10001.DAT,<LOCAL_DATA_ROOT>\external_assets\zenodo_gpr_14637589\extracted\Data Set\rebar\foshanJL.MIS\B3.ZON\ROHDATA\LID10001.DAT,2026-08-11,False,public labelled or organized dataset; labels are visible before prediction freeze
zenodo_14637589,10.5281/zenodo.14637589,cc-by-4.0,zenodo_14637589_00619,rebar,rebar,foshanJL.MIS,rebar/foshanJL.MIS,rebar/foshanJL.MIS,B4.ZON,.dt,raw_gpr_trace,raw_trace,1170892,1575c81ef0189a8ae4fdff6b63d0e17a1d78af32214e26b20bc0c610cba687c5,rebar/foshanJL.MIS/B4.ZON/LID10001.dt,external_assets/zenodo_gpr_14637589/extracted/Data Set/rebar/foshanJL.MIS/B4.ZON/LID10001.dt,<LOCAL_DATA_ROOT>\external_assets\zenodo_gpr_14637589\extracted\Data Set\rebar\foshanJL.MIS\B4.ZON\LID10001.dt,2026-08-11,False,public labelled or organized dataset; labels are visible before prediction freeze
zenodo_14637589,10.5281/zenodo.14637589,cc-by-4.0,zenodo_14637589_00620,rebar,rebar,foshanJL.MIS,rebar/foshanJL.MIS,rebar/foshanJL.MIS,B4.ZON,.dt,raw_gpr_trace,raw_trace,1118464,fcea0ff1b95d026ff3c22e6b11d1511b239974f336dcde2a5e18fbcd210fd97c,rebar/foshanJL.MIS/B4.ZON/LID10002.dt,external_assets/zenodo_gpr_14637589/extracted/Data Set/rebar/foshanJL.MIS/B4.ZON/LID10002.dt,<LOCAL_DATA_ROOT>\external_assets\zenodo_gpr_14637589\extracted\Data Set\rebar\foshanJL.MIS\B4.ZON\LID10002.dt,2026-08-11,False,public labelled or organized dataset; labels are visible before prediction freeze
zenodo_14637589,10.5281/zenodo.14637589,cc-by-4.0,zenodo_14637589_00621,rebar,rebar,foshanJL.MIS,rebar/foshanJL.MIS,rebar/foshanJL.MIS,BH1.ZON,.dt,raw_gpr_trace,raw_trace,887164,cc23bb56e98d8a8fc0fc9189dfe09df18278d80863beea4bc94c961d02a851bf,rebar/foshanJL.MIS/BH1.ZON/LID10001.dt,external_assets/zenodo_gpr_14637589/extracted/Data Set/rebar/foshanJL.MIS/BH1.ZON/LID10001.dt,<LOCAL_DATA_ROOT>\external_assets\zenodo_gpr_14637589\extracted\Data Set\rebar\foshanJL.MIS\BH1.ZON\LID10001.dt,2026-08-11,False,public labelled or organized dataset; labels are visible before prediction freeze
zenodo_14637589,10.5281/zenodo.14637589,cc-by-4.0,zenodo_14637589_00622,rebar,rebar,foshanJL.MIS,rebar/foshanJL.MIS,rebar/foshanJL.MIS,BH1.ZON,.dt,raw_gpr_trace,raw_trace,936508,d594ac0d1e4cd7c266c066e0215d6fd80c938c1a6e04dd26613b0508a0732ad5,rebar/foshanJL.MIS/BH1.ZON/LID10002.dt,external_assets/zenodo_gpr_14637589/extracted/Data Set/rebar/foshanJL.MIS/BH1.ZON/LID10002.dt,<LOCAL_DATA_ROOT>\external_assets\zenodo_gpr_14637589\extracted\Data Set\rebar\foshanJL.MIS\BH1.ZON\LID10002.dt,2026-08-11,False,public labelled or organized dataset; labels are visible before prediction freeze
zenodo_14637589,10.5281/zenodo.14637589,cc-by-4.0,zenodo_14637589_00623,rebar,rebar,foshanJL.MIS,rebar/foshanJL.MIS,rebar/foshanJL.MIS,BH2.ZON,.dt,raw_gpr_trace,raw_trace,1093792,a05a49ccdab4c0ec1946984f4b800d35395b233c1991619bd146544c641e464d,rebar/foshanJL.MIS/BH2.ZON/LID10001.dt,external_assets/zenodo_gpr_14637589/extracted/Data Set/rebar/foshanJL.MIS/BH2.ZON/LID10001.dt,<LOCAL_DATA_ROOT>\external_assets\zenodo_gpr_14637589\extracted\Data Set\rebar\foshanJL.MIS\BH2.ZON\LID10001.dt,2026-08-11,False,public labelled or organized dataset; labels are visible before prediction freeze
zenodo_14637589,10.5281/zenodo.14637589,cc-by-4.0,zenodo_14637589_00624,rebar,rebar,foshanJL.MIS,rebar/foshanJL.MIS,rebar/foshanJL.MIS,BH2.ZON,.dt,raw_gpr_trace,raw_trace,1067064,f11a9b3a99db2fb724bdbfecc04b7d8a4bd10931857cceac2c038083690a4e96,rebar/foshanJL.MIS/BH2.ZON/LID10002.dt,external_assets/zenodo_gpr_14637589/extracted/Data Set/rebar/foshanJL.MIS/BH2.ZON/LID10002.dt,<LOCAL_DATA_ROOT>\external_assets\zenodo_gpr_14637589\extracted\Data Set\rebar\foshanJL.MIS\BH2.ZON\LID10002.dt,2026-08-11,False,public labelled or organized dataset; labels are visible before prediction freeze
zenodo_14637589,10.5281/zenodo.14637589,cc-by-4.0,zenodo_14637589_00625,rebar,rebar,foshanJL.MIS,rebar/foshanJL.MIS,rebar/foshanJL.MIS,BH2.ZON,.dt,raw_gpr_trace,raw_trace,1092764,9452db4c3aa685ef9a011af1d5dbbfb74848feab5cd6aa7c032d3a19460f44cb,rebar/foshanJL.MIS/BH2.ZON/LID10003.dt,external_assets/zenodo_gpr_14637589/extracted/Data Set/rebar/foshanJL.MIS/BH2.ZON/LID10003.dt,<LOCAL_DATA_ROOT>\external_assets\zenodo_gpr_14637589\extracted\Data Set\rebar\foshanJL.MIS\BH2.ZON\LID10003.dt,2026-08-11,False,public labelled or organized dataset; labels are visible before prediction freeze
zenodo_14637589,10.5281/zenodo.14637589,cc-by-4.0,zenodo_14637589_00626,rebar,rebar,foshanJL.MIS,rebar/foshanJL.MIS,rebar/foshanJL.MIS,ROHDATA,.dat,raw_gpr_trace,raw_trace,1237820,b1843455f2a8e7db796ebd5390369284b5f460bdef33a2290bb3749e10b6b821,rebar/foshanJL.MIS/BH2.ZON/ROHDATA/LID10001.DAT,external_assets/zenodo_gpr_14637589/extracted/Data Set/rebar/foshanJL.MIS/BH2.ZON/ROHDATA/LID10001.DAT,<LOCAL_DATA_ROOT>\external_assets\zenodo_gpr_14637589\extracted\Data Set\rebar\foshanJL.MIS\BH2.ZON\ROHDATA\LID10001.DAT,2026-08-11,False,public labelled or organized dataset; labels are visible before prediction freeze
zenodo_14637589,10.5281/zenodo.14637589,cc-by-4.0,zenodo_14637589_00627,rebar,rebar,foshanJL.MIS,rebar/foshanJL.MIS,rebar/foshanJL.MIS,ROHDATA,.dat,raw_gpr_trace,raw_trace,1207140,13cd93c302234a1628e2e2c4b67e5eed6604d0eb7f2ce88ed9688044e66c1584,rebar/foshanJL.MIS/BH2.ZON/ROHDATA/LID10002.DAT,external_assets/zenodo_gpr_14637589/extracted/Data Set/rebar/foshanJL.MIS/BH2.ZON/ROHDATA/LID10002.DAT,<LOCAL_DATA_ROOT>\external_assets\zenodo_gpr_14637589\extracted\Data Set\rebar\foshanJL.MIS\BH2.ZON\ROHDATA\LID10002.DAT,2026-08-11,False,public labelled or organized dataset; labels are visible before prediction freeze
zenodo_14637589,10.5281/zenodo.14637589,cc-by-4.0,zenodo_14637589_00628,rebar,rebar,foshanJL.MIS,rebar/foshanJL.MIS,rebar/foshanJL.MIS,ROHDATA,.dat,raw_gpr_trace,raw_trace,1236640,5a17931ac4b535030765df75c8eea214d58b0c51f052b9eb18673ac020141310,rebar/foshanJL.MIS/BH2.ZON/ROHDATA/LID10003.DAT,external_assets/zenodo_gpr_14637589/extracted/Data Set/rebar/foshanJL.MIS/BH2.ZON/ROHDATA/LID10003.DAT,<LOCAL_DATA_ROOT>\external_assets\zenodo_gpr_14637589\extracted\Data Set\rebar\foshanJL.MIS\BH2.ZON\ROHDATA\LID10003.DAT,2026-08-11,False,public labelled or organized dataset; labels are visible before prediction freeze
zenodo_14637589,10.5281/zenodo.14637589,cc-by-4.0,zenodo_14637589_00629,rebar,rebar,foshanJL.MIS,rebar/foshanJL.MIS,rebar/foshanJL.MIS,ASCII,.dt,raw_gpr_trace,raw_trace,842960,c1272efa7db19f12d4098ee1b1c1fd284cf781090f83a0b075ff20a6b76205d5,rebar/foshanJL.MIS/BS1.ZON/ASCII/LID10001.dt,external_assets/zenodo_gpr_14637589/extracted/Data Set/rebar/foshanJL.MIS/BS1.ZON/ASCII/LID10001.dt,<LOCAL_DATA_ROOT>\external_assets\zenodo_gpr_14637589\extracted\Data Set\rebar\foshanJL.MIS\BS1.ZON\ASCII\LID10001.dt,2026-08-11,False,public labelled or organized dataset; labels are visible before prediction freeze
zenodo_14637589,10.5281/zenodo.14637589,cc-by-4.0,zenodo_14637589_00630,rebar,rebar,foshanJL.MIS,rebar/foshanJL.MIS,rebar/foshanJL.MIS,ASCII,.dt,raw_gpr_trace,raw_trace,740160,976573368d234cd3e0032c98f9e5ee63f5aa3ce17d99b1f7b8d5760b67aa82a4,rebar/foshanJL.MIS/BS1.ZON/ASCII/LID10002.dt,external_assets/zenodo_gpr_14637589/extracted/Data Set/rebar/foshanJL.MIS/BS1.ZON/ASCII/LID10002.dt,<LOCAL_DATA_ROOT>\external_assets\zenodo_gpr_14637589\extracted\Data Set\rebar\foshanJL.MIS\BS1.ZON\ASCII\LID10002.dt,2026-08-11,False,public labelled or organized dataset; labels are visible before prediction freeze
zenodo_14637589,10.5281/zenodo.14637589,cc-by-4.0,zenodo_14637589_00631,rebar,rebar,foshanJL.MIS,rebar/foshanJL.MIS,rebar/foshanJL.MIS,BS1.ZON,.dt,raw_gpr_trace,raw_trace,842960,c1272efa7db19f12d4098ee1b1c1fd284cf781090f83a0b075ff20a6b76205d5,rebar/foshanJL.MIS/BS1.ZON/LID10001.dt,external_assets/zenodo_gpr_14637589/extracted/Data Set/rebar/foshanJL.MIS/BS1.ZON/LID10001.dt,<LOCAL_DATA_ROOT>\external_assets\zenodo_gpr_14637589\extracted\Data Set\rebar\foshanJL.MIS\BS1.ZON\LID10001.dt,2026-08-11,False,public labelled or organized dataset; labels are visible before prediction freeze
zenodo_14637589,10.5281/zenodo.14637589,cc-by-4.0,zenodo_14637589_00632,rebar,rebar,foshanJL.MIS,rebar/foshanJL.MIS,rebar/foshanJL.MIS,BS1.ZON,.dt,raw_gpr_trace,raw_trace,740160,976573368d234cd3e0032c98f9e5ee63f5aa3ce17d99b1f7b8d5760b67aa82a4,rebar/foshanJL.MIS/BS1.ZON/LID10002.dt,external_assets/zenodo_gpr_14637589/extracted/Data Set/rebar/foshanJL.MIS/BS1.ZON/LID10002.dt,<LOCAL_DATA_ROOT>\external_assets\zenodo_gpr_14637589\extracted\Data Set\rebar\foshanJL.MIS\BS1.ZON\LID10002.dt,2026-08-11,False,public labelled or organized dataset; labels are visible before prediction freeze
zenodo_14637589,10.5281/zenodo.14637589,cc-by-4.0,zenodo_14637589_00633,rebar,rebar,foshanJL.MIS,rebar/foshanJL.MIS,rebar/foshanJL.MIS,ROHDATA,.dat,raw_gpr_trace,raw_trace,949900,0f4760821533d77b43be29d5632076cdcedb41e5a19df1e4667f0af46610558e,rebar/foshanJL.MIS/BS1.ZON/ROHDATA/YP000000.DAT,external_assets/zenodo_gpr_14637589/extracted/Data Set/rebar/foshanJL.MIS/BS1.ZON/ROHDATA/YP000000.DAT,<LOCAL_DATA_ROOT>\external_assets\zenodo_gpr_14637589\extracted\Data Set\rebar\foshanJL.MIS\BS1.ZON\ROHDATA\YP000000.DAT,2026-08-11,False,public labelled or organized dataset; labels are visible before prediction freeze
zenodo_14637589,10.5281/zenodo.14637589,cc-by-4.0,zenodo_14637589_00634,rebar,rebar,foshanJL.MIS,rebar/foshanJL.MIS,rebar/foshanJL.MIS,BS2.ZON,.dt,raw_gpr_trace,raw_trace,797728,2492b1fbc7b82ac35c671b9174bdd3fee08052a6e8d772d1ac516b9cc914c6f6,rebar/foshanJL.MIS/BS2.ZON/LID10001.dt,external_assets/zenodo_gpr_14637589/extracted/Data Set/rebar/foshanJL.MIS/BS2.ZON/LID10001.dt,<LOCAL_DATA_ROOT>\external_assets\zenodo_gpr_14637589\extracted\Data Set\rebar\foshanJL.MIS\BS2.ZON\LID10001.dt,2026-08-11,False,public labelled or organized dataset; labels are visible before prediction freeze
zenodo_14637589,10.5281/zenodo.14637589,cc-by-4.0,zenodo_14637589_00635,rebar,rebar,foshanJL.MIS,rebar/foshanJL.MIS,rebar/foshanJL.MIS,BS3.ZON,.dt,raw_gpr_trace,raw_trace,948844,f0dd6bc1da8ce999b2de75bd12b0b4873acc19b72c67d87a9f817b27d0704c02,rebar/foshanJL.MIS/BS3.ZON/LID10001.dt,external_assets/zenodo_gpr_14637589/extracted/Data Set/rebar/foshanJL.MIS/BS3.ZON/LID10001.dt,<LOCAL_DATA_ROOT>\external_assets\zenodo_gpr_14637589\extracted\Data Set\rebar\foshanJL.MIS\BS3.ZON\LID10001.dt,2026-08-11,False,public labelled or organized dataset; labels are visible before prediction freeze
zenodo_14637589,10.5281/zenodo.14637589,cc-by-4.0,zenodo_14637589_00636,rebar,rebar,foshanJL.MIS,rebar/foshanJL.MIS,rebar/foshanJL.MIS,BS3.ZON,.dt,raw_gpr_trace,raw_trace,979684,8b79c15a56e2bac5ad4b7fb91d346ec32520b1e39aff18403a307b4e6eed0cf2,rebar/foshanJL.MIS/BS3.ZON/LID10002.dt,external_assets/zenodo_gpr_14637589/extracted/Data Set/rebar/foshanJL.MIS/BS3.ZON/LID10002.dt,<LOCAL_DATA_ROOT>\external_assets\zenodo_gpr_14637589\extracted\Data Set\rebar\foshanJL.MIS\BS3.ZON\LID10002.dt,2026-08-11,False,public labelled or organized dataset; labels are visible before prediction freeze
zenodo_14637589,10.5281/zenodo.14637589,cc-by-4.0,zenodo_14637589_00637,rebar,rebar,foshanJL.MIS,rebar/foshanJL.MIS,rebar/foshanJL.MIS,ASCII,.dt,raw_gpr_trace,raw_trace,1910024,c9309b1ca5b7e0f47ce9ad4d7960611766a5eb7e1d9602162b65b5c88a78a593,rebar/foshanJL.MIS/JH2.ZON/ASCII/LID10001.dt,external_assets/zenodo_gpr_14637589/extracted/Data Set/rebar/foshanJL.MIS/JH2.ZON/ASCII/LID10001.dt,<LOCAL_DATA_ROOT>\external_assets\zenodo_gpr_14637589\extracted\Data Set\rebar\foshanJL.MIS\JH2.ZON\ASCII\LID10001.dt,2026-08-11,False,public labelled or organized dataset; labels are visible before prediction freeze
zenodo_14637589,10.5281/zenodo.14637589,cc-by-4.0,zenodo_14637589_00638,rebar,rebar,foshanJL.MIS,rebar/foshanJL.MIS,rebar/foshanJL.MIS,ASCII,.dt,raw_gpr_trace,raw_trace,2003572,2bf8d8b3fed454ac09077711298ad5d75abfcaa3471f7f2fa597afd70bbea7f9,rebar/foshanJL.MIS/JH2.ZON/ASCII/LID10002.dt,external_assets/zenodo_gpr_14637589/extracted/Data Set/rebar/foshanJL.MIS/JH2.ZON/ASCII/LID10002.dt,<LOCAL_DATA_ROOT>\external_assets\zenodo_gpr_14637589\extracted\Data Set\rebar\foshanJL.MIS\JH2.ZON\ASCII\LID10002.dt,2026-08-11,False,public labelled or organized dataset; labels are visible before prediction freeze
zenodo_14637589,10.5281/zenodo.14637589,cc-by-4.0,zenodo_14637589_00639,rebar,rebar,foshanJL.MIS,rebar/foshanJL.MIS,rebar/foshanJL.MIS,JH2.ZON,.dt,raw_gpr_trace,raw_trace,1910024,c9309b1ca5b7e0f47ce9ad4d7960611766a5eb7e1d9602162b65b5c88a78a593,rebar/foshanJL.MIS/JH2.ZON/LID10001.dt,external_assets/zenodo_gpr_14637589/extracted/Data Set/rebar/foshanJL.MIS/JH2.ZON/LID10001.dt,<LOCAL_DATA_ROOT>\external_assets\zenodo_gpr_14637589\extracted\Data Set\rebar\foshanJL.MIS\JH2.ZON\LID10001.dt,2026-08-11,False,public labelled or organized dataset; labels are visible before prediction freeze
zenodo_14637589,10.5281/zenodo.14637589,cc-by-4.0,zenodo_14637589_00640,rebar,rebar,foshanJL.MIS,rebar/foshanJL.MIS,rebar/foshanJL.MIS,JH2.ZON,.dt,raw_gpr_trace,raw_trace,2003572,2bf8d8b3fed454ac09077711298ad5d75abfcaa3471f7f2fa597afd70bbea7f9,rebar/foshanJL.MIS/JH2.ZON/LID10002.dt,external_assets/zenodo_gpr_14637589/extracted/Data Set/rebar/foshanJL.MIS/JH2.ZON/LID10002.dt,<LOCAL_DATA_ROOT>\external_assets\zenodo_gpr_14637589\extracted\Data Set\rebar\foshanJL.MIS\JH2.ZON\LID10002.dt,2026-08-11,False,public labelled or organized dataset; labels are visible before prediction freeze
zenodo_14637589,10.5281/zenodo.14637589,cc-by-4.0,zenodo_14637589_00641,rebar,rebar,foshanJL.MIS,rebar/foshanJL.MIS,rebar/foshanJL.MIS,ROHDATA,.dat,raw_gpr_trace,raw_trace,2174740,a6354362d18f0c205ff6a0219a424858cd32bdcda8242e4e8297ec04ebdfa2a0,rebar/foshanJL.MIS/JH2.ZON/ROHDATA/YP000000.DAT,external_assets/zenodo_gpr_14637589/extracted/Data Set/rebar/foshanJL.MIS/JH2.ZON/ROHDATA/YP000000.DAT,<LOCAL_DATA_ROOT>\external_assets\zenodo_gpr_14637589\extracted\Data Set\rebar\foshanJL.MIS\JH2.ZON\ROHDATA\YP000000.DAT,2026-08-11,False,public labelled or organized dataset; labels are visible before prediction freeze
zenodo_14637589,10.5281/zenodo.14637589,cc-by-4.0,zenodo_14637589_00642,rebar,rebar,foshanJL.MIS,rebar/foshanJL.MIS,rebar/foshanJL.MIS,JH3.ZON,.dt,raw_gpr_trace,raw_trace,1581064,672f2181135bb00963bdc44914a5a53ed36ecd2492119e39f893c5a1cbe07a4f,rebar/foshanJL.MIS/JH3.ZON/LID10001.dt,external_assets/zenodo_gpr_14637589/extracted/Data Set/rebar/foshanJL.MIS/JH3.ZON/LID10001.dt,<LOCAL_DATA_ROOT>\external_assets\zenodo_gpr_14637589\extracted\Data Set\rebar\foshanJL.MIS\JH3.ZON\LID10001.dt,2026-08-11,False,public labelled or organized dataset; labels are visible before prediction freeze
zenodo_14637589,10.5281/zenodo.14637589,cc-by-4.0,zenodo_14637589_00643,rebar,rebar,foshanJL.MIS,rebar/foshanJL.MIS,rebar/foshanJL.MIS,JH4.ZON,.dt,raw_gpr_trace,raw_trace,1705452,31046405dc8d300699194559dbc3188f8cb59a9d8531340ec7803eeaf013c475,rebar/foshanJL.MIS/JH4.ZON/LID10001.dt,external_assets/zenodo_gpr_14637589/extracted/Data Set/rebar/foshanJL.MIS/JH4.ZON/LID10001.dt,<LOCAL_DATA_ROOT>\external_assets\zenodo_gpr_14637589\extracted\Data Set\rebar\foshanJL.MIS\JH4.ZON\LID10001.dt,2026-08-11,False,public labelled or organized dataset; labels are visible before prediction freeze
zenodo_14637589,10.5281/zenodo.14637589,cc-by-4.0,zenodo_14637589_00644,rebar,rebar,foshanJL.MIS,rebar/foshanJL.MIS,rebar/foshanJL.MIS,JH4.ZON,.dt,raw_gpr_trace,raw_trace,1695172,67a60cdd0bd7a3e79d0613cc12984ed3a5472620b61e98adf287830bf9e6751b,rebar/foshanJL.MIS/JH4.ZON/LID10002.dt,external_assets/zenodo_gpr_14637589/extracted/Data Set/rebar/foshanJL.MIS/JH4.ZON/LID10002.dt,<LOCAL_DATA_ROOT>\external_assets\zenodo_gpr_14637589\extracted\Data Set\rebar\foshanJL.MIS\JH4.ZON\LID10002.dt,2026-08-11,False,public labelled or organized dataset; labels are visible before prediction freeze
zenodo_14637589,10.5281/zenodo.14637589,cc-by-4.0,zenodo_14637589_00645,rebar,rebar,foshanJL.MIS,rebar/foshanJL.MIS,rebar/foshanJL.MIS,JH5.ZON,.dt,raw_gpr_trace,raw_trace,1714704,8afcde725db47cb0c872701408f1cb6ed7f6335e81969f3aaf8e451a52b0864f,rebar/foshanJL.MIS/JH5.ZON/LID10001.dt,external_assets/zenodo_gpr_14637589/extracted/Data Set/rebar/foshanJL.MIS/JH5.ZON/LID10001.dt,<LOCAL_DATA_ROOT>\external_assets\zenodo_gpr_14637589\extracted\Data Set\rebar\foshanJL.MIS\JH5.ZON\LID10001.dt,2026-08-11,False,public labelled or organized dataset; labels are visible before prediction freeze
zenodo_14637589,10.5281/zenodo.14637589,cc-by-4.0,zenodo_14637589_00646,rebar,rebar,foshanJL.MIS,rebar/foshanJL.MIS,rebar/foshanJL.MIS,JH5.ZON,.dt,raw_gpr_trace,raw_trace,1687976,241ef7b3ecb38bd3a8e7970774140a241781232697202c74f7aa7eeea1a523ad,rebar/foshanJL.MIS/JH5.ZON/LID10002.dt,external_assets/zenodo_gpr_14637589/extracted/Data Set/rebar/foshanJL.MIS/JH5.ZON/LID10002.dt,<LOCAL_DATA_ROOT>\external_assets\zenodo_gpr_14637589\extracted\Data Set\rebar\foshanJL.MIS\JH5.ZON\LID10002.dt,2026-08-11,False,public labelled or organized dataset; labels are visible before prediction freeze
zenodo_14637589,10.5281/zenodo.14637589,cc-by-4.0,zenodo_14637589_00647,rebar,rebar,foshanJL.MIS,rebar/foshanJL.MIS,rebar/foshanJL.MIS,ROHDATA,.dat,raw_gpr_trace,raw_trace,1950540,5d3c1da949bf3e199e62205f7c951ab0ae9271849e5569197655fe21a545d191,rebar/foshanJL.MIS/JH5.ZON/ROHDATA/LID10001.DAT,external_assets/zenodo_gpr_14637589/extracted/Data Set/rebar/foshanJL.MIS/JH5.ZON/ROHDATA/LID10001.DAT,<LOCAL_DATA_ROOT>\external_assets\zenodo_gpr_14637589\extracted\Data Set\rebar\foshanJL.MIS\JH5.ZON\ROHDATA\LID10001.DAT,2026-08-11,False,public labelled or organized dataset; labels are visible before prediction freeze
zenodo_14637589,10.5281/zenodo.14637589,cc-by-4.0,zenodo_14637589_00648,rebar,rebar,foshanJL.MIS,rebar/foshanJL.MIS,rebar/foshanJL.MIS,ROHDATA,.dat,raw_gpr_trace,raw_trace,1919860,8cc1320b0bcc1957b5bce96ed10dd26aceb2b21c8134db7b8cb1cecaf98bb63e,rebar/foshanJL.MIS/JH5.ZON/ROHDATA/LID10002.DAT,external_assets/zenodo_gpr_14637589/extracted/Data Set/rebar/foshanJL.MIS/JH5.ZON/ROHDATA/LID10002.DAT,<LOCAL_DATA_ROOT>\external_assets\zenodo_gpr_14637589\extracted\Data Set\rebar\foshanJL.MIS\JH5.ZON\ROHDATA\LID10002.DAT,2026-08-11,False,public labelled or organized dataset; labels are visible before prediction freeze
zenodo_14637589,10.5281/zenodo.14637589,cc-by-4.0,zenodo_14637589_00649,rebar,rebar,foshanJL.MIS,rebar/foshanJL.MIS,rebar/foshanJL.MIS,JS1.ZON,.dt,raw_gpr_trace,raw_trace,975572,b23671c0b55f7970b7ffbd2c3c9c2d3f9758a2ee1ec588b5eab9a72712076d11,rebar/foshanJL.MIS/JS1.ZON/LID10001.dt,external_assets/zenodo_gpr_14637589/extracted/Data Set/rebar/foshanJL.MIS/JS1.ZON/LID10001.dt,<LOCAL_DATA_ROOT>\external_assets\zenodo_gpr_14637589\extracted\Data Set\rebar\foshanJL.MIS\JS1.ZON\LID10001.dt,2026-08-11,False,public labelled or organized dataset; labels are visible before prediction freeze
zenodo_14637589,10.5281/zenodo.14637589,cc-by-4.0,zenodo_14637589_00650,rebar,rebar,foshanJL.MIS,rebar/foshanJL.MIS,rebar/foshanJL.MIS,JS1.ZON,.dt,raw_gpr_trace,raw_trace,971460,c1a95f744702c223d66d3d7cbdd548a0183593dab3bbaa905909c2cf914dcc7c,rebar/foshanJL.MIS/JS1.ZON/LID10002.dt,external_assets/zenodo_gpr_14637589/extracted/Data Set/rebar/foshanJL.MIS/JS1.ZON/LID10002.dt,<LOCAL_DATA_ROOT>\external_assets\zenodo_gpr_14637589\extracted\Data Set\rebar\foshanJL.MIS\JS1.ZON\LID10002.dt,2026-08-11,False,public labelled or organized dataset; labels are visible before prediction freeze
zenodo_14637589,10.5281/zenodo.14637589,cc-by-4.0,zenodo_14637589_00651,rebar,rebar,foshanJL.MIS,rebar/foshanJL.MIS,rebar/foshanJL.MIS,JS2.ZON,.dt,raw_gpr_trace,raw_trace,914920,eef897f41a7348069eff46f3429654ba75abe44b2ecf0ec88cef719edb8107b6,rebar/foshanJL.MIS/JS2.ZON/LID10001.dt,external_assets/zenodo_gpr_14637589/extracted/Data Set/rebar/foshanJL.MIS/JS2.ZON/LID10001.dt,<LOCAL_DATA_ROOT>\external_assets\zenodo_gpr_14637589\extracted\Data Set\rebar\foshanJL.MIS\JS2.ZON\LID10001.dt,2026-08-11,False,public labelled or organized dataset; labels are visible before prediction freeze
zenodo_14637589,10.5281/zenodo.14637589,cc-by-4.0,zenodo_14637589_00652,rebar,rebar,foshanJL.MIS,rebar/foshanJL.MIS,rebar/foshanJL.MIS,ASCII,.dt,raw_gpr_trace,raw_trace,1022860,e17077c3e2c62c86a01a07d643141dd998929eff5512cb2e459563cc3a90f45b,rebar/foshanJL.MIS/JS3.ZON/ASCII/LID10001.dt,external_assets/zenodo_gpr_14637589/extracted/Data Set/rebar/foshanJL.MIS/JS3.ZON/ASCII/LID10001.dt,<LOCAL_DATA_ROOT>\external_assets\zenodo_gpr_14637589\extracted\Data Set\rebar\foshanJL.MIS\JS3.ZON\ASCII\LID10001.dt,2026-08-11,False,public labelled or organized dataset; labels are visible before prediction freeze
zenodo_14637589,10.5281/zenodo.14637589,cc-by-4.0,zenodo_14637589_00653,rebar,rebar,foshanJL.MIS,rebar/foshanJL.MIS,rebar/foshanJL.MIS,JS3.ZON,.dt,raw_gpr_trace,raw_trace,1022860,e17077c3e2c62c86a01a07d643141dd998929eff5512cb2e459563cc3a90f45b,rebar/foshanJL.MIS/JS3.ZON/LID10001.dt,external_assets/zenodo_gpr_14637589/extracted/Data Set/rebar/foshanJL.MIS/JS3.ZON/LID10001.dt,<LOCAL_DATA_ROOT>\external_assets\zenodo_gpr_14637589\extracted\Data Set\rebar\foshanJL.MIS\JS3.ZON\LID10001.dt,2026-08-11,False,public labelled or organized dataset; labels are visible before prediction freeze
zenodo_14637589,10.5281/zenodo.14637589,cc-by-4.0,zenodo_14637589_00654,rebar,rebar,foshanJL.MIS,rebar/foshanJL.MIS,rebar/foshanJL.MIS,ROHDATA,.dat,raw_gpr_trace,raw_trace,1156400,f195f39fda9d686de21bc76971e8610073c3910ab8d53737bcfbb1e1f95063c3,rebar/foshanJL.MIS/JS3.ZON/ROHDATA/YP000000.DAT,external_assets/zenodo_gpr_14637589/extracted/Data Set/rebar/foshanJL.MIS/JS3.ZON/ROHDATA/YP000000.DAT,<LOCAL_DATA_ROOT>\external_assets\zenodo_gpr_14637589\extracted\Data Set\rebar\foshanJL.MIS\JS3.ZON\ROHDATA\YP000000.DAT,2026-08-11,False,public labelled or organized dataset; labels are visible before prediction freeze
zenodo_14637589,10.5281/zenodo.14637589,cc-by-4.0,zenodo_14637589_00655,rebar,rebar,foshanJL.MIS,rebar/foshanJL.MIS,rebar/foshanJL.MIS,JS4.ZON,.dt,raw_gpr_trace,raw_trace,967348,514ed34c93ee7e9838595648e434715e56a8571560a28f4a25753d8f6fabaf69,rebar/foshanJL.MIS/JS4.ZON/LID10001.dt,external_assets/zenodo_gpr_14637589/extracted/Data Set/rebar/foshanJL.MIS/JS4.ZON/LID10001.dt,<LOCAL_DATA_ROOT>\external_assets\zenodo_gpr_14637589\extracted\Data Set\rebar\foshanJL.MIS\JS4.ZON\LID10001.dt,2026-08-11,False,public labelled or organized dataset; labels are visible before prediction freeze
zenodo_14637589,10.5281/zenodo.14637589,cc-by-4.0,zenodo_14637589_00656,rebar,rebar,foshanJL.MIS,rebar/foshanJL.MIS,rebar/foshanJL.MIS,ROHDATA,.dat,raw_gpr_trace,raw_trace,1092680,c3686a5b1d4bc3dfa637cb9ee3b66c48c62e7123b87a2ae4933e2a980c2d883c,rebar/foshanJL.MIS/JS4.ZON/ROHDATA/LID10001.DAT,external_assets/zenodo_gpr_14637589/extracted/Data Set/rebar/foshanJL.MIS/JS4.ZON/ROHDATA/LID10001.DAT,<LOCAL_DATA_ROOT>\external_assets\zenodo_gpr_14637589\extracted\Data Set\rebar\foshanJL.MIS\JS4.ZON\ROHDATA\LID10001.DAT,2026-08-11,False,public labelled or organized dataset; labels are visible before prediction freeze
zenodo_14637589,10.5281/zenodo.14637589,cc-by-4.0,zenodo_14637589_00657,rebar,rebar,foshanJL.MIS,rebar/foshanJL.MIS,rebar/foshanJL.MIS,JS5.ZON,.dt,raw_gpr_trace,raw_trace,971460,2b29bea25290ad4e6ca8b7bbd2d676f427537b06cdeef4605444957543916b73,rebar/foshanJL.MIS/JS5.ZON/LID10001.dt,external_assets/zenodo_gpr_14637589/extracted/Data Set/rebar/foshanJL.MIS/JS5.ZON/LID10001.dt,<LOCAL_DATA_ROOT>\external_assets\zenodo_gpr_14637589\extracted\Data Set\rebar\foshanJL.MIS\JS5.ZON\LID10001.dt,2026-08-11,False,public labelled or organized dataset; labels are visible before prediction freeze
zenodo_14637589,10.5281/zenodo.14637589,cc-by-4.0,zenodo_14637589_00658,rebar,rebar,foshanJL.MIS,rebar/foshanJL.MIS,rebar/foshanJL.MIS,JS6.ZON,.dt,raw_gpr_trace,raw_trace,944732,b5be8c19e4ecc9614bfbf8a959362eca8e060c99edce5e828a0bbde4aeef5a28,rebar/foshanJL.MIS/JS6.ZON/LID10001.dt,external_assets/zenodo_gpr_14637589/extracted/Data Set/rebar/foshanJL.MIS/JS6.ZON/LID10001.dt,<LOCAL_DATA_ROOT>\external_assets\zenodo_gpr_14637589\extracted\Data Set\rebar\foshanJL.MIS\JS6.ZON\LID10001.dt,2026-08-11,False,public labelled or organized dataset; labels are visible before prediction freeze
zenodo_14637589,10.5281/zenodo.14637589,cc-by-4.0,zenodo_14637589_00659,rebar,rebar,foshanJL.MIS,rebar/foshanJL.MIS,rebar/foshanJL.MIS,JS7.ZON,.dt,raw_gpr_trace,raw_trace,951928,b0c3934d33b09bbb7949401bb86298e13b5fa2bc694c83275cdd7dcd6b4a2bf5,rebar/foshanJL.MIS/JS7.ZON/LID10001.dt,external_assets/zenodo_gpr_14637589/extracted/Data Set/rebar/foshanJL.MIS/JS7.ZON/LID10001.dt,<LOCAL_DATA_ROOT>\external_assets\zenodo_gpr_14637589\extracted\Data Set\rebar\foshanJL.MIS\JS7.ZON\LID10001.dt,2026-08-11,False,public labelled or organized dataset; labels are visible before prediction freeze
zenodo_14637589,10.5281/zenodo.14637589,cc-by-4.0,zenodo_14637589_00660,rebar,rebar,foshanJL.MIS,rebar/foshanJL.MIS,rebar/foshanJL.MIS,LD1.ZON,.dt,raw_gpr_trace,raw_trace,1170892,2f01bfc66bab8866ecf656e8e8813348089e04db8cc21e4aae55e6fbb4fb6ff1,rebar/foshanJL.MIS/LD1.ZON/LID10001.dt,external_assets/zenodo_gpr_14637589/extracted/Data Set/rebar/foshanJL.MIS/LD1.ZON/LID10001.dt,<LOCAL_DATA_ROOT>\external_assets\zenodo_gpr_14637589\extracted\Data Set\rebar\foshanJL.MIS\LD1.ZON\LID10001.dt,2026-08-11,False,public labelled or organized dataset; labels are visible before prediction freeze
zenodo_14637589,10.5281/zenodo.14637589,cc-by-4.0,zenodo_14637589_00661,rebar,rebar,foshanJL.MIS,rebar/foshanJL.MIS,rebar/foshanJL.MIS,LDH1.ZON,.dt,raw_gpr_trace,raw_trace,351576,5eb16518de63d6429dbc7820783ebb3ed48b546cb3272c7f4755754ec2c9c93e,rebar/foshanJL.MIS/LDH1.ZON/LID10001.dt,external_assets/zenodo_gpr_14637589/extracted/Data Set/rebar/foshanJL.MIS/LDH1.ZON/LID10001.dt,<LOCAL_DATA_ROOT>\external_assets\zenodo_gpr_14637589\extracted\Data Set\rebar\foshanJL.MIS\LDH1.ZON\LID10001.dt,2026-08-11,False,public labelled or organized dataset; labels are visible before prediction freeze
zenodo_14637589,10.5281/zenodo.14637589,cc-by-4.0,zenodo_14637589_00662,rebar,rebar,foshanJL.MIS,rebar/foshanJL.MIS,rebar/foshanJL.MIS,ROHDATA,.dat,raw_gpr_trace,raw_trace,385860,96ce723df0b43d689e36a17b22a7f111b71376e714651768186d0464f2ecf21d,rebar/foshanJL.MIS/LDH1.ZON/ROHDATA/LID10001.DAT,external_assets/zenodo_gpr_14637589/extracted/Data Set/rebar/foshanJL.MIS/LDH1.ZON/ROHDATA/LID10001.DAT,<LOCAL_DATA_ROOT>\external_assets\zenodo_gpr_14637589\extracted\Data Set\rebar\foshanJL.MIS\LDH1.ZON\ROHDATA\LID10001.DAT,2026-08-11,False,public labelled or organized dataset; labels are visible before prediction freeze
zenodo_14637589,10.5281/zenodo.14637589,cc-by-4.0,zenodo_14637589_00663,rebar,rebar,foshanJL.MIS,rebar/foshanJL.MIS,rebar/foshanJL.MIS,LDH2.ZON,.dt,raw_gpr_trace,raw_trace,354660,5ac6ba1fc9a3cf581d99cf96a9cc9186594c9e5291ea361b99471ba2f1d92055,rebar/foshanJL.MIS/LDH2.ZON/LID10001.dt,external_assets/zenodo_gpr_14637589/extracted/Data Set/rebar/foshanJL.MIS/LDH2.ZON/LID10001.dt,<LOCAL_DATA_ROOT>\external_assets\zenodo_gpr_14637589\extracted\Data Set\rebar\foshanJL.MIS\LDH2.ZON\LID10001.dt,2026-08-11,False,public labelled or organized dataset; labels are visible before prediction freeze
zenodo_14637589,10.5281/zenodo.14637589,cc-by-4.0,zenodo_14637589_00664,rebar,rebar,foshanJL.MIS,rebar/foshanJL.MIS,rebar/foshanJL.MIS,LDH2.ZON,.dt,raw_gpr_trace,raw_trace,303260,a0e72a1872eaef1a015e7ab8370141c5092495dee4c60a739e87bfc22bfe5bf2,rebar/foshanJL.MIS/LDH2.ZON/LID10002.dt,external_assets/zenodo_gpr_14637589/extracted/Data Set/rebar/foshanJL.MIS/LDH2.ZON/LID10002.dt,<LOCAL_DATA_ROOT>\external_assets\zenodo_gpr_14637589\extracted\Data Set\rebar\foshanJL.MIS\LDH2.ZON\LID10002.dt,2026-08-11,False,public labelled or organized dataset; labels are visible before prediction freeze
zenodo_14637589,10.5281/zenodo.14637589,cc-by-4.0,zenodo_14637589_00665,rebar,rebar,foshanJL.MIS,rebar/foshanJL.MIS,rebar/foshanJL.MIS,LDH2.ZON,.dt,raw_gpr_trace,raw_trace,344380,d5ddfd45383361eb1c79b74cd10ac298aebb6dbf97374e256655241c92a14cfc,rebar/foshanJL.MIS/LDH2.ZON/LID10003.dt,external_assets/zenodo_gpr_14637589/extracted/Data Set/rebar/foshanJL.MIS/LDH2.ZON/LID10003.dt,<LOCAL_DATA_ROOT>\external_assets\zenodo_gpr_14637589\extracted\Data Set\rebar\foshanJL.MIS\LDH2.ZON\LID10003.dt,2026-08-11,False,public labelled or organized dataset; labels are visible before prediction freeze
zenodo_14637589,10.5281/zenodo.14637589,cc-by-4.0,zenodo_14637589_00666,rebar,rebar,foshanJL.MIS,rebar/foshanJL.MIS,rebar/foshanJL.MIS,LDS2.ZON,.dt,raw_gpr_trace,raw_trace,1197620,22445177de6d4f343ed91de6f633a39a64e4a8f316460b278b763392c11bc644,rebar/foshanJL.MIS/LDS2.ZON/LID10001.dt,external_assets/zenodo_gpr_14637589/extracted/Data Set/rebar/foshanJL.MIS/LDS2.ZON/LID10001.dt,<LOCAL_DATA_ROOT>\external_assets\zenodo_gpr_14637589\extracted\Data Set\rebar\foshanJL.MIS\LDS2.ZON\LID10001.dt,2026-08-11,False,public labelled or organized dataset; labels are visible before prediction freeze
zenodo_14637589,10.5281/zenodo.14637589,cc-by-4.0,zenodo_14637589_00667,rebar,rebar,foshanJL.MIS,rebar/foshanJL.MIS,rebar/foshanJL.MIS,LDS2.ZON,.dt,raw_gpr_trace,raw_trace,1203788,b0b753e1a23499f032d8a5f395279e71884c06e93555410728bf85bab6bfd3da,rebar/foshanJL.MIS/LDS2.ZON/LID10002.dt,external_assets/zenodo_gpr_14637589/extracted/Data Set/rebar/foshanJL.MIS/LDS2.ZON/LID10002.dt,<LOCAL_DATA_ROOT>\external_assets\zenodo_gpr_14637589\extracted\Data Set\rebar\foshanJL.MIS\LDS2.ZON\LID10002.dt,2026-08-11,False,public labelled or organized dataset; labels are visible before prediction freeze
zenodo_14637589,10.5281/zenodo.14637589,cc-by-4.0,zenodo_14637589_00668,rebar,rebar,foshanJL.MIS,rebar/foshanJL.MIS,rebar/foshanJL.MIS,LH1.ZON,.dt,raw_gpr_trace,raw_trace,1207900,8bf524e1ed3bce07b9c915692a24c70724240ca03dce2d1fbb5fb409dc411047,rebar/foshanJL.MIS/LH1.ZON/LID10001.dt,external_assets/zenodo_gpr_14637589/extracted/Data Set/rebar/foshanJL.MIS/LH1.ZON/LID10001.dt,<LOCAL_DATA_ROOT>\external_assets\zenodo_gpr_14637589\extracted\Data Set\rebar\foshanJL.MIS\LH1.ZON\LID10001.dt,2026-08-11,False,public labelled or organized dataset; labels are visible before prediction freeze
zenodo_14637589,10.5281/zenodo.14637589,cc-by-4.0,zenodo_14637589_00669,rebar,rebar,foshanJL.MIS,rebar/foshanJL.MIS,rebar/foshanJL.MIS,LH1.ZON,.dt,raw_gpr_trace,raw_trace,1220236,a76923fa9d15bf71290d96eb73016afbbefebe1b66ebcb80a2570bd09c55bde1,rebar/foshanJL.MIS/LH1.ZON/LID10002.dt,external_assets/zenodo_gpr_14637589/extracted/Data Set/rebar/foshanJL.MIS/LH1.ZON/LID10002.dt,<LOCAL_DATA_ROOT>\external_assets\zenodo_gpr_14637589\extracted\Data Set\rebar\foshanJL.MIS\LH1.ZON\LID10002.dt,2026-08-11,False,public labelled or organized dataset; labels are visible before prediction freeze
zenodo_14637589,10.5281/zenodo.14637589,cc-by-4.0,zenodo_14637589_00670,rebar,rebar,foshanJL.MIS,rebar/foshanJL.MIS,rebar/foshanJL.MIS,LS1.ZON,.dt,raw_gpr_trace,raw_trace,278588,206e9da84035c212ced36a6f02cf279fdbdae19bad7cbe0b4d1a5972fbb2820e,rebar/foshanJL.MIS/LS1.ZON/LID10001.dt,external_assets/zenodo_gpr_14637589/extracted/Data Set/rebar/foshanJL.MIS/LS1.ZON/LID10001.dt,<LOCAL_DATA_ROOT>\external_assets\zenodo_gpr_14637589\extracted\Data Set\rebar\foshanJL.MIS\LS1.ZON\LID10001.dt,2026-08-11,False,public labelled or organized dataset; labels are visible before prediction freeze
zenodo_14637589,10.5281/zenodo.14637589,cc-by-4.0,zenodo_14637589_00671,rebar,rebar,foshanJL.MIS,rebar/foshanJL.MIS,rebar/foshanJL.MIS,LS1.ZON,.dt,raw_gpr_trace,raw_trace,282700,fdda951e69398ba86c931c3ca55630347c2fc5123c5ac7fad575f0b0e2f46b0f,rebar/foshanJL.MIS/LS1.ZON/LID10002.dt,external_assets/zenodo_gpr_14637589/extracted/Data Set/rebar/foshanJL.MIS/LS1.ZON/LID10002.dt,<LOCAL_DATA_ROOT>\external_assets\zenodo_gpr_14637589\extracted\Data Set\rebar\foshanJL.MIS\LS1.ZON\LID10002.dt,2026-08-11,False,public labelled or organized dataset; labels are visible before prediction freeze
zenodo_14637589,10.5281/zenodo.14637589,cc-by-4.0,zenodo_14637589_00672,rebar,rebar,foshanJL.MIS,rebar/foshanJL.MIS,rebar/foshanJL.MIS,ROHDATA,.dat,raw_gpr_trace,raw_trace,302080,92322fa318957f6e30e7ae2cfb3aeb218fe3a8f56a0e67b616a98a140ed8f324,rebar/foshanJL.MIS/LS1.ZON/ROHDATA/LID10001.DAT,external_assets/zenodo_gpr_14637589/extracted/Data Set/rebar/foshanJL.MIS/LS1.ZON/ROHDATA/LID10001.DAT,<LOCAL_DATA_ROOT>\external_assets\zenodo_gpr_14637589\extracted\Data Set\rebar\foshanJL.MIS\LS1.ZON\ROHDATA\LID10001.DAT,2026-08-11,False,public labelled or organized dataset; labels are visible before prediction freeze
zenodo_14637589,10.5281/zenodo.14637589,cc-by-4.0,zenodo_14637589_00673,rebar,rebar,foshanJL.MIS,rebar/foshanJL.MIS,rebar/foshanJL.MIS,ROHDATA,.dat,raw_gpr_trace,raw_trace,306800,d9c697a9215e9a3d2604d47717e0035f43039ddac1460d90421f8e87a6546e08,rebar/foshanJL.MIS/LS1.ZON/ROHDATA/LID10002.DAT,external_assets/zenodo_gpr_14637589/extracted/Data Set/rebar/foshanJL.MIS/LS1.ZON/ROHDATA/LID10002.DAT,<LOCAL_DATA_ROOT>\external_assets\zenodo_gpr_14637589\extracted\Data Set\rebar\foshanJL.MIS\LS1.ZON\ROHDATA\LID10002.DAT,2026-08-11,False,public labelled or organized dataset; labels are visible before prediction freeze
zenodo_14637589,10.5281/zenodo.14637589,cc-by-4.0,zenodo_14637589_00674,rebar,rebar,foshanJL.MIS,rebar/foshanJL.MIS,rebar/foshanJL.MIS,ZH1.ZON,.dt,raw_gpr_trace,raw_trace,585960,085de954477d8911b75b2b9578ed3f6b03ce45e66136326e6cc9473224a14e66,rebar/foshanJL.MIS/ZH1.ZON/LID10001.dt,external_assets/zenodo_gpr_14637589/extracted/Data Set/rebar/foshanJL.MIS/ZH1.ZON/LID10001.dt,<LOCAL_DATA_ROOT>\external_assets\zenodo_gpr_14637589\extracted\Data Set\rebar\foshanJL.MIS\ZH1.ZON\LID10001.dt,2026-08-11,False,public labelled or organized dataset; labels are visible before prediction freeze
zenodo_14637589,10.5281/zenodo.14637589,cc-by-4.0,zenodo_14637589_00675,rebar,rebar,foshanJL.MIS,rebar/foshanJL.MIS,rebar/foshanJL.MIS,ZH1.ZON,.dt,raw_gpr_trace,raw_trace,378304,57962214bbc6780ae7b18e77c220871313b7f087f969bf3ab16539f9577df7a7,rebar/foshanJL.MIS/ZH1.ZON/LID10002.dt,external_assets/zenodo_gpr_14637589/extracted/Data Set/rebar/foshanJL.MIS/ZH1.ZON/LID10002.dt,<LOCAL_DATA_ROOT>\external_assets\zenodo_gpr_14637589\extracted\Data Set\rebar\foshanJL.MIS\ZH1.ZON\LID10002.dt,2026-08-11,False,public labelled or organized dataset; labels are visible before prediction freeze
zenodo_14637589,10.5281/zenodo.14637589,cc-by-4.0,zenodo_14637589_00676,rebar,rebar,foshanJL.MIS,rebar/foshanJL.MIS,rebar/foshanJL.MIS,ZH2.ZON,.dt,raw_gpr_trace,raw_trace,395780,d2c1de960869073c14c299ac7b5077b1816f36a855445837f2fc007f3eb57684,rebar/foshanJL.MIS/ZH2.ZON/LID10001.dt,external_assets/zenodo_gpr_14637589/extracted/Data Set/rebar/foshanJL.MIS/ZH2.ZON/LID10001.dt,<LOCAL_DATA_ROOT>\external_assets\zenodo_gpr_14637589\extracted\Data Set\rebar\foshanJL.MIS\ZH2.ZON\LID10001.dt,2026-08-11,False,public labelled or organized dataset; labels are visible before prediction freeze
zenodo_14637589,10.5281/zenodo.14637589,cc-by-4.0,zenodo_14637589_00677,rebar,rebar,foshanJL.MIS,rebar/foshanJL.MIS,rebar/foshanJL.MIS,ZH2.ZON,.dt,raw_gpr_trace,raw_trace,359800,e2e65ac9648ab719d5be9912e8c59b8b6d8ba718e35331b1584ef43c7bfc7689,rebar/foshanJL.MIS/ZH2.ZON/LID10002.dt,external_assets/zenodo_gpr_14637589/extracted/Data Set/rebar/foshanJL.MIS/ZH2.ZON/LID10002.dt,<LOCAL_DATA_ROOT>\external_assets\zenodo_gpr_14637589\extracted\Data Set\rebar\foshanJL.MIS\ZH2.ZON\LID10002.dt,2026-08-11,False,public labelled or organized dataset; labels are visible before prediction freeze
zenodo_14637589,10.5281/zenodo.14637589,cc-by-4.0,zenodo_14637589_00678,rebar,rebar,foshanJL.MIS,rebar/foshanJL.MIS,rebar/foshanJL.MIS,ZH3.ZON,.dt,raw_gpr_trace,raw_trace,391668,c54fcf7bb23b1cf280cf41acd3a8b21469f9cb5017caace87f6b58618a81d1db,rebar/foshanJL.MIS/ZH3.ZON/LID10001.dt,external_assets/zenodo_gpr_14637589/extracted/Data Set/rebar/foshanJL.MIS/ZH3.ZON/LID10001.dt,<LOCAL_DATA_ROOT>\external_assets\zenodo_gpr_14637589\extracted\Data Set\rebar\foshanJL.MIS\ZH3.ZON\LID10001.dt,2026-08-11,False,public labelled or organized dataset; labels are visible before prediction freeze
zenodo_14637589,10.5281/zenodo.14637589,cc-by-4.0,zenodo_14637589_00679,rebar,rebar,foshanJL.MIS,rebar/foshanJL.MIS,rebar/foshanJL.MIS,ZH3.ZON,.dt,raw_gpr_trace,raw_trace,394752,dff937bc5e36052db9b14929129933f499d157ce9e2939b297eb555a67d0f1f2,rebar/foshanJL.MIS/ZH3.ZON/LID10002.dt,external_assets/zenodo_gpr_14637589/extracted/Data Set/rebar/foshanJL.MIS/ZH3.ZON/LID10002.dt,<LOCAL_DATA_ROOT>\external_assets\zenodo_gpr_14637589\extracted\Data Set\rebar\foshanJL.MIS\ZH3.ZON\LID10002.dt,2026-08-11,False,public labelled or organized dataset; labels are visible before prediction freeze
zenodo_14637589,10.5281/zenodo.14637589,cc-by-4.0,zenodo_14637589_00680,rebar,rebar,foshanJL.MIS,rebar/foshanJL.MIS,rebar/foshanJL.MIS,ZH3.ZON,.dt,raw_gpr_trace,raw_trace,401948,a6a1eed0b38058df19947ef50b7f74c481fca9df7ce03e406722525fb060c4e1,rebar/foshanJL.MIS/ZH3.ZON/LID10003.dt,external_assets/zenodo_gpr_14637589/extracted/Data Set/rebar/foshanJL.MIS/ZH3.ZON/LID10003.dt,<LOCAL_DATA_ROOT>\external_assets\zenodo_gpr_14637589\extracted\Data Set\rebar\foshanJL.MIS\ZH3.ZON\LID10003.dt,2026-08-11,False,public labelled or organized dataset; labels are visible before prediction freeze
zenodo_14637589,10.5281/zenodo.14637589,cc-by-4.0,zenodo_14637589_00681,rebar,rebar,foshanJL.MIS,rebar/foshanJL.MIS,rebar/foshanJL.MIS,ROHDATA,.dat,raw_gpr_trace,raw_trace,431880,2273b2241a22e4be0d098223553db45b215c917c83086d1f82d179dccffecfc8,rebar/foshanJL.MIS/ZH3.ZON/ROHDATA/LID10001.DAT,external_assets/zenodo_gpr_14637589/extracted/Data Set/rebar/foshanJL.MIS/ZH3.ZON/ROHDATA/LID10001.DAT,<LOCAL_DATA_ROOT>\external_assets\zenodo_gpr_14637589\extracted\Data Set\rebar\foshanJL.MIS\ZH3.ZON\ROHDATA\LID10001.DAT,2026-08-11,False,public labelled or organized dataset; labels are visible before prediction freeze
zenodo_14637589,10.5281/zenodo.14637589,cc-by-4.0,zenodo_14637589_00682,rebar,rebar,foshanJL.MIS,rebar/foshanJL.MIS,rebar/foshanJL.MIS,ROHDATA,.dat,raw_gpr_trace,raw_trace,435420,ee908a5b25131f8039ae48b02828d1729049a35c0c0c5abd4e8f01acf390cfcd,rebar/foshanJL.MIS/ZH3.ZON/ROHDATA/LID10002.DAT,external_assets/zenodo_gpr_14637589/extracted/Data Set/rebar/foshanJL.MIS/ZH3.ZON/ROHDATA/LID10002.DAT,<LOCAL_DATA_ROOT>\external_assets\zenodo_gpr_14637589\extracted\Data Set\rebar\foshanJL.MIS\ZH3.ZON\ROHDATA\LID10002.DAT,2026-08-11,False,public labelled or organized dataset; labels are visible before prediction freeze
zenodo_14637589,10.5281/zenodo.14637589,cc-by-4.0,zenodo_14637589_00683,rebar,rebar,foshanJL.MIS,rebar/foshanJL.MIS,rebar/foshanJL.MIS,ROHDATA,.dat,raw_gpr_trace,raw_trace,443680,2f42c6c2a49ca728bc5beee5a146b52c3bd80f0b0e9d6d303ca8f1dd2d1cc1f4,rebar/foshanJL.MIS/ZH3.ZON/ROHDATA/LID10003.DAT,external_assets/zenodo_gpr_14637589/extracted/Data Set/rebar/foshanJL.MIS/ZH3.ZON/ROHDATA/LID10003.DAT,<LOCAL_DATA_ROOT>\external_assets\zenodo_gpr_14637589\extracted\Data Set\rebar\foshanJL.MIS\ZH3.ZON\ROHDATA\LID10003.DAT,2026-08-11,False,public labelled or organized dataset; labels are visible before prediction freeze
zenodo_14637589,10.5281/zenodo.14637589,cc-by-4.0,zenodo_14637589_00684,rebar,rebar,foshanJL.MIS,rebar/foshanJL.MIS,rebar/foshanJL.MIS,ZH4.ZON,.dt,raw_gpr_trace,raw_trace,370080,0d3c904138c83baabac0f7f9a6f23037f8f4e06d892cada504103db2ffbf48f7,rebar/foshanJL.MIS/ZH4.ZON/LID10001.dt,external_assets/zenodo_gpr_14637589/extracted/Data Set/rebar/foshanJL.MIS/ZH4.ZON/LID10001.dt,<LOCAL_DATA_ROOT>\external_assets\zenodo_gpr_14637589\extracted\Data Set\rebar\foshanJL.MIS\ZH4.ZON\LID10001.dt,2026-08-11,False,public labelled or organized dataset; labels are visible before prediction freeze
zenodo_14637589,10.5281/zenodo.14637589,cc-by-4.0,zenodo_14637589_00685,rebar,rebar,foshanJL.MIS,rebar/foshanJL.MIS,rebar/foshanJL.MIS,ZH4.ZON,.dt,raw_gpr_trace,raw_trace,365968,ab47b1c469a279fe540b75835895c140a312ac1fe56cf37acfac59e6b66d0023,rebar/foshanJL.MIS/ZH4.ZON/LID10002.dt,external_assets/zenodo_gpr_14637589/extracted/Data Set/rebar/foshanJL.MIS/ZH4.ZON/LID10002.dt,<LOCAL_DATA_ROOT>\external_assets\zenodo_gpr_14637589\extracted\Data Set\rebar\foshanJL.MIS\ZH4.ZON\LID10002.dt,2026-08-11,False,public labelled or organized dataset; labels are visible before prediction freeze
zenodo_14637589,10.5281/zenodo.14637589,cc-by-4.0,zenodo_14637589_00686,rebar,rebar,foshanJL.MIS,rebar/foshanJL.MIS,rebar/foshanJL.MIS,ZH4.ZON,.dt,raw_gpr_trace,raw_trace,357744,2b2753c7f222baa56ed9828e9c7e0d25404c8ed0b8c08e2557e828d529c8efe6,rebar/foshanJL.MIS/ZH4.ZON/LID10003.dt,external_assets/zenodo_gpr_14637589/extracted/Data Set/rebar/foshanJL.MIS/ZH4.ZON/LID10003.dt,<LOCAL_DATA_ROOT>\external_assets\zenodo_gpr_14637589\extracted\Data Set\rebar\foshanJL.MIS\ZH4.ZON\LID10003.dt,2026-08-11,False,public labelled or organized dataset; labels are visible before prediction freeze
zenodo_14637589,10.5281/zenodo.14637589,cc-by-4.0,zenodo_14637589_00687,rebar,rebar,foshanJL.MIS,rebar/foshanJL.MIS,rebar/foshanJL.MIS,ZS1.ZON,.dt,raw_gpr_trace,raw_trace,983796,ea9d53df57c38898c80ae2fdc318c05041bb3eccfd7b1b14af9db36a478e1414,rebar/foshanJL.MIS/ZS1.ZON/LID10001.dt,external_assets/zenodo_gpr_14637589/extracted/Data Set/rebar/foshanJL.MIS/ZS1.ZON/LID10001.dt,<LOCAL_DATA_ROOT>\external_assets\zenodo_gpr_14637589\extracted\Data Set\rebar\foshanJL.MIS\ZS1.ZON\LID10001.dt,2026-08-11,False,public labelled or organized dataset; labels are visible before prediction freeze
zenodo_14637589,10.5281/zenodo.14637589,cc-by-4.0,zenodo_14637589_00688,rebar,rebar,yangben.MIS,rebar/yangben.MIS,rebar/yangben.MIS,ASCII,.dt,raw_gpr_trace,raw_trace,350548,a57577e854f90bc313c021502f3b0c5c53a6348ee72088c65bb0aeb9cadd24af,rebar/yangben.MIS/180124AA.ZON/ASCII/LID10001.dt,external_assets/zenodo_gpr_14637589/extracted/Data Set/rebar/yangben.MIS/180124AA.ZON/ASCII/LID10001.dt,<LOCAL_DATA_ROOT>\external_assets\zenodo_gpr_14637589\extracted\Data Set\rebar\yangben.MIS\180124AA.ZON\ASCII\LID10001.dt,2026-08-11,False,public labelled or organized dataset; labels are visible before prediction freeze
zenodo_14637589,10.5281/zenodo.14637589,cc-by-4.0,zenodo_14637589_00689,rebar,rebar,yangben.MIS,rebar/yangben.MIS,rebar/yangben.MIS,ASCII,.dt,raw_gpr_trace,raw_trace,68876,121c28617686543a131ead2184f001ab77c891e88b4162f82af6acc9e25eb639,rebar/yangben.MIS/180124AA.ZON/ASCII/LID10002.dt,external_assets/zenodo_gpr_14637589/extracted/Data Set/rebar/yangben.MIS/180124AA.ZON/ASCII/LID10002.dt,<LOCAL_DATA_ROOT>\external_assets\zenodo_gpr_14637589\extracted\Data Set\rebar\yangben.MIS\180124AA.ZON\ASCII\LID10002.dt,2026-08-11,False,public labelled or organized dataset; labels are visible before prediction freeze
zenodo_14637589,10.5281/zenodo.14637589,cc-by-4.0,zenodo_14637589_00690,rebar,rebar,yangben.MIS,rebar/yangben.MIS,rebar/yangben.MIS,ASCII,.dt,raw_gpr_trace,raw_trace,280644,b9473803842bc6c331020e74c0194fe3d8d071b843333fe9518732e4cd54d294,rebar/yangben.MIS/180124AA.ZON/ASCII/LID10003.dt,external_assets/zenodo_gpr_14637589/extracted/Data Set/rebar/yangben.MIS/180124AA.ZON/ASCII/LID10003.dt,<LOCAL_DATA_ROOT>\external_assets\zenodo_gpr_14637589\extracted\Data Set\rebar\yangben.MIS\180124AA.ZON\ASCII\LID10003.dt,2026-08-11,False,public labelled or organized dataset; labels are visible before prediction freeze
zenodo_14637589,10.5281/zenodo.14637589,cc-by-4.0,zenodo_14637589_00691,rebar,rebar,yangben.MIS,rebar/yangben.MIS,rebar/yangben.MIS,ASCII,.dt,raw_gpr_trace,raw_trace,915948,9de622f2f34600af71cfbfb6b526b34ce621b2b2abc515e970de0a588098cd00,rebar/yangben.MIS/180124AA.ZON/ASCII/LID10004.dt,external_assets/zenodo_gpr_14637589/extracted/Data Set/rebar/yangben.MIS/180124AA.ZON/ASCII/LID10004.dt,<LOCAL_DATA_ROOT>\external_assets\zenodo_gpr_14637589\extracted\Data Set\rebar\yangben.MIS\180124AA.ZON\ASCII\LID10004.dt,2026-08-11,False,public labelled or organized dataset; labels are visible before prediction freeze
zenodo_14637589,10.5281/zenodo.14637589,cc-by-4.0,zenodo_14637589_00692,rebar,rebar,yangben.MIS,rebar/yangben.MIS,rebar/yangben.MIS,180124AA.ZON,.dt,raw_gpr_trace,raw_trace,350548,a57577e854f90bc313c021502f3b0c5c53a6348ee72088c65bb0aeb9cadd24af,rebar/yangben.MIS/180124AA.ZON/LID10001.dt,external_assets/zenodo_gpr_14637589/extracted/Data Set/rebar/yangben.MIS/180124AA.ZON/LID10001.dt,<LOCAL_DATA_ROOT>\external_assets\zenodo_gpr_14637589\extracted\Data Set\rebar\yangben.MIS\180124AA.ZON\LID10001.dt,2026-08-11,False,public labelled or organized dataset; labels are visible before prediction freeze
zenodo_14637589,10.5281/zenodo.14637589,cc-by-4.0,zenodo_14637589_00693,rebar,rebar,yangben.MIS,rebar/yangben.MIS,rebar/yangben.MIS,180124AA.ZON,.dt,raw_gpr_trace,raw_trace,68876,121c28617686543a131ead2184f001ab77c891e88b4162f82af6acc9e25eb639,rebar/yangben.MIS/180124AA.ZON/LID10002.dt,external_assets/zenodo_gpr_14637589/extracted/Data Set/rebar/yangben.MIS/180124AA.ZON/LID10002.dt,<LOCAL_DATA_ROOT>\external_assets\zenodo_gpr_14637589\extracted\Data Set\rebar\yangben.MIS\180124AA.ZON\LID10002.dt,2026-08-11,False,public labelled or organized dataset; labels are visible before prediction freeze
zenodo_14637589,10.5281/zenodo.14637589,cc-by-4.0,zenodo_14637589_00694,rebar,rebar,yangben.MIS,rebar/yangben.MIS,rebar/yangben.MIS,180124AA.ZON,.dt,raw_gpr_trace,raw_trace,280644,b9473803842bc6c331020e74c0194fe3d8d071b843333fe9518732e4cd54d294,rebar/yangben.MIS/180124AA.ZON/LID10003.dt,external_assets/zenodo_gpr_14637589/extracted/Data Set/rebar/yangben.MIS/180124AA.ZON/LID10003.dt,<LOCAL_DATA_ROOT>\external_assets\zenodo_gpr_14637589\extracted\Data Set\rebar\yangben.MIS\180124AA.ZON\LID10003.dt,2026-08-11,False,public labelled or organized dataset; labels are visible before prediction freeze
zenodo_14637589,10.5281/zenodo.14637589,cc-by-4.0,zenodo_14637589_00695,rebar,rebar,yangben.MIS,rebar/yangben.MIS,rebar/yangben.MIS,180124AA.ZON,.dt,raw_gpr_trace,raw_trace,915948,9de622f2f34600af71cfbfb6b526b34ce621b2b2abc515e970de0a588098cd00,rebar/yangben.MIS/180124AA.ZON/LID10004.dt,external_assets/zenodo_gpr_14637589/extracted/Data Set/rebar/yangben.MIS/180124AA.ZON/LID10004.dt,<LOCAL_DATA_ROOT>\external_assets\zenodo_gpr_14637589\extracted\Data Set\rebar\yangben.MIS\180124AA.ZON\LID10004.dt,2026-08-11,False,public labelled or organized dataset; labels are visible before prediction freeze
zenodo_14637589,10.5281/zenodo.14637589,cc-by-4.0,zenodo_14637589_00696,rebar,rebar,yangben.MIS,rebar/yangben.MIS,rebar/yangben.MIS,ROHDATA,.dat,raw_gpr_trace,raw_trace,384680,3678f299e9ee79b423953a37131a8c8366e0faaf9f954e94a2a8bedc21e000a1,rebar/yangben.MIS/180124AA.ZON/ROHDATA/LID10001.DAT,external_assets/zenodo_gpr_14637589/extracted/Data Set/rebar/yangben.MIS/180124AA.ZON/ROHDATA/LID10001.DAT,<LOCAL_DATA_ROOT>\external_assets\zenodo_gpr_14637589\extracted\Data Set\rebar\yangben.MIS\180124AA.ZON\ROHDATA\LID10001.DAT,2026-08-11,False,public labelled or organized dataset; labels are visible before prediction freeze
zenodo_14637589,10.5281/zenodo.14637589,cc-by-4.0,zenodo_14637589_00697,rebar,rebar,yangben.MIS,rebar/yangben.MIS,rebar/yangben.MIS,ROHDATA,.dat,raw_gpr_trace,raw_trace,61360,b1a69e01cc7752e11c398c8750423afaa34fc3c4a2e59cfb5c08acecad3acd92,rebar/yangben.MIS/180124AA.ZON/ROHDATA/LID10002.DAT,external_assets/zenodo_gpr_14637589/extracted/Data Set/rebar/yangben.MIS/180124AA.ZON/ROHDATA/LID10002.DAT,<LOCAL_DATA_ROOT>\external_assets\zenodo_gpr_14637589\extracted\Data Set\rebar\yangben.MIS\180124AA.ZON\ROHDATA\LID10002.DAT,2026-08-11,False,public labelled or organized dataset; labels are visible before prediction freeze
zenodo_14637589,10.5281/zenodo.14637589,cc-by-4.0,zenodo_14637589_00698,rebar,rebar,yangben.MIS,rebar/yangben.MIS,rebar/yangben.MIS,ROHDATA,.dat,raw_gpr_trace,raw_trace,304440,f4fb802e3e08a1156d52ffbe7e569262fd63282c9337b86b7ac9b30df6261f49,rebar/yangben.MIS/180124AA.ZON/ROHDATA/LID10003.DAT,external_assets/zenodo_gpr_14637589/extracted/Data Set/rebar/yangben.MIS/180124AA.ZON/ROHDATA/LID10003.DAT,<LOCAL_DATA_ROOT>\external_assets\zenodo_gpr_14637589\extracted\Data Set\rebar\yangben.MIS\180124AA.ZON\ROHDATA\LID10003.DAT,2026-08-11,False,public labelled or organized dataset; labels are visible before prediction freeze
zenodo_14637589,10.5281/zenodo.14637589,cc-by-4.0,zenodo_14637589_00699,rebar,rebar,yangben.MIS,rebar/yangben.MIS,rebar/yangben.MIS,ROHDATA,.dat,raw_gpr_trace,raw_trace,1033680,67814dca38f43b73d9b963a1716359ca9d76530e6b444242e2e04a2cc4d6c880,rebar/yangben.MIS/180124AA.ZON/ROHDATA/LID10004.DAT,external_assets/zenodo_gpr_14637589/extracted/Data Set/rebar/yangben.MIS/180124AA.ZON/ROHDATA/LID10004.DAT,<LOCAL_DATA_ROOT>\external_assets\zenodo_gpr_14637589\extracted\Data Set\rebar\yangben.MIS\180124AA.ZON\ROHDATA\LID10004.DAT,2026-08-11,False,public labelled or organized dataset; labels are visible before prediction freeze
zenodo_14637589,10.5281/zenodo.14637589,cc-by-4.0,zenodo_14637589_00700,rebar,rebar,yangben.MIS,rebar/yangben.MIS,rebar/yangben.MIS,180124AB.ZON,.dt,raw_gpr_trace,raw_trace,740160,27ffe8cf6cac9921a0c402e20be34bd4ce651ff1eca706a245536d5c53842845,rebar/yangben.MIS/180124AB.ZON/LID10001.dt,external_assets/zenodo_gpr_14637589/extracted/Data Set/rebar/yangben.MIS/180124AB.ZON/LID10001.dt,<LOCAL_DATA_ROOT>\external_assets\zenodo_gpr_14637589\extracted\Data Set\rebar\yangben.MIS\180124AB.ZON\LID10001.dt,2026-08-11,False,public labelled or organized dataset; labels are visible before prediction freeze
zenodo_14637589,10.5281/zenodo.14637589,cc-by-4.0,zenodo_14637589_00701,rebar,rebar,yangben.MIS,rebar/yangben.MIS,rebar/yangben.MIS,ROHDATA,.dat,raw_gpr_trace,raw_trace,831900,0ad1a7e1f675b1472d2678a257d6dc8e471684ef0326d984c715a6d1a9a6f623,rebar/yangben.MIS/180124AB.ZON/ROHDATA/LID10001.DAT,external_assets/zenodo_gpr_14637589/extracted/Data Set/rebar/yangben.MIS/180124AB.ZON/ROHDATA/LID10001.DAT,<LOCAL_DATA_ROOT>\external_assets\zenodo_gpr_14637589\extracted\Data Set\rebar\yangben.MIS\180124AB.ZON\ROHDATA\LID10001.DAT,2026-08-11,False,public labelled or organized dataset; labels are visible before prediction freeze
zenodo_14637589,10.5281/zenodo.14637589,cc-by-4.0,zenodo_14637589_00702,rebar,rebar,yangben.MIS,rebar/yangben.MIS,rebar/yangben.MIS,180124AC.ZON,.dt,raw_gpr_trace,raw_trace,230272,83c3b1693b7a5de932392d06e89fba4418973234a04a54a3bcd1c9aff491cdb6,rebar/yangben.MIS/180124AC.ZON/LID10001.dt,external_assets/zenodo_gpr_14637589/extracted/Data Set/rebar/yangben.MIS/180124AC.ZON/LID10001.dt,<LOCAL_DATA_ROOT>\external_assets\zenodo_gpr_14637589\extracted\Data Set\rebar\yangben.MIS\180124AC.ZON\LID10001.dt,2026-08-11,False,public labelled or organized dataset; labels are visible before prediction freeze
zenodo_14637589,10.5281/zenodo.14637589,cc-by-4.0,zenodo_14637589_00703,rebar,rebar,yangben.MIS,rebar/yangben.MIS,rebar/yangben.MIS,ROHDATA,.dat,raw_gpr_trace,raw_trace,246620,2d7d13eb372412814b94a4a2b89b829ad0611f2eff8468a8a5c75952f492afb1,rebar/yangben.MIS/180124AC.ZON/ROHDATA/LID10001.DAT,external_assets/zenodo_gpr_14637589/extracted/Data Set/rebar/yangben.MIS/180124AC.ZON/ROHDATA/LID10001.DAT,<LOCAL_DATA_ROOT>\external_assets\zenodo_gpr_14637589\extracted\Data Set\rebar\yangben.MIS\180124AC.ZON\ROHDATA\LID10001.DAT,2026-08-11,False,public labelled or organized dataset; labels are visible before prediction freeze
zenodo_14637589,10.5281/zenodo.14637589,cc-by-4.0,zenodo_14637589_00704,rebar,rebar,yangben.MIS,rebar/yangben.MIS,rebar/yangben.MIS,ASCII,.dt,raw_gpr_trace,raw_trace,5629328,2fc62aa613fce9996f76c600228273de21bbe86be108558ebcd4875054564daa,rebar/yangben.MIS/180124AD.ZON/ASCII/LID10001.dt,external_assets/zenodo_gpr_14637589/extracted/Data Set/rebar/yangben.MIS/180124AD.ZON/ASCII/LID10001.dt,<LOCAL_DATA_ROOT>\external_assets\zenodo_gpr_14637589\extracted\Data Set\rebar\yangben.MIS\180124AD.ZON\ASCII\LID10001.dt,2026-08-11,False,public labelled or organized dataset; labels are visible before prediction freeze
zenodo_14637589,10.5281/zenodo.14637589,cc-by-4.0,zenodo_14637589_00705,rebar,rebar,yangben.MIS,rebar/yangben.MIS,rebar/yangben.MIS,180124AD.ZON,.dt,raw_gpr_trace,raw_trace,5629328,2fc62aa613fce9996f76c600228273de21bbe86be108558ebcd4875054564daa,rebar/yangben.MIS/180124AD.ZON/LID10001.dt,external_assets/zenodo_gpr_14637589/extracted/Data Set/rebar/yangben.MIS/180124AD.ZON/LID10001.dt,<LOCAL_DATA_ROOT>\external_assets\zenodo_gpr_14637589\extracted\Data Set\rebar\yangben.MIS\180124AD.ZON\LID10001.dt,2026-08-11,False,public labelled or organized dataset; labels are visible before prediction freeze
zenodo_14637589,10.5281/zenodo.14637589,cc-by-4.0,zenodo_14637589_00706,rebar,rebar,yangben.MIS,rebar/yangben.MIS,rebar/yangben.MIS,ROHDATA,.dat,raw_gpr_trace,raw_trace,6443980,8d5ee8d08bef2e21c1f90bc1f0fd61a8edcccc1d9ac2b919c7b5aa4e8d2cb395,rebar/yangben.MIS/180124AD.ZON/ROHDATA/LID10001.DAT,external_assets/zenodo_gpr_14637589/extracted/Data Set/rebar/yangben.MIS/180124AD.ZON/ROHDATA/LID10001.DAT,<LOCAL_DATA_ROOT>\external_assets\zenodo_gpr_14637589\extracted\Data Set\rebar\yangben.MIS\180124AD.ZON\ROHDATA\LID10001.DAT,2026-08-11,False,public labelled or organized dataset; labels are visible before prediction freeze
zenodo_14637589,10.5281/zenodo.14637589,cc-by-4.0,zenodo_14637589_00707,rebar,rebar,yangben.MIS,rebar/yangben.MIS,rebar/yangben.MIS,ban1.ZON,.dt,raw_gpr_trace,raw_trace,258028,e6ffc1fafa0202c86e34b362282c9c4e14f23767608eb8d5d8bf5766366564b1,rebar/yangben.MIS/ban1.ZON/LID10001.dt,external_assets/zenodo_gpr_14637589/extracted/Data Set/rebar/yangben.MIS/ban1.ZON/LID10001.dt,<LOCAL_DATA_ROOT>\external_assets\zenodo_gpr_14637589\extracted\Data Set\rebar\yangben.MIS\ban1.ZON\LID10001.dt,2026-08-11,False,public labelled or organized dataset; labels are visible before prediction freeze
zenodo_14637589,10.5281/zenodo.14637589,cc-by-4.0,zenodo_14637589_00708,rebar,rebar,yangben.MIS,rebar/yangben.MIS,rebar/yangben.MIS,ROHDATA,.dat,raw_gpr_trace,raw_trace,278480,fac8280a20b7a99e3995adff0689455dbc8eeef5faee9949d0b4598284143820,rebar/yangben.MIS/ban1.ZON/ROHDATA/LID10001.DAT,external_assets/zenodo_gpr_14637589/extracted/Data Set/rebar/yangben.MIS/ban1.ZON/ROHDATA/LID10001.DAT,<LOCAL_DATA_ROOT>\external_assets\zenodo_gpr_14637589\extracted\Data Set\rebar\yangben.MIS\ban1.ZON\ROHDATA\LID10001.DAT,2026-08-11,False,public labelled or organized dataset; labels are visible before prediction freeze
zenodo_14637589,10.5281/zenodo.14637589,cc-by-4.0,zenodo_14637589_00709,rebar,rebar,yangben2.MIS,rebar/yangben2.MIS,rebar/yangben2.MIS,180124AA.ZON,.dt,raw_gpr_trace,raw_trace,7815884,9537f74fb1e9ab9434fe4bba3c933cf5a57c21790198c9724016ca305a81c144,rebar/yangben2.MIS/180124AA.ZON/LID10001.dt,external_assets/zenodo_gpr_14637589/extracted/Data Set/rebar/yangben2.MIS/180124AA.ZON/LID10001.dt,<LOCAL_DATA_ROOT>\external_assets\zenodo_gpr_14637589\extracted\Data Set\rebar\yangben2.MIS\180124AA.ZON\LID10001.dt,2026-08-11,False,public labelled or organized dataset; labels are visible before prediction freeze
zenodo_14637589,10.5281/zenodo.14637589,cc-by-4.0,zenodo_14637589_00710,rebar,rebar,yangben2.MIS,rebar/yangben2.MIS,rebar/yangben2.MIS,180124AA.ZON,.dt,raw_gpr_trace,raw_trace,3168296,364f8993e248df6e9c339e36f76ea288df1b0d460fa94833a25a6e7e9c3a1510,rebar/yangben2.MIS/180124AA.ZON/LID10002.dt,external_assets/zenodo_gpr_14637589/extracted/Data Set/rebar/yangben2.MIS/180124AA.ZON/LID10002.dt,<LOCAL_DATA_ROOT>\external_assets\zenodo_gpr_14637589\extracted\Data Set\rebar\yangben2.MIS\180124AA.ZON\LID10002.dt,2026-08-11,False,public labelled or organized dataset; labels are visible before prediction freeze
zenodo_14637589,10.5281/zenodo.14637589,cc-by-4.0,zenodo_14637589_00711,rebar,rebar,yangben2.MIS,rebar/yangben2.MIS,rebar/yangben2.MIS,180124AA.ZON,.dt,raw_gpr_trace,raw_trace,14252192,c392a64c975ec781208d96cf3c045e099e4c15db812fc0b7110667b498a1ccfc,rebar/yangben2.MIS/180124AA.ZON/LID10003.dt,external_assets/zenodo_gpr_14637589/extracted/Data Set/rebar/yangben2.MIS/180124AA.ZON/LID10003.dt,<LOCAL_DATA_ROOT>\external_assets\zenodo_gpr_14637589\extracted\Data Set\rebar\yangben2.MIS\180124AA.ZON\LID10003.dt,2026-08-11,False,public labelled or organized dataset; labels are visible before prediction freeze
zenodo_14637589,10.5281/zenodo.14637589,cc-by-4.0,zenodo_14637589_00712,rebar,rebar,yangben2.MIS,rebar/yangben2.MIS,rebar/yangben2.MIS,180124AA.ZON,.dt,raw_gpr_trace,raw_trace,1259300,de68a8887ac02d554fd3cd7f91de959be8143aeef7071a64124f4d7355d46988,rebar/yangben2.MIS/180124AA.ZON/LID10004.dt,external_assets/zenodo_gpr_14637589/extracted/Data Set/rebar/yangben2.MIS/180124AA.ZON/LID10004.dt,<LOCAL_DATA_ROOT>\external_assets\zenodo_gpr_14637589\extracted\Data Set\rebar\yangben2.MIS\180124AA.ZON\LID10004.dt,2026-08-11,False,public labelled or organized dataset; labels are visible before prediction freeze
zenodo_14637589,10.5281/zenodo.14637589,cc-by-4.0,zenodo_14637589_00713,rebar,rebar,yangben2.MIS,rebar/yangben2.MIS,rebar/yangben2.MIS,ROHDATA,.dat,raw_gpr_trace,raw_trace,8953840,0ed7f0601d29b4ffe694fea6a53f3fdf810f20b44059f39a5a4286becf53c15e,rebar/yangben2.MIS/180124AA.ZON/ROHDATA/LID10001.DAT,external_assets/zenodo_gpr_14637589/extracted/Data Set/rebar/yangben2.MIS/180124AA.ZON/ROHDATA/LID10001.DAT,<LOCAL_DATA_ROOT>\external_assets\zenodo_gpr_14637589\extracted\Data Set\rebar\yangben2.MIS\180124AA.ZON\ROHDATA\LID10001.DAT,2026-08-11,False,public labelled or organized dataset; labels are visible before prediction freeze
zenodo_14637589,10.5281/zenodo.14637589,cc-by-4.0,zenodo_14637589_00714,rebar,rebar,yangben2.MIS,rebar/yangben2.MIS,rebar/yangben2.MIS,ROHDATA,.dat,raw_gpr_trace,raw_trace,3619060,1938e1748e1366529881d38e05089d521218208904fb708eaab396640bd46e75,rebar/yangben2.MIS/180124AA.ZON/ROHDATA/LID10002.DAT,external_assets/zenodo_gpr_14637589/extracted/Data Set/rebar/yangben2.MIS/180124AA.ZON/ROHDATA/LID10002.DAT,<LOCAL_DATA_ROOT>\external_assets\zenodo_gpr_14637589\extracted\Data Set\rebar\yangben2.MIS\180124AA.ZON\ROHDATA\LID10002.DAT,2026-08-11,False,public labelled or organized dataset; labels are visible before prediction freeze
zenodo_14637589,10.5281/zenodo.14637589,cc-by-4.0,zenodo_14637589_00715,rebar,rebar,yangben2.MIS,rebar/yangben2.MIS,rebar/yangben2.MIS,ROHDATA,.dat,raw_gpr_trace,raw_trace,16341820,e1a602b2ea07a7478e744dc73b7fbefb5947230e50dc7bba99624516f36a9b43,rebar/yangben2.MIS/180124AA.ZON/ROHDATA/LID10003.DAT,external_assets/zenodo_gpr_14637589/extracted/Data Set/rebar/yangben2.MIS/180124AA.ZON/ROHDATA/LID10003.DAT,<LOCAL_DATA_ROOT>\external_assets\zenodo_gpr_14637589\extracted\Data Set\rebar\yangben2.MIS\180124AA.ZON\ROHDATA\LID10003.DAT,2026-08-11,False,public labelled or organized dataset; labels are visible before prediction freeze
zenodo_14637589,10.5281/zenodo.14637589,cc-by-4.0,zenodo_14637589_00716,rebar,rebar,yangben2.MIS,rebar/yangben2.MIS,rebar/yangben2.MIS,ROHDATA,.dat,raw_gpr_trace,raw_trace,1427800,3be79772f9c7b9c31319b861e65ea037240c2a6efdaaafefac085e2b0e5549d5,rebar/yangben2.MIS/180124AA.ZON/ROHDATA/LID10004.DAT,external_assets/zenodo_gpr_14637589/extracted/Data Set/rebar/yangben2.MIS/180124AA.ZON/ROHDATA/LID10004.DAT,<LOCAL_DATA_ROOT>\external_assets\zenodo_gpr_14637589\extracted\Data Set\rebar\yangben2.MIS\180124AA.ZON\ROHDATA\LID10004.DAT,2026-08-11,False,public labelled or organized dataset; labels are visible before prediction freeze
zenodo_14637589,10.5281/zenodo.14637589,cc-by-4.0,zenodo_14637589_00717,rebar,rebar,yangben2.MIS,rebar/yangben2.MIS,rebar/yangben2.MIS,180124AB.ZON,.dt,raw_gpr_trace,raw_trace,1458732,964b4de1c2ca23856959bf64da7d38ba93f0c9967a727459104450a7f2d0b4d7,rebar/yangben2.MIS/180124AB.ZON/LID10001.dt,external_assets/zenodo_gpr_14637589/extracted/Data Set/rebar/yangben2.MIS/180124AB.ZON/LID10001.dt,<LOCAL_DATA_ROOT>\external_assets\zenodo_gpr_14637589\extracted\Data Set\rebar\yangben2.MIS\180124AB.ZON\LID10001.dt,2026-08-11,False,public labelled or organized dataset; labels are visible before prediction freeze
zenodo_14637589,10.5281/zenodo.14637589,cc-by-4.0,zenodo_14637589_00718,rebar,rebar,yangben2.MIS,rebar/yangben2.MIS,rebar/yangben2.MIS,180124AB.ZON,.dt,raw_gpr_trace,raw_trace,6365376,0de623d54c2602ecb3bc4987c9c60aad87012aa356f3e02b0f71e9a24e1aa3d9,rebar/yangben2.MIS/180124AB.ZON/LID10002.dt,external_assets/zenodo_gpr_14637589/extracted/Data Set/rebar/yangben2.MIS/180124AB.ZON/LID10002.dt,<LOCAL_DATA_ROOT>\external_assets\zenodo_gpr_14637589\extracted\Data Set\rebar\yangben2.MIS\180124AB.ZON\LID10002.dt,2026-08-11,False,public labelled or organized dataset; labels are visible before prediction freeze
zenodo_14637589,10.5281/zenodo.14637589,cc-by-4.0,zenodo_14637589_00719,rebar,rebar,yangben2.MIS,rebar/yangben2.MIS,rebar/yangben2.MIS,180124AB.ZON,.dt,raw_gpr_trace,raw_trace,5338404,ec154f4af6c52690eb8b169049d059a49ef4475c9c5bec2347e06770aeed3f5e,rebar/yangben2.MIS/180124AB.ZON/LID10003.dt,external_assets/zenodo_gpr_14637589/extracted/Data Set/rebar/yangben2.MIS/180124AB.ZON/LID10003.dt,<LOCAL_DATA_ROOT>\external_assets\zenodo_gpr_14637589\extracted\Data Set\rebar\yangben2.MIS\180124AB.ZON\LID10003.dt,2026-08-11,False,public labelled or organized dataset; labels are visible before prediction freeze
zenodo_14637589,10.5281/zenodo.14637589,cc-by-4.0,zenodo_14637589_00720,rebar,rebar,yangben2.MIS,rebar/yangben2.MIS,rebar/yangben2.MIS,180124AB.ZON,.dt,raw_gpr_trace,raw_trace,1337428,2bbb78a0905607484d41f35c5864c0e4acd54e8bff6f25dbf05a1a5b07cbf40d,rebar/yangben2.MIS/180124AB.ZON/LID10004.dt,external_assets/zenodo_gpr_14637589/extracted/Data Set/rebar/yangben2.MIS/180124AB.ZON/LID10004.dt,<LOCAL_DATA_ROOT>\external_assets\zenodo_gpr_14637589\extracted\Data Set\rebar\yangben2.MIS\180124AB.ZON\LID10004.dt,2026-08-11,False,public labelled or organized dataset; labels are visible before prediction freeze
zenodo_14637589,10.5281/zenodo.14637589,cc-by-4.0,zenodo_14637589_00721,rebar,rebar,yangben2.MIS,rebar/yangben2.MIS,rebar/yangben2.MIS,ROHDATA,.dat,raw_gpr_trace,raw_trace,1656720,14ffcd19e0cfe989fe888bcd155d7677e73e6ad47d5e9da4f0d9d90b9aaadaec,rebar/yangben2.MIS/180124AB.ZON/ROHDATA/LID10001.DAT,external_assets/zenodo_gpr_14637589/extracted/Data Set/rebar/yangben2.MIS/180124AB.ZON/ROHDATA/LID10001.DAT,<LOCAL_DATA_ROOT>\external_assets\zenodo_gpr_14637589\extracted\Data Set\rebar\yangben2.MIS\180124AB.ZON\ROHDATA\LID10001.DAT,2026-08-11,False,public labelled or organized dataset; labels are visible before prediction freeze
zenodo_14637589,10.5281/zenodo.14637589,cc-by-4.0,zenodo_14637589_00722,rebar,rebar,yangben2.MIS,rebar/yangben2.MIS,rebar/yangben2.MIS,ROHDATA,.dat,raw_gpr_trace,raw_trace,7288860,5550f346efbf98193a352d04060f8c42225d2b055284e546f671542ca5e1609f,rebar/yangben2.MIS/180124AB.ZON/ROHDATA/LID10002.DAT,external_assets/zenodo_gpr_14637589/extracted/Data Set/rebar/yangben2.MIS/180124AB.ZON/ROHDATA/LID10002.DAT,<LOCAL_DATA_ROOT>\external_assets\zenodo_gpr_14637589\extracted\Data Set\rebar\yangben2.MIS\180124AB.ZON\ROHDATA\LID10002.DAT,2026-08-11,False,public labelled or organized dataset; labels are visible before prediction freeze
zenodo_14637589,10.5281/zenodo.14637589,cc-by-4.0,zenodo_14637589_00723,rebar,rebar,yangben2.MIS,rebar/yangben2.MIS,rebar/yangben2.MIS,ROHDATA,.dat,raw_gpr_trace,raw_trace,6110040,b1312217bcb55ea85728de34b20be39625a561f13ac29c45a1154ab0cfbc55c0,rebar/yangben2.MIS/180124AB.ZON/ROHDATA/LID10003.DAT,external_assets/zenodo_gpr_14637589/extracted/Data Set/rebar/yangben2.MIS/180124AB.ZON/ROHDATA/LID10003.DAT,<LOCAL_DATA_ROOT>\external_assets\zenodo_gpr_14637589\extracted\Data Set\rebar\yangben2.MIS\180124AB.ZON\ROHDATA\LID10003.DAT,2026-08-11,False,public labelled or organized dataset; labels are visible before prediction freeze
zenodo_14637589,10.5281/zenodo.14637589,cc-by-4.0,zenodo_14637589_00724,rebar,rebar,yangben2.MIS,rebar/yangben2.MIS,rebar/yangben2.MIS,ROHDATA,.dat,raw_gpr_trace,raw_trace,1517480,2982d7a708e8884a376be38c5fb413ecd809357f973208d45e21d88407037238,rebar/yangben2.MIS/180124AB.ZON/ROHDATA/LID10004.DAT,external_assets/zenodo_gpr_14637589/extracted/Data Set/rebar/yangben2.MIS/180124AB.ZON/ROHDATA/LID10004.DAT,<LOCAL_DATA_ROOT>\external_assets\zenodo_gpr_14637589\extracted\Data Set\rebar\yangben2.MIS\180124AB.ZON\ROHDATA\LID10004.DAT,2026-08-11,False,public labelled or organized dataset; labels are visible before prediction freeze
zenodo_14637589,10.5281/zenodo.14637589,cc-by-4.0,zenodo_14637589_00725,rebar,rebar,yangben2.MIS,rebar/yangben2.MIS,rebar/yangben2.MIS,180124AC.ZON,.dt,raw_gpr_trace,raw_trace,2470284,d6ac3206880be394ccfab65064d6b864c20f68d57c820eb41a196bb466782b2b,rebar/yangben2.MIS/180124AC.ZON/LID10001.dt,external_assets/zenodo_gpr_14637589/extracted/Data Set/rebar/yangben2.MIS/180124AC.ZON/LID10001.dt,<LOCAL_DATA_ROOT>\external_assets\zenodo_gpr_14637589\extracted\Data Set\rebar\yangben2.MIS\180124AC.ZON\LID10001.dt,2026-08-11,False,public labelled or organized dataset; labels are visible before prediction freeze
zenodo_14637589,10.5281/zenodo.14637589,cc-by-4.0,zenodo_14637589_00726,rebar,rebar,yangben2.MIS,rebar/yangben2.MIS,rebar/yangben2.MIS,180124AC.ZON,.dt,raw_gpr_trace,raw_trace,3385204,1271b177e6c6924524ba9bf1d9945df04c2e1601313f0e8942260328c5bdc3b6,rebar/yangben2.MIS/180124AC.ZON/LID10002.dt,external_assets/zenodo_gpr_14637589/extracted/Data Set/rebar/yangben2.MIS/180124AC.ZON/LID10002.dt,<LOCAL_DATA_ROOT>\external_assets\zenodo_gpr_14637589\extracted\Data Set\rebar\yangben2.MIS\180124AC.ZON\LID10002.dt,2026-08-11,False,public labelled or organized dataset; labels are visible before prediction freeze
zenodo_14637589,10.5281/zenodo.14637589,cc-by-4.0,zenodo_14637589_00727,rebar,rebar,yangben2.MIS,rebar/yangben2.MIS,rebar/yangben2.MIS,180124AC.ZON,.dt,raw_gpr_trace,raw_trace,10450648,a83e8ea848a757ed6b25bcbe6bddc43cd65573ba19ba9aa90b7b09851ff3051c,rebar/yangben2.MIS/180124AC.ZON/LID10003.dt,external_assets/zenodo_gpr_14637589/extracted/Data Set/rebar/yangben2.MIS/180124AC.ZON/LID10003.dt,<LOCAL_DATA_ROOT>\external_assets\zenodo_gpr_14637589\extracted\Data Set\rebar\yangben2.MIS\180124AC.ZON\LID10003.dt,2026-08-11,False,public labelled or organized dataset; labels are visible before prediction freeze
zenodo_14637589,10.5281/zenodo.14637589,cc-by-4.0,zenodo_14637589_00728,rebar,rebar,yangben2.MIS,rebar/yangben2.MIS,rebar/yangben2.MIS,180124AC.ZON,.dt,raw_gpr_trace,raw_trace,15811668,537fd0d5dbb2031eb3765eef065d97ce95c164b58db0085362e11a0e29d941ca,rebar/yangben2.MIS/180124AC.ZON/LID10004.dt,external_assets/zenodo_gpr_14637589/extracted/Data Set/rebar/yangben2.MIS/180124AC.ZON/LID10004.dt,<LOCAL_DATA_ROOT>\external_assets\zenodo_gpr_14637589\extracted\Data Set\rebar\yangben2.MIS\180124AC.ZON\LID10004.dt,2026-08-11,False,public labelled or organized dataset; labels are visible before prediction freeze
zenodo_14637589,10.5281/zenodo.14637589,cc-by-4.0,zenodo_14637589_00729,rebar,rebar,yangben2.MIS,rebar/yangben2.MIS,rebar/yangben2.MIS,180124AC.ZON,.dt,raw_gpr_trace,raw_trace,363912,70d6881ec67f91ffcf6fe5c281f1b0ac0384cff5a0f53836e129cf7e26252b8c,rebar/yangben2.MIS/180124AC.ZON/LID10005.dt,external_assets/zenodo_gpr_14637589/extracted/Data Set/rebar/yangben2.MIS/180124AC.ZON/LID10005.dt,<LOCAL_DATA_ROOT>\external_assets\zenodo_gpr_14637589\extracted\Data Set\rebar\yangben2.MIS\180124AC.ZON\LID10005.dt,2026-08-11,False,public labelled or organized dataset; labels are visible before prediction freeze
zenodo_14637589,10.5281/zenodo.14637589,cc-by-4.0,zenodo_14637589_00730,rebar,rebar,yangben2.MIS,rebar/yangben2.MIS,rebar/yangben2.MIS,180124AD.ZON,.dt,raw_gpr_trace,raw_trace,2534020,6e57bf77be42fd43d42b8cdf12e3dace2b21ee23ae896fb424d679dea6a97b66,rebar/yangben2.MIS/180124AD.ZON/LID10001.dt,external_assets/zenodo_gpr_14637589/extracted/Data Set/rebar/yangben2.MIS/180124AD.ZON/LID10001.dt,<LOCAL_DATA_ROOT>\external_assets\zenodo_gpr_14637589\extracted\Data Set\rebar\yangben2.MIS\180124AD.ZON\LID10001.dt,2026-08-11,False,public labelled or organized dataset; labels are visible before prediction freeze
zenodo_14637589,10.5281/zenodo.14637589,cc-by-4.0,zenodo_14637589_00731,rebar,rebar,yangben2.MIS,rebar/yangben2.MIS,rebar/yangben2.MIS,ROHDATA,.dat,raw_gpr_trace,raw_trace,2891000,771cbabe1139028ed126893cccdf23eb19171884452113f2f8bdb293d3d6401f,rebar/yangben2.MIS/180124AD.ZON/ROHDATA/LID10001.DAT,external_assets/zenodo_gpr_14637589/extracted/Data Set/rebar/yangben2.MIS/180124AD.ZON/ROHDATA/LID10001.DAT,<LOCAL_DATA_ROOT>\external_assets\zenodo_gpr_14637589\extracted\Data Set\rebar\yangben2.MIS\180124AD.ZON\ROHDATA\LID10001.DAT,2026-08-11,False,public labelled or organized dataset; labels are visible before prediction freeze
zenodo_14637589,10.5281/zenodo.14637589,cc-by-4.0,zenodo_14637589_00732,rebar,rebar,yangben2.MIS,rebar/yangben2.MIS,rebar/yangben2.MIS,180124AE.ZON,.dt,raw_gpr_trace,raw_trace,19302756,a4048c1d3ca5283d3a667aaae17b98fe6037e495b986b3c23218732dc69d0148,rebar/yangben2.MIS/180124AE.ZON/LID10001.dt,external_assets/zenodo_gpr_14637589/extracted/Data Set/rebar/yangben2.MIS/180124AE.ZON/LID10001.dt,<LOCAL_DATA_ROOT>\external_assets\zenodo_gpr_14637589\extracted\Data Set\rebar\yangben2.MIS\180124AE.ZON\LID10001.dt,2026-08-11,False,public labelled or organized dataset; labels are visible before prediction freeze
zenodo_14637589,10.5281/zenodo.14637589,cc-by-4.0,zenodo_14637589_00733,rebar,rebar,yangben2.MIS,rebar/yangben2.MIS,rebar/yangben2.MIS,ROHDATA,.dat,raw_gpr_trace,raw_trace,22139160,d131c419dc273f91d61ad8f11383248da4db4152fd2e1efc8c32ef828c429955,rebar/yangben2.MIS/180124AE.ZON/ROHDATA/LID10001.DAT,external_assets/zenodo_gpr_14637589/extracted/Data Set/rebar/yangben2.MIS/180124AE.ZON/ROHDATA/LID10001.DAT,<LOCAL_DATA_ROOT>\external_assets\zenodo_gpr_14637589\extracted\Data Set\rebar\yangben2.MIS\180124AE.ZON\ROHDATA\LID10001.DAT,2026-08-11,False,public labelled or organized dataset; labels are visible before prediction freeze
zenodo_14637589,10.5281/zenodo.14637589,cc-by-4.0,zenodo_14637589_00734,rebar,rebar,yangben2.MIS,rebar/yangben2.MIS,rebar/yangben2.MIS,180124AF.ZON,.dt,raw_gpr_trace,raw_trace,5652972,4db967c4631a3b7686b37f384a797a6f658216e2efad773658c614e7deb711ff,rebar/yangben2.MIS/180124AF.ZON/LID10001.dt,external_assets/zenodo_gpr_14637589/extracted/Data Set/rebar/yangben2.MIS/180124AF.ZON/LID10001.dt,<LOCAL_DATA_ROOT>\external_assets\zenodo_gpr_14637589\extracted\Data Set\rebar\yangben2.MIS\180124AF.ZON\LID10001.dt,2026-08-11,False,public labelled or organized dataset; labels are visible before prediction freeze
zenodo_14637589,10.5281/zenodo.14637589,cc-by-4.0,zenodo_14637589_00735,rebar,rebar,yangben2.MIS,rebar/yangben2.MIS,rebar/yangben2.MIS,180124AF.ZON,.dt,raw_gpr_trace,raw_trace,13202604,33f0e56f74c2fe0324ee131b1a93782f147995379d6df4816b2612aa0590e17b,rebar/yangben2.MIS/180124AF.ZON/LID10002.dt,external_assets/zenodo_gpr_14637589/extracted/Data Set/rebar/yangben2.MIS/180124AF.ZON/LID10002.dt,<LOCAL_DATA_ROOT>\external_assets\zenodo_gpr_14637589\extracted\Data Set\rebar\yangben2.MIS\180124AF.ZON\LID10002.dt,2026-08-11,False,public labelled or organized dataset; labels are visible before prediction freeze
zenodo_14637589,10.5281/zenodo.14637589,cc-by-4.0,zenodo_14637589_00736,rebar,rebar,yangben2.MIS,rebar/yangben2.MIS,rebar/yangben2.MIS,180124AF.ZON,.dt,raw_gpr_trace,raw_trace,13116252,72f319a0ab02fc157f5873c4580ee52836b3459588d800662d1abea9e5cffbd3,rebar/yangben2.MIS/180124AF.ZON/LID10003.dt,external_assets/zenodo_gpr_14637589/extracted/Data Set/rebar/yangben2.MIS/180124AF.ZON/LID10003.dt,<LOCAL_DATA_ROOT>\external_assets\zenodo_gpr_14637589\extracted\Data Set\rebar\yangben2.MIS\180124AF.ZON\LID10003.dt,2026-08-11,False,public labelled or organized dataset; labels are visible before prediction freeze
zenodo_14637589,10.5281/zenodo.14637589,cc-by-4.0,zenodo_14637589_00737,rebar,rebar,yangben2.MIS,rebar/yangben2.MIS,rebar/yangben2.MIS,180124AF.ZON,.dt,raw_gpr_trace,raw_trace,16331836,74808833f04090857790c2baee5b8d5c4bb51a5ff12ca17596e20e8091302c02,rebar/yangben2.MIS/180124AF.ZON/LID10004.dt,external_assets/zenodo_gpr_14637589/extracted/Data Set/rebar/yangben2.MIS/180124AF.ZON/LID10004.dt,<LOCAL_DATA_ROOT>\external_assets\zenodo_gpr_14637589\extracted\Data Set\rebar\yangben2.MIS\180124AF.ZON\LID10004.dt,2026-08-11,False,public labelled or organized dataset; labels are visible before prediction freeze
zenodo_14637589,10.5281/zenodo.14637589,cc-by-4.0,zenodo_14637589_00738,rebar,rebar,yangben2.MIS,rebar/yangben2.MIS,rebar/yangben2.MIS,ROHDATA,.dat,raw_gpr_trace,raw_trace,6471120,f2c2c5bfbeffff5c97e3fafbb16e014c866b8b16b6e3baf0a0a6fcf96377c64a,rebar/yangben2.MIS/180124AF.ZON/ROHDATA/LID10001.DAT,external_assets/zenodo_gpr_14637589/extracted/Data Set/rebar/yangben2.MIS/180124AF.ZON/ROHDATA/LID10001.DAT,<LOCAL_DATA_ROOT>\external_assets\zenodo_gpr_14637589\extracted\Data Set\rebar\yangben2.MIS\180124AF.ZON\ROHDATA\LID10001.DAT,2026-08-11,False,public labelled or organized dataset; labels are visible before prediction freeze
zenodo_14637589,10.5281/zenodo.14637589,cc-by-4.0,zenodo_14637589_00739,rebar,rebar,yangben2.MIS,rebar/yangben2.MIS,rebar/yangben2.MIS,ROHDATA,.dat,raw_gpr_trace,raw_trace,15137040,09ef6842680ec2c930320cc7d68602834453c34879997d18115b9e651c01c859,rebar/yangben2.MIS/180124AF.ZON/ROHDATA/LID10002.DAT,external_assets/zenodo_gpr_14637589/extracted/Data Set/rebar/yangben2.MIS/180124AF.ZON/ROHDATA/LID10002.DAT,<LOCAL_DATA_ROOT>\external_assets\zenodo_gpr_14637589\extracted\Data Set\rebar\yangben2.MIS\180124AF.ZON\ROHDATA\LID10002.DAT,2026-08-11,False,public labelled or organized dataset; labels are visible before prediction freeze
zenodo_14637589,10.5281/zenodo.14637589,cc-by-4.0,zenodo_14637589_00740,rebar,rebar,yangben2.MIS,rebar/yangben2.MIS,rebar/yangben2.MIS,ROHDATA,.dat,raw_gpr_trace,raw_trace,15037920,7e17b2c65a3351fa0699f373b0fa80125dc3a8b7467196ace9c85e6a960e4516,rebar/yangben2.MIS/180124AF.ZON/ROHDATA/LID10003.DAT,external_assets/zenodo_gpr_14637589/extracted/Data Set/rebar/yangben2.MIS/180124AF.ZON/ROHDATA/LID10003.DAT,<LOCAL_DATA_ROOT>\external_assets\zenodo_gpr_14637589\extracted\Data Set\rebar\yangben2.MIS\180124AF.ZON\ROHDATA\LID10003.DAT,2026-08-11,False,public labelled or organized dataset; labels are visible before prediction freeze
zenodo_14637589,10.5281/zenodo.14637589,cc-by-4.0,zenodo_14637589_00741,rebar,rebar,yangben2.MIS,rebar/yangben2.MIS,rebar/yangben2.MIS,ROHDATA,.dat,raw_gpr_trace,raw_trace,18728960,7aed2d66da196803199030bfa83c0ae42ae37f9434860fc7ba169973da00b9ce,rebar/yangben2.MIS/180124AF.ZON/ROHDATA/LID10004.DAT,external_assets/zenodo_gpr_14637589/extracted/Data Set/rebar/yangben2.MIS/180124AF.ZON/ROHDATA/LID10004.DAT,<LOCAL_DATA_ROOT>\external_assets\zenodo_gpr_14637589\extracted\Data Set\rebar\yangben2.MIS\180124AF.ZON\ROHDATA\LID10004.DAT,2026-08-11,False,public labelled or organized dataset; labels are visible before prediction freeze
zenodo_14637589,10.5281/zenodo.14637589,cc-by-4.0,zenodo_14637589_00742,rebar,rebar,yangben3.MIS,rebar/yangben3.MIS,rebar/yangben3.MIS,180125AA.ZON,.dt,raw_gpr_trace,raw_trace,27157704,e58c691c1fbf6fa25ae66c1e7a0bd70a3fdf4da411cd02f85fd80ea4a62532a1,rebar/yangben3.MIS/180125AA.ZON/LID10001.dt,external_assets/zenodo_gpr_14637589/extracted/Data Set/rebar/yangben3.MIS/180125AA.ZON/LID10001.dt,<LOCAL_DATA_ROOT>\external_assets\zenodo_gpr_14637589\extracted\Data Set\rebar\yangben3.MIS\180125AA.ZON\LID10001.dt,2026-08-11,False,public labelled or organized dataset; labels are visible before prediction freeze
zenodo_14637589,10.5281/zenodo.14637589,cc-by-4.0,zenodo_14637589_00743,rebar,rebar,yangben3.MIS,rebar/yangben3.MIS,rebar/yangben3.MIS,180125AA.ZON,.dt,raw_gpr_trace,raw_trace,13412316,79b2b5c1c092699fef6269f49ac18f3a908d207d5ce5fc06791bc368c3cdd550,rebar/yangben3.MIS/180125AA.ZON/LID10002.dt,external_assets/zenodo_gpr_14637589/extracted/Data Set/rebar/yangben3.MIS/180125AA.ZON/LID10002.dt,<LOCAL_DATA_ROOT>\external_assets\zenodo_gpr_14637589\extracted\Data Set\rebar\yangben3.MIS\180125AA.ZON\LID10002.dt,2026-08-11,False,public labelled or organized dataset; labels are visible before prediction freeze
zenodo_14637589,10.5281/zenodo.14637589,cc-by-4.0,zenodo_14637589_00744,rebar,rebar,yangben3.MIS,rebar/yangben3.MIS,rebar/yangben3.MIS,180125AA.ZON,.dt,raw_gpr_trace,raw_trace,1646856,e9140b1803ca5e53d13a62ba16f32b454d5eacdf9bed66e5dbd83b7220468d55,rebar/yangben3.MIS/180125AA.ZON/LID10003.dt,external_assets/zenodo_gpr_14637589/extracted/Data Set/rebar/yangben3.MIS/180125AA.ZON/LID10003.dt,<LOCAL_DATA_ROOT>\external_assets\zenodo_gpr_14637589\extracted\Data Set\rebar\yangben3.MIS\180125AA.ZON\LID10003.dt,2026-08-11,False,public labelled or organized dataset; labels are visible before prediction freeze
zenodo_14637589,10.5281/zenodo.14637589,cc-by-4.0,zenodo_14637589_00745,rebar,rebar,yangben3.MIS,rebar/yangben3.MIS,rebar/yangben3.MIS,ROHDATA,.dat,raw_gpr_trace,raw_trace,31155540,2f2796ba16e225796e7ef64083c9230493b9eb92a32ac0c3fde788f9f714262f,rebar/yangben3.MIS/180125AA.ZON/ROHDATA/LID10001.DAT,external_assets/zenodo_gpr_14637589/extracted/Data Set/rebar/yangben3.MIS/180125AA.ZON/ROHDATA/LID10001.DAT,<LOCAL_DATA_ROOT>\external_assets\zenodo_gpr_14637589\extracted\Data Set\rebar\yangben3.MIS\180125AA.ZON\ROHDATA\LID10001.DAT,2026-08-11,False,public labelled or organized dataset; labels are visible before prediction freeze
zenodo_14637589,10.5281/zenodo.14637589,cc-by-4.0,zenodo_14637589_00746,rebar,rebar,yangben3.MIS,rebar/yangben3.MIS,rebar/yangben3.MIS,ROHDATA,.dat,raw_gpr_trace,raw_trace,15377760,5de7063585d0b2692e3d66bd08be48d8f58ba11a1865c45c3e001bd54578badf,rebar/yangben3.MIS/180125AA.ZON/ROHDATA/LID10002.DAT,external_assets/zenodo_gpr_14637589/extracted/Data Set/rebar/yangben3.MIS/180125AA.ZON/ROHDATA/LID10002.DAT,<LOCAL_DATA_ROOT>\external_assets\zenodo_gpr_14637589\extracted\Data Set\rebar\yangben3.MIS\180125AA.ZON\ROHDATA\LID10002.DAT,2026-08-11,False,public labelled or organized dataset; labels are visible before prediction freeze
zenodo_14637589,10.5281/zenodo.14637589,cc-by-4.0,zenodo_14637589_00747,rebar,rebar,yangben3.MIS,rebar/yangben3.MIS,rebar/yangben3.MIS,ROHDATA,.dat,raw_gpr_trace,raw_trace,1872660,c3dde6292f49bc2c4dfcd6377a163caadb037bb832fed31817da0c0ae57dcc9b,rebar/yangben3.MIS/180125AA.ZON/ROHDATA/LID10003.DAT,external_assets/zenodo_gpr_14637589/extracted/Data Set/rebar/yangben3.MIS/180125AA.ZON/ROHDATA/LID10003.DAT,<LOCAL_DATA_ROOT>\external_assets\zenodo_gpr_14637589\extracted\Data Set\rebar\yangben3.MIS\180125AA.ZON\ROHDATA\LID10003.DAT,2026-08-11,False,public labelled or organized dataset; labels are visible before prediction freeze
zenodo_14637589,10.5281/zenodo.14637589,cc-by-4.0,zenodo_14637589_00748,rebar,rebar,yangben3.MIS,rebar/yangben3.MIS,rebar/yangben3.MIS,180125AB.ZON,.dt,raw_gpr_trace,raw_trace,26537820,d280a669ee42e2d414d676cb91d3ab840e69a84a42add4e25f48e99ec66f7eff,rebar/yangben3.MIS/180125AB.ZON/LID10001.dt,external_assets/zenodo_gpr_14637589/extracted/Data Set/rebar/yangben3.MIS/180125AB.ZON/LID10001.dt,<LOCAL_DATA_ROOT>\external_assets\zenodo_gpr_14637589\extracted\Data Set\rebar\yangben3.MIS\180125AB.ZON\LID10001.dt,2026-08-11,False,public labelled or organized dataset; labels are visible before prediction freeze
zenodo_14637589,10.5281/zenodo.14637589,cc-by-4.0,zenodo_14637589_00749,rebar,rebar,yangben3.MIS,rebar/yangben3.MIS,rebar/yangben3.MIS,180125AB.ZON,.dt,raw_gpr_trace,raw_trace,7692524,14995a7d693de0f8f2f571bea9abcfe44fa3da307810430885416900f5817018,rebar/yangben3.MIS/180125AB.ZON/LID10002.dt,external_assets/zenodo_gpr_14637589/extracted/Data Set/rebar/yangben3.MIS/180125AB.ZON/LID10002.dt,<LOCAL_DATA_ROOT>\external_assets\zenodo_gpr_14637589\extracted\Data Set\rebar\yangben3.MIS\180125AB.ZON\LID10002.dt,2026-08-11,False,public labelled or organized dataset; labels are visible before prediction freeze
zenodo_14637589,10.5281/zenodo.14637589,cc-by-4.0,zenodo_14637589_00750,rebar,rebar,yangben3.MIS,rebar/yangben3.MIS,rebar/yangben3.MIS,180125AB.ZON,.dt,raw_gpr_trace,raw_trace,30156380,058ed4403229d99e0f7e9603647f68dc3a1a3756e4b69650a264780613c5f96c,rebar/yangben3.MIS/180125AB.ZON/LID10003.dt,external_assets/zenodo_gpr_14637589/extracted/Data Set/rebar/yangben3.MIS/180125AB.ZON/LID10003.dt,<LOCAL_DATA_ROOT>\external_assets\zenodo_gpr_14637589\extracted\Data Set\rebar\yangben3.MIS\180125AB.ZON\LID10003.dt,2026-08-11,False,public labelled or organized dataset; labels are visible before prediction freeze
zenodo_14637589,10.5281/zenodo.14637589,cc-by-4.0,zenodo_14637589_00751,rebar,rebar,yangben3.MIS,rebar/yangben3.MIS,rebar/yangben3.MIS,180125AB.ZON,.dt,raw_gpr_trace,raw_trace,795672,16eb3124ed66d770095822f39b813a6011a8fd449d2ca0ff347b74dc5d09d727,rebar/yangben3.MIS/180125AB.ZON/LID10004.dt,external_assets/zenodo_gpr_14637589/extracted/Data Set/rebar/yangben3.MIS/180125AB.ZON/LID10004.dt,<LOCAL_DATA_ROOT>\external_assets\zenodo_gpr_14637589\extracted\Data Set\rebar\yangben3.MIS\180125AB.ZON\LID10004.dt,2026-08-11,False,public labelled or organized dataset; labels are visible before prediction freeze
zenodo_14637589,10.5281/zenodo.14637589,cc-by-4.0,zenodo_14637589_00752,rebar,rebar,yangben3.MIS,rebar/yangben3.MIS,rebar/yangben3.MIS,ROHDATA,.dat,raw_gpr_trace,raw_trace,30444000,cc1009ba48cce607bb8676b781b0bf83769f6994e080614ae1e3698d6b953603,rebar/yangben3.MIS/180125AB.ZON/ROHDATA/LID10001.DAT,external_assets/zenodo_gpr_14637589/extracted/Data Set/rebar/yangben3.MIS/180125AB.ZON/ROHDATA/LID10001.DAT,<LOCAL_DATA_ROOT>\external_assets\zenodo_gpr_14637589\extracted\Data Set\rebar\yangben3.MIS\180125AB.ZON\ROHDATA\LID10001.DAT,2026-08-11,False,public labelled or organized dataset; labels are visible before prediction freeze
zenodo_14637589,10.5281/zenodo.14637589,cc-by-4.0,zenodo_14637589_00753,rebar,rebar,yangben3.MIS,rebar/yangben3.MIS,rebar/yangben3.MIS,ROHDATA,.dat,raw_gpr_trace,raw_trace,8812240,51ee5e558f0841671b01490e029532bee80575521ddff81b38d5260e7078a5a2,rebar/yangben3.MIS/180125AB.ZON/ROHDATA/LID10002.DAT,external_assets/zenodo_gpr_14637589/extracted/Data Set/rebar/yangben3.MIS/180125AB.ZON/ROHDATA/LID10002.DAT,<LOCAL_DATA_ROOT>\external_assets\zenodo_gpr_14637589\extracted\Data Set\rebar\yangben3.MIS\180125AB.ZON\ROHDATA\LID10002.DAT,2026-08-11,False,public labelled or organized dataset; labels are visible before prediction freeze
zenodo_14637589,10.5281/zenodo.14637589,cc-by-4.0,zenodo_14637589_00754,rebar,rebar,yangben3.MIS,rebar/yangben3.MIS,rebar/yangben3.MIS,ROHDATA,.dat,raw_gpr_trace,raw_trace,34597600,575f155486850b6b5ac2bb29252f2ba1cbf07c946825c5906119e6e8091d7b19,rebar/yangben3.MIS/180125AB.ZON/ROHDATA/LID10003.DAT,external_assets/zenodo_gpr_14637589/extracted/Data Set/rebar/yangben3.MIS/180125AB.ZON/ROHDATA/LID10003.DAT,<LOCAL_DATA_ROOT>\external_assets\zenodo_gpr_14637589\extracted\Data Set\rebar\yangben3.MIS\180125AB.ZON\ROHDATA\LID10003.DAT,2026-08-11,False,public labelled or organized dataset; labels are visible before prediction freeze
zenodo_14637589,10.5281/zenodo.14637589,cc-by-4.0,zenodo_14637589_00755,rebar,rebar,yangben3.MIS,rebar/yangben3.MIS,rebar/yangben3.MIS,ROHDATA,.dat,raw_gpr_trace,raw_trace,895620,e8a77af512de3f284bdbee81287a06933d85ad3bf051181552942cbad12f7c30,rebar/yangben3.MIS/180125AB.ZON/ROHDATA/LID10004.DAT,external_assets/zenodo_gpr_14637589/extracted/Data Set/rebar/yangben3.MIS/180125AB.ZON/ROHDATA/LID10004.DAT,<LOCAL_DATA_ROOT>\external_assets\zenodo_gpr_14637589\extracted\Data Set\rebar\yangben3.MIS\180125AB.ZON\ROHDATA\LID10004.DAT,2026-08-11,False,public labelled or organized dataset; labels are visible before prediction freeze
zenodo_14637589,10.5281/zenodo.14637589,cc-by-4.0,zenodo_14637589_00756,rebar,rebar,yangben3.MIS,rebar/yangben3.MIS,rebar/yangben3.MIS,180125AC.ZON,.dt,raw_gpr_trace,raw_trace,20645324,a592e8cd3a8feeadd7ab01d1e5c12fbe5362c9205b191bd5cf867f2228671b5a,rebar/yangben3.MIS/180125AC.ZON/LID10001.dt,external_assets/zenodo_gpr_14637589/extracted/Data Set/rebar/yangben3.MIS/180125AC.ZON/LID10001.dt,<LOCAL_DATA_ROOT>\external_assets\zenodo_gpr_14637589\extracted\Data Set\rebar\yangben3.MIS\180125AC.ZON\LID10001.dt,2026-08-11,False,public labelled or organized dataset; labels are visible before prediction freeze
zenodo_14637589,10.5281/zenodo.14637589,cc-by-4.0,zenodo_14637589_00757,rebar,rebar,yangben3.MIS,rebar/yangben3.MIS,rebar/yangben3.MIS,180125AC.ZON,.dt,raw_gpr_trace,raw_trace,8117088,7076b183c29bbc486caeeca24770e8b0aa426eda77a7622432f98f0d91515238,rebar/yangben3.MIS/180125AC.ZON/LID10002.dt,external_assets/zenodo_gpr_14637589/extracted/Data Set/rebar/yangben3.MIS/180125AC.ZON/LID10002.dt,<LOCAL_DATA_ROOT>\external_assets\zenodo_gpr_14637589\extracted\Data Set\rebar\yangben3.MIS\180125AC.ZON\LID10002.dt,2026-08-11,False,public labelled or organized dataset; labels are visible before prediction freeze
zenodo_14637589,10.5281/zenodo.14637589,cc-by-4.0,zenodo_14637589_00758,rebar,rebar,yangben3.MIS,rebar/yangben3.MIS,rebar/yangben3.MIS,ROHDATA,.dat,raw_gpr_trace,raw_trace,23680240,81dd35b341937be66c3fce6bfd54de39350430e4cd5bf3f7b413398f92361094,rebar/yangben3.MIS/180125AC.ZON/ROHDATA/LID10001.DAT,external_assets/zenodo_gpr_14637589/extracted/Data Set/rebar/yangben3.MIS/180125AC.ZON/ROHDATA/LID10001.DAT,<LOCAL_DATA_ROOT>\external_assets\zenodo_gpr_14637589\extracted\Data Set\rebar\yangben3.MIS\180125AC.ZON\ROHDATA\LID10001.DAT,2026-08-11,False,public labelled or organized dataset; labels are visible before prediction freeze
zenodo_14637589,10.5281/zenodo.14637589,cc-by-4.0,zenodo_14637589_00759,rebar,rebar,yangben3.MIS,rebar/yangben3.MIS,rebar/yangben3.MIS,ROHDATA,.dat,raw_gpr_trace,raw_trace,9299580,8330c7171dcf60c4a8bde6e5eddd4b90d6a9ef4ea72d86df4ae2a4da355fc643,rebar/yangben3.MIS/180125AC.ZON/ROHDATA/LID10002.DAT,external_assets/zenodo_gpr_14637589/extracted/Data Set/rebar/yangben3.MIS/180125AC.ZON/ROHDATA/LID10002.DAT,<LOCAL_DATA_ROOT>\external_assets\zenodo_gpr_14637589\extracted\Data Set\rebar\yangben3.MIS\180125AC.ZON\ROHDATA\LID10002.DAT,2026-08-11,False,public labelled or organized dataset; labels are visible before prediction freeze
zenodo_14637589,10.5281/zenodo.14637589,cc-by-4.0,zenodo_14637589_00760,rebar,rebar,yangben3.MIS,rebar/yangben3.MIS,rebar/yangben3.MIS,180125AD.ZON,.dt,raw_gpr_trace,raw_trace,28568120,7599437dc354fb7a234259f6ad31be1281778662d03f776d981ab5aac2754b42,rebar/yangben3.MIS/180125AD.ZON/LID10001.dt,external_assets/zenodo_gpr_14637589/extracted/Data Set/rebar/yangben3.MIS/180125AD.ZON/LID10001.dt,<LOCAL_DATA_ROOT>\external_assets\zenodo_gpr_14637589\extracted\Data Set\rebar\yangben3.MIS\180125AD.ZON\LID10001.dt,2026-08-11,False,public labelled or organized dataset; labels are visible before prediction freeze
zenodo_14637589,10.5281/zenodo.14637589,cc-by-4.0,zenodo_14637589_00761,rebar,rebar,yangben3.MIS,rebar/yangben3.MIS,rebar/yangben3.MIS,180125AD.ZON,.dt,raw_gpr_trace,raw_trace,19248272,2ed8689f6c866fdeaafc27ef6fc2df478b1ba8be42684837d8993fea702b1a2f,rebar/yangben3.MIS/180125AD.ZON/LID10002.dt,external_assets/zenodo_gpr_14637589/extracted/Data Set/rebar/yangben3.MIS/180125AD.ZON/LID10002.dt,<LOCAL_DATA_ROOT>\external_assets\zenodo_gpr_14637589\extracted\Data Set\rebar\yangben3.MIS\180125AD.ZON\LID10002.dt,2026-08-11,False,public labelled or organized dataset; labels are visible before prediction freeze
zenodo_14637589,10.5281/zenodo.14637589,cc-by-4.0,zenodo_14637589_00762,rebar,rebar,yangben3.MIS,rebar/yangben3.MIS,rebar/yangben3.MIS,180125AD.ZON,.dt,raw_gpr_trace,raw_trace,26448384,99b7e75b7d2f2482d56605b05487f25f31475ba79b7a0a9652ce63424e9e485e,rebar/yangben3.MIS/180125AD.ZON/LID10003.dt,external_assets/zenodo_gpr_14637589/extracted/Data Set/rebar/yangben3.MIS/180125AD.ZON/LID10003.dt,<LOCAL_DATA_ROOT>\external_assets\zenodo_gpr_14637589\extracted\Data Set\rebar\yangben3.MIS\180125AD.ZON\LID10003.dt,2026-08-11,False,public labelled or organized dataset; labels are visible before prediction freeze
zenodo_14637589,10.5281/zenodo.14637589,cc-by-4.0,zenodo_14637589_00763,rebar,rebar,yangben3.MIS,rebar/yangben3.MIS,rebar/yangben3.MIS,180125AD.ZON,.dt,raw_gpr_trace,raw_trace,19868156,af60048cb0da125923386f181cd722755cdb5923e578c9485a94379e2dfbb45d,rebar/yangben3.MIS/180125AD.ZON/LID10004.dt,external_assets/zenodo_gpr_14637589/extracted/Data Set/rebar/yangben3.MIS/180125AD.ZON/LID10004.dt,<LOCAL_DATA_ROOT>\external_assets\zenodo_gpr_14637589\extracted\Data Set\rebar\yangben3.MIS\180125AD.ZON\LID10004.dt,2026-08-11,False,public labelled or organized dataset; labels are visible before prediction freeze
zenodo_14637589,10.5281/zenodo.14637589,cc-by-4.0,zenodo_14637589_00764,rebar,rebar,yangben3.MIS,rebar/yangben3.MIS,rebar/yangben3.MIS,ROHDATA,.dat,raw_gpr_trace,raw_trace,32774500,c091e9cc2e15ce953cdccd5ebc7a9589f6daf4f0266ddd75e2b1fa5fead5f834,rebar/yangben3.MIS/180125AD.ZON/ROHDATA/LID10001.DAT,external_assets/zenodo_gpr_14637589/extracted/Data Set/rebar/yangben3.MIS/180125AD.ZON/ROHDATA/LID10001.DAT,<LOCAL_DATA_ROOT>\external_assets\zenodo_gpr_14637589\extracted\Data Set\rebar\yangben3.MIS\180125AD.ZON\ROHDATA\LID10001.DAT,2026-08-11,False,public labelled or organized dataset; labels are visible before prediction freeze
zenodo_14637589,10.5281/zenodo.14637589,cc-by-4.0,zenodo_14637589_00765,rebar,rebar,yangben3.MIS,rebar/yangben3.MIS,rebar/yangben3.MIS,ROHDATA,.dat,raw_gpr_trace,raw_trace,22076620,04cca512c5bbc3e679d38412b0fe27daa89232a16ecbced6789d818abd470d24,rebar/yangben3.MIS/180125AD.ZON/ROHDATA/LID10002.DAT,external_assets/zenodo_gpr_14637589/extracted/Data Set/rebar/yangben3.MIS/180125AD.ZON/ROHDATA/LID10002.DAT,<LOCAL_DATA_ROOT>\external_assets\zenodo_gpr_14637589\extracted\Data Set\rebar\yangben3.MIS\180125AD.ZON\ROHDATA\LID10002.DAT,2026-08-11,False,public labelled or organized dataset; labels are visible before prediction freeze
zenodo_14637589,10.5281/zenodo.14637589,cc-by-4.0,zenodo_14637589_00766,rebar,rebar,yangben3.MIS,rebar/yangben3.MIS,rebar/yangben3.MIS,ROHDATA,.dat,raw_gpr_trace,raw_trace,30341340,f887c2c9d5385eb26e3380215911fd24cf35f20393a14ed1679c0a65bc6f4d03,rebar/yangben3.MIS/180125AD.ZON/ROHDATA/LID10003.DAT,external_assets/zenodo_gpr_14637589/extracted/Data Set/rebar/yangben3.MIS/180125AD.ZON/ROHDATA/LID10003.DAT,<LOCAL_DATA_ROOT>\external_assets\zenodo_gpr_14637589\extracted\Data Set\rebar\yangben3.MIS\180125AD.ZON\ROHDATA\LID10003.DAT,2026-08-11,False,public labelled or organized dataset; labels are visible before prediction freeze
zenodo_14637589,10.5281/zenodo.14637589,cc-by-4.0,zenodo_14637589_00767,rebar,rebar,yangben3.MIS,rebar/yangben3.MIS,rebar/yangben3.MIS,ROHDATA,.dat,raw_gpr_trace,raw_trace,22788160,72bf6a0c93f5bb6df2444e7bbca2ce0791ce51ce72c5f227673d224330e7ec27,rebar/yangben3.MIS/180125AD.ZON/ROHDATA/LID10004.DAT,external_assets/zenodo_gpr_14637589/extracted/Data Set/rebar/yangben3.MIS/180125AD.ZON/ROHDATA/LID10004.DAT,<LOCAL_DATA_ROOT>\external_assets\zenodo_gpr_14637589\extracted\Data Set\rebar\yangben3.MIS\180125AD.ZON\ROHDATA\LID10004.DAT,2026-08-11,False,public labelled or organized dataset; labels are visible before prediction freeze
zenodo_14637589,10.5281/zenodo.14637589,cc-by-4.0,zenodo_14637589_00768,rebar,rebar,yangben3.MIS,rebar/yangben3.MIS,rebar/yangben3.MIS,180702AA.ZON,.dt,raw_gpr_trace,raw_trace,1598508,a5c29787cf9fae93ed401465eedc2ee864bb608d52f814bd901e3afea70c9922,rebar/yangben3.MIS/180702AA.ZON/LID10001.dt,external_assets/zenodo_gpr_14637589/extracted/Data Set/rebar/yangben3.MIS/180702AA.ZON/LID10001.dt,<LOCAL_DATA_ROOT>\external_assets\zenodo_gpr_14637589\extracted\Data Set\rebar\yangben3.MIS\180702AA.ZON\LID10001.dt,2026-08-11,False,public labelled or organized dataset; labels are visible before prediction freeze
zenodo_14637589,10.5281/zenodo.14637589,cc-by-4.0,zenodo_14637589_00769,rebar,rebar,yangben3.MIS,rebar/yangben3.MIS,rebar/yangben3.MIS,ROHDATA,.dat,raw_gpr_trace,raw_trace,1683856,262fcdeef77378d6f5cb7945a56a7e2e3df4c93bde7525df1c86cbcd47fa9da1,rebar/yangben3.MIS/180702AA.ZON/ROHDATA/LID10001.DAT,external_assets/zenodo_gpr_14637589/extracted/Data Set/rebar/yangben3.MIS/180702AA.ZON/ROHDATA/LID10001.DAT,<LOCAL_DATA_ROOT>\external_assets\zenodo_gpr_14637589\extracted\Data Set\rebar\yangben3.MIS\180702AA.ZON\ROHDATA\LID10001.DAT,2026-08-11,False,public labelled or organized dataset; labels are visible before prediction freeze
zenodo_14637589,10.5281/zenodo.14637589,cc-by-4.0,zenodo_14637589_00770,tunnel,tunnel,LJYSH,tunnel/LJYSH,tunnel/LJYSH,GD,.srd,raw_gpr_trace,raw_trace,19456,721cdb0a8e0c0e6b0a960fdc46cd03dc5884e8e476877c495c95f7d948ac5ffa,tunnel/LJYSH/GD/GERfile330.srd,external_assets/zenodo_gpr_14637589/extracted/Data Set/tunnel/LJYSH/GD/GERfile330.srd,<LOCAL_DATA_ROOT>\external_assets\zenodo_gpr_14637589\extracted\Data Set\tunnel\LJYSH\GD\GERfile330.srd,2026-08-11,False,public labelled or organized dataset; labels are visible before prediction freeze
zenodo_14637589,10.5281/zenodo.14637589,cc-by-4.0,zenodo_14637589_00771,tunnel,tunnel,LJYSH,tunnel/LJYSH,tunnel/LJYSH,GD,.srd,raw_gpr_trace,raw_trace,71664640,c3d1282b338f9f897ef526dd6385be718324dac818ee265c8f1f5a916670c0f8,tunnel/LJYSH/GD/GERfile331.srd,external_assets/zenodo_gpr_14637589/extracted/Data Set/tunnel/LJYSH/GD/GERfile331.srd,<LOCAL_DATA_ROOT>\external_assets\zenodo_gpr_14637589\extracted\Data Set\tunnel\LJYSH\GD\GERfile331.srd,2026-08-11,False,public labelled or organized dataset; labels are visible before prediction freeze
zenodo_14637589,10.5281/zenodo.14637589,cc-by-4.0,zenodo_14637589_00772,tunnel,tunnel,LJYSH,tunnel/LJYSH,tunnel/LJYSH,GD,.srd,raw_gpr_trace,raw_trace,72363008,83f0e6abf7041284263adf3ce34f74f6e9c2cd76df37889610a9eebac5b02cc9,tunnel/LJYSH/GD/GERfile332.srd,external_assets/zenodo_gpr_14637589/extracted/Data Set/tunnel/LJYSH/GD/GERfile332.srd,<LOCAL_DATA_ROOT>\external_assets\zenodo_gpr_14637589\extracted\Data Set\tunnel\LJYSH\GD\GERfile332.srd,2026-08-11,False,public labelled or organized dataset; labels are visible before prediction freeze
zenodo_14637589,10.5281/zenodo.14637589,cc-by-4.0,zenodo_14637589_00773,tunnel,tunnel,LJYSH,tunnel/LJYSH,tunnel/LJYSH,GD,.srd,raw_gpr_trace,raw_trace,15400960,3074479ade9a7a584a203bbfade3c6303dd0589b758519d0d2d6b9df8987a3a3,tunnel/LJYSH/GD/GERfile333.srd,external_assets/zenodo_gpr_14637589/extracted/Data Set/tunnel/LJYSH/GD/GERfile333.srd,<LOCAL_DATA_ROOT>\external_assets\zenodo_gpr_14637589\extracted\Data Set\tunnel\LJYSH\GD\GERfile333.srd,2026-08-11,False,public labelled or organized dataset; labels are visible before prediction freeze
zenodo_14637589,10.5281/zenodo.14637589,cc-by-4.0,zenodo_14637589_00774,tunnel,tunnel,LJYSH,tunnel/LJYSH,tunnel/LJYSH,GD,.srd,raw_gpr_trace,raw_trace,106297344,5d9b7063685f7e61fa32d8952d9fdb8603f3b954e8bd0ee740e386bdc47cc7e9,tunnel/LJYSH/GD/GERfile334.srd,external_assets/zenodo_gpr_14637589/extracted/Data Set/tunnel/LJYSH/GD/GERfile334.srd,<LOCAL_DATA_ROOT>\external_assets\zenodo_gpr_14637589\extracted\Data Set\tunnel\LJYSH\GD\GERfile334.srd,2026-08-11,False,public labelled or organized dataset; labels are visible before prediction freeze
zenodo_14637589,10.5281/zenodo.14637589,cc-by-4.0,zenodo_14637589_00775,tunnel,tunnel,LJYSH,tunnel/LJYSH,tunnel/LJYSH,GD,.srd,raw_gpr_trace,raw_trace,103795712,b0059c80a983df9aad8cb3c3f7cfe16036e1cb23017809cf55c7841de80c377b,tunnel/LJYSH/GD/GERfile335.srd,external_assets/zenodo_gpr_14637589/extracted/Data Set/tunnel/LJYSH/GD/GERfile335.srd,<LOCAL_DATA_ROOT>\external_assets\zenodo_gpr_14637589\extracted\Data Set\tunnel\LJYSH\GD\GERfile335.srd,2026-08-11,False,public labelled or organized dataset; labels are visible before prediction freeze
zenodo_14637589,10.5281/zenodo.14637589,cc-by-4.0,zenodo_14637589_00776,tunnel,tunnel,LJYSH,tunnel/LJYSH,tunnel/LJYSH,GD,.srd,raw_gpr_trace,raw_trace,91718656,8fbda9e08b06232dfd696d50d0387de498b8bd57dde1969649d4716d5cd2cbf8,tunnel/LJYSH/GD/GERfile336.srd,external_assets/zenodo_gpr_14637589/extracted/Data Set/tunnel/LJYSH/GD/GERfile336.srd,<LOCAL_DATA_ROOT>\external_assets\zenodo_gpr_14637589\extracted\Data Set\tunnel\LJYSH\GD\GERfile336.srd,2026-08-11,False,public labelled or organized dataset; labels are visible before prediction freeze
zenodo_14637589,10.5281/zenodo.14637589,cc-by-4.0,zenodo_14637589_00777,tunnel,tunnel,LJYSH,tunnel/LJYSH,tunnel/LJYSH,GD,.srd,raw_gpr_trace,raw_trace,3210240,fdcb46e9a2ca9c0a554ee1615c15fc45962eb6313123523a1914254d1c299c2d,tunnel/LJYSH/GD/GERfile337.srd,external_assets/zenodo_gpr_14637589/extracted/Data Set/tunnel/LJYSH/GD/GERfile337.srd,<LOCAL_DATA_ROOT>\external_assets\zenodo_gpr_14637589\extracted\Data Set\tunnel\LJYSH\GD\GERfile337.srd,2026-08-11,False,public labelled or organized dataset; labels are visible before prediction freeze
zenodo_14637589,10.5281/zenodo.14637589,cc-by-4.0,zenodo_14637589_00778,tunnel,tunnel,LJYSH,tunnel/LJYSH,tunnel/LJYSH,YBQ,.srd,raw_gpr_trace,raw_trace,4569088,3b5646b8ea683855f56491ea9e4d5282c6d9c6170d44d3b2e3b653381b50ec3f,tunnel/LJYSH/YBQ/GERfile294.srd,external_assets/zenodo_gpr_14637589/extracted/Data Set/tunnel/LJYSH/YBQ/GERfile294.srd,<LOCAL_DATA_ROOT>\external_assets\zenodo_gpr_14637589\extracted\Data Set\tunnel\LJYSH\YBQ\GERfile294.srd,2026-08-11,False,public labelled or organized dataset; labels are visible before prediction freeze
zenodo_14637589,10.5281/zenodo.14637589,cc-by-4.0,zenodo_14637589_00779,tunnel,tunnel,LJYSH,tunnel/LJYSH,tunnel/LJYSH,YBQ,.srd,raw_gpr_trace,raw_trace,4107264,d790e6bba6beb54ea624a8ae84e93a32c5afcb60d39457f138317db4b03f9ada,tunnel/LJYSH/YBQ/GERfile295.srd,external_assets/zenodo_gpr_14637589/extracted/Data Set/tunnel/LJYSH/YBQ/GERfile295.srd,<LOCAL_DATA_ROOT>\external_assets\zenodo_gpr_14637589\extracted\Data Set\tunnel\LJYSH\YBQ\GERfile295.srd,2026-08-11,False,public labelled or organized dataset; labels are visible before prediction freeze
zenodo_14637589,10.5281/zenodo.14637589,cc-by-4.0,zenodo_14637589_00780,tunnel,tunnel,LJYSH,tunnel/LJYSH,tunnel/LJYSH,YBQ,.srd,raw_gpr_trace,raw_trace,37022720,14a958fa8cb4e8edec9b7c891f36daa213e84e360b2be385253c6022e9b894b7,tunnel/LJYSH/YBQ/GERfile296.srd,external_assets/zenodo_gpr_14637589/extracted/Data Set/tunnel/LJYSH/YBQ/GERfile296.srd,<LOCAL_DATA_ROOT>\external_assets\zenodo_gpr_14637589\extracted\Data Set\tunnel\LJYSH\YBQ\GERfile296.srd,2026-08-11,False,public labelled or organized dataset; labels are visible before prediction freeze
zenodo_14637589,10.5281/zenodo.14637589,cc-by-4.0,zenodo_14637589_00781,tunnel,tunnel,LJYSH,tunnel/LJYSH,tunnel/LJYSH,YBQ,.srd,raw_gpr_trace,raw_trace,49976320,fb46f47d791eccbc7f3704a95472af3dd590423252be66b636af1891e1acaf99,tunnel/LJYSH/YBQ/GERfile297.srd,external_assets/zenodo_gpr_14637589/extracted/Data Set/tunnel/LJYSH/YBQ/GERfile297.srd,<LOCAL_DATA_ROOT>\external_assets\zenodo_gpr_14637589\extracted\Data Set\tunnel\LJYSH\YBQ\GERfile297.srd,2026-08-11,False,public labelled or organized dataset; labels are visible before prediction freeze
zenodo_14637589,10.5281/zenodo.14637589,cc-by-4.0,zenodo_14637589_00782,tunnel,tunnel,LJYSH,tunnel/LJYSH,tunnel/LJYSH,YBQ,.srd,raw_gpr_trace,raw_trace,49936384,1879d714dac637ad5c51e3cfb39ef6da0936c1ed0f4518be5b75c0b92a69fbb5,tunnel/LJYSH/YBQ/GERfile298.srd,external_assets/zenodo_gpr_14637589/extracted/Data Set/tunnel/LJYSH/YBQ/GERfile298.srd,<LOCAL_DATA_ROOT>\external_assets\zenodo_gpr_14637589\extracted\Data Set\tunnel\LJYSH\YBQ\GERfile298.srd,2026-08-11,False,public labelled or organized dataset; labels are visible before prediction freeze
zenodo_14637589,10.5281/zenodo.14637589,cc-by-4.0,zenodo_14637589_00783,tunnel,tunnel,LJYSH,tunnel/LJYSH,tunnel/LJYSH,YBQ,.srd,raw_gpr_trace,raw_trace,50392064,3b34f23d1452bc89adc77b41fe5e982a82ce883be247f5e7b592f5a28b284337,tunnel/LJYSH/YBQ/GERfile299.srd,external_assets/zenodo_gpr_14637589/extracted/Data Set/tunnel/LJYSH/YBQ/GERfile299.srd,<LOCAL_DATA_ROOT>\external_assets\zenodo_gpr_14637589\extracted\Data Set\tunnel\LJYSH\YBQ\GERfile299.srd,2026-08-11,False,public labelled or organized dataset; labels are visible before prediction freeze
zenodo_14637589,10.5281/zenodo.14637589,cc-by-4.0,zenodo_14637589_00784,tunnel,tunnel,LJYSH,tunnel/LJYSH,tunnel/LJYSH,YBQ,.srd,raw_gpr_trace,raw_trace,34239488,4f283ccdac11a85a5aad1fed4fda73d8362c3458846b52a01435f5b1bfd479c1,tunnel/LJYSH/YBQ/GERfile300.srd,external_assets/zenodo_gpr_14637589/extracted/Data Set/tunnel/LJYSH/YBQ/GERfile300.srd,<LOCAL_DATA_ROOT>\external_assets\zenodo_gpr_14637589\extracted\Data Set\tunnel\LJYSH\YBQ\GERfile300.srd,2026-08-11,False,public labelled or organized dataset; labels are visible before prediction freeze
zenodo_14637589,10.5281/zenodo.14637589,cc-by-4.0,zenodo_14637589_00785,tunnel,tunnel,LJYSH,tunnel/LJYSH,tunnel/LJYSH,YBQ,.srd,raw_gpr_trace,raw_trace,3796992,3d24e7c298967976489ad77e6c8cf528fd09ee68d42e9f5c6a0fb89d25731bed,tunnel/LJYSH/YBQ/GERfile301.srd,external_assets/zenodo_gpr_14637589/extracted/Data Set/tunnel/LJYSH/YBQ/GERfile301.srd,<LOCAL_DATA_ROOT>\external_assets\zenodo_gpr_14637589\extracted\Data Set\tunnel\LJYSH\YBQ\GERfile301.srd,2026-08-11,False,public labelled or organized dataset; labels are visible before prediction freeze
zenodo_14637589,10.5281/zenodo.14637589,cc-by-4.0,zenodo_14637589_00786,tunnel,tunnel,LJYSH,tunnel/LJYSH,tunnel/LJYSH,0-K73+200.ZON,.dt,raw_gpr_trace,raw_trace,41618580,1032c17d83c6ddc49f0ef2b2a78cac5885dfd02b548107e60d7a2c0f670a4c49,tunnel/LJYSH/YG/0-K73+200.ZON/LID10001.dt,external_assets/zenodo_gpr_14637589/extracted/Data Set/tunnel/LJYSH/YG/0-K73+200.ZON/LID10001.dt,<LOCAL_DATA_ROOT>\external_assets\zenodo_gpr_14637589\extracted\Data Set\tunnel\LJYSH\YG\0-K73+200.ZON\LID10001.dt,2026-08-11,False,public labelled or organized dataset; labels are visible before prediction freeze
zenodo_14637589,10.5281/zenodo.14637589,cc-by-4.0,zenodo_14637589_00787,tunnel,tunnel,LJYSH,tunnel/LJYSH,tunnel/LJYSH,ROHDATA,.dat,raw_gpr_trace,raw_trace,47754600,4e0be4d34a1da73173c6602aafcada732b1bcfac8a85ebc1b48362a0622974ac,tunnel/LJYSH/YG/0-K73+200.ZON/ROHDATA/LID10001.DAT,external_assets/zenodo_gpr_14637589/extracted/Data Set/tunnel/LJYSH/YG/0-K73+200.ZON/ROHDATA/LID10001.DAT,<LOCAL_DATA_ROOT>\external_assets\zenodo_gpr_14637589\extracted\Data Set\tunnel\LJYSH\YG\0-K73+200.ZON\ROHDATA\LID10001.DAT,2026-08-11,False,public labelled or organized dataset; labels are visible before prediction freeze
zenodo_14637589,10.5281/zenodo.14637589,cc-by-4.0,zenodo_14637589_00788,tunnel,tunnel,LJYSH,tunnel/LJYSH,tunnel/LJYSH,K73-K74.ZON,.dt,raw_gpr_trace,raw_trace,37243412,e7a28485574b5f80447a4ecd0887c29981d0302dfc7e774e50b752db54667116,tunnel/LJYSH/YG/K73-K74.ZON/LID10001.dt,external_assets/zenodo_gpr_14637589/extracted/Data Set/tunnel/LJYSH/YG/K73-K74.ZON/LID10001.dt,<LOCAL_DATA_ROOT>\external_assets\zenodo_gpr_14637589\extracted\Data Set\tunnel\LJYSH\YG\K73-K74.ZON\LID10001.dt,2026-08-11,False,public labelled or organized dataset; labels are visible before prediction freeze
zenodo_14637589,10.5281/zenodo.14637589,cc-by-4.0,zenodo_14637589_00789,tunnel,tunnel,LJYSH,tunnel/LJYSH,tunnel/LJYSH,K73-K74.ZON,.dt,raw_gpr_trace,raw_trace,5723904,bc5c8a577eabc0071e1e0890717994798d1c97400d65d5276023cc4a143ecd06,tunnel/LJYSH/YG/K73-K74.ZON/LID10002.dt,external_assets/zenodo_gpr_14637589/extracted/Data Set/tunnel/LJYSH/YG/K73-K74.ZON/LID10002.dt,<LOCAL_DATA_ROOT>\external_assets\zenodo_gpr_14637589\extracted\Data Set\tunnel\LJYSH\YG\K73-K74.ZON\LID10002.dt,2026-08-11,False,public labelled or organized dataset; labels are visible before prediction freeze
zenodo_14637589,10.5281/zenodo.14637589,cc-by-4.0,zenodo_14637589_00790,tunnel,tunnel,LJYSH,tunnel/LJYSH,tunnel/LJYSH,K74-K75.ZON,.dt,raw_gpr_trace,raw_trace,16151936,14d97f5081f6d9dd10b3cbd4e0a3cb20af8435440b931517a4463ea40e2a00ad,tunnel/LJYSH/YG/K74-K75.ZON/LID10001.dt,external_assets/zenodo_gpr_14637589/extracted/Data Set/tunnel/LJYSH/YG/K74-K75.ZON/LID10001.dt,<LOCAL_DATA_ROOT>\external_assets\zenodo_gpr_14637589\extracted\Data Set\tunnel\LJYSH\YG\K74-K75.ZON\LID10001.dt,2026-08-11,False,public labelled or organized dataset; labels are visible before prediction freeze
zenodo_14637589,10.5281/zenodo.14637589,cc-by-4.0,zenodo_14637589_00791,tunnel,tunnel,LJYSH,tunnel/LJYSH,tunnel/LJYSH,K74-K75.ZON,.dt,raw_gpr_trace,raw_trace,27004532,c2ac655a22cfeb461d27ef437665181ec8a7a68fa20c550742ea22879b9e1b06,tunnel/LJYSH/YG/K74-K75.ZON/LID10002.dt,external_assets/zenodo_gpr_14637589/extracted/Data Set/tunnel/LJYSH/YG/K74-K75.ZON/LID10002.dt,<LOCAL_DATA_ROOT>\external_assets\zenodo_gpr_14637589\extracted\Data Set\tunnel\LJYSH\YG\K74-K75.ZON\LID10002.dt,2026-08-11,False,public labelled or organized dataset; labels are visible before prediction freeze
zenodo_14637589,10.5281/zenodo.14637589,cc-by-4.0,zenodo_14637589_00792,tunnel,tunnel,LJYSH,tunnel/LJYSH,tunnel/LJYSH,K75-K76.ZON,.dt,raw_gpr_trace,raw_trace,11672940,d726c15c428766019cef89cd9edb52e8a7f390046c1be659d892b775bef2059d,tunnel/LJYSH/YG/K75-K76.ZON/LID10001.dt,external_assets/zenodo_gpr_14637589/extracted/Data Set/tunnel/LJYSH/YG/K75-K76.ZON/LID10001.dt,<LOCAL_DATA_ROOT>\external_assets\zenodo_gpr_14637589\extracted\Data Set\tunnel\LJYSH\YG\K75-K76.ZON\LID10001.dt,2026-08-11,False,public labelled or organized dataset; labels are visible before prediction freeze
zenodo_14637589,10.5281/zenodo.14637589,cc-by-4.0,zenodo_14637589_00793,tunnel,tunnel,LJYSH,tunnel/LJYSH,tunnel/LJYSH,K75-K76.ZON,.dt,raw_gpr_trace,raw_trace,20650464,5a9f8e1035119bc57e1d87280dccafaff1566511f67d8f05e18a8c3a56597be5,tunnel/LJYSH/YG/K75-K76.ZON/LID10002.dt,external_assets/zenodo_gpr_14637589/extracted/Data Set/tunnel/LJYSH/YG/K75-K76.ZON/LID10002.dt,<LOCAL_DATA_ROOT>\external_assets\zenodo_gpr_14637589\extracted\Data Set\tunnel\LJYSH\YG\K75-K76.ZON\LID10002.dt,2026-08-11,False,public labelled or organized dataset; labels are visible before prediction freeze
zenodo_14637589,10.5281/zenodo.14637589,cc-by-4.0,zenodo_14637589_00794,tunnel,tunnel,LJYSH,tunnel/LJYSH,tunnel/LJYSH,K76-END.ZON,.dt,raw_gpr_trace,raw_trace,30041244,81ace395aef97d7a53ff7efdfcfeac9e0f6f628fda518e5dc61442d65bb6cd6e,tunnel/LJYSH/YG/K76-END.ZON/LID10001.dt,external_assets/zenodo_gpr_14637589/extracted/Data Set/tunnel/LJYSH/YG/K76-END.ZON/LID10001.dt,<LOCAL_DATA_ROOT>\external_assets\zenodo_gpr_14637589\extracted\Data Set\tunnel\LJYSH\YG\K76-END.ZON\LID10001.dt,2026-08-11,False,public labelled or organized dataset; labels are visible before prediction freeze
zenodo_14637589,10.5281/zenodo.14637589,cc-by-4.0,zenodo_14637589_00795,tunnel,tunnel,LJYSH,tunnel/LJYSH,tunnel/LJYSH,0-K73.ZON,.dt,raw_gpr_trace,raw_trace,9989076,c4de9e48024ec70302e1c445b45c418f03879e5c01ec1213fcead5604b55d737,tunnel/LJYSH/YGJ/0-K73.ZON/LID20001.dt,external_assets/zenodo_gpr_14637589/extracted/Data Set/tunnel/LJYSH/YGJ/0-K73.ZON/LID20001.dt,<LOCAL_DATA_ROOT>\external_assets\zenodo_gpr_14637589\extracted\Data Set\tunnel\LJYSH\YGJ\0-K73.ZON\LID20001.dt,2026-08-11,False,public labelled or organized dataset; labels are visible before prediction freeze
zenodo_14637589,10.5281/zenodo.14637589,cc-by-4.0,zenodo_14637589_00796,tunnel,tunnel,LJYSH,tunnel/LJYSH,tunnel/LJYSH,K73-K74.ZON,.dt,raw_gpr_trace,raw_trace,8697908,aba84488c427b2e89fbc3a6342fc713b829726e2b3da1fb3885a61a34290ec44,tunnel/LJYSH/YGJ/K73-K74.ZON/LID20001.dt,external_assets/zenodo_gpr_14637589/extracted/Data Set/tunnel/LJYSH/YGJ/K73-K74.ZON/LID20001.dt,<LOCAL_DATA_ROOT>\external_assets\zenodo_gpr_14637589\extracted\Data Set\tunnel\LJYSH\YGJ\K73-K74.ZON\LID20001.dt,2026-08-11,False,public labelled or organized dataset; labels are visible before prediction freeze
zenodo_14637589,10.5281/zenodo.14637589,cc-by-4.0,zenodo_14637589_00797,tunnel,tunnel,LJYSH,tunnel/LJYSH,tunnel/LJYSH,K73-K74.ZON,.dt,raw_gpr_trace,raw_trace,1928528,a230aac1b29fac67d4ada40e954c5af81ac6c96bb509307a7379d0af94a12590,tunnel/LJYSH/YGJ/K73-K74.ZON/LID20002.dt,external_assets/zenodo_gpr_14637589/extracted/Data Set/tunnel/LJYSH/YGJ/K73-K74.ZON/LID20002.dt,<LOCAL_DATA_ROOT>\external_assets\zenodo_gpr_14637589\extracted\Data Set\tunnel\LJYSH\YGJ\K73-K74.ZON\LID20002.dt,2026-08-11,False,public labelled or organized dataset; labels are visible before prediction freeze
zenodo_14637589,10.5281/zenodo.14637589,cc-by-4.0,zenodo_14637589_00798,tunnel,tunnel,LJYSH,tunnel/LJYSH,tunnel/LJYSH,K74-K75.ZON,.dt,raw_gpr_trace,raw_trace,11546496,cb3bdbf539c408f78327ff9b1fe5acc978194b4ff8bfd94eb75356d9bc1fadaf,tunnel/LJYSH/YGJ/K74-K75.ZON/LID20001.dt,external_assets/zenodo_gpr_14637589/extracted/Data Set/tunnel/LJYSH/YGJ/K74-K75.ZON/LID20001.dt,<LOCAL_DATA_ROOT>\external_assets\zenodo_gpr_14637589\extracted\Data Set\tunnel\LJYSH\YGJ\K74-K75.ZON\LID20001.dt,2026-08-11,False,public labelled or organized dataset; labels are visible before prediction freeze
zenodo_14637589,10.5281/zenodo.14637589,cc-by-4.0,zenodo_14637589_00799,tunnel,tunnel,LJYSH,tunnel/LJYSH,tunnel/LJYSH,K75-K76.ZON,.dt,raw_gpr_trace,raw_trace,11791160,083a379159ccb6314906a33da14842259ec83f5458e05127d6cbd50950034d1a,tunnel/LJYSH/YGJ/K75-K76.ZON/LID20001.dt,external_assets/zenodo_gpr_14637589/extracted/Data Set/tunnel/LJYSH/YGJ/K75-K76.ZON/LID20001.dt,<LOCAL_DATA_ROOT>\external_assets\zenodo_gpr_14637589\extracted\Data Set\tunnel\LJYSH\YGJ\K75-K76.ZON\LID20001.dt,2026-08-11,False,public labelled or organized dataset; labels are visible before prediction freeze
zenodo_14637589,10.5281/zenodo.14637589,cc-by-4.0,zenodo_14637589_00800,tunnel,tunnel,LJYSH,tunnel/LJYSH,tunnel/LJYSH,K76-END.ZON,.dt,raw_gpr_trace,raw_trace,10196732,4d8fa607ca9d8d2822bd65c006749f0785f20571979c798f1230eae1ca6605e0,tunnel/LJYSH/YGJ/K76-END.ZON/LID20001.dt,external_assets/zenodo_gpr_14637589/extracted/Data Set/tunnel/LJYSH/YGJ/K76-END.ZON/LID20001.dt,<LOCAL_DATA_ROOT>\external_assets\zenodo_gpr_14637589\extracted\Data Set\tunnel\LJYSH\YGJ\K76-END.ZON\LID20001.dt,2026-08-11,False,public labelled or organized dataset; labels are visible before prediction freeze
zenodo_14637589,10.5281/zenodo.14637589,cc-by-4.0,zenodo_14637589_00801,tunnel,tunnel,LJYSH,tunnel/LJYSH,tunnel/LJYSH,K76-END.ZON,.dt,raw_gpr_trace,raw_trace,659976,b3510bd045d44463398bdb74ae2caf6f2dea663d85f0d795555d12de570d8998,tunnel/LJYSH/YGJ/K76-END.ZON/LID20002.dt,external_assets/zenodo_gpr_14637589/extracted/Data Set/tunnel/LJYSH/YGJ/K76-END.ZON/LID20002.dt,<LOCAL_DATA_ROOT>\external_assets\zenodo_gpr_14637589\extracted\Data Set\tunnel\LJYSH\YGJ\K76-END.ZON\LID20002.dt,2026-08-11,False,public labelled or organized dataset; labels are visible before prediction freeze
zenodo_14637589,10.5281/zenodo.14637589,cc-by-4.0,zenodo_14637589_00802,tunnel,tunnel,LJYSH,tunnel/LJYSH,tunnel/LJYSH,ZBQ,.srd,raw_gpr_trace,raw_trace,3709952,ca8c10470f104c42f54d7c171d2ed3f0f440d6fcd1b4b1fb7cf77c205b99eaee,tunnel/LJYSH/ZBQ/GERfile285.srd,external_assets/zenodo_gpr_14637589/extracted/Data Set/tunnel/LJYSH/ZBQ/GERfile285.srd,<LOCAL_DATA_ROOT>\external_assets\zenodo_gpr_14637589\extracted\Data Set\tunnel\LJYSH\ZBQ\GERfile285.srd,2026-08-11,False,public labelled or organized dataset; labels are visible before prediction freeze
zenodo_14637589,10.5281/zenodo.14637589,cc-by-4.0,zenodo_14637589_00803,tunnel,tunnel,LJYSH,tunnel/LJYSH,tunnel/LJYSH,ZBQ,.srd,raw_gpr_trace,raw_trace,34560000,2e97ee75790619c06de70c8f92c4fedb424d53213da84ff6b592b69e72b88bb8,tunnel/LJYSH/ZBQ/GERfile286.srd,external_assets/zenodo_gpr_14637589/extracted/Data Set/tunnel/LJYSH/ZBQ/GERfile286.srd,<LOCAL_DATA_ROOT>\external_assets\zenodo_gpr_14637589\extracted\Data Set\tunnel\LJYSH\ZBQ\GERfile286.srd,2026-08-11,False,public labelled or organized dataset; labels are visible before prediction freeze
zenodo_14637589,10.5281/zenodo.14637589,cc-by-4.0,zenodo_14637589_00804,tunnel,tunnel,LJYSH,tunnel/LJYSH,tunnel/LJYSH,ZBQ,.srd,raw_gpr_trace,raw_trace,1024,651ce21f353c05bf10f1668f15dc2acc9912932fe4e1762aa58916f65bb57083,tunnel/LJYSH/ZBQ/GERfile287.srd,external_assets/zenodo_gpr_14637589/extracted/Data Set/tunnel/LJYSH/ZBQ/GERfile287.srd,<LOCAL_DATA_ROOT>\external_assets\zenodo_gpr_14637589\extracted\Data Set\tunnel\LJYSH\ZBQ\GERfile287.srd,2026-08-11,False,public labelled or organized dataset; labels are visible before prediction freeze
zenodo_14637589,10.5281/zenodo.14637589,cc-by-4.0,zenodo_14637589_00805,tunnel,tunnel,LJYSH,tunnel/LJYSH,tunnel/LJYSH,ZBQ,.srd,raw_gpr_trace,raw_trace,50267136,74f2ee7223ef491d80fb4bd6530cd4fbd7c821d3d17b474a17178a697da03d9c,tunnel/LJYSH/ZBQ/GERfile288.srd,external_assets/zenodo_gpr_14637589/extracted/Data Set/tunnel/LJYSH/ZBQ/GERfile288.srd,<LOCAL_DATA_ROOT>\external_assets\zenodo_gpr_14637589\extracted\Data Set\tunnel\LJYSH\ZBQ\GERfile288.srd,2026-08-11,False,public labelled or organized dataset; labels are visible before prediction freeze
zenodo_14637589,10.5281/zenodo.14637589,cc-by-4.0,zenodo_14637589_00806,tunnel,tunnel,LJYSH,tunnel/LJYSH,tunnel/LJYSH,ZBQ,.srd,raw_gpr_trace,raw_trace,49892352,788b6fc928f8071f02b65e98d5d2ccd3865ec2fd9d68c0a7cf1494704cfef289,tunnel/LJYSH/ZBQ/GERfile289.srd,external_assets/zenodo_gpr_14637589/extracted/Data Set/tunnel/LJYSH/ZBQ/GERfile289.srd,<LOCAL_DATA_ROOT>\external_assets\zenodo_gpr_14637589\extracted\Data Set\tunnel\LJYSH\ZBQ\GERfile289.srd,2026-08-11,False,public labelled or organized dataset; labels are visible before prediction freeze
zenodo_14637589,10.5281/zenodo.14637589,cc-by-4.0,zenodo_14637589_00807,tunnel,tunnel,LJYSH,tunnel/LJYSH,tunnel/LJYSH,ZBQ,.srd,raw_gpr_trace,raw_trace,49795072,31a15237d5ec87081055d226a692a05cdb2676aea950778d2c984145bcd0b68c,tunnel/LJYSH/ZBQ/GERfile290.srd,external_assets/zenodo_gpr_14637589/extracted/Data Set/tunnel/LJYSH/ZBQ/GERfile290.srd,<LOCAL_DATA_ROOT>\external_assets\zenodo_gpr_14637589\extracted\Data Set\tunnel\LJYSH\ZBQ\GERfile290.srd,2026-08-11,False,public labelled or organized dataset; labels are visible before prediction freeze
zenodo_14637589,10.5281/zenodo.14637589,cc-by-4.0,zenodo_14637589_00808,tunnel,tunnel,LJYSH,tunnel/LJYSH,tunnel/LJYSH,ZBQ,.srd,raw_gpr_trace,raw_trace,37430272,c2127d2d44a13f6cf93e538a4ef8f810b737934981cee5d847709faa567a7111,tunnel/LJYSH/ZBQ/GERfile291.srd,external_assets/zenodo_gpr_14637589/extracted/Data Set/tunnel/LJYSH/ZBQ/GERfile291.srd,<LOCAL_DATA_ROOT>\external_assets\zenodo_gpr_14637589\extracted\Data Set\tunnel\LJYSH\ZBQ\GERfile291.srd,2026-08-11,False,public labelled or organized dataset; labels are visible before prediction freeze
zenodo_14637589,10.5281/zenodo.14637589,cc-by-4.0,zenodo_14637589_00809,tunnel,tunnel,LJYSH,tunnel/LJYSH,tunnel/LJYSH,ZBQ,.srd,raw_gpr_trace,raw_trace,4074496,f37ceb8f116af37d8ed7397f7290213c6c3d7c706664c8a2b85397ddb81bbe81,tunnel/LJYSH/ZBQ/GERfile292.srd,external_assets/zenodo_gpr_14637589/extracted/Data Set/tunnel/LJYSH/ZBQ/GERfile292.srd,<LOCAL_DATA_ROOT>\external_assets\zenodo_gpr_14637589\extracted\Data Set\tunnel\LJYSH\ZBQ\GERfile292.srd,2026-08-11,False,public labelled or organized dataset; labels are visible before prediction freeze
zenodo_14637589,10.5281/zenodo.14637589,cc-by-4.0,zenodo_14637589_00810,tunnel,tunnel,LJYSH,tunnel/LJYSH,tunnel/LJYSH,ZBQ,.srd,raw_gpr_trace,raw_trace,4705280,984ebf965524c225a5533934d98bed4e722d697efb0c6c925c6ed4ca94ab0e98,tunnel/LJYSH/ZBQ/GERfile293.srd,external_assets/zenodo_gpr_14637589/extracted/Data Set/tunnel/LJYSH/ZBQ/GERfile293.srd,<LOCAL_DATA_ROOT>\external_assets\zenodo_gpr_14637589\extracted\Data Set\tunnel\LJYSH\ZBQ\GERfile293.srd,2026-08-11,False,public labelled or organized dataset; labels are visible before prediction freeze
zenodo_14637589,10.5281/zenodo.14637589,cc-by-4.0,zenodo_14637589_00811,tunnel,tunnel,LJYSH,tunnel/LJYSH,tunnel/LJYSH,0-K73.ZON,.dt,raw_gpr_trace,raw_trace,9989076,627fc7cabbc1a67e3e2a17cfb113dc867e35f8e8b748d9a4f098d9d572f2d696,tunnel/LJYSH/ZGJ/0-K73.ZON/LID10001.dt,external_assets/zenodo_gpr_14637589/extracted/Data Set/tunnel/LJYSH/ZGJ/0-K73.ZON/LID10001.dt,<LOCAL_DATA_ROOT>\external_assets\zenodo_gpr_14637589\extracted\Data Set\tunnel\LJYSH\ZGJ\0-K73.ZON\LID10001.dt,2026-08-11,False,public labelled or organized dataset; labels are visible before prediction freeze
zenodo_14637589,10.5281/zenodo.14637589,cc-by-4.0,zenodo_14637589_00812,tunnel,tunnel,LJYSH,tunnel/LJYSH,tunnel/LJYSH,K73-K74.ZON,.dt,raw_gpr_trace,raw_trace,8697908,cdaf692716dbdd9beb8509db88d43ed654d094c1cb4268818fa3ae7308c692ab,tunnel/LJYSH/ZGJ/K73-K74.ZON/LID10001.dt,external_assets/zenodo_gpr_14637589/extracted/Data Set/tunnel/LJYSH/ZGJ/K73-K74.ZON/LID10001.dt,<LOCAL_DATA_ROOT>\external_assets\zenodo_gpr_14637589\extracted\Data Set\tunnel\LJYSH\ZGJ\K73-K74.ZON\LID10001.dt,2026-08-11,False,public labelled or organized dataset; labels are visible before prediction freeze
zenodo_14637589,10.5281/zenodo.14637589,cc-by-4.0,zenodo_14637589_00813,tunnel,tunnel,LJYSH,tunnel/LJYSH,tunnel/LJYSH,K73-K74.ZON,.dt,raw_gpr_trace,raw_trace,1928528,1e38d98d88a9ae00fc939a14386a31e342a3eaa12afbe72c61ac315dfe5469e5,tunnel/LJYSH/ZGJ/K73-K74.ZON/LID10002.dt,external_assets/zenodo_gpr_14637589/extracted/Data Set/tunnel/LJYSH/ZGJ/K73-K74.ZON/LID10002.dt,<LOCAL_DATA_ROOT>\external_assets\zenodo_gpr_14637589\extracted\Data Set\tunnel\LJYSH\ZGJ\K73-K74.ZON\LID10002.dt,2026-08-11,False,public labelled or organized dataset; labels are visible before prediction freeze
zenodo_14637589,10.5281/zenodo.14637589,cc-by-4.0,zenodo_14637589_00814,tunnel,tunnel,LJYSH,tunnel/LJYSH,tunnel/LJYSH,K74-K75.ZON,.dt,raw_gpr_trace,raw_trace,11546496,2c8d92a4bd847d19ddce1a8f73d523567555fbff0680f7f2ba183c6591a0f949,tunnel/LJYSH/ZGJ/K74-K75.ZON/LID10001.dt,external_assets/zenodo_gpr_14637589/extracted/Data Set/tunnel/LJYSH/ZGJ/K74-K75.ZON/LID10001.dt,<LOCAL_DATA_ROOT>\external_assets\zenodo_gpr_14637589\extracted\Data Set\tunnel\LJYSH\ZGJ\K74-K75.ZON\LID10001.dt,2026-08-11,False,public labelled or organized dataset; labels are visible before prediction freeze
zenodo_14637589,10.5281/zenodo.14637589,cc-by-4.0,zenodo_14637589_00815,tunnel,tunnel,LJYSH,tunnel/LJYSH,tunnel/LJYSH,K75-K76.ZON,.dt,raw_gpr_trace,raw_trace,11791160,a2ad4b393cbb3e039ffe5e038e1244486af835ecbc868a9dbb2b42e13c24cd0f,tunnel/LJYSH/ZGJ/K75-K76.ZON/LID10001.dt,external_assets/zenodo_gpr_14637589/extracted/Data Set/tunnel/LJYSH/ZGJ/K75-K76.ZON/LID10001.dt,<LOCAL_DATA_ROOT>\external_assets\zenodo_gpr_14637589\extracted\Data Set\tunnel\LJYSH\ZGJ\K75-K76.ZON\LID10001.dt,2026-08-11,False,public labelled or organized dataset; labels are visible before prediction freeze
zenodo_14637589,10.5281/zenodo.14637589,cc-by-4.0,zenodo_14637589_00816,tunnel,tunnel,LJYSH,tunnel/LJYSH,tunnel/LJYSH,K76-END.ZON,.dt,raw_gpr_trace,raw_trace,10196732,a6d19c6e7bee92bdf2ce4ad501b42890c11f70bc2d8c94710694dbfaa7c981ed,tunnel/LJYSH/ZGJ/K76-END.ZON/LID10001.dt,external_assets/zenodo_gpr_14637589/extracted/Data Set/tunnel/LJYSH/ZGJ/K76-END.ZON/LID10001.dt,<LOCAL_DATA_ROOT>\external_assets\zenodo_gpr_14637589\extracted\Data Set\tunnel\LJYSH\ZGJ\K76-END.ZON\LID10001.dt,2026-08-11,False,public labelled or organized dataset; labels are visible before prediction freeze
zenodo_14637589,10.5281/zenodo.14637589,cc-by-4.0,zenodo_14637589_00817,tunnel,tunnel,LJYSH,tunnel/LJYSH,tunnel/LJYSH,K76-END.ZON,.dt,raw_gpr_trace,raw_trace,659976,04c198a505a7c4e7439c072046a1f9fb45e8e6d739ed94c5242f268d75dbf658,tunnel/LJYSH/ZGJ/K76-END.ZON/LID10002.dt,external_assets/zenodo_gpr_14637589/extracted/Data Set/tunnel/LJYSH/ZGJ/K76-END.ZON/LID10002.dt,<LOCAL_DATA_ROOT>\external_assets\zenodo_gpr_14637589\extracted\Data Set\tunnel\LJYSH\ZGJ\K76-END.ZON\LID10002.dt,2026-08-11,False,public labelled or organized dataset; labels are visible before prediction freeze
zenodo_14637589,10.5281/zenodo.14637589,cc-by-4.0,zenodo_14637589_00818,tunnel,tunnel,NJZ,tunnel/NJZ,tunnel/NJZ,0-K83.ZON,.dt,raw_gpr_trace,raw_trace,16674160,6215b2a772b908feb16a69fbcf0e6cf3c1abe5aa7f192921f405f1fdc22169d6,"tunnel/NJZ/1CH-YGJ,2CH-ZGJ/0-K83.ZON/LID10001.dt","external_assets/zenodo_gpr_14637589/extracted/Data Set/tunnel/NJZ/1CH-YGJ,2CH-ZGJ/0-K83.ZON/LID10001.dt","<LOCAL_DATA_ROOT>\external_assets\zenodo_gpr_14637589\extracted\Data Set\tunnel\NJZ\1CH-YGJ,2CH-ZGJ\0-K83.ZON\LID10001.dt",2026-08-11,False,public labelled or organized dataset; labels are visible before prediction freeze
zenodo_14637589,10.5281/zenodo.14637589,cc-by-4.0,zenodo_14637589_00819,tunnel,tunnel,NJZ,tunnel/NJZ,tunnel/NJZ,0-K83.ZON,.dt,raw_gpr_trace,raw_trace,16674160,892981c5c92cd693ee82b62218cb08f34ed3b168fd452eb0855c263882de93ee,"tunnel/NJZ/1CH-YGJ,2CH-ZGJ/0-K83.ZON/LID20001.dt","external_assets/zenodo_gpr_14637589/extracted/Data Set/tunnel/NJZ/1CH-YGJ,2CH-ZGJ/0-K83.ZON/LID20001.dt","<LOCAL_DATA_ROOT>\external_assets\zenodo_gpr_14637589\extracted\Data Set\tunnel\NJZ\1CH-YGJ,2CH-ZGJ\0-K83.ZON\LID20001.dt",2026-08-11,False,public labelled or organized dataset; labels are visible before prediction freeze
zenodo_14637589,10.5281/zenodo.14637589,cc-by-4.0,zenodo_14637589_00820,tunnel,tunnel,NJZ,tunnel/NJZ,tunnel/NJZ,K83-K84.ZON,.dt,raw_gpr_trace,raw_trace,45207328,6b85e6c39e01ff88c9529be1db71652e0bdb82b7114f67b4929eb684b92e0963,"tunnel/NJZ/1CH-YGJ,2CH-ZGJ/K83-K84.ZON/LID10001.dt","external_assets/zenodo_gpr_14637589/extracted/Data Set/tunnel/NJZ/1CH-YGJ,2CH-ZGJ/K83-K84.ZON/LID10001.dt","<LOCAL_DATA_ROOT>\external_assets\zenodo_gpr_14637589\extracted\Data Set\tunnel\NJZ\1CH-YGJ,2CH-ZGJ\K83-K84.ZON\LID10001.dt",2026-08-11,False,public labelled or organized dataset; labels are visible before prediction freeze
zenodo_14637589,10.5281/zenodo.14637589,cc-by-4.0,zenodo_14637589_00821,tunnel,tunnel,NJZ,tunnel/NJZ,tunnel/NJZ,K83-K84.ZON,.dt,raw_gpr_trace,raw_trace,45207328,7c7f50988a99eeb3c6891a5cf3f0556d0f5527b25d6ef4431debb7f23028d18b,"tunnel/NJZ/1CH-YGJ,2CH-ZGJ/K83-K84.ZON/LID20001.dt","external_assets/zenodo_gpr_14637589/extracted/Data Set/tunnel/NJZ/1CH-YGJ,2CH-ZGJ/K83-K84.ZON/LID20001.dt","<LOCAL_DATA_ROOT>\external_assets\zenodo_gpr_14637589\extracted\Data Set\tunnel\NJZ\1CH-YGJ,2CH-ZGJ\K83-K84.ZON\LID20001.dt",2026-08-11,False,public labelled or organized dataset; labels are visible before prediction freeze
zenodo_14637589,10.5281/zenodo.14637589,cc-by-4.0,zenodo_14637589_00822,tunnel,tunnel,NJZ,tunnel/NJZ,tunnel/NJZ,K84-K85.ZON,.dt,raw_gpr_trace,raw_trace,46008140,cfd5319f9c8fa204e5c66b7bb8124cdd62ee71ea692eda9220168b0836f4a120,"tunnel/NJZ/1CH-YGJ,2CH-ZGJ/K84-K85.ZON/LID10001.dt","external_assets/zenodo_gpr_14637589/extracted/Data Set/tunnel/NJZ/1CH-YGJ,2CH-ZGJ/K84-K85.ZON/LID10001.dt","<LOCAL_DATA_ROOT>\external_assets\zenodo_gpr_14637589\extracted\Data Set\tunnel\NJZ\1CH-YGJ,2CH-ZGJ\K84-K85.ZON\LID10001.dt",2026-08-11,False,public labelled or organized dataset; labels are visible before prediction freeze
zenodo_14637589,10.5281/zenodo.14637589,cc-by-4.0,zenodo_14637589_00823,tunnel,tunnel,NJZ,tunnel/NJZ,tunnel/NJZ,K84-K85.ZON,.dt,raw_gpr_trace,raw_trace,46008140,0f28aa45f45a052becd23383b89e1f3300bdd92dc25c023aafed7623c15c515b,"tunnel/NJZ/1CH-YGJ,2CH-ZGJ/K84-K85.ZON/LID20001.dt","external_assets/zenodo_gpr_14637589/extracted/Data Set/tunnel/NJZ/1CH-YGJ,2CH-ZGJ/K84-K85.ZON/LID20001.dt","<LOCAL_DATA_ROOT>\external_assets\zenodo_gpr_14637589\extracted\Data Set\tunnel\NJZ\1CH-YGJ,2CH-ZGJ\K84-K85.ZON\LID20001.dt",2026-08-11,False,public labelled or organized dataset; labels are visible before prediction freeze
zenodo_14637589,10.5281/zenodo.14637589,cc-by-4.0,zenodo_14637589_00824,tunnel,tunnel,NJZ,tunnel/NJZ,tunnel/NJZ,K85-K86.ZON,.dt,raw_gpr_trace,raw_trace,45246392,9cbc970d251cb5cb1135540f2de4582bac698784be494a426c3547f5e24e7857,"tunnel/NJZ/1CH-YGJ,2CH-ZGJ/K85-K86.ZON/LID10001.dt","external_assets/zenodo_gpr_14637589/extracted/Data Set/tunnel/NJZ/1CH-YGJ,2CH-ZGJ/K85-K86.ZON/LID10001.dt","<LOCAL_DATA_ROOT>\external_assets\zenodo_gpr_14637589\extracted\Data Set\tunnel\NJZ\1CH-YGJ,2CH-ZGJ\K85-K86.ZON\LID10001.dt",2026-08-11,False,public labelled or organized dataset; labels are visible before prediction freeze
zenodo_14637589,10.5281/zenodo.14637589,cc-by-4.0,zenodo_14637589_00825,tunnel,tunnel,NJZ,tunnel/NJZ,tunnel/NJZ,K85-K86.ZON,.dt,raw_gpr_trace,raw_trace,45246392,f60dc0ac743f2153ad3a5d7f44906b0aae805ec4909fb0189f71c5d6968f6cda,"tunnel/NJZ/1CH-YGJ,2CH-ZGJ/K85-K86.ZON/LID20001.dt","external_assets/zenodo_gpr_14637589/extracted/Data Set/tunnel/NJZ/1CH-YGJ,2CH-ZGJ/K85-K86.ZON/LID20001.dt","<LOCAL_DATA_ROOT>\external_assets\zenodo_gpr_14637589\extracted\Data Set\tunnel\NJZ\1CH-YGJ,2CH-ZGJ\K85-K86.ZON\LID20001.dt",2026-08-11,False,public labelled or organized dataset; labels are visible before prediction freeze
zenodo_14637589,10.5281/zenodo.14637589,cc-by-4.0,zenodo_14637589_00826,tunnel,tunnel,NJZ,tunnel/NJZ,tunnel/NJZ,K86-K87.ZON,.dt,raw_gpr_trace,raw_trace,40068356,5fc2dc660204b07436c6dbfc9dde4d23aff26304412fd9c9b7fd3c04a1f3ae93,"tunnel/NJZ/1CH-YGJ,2CH-ZGJ/K86-K87.ZON/LID10001.dt","external_assets/zenodo_gpr_14637589/extracted/Data Set/tunnel/NJZ/1CH-YGJ,2CH-ZGJ/K86-K87.ZON/LID10001.dt","<LOCAL_DATA_ROOT>\external_assets\zenodo_gpr_14637589\extracted\Data Set\tunnel\NJZ\1CH-YGJ,2CH-ZGJ\K86-K87.ZON\LID10001.dt",2026-08-11,False,public labelled or organized dataset; labels are visible before prediction freeze
zenodo_14637589,10.5281/zenodo.14637589,cc-by-4.0,zenodo_14637589_00827,tunnel,tunnel,NJZ,tunnel/NJZ,tunnel/NJZ,K86-K87.ZON,.dt,raw_gpr_trace,raw_trace,40068356,94fddb54bd442933a58521c008ac5dbac88dcfe1fdcd860bd564159d302e2e13,"tunnel/NJZ/1CH-YGJ,2CH-ZGJ/K86-K87.ZON/LID20001.dt","external_assets/zenodo_gpr_14637589/extracted/Data Set/tunnel/NJZ/1CH-YGJ,2CH-ZGJ/K86-K87.ZON/LID20001.dt","<LOCAL_DATA_ROOT>\external_assets\zenodo_gpr_14637589\extracted\Data Set\tunnel\NJZ\1CH-YGJ,2CH-ZGJ\K86-K87.ZON\LID20001.dt",2026-08-11,False,public labelled or organized dataset; labels are visible before prediction freeze
zenodo_14637589,10.5281/zenodo.14637589,cc-by-4.0,zenodo_14637589_00828,tunnel,tunnel,NJZ,tunnel/NJZ,tunnel/NJZ,K87-K88.ZON,.dt,raw_gpr_trace,raw_trace,24944420,eaba34ea22018393425f7b9bacc83bd550a0374ab3f2d029a1eead8f43575412,"tunnel/NJZ/1CH-YGJ,2CH-ZGJ/K87-K88.ZON/LID10001.dt","external_assets/zenodo_gpr_14637589/extracted/Data Set/tunnel/NJZ/1CH-YGJ,2CH-ZGJ/K87-K88.ZON/LID10001.dt","<LOCAL_DATA_ROOT>\external_assets\zenodo_gpr_14637589\extracted\Data Set\tunnel\NJZ\1CH-YGJ,2CH-ZGJ\K87-K88.ZON\LID10001.dt",2026-08-11,False,public labelled or organized dataset; labels are visible before prediction freeze
zenodo_14637589,10.5281/zenodo.14637589,cc-by-4.0,zenodo_14637589_00829,tunnel,tunnel,NJZ,tunnel/NJZ,tunnel/NJZ,K87-K88.ZON,.dt,raw_gpr_trace,raw_trace,24944420,76b1d625661862ff015f12cefeb3d9c769e360c6f357f26ac50aeb932379d0d4,"tunnel/NJZ/1CH-YGJ,2CH-ZGJ/K87-K88.ZON/LID20001.dt","external_assets/zenodo_gpr_14637589/extracted/Data Set/tunnel/NJZ/1CH-YGJ,2CH-ZGJ/K87-K88.ZON/LID20001.dt","<LOCAL_DATA_ROOT>\external_assets\zenodo_gpr_14637589\extracted\Data Set\tunnel\NJZ\1CH-YGJ,2CH-ZGJ\K87-K88.ZON\LID20001.dt",2026-08-11,False,public labelled or organized dataset; labels are visible before prediction freeze
zenodo_14637589,10.5281/zenodo.14637589,cc-by-4.0,zenodo_14637589_00830,tunnel,tunnel,NJZ,tunnel/NJZ,tunnel/NJZ,K88-END.ZON,.dt,raw_gpr_trace,raw_trace,12316468,2918549b934c82904b6e4b8bc050002f61d8aaba4e2e96aea4b5e930b17e12d4,"tunnel/NJZ/1CH-YGJ,2CH-ZGJ/K88-END.ZON/LID10001.dt","external_assets/zenodo_gpr_14637589/extracted/Data Set/tunnel/NJZ/1CH-YGJ,2CH-ZGJ/K88-END.ZON/LID10001.dt","<LOCAL_DATA_ROOT>\external_assets\zenodo_gpr_14637589\extracted\Data Set\tunnel\NJZ\1CH-YGJ,2CH-ZGJ\K88-END.ZON\LID10001.dt",2026-08-11,False,public labelled or organized dataset; labels are visible before prediction freeze
zenodo_14637589,10.5281/zenodo.14637589,cc-by-4.0,zenodo_14637589_00831,tunnel,tunnel,NJZ,tunnel/NJZ,tunnel/NJZ,K88-END.ZON,.dt,raw_gpr_trace,raw_trace,12316468,07019b14713b7d46013d5083df0b7ad1b2f92f994cd0b6757d803ab679544841,"tunnel/NJZ/1CH-YGJ,2CH-ZGJ/K88-END.ZON/LID20001.dt","external_assets/zenodo_gpr_14637589/extracted/Data Set/tunnel/NJZ/1CH-YGJ,2CH-ZGJ/K88-END.ZON/LID20001.dt","<LOCAL_DATA_ROOT>\external_assets\zenodo_gpr_14637589\extracted\Data Set\tunnel\NJZ\1CH-YGJ,2CH-ZGJ\K88-END.ZON\LID20001.dt",2026-08-11,False,public labelled or organized dataset; labels are visible before prediction freeze
zenodo_14637589,10.5281/zenodo.14637589,cc-by-4.0,zenodo_14637589_00832,tunnel,tunnel,NJZ,tunnel/NJZ,tunnel/NJZ,GD,.srd,raw_gpr_trace,raw_trace,27420672,a427144edba557a5f20d014e872ea285c00f00bceb745875151c91c80724b9dc,tunnel/NJZ/GD/GERfile338.srd,external_assets/zenodo_gpr_14637589/extracted/Data Set/tunnel/NJZ/GD/GERfile338.srd,<LOCAL_DATA_ROOT>\external_assets\zenodo_gpr_14637589\extracted\Data Set\tunnel\NJZ\GD\GERfile338.srd,2026-08-11,False,public labelled or organized dataset; labels are visible before prediction freeze
zenodo_14637589,10.5281/zenodo.14637589,cc-by-4.0,zenodo_14637589_00833,tunnel,tunnel,NJZ,tunnel/NJZ,tunnel/NJZ,GD,.srd,raw_gpr_trace,raw_trace,49888256,916038170222ed148b14239846888226ebf6e077544f96293f2364fa34374034,tunnel/NJZ/GD/GERfile339.srd,external_assets/zenodo_gpr_14637589/extracted/Data Set/tunnel/NJZ/GD/GERfile339.srd,<LOCAL_DATA_ROOT>\external_assets\zenodo_gpr_14637589\extracted\Data Set\tunnel\NJZ\GD\GERfile339.srd,2026-08-11,False,public labelled or organized dataset; labels are visible before prediction freeze
zenodo_14637589,10.5281/zenodo.14637589,cc-by-4.0,zenodo_14637589_00834,tunnel,tunnel,NJZ,tunnel/NJZ,tunnel/NJZ,GD,.srd,raw_gpr_trace,raw_trace,51069952,3a3d67979a08e4b8c216224a4ca35774f09942c3681e1e4b35ec76dc340ab10a,tunnel/NJZ/GD/GERfile340.srd,external_assets/zenodo_gpr_14637589/extracted/Data Set/tunnel/NJZ/GD/GERfile340.srd,<LOCAL_DATA_ROOT>\external_assets\zenodo_gpr_14637589\extracted\Data Set\tunnel\NJZ\GD\GERfile340.srd,2026-08-11,False,public labelled or organized dataset; labels are visible before prediction freeze
zenodo_14637589,10.5281/zenodo.14637589,cc-by-4.0,zenodo_14637589_00835,tunnel,tunnel,NJZ,tunnel/NJZ,tunnel/NJZ,GD,.srd,raw_gpr_trace,raw_trace,49483776,46e1a0e048295c72f6603a9387455017bf1cb888397ce019eb8959bcda4d337d,tunnel/NJZ/GD/GERfile341.srd,external_assets/zenodo_gpr_14637589/extracted/Data Set/tunnel/NJZ/GD/GERfile341.srd,<LOCAL_DATA_ROOT>\external_assets\zenodo_gpr_14637589\extracted\Data Set\tunnel\NJZ\GD\GERfile341.srd,2026-08-11,False,public labelled or organized dataset; labels are visible before prediction freeze
zenodo_14637589,10.5281/zenodo.14637589,cc-by-4.0,zenodo_14637589_00836,tunnel,tunnel,NJZ,tunnel/NJZ,tunnel/NJZ,GD,.srd,raw_gpr_trace,raw_trace,51040256,2adff4eb9d5b87860172e8a47f2db7aeb84f94d628a8e256c54bc237c99f52e0,tunnel/NJZ/GD/GERfile342.srd,external_assets/zenodo_gpr_14637589/extracted/Data Set/tunnel/NJZ/GD/GERfile342.srd,<LOCAL_DATA_ROOT>\external_assets\zenodo_gpr_14637589\extracted\Data Set\tunnel\NJZ\GD\GERfile342.srd,2026-08-11,False,public labelled or organized dataset; labels are visible before prediction freeze
zenodo_14637589,10.5281/zenodo.14637589,cc-by-4.0,zenodo_14637589_00837,tunnel,tunnel,NJZ,tunnel/NJZ,tunnel/NJZ,GD,.srd,raw_gpr_trace,raw_trace,50343936,dfe5ffba4fe137b56d4da32c0d210745979387ddbdeeabf18079c9f05eb81e01,tunnel/NJZ/GD/GERfile343.srd,external_assets/zenodo_gpr_14637589/extracted/Data Set/tunnel/NJZ/GD/GERfile343.srd,<LOCAL_DATA_ROOT>\external_assets\zenodo_gpr_14637589\extracted\Data Set\tunnel\NJZ\GD\GERfile343.srd,2026-08-11,False,public labelled or organized dataset; labels are visible before prediction freeze
zenodo_14637589,10.5281/zenodo.14637589,cc-by-4.0,zenodo_14637589_00838,tunnel,tunnel,NJZ,tunnel/NJZ,tunnel/NJZ,GD,.srd,raw_gpr_trace,raw_trace,19110912,bfe6f584d644f2a1406e5670e232585f528ea0b355990cb4668ff21f70c8591e,tunnel/NJZ/GD/GERfile344.srd,external_assets/zenodo_gpr_14637589/extracted/Data Set/tunnel/NJZ/GD/GERfile344.srd,<LOCAL_DATA_ROOT>\external_assets\zenodo_gpr_14637589\extracted\Data Set\tunnel\NJZ\GD\GERfile344.srd,2026-08-11,False,public labelled or organized dataset; labels are visible before prediction freeze
zenodo_14637589,10.5281/zenodo.14637589,cc-by-4.0,zenodo_14637589_00839,tunnel,tunnel,NJZ,tunnel/NJZ,tunnel/NJZ,YBQ,.srd,raw_gpr_trace,raw_trace,4412416,12a09b0945ea69cb1c1d4165fc0d89a133fb9bb2ed1cf2ae030977f48669989f,tunnel/NJZ/YBQ/GERfile313.srd,external_assets/zenodo_gpr_14637589/extracted/Data Set/tunnel/NJZ/YBQ/GERfile313.srd,<LOCAL_DATA_ROOT>\external_assets\zenodo_gpr_14637589\extracted\Data Set\tunnel\NJZ\YBQ\GERfile313.srd,2026-08-11,False,public labelled or organized dataset; labels are visible before prediction freeze
zenodo_14637589,10.5281/zenodo.14637589,cc-by-4.0,zenodo_14637589_00840,tunnel,tunnel,NJZ,tunnel/NJZ,tunnel/NJZ,YBQ,.srd,raw_gpr_trace,raw_trace,3743744,5abbc000c4762cbc2bbb1226f95b0cf94055e44bab26de395279a6eefb66f41f,tunnel/NJZ/YBQ/GERfile314.srd,external_assets/zenodo_gpr_14637589/extracted/Data Set/tunnel/NJZ/YBQ/GERfile314.srd,<LOCAL_DATA_ROOT>\external_assets\zenodo_gpr_14637589\extracted\Data Set\tunnel\NJZ\YBQ\GERfile314.srd,2026-08-11,False,public labelled or organized dataset; labels are visible before prediction freeze
zenodo_14637589,10.5281/zenodo.14637589,cc-by-4.0,zenodo_14637589_00841,tunnel,tunnel,NJZ,tunnel/NJZ,tunnel/NJZ,YBQ,.srd,raw_gpr_trace,raw_trace,19235840,61c8581924fd1fed247cbf901dabaa2b0366bc002e4e4a8c038000d854c2a136,tunnel/NJZ/YBQ/GERfile315.srd,external_assets/zenodo_gpr_14637589/extracted/Data Set/tunnel/NJZ/YBQ/GERfile315.srd,<LOCAL_DATA_ROOT>\external_assets\zenodo_gpr_14637589\extracted\Data Set\tunnel\NJZ\YBQ\GERfile315.srd,2026-08-11,False,public labelled or organized dataset; labels are visible before prediction freeze
zenodo_14637589,10.5281/zenodo.14637589,cc-by-4.0,zenodo_14637589_00842,tunnel,tunnel,NJZ,tunnel/NJZ,tunnel/NJZ,YBQ,.srd,raw_gpr_trace,raw_trace,49234944,31bc0adb3f0d7ab91b25dcb1b7eaa229b520140c4f53a58058dd65bf05fb253a,tunnel/NJZ/YBQ/GERfile316.srd,external_assets/zenodo_gpr_14637589/extracted/Data Set/tunnel/NJZ/YBQ/GERfile316.srd,<LOCAL_DATA_ROOT>\external_assets\zenodo_gpr_14637589\extracted\Data Set\tunnel\NJZ\YBQ\GERfile316.srd,2026-08-11,False,public labelled or organized dataset; labels are visible before prediction freeze
zenodo_14637589,10.5281/zenodo.14637589,cc-by-4.0,zenodo_14637589_00843,tunnel,tunnel,NJZ,tunnel/NJZ,tunnel/NJZ,YBQ,.srd,raw_gpr_trace,raw_trace,50086912,d904df2241ccba423795fb60222e99406e5637e44f4af6d465de818244da230f,tunnel/NJZ/YBQ/GERfile317.srd,external_assets/zenodo_gpr_14637589/extracted/Data Set/tunnel/NJZ/YBQ/GERfile317.srd,<LOCAL_DATA_ROOT>\external_assets\zenodo_gpr_14637589\extracted\Data Set\tunnel\NJZ\YBQ\GERfile317.srd,2026-08-11,False,public labelled or organized dataset; labels are visible before prediction freeze
zenodo_14637589,10.5281/zenodo.14637589,cc-by-4.0,zenodo_14637589_00844,tunnel,tunnel,NJZ,tunnel/NJZ,tunnel/NJZ,YBQ,.srd,raw_gpr_trace,raw_trace,49810432,053a9956691df269b1146d0c4623798aea2f6c9f68ad4ca6b5bf026285c42478,tunnel/NJZ/YBQ/GERfile318.srd,external_assets/zenodo_gpr_14637589/extracted/Data Set/tunnel/NJZ/YBQ/GERfile318.srd,<LOCAL_DATA_ROOT>\external_assets\zenodo_gpr_14637589\extracted\Data Set\tunnel\NJZ\YBQ\GERfile318.srd,2026-08-11,False,public labelled or organized dataset; labels are visible before prediction freeze
zenodo_14637589,10.5281/zenodo.14637589,cc-by-4.0,zenodo_14637589_00845,tunnel,tunnel,NJZ,tunnel/NJZ,tunnel/NJZ,YBQ,.srd,raw_gpr_trace,raw_trace,49860608,d6700322100adfdcf3e0ba936da417f9924ea9274186e832f82e87a94cb07590,tunnel/NJZ/YBQ/GERfile319.srd,external_assets/zenodo_gpr_14637589/extracted/Data Set/tunnel/NJZ/YBQ/GERfile319.srd,<LOCAL_DATA_ROOT>\external_assets\zenodo_gpr_14637589\extracted\Data Set\tunnel\NJZ\YBQ\GERfile319.srd,2026-08-11,False,public labelled or organized dataset; labels are visible before prediction freeze
zenodo_14637589,10.5281/zenodo.14637589,cc-by-4.0,zenodo_14637589_00846,tunnel,tunnel,NJZ,tunnel/NJZ,tunnel/NJZ,YBQ,.srd,raw_gpr_trace,raw_trace,49974272,3a6e5f59ef944a884d4601bb79769e23a6f589b8f8445b8d1dd9e2465e978a63,tunnel/NJZ/YBQ/GERfile320.srd,external_assets/zenodo_gpr_14637589/extracted/Data Set/tunnel/NJZ/YBQ/GERfile320.srd,<LOCAL_DATA_ROOT>\external_assets\zenodo_gpr_14637589\extracted\Data Set\tunnel\NJZ\YBQ\GERfile320.srd,2026-08-11,False,public labelled or organized dataset; labels are visible before prediction freeze
zenodo_14637589,10.5281/zenodo.14637589,cc-by-4.0,zenodo_14637589_00847,tunnel,tunnel,NJZ,tunnel/NJZ,tunnel/NJZ,YBQ,.srd,raw_gpr_trace,raw_trace,19125248,e187d82dc1e476e5aaf31519d4f83180c69a69bfbc587a425cbcf918b27ec5c4,tunnel/NJZ/YBQ/GERfile321.srd,external_assets/zenodo_gpr_14637589/extracted/Data Set/tunnel/NJZ/YBQ/GERfile321.srd,<LOCAL_DATA_ROOT>\external_assets\zenodo_gpr_14637589\extracted\Data Set\tunnel\NJZ\YBQ\GERfile321.srd,2026-08-11,False,public labelled or organized dataset; labels are visible before prediction freeze
zenodo_14637589,10.5281/zenodo.14637589,cc-by-4.0,zenodo_14637589_00848,tunnel,tunnel,NJZ,tunnel/NJZ,tunnel/NJZ,K83-END.ZON,.dt,raw_gpr_trace,raw_trace,16626872,d1c5263d0eef943fb681bdbc212851ced539c0c47687f01519e0810097349822,tunnel/NJZ/YG/K83-END.ZON/LID10001.dt,external_assets/zenodo_gpr_14637589/extracted/Data Set/tunnel/NJZ/YG/K83-END.ZON/LID10001.dt,<LOCAL_DATA_ROOT>\external_assets\zenodo_gpr_14637589\extracted\Data Set\tunnel\NJZ\YG\K83-END.ZON\LID10001.dt,2026-08-11,False,public labelled or organized dataset; labels are visible before prediction freeze
zenodo_14637589,10.5281/zenodo.14637589,cc-by-4.0,zenodo_14637589_00849,tunnel,tunnel,NJZ,tunnel/NJZ,tunnel/NJZ,K84-K83.ZON,.dt,raw_gpr_trace,raw_trace,29635184,9f3c2c8f813240bc47eec667dd5a0629c3e03fe67bd0e474365964252c56c0a4,tunnel/NJZ/YG/K84-K83.ZON/LID10001.dt,external_assets/zenodo_gpr_14637589/extracted/Data Set/tunnel/NJZ/YG/K84-K83.ZON/LID10001.dt,<LOCAL_DATA_ROOT>\external_assets\zenodo_gpr_14637589\extracted\Data Set\tunnel\NJZ\YG\K84-K83.ZON\LID10001.dt,2026-08-11,False,public labelled or organized dataset; labels are visible before prediction freeze
zenodo_14637589,10.5281/zenodo.14637589,cc-by-4.0,zenodo_14637589_00850,tunnel,tunnel,NJZ,tunnel/NJZ,tunnel/NJZ,K85-K84.ZON,.dt,raw_gpr_trace,raw_trace,30635428,e9bc24cf3702152bca0c8f9d18118c3e68467db06406beea9aa14def6c570a1a,tunnel/NJZ/YG/K85-K84.ZON/LID10001.dt,external_assets/zenodo_gpr_14637589/extracted/Data Set/tunnel/NJZ/YG/K85-K84.ZON/LID10001.dt,<LOCAL_DATA_ROOT>\external_assets\zenodo_gpr_14637589\extracted\Data Set\tunnel\NJZ\YG\K85-K84.ZON\LID10001.dt,2026-08-11,False,public labelled or organized dataset; labels are visible before prediction freeze
zenodo_14637589,10.5281/zenodo.14637589,cc-by-4.0,zenodo_14637589_00851,tunnel,tunnel,NJZ,tunnel/NJZ,tunnel/NJZ,K86-K85.ZON,.dt,raw_gpr_trace,raw_trace,31192604,4ec5fc072a51dfa5ff89201801c7899a85509ed50dd2b2e7e05ae93bca2cc774,tunnel/NJZ/YG/K86-K85.ZON/LID10001.dt,external_assets/zenodo_gpr_14637589/extracted/Data Set/tunnel/NJZ/YG/K86-K85.ZON/LID10001.dt,<LOCAL_DATA_ROOT>\external_assets\zenodo_gpr_14637589\extracted\Data Set\tunnel\NJZ\YG\K86-K85.ZON\LID10001.dt,2026-08-11,False,public labelled or organized dataset; labels are visible before prediction freeze
zenodo_14637589,10.5281/zenodo.14637589,cc-by-4.0,zenodo_14637589_00852,tunnel,tunnel,NJZ,tunnel/NJZ,tunnel/NJZ,K87-K86.ZON,.dt,raw_gpr_trace,raw_trace,32724324,5514f8bae685972618dfa2892328dc280f3857bcbde4c81813a4b7c0db475d1b,tunnel/NJZ/YG/K87-K86.ZON/LID10001.dt,external_assets/zenodo_gpr_14637589/extracted/Data Set/tunnel/NJZ/YG/K87-K86.ZON/LID10001.dt,<LOCAL_DATA_ROOT>\external_assets\zenodo_gpr_14637589\extracted\Data Set\tunnel\NJZ\YG\K87-K86.ZON\LID10001.dt,2026-08-11,False,public labelled or organized dataset; labels are visible before prediction freeze
zenodo_14637589,10.5281/zenodo.14637589,cc-by-4.0,zenodo_14637589_00853,tunnel,tunnel,NJZ,tunnel/NJZ,tunnel/NJZ,K88-K87.ZON,.dt,raw_gpr_trace,raw_trace,34673412,e03136e98b28117c6c4e8cc26bd529b1873cb8d466d94d1a81d96a730e6e0fee,tunnel/NJZ/YG/K88-K87.ZON/LID10001.dt,external_assets/zenodo_gpr_14637589/extracted/Data Set/tunnel/NJZ/YG/K88-K87.ZON/LID10001.dt,<LOCAL_DATA_ROOT>\external_assets\zenodo_gpr_14637589\extracted\Data Set\tunnel\NJZ\YG\K88-K87.ZON\LID10001.dt,2026-08-11,False,public labelled or organized dataset; labels are visible before prediction freeze
zenodo_14637589,10.5281/zenodo.14637589,cc-by-4.0,zenodo_14637589_00854,tunnel,tunnel,NJZ,tunnel/NJZ,tunnel/NJZ,S-K88.ZON,.dt,raw_gpr_trace,raw_trace,13304376,f7f631513ee55e35b73cbc17e309e66aed5caa5fca6ffe319157b249fa7344b3,tunnel/NJZ/YG/S-K88.ZON/LID10001.dt,external_assets/zenodo_gpr_14637589/extracted/Data Set/tunnel/NJZ/YG/S-K88.ZON/LID10001.dt,<LOCAL_DATA_ROOT>\external_assets\zenodo_gpr_14637589\extracted\Data Set\tunnel\NJZ\YG\S-K88.ZON\LID10001.dt,2026-08-11,False,public labelled or organized dataset; labels are visible before prediction freeze
zenodo_14637589,10.5281/zenodo.14637589,cc-by-4.0,zenodo_14637589_00855,tunnel,tunnel,NJZ,tunnel/NJZ,tunnel/NJZ,ZBQ,.srd,raw_gpr_trace,raw_trace,19067904,dd67ac56642e875c158549e6588171828eaded5c3742e83a60b04e76a502240c,tunnel/NJZ/ZBQ/GERfile302.srd,external_assets/zenodo_gpr_14637589/extracted/Data Set/tunnel/NJZ/ZBQ/GERfile302.srd,<LOCAL_DATA_ROOT>\external_assets\zenodo_gpr_14637589\extracted\Data Set\tunnel\NJZ\ZBQ\GERfile302.srd,2026-08-11,False,public labelled or organized dataset; labels are visible before prediction freeze
zenodo_14637589,10.5281/zenodo.14637589,cc-by-4.0,zenodo_14637589_00856,tunnel,tunnel,NJZ,tunnel/NJZ,tunnel/NJZ,ZBQ,.srd,raw_gpr_trace,raw_trace,50391040,fc01f52c9d189788f65c26b86654bfa43e3385dc225bcd4a92c435d9902098a4,tunnel/NJZ/ZBQ/GERfile303.srd,external_assets/zenodo_gpr_14637589/extracted/Data Set/tunnel/NJZ/ZBQ/GERfile303.srd,<LOCAL_DATA_ROOT>\external_assets\zenodo_gpr_14637589\extracted\Data Set\tunnel\NJZ\ZBQ\GERfile303.srd,2026-08-11,False,public labelled or organized dataset; labels are visible before prediction freeze
zenodo_14637589,10.5281/zenodo.14637589,cc-by-4.0,zenodo_14637589_00857,tunnel,tunnel,NJZ,tunnel/NJZ,tunnel/NJZ,ZBQ,.srd,raw_gpr_trace,raw_trace,50327552,7cc4da23e3740797394c4469da247851cc9f1c9d08c599a2b41d34f78372fb4a,tunnel/NJZ/ZBQ/GERfile304.srd,external_assets/zenodo_gpr_14637589/extracted/Data Set/tunnel/NJZ/ZBQ/GERfile304.srd,<LOCAL_DATA_ROOT>\external_assets\zenodo_gpr_14637589\extracted\Data Set\tunnel\NJZ\ZBQ\GERfile304.srd,2026-08-11,False,public labelled or organized dataset; labels are visible before prediction freeze
zenodo_14637589,10.5281/zenodo.14637589,cc-by-4.0,zenodo_14637589_00858,tunnel,tunnel,NJZ,tunnel/NJZ,tunnel/NJZ,ZBQ,.srd,raw_gpr_trace,raw_trace,50265088,df4914aea23f380a1505dcf56c747707c9865613e9bb391663997c6f92ae4a07,tunnel/NJZ/ZBQ/GERfile305.srd,external_assets/zenodo_gpr_14637589/extracted/Data Set/tunnel/NJZ/ZBQ/GERfile305.srd,<LOCAL_DATA_ROOT>\external_assets\zenodo_gpr_14637589\extracted\Data Set\tunnel\NJZ\ZBQ\GERfile305.srd,2026-08-11,False,public labelled or organized dataset; labels are visible before prediction freeze
zenodo_14637589,10.5281/zenodo.14637589,cc-by-4.0,zenodo_14637589_00859,tunnel,tunnel,NJZ,tunnel/NJZ,tunnel/NJZ,ZBQ,.srd,raw_gpr_trace,raw_trace,49730560,676a05ec0232418b4ee667eddaff9dd9316a05d063c679a0f02f5389f297a65d,tunnel/NJZ/ZBQ/GERfile306.srd,external_assets/zenodo_gpr_14637589/extracted/Data Set/tunnel/NJZ/ZBQ/GERfile306.srd,<LOCAL_DATA_ROOT>\external_assets\zenodo_gpr_14637589\extracted\Data Set\tunnel\NJZ\ZBQ\GERfile306.srd,2026-08-11,False,public labelled or organized dataset; labels are visible before prediction freeze
zenodo_14637589,10.5281/zenodo.14637589,cc-by-4.0,zenodo_14637589_00860,tunnel,tunnel,NJZ,tunnel/NJZ,tunnel/NJZ,ZBQ,.srd,raw_gpr_trace,raw_trace,50565120,dbfbc7ce5eddc9aea127282fd92df3b76f831503badac09bcf68109bf7d4d395,tunnel/NJZ/ZBQ/GERfile307.srd,external_assets/zenodo_gpr_14637589/extracted/Data Set/tunnel/NJZ/ZBQ/GERfile307.srd,<LOCAL_DATA_ROOT>\external_assets\zenodo_gpr_14637589\extracted\Data Set\tunnel\NJZ\ZBQ\GERfile307.srd,2026-08-11,False,public labelled or organized dataset; labels are visible before prediction freeze
zenodo_14637589,10.5281/zenodo.14637589,cc-by-4.0,zenodo_14637589_00861,tunnel,tunnel,NJZ,tunnel/NJZ,tunnel/NJZ,ZBQ,.srd,raw_gpr_trace,raw_trace,19389440,283404cca9f0e5c7fd3b23b644518fd4a972783ce2a114972fca9410e9158359,tunnel/NJZ/ZBQ/GERfile308.srd,external_assets/zenodo_gpr_14637589/extracted/Data Set/tunnel/NJZ/ZBQ/GERfile308.srd,<LOCAL_DATA_ROOT>\external_assets\zenodo_gpr_14637589\extracted\Data Set\tunnel\NJZ\ZBQ\GERfile308.srd,2026-08-11,False,public labelled or organized dataset; labels are visible before prediction freeze
zenodo_14637589,10.5281/zenodo.14637589,cc-by-4.0,zenodo_14637589_00862,tunnel,tunnel,NJZ,tunnel/NJZ,tunnel/NJZ,ZBQ,.srd,raw_gpr_trace,raw_trace,397312,94499cdce240b7acff4e275010334a0add99518b863ec05b6e2ef07cdb0824ee,tunnel/NJZ/ZBQ/GERfile309.srd,external_assets/zenodo_gpr_14637589/extracted/Data Set/tunnel/NJZ/ZBQ/GERfile309.srd,<LOCAL_DATA_ROOT>\external_assets\zenodo_gpr_14637589\extracted\Data Set\tunnel\NJZ\ZBQ\GERfile309.srd,2026-08-11,False,public labelled or organized dataset; labels are visible before prediction freeze
zenodo_14637589,10.5281/zenodo.14637589,cc-by-4.0,zenodo_14637589_00863,tunnel,tunnel,NJZ,tunnel/NJZ,tunnel/NJZ,ZBQ,.srd,raw_gpr_trace,raw_trace,3505152,9ee4825f41224727e30a302bbf23c3a6b4ce9f4cdfa9328b6c8fd2af472b7b65,tunnel/NJZ/ZBQ/GERfile310.srd,external_assets/zenodo_gpr_14637589/extracted/Data Set/tunnel/NJZ/ZBQ/GERfile310.srd,<LOCAL_DATA_ROOT>\external_assets\zenodo_gpr_14637589\extracted\Data Set\tunnel\NJZ\ZBQ\GERfile310.srd,2026-08-11,False,public labelled or organized dataset; labels are visible before prediction freeze
zenodo_14637589,10.5281/zenodo.14637589,cc-by-4.0,zenodo_14637589_00864,tunnel,tunnel,NJZ,tunnel/NJZ,tunnel/NJZ,ZBQ,.srd,raw_gpr_trace,raw_trace,462848,6c4e83112e83a13e5f4297026836dbb6135ccdcb42ce2853ff90b924f2b1d1b7,tunnel/NJZ/ZBQ/GERfile311.srd,external_assets/zenodo_gpr_14637589/extracted/Data Set/tunnel/NJZ/ZBQ/GERfile311.srd,<LOCAL_DATA_ROOT>\external_assets\zenodo_gpr_14637589\extracted\Data Set\tunnel\NJZ\ZBQ\GERfile311.srd,2026-08-11,False,public labelled or organized dataset; labels are visible before prediction freeze
zenodo_14637589,10.5281/zenodo.14637589,cc-by-4.0,zenodo_14637589_00865,tunnel,tunnel,NJZ,tunnel/NJZ,tunnel/NJZ,ZBQ,.srd,raw_gpr_trace,raw_trace,4405248,446e97c586d3a2daa1c8980aa0bc6db9af9cb568f8ed02550f699675ef4a0ed0,tunnel/NJZ/ZBQ/GERfile312.srd,external_assets/zenodo_gpr_14637589/extracted/Data Set/tunnel/NJZ/ZBQ/GERfile312.srd,<LOCAL_DATA_ROOT>\external_assets\zenodo_gpr_14637589\extracted\Data Set\tunnel\NJZ\ZBQ\GERfile312.srd,2026-08-11,False,public labelled or organized dataset; labels are visible before prediction freeze
zenodo_14637589,10.5281/zenodo.14637589,cc-by-4.0,zenodo_14637589_00866,tunnel,tunnel,PDS,tunnel/PDS,tunnel/PDS,GD,.srd,raw_gpr_trace,raw_trace,35081216,b93be63b51fdd6ec3a86e8c03e5a98fc7918de73fb7652ae6fa80aea8a24936c,tunnel/PDS/GD/GERfile345.srd,external_assets/zenodo_gpr_14637589/extracted/Data Set/tunnel/PDS/GD/GERfile345.srd,<LOCAL_DATA_ROOT>\external_assets\zenodo_gpr_14637589\extracted\Data Set\tunnel\PDS\GD\GERfile345.srd,2026-08-11,False,public labelled or organized dataset; labels are visible before prediction freeze
zenodo_14637589,10.5281/zenodo.14637589,cc-by-4.0,zenodo_14637589_00867,tunnel,tunnel,PDS,tunnel/PDS,tunnel/PDS,GD,.srd,raw_gpr_trace,raw_trace,50210816,6fcd463d39a6e44f35fd2b11b2b20909c2fe34afe9e38d9352bfc819e89fe8b0,tunnel/PDS/GD/GERfile346.srd,external_assets/zenodo_gpr_14637589/extracted/Data Set/tunnel/PDS/GD/GERfile346.srd,<LOCAL_DATA_ROOT>\external_assets\zenodo_gpr_14637589\extracted\Data Set\tunnel\PDS\GD\GERfile346.srd,2026-08-11,False,public labelled or organized dataset; labels are visible before prediction freeze
zenodo_14637589,10.5281/zenodo.14637589,cc-by-4.0,zenodo_14637589_00868,tunnel,tunnel,PDS,tunnel/PDS,tunnel/PDS,GD,.srd,raw_gpr_trace,raw_trace,50331648,316a80132024e2ebc8f83af99d1199cea2fd9b77c5c2b177b5bd0242ac5e3097,tunnel/PDS/GD/GERfile347.srd,external_assets/zenodo_gpr_14637589/extracted/Data Set/tunnel/PDS/GD/GERfile347.srd,<LOCAL_DATA_ROOT>\external_assets\zenodo_gpr_14637589\extracted\Data Set\tunnel\PDS\GD\GERfile347.srd,2026-08-11,False,public labelled or organized dataset; labels are visible before prediction freeze
zenodo_14637589,10.5281/zenodo.14637589,cc-by-4.0,zenodo_14637589_00869,tunnel,tunnel,PDS,tunnel/PDS,tunnel/PDS,GD,.srd,raw_gpr_trace,raw_trace,50080768,45f1f125365bbe8fe3ef27a2aeabea9befd7d6be1cafda801031f68d13ba12b0,tunnel/PDS/GD/GERfile348.srd,external_assets/zenodo_gpr_14637589/extracted/Data Set/tunnel/PDS/GD/GERfile348.srd,<LOCAL_DATA_ROOT>\external_assets\zenodo_gpr_14637589\extracted\Data Set\tunnel\PDS\GD\GERfile348.srd,2026-08-11,False,public labelled or organized dataset; labels are visible before prediction freeze
zenodo_14637589,10.5281/zenodo.14637589,cc-by-4.0,zenodo_14637589_00870,tunnel,tunnel,PDS,tunnel/PDS,tunnel/PDS,GD,.srd,raw_gpr_trace,raw_trace,49215488,b1aa083d65d1af9386f723d118add1ab49a553fb4fd47f6404ed17f54e8eeb17,tunnel/PDS/GD/GERfile349.srd,external_assets/zenodo_gpr_14637589/extracted/Data Set/tunnel/PDS/GD/GERfile349.srd,<LOCAL_DATA_ROOT>\external_assets\zenodo_gpr_14637589\extracted\Data Set\tunnel\PDS\GD\GERfile349.srd,2026-08-11,False,public labelled or organized dataset; labels are visible before prediction freeze
zenodo_14637589,10.5281/zenodo.14637589,cc-by-4.0,zenodo_14637589_00871,tunnel,tunnel,PDS,tunnel/PDS,tunnel/PDS,GD,.srd,raw_gpr_trace,raw_trace,51102720,53f020a9bea864c801489b923b1ec0ddc6010188a8495747932970cdd449c031,tunnel/PDS/GD/GERfile350.srd,external_assets/zenodo_gpr_14637589/extracted/Data Set/tunnel/PDS/GD/GERfile350.srd,<LOCAL_DATA_ROOT>\external_assets\zenodo_gpr_14637589\extracted\Data Set\tunnel\PDS\GD\GERfile350.srd,2026-08-11,False,public labelled or organized dataset; labels are visible before prediction freeze
zenodo_14637589,10.5281/zenodo.14637589,cc-by-4.0,zenodo_14637589_00872,tunnel,tunnel,PDS,tunnel/PDS,tunnel/PDS,GD,.srd,raw_gpr_trace,raw_trace,50253824,1bd71af0b710ebce32e9472be98b050f9c3e67918487fb3e545466c4781aeaaa,tunnel/PDS/GD/GERfile351.srd,external_assets/zenodo_gpr_14637589/extracted/Data Set/tunnel/PDS/GD/GERfile351.srd,<LOCAL_DATA_ROOT>\external_assets\zenodo_gpr_14637589\extracted\Data Set\tunnel\PDS\GD\GERfile351.srd,2026-08-11,False,public labelled or organized dataset; labels are visible before prediction freeze
zenodo_14637589,10.5281/zenodo.14637589,cc-by-4.0,zenodo_14637589_00873,tunnel,tunnel,PDS,tunnel/PDS,tunnel/PDS,GD,.srd,raw_gpr_trace,raw_trace,5670912,f3622ab4c950c6865f5336de4879d198096fee3012e203aed417225aa0cdc3f7,tunnel/PDS/GD/GERfile352.srd,external_assets/zenodo_gpr_14637589/extracted/Data Set/tunnel/PDS/GD/GERfile352.srd,<LOCAL_DATA_ROOT>\external_assets\zenodo_gpr_14637589\extracted\Data Set\tunnel\PDS\GD\GERfile352.srd,2026-08-11,False,public labelled or organized dataset; labels are visible before prediction freeze
zenodo_14637589,10.5281/zenodo.14637589,cc-by-4.0,zenodo_14637589_00874,tunnel,tunnel,PDS,tunnel/PDS,tunnel/PDS,0-K34.ZON,.dt,raw_gpr_trace,raw_trace,33445980,095452d6478ea50a494c44ff22f7cb7ee7e5a609540fdb1829150b79e08b9f2c,tunnel/PDS/PDSGY.MIS/0-K34.ZON/LID10001.dt,external_assets/zenodo_gpr_14637589/extracted/Data Set/tunnel/PDS/PDSGY.MIS/0-K34.ZON/LID10001.dt,<LOCAL_DATA_ROOT>\external_assets\zenodo_gpr_14637589\extracted\Data Set\tunnel\PDS\PDSGY.MIS\0-K34.ZON\LID10001.dt,2026-08-11,False,public labelled or organized dataset; labels are visible before prediction freeze
zenodo_14637589,10.5281/zenodo.14637589,cc-by-4.0,zenodo_14637589_00875,tunnel,tunnel,PDS,tunnel/PDS,tunnel/PDS,0-K34.ZON,.dt,raw_gpr_trace,raw_trace,33445980,73d38fb2267b9d3598d43c8127b42aad6fcaca2fa8110e706b1dec9dbec8a51d,tunnel/PDS/PDSGY.MIS/0-K34.ZON/LID20001.dt,external_assets/zenodo_gpr_14637589/extracted/Data Set/tunnel/PDS/PDSGY.MIS/0-K34.ZON/LID20001.dt,<LOCAL_DATA_ROOT>\external_assets\zenodo_gpr_14637589\extracted\Data Set\tunnel\PDS\PDSGY.MIS\0-K34.ZON\LID20001.dt,2026-08-11,False,public labelled or organized dataset; labels are visible before prediction freeze
zenodo_14637589,10.5281/zenodo.14637589,cc-by-4.0,zenodo_14637589_00876,tunnel,tunnel,PDS,tunnel/PDS,tunnel/PDS,191202AA.ZON,.dt,raw_gpr_trace,raw_trace,4219940,8ff9ce6d49a2ad00c50617eeec8546a27751abcdc3fa85f7ccb5ea328bb8203b,tunnel/PDS/PDSGY.MIS/191202AA.ZON/LID10001.dt,external_assets/zenodo_gpr_14637589/extracted/Data Set/tunnel/PDS/PDSGY.MIS/191202AA.ZON/LID10001.dt,<LOCAL_DATA_ROOT>\external_assets\zenodo_gpr_14637589\extracted\Data Set\tunnel\PDS\PDSGY.MIS\191202AA.ZON\LID10001.dt,2026-08-11,False,public labelled or organized dataset; labels are visible before prediction freeze
zenodo_14637589,10.5281/zenodo.14637589,cc-by-4.0,zenodo_14637589_00877,tunnel,tunnel,PDS,tunnel/PDS,tunnel/PDS,191202AA.ZON,.dt,raw_gpr_trace,raw_trace,4219940,e33d365473fd3ca4665833af9d02dfdc3023cafa588013b59848961b35ef0e6d,tunnel/PDS/PDSGY.MIS/191202AA.ZON/LID20001.dt,external_assets/zenodo_gpr_14637589/extracted/Data Set/tunnel/PDS/PDSGY.MIS/191202AA.ZON/LID20001.dt,<LOCAL_DATA_ROOT>\external_assets\zenodo_gpr_14637589\extracted\Data Set\tunnel\PDS\PDSGY.MIS\191202AA.ZON\LID20001.dt,2026-08-11,False,public labelled or organized dataset; labels are visible before prediction freeze
zenodo_14637589,10.5281/zenodo.14637589,cc-by-4.0,zenodo_14637589_00878,tunnel,tunnel,PDS,tunnel/PDS,tunnel/PDS,K34-K35.ZON,.dt,raw_gpr_trace,raw_trace,46056456,2fa473d859eb3b7a6eef67a52ba5edfc688726e708cf3c6a6ae70846017d7d80,tunnel/PDS/PDSGY.MIS/K34-K35.ZON/LID10001.dt,external_assets/zenodo_gpr_14637589/extracted/Data Set/tunnel/PDS/PDSGY.MIS/K34-K35.ZON/LID10001.dt,<LOCAL_DATA_ROOT>\external_assets\zenodo_gpr_14637589\extracted\Data Set\tunnel\PDS\PDSGY.MIS\K34-K35.ZON\LID10001.dt,2026-08-11,False,public labelled or organized dataset; labels are visible before prediction freeze
zenodo_14637589,10.5281/zenodo.14637589,cc-by-4.0,zenodo_14637589_00879,tunnel,tunnel,PDS,tunnel/PDS,tunnel/PDS,K34-K35.ZON,.dt,raw_gpr_trace,raw_trace,46056456,5bfe2419031229ed7743660da414a2bb1663a31e5aa5bdccf7db7a14230c7621,tunnel/PDS/PDSGY.MIS/K34-K35.ZON/LID20001.dt,external_assets/zenodo_gpr_14637589/extracted/Data Set/tunnel/PDS/PDSGY.MIS/K34-K35.ZON/LID20001.dt,<LOCAL_DATA_ROOT>\external_assets\zenodo_gpr_14637589\extracted\Data Set\tunnel\PDS\PDSGY.MIS\K34-K35.ZON\LID20001.dt,2026-08-11,False,public labelled or organized dataset; labels are visible before prediction freeze
zenodo_14637589,10.5281/zenodo.14637589,cc-by-4.0,zenodo_14637589_00880,tunnel,tunnel,PDS,tunnel/PDS,tunnel/PDS,K35-K36.ZON,.dt,raw_gpr_trace,raw_trace,45541428,1e971227b140a2e59efbfe7207f242836d77e822c7f2a7f874d5725f6ff3657a,tunnel/PDS/PDSGY.MIS/K35-K36.ZON/LID10001.dt,external_assets/zenodo_gpr_14637589/extracted/Data Set/tunnel/PDS/PDSGY.MIS/K35-K36.ZON/LID10001.dt,<LOCAL_DATA_ROOT>\external_assets\zenodo_gpr_14637589\extracted\Data Set\tunnel\PDS\PDSGY.MIS\K35-K36.ZON\LID10001.dt,2026-08-11,False,public labelled or organized dataset; labels are visible before prediction freeze
zenodo_14637589,10.5281/zenodo.14637589,cc-by-4.0,zenodo_14637589_00881,tunnel,tunnel,PDS,tunnel/PDS,tunnel/PDS,K35-K36.ZON,.dt,raw_gpr_trace,raw_trace,45541428,f67dcfe30f422c72fa694d40f816503301c530c41ad53bc028b17ed318f57125,tunnel/PDS/PDSGY.MIS/K35-K36.ZON/LID20001.dt,external_assets/zenodo_gpr_14637589/extracted/Data Set/tunnel/PDS/PDSGY.MIS/K35-K36.ZON/LID20001.dt,<LOCAL_DATA_ROOT>\external_assets\zenodo_gpr_14637589\extracted\Data Set\tunnel\PDS\PDSGY.MIS\K35-K36.ZON\LID20001.dt,2026-08-11,False,public labelled or organized dataset; labels are visible before prediction freeze
zenodo_14637589,10.5281/zenodo.14637589,cc-by-4.0,zenodo_14637589_00882,tunnel,tunnel,PDS,tunnel/PDS,tunnel/PDS,K36-37.ZON,.dt,raw_gpr_trace,raw_trace,33968204,09e0cd0909e98ba63ff21099996a4ad9eb48312e4705fa9e7a8ce941668fb8b5,tunnel/PDS/PDSGY.MIS/K36-37.ZON/LID10001.dt,external_assets/zenodo_gpr_14637589/extracted/Data Set/tunnel/PDS/PDSGY.MIS/K36-37.ZON/LID10001.dt,<LOCAL_DATA_ROOT>\external_assets\zenodo_gpr_14637589\extracted\Data Set\tunnel\PDS\PDSGY.MIS\K36-37.ZON\LID10001.dt,2026-08-11,False,public labelled or organized dataset; labels are visible before prediction freeze
zenodo_14637589,10.5281/zenodo.14637589,cc-by-4.0,zenodo_14637589_00883,tunnel,tunnel,PDS,tunnel/PDS,tunnel/PDS,K36-37.ZON,.dt,raw_gpr_trace,raw_trace,33968204,c28a3d58756ea3174a58e9d29b51d979a5b6297e18adfa2e132af641672266f5,tunnel/PDS/PDSGY.MIS/K36-37.ZON/LID20001.dt,external_assets/zenodo_gpr_14637589/extracted/Data Set/tunnel/PDS/PDSGY.MIS/K36-37.ZON/LID20001.dt,<LOCAL_DATA_ROOT>\external_assets\zenodo_gpr_14637589\extracted\Data Set\tunnel\PDS\PDSGY.MIS\K36-37.ZON\LID20001.dt,2026-08-11,False,public labelled or organized dataset; labels are visible before prediction freeze
zenodo_14637589,10.5281/zenodo.14637589,cc-by-4.0,zenodo_14637589_00884,tunnel,tunnel,PDS,tunnel/PDS,tunnel/PDS,K37-38.ZON,.dt,raw_gpr_trace,raw_trace,40798236,b02718550a0a768289eae95556217ef96c0cc0bca866b81b80bec2e5567d4b2a,tunnel/PDS/PDSGY.MIS/K37-38.ZON/LID10001.dt,external_assets/zenodo_gpr_14637589/extracted/Data Set/tunnel/PDS/PDSGY.MIS/K37-38.ZON/LID10001.dt,<LOCAL_DATA_ROOT>\external_assets\zenodo_gpr_14637589\extracted\Data Set\tunnel\PDS\PDSGY.MIS\K37-38.ZON\LID10001.dt,2026-08-11,False,public labelled or organized dataset; labels are visible before prediction freeze
zenodo_14637589,10.5281/zenodo.14637589,cc-by-4.0,zenodo_14637589_00885,tunnel,tunnel,PDS,tunnel/PDS,tunnel/PDS,K37-38.ZON,.dt,raw_gpr_trace,raw_trace,40798236,f5e2123e22ce213318efcef29b7a660076f147e3dd36a9ea1045a5bfa13b6580,tunnel/PDS/PDSGY.MIS/K37-38.ZON/LID20001.dt,external_assets/zenodo_gpr_14637589/extracted/Data Set/tunnel/PDS/PDSGY.MIS/K37-38.ZON/LID20001.dt,<LOCAL_DATA_ROOT>\external_assets\zenodo_gpr_14637589\extracted\Data Set\tunnel\PDS\PDSGY.MIS\K37-38.ZON\LID20001.dt,2026-08-11,False,public labelled or organized dataset; labels are visible before prediction freeze
zenodo_14637589,10.5281/zenodo.14637589,cc-by-4.0,zenodo_14637589_00886,tunnel,tunnel,PDS,tunnel/PDS,tunnel/PDS,K38-39.ZON,.dt,raw_gpr_trace,raw_trace,45584604,6ccb2ab0142d6389258476f17a101e130df0fc2e36188b49e1d7681cbd381730,tunnel/PDS/PDSGY.MIS/K38-39.ZON/LID10001.dt,external_assets/zenodo_gpr_14637589/extracted/Data Set/tunnel/PDS/PDSGY.MIS/K38-39.ZON/LID10001.dt,<LOCAL_DATA_ROOT>\external_assets\zenodo_gpr_14637589\extracted\Data Set\tunnel\PDS\PDSGY.MIS\K38-39.ZON\LID10001.dt,2026-08-11,False,public labelled or organized dataset; labels are visible before prediction freeze
zenodo_14637589,10.5281/zenodo.14637589,cc-by-4.0,zenodo_14637589_00887,tunnel,tunnel,PDS,tunnel/PDS,tunnel/PDS,K38-39.ZON,.dt,raw_gpr_trace,raw_trace,45584604,377a770d1b67bcec3e1336f5b13208501c02f210eb599e0fc96c9bc1e0e0a14d,tunnel/PDS/PDSGY.MIS/K38-39.ZON/LID20001.dt,external_assets/zenodo_gpr_14637589/extracted/Data Set/tunnel/PDS/PDSGY.MIS/K38-39.ZON/LID20001.dt,<LOCAL_DATA_ROOT>\external_assets\zenodo_gpr_14637589\extracted\Data Set\tunnel\PDS\PDSGY.MIS\K38-39.ZON\LID20001.dt,2026-08-11,False,public labelled or organized dataset; labels are visible before prediction freeze
zenodo_14637589,10.5281/zenodo.14637589,cc-by-4.0,zenodo_14637589_00888,tunnel,tunnel,PDS,tunnel/PDS,tunnel/PDS,K39-40.ZON,.dt,raw_gpr_trace,raw_trace,40109476,545ffb49f848bea614c189cf81990e4fdd44274139a030cfe666aba87b0d097e,tunnel/PDS/PDSGY.MIS/K39-40.ZON/LID10001.dt,external_assets/zenodo_gpr_14637589/extracted/Data Set/tunnel/PDS/PDSGY.MIS/K39-40.ZON/LID10001.dt,<LOCAL_DATA_ROOT>\external_assets\zenodo_gpr_14637589\extracted\Data Set\tunnel\PDS\PDSGY.MIS\K39-40.ZON\LID10001.dt,2026-08-11,False,public labelled or organized dataset; labels are visible before prediction freeze
zenodo_14637589,10.5281/zenodo.14637589,cc-by-4.0,zenodo_14637589_00889,tunnel,tunnel,PDS,tunnel/PDS,tunnel/PDS,K39-40.ZON,.dt,raw_gpr_trace,raw_trace,40109476,4fe2cced6e344af3a44beb27a00b545492294762d09f1727bdec41862d87a75c,tunnel/PDS/PDSGY.MIS/K39-40.ZON/LID20001.dt,external_assets/zenodo_gpr_14637589/extracted/Data Set/tunnel/PDS/PDSGY.MIS/K39-40.ZON/LID20001.dt,<LOCAL_DATA_ROOT>\external_assets\zenodo_gpr_14637589\extracted\Data Set\tunnel\PDS\PDSGY.MIS\K39-40.ZON\LID20001.dt,2026-08-11,False,public labelled or organized dataset; labels are visible before prediction freeze
zenodo_14637589,10.5281/zenodo.14637589,cc-by-4.0,zenodo_14637589_00890,tunnel,tunnel,PDS,tunnel/PDS,tunnel/PDS,YBQ,.srd,raw_gpr_trace,raw_trace,50528256,0ed7ca18caebdd0973272e23a23d67f316ee6fe86caa56d8428b3e33060238fb,tunnel/PDS/YBQ/GERfile326.srd,external_assets/zenodo_gpr_14637589/extracted/Data Set/tunnel/PDS/YBQ/GERfile326.srd,<LOCAL_DATA_ROOT>\external_assets\zenodo_gpr_14637589\extracted\Data Set\tunnel\PDS\YBQ\GERfile326.srd,2026-08-11,False,public labelled or organized dataset; labels are visible before prediction freeze
zenodo_14637589,10.5281/zenodo.14637589,cc-by-4.0,zenodo_14637589_00891,tunnel,tunnel,PDS,tunnel/PDS,tunnel/PDS,YBQ,.srd,raw_gpr_trace,raw_trace,50458624,1a60bc5e219d0d609a677d56e572f6ab62b9d960584bd44b91645476d825157c,tunnel/PDS/YBQ/GERfile327.srd,external_assets/zenodo_gpr_14637589/extracted/Data Set/tunnel/PDS/YBQ/GERfile327.srd,<LOCAL_DATA_ROOT>\external_assets\zenodo_gpr_14637589\extracted\Data Set\tunnel\PDS\YBQ\GERfile327.srd,2026-08-11,False,public labelled or organized dataset; labels are visible before prediction freeze
zenodo_14637589,10.5281/zenodo.14637589,cc-by-4.0,zenodo_14637589_00892,tunnel,tunnel,PDS,tunnel/PDS,tunnel/PDS,YBQ,.srd,raw_gpr_trace,raw_trace,50311168,68698574c61201e6f0817a09b1cd3d5d4fcb298516230b51abc4434fe0203b49,tunnel/PDS/YBQ/GERfile328.srd,external_assets/zenodo_gpr_14637589/extracted/Data Set/tunnel/PDS/YBQ/GERfile328.srd,<LOCAL_DATA_ROOT>\external_assets\zenodo_gpr_14637589\extracted\Data Set\tunnel\PDS\YBQ\GERfile328.srd,2026-08-11,False,public labelled or organized dataset; labels are visible before prediction freeze
zenodo_14637589,10.5281/zenodo.14637589,cc-by-4.0,zenodo_14637589_00893,tunnel,tunnel,PDS,tunnel/PDS,tunnel/PDS,YBQ,.srd,raw_gpr_trace,raw_trace,5660672,ccad18a0ea398a33352ae6918778e0a5d0bf1565ae18f2064031497accb894d3,tunnel/PDS/YBQ/GERfile329.srd,external_assets/zenodo_gpr_14637589/extracted/Data Set/tunnel/PDS/YBQ/GERfile329.srd,<LOCAL_DATA_ROOT>\external_assets\zenodo_gpr_14637589\extracted\Data Set\tunnel\PDS\YBQ\GERfile329.srd,2026-08-11,False,public labelled or organized dataset; labels are visible before prediction freeze
zenodo_14637589,10.5281/zenodo.14637589,cc-by-4.0,zenodo_14637589_00894,tunnel,tunnel,PDS,tunnel/PDS,tunnel/PDS,YBQ,.srd,raw_gpr_trace,raw_trace,33854464,0e2df0a9e74485428684f696a5a136a7ad1fda6aeac0fcf49fd3f9baffed3e60,tunnel/PDS/YBQ/GERfile353.srd,external_assets/zenodo_gpr_14637589/extracted/Data Set/tunnel/PDS/YBQ/GERfile353.srd,<LOCAL_DATA_ROOT>\external_assets\zenodo_gpr_14637589\extracted\Data Set\tunnel\PDS\YBQ\GERfile353.srd,2026-08-11,False,public labelled or organized dataset; labels are visible before prediction freeze
zenodo_14637589,10.5281/zenodo.14637589,cc-by-4.0,zenodo_14637589_00895,tunnel,tunnel,PDS,tunnel/PDS,tunnel/PDS,YBQ,.srd,raw_gpr_trace,raw_trace,50348032,7d9c11f68b5543fe7787f5cbd617db12fc2bff2645699c4e7430f7f9dfd32a54,tunnel/PDS/YBQ/GERfile354.srd,external_assets/zenodo_gpr_14637589/extracted/Data Set/tunnel/PDS/YBQ/GERfile354.srd,<LOCAL_DATA_ROOT>\external_assets\zenodo_gpr_14637589\extracted\Data Set\tunnel\PDS\YBQ\GERfile354.srd,2026-08-11,False,public labelled or organized dataset; labels are visible before prediction freeze
zenodo_14637589,10.5281/zenodo.14637589,cc-by-4.0,zenodo_14637589_00896,tunnel,tunnel,PDS,tunnel/PDS,tunnel/PDS,YBQ,.srd,raw_gpr_trace,raw_trace,50470912,38165019285d5a24dad4ef037aae295b7ceab513127b58ef7efe4d9b6e122627,tunnel/PDS/YBQ/GERfile355.srd,external_assets/zenodo_gpr_14637589/extracted/Data Set/tunnel/PDS/YBQ/GERfile355.srd,<LOCAL_DATA_ROOT>\external_assets\zenodo_gpr_14637589\extracted\Data Set\tunnel\PDS\YBQ\GERfile355.srd,2026-08-11,False,public labelled or organized dataset; labels are visible before prediction freeze
zenodo_14637589,10.5281/zenodo.14637589,cc-by-4.0,zenodo_14637589_00897,tunnel,tunnel,PDS,tunnel/PDS,tunnel/PDS,YBQ,.srd,raw_gpr_trace,raw_trace,50395136,3d3b79e91056b03c426e97e59bc6cf0e3601dc64e8bb9571ceaab857000d27e7,tunnel/PDS/YBQ/GERfile356.srd,external_assets/zenodo_gpr_14637589/extracted/Data Set/tunnel/PDS/YBQ/GERfile356.srd,<LOCAL_DATA_ROOT>\external_assets\zenodo_gpr_14637589\extracted\Data Set\tunnel\PDS\YBQ\GERfile356.srd,2026-08-11,False,public labelled or organized dataset; labels are visible before prediction freeze
zenodo_14637589,10.5281/zenodo.14637589,cc-by-4.0,zenodo_14637589_00898,tunnel,tunnel,PDS,tunnel/PDS,tunnel/PDS,0-K40.ZON,.dt,raw_gpr_trace,raw_trace,3371840,3a94fe8cf99a9492bd8aefb143cdbb15464eabbd72dcffd0bbf2b51c5698841f,tunnel/PDS/YG/0-K40.ZON/LID10001.dt,external_assets/zenodo_gpr_14637589/extracted/Data Set/tunnel/PDS/YG/0-K40.ZON/LID10001.dt,<LOCAL_DATA_ROOT>\external_assets\zenodo_gpr_14637589\extracted\Data Set\tunnel\PDS\YG\0-K40.ZON\LID10001.dt,2026-08-11,False,public labelled or organized dataset; labels are visible before prediction freeze
zenodo_14637589,10.5281/zenodo.14637589,cc-by-4.0,zenodo_14637589_00899,tunnel,tunnel,PDS,tunnel/PDS,tunnel/PDS,dk-k34.ZON,.dt,raw_gpr_trace,raw_trace,21479032,5a7d5f56a2172429b650a9023c5257e2579e02044d76e117375e545c16df6cd4,tunnel/PDS/YG/dk-k34.ZON/LID10001.dt,external_assets/zenodo_gpr_14637589/extracted/Data Set/tunnel/PDS/YG/dk-k34.ZON/LID10001.dt,<LOCAL_DATA_ROOT>\external_assets\zenodo_gpr_14637589\extracted\Data Set\tunnel\PDS\YG\dk-k34.ZON\LID10001.dt,2026-08-11,False,public labelled or organized dataset; labels are visible before prediction freeze
zenodo_14637589,10.5281/zenodo.14637589,cc-by-4.0,zenodo_14637589_00900,tunnel,tunnel,PDS,tunnel/PDS,tunnel/PDS,k34-k35.ZON,.dt,raw_gpr_trace,raw_trace,31952296,22d56826dd7420a387e1ef17a171efbae3a2d3ebc9f169d1317370af1e27d92f,tunnel/PDS/YG/k34-k35.ZON/LID10001.dt,external_assets/zenodo_gpr_14637589/extracted/Data Set/tunnel/PDS/YG/k34-k35.ZON/LID10001.dt,<LOCAL_DATA_ROOT>\external_assets\zenodo_gpr_14637589\extracted\Data Set\tunnel\PDS\YG\k34-k35.ZON\LID10001.dt,2026-08-11,False,public labelled or organized dataset; labels are visible before prediction freeze
zenodo_14637589,10.5281/zenodo.14637589,cc-by-4.0,zenodo_14637589_00901,tunnel,tunnel,PDS,tunnel/PDS,tunnel/PDS,k35-k36.ZON,.dt,raw_gpr_trace,raw_trace,31279984,bc7ce0e8443c5ddf2baa6f704037fc2ef60b5a4e54ab74604db0c330b4b6f744,tunnel/PDS/YG/k35-k36.ZON/LID10001.dt,external_assets/zenodo_gpr_14637589/extracted/Data Set/tunnel/PDS/YG/k35-k36.ZON/LID10001.dt,<LOCAL_DATA_ROOT>\external_assets\zenodo_gpr_14637589\extracted\Data Set\tunnel\PDS\YG\k35-k36.ZON\LID10001.dt,2026-08-11,False,public labelled or organized dataset; labels are visible before prediction freeze
zenodo_14637589,10.5281/zenodo.14637589,cc-by-4.0,zenodo_14637589_00902,tunnel,tunnel,PDS,tunnel/PDS,tunnel/PDS,k36-37.ZON,.dt,raw_gpr_trace,raw_trace,29051280,15de18f2b3c947e4056cddf46f73525ff8797565105d24a6e4ee9ddbb5ec3982,tunnel/PDS/YG/k36-37.ZON/LID10001.dt,external_assets/zenodo_gpr_14637589/extracted/Data Set/tunnel/PDS/YG/k36-37.ZON/LID10001.dt,<LOCAL_DATA_ROOT>\external_assets\zenodo_gpr_14637589\extracted\Data Set\tunnel\PDS\YG\k36-37.ZON\LID10001.dt,2026-08-11,False,public labelled or organized dataset; labels are visible before prediction freeze
zenodo_14637589,10.5281/zenodo.14637589,cc-by-4.0,zenodo_14637589_00903,tunnel,tunnel,PDS,tunnel/PDS,tunnel/PDS,K38-K37.ZON,.dt,raw_gpr_trace,raw_trace,32887776,8ab108c602ea2919b29a6d15e6fa1cf71552744ab3b3fbee22bbcf4e144ac121,tunnel/PDS/YG/K38-K37.ZON/LID10001.dt,external_assets/zenodo_gpr_14637589/extracted/Data Set/tunnel/PDS/YG/K38-K37.ZON/LID10001.dt,<LOCAL_DATA_ROOT>\external_assets\zenodo_gpr_14637589\extracted\Data Set\tunnel\PDS\YG\K38-K37.ZON\LID10001.dt,2026-08-11,False,public labelled or organized dataset; labels are visible before prediction freeze
zenodo_14637589,10.5281/zenodo.14637589,cc-by-4.0,zenodo_14637589_00904,tunnel,tunnel,PDS,tunnel/PDS,tunnel/PDS,K39-K38.ZON,.dt,raw_gpr_trace,raw_trace,34053528,12526df2331ffaa9737d52e9807e053e62bbb977c6aa183b29f45323adddbc3e,tunnel/PDS/YG/K39-K38.ZON/LID10001.dt,external_assets/zenodo_gpr_14637589/extracted/Data Set/tunnel/PDS/YG/K39-K38.ZON/LID10001.dt,<LOCAL_DATA_ROOT>\external_assets\zenodo_gpr_14637589\extracted\Data Set\tunnel\PDS\YG\K39-K38.ZON\LID10001.dt,2026-08-11,False,public labelled or organized dataset; labels are visible before prediction freeze
zenodo_14637589,10.5281/zenodo.14637589,cc-by-4.0,zenodo_14637589_00905,tunnel,tunnel,PDS,tunnel/PDS,tunnel/PDS,K40-K39.ZON,.dt,raw_gpr_trace,raw_trace,33514856,1cd152ea82bc4ce9bf50a297cea210681812fef7687951bbb929fc61784a167f,tunnel/PDS/YG/K40-K39.ZON/LID10001.dt,external_assets/zenodo_gpr_14637589/extracted/Data Set/tunnel/PDS/YG/K40-K39.ZON/LID10001.dt,<LOCAL_DATA_ROOT>\external_assets\zenodo_gpr_14637589\extracted\Data Set\tunnel\PDS\YG\K40-K39.ZON\LID10001.dt,2026-08-11,False,public labelled or organized dataset; labels are visible before prediction freeze
zenodo_14637589,10.5281/zenodo.14637589,cc-by-4.0,zenodo_14637589_00906,tunnel,tunnel,PDS,tunnel/PDS,tunnel/PDS,ZBQ,.srd,raw_gpr_trace,raw_trace,5514240,f283e17b8d98ce047d8b492201efb5eb59028bd3a392d29d284f0ad1c4e66da6,tunnel/PDS/ZBQ/GERfile322.srd,external_assets/zenodo_gpr_14637589/extracted/Data Set/tunnel/PDS/ZBQ/GERfile322.srd,<LOCAL_DATA_ROOT>\external_assets\zenodo_gpr_14637589\extracted\Data Set\tunnel\PDS\ZBQ\GERfile322.srd,2026-08-11,False,public labelled or organized dataset; labels are visible before prediction freeze
zenodo_14637589,10.5281/zenodo.14637589,cc-by-4.0,zenodo_14637589_00907,tunnel,tunnel,PDS,tunnel/PDS,tunnel/PDS,ZBQ,.srd,raw_gpr_trace,raw_trace,50186240,6f57533b10637a1740f85787d4c4d8a04da4fa6c28bff4d67898df06481d967d,tunnel/PDS/ZBQ/GERfile323.srd,external_assets/zenodo_gpr_14637589/extracted/Data Set/tunnel/PDS/ZBQ/GERfile323.srd,<LOCAL_DATA_ROOT>\external_assets\zenodo_gpr_14637589\extracted\Data Set\tunnel\PDS\ZBQ\GERfile323.srd,2026-08-11,False,public labelled or organized dataset; labels are visible before prediction freeze
zenodo_14637589,10.5281/zenodo.14637589,cc-by-4.0,zenodo_14637589_00908,tunnel,tunnel,PDS,tunnel/PDS,tunnel/PDS,ZBQ,.srd,raw_gpr_trace,raw_trace,49993728,26a8318c05c1085173ef4b5b6fd5d6fdcd268b893500d7ee8e39f4cabe38ffd6,tunnel/PDS/ZBQ/GERfile324.srd,external_assets/zenodo_gpr_14637589/extracted/Data Set/tunnel/PDS/ZBQ/GERfile324.srd,<LOCAL_DATA_ROOT>\external_assets\zenodo_gpr_14637589\extracted\Data Set\tunnel\PDS\ZBQ\GERfile324.srd,2026-08-11,False,public labelled or organized dataset; labels are visible before prediction freeze
zenodo_14637589,10.5281/zenodo.14637589,cc-by-4.0,zenodo_14637589_00909,tunnel,tunnel,PDS,tunnel/PDS,tunnel/PDS,ZBQ,.srd,raw_gpr_trace,raw_trace,49853440,85f75b4e7d46740f3491d0279c25a7427296fc8241da3e34d4e0f4b98f96013c,tunnel/PDS/ZBQ/GERfile325.srd,external_assets/zenodo_gpr_14637589/extracted/Data Set/tunnel/PDS/ZBQ/GERfile325.srd,<LOCAL_DATA_ROOT>\external_assets\zenodo_gpr_14637589\extracted\Data Set\tunnel\PDS\ZBQ\GERfile325.srd,2026-08-11,False,public labelled or organized dataset; labels are visible before prediction freeze
zenodo_14637589,10.5281/zenodo.14637589,cc-by-4.0,zenodo_14637589_00910,tunnel,tunnel,PDS,tunnel/PDS,tunnel/PDS,ZBQ,.srd,raw_gpr_trace,raw_trace,50420736,cd5bbc972ffd1af95a57fb9ff95266ab672ccaa56acc8fb162d3086da443680d,tunnel/PDS/ZBQ/GERfile357.srd,external_assets/zenodo_gpr_14637589/extracted/Data Set/tunnel/PDS/ZBQ/GERfile357.srd,<LOCAL_DATA_ROOT>\external_assets\zenodo_gpr_14637589\extracted\Data Set\tunnel\PDS\ZBQ\GERfile357.srd,2026-08-11,False,public labelled or organized dataset; labels are visible before prediction freeze
zenodo_14637589,10.5281/zenodo.14637589,cc-by-4.0,zenodo_14637589_00911,tunnel,tunnel,PDS,tunnel/PDS,tunnel/PDS,ZBQ,.srd,raw_gpr_trace,raw_trace,50419712,38dbd94ce87c83704f2f9c24935d53167e9204e2160c419a75e6315e52745481,tunnel/PDS/ZBQ/GERfile358.srd,external_assets/zenodo_gpr_14637589/extracted/Data Set/tunnel/PDS/ZBQ/GERfile358.srd,<LOCAL_DATA_ROOT>\external_assets\zenodo_gpr_14637589\extracted\Data Set\tunnel\PDS\ZBQ\GERfile358.srd,2026-08-11,False,public labelled or organized dataset; labels are visible before prediction freeze
zenodo_14637589,10.5281/zenodo.14637589,cc-by-4.0,zenodo_14637589_00912,tunnel,tunnel,PDS,tunnel/PDS,tunnel/PDS,ZBQ,.srd,raw_gpr_trace,raw_trace,50500608,2b546bd63860d6fb88013db89a5c3f52f3c6721ef0a7a2d76e0f28734146bd00,tunnel/PDS/ZBQ/GERfile359.srd,external_assets/zenodo_gpr_14637589/extracted/Data Set/tunnel/PDS/ZBQ/GERfile359.srd,<LOCAL_DATA_ROOT>\external_assets\zenodo_gpr_14637589\extracted\Data Set\tunnel\PDS\ZBQ\GERfile359.srd,2026-08-11,False,public labelled or organized dataset; labels are visible before prediction freeze
zenodo_14637589,10.5281/zenodo.14637589,cc-by-4.0,zenodo_14637589_00913,tunnel,tunnel,PDS,tunnel/PDS,tunnel/PDS,ZBQ,.srd,raw_gpr_trace,raw_trace,35791872,4c4edefd8deee6e9e8b890575efe2065dd6a607987bcf814476bb0922baff2a9,tunnel/PDS/ZBQ/GERfile360.srd,external_assets/zenodo_gpr_14637589/extracted/Data Set/tunnel/PDS/ZBQ/GERfile360.srd,<LOCAL_DATA_ROOT>\external_assets\zenodo_gpr_14637589\extracted\Data Set\tunnel\PDS\ZBQ\GERfile360.srd,2026-08-11,False,public labelled or organized dataset; labels are visible before prediction freeze
