dataset,protocol,sample_id,true_label,pred_label,correct
mojahid,random_stratified_70_15_15,mojahid:1_aug_13,cavity,utility,0
mojahid,random_stratified_70_15_15,mojahid:10_aug_8,intact,intact,1
mojahid,random_stratified_70_15_15,mojahid:15_aug_10,intact,intact,1
mojahid,random_stratified_70_15_15,mojahid:15_aug_11,intact,intact,1
mojahid,random_stratified_70_15_15,mojahid:15_aug_13,cavity,cavity,1
mojahid,random_stratified_70_15_15,mojahid:17_aug_9,intact,intact,1
mojahid,random_stratified_70_15_15,mojahid:18_aug_11,intact,intact,1
mojahid,random_stratified_70_15_15,mojahid:18_aug_9,intact,intact,1
mojahid,random_stratified_70_15_15,mojahid:2_aug_7,intact,intact,1
mojahid,random_stratified_70_15_15,mojahid:2_aug_8,intact,intact,1
mojahid,random_stratified_70_15_15,mojahid:20_aug_11,intact,intact,1
mojahid,random_stratified_70_15_15,mojahid:20_aug_12,intact,intact,1
mojahid,random_stratified_70_15_15,mojahid:21_aug_9,intact,intact,1
mojahid,random_stratified_70_15_15,mojahid:22_aug_10,cavity,cavity,1
mojahid,random_stratified_70_15_15,mojahid:22_aug_13,cavity,cavity,1
mojahid,random_stratified_70_15_15,mojahid:23_aug_8,intact,intact,1
mojahid,random_stratified_70_15_15,mojahid:24_aug_10,cavity,cavity,1
mojahid,random_stratified_70_15_15,mojahid:24_aug_12,cavity,cavity,1
mojahid,random_stratified_70_15_15,mojahid:24_aug_9,cavity,utility,0
mojahid,random_stratified_70_15_15,mojahid:25_aug_7,intact,intact,1
mojahid,random_stratified_70_15_15,mojahid:26_aug_7,intact,intact,1
mojahid,random_stratified_70_15_15,mojahid:27_aug_10,intact,cavity,0
mojahid,random_stratified_70_15_15,mojahid:27_aug_11,intact,intact,1
mojahid,random_stratified_70_15_15,mojahid:29_aug_13,cavity,cavity,1
mojahid,random_stratified_70_15_15,mojahid:29_aug_7,cavity,cavity,1
mojahid,random_stratified_70_15_15,mojahid:3_aug_13,cavity,cavity,1
mojahid,random_stratified_70_15_15,mojahid:32_aug_12,intact,intact,1
mojahid,random_stratified_70_15_15,mojahid:33_aug_11,cavity,cavity,1
mojahid,random_stratified_70_15_15,mojahid:33_aug_13,cavity,cavity,1
mojahid,random_stratified_70_15_15,mojahid:36_aug_12,intact,intact,1
mojahid,random_stratified_70_15_15,mojahid:37_aug_12,intact,intact,1
mojahid,random_stratified_70_15_15,mojahid:39_aug_8,intact,intact,1
mojahid,random_stratified_70_15_15,mojahid:39_aug_9,intact,intact,1
mojahid,random_stratified_70_15_15,mojahid:4_aug_13,cavity,intact,0
mojahid,random_stratified_70_15_15,mojahid:41_aug_10,intact,intact,1
mojahid,random_stratified_70_15_15,mojahid:42_aug_7,intact,intact,1
mojahid,random_stratified_70_15_15,mojahid:43_aug_13,cavity,cavity,1
mojahid,random_stratified_70_15_15,mojahid:43_aug_9,intact,intact,1
mojahid,random_stratified_70_15_15,mojahid:44_aug_8,intact,intact,1
mojahid,random_stratified_70_15_15,mojahid:44_aug_9,intact,intact,1
mojahid,random_stratified_70_15_15,mojahid:45_aug_12,intact,intact,1
mojahid,random_stratified_70_15_15,mojahid:45_aug_13,cavity,cavity,1
mojahid,random_stratified_70_15_15,mojahid:45_aug_7,intact,intact,1
mojahid,random_stratified_70_15_15,mojahid:46_aug_7,cavity,cavity,1
mojahid,random_stratified_70_15_15,mojahid:48_aug_12,cavity,intact,0
mojahid,random_stratified_70_15_15,mojahid:48_aug_13,cavity,cavity,1
mojahid,random_stratified_70_15_15,mojahid:5_aug_10,intact,intact,1
mojahid,random_stratified_70_15_15,mojahid:5_aug_12,intact,intact,1
mojahid,random_stratified_70_15_15,mojahid:50_aug_10,cavity,cavity,1
mojahid,random_stratified_70_15_15,mojahid:52_aug_11,cavity,utility,0
mojahid,random_stratified_70_15_15,mojahid:55_aug_10,cavity,cavity,1
mojahid,random_stratified_70_15_15,mojahid:55_aug_9,cavity,cavity,1
mojahid,random_stratified_70_15_15,mojahid:56_aug_8,cavity,cavity,1
mojahid,random_stratified_70_15_15,mojahid:58_aug_13,cavity,intact,0
mojahid,random_stratified_70_15_15,mojahid:58_aug_7,cavity,cavity,1
mojahid,random_stratified_70_15_15,mojahid:58_aug_8,cavity,intact,0
mojahid,random_stratified_70_15_15,mojahid:59_aug_11,cavity,cavity,1
mojahid,random_stratified_70_15_15,mojahid:6_aug_13,cavity,cavity,1
mojahid,random_stratified_70_15_15,mojahid:60_aug_10,cavity,cavity,1
mojahid,random_stratified_70_15_15,mojahid:61_aug_10,cavity,cavity,1
mojahid,random_stratified_70_15_15,mojahid:61_aug_7,cavity,intact,0
mojahid,random_stratified_70_15_15,mojahid:62_aug_13,cavity,cavity,1
mojahid,random_stratified_70_15_15,mojahid:62_aug_9,cavity,cavity,1
mojahid,random_stratified_70_15_15,mojahid:63_aug_8,cavity,cavity,1
mojahid,random_stratified_70_15_15,mojahid:64_aug_11,cavity,intact,0
mojahid,random_stratified_70_15_15,mojahid:64_aug_12,cavity,cavity,1
mojahid,random_stratified_70_15_15,mojahid:66_aug_11,cavity,intact,0
mojahid,random_stratified_70_15_15,mojahid:66_aug_12,cavity,cavity,1
mojahid,random_stratified_70_15_15,mojahid:68_aug_7,cavity,cavity,1
mojahid,random_stratified_70_15_15,mojahid:68_aug_8,cavity,cavity,1
mojahid,random_stratified_70_15_15,mojahid:7_aug_12,intact,intact,1
mojahid,random_stratified_70_15_15,mojahid:72_aug_12,cavity,cavity,1
mojahid,random_stratified_70_15_15,mojahid:72_aug_8,cavity,intact,0
mojahid,random_stratified_70_15_15,mojahid:73_aug_11,cavity,intact,0
mojahid,random_stratified_70_15_15,mojahid:73_aug_8,cavity,intact,0
mojahid,random_stratified_70_15_15,mojahid:74_aug_12,cavity,intact,0
mojahid,random_stratified_70_15_15,mojahid:74_aug_7,cavity,cavity,1
mojahid,random_stratified_70_15_15,mojahid:76_aug_13,cavity,cavity,1
mojahid,random_stratified_70_15_15,mojahid:77_aug_11,cavity,cavity,1
mojahid,random_stratified_70_15_15,mojahid:77_aug_7,cavity,cavity,1
mojahid,random_stratified_70_15_15,mojahid:8_aug_10,intact,intact,1
mojahid,random_stratified_70_15_15,mojahid:80_aug_10,cavity,cavity,1
mojahid,random_stratified_70_15_15,mojahid:9_aug_12,intact,intact,1
mojahid,random_stratified_70_15_15,mojahid:1 (2)_aug_12,intact,intact,1
mojahid,random_stratified_70_15_15,mojahid:1 (2)_aug_6,intact,intact,1
mojahid,random_stratified_70_15_15,mojahid:1 (2)_aug_8,intact,intact,1
mojahid,random_stratified_70_15_15,mojahid:1_aug_1,intact,intact,1
mojahid,random_stratified_70_15_15,mojahid:10 (2)_aug_12,intact,intact,1
mojahid,random_stratified_70_15_15,mojahid:10_aug_8,intact,intact,1
mojahid,random_stratified_70_15_15,mojahid:11 (2)_aug_11,intact,intact,1
mojahid,random_stratified_70_15_15,mojahid:12 (2)_aug_4,intact,intact,1
mojahid,random_stratified_70_15_15,mojahid:12_aug_3,intact,intact,1
mojahid,random_stratified_70_15_15,mojahid:12_aug_5,intact,intact,1
mojahid,random_stratified_70_15_15,mojahid:13 (2)_aug_1,intact,intact,1
mojahid,random_stratified_70_15_15,mojahid:13 (2)_aug_3,intact,intact,1
mojahid,random_stratified_70_15_15,mojahid:13 (2)_aug_4,intact,intact,1
mojahid,random_stratified_70_15_15,mojahid:13_aug_2,intact,intact,1
mojahid,random_stratified_70_15_15,mojahid:14 (2)_aug_1,intact,intact,1
mojahid,random_stratified_70_15_15,mojahid:14 (2)_aug_9,intact,intact,1
mojahid,random_stratified_70_15_15,mojahid:15 (2)_aug_2,intact,intact,1
mojahid,random_stratified_70_15_15,mojahid:15 (2)_aug_6,intact,intact,1
mojahid,random_stratified_70_15_15,mojahid:15 (2)_aug_8,intact,intact,1
mojahid,random_stratified_70_15_15,mojahid:15_aug_10,intact,intact,1
mojahid,random_stratified_70_15_15,mojahid:15_aug_11,intact,intact,1
mojahid,random_stratified_70_15_15,mojahid:15_aug_2,intact,intact,1
mojahid,random_stratified_70_15_15,mojahid:15_aug_5,intact,intact,1
mojahid,random_stratified_70_15_15,mojahid:15_aug_6,intact,intact,1
mojahid,random_stratified_70_15_15,mojahid:16 (2)_aug_10,intact,intact,1
mojahid,random_stratified_70_15_15,mojahid:16 (2)_aug_3,intact,intact,1
mojahid,random_stratified_70_15_15,mojahid:16 (2)_aug_6,intact,intact,1
mojahid,random_stratified_70_15_15,mojahid:16 (2)_aug_7,intact,intact,1
mojahid,random_stratified_70_15_15,mojahid:16_aug_3,intact,intact,1
mojahid,random_stratified_70_15_15,mojahid:16_aug_4,intact,intact,1
mojahid,random_stratified_70_15_15,mojahid:16_aug_6,intact,intact,1
mojahid,random_stratified_70_15_15,mojahid:17 (2)_aug_11,intact,intact,1
mojahid,random_stratified_70_15_15,mojahid:17 (2)_aug_12,intact,intact,1
mojahid,random_stratified_70_15_15,mojahid:17 (2)_aug_2,intact,intact,1
mojahid,random_stratified_70_15_15,mojahid:17 (2)_aug_3,intact,intact,1
mojahid,random_stratified_70_15_15,mojahid:17_aug_9,intact,intact,1
mojahid,random_stratified_70_15_15,mojahid:18 (2)_aug_6,intact,intact,1
mojahid,random_stratified_70_15_15,mojahid:18_aug_1,intact,intact,1
mojahid,random_stratified_70_15_15,mojahid:18_aug_11,intact,intact,1
mojahid,random_stratified_70_15_15,mojahid:18_aug_5,intact,intact,1
mojahid,random_stratified_70_15_15,mojahid:18_aug_6,intact,intact,1
mojahid,random_stratified_70_15_15,mojahid:18_aug_9,intact,intact,1
mojahid,random_stratified_70_15_15,mojahid:19 (2)_aug_3,intact,intact,1
mojahid,random_stratified_70_15_15,mojahid:19 (2)_aug_5,intact,intact,1
mojahid,random_stratified_70_15_15,mojahid:19_aug_5,intact,intact,1
mojahid,random_stratified_70_15_15,mojahid:2 (2)_aug_4,intact,intact,1
mojahid,random_stratified_70_15_15,mojahid:2 (2)_aug_6,intact,intact,1
mojahid,random_stratified_70_15_15,mojahid:2_aug_2,intact,intact,1
mojahid,random_stratified_70_15_15,mojahid:2_aug_7,intact,intact,1
mojahid,random_stratified_70_15_15,mojahid:2_aug_8,intact,intact,1
mojahid,random_stratified_70_15_15,mojahid:20 (2)_aug_2,intact,intact,1
mojahid,random_stratified_70_15_15,mojahid:20 (2)_aug_7,intact,intact,1
mojahid,random_stratified_70_15_15,mojahid:20_aug_11,intact,intact,1
mojahid,random_stratified_70_15_15,mojahid:20_aug_12,intact,intact,1
mojahid,random_stratified_70_15_15,mojahid:20_aug_3,intact,intact,1
mojahid,random_stratified_70_15_15,mojahid:20_aug_4,intact,intact,1
mojahid,random_stratified_70_15_15,mojahid:20_aug_6,intact,intact,1
mojahid,random_stratified_70_15_15,mojahid:21_aug_1,intact,intact,1
mojahid,random_stratified_70_15_15,mojahid:21_aug_9,intact,intact,1
mojahid,random_stratified_70_15_15,mojahid:23 (2)_aug_10,intact,intact,1
mojahid,random_stratified_70_15_15,mojahid:23_aug_2,intact,intact,1
mojahid,random_stratified_70_15_15,mojahid:23_aug_8,intact,intact,1
mojahid,random_stratified_70_15_15,mojahid:25 (2)_aug_4,intact,intact,1
mojahid,random_stratified_70_15_15,mojahid:25 (2)_aug_7,intact,intact,1
mojahid,random_stratified_70_15_15,mojahid:25_aug_3,intact,intact,1
mojahid,random_stratified_70_15_15,mojahid:25_aug_7,intact,intact,1
mojahid,random_stratified_70_15_15,mojahid:26 (2)_aug_10,intact,utility,0
mojahid,random_stratified_70_15_15,mojahid:26 (2)_aug_11,intact,intact,1
mojahid,random_stratified_70_15_15,mojahid:26 (2)_aug_3,intact,intact,1
mojahid,random_stratified_70_15_15,mojahid:26_aug_7,intact,intact,1
mojahid,random_stratified_70_15_15,mojahid:27 (2)_aug_4,intact,cavity,0
mojahid,random_stratified_70_15_15,mojahid:27_aug_10,intact,cavity,0
mojahid,random_stratified_70_15_15,mojahid:27_aug_11,intact,intact,1
mojahid,random_stratified_70_15_15,mojahid:28 (2)_aug_10,intact,intact,1
mojahid,random_stratified_70_15_15,mojahid:28 (2)_aug_12,intact,intact,1
mojahid,random_stratified_70_15_15,mojahid:28_aug_1,intact,intact,1
mojahid,random_stratified_70_15_15,mojahid:28_aug_3,intact,intact,1
mojahid,random_stratified_70_15_15,mojahid:3 (2)_aug_10,intact,intact,1
mojahid,random_stratified_70_15_15,mojahid:3 (2)_aug_2,intact,intact,1
mojahid,random_stratified_70_15_15,mojahid:3_aug_2,intact,intact,1
mojahid,random_stratified_70_15_15,mojahid:31_aug_2,intact,intact,1
mojahid,random_stratified_70_15_15,mojahid:32 (2)_aug_1,intact,intact,1
mojahid,random_stratified_70_15_15,mojahid:32 (2)_aug_12,intact,intact,1
mojahid,random_stratified_70_15_15,mojahid:32_aug_12,intact,intact,1
mojahid,random_stratified_70_15_15,mojahid:32_aug_2,intact,intact,1
mojahid,random_stratified_70_15_15,mojahid:36 (2)_aug_3,intact,intact,1
mojahid,random_stratified_70_15_15,mojahid:36 (2)_aug_6,intact,intact,1
mojahid,random_stratified_70_15_15,mojahid:36 (2)_aug_9,intact,intact,1
mojahid,random_stratified_70_15_15,mojahid:36_aug_12,intact,intact,1
mojahid,random_stratified_70_15_15,mojahid:36_aug_2,intact,intact,1
mojahid,random_stratified_70_15_15,mojahid:37_aug_12,intact,intact,1
mojahid,random_stratified_70_15_15,mojahid:37_aug_2,intact,intact,1
mojahid,random_stratified_70_15_15,mojahid:38_aug_1,intact,intact,1
mojahid,random_stratified_70_15_15,mojahid:38_aug_2,intact,intact,1
mojahid,random_stratified_70_15_15,mojahid:39 (2)_aug_10,intact,utility,0
mojahid,random_stratified_70_15_15,mojahid:39 (2)_aug_11,intact,intact,1
mojahid,random_stratified_70_15_15,mojahid:39 (2)_aug_3,intact,intact,1
mojahid,random_stratified_70_15_15,mojahid:39 (2)_aug_6,intact,intact,1
mojahid,random_stratified_70_15_15,mojahid:39_aug_8,intact,intact,1
mojahid,random_stratified_70_15_15,mojahid:39_aug_9,intact,intact,1
mojahid,random_stratified_70_15_15,mojahid:4 (2)_aug_10,intact,intact,1
mojahid,random_stratified_70_15_15,mojahid:4 (2)_aug_3,intact,intact,1
mojahid,random_stratified_70_15_15,mojahid:40 (2)_aug_12,intact,intact,1
mojahid,random_stratified_70_15_15,mojahid:40 (2)_aug_2,intact,intact,1
mojahid,random_stratified_70_15_15,mojahid:40_aug_4,intact,cavity,0
mojahid,random_stratified_70_15_15,mojahid:41_aug_10,intact,intact,1
mojahid,random_stratified_70_15_15,mojahid:41_aug_2,intact,intact,1
mojahid,random_stratified_70_15_15,mojahid:42 (2)_aug_10,intact,intact,1
mojahid,random_stratified_70_15_15,mojahid:42 (2)_aug_12,intact,intact,1
mojahid,random_stratified_70_15_15,mojahid:42 (2)_aug_2,intact,utility,0
mojahid,random_stratified_70_15_15,mojahid:42 (2)_aug_7,intact,intact,1
mojahid,random_stratified_70_15_15,mojahid:42_aug_5,intact,intact,1
mojahid,random_stratified_70_15_15,mojahid:42_aug_7,intact,intact,1
mojahid,random_stratified_70_15_15,mojahid:43 (2)_aug_10,intact,intact,1
mojahid,random_stratified_70_15_15,mojahid:43_aug_9,intact,intact,1
mojahid,random_stratified_70_15_15,mojahid:44_aug_8,intact,intact,1
mojahid,random_stratified_70_15_15,mojahid:44_aug_9,intact,intact,1
mojahid,random_stratified_70_15_15,mojahid:45 (2)_aug_12,intact,intact,1
mojahid,random_stratified_70_15_15,mojahid:45 (2)_aug_4,intact,cavity,0
mojahid,random_stratified_70_15_15,mojahid:45_aug_12,intact,intact,1
mojahid,random_stratified_70_15_15,mojahid:45_aug_3,intact,intact,1
mojahid,random_stratified_70_15_15,mojahid:45_aug_4,intact,intact,1
mojahid,random_stratified_70_15_15,mojahid:45_aug_7,intact,intact,1
mojahid,random_stratified_70_15_15,mojahid:5 (2)_aug_5,intact,intact,1
mojahid,random_stratified_70_15_15,mojahid:5_aug_10,intact,intact,1
mojahid,random_stratified_70_15_15,mojahid:5_aug_12,intact,intact,1
mojahid,random_stratified_70_15_15,mojahid:5_aug_5,intact,intact,1
mojahid,random_stratified_70_15_15,mojahid:6 (2)_aug_2,intact,intact,1
mojahid,random_stratified_70_15_15,mojahid:6 (2)_aug_4,intact,intact,1
mojahid,random_stratified_70_15_15,mojahid:6_aug_3,intact,intact,1
mojahid,random_stratified_70_15_15,mojahid:7_aug_12,intact,intact,1
mojahid,random_stratified_70_15_15,mojahid:8 (2)_aug_4,intact,intact,1
mojahid,random_stratified_70_15_15,mojahid:8 (2)_aug_5,intact,intact,1
mojahid,random_stratified_70_15_15,mojahid:8_aug_1,intact,intact,1
mojahid,random_stratified_70_15_15,mojahid:8_aug_10,intact,intact,1
mojahid,random_stratified_70_15_15,mojahid:9 (2)_aug_9,intact,intact,1
mojahid,random_stratified_70_15_15,mojahid:9_aug_1,intact,intact,1
mojahid,random_stratified_70_15_15,mojahid:9_aug_12,intact,intact,1
mojahid,random_stratified_70_15_15,mojahid:001_aug_3,utility,utility,1
mojahid,random_stratified_70_15_15,mojahid:007_aug_1,utility,utility,1
mojahid,random_stratified_70_15_15,mojahid:008_aug_3,utility,utility,1
mojahid,random_stratified_70_15_15,mojahid:009_aug_3,utility,utility,1
mojahid,random_stratified_70_15_15,mojahid:011_aug_1,utility,utility,1
mojahid,random_stratified_70_15_15,mojahid:011_aug_3,utility,utility,1
mojahid,random_stratified_70_15_15,mojahid:012_aug_5,utility,utility,1
mojahid,random_stratified_70_15_15,mojahid:012_aug_6,utility,utility,1
mojahid,random_stratified_70_15_15,mojahid:013_aug_4,utility,utility,1
mojahid,random_stratified_70_15_15,mojahid:015_aug_2,utility,utility,1
mojahid,random_stratified_70_15_15,mojahid:015_aug_6,utility,utility,1
mojahid,random_stratified_70_15_15,mojahid:016_aug_1,utility,utility,1
mojahid,random_stratified_70_15_15,mojahid:023_aug_1,utility,utility,1
mojahid,random_stratified_70_15_15,mojahid:023_aug_3,utility,utility,1
mojahid,random_stratified_70_15_15,mojahid:026_aug_3,utility,cavity,0
mojahid,random_stratified_70_15_15,mojahid:026_aug_6,utility,utility,1
mojahid,random_stratified_70_15_15,mojahid:027_aug_1,utility,utility,1
mojahid,random_stratified_70_15_15,mojahid:027_aug_2,utility,utility,1
mojahid,random_stratified_70_15_15,mojahid:027_aug_3,utility,utility,1
mojahid,random_stratified_70_15_15,mojahid:029_aug_2,utility,utility,1
mojahid,random_stratified_70_15_15,mojahid:031_aug_2,utility,utility,1
mojahid,random_stratified_70_15_15,mojahid:032_aug_2,utility,utility,1
mojahid,random_stratified_70_15_15,mojahid:032_aug_3,utility,intact,0
mojahid,random_stratified_70_15_15,mojahid:033_aug_4,utility,utility,1
mojahid,random_stratified_70_15_15,mojahid:034_aug_5,utility,utility,1
mojahid,random_stratified_70_15_15,mojahid:036_aug_1,utility,utility,1
mojahid,random_stratified_70_15_15,mojahid:037_aug_6,utility,utility,1
mojahid,random_stratified_70_15_15,mojahid:044_aug_1,utility,utility,1
mojahid,random_stratified_70_15_15,mojahid:046_aug_4,utility,utility,1
mojahid,random_stratified_70_15_15,mojahid:055_aug_2,utility,utility,1
mojahid,random_stratified_70_15_15,mojahid:059_aug_4,utility,utility,1
mojahid,random_stratified_70_15_15,mojahid:060_aug_2,utility,utility,1
mojahid,random_stratified_70_15_15,mojahid:060_aug_6,utility,utility,1
mojahid,random_stratified_70_15_15,mojahid:061_aug_4,utility,utility,1
mojahid,random_stratified_70_15_15,mojahid:062_aug_1,utility,utility,1
mojahid,random_stratified_70_15_15,mojahid:062_aug_2,utility,utility,1
mojahid,random_stratified_70_15_15,mojahid:064_aug_4,utility,utility,1
mojahid,random_stratified_70_15_15,mojahid:064_aug_5,utility,utility,1
mojahid,random_stratified_70_15_15,mojahid:065_aug_2,utility,utility,1
mojahid,random_stratified_70_15_15,mojahid:073_aug_6,utility,utility,1
mojahid,random_stratified_70_15_15,mojahid:083_aug_3,utility,utility,1
mojahid,random_stratified_70_15_15,mojahid:083_aug_5,utility,utility,1
mojahid,random_stratified_70_15_15,mojahid:091_aug_2,utility,utility,1
mojahid,random_stratified_70_15_15,mojahid:091_aug_3,utility,utility,1
mojahid,random_stratified_70_15_15,mojahid:102_aug_3,utility,utility,1
mojahid,random_stratified_70_15_15,mojahid:102_aug_4,utility,utility,1
mojahid,random_stratified_70_15_15,mojahid:102_aug_6,utility,utility,1
mojahid,random_stratified_70_15_15,mojahid:103_aug_4,utility,utility,1
mojahid,random_stratified_70_15_15,mojahid:106_aug_3,utility,utility,1
mojahid,random_stratified_70_15_15,mojahid:106_aug_6,utility,utility,1
mojahid,random_stratified_70_15_15,mojahid:110_aug_5,utility,cavity,0
mojahid,random_stratified_70_15_15,mojahid:115_aug_1,utility,utility,1
mojahid,random_stratified_70_15_15,mojahid:121_aug_3,utility,utility,1
mojahid,random_stratified_70_15_15,mojahid:128_aug_4,utility,intact,0
mojahid,random_stratified_70_15_15,mojahid:132_aug_4,utility,utility,1
mojahid,random_stratified_70_15_15,mojahid:133_aug_1,utility,cavity,0
mojahid,random_stratified_70_15_15,mojahid:133_aug_3,utility,utility,1
mojahid,random_stratified_70_15_15,mojahid:139_aug_2,utility,intact,0
mojahid,random_stratified_70_15_15,mojahid:141_aug_3,utility,utility,1
mojahid,random_stratified_70_15_15,mojahid:142_aug_2,utility,utility,1
mojahid,random_stratified_70_15_15,mojahid:142_aug_3,utility,cavity,0
mojahid,random_stratified_70_15_15,mojahid:143_aug_5,utility,cavity,0
mojahid,random_stratified_70_15_15,mojahid:143_aug_6,utility,utility,1
mojahid,random_stratified_70_15_15,mojahid:151_aug_6,utility,utility,1
mojahid,random_stratified_70_15_15,mojahid:152_aug_3,utility,utility,1
mojahid,random_stratified_70_15_15,mojahid:156_aug_4,utility,utility,1
mojahid,random_stratified_70_15_15,mojahid:159_aug_4,utility,utility,1
mojahid,random_stratified_70_15_15,mojahid:159_aug_6,utility,utility,1
mojahid,random_stratified_70_15_15,mojahid:161_aug_5,utility,utility,1
mojahid,random_stratified_70_15_15,mojahid:164_aug_1,utility,utility,1
mojahid,random_stratified_70_15_15,mojahid:166_aug_5,utility,utility,1
mojahid,random_stratified_70_15_15,mojahid:166_aug_6,utility,utility,1
mojahid,random_stratified_70_15_15,mojahid:168_aug_4,utility,utility,1
mojahid,random_stratified_70_15_15,mojahid:170_aug_3,utility,utility,1
mojahid,random_stratified_70_15_15,mojahid:170_aug_4,utility,utility,1
mojahid,random_stratified_70_15_15,mojahid:170_aug_6,utility,utility,1
mojahid,random_stratified_70_15_15,mojahid:175_aug_2,utility,utility,1
mojahid,random_stratified_70_15_15,mojahid:175_aug_6,utility,utility,1
mojahid,random_stratified_70_15_15,mojahid:176_aug_2,utility,utility,1
mojahid,random_stratified_70_15_15,mojahid:177_aug_6,utility,utility,1
mojahid,random_stratified_70_15_15,mojahid:181_aug_6,utility,utility,1
mojahid,random_stratified_70_15_15,mojahid:183_aug_1,utility,utility,1
mojahid,random_stratified_70_15_15,mojahid:188_aug_1,utility,cavity,0
mojahid,random_stratified_70_15_15,mojahid:194_aug_2,utility,cavity,0
mojahid,random_stratified_70_15_15,mojahid:198_aug_1,utility,intact,0
mojahid,random_stratified_70_15_15,mojahid:198_aug_3,utility,intact,0
mojahid,random_stratified_70_15_15,mojahid:201_aug_5,utility,utility,1
mojahid,random_stratified_70_15_15,mojahid:204_aug_4,utility,utility,1
mojahid,random_stratified_70_15_15,mojahid:206_aug_6,utility,utility,1
mojahid,random_stratified_70_15_15,mojahid:209_aug_1,utility,utility,1
mojahid,random_stratified_70_15_15,mojahid:209_aug_4,utility,utility,1
mojahid,random_stratified_70_15_15,mojahid:214_aug_3,utility,utility,1
mojahid,random_stratified_70_15_15,mojahid:214_aug_5,utility,utility,1
mojahid,random_stratified_70_15_15,mojahid:225_aug_6,utility,utility,1
mojahid,random_stratified_70_15_15,mojahid:228_aug_3,utility,utility,1
mojahid,random_stratified_70_15_15,mojahid:229_aug_1,utility,cavity,0
mojahid,random_stratified_70_15_15,mojahid:229_aug_3,utility,intact,0
mojahid,random_stratified_70_15_15,mojahid:229_aug_4,utility,utility,1
mojahid,random_stratified_70_15_15,mojahid:229_aug_5,utility,utility,1
mojahid,random_stratified_70_15_15,mojahid:237_aug_1,utility,cavity,0
mojahid,random_stratified_70_15_15,mojahid:239_aug_1,utility,cavity,0
mojahid,random_stratified_70_15_15,mojahid:242_aug_2,utility,utility,1
mojahid,random_stratified_70_15_15,mojahid:245_aug_4,utility,utility,1
mojahid,random_stratified_70_15_15,mojahid:245_aug_5,utility,utility,1
mojahid,random_stratified_70_15_15,mojahid:246_aug_1,utility,utility,1
mojahid,random_stratified_70_15_15,mojahid:248_aug_5,utility,utility,1
mojahid,random_stratified_70_15_15,mojahid:248_aug_6,utility,utility,1
mojahid,random_stratified_70_15_15,mojahid:263_aug_1,utility,utility,1
mojahid,random_stratified_70_15_15,mojahid:263_aug_5,utility,utility,1
mojahid,random_stratified_70_15_15,mojahid:265_aug_2,utility,utility,1
mojahid,random_stratified_70_15_15,mojahid:266_aug_4,utility,utility,1
mojahid,random_stratified_70_15_15,mojahid:281_aug_2,utility,utility,1
mojahid,random_stratified_70_15_15,mojahid:289_aug_6,utility,utility,1
mojahid,random_stratified_70_15_15,mojahid:301_aug_6,utility,utility,1
mojahid,random_stratified_70_15_15,mojahid:304_aug_6,utility,utility,1
mojahid,random_stratified_70_15_15,mojahid:308_aug_1,utility,cavity,0
mojahid,random_stratified_70_15_15,mojahid:308_aug_6,utility,utility,1
mojahid,random_stratified_70_15_15,mojahid:309_aug_2,utility,utility,1
mojahid,random_stratified_70_15_15,mojahid:35,cavity,cavity,1
mojahid,random_stratified_70_15_15,mojahid:4,intact,intact,1
mojahid,random_stratified_70_15_15,mojahid:45,intact,intact,1
mojahid,random_stratified_70_15_15,mojahid:50,cavity,utility,0
mojahid,random_stratified_70_15_15,mojahid:53,cavity,cavity,1
mojahid,random_stratified_70_15_15,mojahid:58,cavity,cavity,1
mojahid,random_stratified_70_15_15,mojahid:6,intact,intact,1
mojahid,random_stratified_70_15_15,mojahid:61,cavity,intact,0
mojahid,random_stratified_70_15_15,mojahid:63,cavity,cavity,1
mojahid,random_stratified_70_15_15,mojahid:67,cavity,cavity,1
mojahid,random_stratified_70_15_15,mojahid:68,cavity,cavity,1
mojahid,random_stratified_70_15_15,mojahid:73,cavity,cavity,1
mojahid,random_stratified_70_15_15,mojahid:75,cavity,cavity,1
mojahid,random_stratified_70_15_15,mojahid:12 (2),intact,intact,1
mojahid,random_stratified_70_15_15,mojahid:15 (2),intact,intact,1
mojahid,random_stratified_70_15_15,mojahid:23 (2),intact,intact,1
mojahid,random_stratified_70_15_15,mojahid:36 (2),intact,intact,1
mojahid,random_stratified_70_15_15,mojahid:4,intact,intact,1
mojahid,random_stratified_70_15_15,mojahid:45,intact,intact,1
mojahid,random_stratified_70_15_15,mojahid:6,intact,intact,1
mojahid,random_stratified_70_15_15,mojahid:8 (2),intact,intact,1
mojahid,random_stratified_70_15_15,mojahid:007,utility,utility,1
mojahid,random_stratified_70_15_15,mojahid:011,utility,utility,1
mojahid,random_stratified_70_15_15,mojahid:016,utility,intact,0
mojahid,random_stratified_70_15_15,mojahid:029,utility,utility,1
mojahid,random_stratified_70_15_15,mojahid:068,utility,utility,1
mojahid,random_stratified_70_15_15,mojahid:071,utility,utility,1
mojahid,random_stratified_70_15_15,mojahid:098,utility,utility,1
mojahid,random_stratified_70_15_15,mojahid:110,utility,utility,1
mojahid,random_stratified_70_15_15,mojahid:133,utility,utility,1
mojahid,random_stratified_70_15_15,mojahid:150,utility,utility,1
mojahid,random_stratified_70_15_15,mojahid:153,utility,utility,1
mojahid,random_stratified_70_15_15,mojahid:164,utility,utility,1
mojahid,random_stratified_70_15_15,mojahid:181,utility,utility,1
mojahid,random_stratified_70_15_15,mojahid:194,utility,utility,1
mojahid,random_stratified_70_15_15,mojahid:206,utility,utility,1
mojahid,random_stratified_70_15_15,mojahid:208,utility,utility,1
mojahid,random_stratified_70_15_15,mojahid:214,utility,utility,1
mojahid,random_stratified_70_15_15,mojahid:215,utility,utility,1
mojahid,random_stratified_70_15_15,mojahid:234,utility,utility,1
mojahid,random_stratified_70_15_15,mojahid:246,utility,utility,1
mojahid,existing_fold_p2,mojahid:16_aug_10,intact,intact,1
mojahid,existing_fold_p2,mojahid:16_aug_11,intact,intact,1
mojahid,existing_fold_p2,mojahid:16_aug_12,intact,intact,1
mojahid,existing_fold_p2,mojahid:16_aug_13,cavity,utility,0
mojahid,existing_fold_p2,mojahid:16_aug_7,intact,intact,1
mojahid,existing_fold_p2,mojahid:16_aug_8,intact,intact,1
mojahid,existing_fold_p2,mojahid:16_aug_9,intact,intact,1
mojahid,existing_fold_p2,mojahid:17_aug_10,intact,intact,1
mojahid,existing_fold_p2,mojahid:17_aug_11,intact,intact,1
mojahid,existing_fold_p2,mojahid:17_aug_12,intact,intact,1
mojahid,existing_fold_p2,mojahid:17_aug_13,cavity,utility,0
mojahid,existing_fold_p2,mojahid:17_aug_7,intact,intact,1
mojahid,existing_fold_p2,mojahid:17_aug_8,intact,intact,1
mojahid,existing_fold_p2,mojahid:17_aug_9,intact,intact,1
mojahid,existing_fold_p2,mojahid:18_aug_10,intact,intact,1
mojahid,existing_fold_p2,mojahid:18_aug_11,intact,intact,1
mojahid,existing_fold_p2,mojahid:18_aug_12,intact,intact,1
mojahid,existing_fold_p2,mojahid:18_aug_13,cavity,utility,0
mojahid,existing_fold_p2,mojahid:18_aug_7,intact,intact,1
mojahid,existing_fold_p2,mojahid:18_aug_8,intact,intact,1
mojahid,existing_fold_p2,mojahid:18_aug_9,intact,intact,1
mojahid,existing_fold_p2,mojahid:22_aug_10,cavity,cavity,1
mojahid,existing_fold_p2,mojahid:22_aug_11,cavity,utility,0
mojahid,existing_fold_p2,mojahid:22_aug_12,cavity,cavity,1
mojahid,existing_fold_p2,mojahid:22_aug_13,cavity,utility,0
mojahid,existing_fold_p2,mojahid:22_aug_7,cavity,utility,0
mojahid,existing_fold_p2,mojahid:22_aug_8,cavity,utility,0
mojahid,existing_fold_p2,mojahid:22_aug_9,cavity,cavity,1
mojahid,existing_fold_p2,mojahid:23_aug_10,intact,intact,1
mojahid,existing_fold_p2,mojahid:23_aug_11,intact,cavity,0
mojahid,existing_fold_p2,mojahid:23_aug_12,intact,intact,1
mojahid,existing_fold_p2,mojahid:23_aug_13,cavity,intact,0
mojahid,existing_fold_p2,mojahid:23_aug_7,intact,intact,1
mojahid,existing_fold_p2,mojahid:23_aug_8,intact,intact,1
mojahid,existing_fold_p2,mojahid:23_aug_9,intact,intact,1
mojahid,existing_fold_p2,mojahid:3_aug_10,intact,intact,1
mojahid,existing_fold_p2,mojahid:3_aug_11,intact,intact,1
mojahid,existing_fold_p2,mojahid:3_aug_12,intact,intact,1
mojahid,existing_fold_p2,mojahid:3_aug_13,cavity,utility,0
mojahid,existing_fold_p2,mojahid:3_aug_7,intact,intact,1
mojahid,existing_fold_p2,mojahid:3_aug_8,intact,intact,1
mojahid,existing_fold_p2,mojahid:3_aug_9,intact,intact,1
mojahid,existing_fold_p2,mojahid:46_aug_10,cavity,utility,0
mojahid,existing_fold_p2,mojahid:46_aug_11,cavity,utility,0
mojahid,existing_fold_p2,mojahid:46_aug_12,cavity,utility,0
mojahid,existing_fold_p2,mojahid:46_aug_13,cavity,utility,0
mojahid,existing_fold_p2,mojahid:46_aug_7,cavity,utility,0
mojahid,existing_fold_p2,mojahid:46_aug_8,cavity,utility,0
mojahid,existing_fold_p2,mojahid:46_aug_9,cavity,utility,0
mojahid,existing_fold_p2,mojahid:48_aug_10,cavity,intact,0
mojahid,existing_fold_p2,mojahid:48_aug_11,cavity,intact,0
mojahid,existing_fold_p2,mojahid:48_aug_12,cavity,intact,0
mojahid,existing_fold_p2,mojahid:48_aug_13,cavity,cavity,1
mojahid,existing_fold_p2,mojahid:48_aug_7,cavity,cavity,1
mojahid,existing_fold_p2,mojahid:48_aug_8,cavity,intact,0
mojahid,existing_fold_p2,mojahid:48_aug_9,cavity,cavity,1
mojahid,existing_fold_p2,mojahid:5_aug_10,intact,intact,1
mojahid,existing_fold_p2,mojahid:5_aug_11,intact,intact,1
mojahid,existing_fold_p2,mojahid:5_aug_12,intact,intact,1
mojahid,existing_fold_p2,mojahid:5_aug_13,cavity,cavity,1
mojahid,existing_fold_p2,mojahid:5_aug_7,intact,cavity,0
mojahid,existing_fold_p2,mojahid:5_aug_8,intact,intact,1
mojahid,existing_fold_p2,mojahid:5_aug_9,intact,intact,1
mojahid,existing_fold_p2,mojahid:55_aug_10,cavity,cavity,1
mojahid,existing_fold_p2,mojahid:55_aug_11,cavity,intact,0
mojahid,existing_fold_p2,mojahid:55_aug_12,cavity,cavity,1
mojahid,existing_fold_p2,mojahid:55_aug_13,cavity,intact,0
mojahid,existing_fold_p2,mojahid:55_aug_7,cavity,intact,0
mojahid,existing_fold_p2,mojahid:55_aug_8,cavity,cavity,1
mojahid,existing_fold_p2,mojahid:55_aug_9,cavity,cavity,1
mojahid,existing_fold_p2,mojahid:57_aug_10,cavity,utility,0
mojahid,existing_fold_p2,mojahid:57_aug_11,cavity,cavity,1
mojahid,existing_fold_p2,mojahid:57_aug_12,cavity,utility,0
mojahid,existing_fold_p2,mojahid:57_aug_13,cavity,utility,0
mojahid,existing_fold_p2,mojahid:57_aug_7,cavity,utility,0
mojahid,existing_fold_p2,mojahid:57_aug_8,cavity,utility,0
mojahid,existing_fold_p2,mojahid:57_aug_9,cavity,utility,0
mojahid,existing_fold_p2,mojahid:59_aug_10,cavity,cavity,1
mojahid,existing_fold_p2,mojahid:59_aug_11,cavity,cavity,1
mojahid,existing_fold_p2,mojahid:59_aug_12,cavity,cavity,1
mojahid,existing_fold_p2,mojahid:59_aug_13,cavity,cavity,1
mojahid,existing_fold_p2,mojahid:59_aug_7,cavity,cavity,1
mojahid,existing_fold_p2,mojahid:59_aug_8,cavity,cavity,1
mojahid,existing_fold_p2,mojahid:59_aug_9,cavity,cavity,1
mojahid,existing_fold_p2,mojahid:61_aug_10,cavity,cavity,1
mojahid,existing_fold_p2,mojahid:61_aug_11,cavity,cavity,1
mojahid,existing_fold_p2,mojahid:61_aug_12,cavity,cavity,1
mojahid,existing_fold_p2,mojahid:61_aug_13,cavity,intact,0
mojahid,existing_fold_p2,mojahid:61_aug_7,cavity,cavity,1
mojahid,existing_fold_p2,mojahid:61_aug_8,cavity,cavity,1
mojahid,existing_fold_p2,mojahid:61_aug_9,cavity,cavity,1
mojahid,existing_fold_p2,mojahid:62_aug_10,cavity,cavity,1
mojahid,existing_fold_p2,mojahid:62_aug_11,cavity,cavity,1
mojahid,existing_fold_p2,mojahid:62_aug_12,cavity,cavity,1
mojahid,existing_fold_p2,mojahid:62_aug_13,cavity,cavity,1
mojahid,existing_fold_p2,mojahid:62_aug_7,cavity,cavity,1
mojahid,existing_fold_p2,mojahid:62_aug_8,cavity,cavity,1
mojahid,existing_fold_p2,mojahid:62_aug_9,cavity,cavity,1
mojahid,existing_fold_p2,mojahid:63_aug_10,cavity,intact,0
mojahid,existing_fold_p2,mojahid:63_aug_11,cavity,cavity,1
mojahid,existing_fold_p2,mojahid:63_aug_12,cavity,intact,0
mojahid,existing_fold_p2,mojahid:63_aug_13,cavity,cavity,1
mojahid,existing_fold_p2,mojahid:63_aug_7,cavity,cavity,1
mojahid,existing_fold_p2,mojahid:63_aug_8,cavity,intact,0
mojahid,existing_fold_p2,mojahid:63_aug_9,cavity,intact,0
mojahid,existing_fold_p2,mojahid:72_aug_10,cavity,cavity,1
mojahid,existing_fold_p2,mojahid:72_aug_11,cavity,cavity,1
mojahid,existing_fold_p2,mojahid:72_aug_12,cavity,cavity,1
mojahid,existing_fold_p2,mojahid:72_aug_13,cavity,cavity,1
mojahid,existing_fold_p2,mojahid:72_aug_7,cavity,intact,0
mojahid,existing_fold_p2,mojahid:72_aug_8,cavity,cavity,1
mojahid,existing_fold_p2,mojahid:72_aug_9,cavity,intact,0
mojahid,existing_fold_p2,mojahid:73_aug_10,cavity,cavity,1
mojahid,existing_fold_p2,mojahid:73_aug_11,cavity,intact,0
mojahid,existing_fold_p2,mojahid:73_aug_12,cavity,cavity,1
mojahid,existing_fold_p2,mojahid:73_aug_13,cavity,cavity,1
mojahid,existing_fold_p2,mojahid:73_aug_7,cavity,cavity,1
mojahid,existing_fold_p2,mojahid:73_aug_8,cavity,cavity,1
mojahid,existing_fold_p2,mojahid:73_aug_9,cavity,intact,0
mojahid,existing_fold_p2,mojahid:74_aug_10,cavity,utility,0
mojahid,existing_fold_p2,mojahid:74_aug_11,cavity,cavity,1
mojahid,existing_fold_p2,mojahid:74_aug_12,cavity,intact,0
mojahid,existing_fold_p2,mojahid:74_aug_13,cavity,cavity,1
mojahid,existing_fold_p2,mojahid:74_aug_7,cavity,cavity,1
mojahid,existing_fold_p2,mojahid:74_aug_8,cavity,cavity,1
mojahid,existing_fold_p2,mojahid:74_aug_9,cavity,utility,0
mojahid,existing_fold_p2,mojahid:79_aug_10,cavity,utility,0
mojahid,existing_fold_p2,mojahid:79_aug_11,cavity,cavity,1
mojahid,existing_fold_p2,mojahid:79_aug_12,cavity,cavity,1
mojahid,existing_fold_p2,mojahid:79_aug_13,cavity,cavity,1
mojahid,existing_fold_p2,mojahid:79_aug_7,cavity,cavity,1
mojahid,existing_fold_p2,mojahid:79_aug_8,cavity,cavity,1
mojahid,existing_fold_p2,mojahid:79_aug_9,cavity,intact,0
mojahid,existing_fold_p2,mojahid:8_aug_10,intact,intact,1
mojahid,existing_fold_p2,mojahid:8_aug_11,intact,intact,1
mojahid,existing_fold_p2,mojahid:8_aug_12,intact,intact,1
mojahid,existing_fold_p2,mojahid:8_aug_13,cavity,intact,0
mojahid,existing_fold_p2,mojahid:8_aug_7,intact,intact,1
mojahid,existing_fold_p2,mojahid:8_aug_8,intact,intact,1
mojahid,existing_fold_p2,mojahid:8_aug_9,intact,intact,1
mojahid,existing_fold_p2,mojahid:9_aug_10,intact,intact,1
mojahid,existing_fold_p2,mojahid:9_aug_11,intact,intact,1
mojahid,existing_fold_p2,mojahid:9_aug_12,intact,intact,1
mojahid,existing_fold_p2,mojahid:9_aug_13,cavity,intact,0
mojahid,existing_fold_p2,mojahid:9_aug_7,intact,intact,1
mojahid,existing_fold_p2,mojahid:9_aug_8,intact,intact,1
mojahid,existing_fold_p2,mojahid:9_aug_9,intact,intact,1
mojahid,existing_fold_p2,mojahid:1 (2)_aug_10,intact,intact,1
mojahid,existing_fold_p2,mojahid:1 (2)_aug_2,intact,intact,1
mojahid,existing_fold_p2,mojahid:1 (2)_aug_4,intact,intact,1
mojahid,existing_fold_p2,mojahid:1 (2)_aug_7,intact,intact,1
mojahid,existing_fold_p2,mojahid:10 (2)_aug_11,intact,intact,1
mojahid,existing_fold_p2,mojahid:10 (2)_aug_12,intact,intact,1
mojahid,existing_fold_p2,mojahid:10 (2)_aug_2,intact,intact,1
mojahid,existing_fold_p2,mojahid:11 (2)_aug_2,intact,intact,1
mojahid,existing_fold_p2,mojahid:11 (2)_aug_3,intact,intact,1
mojahid,existing_fold_p2,mojahid:11 (2)_aug_4,intact,intact,1
mojahid,existing_fold_p2,mojahid:11 (2)_aug_6,intact,intact,1
mojahid,existing_fold_p2,mojahid:12 (2)_aug_9,intact,intact,1
mojahid,existing_fold_p2,mojahid:13 (2)_aug_2,intact,intact,1
mojahid,existing_fold_p2,mojahid:13 (2)_aug_6,intact,intact,1
mojahid,existing_fold_p2,mojahid:13 (2)_aug_7,intact,intact,1
mojahid,existing_fold_p2,mojahid:14 (2)_aug_8,intact,intact,1
mojahid,existing_fold_p2,mojahid:15 (2)_aug_2,intact,intact,1
mojahid,existing_fold_p2,mojahid:15 (2)_aug_4,intact,intact,1
mojahid,existing_fold_p2,mojahid:15 (2)_aug_5,intact,intact,1
mojahid,existing_fold_p2,mojahid:16 (2)_aug_1,intact,intact,1
mojahid,existing_fold_p2,mojahid:16 (2)_aug_2,intact,intact,1
mojahid,existing_fold_p2,mojahid:16 (2)_aug_3,intact,intact,1
mojahid,existing_fold_p2,mojahid:16 (2)_aug_8,intact,intact,1
mojahid,existing_fold_p2,mojahid:16_aug_1,intact,intact,1
mojahid,existing_fold_p2,mojahid:16_aug_10,intact,intact,1
mojahid,existing_fold_p2,mojahid:16_aug_11,intact,intact,1
mojahid,existing_fold_p2,mojahid:16_aug_12,intact,intact,1
mojahid,existing_fold_p2,mojahid:16_aug_2,intact,intact,1
mojahid,existing_fold_p2,mojahid:16_aug_3,intact,intact,1
mojahid,existing_fold_p2,mojahid:16_aug_4,intact,intact,1
mojahid,existing_fold_p2,mojahid:16_aug_5,intact,intact,1
mojahid,existing_fold_p2,mojahid:16_aug_6,intact,intact,1
mojahid,existing_fold_p2,mojahid:16_aug_7,intact,intact,1
mojahid,existing_fold_p2,mojahid:16_aug_8,intact,intact,1
mojahid,existing_fold_p2,mojahid:16_aug_9,intact,intact,1
mojahid,existing_fold_p2,mojahid:17 (2)_aug_12,intact,intact,1
mojahid,existing_fold_p2,mojahid:17 (2)_aug_7,intact,intact,1
mojahid,existing_fold_p2,mojahid:17_aug_1,intact,intact,1
mojahid,existing_fold_p2,mojahid:17_aug_10,intact,intact,1
mojahid,existing_fold_p2,mojahid:17_aug_11,intact,intact,1
mojahid,existing_fold_p2,mojahid:17_aug_12,intact,intact,1
mojahid,existing_fold_p2,mojahid:17_aug_2,intact,intact,1
mojahid,existing_fold_p2,mojahid:17_aug_3,intact,intact,1
mojahid,existing_fold_p2,mojahid:17_aug_4,intact,intact,1
mojahid,existing_fold_p2,mojahid:17_aug_5,intact,intact,1
mojahid,existing_fold_p2,mojahid:17_aug_6,intact,intact,1
mojahid,existing_fold_p2,mojahid:17_aug_7,intact,intact,1
mojahid,existing_fold_p2,mojahid:17_aug_8,intact,intact,1
mojahid,existing_fold_p2,mojahid:17_aug_9,intact,intact,1
mojahid,existing_fold_p2,mojahid:18 (2)_aug_1,intact,intact,1
mojahid,existing_fold_p2,mojahid:18 (2)_aug_10,intact,intact,1
mojahid,existing_fold_p2,mojahid:18 (2)_aug_3,intact,intact,1
mojahid,existing_fold_p2,mojahid:18_aug_1,intact,intact,1
mojahid,existing_fold_p2,mojahid:18_aug_10,intact,intact,1
mojahid,existing_fold_p2,mojahid:18_aug_11,intact,intact,1
mojahid,existing_fold_p2,mojahid:18_aug_12,intact,intact,1
mojahid,existing_fold_p2,mojahid:18_aug_2,intact,intact,1
mojahid,existing_fold_p2,mojahid:18_aug_3,intact,intact,1
mojahid,existing_fold_p2,mojahid:18_aug_4,intact,intact,1
mojahid,existing_fold_p2,mojahid:18_aug_5,intact,intact,1
mojahid,existing_fold_p2,mojahid:18_aug_6,intact,intact,1
mojahid,existing_fold_p2,mojahid:18_aug_7,intact,intact,1
mojahid,existing_fold_p2,mojahid:18_aug_8,intact,intact,1
mojahid,existing_fold_p2,mojahid:18_aug_9,intact,intact,1
mojahid,existing_fold_p2,mojahid:19 (2)_aug_2,intact,intact,1
mojahid,existing_fold_p2,mojahid:2 (2)_aug_1,intact,intact,1
mojahid,existing_fold_p2,mojahid:2 (2)_aug_10,intact,intact,1
mojahid,existing_fold_p2,mojahid:20 (2)_aug_8,intact,intact,1
mojahid,existing_fold_p2,mojahid:21 (2)_aug_4,intact,intact,1
mojahid,existing_fold_p2,mojahid:21 (2)_aug_7,intact,intact,1
mojahid,existing_fold_p2,mojahid:23 (2)_aug_8,intact,intact,1
mojahid,existing_fold_p2,mojahid:23 (2)_aug_9,intact,intact,1
mojahid,existing_fold_p2,mojahid:23_aug_1,intact,intact,1
mojahid,existing_fold_p2,mojahid:23_aug_10,intact,intact,1
mojahid,existing_fold_p2,mojahid:23_aug_11,intact,cavity,0
mojahid,existing_fold_p2,mojahid:23_aug_12,intact,intact,1
mojahid,existing_fold_p2,mojahid:23_aug_2,intact,intact,1
mojahid,existing_fold_p2,mojahid:23_aug_3,intact,intact,1
mojahid,existing_fold_p2,mojahid:23_aug_4,intact,intact,1
mojahid,existing_fold_p2,mojahid:23_aug_5,intact,intact,1
mojahid,existing_fold_p2,mojahid:23_aug_6,intact,intact,1
mojahid,existing_fold_p2,mojahid:23_aug_7,intact,intact,1
mojahid,existing_fold_p2,mojahid:23_aug_8,intact,intact,1
mojahid,existing_fold_p2,mojahid:23_aug_9,intact,intact,1
mojahid,existing_fold_p2,mojahid:25 (2)_aug_11,intact,intact,1
mojahid,existing_fold_p2,mojahid:25 (2)_aug_2,intact,intact,1
mojahid,existing_fold_p2,mojahid:26 (2)_aug_7,intact,intact,1
mojahid,existing_fold_p2,mojahid:27 (2)_aug_1,intact,intact,1
mojahid,existing_fold_p2,mojahid:27 (2)_aug_10,intact,intact,1
mojahid,existing_fold_p2,mojahid:27 (2)_aug_6,intact,intact,1
mojahid,existing_fold_p2,mojahid:27 (2)_aug_7,intact,intact,1
mojahid,existing_fold_p2,mojahid:28 (2)_aug_1,intact,intact,1
mojahid,existing_fold_p2,mojahid:28 (2)_aug_10,intact,intact,1
mojahid,existing_fold_p2,mojahid:28 (2)_aug_9,intact,intact,1
mojahid,existing_fold_p2,mojahid:3 (2)_aug_1,intact,intact,1
mojahid,existing_fold_p2,mojahid:3 (2)_aug_2,intact,intact,1
mojahid,existing_fold_p2,mojahid:3 (2)_aug_9,intact,intact,1
mojahid,existing_fold_p2,mojahid:3_aug_1,intact,intact,1
mojahid,existing_fold_p2,mojahid:3_aug_10,intact,intact,1
mojahid,existing_fold_p2,mojahid:3_aug_11,intact,intact,1
mojahid,existing_fold_p2,mojahid:3_aug_12,intact,intact,1
mojahid,existing_fold_p2,mojahid:3_aug_2,intact,intact,1
mojahid,existing_fold_p2,mojahid:3_aug_3,intact,intact,1
mojahid,existing_fold_p2,mojahid:3_aug_4,intact,intact,1
mojahid,existing_fold_p2,mojahid:3_aug_5,intact,intact,1
mojahid,existing_fold_p2,mojahid:3_aug_6,intact,intact,1
mojahid,existing_fold_p2,mojahid:3_aug_7,intact,intact,1
mojahid,existing_fold_p2,mojahid:3_aug_8,intact,intact,1
mojahid,existing_fold_p2,mojahid:3_aug_9,intact,intact,1
mojahid,existing_fold_p2,mojahid:31 (2)_aug_1,intact,intact,1
mojahid,existing_fold_p2,mojahid:31 (2)_aug_11,intact,intact,1
mojahid,existing_fold_p2,mojahid:31 (2)_aug_7,intact,cavity,0
mojahid,existing_fold_p2,mojahid:31 (2)_aug_9,intact,intact,1
mojahid,existing_fold_p2,mojahid:32 (2)_aug_10,intact,intact,1
mojahid,existing_fold_p2,mojahid:32 (2)_aug_6,intact,intact,1
mojahid,existing_fold_p2,mojahid:36 (2)_aug_1,intact,intact,1
mojahid,existing_fold_p2,mojahid:36 (2)_aug_10,intact,cavity,0
mojahid,existing_fold_p2,mojahid:36 (2)_aug_11,intact,intact,1
mojahid,existing_fold_p2,mojahid:36 (2)_aug_7,intact,intact,1
mojahid,existing_fold_p2,mojahid:38 (2)_aug_1,intact,intact,1
mojahid,existing_fold_p2,mojahid:39 (2)_aug_2,intact,intact,1
mojahid,existing_fold_p2,mojahid:39 (2)_aug_7,intact,intact,1
mojahid,existing_fold_p2,mojahid:4 (2)_aug_11,intact,intact,1
mojahid,existing_fold_p2,mojahid:4 (2)_aug_8,intact,intact,1
mojahid,existing_fold_p2,mojahid:4 (2)_aug_9,intact,intact,1
mojahid,existing_fold_p2,mojahid:40 (2)_aug_10,intact,cavity,0
mojahid,existing_fold_p2,mojahid:40 (2)_aug_11,intact,intact,1
mojahid,existing_fold_p2,mojahid:40 (2)_aug_9,intact,intact,1
mojahid,existing_fold_p2,mojahid:42 (2)_aug_1,intact,intact,1
mojahid,existing_fold_p2,mojahid:42 (2)_aug_5,intact,cavity,0
mojahid,existing_fold_p2,mojahid:42 (2)_aug_9,intact,intact,1
mojahid,existing_fold_p2,mojahid:43 (2)_aug_1,intact,intact,1
mojahid,existing_fold_p2,mojahid:43 (2)_aug_10,intact,intact,1
mojahid,existing_fold_p2,mojahid:43 (2)_aug_8,intact,intact,1
mojahid,existing_fold_p2,mojahid:44 (2)_aug_10,intact,intact,1
mojahid,existing_fold_p2,mojahid:44 (2)_aug_2,intact,intact,1
mojahid,existing_fold_p2,mojahid:44 (2)_aug_6,intact,intact,1
mojahid,existing_fold_p2,mojahid:44 (2)_aug_7,intact,intact,1
mojahid,existing_fold_p2,mojahid:45 (2)_aug_10,intact,intact,1
mojahid,existing_fold_p2,mojahid:45 (2)_aug_3,intact,intact,1
mojahid,existing_fold_p2,mojahid:45 (2)_aug_7,intact,cavity,0
mojahid,existing_fold_p2,mojahid:45 (2)_aug_9,intact,intact,1
mojahid,existing_fold_p2,mojahid:5 (2)_aug_9,intact,intact,1
mojahid,existing_fold_p2,mojahid:5_aug_1,intact,intact,1
mojahid,existing_fold_p2,mojahid:5_aug_10,intact,intact,1
mojahid,existing_fold_p2,mojahid:5_aug_11,intact,intact,1
mojahid,existing_fold_p2,mojahid:5_aug_12,intact,intact,1
mojahid,existing_fold_p2,mojahid:5_aug_2,intact,intact,1
mojahid,existing_fold_p2,mojahid:5_aug_3,intact,intact,1
mojahid,existing_fold_p2,mojahid:5_aug_4,intact,intact,1
mojahid,existing_fold_p2,mojahid:5_aug_5,intact,intact,1
mojahid,existing_fold_p2,mojahid:5_aug_6,intact,intact,1
mojahid,existing_fold_p2,mojahid:5_aug_7,intact,cavity,0
mojahid,existing_fold_p2,mojahid:5_aug_8,intact,intact,1
mojahid,existing_fold_p2,mojahid:5_aug_9,intact,intact,1
mojahid,existing_fold_p2,mojahid:6 (2)_aug_11,intact,intact,1
mojahid,existing_fold_p2,mojahid:7 (2)_aug_11,intact,intact,1
mojahid,existing_fold_p2,mojahid:7 (2)_aug_2,intact,intact,1
mojahid,existing_fold_p2,mojahid:7 (2)_aug_7,intact,intact,1
mojahid,existing_fold_p2,mojahid:8 (2)_aug_3,intact,intact,1
mojahid,existing_fold_p2,mojahid:8 (2)_aug_7,intact,intact,1
mojahid,existing_fold_p2,mojahid:8 (2)_aug_9,intact,intact,1
mojahid,existing_fold_p2,mojahid:8_aug_1,intact,intact,1
mojahid,existing_fold_p2,mojahid:8_aug_10,intact,intact,1
mojahid,existing_fold_p2,mojahid:8_aug_11,intact,intact,1
mojahid,existing_fold_p2,mojahid:8_aug_12,intact,intact,1
mojahid,existing_fold_p2,mojahid:8_aug_2,intact,intact,1
mojahid,existing_fold_p2,mojahid:8_aug_3,intact,intact,1
mojahid,existing_fold_p2,mojahid:8_aug_4,intact,intact,1
mojahid,existing_fold_p2,mojahid:8_aug_5,intact,intact,1
mojahid,existing_fold_p2,mojahid:8_aug_6,intact,intact,1
mojahid,existing_fold_p2,mojahid:8_aug_7,intact,intact,1
mojahid,existing_fold_p2,mojahid:8_aug_8,intact,intact,1
mojahid,existing_fold_p2,mojahid:8_aug_9,intact,intact,1
mojahid,existing_fold_p2,mojahid:9 (2)_aug_12,intact,intact,1
mojahid,existing_fold_p2,mojahid:9 (2)_aug_4,intact,intact,1
mojahid,existing_fold_p2,mojahid:9_aug_1,intact,intact,1
mojahid,existing_fold_p2,mojahid:9_aug_10,intact,intact,1
mojahid,existing_fold_p2,mojahid:9_aug_11,intact,intact,1
mojahid,existing_fold_p2,mojahid:9_aug_12,intact,intact,1
mojahid,existing_fold_p2,mojahid:9_aug_2,intact,intact,1
mojahid,existing_fold_p2,mojahid:9_aug_3,intact,intact,1
mojahid,existing_fold_p2,mojahid:9_aug_4,intact,intact,1
mojahid,existing_fold_p2,mojahid:9_aug_5,intact,intact,1
mojahid,existing_fold_p2,mojahid:9_aug_6,intact,intact,1
mojahid,existing_fold_p2,mojahid:9_aug_7,intact,intact,1
mojahid,existing_fold_p2,mojahid:9_aug_8,intact,intact,1
mojahid,existing_fold_p2,mojahid:9_aug_9,intact,intact,1
mojahid,existing_fold_p2,mojahid:008_aug_1,utility,intact,0
mojahid,existing_fold_p2,mojahid:008_aug_2,utility,intact,0
mojahid,existing_fold_p2,mojahid:008_aug_3,utility,intact,0
mojahid,existing_fold_p2,mojahid:008_aug_4,utility,intact,0
mojahid,existing_fold_p2,mojahid:008_aug_5,utility,intact,0
mojahid,existing_fold_p2,mojahid:008_aug_6,utility,intact,0
mojahid,existing_fold_p2,mojahid:014_aug_1,utility,cavity,0
mojahid,existing_fold_p2,mojahid:014_aug_2,utility,utility,1
mojahid,existing_fold_p2,mojahid:014_aug_3,utility,utility,1
mojahid,existing_fold_p2,mojahid:014_aug_4,utility,utility,1
mojahid,existing_fold_p2,mojahid:014_aug_5,utility,utility,1
mojahid,existing_fold_p2,mojahid:014_aug_6,utility,utility,1
mojahid,existing_fold_p2,mojahid:015_aug_1,utility,utility,1
mojahid,existing_fold_p2,mojahid:015_aug_2,utility,utility,1
mojahid,existing_fold_p2,mojahid:015_aug_3,utility,utility,1
mojahid,existing_fold_p2,mojahid:015_aug_4,utility,utility,1
mojahid,existing_fold_p2,mojahid:015_aug_5,utility,utility,1
mojahid,existing_fold_p2,mojahid:015_aug_6,utility,utility,1
mojahid,existing_fold_p2,mojahid:030_aug_1,utility,utility,1
mojahid,existing_fold_p2,mojahid:030_aug_2,utility,utility,1
mojahid,existing_fold_p2,mojahid:030_aug_3,utility,utility,1
mojahid,existing_fold_p2,mojahid:030_aug_4,utility,utility,1
mojahid,existing_fold_p2,mojahid:030_aug_5,utility,utility,1
mojahid,existing_fold_p2,mojahid:030_aug_6,utility,utility,1
mojahid,existing_fold_p2,mojahid:033_aug_1,utility,cavity,0
mojahid,existing_fold_p2,mojahid:033_aug_2,utility,utility,1
mojahid,existing_fold_p2,mojahid:033_aug_3,utility,utility,1
mojahid,existing_fold_p2,mojahid:033_aug_4,utility,intact,0
mojahid,existing_fold_p2,mojahid:033_aug_5,utility,utility,1
mojahid,existing_fold_p2,mojahid:033_aug_6,utility,utility,1
mojahid,existing_fold_p2,mojahid:055_aug_1,utility,utility,1
mojahid,existing_fold_p2,mojahid:055_aug_2,utility,utility,1
mojahid,existing_fold_p2,mojahid:055_aug_3,utility,utility,1
mojahid,existing_fold_p2,mojahid:055_aug_4,utility,utility,1
mojahid,existing_fold_p2,mojahid:055_aug_5,utility,utility,1
mojahid,existing_fold_p2,mojahid:055_aug_6,utility,utility,1
mojahid,existing_fold_p2,mojahid:060_aug_1,utility,cavity,0
mojahid,existing_fold_p2,mojahid:060_aug_2,utility,utility,1
mojahid,existing_fold_p2,mojahid:060_aug_3,utility,utility,1
mojahid,existing_fold_p2,mojahid:060_aug_4,utility,intact,0
mojahid,existing_fold_p2,mojahid:060_aug_5,utility,intact,0
mojahid,existing_fold_p2,mojahid:060_aug_6,utility,intact,0
mojahid,existing_fold_p2,mojahid:063_aug_1,utility,utility,1
mojahid,existing_fold_p2,mojahid:063_aug_2,utility,utility,1
mojahid,existing_fold_p2,mojahid:063_aug_3,utility,utility,1
mojahid,existing_fold_p2,mojahid:063_aug_4,utility,utility,1
mojahid,existing_fold_p2,mojahid:063_aug_5,utility,utility,1
mojahid,existing_fold_p2,mojahid:063_aug_6,utility,utility,1
mojahid,existing_fold_p2,mojahid:068_aug_1,utility,utility,1
mojahid,existing_fold_p2,mojahid:068_aug_2,utility,utility,1
mojahid,existing_fold_p2,mojahid:068_aug_3,utility,utility,1
mojahid,existing_fold_p2,mojahid:068_aug_4,utility,utility,1
mojahid,existing_fold_p2,mojahid:068_aug_5,utility,utility,1
mojahid,existing_fold_p2,mojahid:068_aug_6,utility,utility,1
mojahid,existing_fold_p2,mojahid:098_aug_1,utility,utility,1
mojahid,existing_fold_p2,mojahid:098_aug_2,utility,utility,1
mojahid,existing_fold_p2,mojahid:098_aug_3,utility,utility,1
mojahid,existing_fold_p2,mojahid:098_aug_4,utility,utility,1
mojahid,existing_fold_p2,mojahid:098_aug_5,utility,utility,1
mojahid,existing_fold_p2,mojahid:098_aug_6,utility,utility,1
mojahid,existing_fold_p2,mojahid:102_aug_1,utility,cavity,0
mojahid,existing_fold_p2,mojahid:102_aug_2,utility,utility,1
mojahid,existing_fold_p2,mojahid:102_aug_3,utility,intact,0
mojahid,existing_fold_p2,mojahid:102_aug_4,utility,utility,1
mojahid,existing_fold_p2,mojahid:102_aug_5,utility,intact,0
mojahid,existing_fold_p2,mojahid:102_aug_6,utility,utility,1
mojahid,existing_fold_p2,mojahid:106_aug_1,utility,utility,1
mojahid,existing_fold_p2,mojahid:106_aug_2,utility,utility,1
mojahid,existing_fold_p2,mojahid:106_aug_3,utility,utility,1
mojahid,existing_fold_p2,mojahid:106_aug_4,utility,utility,1
mojahid,existing_fold_p2,mojahid:106_aug_5,utility,utility,1
mojahid,existing_fold_p2,mojahid:106_aug_6,utility,utility,1
mojahid,existing_fold_p2,mojahid:113_aug_1,utility,utility,1
mojahid,existing_fold_p2,mojahid:113_aug_2,utility,utility,1
mojahid,existing_fold_p2,mojahid:113_aug_3,utility,utility,1
mojahid,existing_fold_p2,mojahid:113_aug_4,utility,utility,1
mojahid,existing_fold_p2,mojahid:113_aug_5,utility,utility,1
mojahid,existing_fold_p2,mojahid:113_aug_6,utility,utility,1
mojahid,existing_fold_p2,mojahid:128_aug_1,utility,intact,0
mojahid,existing_fold_p2,mojahid:128_aug_2,utility,intact,0
mojahid,existing_fold_p2,mojahid:128_aug_3,utility,intact,0
mojahid,existing_fold_p2,mojahid:128_aug_4,utility,intact,0
mojahid,existing_fold_p2,mojahid:128_aug_5,utility,utility,1
mojahid,existing_fold_p2,mojahid:128_aug_6,utility,intact,0
mojahid,existing_fold_p2,mojahid:132_aug_1,utility,intact,0
mojahid,existing_fold_p2,mojahid:132_aug_2,utility,utility,1
mojahid,existing_fold_p2,mojahid:132_aug_3,utility,utility,1
mojahid,existing_fold_p2,mojahid:132_aug_4,utility,utility,1
mojahid,existing_fold_p2,mojahid:132_aug_5,utility,intact,0
mojahid,existing_fold_p2,mojahid:132_aug_6,utility,utility,1
mojahid,existing_fold_p2,mojahid:143_aug_1,utility,utility,1
mojahid,existing_fold_p2,mojahid:143_aug_2,utility,utility,1
mojahid,existing_fold_p2,mojahid:143_aug_3,utility,utility,1
mojahid,existing_fold_p2,mojahid:143_aug_4,utility,utility,1
mojahid,existing_fold_p2,mojahid:143_aug_5,utility,cavity,0
mojahid,existing_fold_p2,mojahid:143_aug_6,utility,utility,1
mojahid,existing_fold_p2,mojahid:145_aug_1,utility,utility,1
mojahid,existing_fold_p2,mojahid:145_aug_2,utility,utility,1
mojahid,existing_fold_p2,mojahid:145_aug_3,utility,utility,1
mojahid,existing_fold_p2,mojahid:145_aug_4,utility,utility,1
mojahid,existing_fold_p2,mojahid:145_aug_5,utility,utility,1
mojahid,existing_fold_p2,mojahid:145_aug_6,utility,utility,1
mojahid,existing_fold_p2,mojahid:151_aug_1,utility,utility,1
mojahid,existing_fold_p2,mojahid:151_aug_2,utility,utility,1
mojahid,existing_fold_p2,mojahid:151_aug_3,utility,utility,1
mojahid,existing_fold_p2,mojahid:151_aug_4,utility,utility,1
mojahid,existing_fold_p2,mojahid:151_aug_5,utility,utility,1
mojahid,existing_fold_p2,mojahid:151_aug_6,utility,utility,1
mojahid,existing_fold_p2,mojahid:155_aug_1,utility,utility,1
mojahid,existing_fold_p2,mojahid:155_aug_2,utility,intact,0
mojahid,existing_fold_p2,mojahid:155_aug_3,utility,intact,0
mojahid,existing_fold_p2,mojahid:155_aug_4,utility,intact,0
mojahid,existing_fold_p2,mojahid:155_aug_5,utility,intact,0
mojahid,existing_fold_p2,mojahid:155_aug_6,utility,intact,0
mojahid,existing_fold_p2,mojahid:156_aug_1,utility,utility,1
mojahid,existing_fold_p2,mojahid:156_aug_2,utility,utility,1
mojahid,existing_fold_p2,mojahid:156_aug_3,utility,utility,1
mojahid,existing_fold_p2,mojahid:156_aug_4,utility,utility,1
mojahid,existing_fold_p2,mojahid:156_aug_5,utility,utility,1
mojahid,existing_fold_p2,mojahid:156_aug_6,utility,utility,1
mojahid,existing_fold_p2,mojahid:157_aug_1,utility,utility,1
mojahid,existing_fold_p2,mojahid:157_aug_2,utility,utility,1
mojahid,existing_fold_p2,mojahid:157_aug_3,utility,utility,1
mojahid,existing_fold_p2,mojahid:157_aug_4,utility,utility,1
mojahid,existing_fold_p2,mojahid:157_aug_5,utility,utility,1
mojahid,existing_fold_p2,mojahid:157_aug_6,utility,utility,1
mojahid,existing_fold_p2,mojahid:170_aug_1,utility,utility,1
mojahid,existing_fold_p2,mojahid:170_aug_2,utility,utility,1
mojahid,existing_fold_p2,mojahid:170_aug_3,utility,utility,1
mojahid,existing_fold_p2,mojahid:170_aug_4,utility,utility,1
mojahid,existing_fold_p2,mojahid:170_aug_5,utility,utility,1
mojahid,existing_fold_p2,mojahid:170_aug_6,utility,utility,1
mojahid,existing_fold_p2,mojahid:173_aug_1,utility,utility,1
mojahid,existing_fold_p2,mojahid:173_aug_2,utility,utility,1
mojahid,existing_fold_p2,mojahid:173_aug_3,utility,utility,1
mojahid,existing_fold_p2,mojahid:173_aug_4,utility,utility,1
mojahid,existing_fold_p2,mojahid:173_aug_5,utility,utility,1
mojahid,existing_fold_p2,mojahid:173_aug_6,utility,utility,1
mojahid,existing_fold_p2,mojahid:185_aug_1,utility,cavity,0
mojahid,existing_fold_p2,mojahid:185_aug_2,utility,utility,1
mojahid,existing_fold_p2,mojahid:185_aug_3,utility,utility,1
mojahid,existing_fold_p2,mojahid:185_aug_4,utility,cavity,0
mojahid,existing_fold_p2,mojahid:185_aug_5,utility,cavity,0
mojahid,existing_fold_p2,mojahid:185_aug_6,utility,utility,1
mojahid,existing_fold_p2,mojahid:190_aug_1,utility,cavity,0
mojahid,existing_fold_p2,mojahid:190_aug_2,utility,utility,1
mojahid,existing_fold_p2,mojahid:190_aug_3,utility,utility,1
mojahid,existing_fold_p2,mojahid:190_aug_4,utility,utility,1
mojahid,existing_fold_p2,mojahid:190_aug_5,utility,utility,1
mojahid,existing_fold_p2,mojahid:190_aug_6,utility,utility,1
mojahid,existing_fold_p2,mojahid:194_aug_1,utility,cavity,0
mojahid,existing_fold_p2,mojahid:194_aug_2,utility,cavity,0
mojahid,existing_fold_p2,mojahid:194_aug_3,utility,cavity,0
mojahid,existing_fold_p2,mojahid:194_aug_4,utility,cavity,0
mojahid,existing_fold_p2,mojahid:194_aug_5,utility,cavity,0
mojahid,existing_fold_p2,mojahid:194_aug_6,utility,cavity,0
mojahid,existing_fold_p2,mojahid:204_aug_1,utility,utility,1
mojahid,existing_fold_p2,mojahid:204_aug_2,utility,utility,1
mojahid,existing_fold_p2,mojahid:204_aug_3,utility,utility,1
mojahid,existing_fold_p2,mojahid:204_aug_4,utility,utility,1
mojahid,existing_fold_p2,mojahid:204_aug_5,utility,utility,1
mojahid,existing_fold_p2,mojahid:204_aug_6,utility,utility,1
mojahid,existing_fold_p2,mojahid:245_aug_1,utility,utility,1
mojahid,existing_fold_p2,mojahid:245_aug_2,utility,utility,1
mojahid,existing_fold_p2,mojahid:245_aug_3,utility,utility,1
mojahid,existing_fold_p2,mojahid:245_aug_4,utility,utility,1
mojahid,existing_fold_p2,mojahid:245_aug_5,utility,utility,1
mojahid,existing_fold_p2,mojahid:245_aug_6,utility,utility,1
mojahid,existing_fold_p2,mojahid:248_aug_1,utility,utility,1
mojahid,existing_fold_p2,mojahid:248_aug_2,utility,utility,1
mojahid,existing_fold_p2,mojahid:248_aug_3,utility,utility,1
mojahid,existing_fold_p2,mojahid:248_aug_4,utility,intact,0
mojahid,existing_fold_p2,mojahid:248_aug_5,utility,utility,1
mojahid,existing_fold_p2,mojahid:248_aug_6,utility,utility,1
mojahid,existing_fold_p2,mojahid:265_aug_1,utility,utility,1
mojahid,existing_fold_p2,mojahid:265_aug_2,utility,utility,1
mojahid,existing_fold_p2,mojahid:265_aug_3,utility,utility,1
mojahid,existing_fold_p2,mojahid:265_aug_4,utility,utility,1
mojahid,existing_fold_p2,mojahid:265_aug_5,utility,utility,1
mojahid,existing_fold_p2,mojahid:265_aug_6,utility,utility,1
mojahid,existing_fold_p2,mojahid:281_aug_1,utility,utility,1
mojahid,existing_fold_p2,mojahid:281_aug_2,utility,utility,1
mojahid,existing_fold_p2,mojahid:281_aug_3,utility,utility,1
mojahid,existing_fold_p2,mojahid:281_aug_4,utility,utility,1
mojahid,existing_fold_p2,mojahid:281_aug_5,utility,utility,1
mojahid,existing_fold_p2,mojahid:281_aug_6,utility,utility,1
mojahid,existing_fold_p2,mojahid:16,intact,intact,1
mojahid,existing_fold_p2,mojahid:17,intact,intact,1
mojahid,existing_fold_p2,mojahid:18,intact,intact,1
mojahid,existing_fold_p2,mojahid:22,cavity,utility,0
mojahid,existing_fold_p2,mojahid:23,intact,intact,1
mojahid,existing_fold_p2,mojahid:3,intact,intact,1
mojahid,existing_fold_p2,mojahid:46,cavity,utility,0
mojahid,existing_fold_p2,mojahid:48,cavity,cavity,1
mojahid,existing_fold_p2,mojahid:5,intact,intact,1
mojahid,existing_fold_p2,mojahid:55,cavity,intact,0
mojahid,existing_fold_p2,mojahid:57,cavity,utility,0
mojahid,existing_fold_p2,mojahid:59,cavity,cavity,1
mojahid,existing_fold_p2,mojahid:61,cavity,intact,0
mojahid,existing_fold_p2,mojahid:62,cavity,cavity,1
mojahid,existing_fold_p2,mojahid:63,cavity,cavity,1
mojahid,existing_fold_p2,mojahid:72,cavity,cavity,1
mojahid,existing_fold_p2,mojahid:73,cavity,cavity,1
mojahid,existing_fold_p2,mojahid:74,cavity,cavity,1
mojahid,existing_fold_p2,mojahid:79,cavity,cavity,1
mojahid,existing_fold_p2,mojahid:8,intact,intact,1
mojahid,existing_fold_p2,mojahid:9,intact,intact,1
mojahid,existing_fold_p2,mojahid:1 (2),intact,intact,1
mojahid,existing_fold_p2,mojahid:11 (2),intact,intact,1
mojahid,existing_fold_p2,mojahid:16,intact,intact,1
mojahid,existing_fold_p2,mojahid:17,intact,intact,1
mojahid,existing_fold_p2,mojahid:18,intact,intact,1
mojahid,existing_fold_p2,mojahid:19 (2),intact,intact,1
mojahid,existing_fold_p2,mojahid:23,intact,intact,1
mojahid,existing_fold_p2,mojahid:25 (2),intact,intact,1
mojahid,existing_fold_p2,mojahid:3,intact,intact,1
mojahid,existing_fold_p2,mojahid:5,intact,intact,1
mojahid,existing_fold_p2,mojahid:6 (2),intact,intact,1
mojahid,existing_fold_p2,mojahid:8,intact,intact,1
mojahid,existing_fold_p2,mojahid:9,intact,intact,1
mojahid,existing_fold_p2,mojahid:008,utility,intact,0
mojahid,existing_fold_p2,mojahid:014,utility,utility,1
mojahid,existing_fold_p2,mojahid:015,utility,utility,1
mojahid,existing_fold_p2,mojahid:030,utility,utility,1
mojahid,existing_fold_p2,mojahid:033,utility,utility,1
mojahid,existing_fold_p2,mojahid:055,utility,utility,1
mojahid,existing_fold_p2,mojahid:060,utility,intact,0
mojahid,existing_fold_p2,mojahid:063,utility,utility,1
mojahid,existing_fold_p2,mojahid:068,utility,utility,1
mojahid,existing_fold_p2,mojahid:098,utility,utility,1
mojahid,existing_fold_p2,mojahid:102,utility,utility,1
mojahid,existing_fold_p2,mojahid:106,utility,utility,1
mojahid,existing_fold_p2,mojahid:113,utility,utility,1
mojahid,existing_fold_p2,mojahid:128,utility,intact,0
mojahid,existing_fold_p2,mojahid:132,utility,utility,1
mojahid,existing_fold_p2,mojahid:143,utility,utility,1
mojahid,existing_fold_p2,mojahid:145,utility,utility,1
mojahid,existing_fold_p2,mojahid:151,utility,utility,1
mojahid,existing_fold_p2,mojahid:155,utility,intact,0
mojahid,existing_fold_p2,mojahid:156,utility,utility,1
mojahid,existing_fold_p2,mojahid:157,utility,utility,1
mojahid,existing_fold_p2,mojahid:170,utility,utility,1
mojahid,existing_fold_p2,mojahid:173,utility,utility,1
mojahid,existing_fold_p2,mojahid:185,utility,utility,1
mojahid,existing_fold_p2,mojahid:190,utility,utility,1
mojahid,existing_fold_p2,mojahid:194,utility,cavity,0
mojahid,existing_fold_p2,mojahid:204,utility,utility,1
mojahid,existing_fold_p2,mojahid:245,utility,utility,1
mojahid,existing_fold_p2,mojahid:248,utility,utility,1
mojahid,existing_fold_p2,mojahid:265,utility,utility,1
mojahid,existing_fold_p2,mojahid:281,utility,utility,1
mojahid,source_group_holdout_70_15_15,mojahid:18_aug_10,intact,intact,1
mojahid,source_group_holdout_70_15_15,mojahid:18_aug_11,intact,intact,1
mojahid,source_group_holdout_70_15_15,mojahid:18_aug_12,intact,intact,1
mojahid,source_group_holdout_70_15_15,mojahid:18_aug_13,cavity,utility,0
mojahid,source_group_holdout_70_15_15,mojahid:18_aug_7,intact,intact,1
mojahid,source_group_holdout_70_15_15,mojahid:18_aug_8,intact,intact,1
mojahid,source_group_holdout_70_15_15,mojahid:18_aug_9,intact,intact,1
mojahid,source_group_holdout_70_15_15,mojahid:19_aug_10,intact,intact,1
mojahid,source_group_holdout_70_15_15,mojahid:19_aug_11,intact,intact,1
mojahid,source_group_holdout_70_15_15,mojahid:19_aug_12,intact,intact,1
mojahid,source_group_holdout_70_15_15,mojahid:19_aug_13,cavity,utility,0
mojahid,source_group_holdout_70_15_15,mojahid:19_aug_7,intact,intact,1
mojahid,source_group_holdout_70_15_15,mojahid:19_aug_8,intact,intact,1
mojahid,source_group_holdout_70_15_15,mojahid:19_aug_9,intact,intact,1
mojahid,source_group_holdout_70_15_15,mojahid:35_aug_10,cavity,intact,0
mojahid,source_group_holdout_70_15_15,mojahid:35_aug_11,cavity,cavity,1
mojahid,source_group_holdout_70_15_15,mojahid:35_aug_12,cavity,cavity,1
mojahid,source_group_holdout_70_15_15,mojahid:35_aug_13,cavity,cavity,1
mojahid,source_group_holdout_70_15_15,mojahid:35_aug_7,cavity,cavity,1
mojahid,source_group_holdout_70_15_15,mojahid:35_aug_8,cavity,cavity,1
mojahid,source_group_holdout_70_15_15,mojahid:35_aug_9,cavity,cavity,1
mojahid,source_group_holdout_70_15_15,mojahid:38_aug_10,intact,intact,1
mojahid,source_group_holdout_70_15_15,mojahid:38_aug_11,intact,intact,1
mojahid,source_group_holdout_70_15_15,mojahid:38_aug_12,intact,intact,1
mojahid,source_group_holdout_70_15_15,mojahid:38_aug_13,cavity,cavity,1
mojahid,source_group_holdout_70_15_15,mojahid:38_aug_7,intact,intact,1
mojahid,source_group_holdout_70_15_15,mojahid:38_aug_8,intact,intact,1
mojahid,source_group_holdout_70_15_15,mojahid:38_aug_9,intact,intact,1
mojahid,source_group_holdout_70_15_15,mojahid:39_aug_10,intact,intact,1
mojahid,source_group_holdout_70_15_15,mojahid:39_aug_11,intact,intact,1
mojahid,source_group_holdout_70_15_15,mojahid:39_aug_12,intact,intact,1
mojahid,source_group_holdout_70_15_15,mojahid:39_aug_13,cavity,utility,0
mojahid,source_group_holdout_70_15_15,mojahid:39_aug_7,intact,intact,1
mojahid,source_group_holdout_70_15_15,mojahid:39_aug_8,intact,intact,1
mojahid,source_group_holdout_70_15_15,mojahid:39_aug_9,intact,intact,1
mojahid,source_group_holdout_70_15_15,mojahid:42_aug_10,intact,intact,1
mojahid,source_group_holdout_70_15_15,mojahid:42_aug_11,intact,intact,1
mojahid,source_group_holdout_70_15_15,mojahid:42_aug_12,intact,intact,1
mojahid,source_group_holdout_70_15_15,mojahid:42_aug_13,cavity,intact,0
mojahid,source_group_holdout_70_15_15,mojahid:42_aug_7,intact,intact,1
mojahid,source_group_holdout_70_15_15,mojahid:42_aug_8,intact,intact,1
mojahid,source_group_holdout_70_15_15,mojahid:42_aug_9,intact,intact,1
mojahid,source_group_holdout_70_15_15,mojahid:46_aug_10,cavity,utility,0
mojahid,source_group_holdout_70_15_15,mojahid:46_aug_11,cavity,utility,0
mojahid,source_group_holdout_70_15_15,mojahid:46_aug_12,cavity,utility,0
mojahid,source_group_holdout_70_15_15,mojahid:46_aug_13,cavity,utility,0
mojahid,source_group_holdout_70_15_15,mojahid:46_aug_7,cavity,utility,0
mojahid,source_group_holdout_70_15_15,mojahid:46_aug_8,cavity,utility,0
mojahid,source_group_holdout_70_15_15,mojahid:46_aug_9,cavity,utility,0
mojahid,source_group_holdout_70_15_15,mojahid:51_aug_10,cavity,intact,0
mojahid,source_group_holdout_70_15_15,mojahid:51_aug_11,cavity,intact,0
mojahid,source_group_holdout_70_15_15,mojahid:51_aug_12,cavity,cavity,1
mojahid,source_group_holdout_70_15_15,mojahid:51_aug_13,cavity,cavity,1
mojahid,source_group_holdout_70_15_15,mojahid:51_aug_7,cavity,cavity,1
mojahid,source_group_holdout_70_15_15,mojahid:51_aug_8,cavity,cavity,1
mojahid,source_group_holdout_70_15_15,mojahid:51_aug_9,cavity,intact,0
mojahid,source_group_holdout_70_15_15,mojahid:6_aug_10,intact,intact,1
mojahid,source_group_holdout_70_15_15,mojahid:6_aug_11,intact,intact,1
mojahid,source_group_holdout_70_15_15,mojahid:6_aug_12,intact,intact,1
mojahid,source_group_holdout_70_15_15,mojahid:6_aug_13,cavity,cavity,1
mojahid,source_group_holdout_70_15_15,mojahid:6_aug_7,intact,intact,1
mojahid,source_group_holdout_70_15_15,mojahid:6_aug_8,intact,intact,1
mojahid,source_group_holdout_70_15_15,mojahid:6_aug_9,intact,intact,1
mojahid,source_group_holdout_70_15_15,mojahid:61_aug_10,cavity,cavity,1
mojahid,source_group_holdout_70_15_15,mojahid:61_aug_11,cavity,cavity,1
mojahid,source_group_holdout_70_15_15,mojahid:61_aug_12,cavity,intact,0
mojahid,source_group_holdout_70_15_15,mojahid:61_aug_13,cavity,intact,0
mojahid,source_group_holdout_70_15_15,mojahid:61_aug_7,cavity,intact,0
mojahid,source_group_holdout_70_15_15,mojahid:61_aug_8,cavity,cavity,1
mojahid,source_group_holdout_70_15_15,mojahid:61_aug_9,cavity,intact,0
mojahid,source_group_holdout_70_15_15,mojahid:67_aug_10,cavity,cavity,1
mojahid,source_group_holdout_70_15_15,mojahid:67_aug_11,cavity,cavity,1
mojahid,source_group_holdout_70_15_15,mojahid:67_aug_12,cavity,cavity,1
mojahid,source_group_holdout_70_15_15,mojahid:67_aug_13,cavity,cavity,1
mojahid,source_group_holdout_70_15_15,mojahid:67_aug_7,cavity,cavity,1
mojahid,source_group_holdout_70_15_15,mojahid:67_aug_8,cavity,cavity,1
mojahid,source_group_holdout_70_15_15,mojahid:67_aug_9,cavity,utility,0
mojahid,source_group_holdout_70_15_15,mojahid:69_aug_10,cavity,intact,0
mojahid,source_group_holdout_70_15_15,mojahid:69_aug_11,cavity,cavity,1
mojahid,source_group_holdout_70_15_15,mojahid:69_aug_12,cavity,cavity,1
mojahid,source_group_holdout_70_15_15,mojahid:69_aug_13,cavity,utility,0
mojahid,source_group_holdout_70_15_15,mojahid:69_aug_7,cavity,intact,0
mojahid,source_group_holdout_70_15_15,mojahid:69_aug_8,cavity,utility,0
mojahid,source_group_holdout_70_15_15,mojahid:69_aug_9,cavity,utility,0
mojahid,source_group_holdout_70_15_15,mojahid:80_aug_10,cavity,utility,0
mojahid,source_group_holdout_70_15_15,mojahid:80_aug_11,cavity,utility,0
mojahid,source_group_holdout_70_15_15,mojahid:80_aug_12,cavity,cavity,1
mojahid,source_group_holdout_70_15_15,mojahid:80_aug_13,cavity,cavity,1
mojahid,source_group_holdout_70_15_15,mojahid:80_aug_7,cavity,cavity,1
mojahid,source_group_holdout_70_15_15,mojahid:80_aug_8,cavity,cavity,1
mojahid,source_group_holdout_70_15_15,mojahid:80_aug_9,cavity,cavity,1
mojahid,source_group_holdout_70_15_15,mojahid:10 (2)_aug_3,intact,intact,1
mojahid,source_group_holdout_70_15_15,mojahid:11 (2)_aug_12,intact,intact,1
mojahid,source_group_holdout_70_15_15,mojahid:12 (2)_aug_11,intact,intact,1
mojahid,source_group_holdout_70_15_15,mojahid:14 (2)_aug_2,intact,intact,1
mojahid,source_group_holdout_70_15_15,mojahid:17 (2)_aug_2,intact,intact,1
mojahid,source_group_holdout_70_15_15,mojahid:17 (2)_aug_4,intact,intact,1
mojahid,source_group_holdout_70_15_15,mojahid:17 (2)_aug_7,intact,intact,1
mojahid,source_group_holdout_70_15_15,mojahid:17 (2)_aug_9,intact,intact,1
mojahid,source_group_holdout_70_15_15,mojahid:18 (2)_aug_12,intact,intact,1
mojahid,source_group_holdout_70_15_15,mojahid:18 (2)_aug_4,intact,intact,1
mojahid,source_group_holdout_70_15_15,mojahid:18 (2)_aug_5,intact,intact,1
mojahid,source_group_holdout_70_15_15,mojahid:18_aug_1,intact,intact,1
mojahid,source_group_holdout_70_15_15,mojahid:18_aug_10,intact,intact,1
mojahid,source_group_holdout_70_15_15,mojahid:18_aug_11,intact,intact,1
mojahid,source_group_holdout_70_15_15,mojahid:18_aug_12,intact,intact,1
mojahid,source_group_holdout_70_15_15,mojahid:18_aug_2,intact,intact,1
mojahid,source_group_holdout_70_15_15,mojahid:18_aug_3,intact,intact,1
mojahid,source_group_holdout_70_15_15,mojahid:18_aug_4,intact,intact,1
mojahid,source_group_holdout_70_15_15,mojahid:18_aug_5,intact,intact,1
mojahid,source_group_holdout_70_15_15,mojahid:18_aug_6,intact,intact,1
mojahid,source_group_holdout_70_15_15,mojahid:18_aug_7,intact,intact,1
mojahid,source_group_holdout_70_15_15,mojahid:18_aug_8,intact,intact,1
mojahid,source_group_holdout_70_15_15,mojahid:18_aug_9,intact,intact,1
mojahid,source_group_holdout_70_15_15,mojahid:19 (2)_aug_10,intact,intact,1
mojahid,source_group_holdout_70_15_15,mojahid:19 (2)_aug_9,intact,intact,1
mojahid,source_group_holdout_70_15_15,mojahid:19_aug_1,intact,intact,1
mojahid,source_group_holdout_70_15_15,mojahid:19_aug_10,intact,intact,1
mojahid,source_group_holdout_70_15_15,mojahid:19_aug_11,intact,intact,1
mojahid,source_group_holdout_70_15_15,mojahid:19_aug_12,intact,intact,1
mojahid,source_group_holdout_70_15_15,mojahid:19_aug_2,intact,intact,1
mojahid,source_group_holdout_70_15_15,mojahid:19_aug_3,intact,intact,1
mojahid,source_group_holdout_70_15_15,mojahid:19_aug_4,intact,intact,1
mojahid,source_group_holdout_70_15_15,mojahid:19_aug_5,intact,intact,1
mojahid,source_group_holdout_70_15_15,mojahid:19_aug_6,intact,intact,1
mojahid,source_group_holdout_70_15_15,mojahid:19_aug_7,intact,intact,1
mojahid,source_group_holdout_70_15_15,mojahid:19_aug_8,intact,intact,1
mojahid,source_group_holdout_70_15_15,mojahid:19_aug_9,intact,intact,1
mojahid,source_group_holdout_70_15_15,mojahid:2 (2)_aug_10,intact,intact,1
mojahid,source_group_holdout_70_15_15,mojahid:2 (2)_aug_8,intact,intact,1
mojahid,source_group_holdout_70_15_15,mojahid:20 (2)_aug_1,intact,intact,1
mojahid,source_group_holdout_70_15_15,mojahid:20 (2)_aug_11,intact,intact,1
mojahid,source_group_holdout_70_15_15,mojahid:20 (2)_aug_6,intact,intact,1
mojahid,source_group_holdout_70_15_15,mojahid:20 (2)_aug_7,intact,intact,1
mojahid,source_group_holdout_70_15_15,mojahid:21 (2)_aug_3,intact,intact,1
mojahid,source_group_holdout_70_15_15,mojahid:21 (2)_aug_4,intact,intact,1
mojahid,source_group_holdout_70_15_15,mojahid:23 (2)_aug_3,intact,intact,1
mojahid,source_group_holdout_70_15_15,mojahid:23 (2)_aug_5,intact,intact,1
mojahid,source_group_holdout_70_15_15,mojahid:23 (2)_aug_8,intact,intact,1
mojahid,source_group_holdout_70_15_15,mojahid:25 (2)_aug_1,intact,intact,1
mojahid,source_group_holdout_70_15_15,mojahid:26 (2)_aug_12,intact,intact,1
mojahid,source_group_holdout_70_15_15,mojahid:26 (2)_aug_7,intact,intact,1
mojahid,source_group_holdout_70_15_15,mojahid:26 (2)_aug_9,intact,intact,1
mojahid,source_group_holdout_70_15_15,mojahid:27 (2)_aug_1,intact,intact,1
mojahid,source_group_holdout_70_15_15,mojahid:27 (2)_aug_3,intact,intact,1
mojahid,source_group_holdout_70_15_15,mojahid:28 (2)_aug_1,intact,intact,1
mojahid,source_group_holdout_70_15_15,mojahid:28 (2)_aug_11,intact,intact,1
mojahid,source_group_holdout_70_15_15,mojahid:28 (2)_aug_12,intact,intact,1
mojahid,source_group_holdout_70_15_15,mojahid:28 (2)_aug_6,intact,intact,1
mojahid,source_group_holdout_70_15_15,mojahid:28 (2)_aug_7,intact,intact,1
mojahid,source_group_holdout_70_15_15,mojahid:3 (2)_aug_2,intact,intact,1
mojahid,source_group_holdout_70_15_15,mojahid:3 (2)_aug_6,intact,intact,1
mojahid,source_group_holdout_70_15_15,mojahid:31 (2)_aug_1,intact,intact,1
mojahid,source_group_holdout_70_15_15,mojahid:31 (2)_aug_3,intact,intact,1
mojahid,source_group_holdout_70_15_15,mojahid:32 (2)_aug_2,intact,intact,1
mojahid,source_group_holdout_70_15_15,mojahid:32 (2)_aug_4,intact,intact,1
mojahid,source_group_holdout_70_15_15,mojahid:36 (2)_aug_12,intact,intact,1
mojahid,source_group_holdout_70_15_15,mojahid:38 (2)_aug_5,intact,cavity,0
mojahid,source_group_holdout_70_15_15,mojahid:38 (2)_aug_9,intact,intact,1
mojahid,source_group_holdout_70_15_15,mojahid:38_aug_1,intact,intact,1
mojahid,source_group_holdout_70_15_15,mojahid:38_aug_10,intact,intact,1
mojahid,source_group_holdout_70_15_15,mojahid:38_aug_11,intact,intact,1
mojahid,source_group_holdout_70_15_15,mojahid:38_aug_12,intact,intact,1
mojahid,source_group_holdout_70_15_15,mojahid:38_aug_2,intact,intact,1
mojahid,source_group_holdout_70_15_15,mojahid:38_aug_3,intact,intact,1
mojahid,source_group_holdout_70_15_15,mojahid:38_aug_4,intact,intact,1
mojahid,source_group_holdout_70_15_15,mojahid:38_aug_5,intact,intact,1
mojahid,source_group_holdout_70_15_15,mojahid:38_aug_6,intact,intact,1
mojahid,source_group_holdout_70_15_15,mojahid:38_aug_7,intact,intact,1
mojahid,source_group_holdout_70_15_15,mojahid:38_aug_8,intact,intact,1
mojahid,source_group_holdout_70_15_15,mojahid:38_aug_9,intact,intact,1
mojahid,source_group_holdout_70_15_15,mojahid:39 (2)_aug_1,intact,intact,1
mojahid,source_group_holdout_70_15_15,mojahid:39 (2)_aug_4,intact,cavity,0
mojahid,source_group_holdout_70_15_15,mojahid:39_aug_1,intact,intact,1
mojahid,source_group_holdout_70_15_15,mojahid:39_aug_10,intact,intact,1
mojahid,source_group_holdout_70_15_15,mojahid:39_aug_11,intact,intact,1
mojahid,source_group_holdout_70_15_15,mojahid:39_aug_12,intact,intact,1
mojahid,source_group_holdout_70_15_15,mojahid:39_aug_2,intact,intact,1
mojahid,source_group_holdout_70_15_15,mojahid:39_aug_3,intact,intact,1
mojahid,source_group_holdout_70_15_15,mojahid:39_aug_4,intact,intact,1
mojahid,source_group_holdout_70_15_15,mojahid:39_aug_5,intact,intact,1
mojahid,source_group_holdout_70_15_15,mojahid:39_aug_6,intact,intact,1
mojahid,source_group_holdout_70_15_15,mojahid:39_aug_7,intact,intact,1
mojahid,source_group_holdout_70_15_15,mojahid:39_aug_8,intact,intact,1
mojahid,source_group_holdout_70_15_15,mojahid:39_aug_9,intact,intact,1
mojahid,source_group_holdout_70_15_15,mojahid:4 (2)_aug_2,intact,intact,1
mojahid,source_group_holdout_70_15_15,mojahid:4 (2)_aug_3,intact,intact,1
mojahid,source_group_holdout_70_15_15,mojahid:4 (2)_aug_5,intact,intact,1
mojahid,source_group_holdout_70_15_15,mojahid:40 (2)_aug_1,intact,intact,1
mojahid,source_group_holdout_70_15_15,mojahid:40 (2)_aug_12,intact,intact,1
mojahid,source_group_holdout_70_15_15,mojahid:40 (2)_aug_7,intact,intact,1
mojahid,source_group_holdout_70_15_15,mojahid:40 (2)_aug_9,intact,intact,1
mojahid,source_group_holdout_70_15_15,mojahid:41 (2)_aug_1,intact,intact,1
mojahid,source_group_holdout_70_15_15,mojahid:41 (2)_aug_3,intact,intact,1
mojahid,source_group_holdout_70_15_15,mojahid:41 (2)_aug_6,intact,intact,1
mojahid,source_group_holdout_70_15_15,mojahid:42_aug_1,intact,intact,1
mojahid,source_group_holdout_70_15_15,mojahid:42_aug_10,intact,intact,1
mojahid,source_group_holdout_70_15_15,mojahid:42_aug_11,intact,intact,1
mojahid,source_group_holdout_70_15_15,mojahid:42_aug_12,intact,intact,1
mojahid,source_group_holdout_70_15_15,mojahid:42_aug_2,intact,intact,1
mojahid,source_group_holdout_70_15_15,mojahid:42_aug_3,intact,intact,1
mojahid,source_group_holdout_70_15_15,mojahid:42_aug_4,intact,intact,1
mojahid,source_group_holdout_70_15_15,mojahid:42_aug_5,intact,intact,1
mojahid,source_group_holdout_70_15_15,mojahid:42_aug_6,intact,cavity,0
mojahid,source_group_holdout_70_15_15,mojahid:42_aug_7,intact,intact,1
mojahid,source_group_holdout_70_15_15,mojahid:42_aug_8,intact,intact,1
mojahid,source_group_holdout_70_15_15,mojahid:42_aug_9,intact,intact,1
mojahid,source_group_holdout_70_15_15,mojahid:44 (2)_aug_11,intact,intact,1
mojahid,source_group_holdout_70_15_15,mojahid:45 (2)_aug_7,intact,intact,1
mojahid,source_group_holdout_70_15_15,mojahid:5 (2)_aug_10,intact,intact,1
mojahid,source_group_holdout_70_15_15,mojahid:5 (2)_aug_6,intact,intact,1
mojahid,source_group_holdout_70_15_15,mojahid:6 (2)_aug_2,intact,intact,1
mojahid,source_group_holdout_70_15_15,mojahid:6 (2)_aug_6,intact,intact,1
mojahid,source_group_holdout_70_15_15,mojahid:6_aug_1,intact,intact,1
mojahid,source_group_holdout_70_15_15,mojahid:6_aug_10,intact,intact,1
mojahid,source_group_holdout_70_15_15,mojahid:6_aug_11,intact,intact,1
mojahid,source_group_holdout_70_15_15,mojahid:6_aug_12,intact,intact,1
mojahid,source_group_holdout_70_15_15,mojahid:6_aug_2,intact,intact,1
mojahid,source_group_holdout_70_15_15,mojahid:6_aug_3,intact,intact,1
mojahid,source_group_holdout_70_15_15,mojahid:6_aug_4,intact,intact,1
mojahid,source_group_holdout_70_15_15,mojahid:6_aug_5,intact,intact,1
mojahid,source_group_holdout_70_15_15,mojahid:6_aug_6,intact,intact,1
mojahid,source_group_holdout_70_15_15,mojahid:6_aug_7,intact,intact,1
mojahid,source_group_holdout_70_15_15,mojahid:6_aug_8,intact,intact,1
mojahid,source_group_holdout_70_15_15,mojahid:6_aug_9,intact,intact,1
mojahid,source_group_holdout_70_15_15,mojahid:8 (2)_aug_12,intact,intact,1
mojahid,source_group_holdout_70_15_15,mojahid:8 (2)_aug_4,intact,intact,1
mojahid,source_group_holdout_70_15_15,mojahid:9 (2)_aug_7,intact,cavity,0
mojahid,source_group_holdout_70_15_15,mojahid:011_aug_1,utility,utility,1
mojahid,source_group_holdout_70_15_15,mojahid:011_aug_2,utility,utility,1
mojahid,source_group_holdout_70_15_15,mojahid:011_aug_3,utility,utility,1
mojahid,source_group_holdout_70_15_15,mojahid:011_aug_4,utility,utility,1
mojahid,source_group_holdout_70_15_15,mojahid:011_aug_5,utility,utility,1
mojahid,source_group_holdout_70_15_15,mojahid:011_aug_6,utility,utility,1
mojahid,source_group_holdout_70_15_15,mojahid:032_aug_1,utility,cavity,0
mojahid,source_group_holdout_70_15_15,mojahid:032_aug_2,utility,intact,0
mojahid,source_group_holdout_70_15_15,mojahid:032_aug_3,utility,intact,0
mojahid,source_group_holdout_70_15_15,mojahid:032_aug_4,utility,utility,1
mojahid,source_group_holdout_70_15_15,mojahid:032_aug_5,utility,cavity,0
mojahid,source_group_holdout_70_15_15,mojahid:032_aug_6,utility,intact,0
mojahid,source_group_holdout_70_15_15,mojahid:037_aug_1,utility,intact,0
mojahid,source_group_holdout_70_15_15,mojahid:037_aug_2,utility,intact,0
mojahid,source_group_holdout_70_15_15,mojahid:037_aug_3,utility,intact,0
mojahid,source_group_holdout_70_15_15,mojahid:037_aug_4,utility,intact,0
mojahid,source_group_holdout_70_15_15,mojahid:037_aug_5,utility,intact,0
mojahid,source_group_holdout_70_15_15,mojahid:037_aug_6,utility,intact,0
mojahid,source_group_holdout_70_15_15,mojahid:059_aug_1,utility,cavity,0
mojahid,source_group_holdout_70_15_15,mojahid:059_aug_2,utility,utility,1
mojahid,source_group_holdout_70_15_15,mojahid:059_aug_3,utility,utility,1
mojahid,source_group_holdout_70_15_15,mojahid:059_aug_4,utility,utility,1
mojahid,source_group_holdout_70_15_15,mojahid:059_aug_5,utility,utility,1
mojahid,source_group_holdout_70_15_15,mojahid:059_aug_6,utility,utility,1
mojahid,source_group_holdout_70_15_15,mojahid:071_aug_1,utility,utility,1
mojahid,source_group_holdout_70_15_15,mojahid:071_aug_2,utility,utility,1
mojahid,source_group_holdout_70_15_15,mojahid:071_aug_3,utility,utility,1
mojahid,source_group_holdout_70_15_15,mojahid:071_aug_4,utility,utility,1
mojahid,source_group_holdout_70_15_15,mojahid:071_aug_5,utility,utility,1
mojahid,source_group_holdout_70_15_15,mojahid:071_aug_6,utility,utility,1
mojahid,source_group_holdout_70_15_15,mojahid:075_aug_1,utility,utility,1
mojahid,source_group_holdout_70_15_15,mojahid:075_aug_2,utility,utility,1
mojahid,source_group_holdout_70_15_15,mojahid:075_aug_3,utility,utility,1
mojahid,source_group_holdout_70_15_15,mojahid:075_aug_4,utility,intact,0
mojahid,source_group_holdout_70_15_15,mojahid:075_aug_5,utility,utility,1
mojahid,source_group_holdout_70_15_15,mojahid:075_aug_6,utility,utility,1
mojahid,source_group_holdout_70_15_15,mojahid:091_aug_1,utility,utility,1
mojahid,source_group_holdout_70_15_15,mojahid:091_aug_2,utility,utility,1
mojahid,source_group_holdout_70_15_15,mojahid:091_aug_3,utility,utility,1
mojahid,source_group_holdout_70_15_15,mojahid:091_aug_4,utility,utility,1
mojahid,source_group_holdout_70_15_15,mojahid:091_aug_5,utility,utility,1
mojahid,source_group_holdout_70_15_15,mojahid:091_aug_6,utility,utility,1
mojahid,source_group_holdout_70_15_15,mojahid:105_aug_1,utility,utility,1
mojahid,source_group_holdout_70_15_15,mojahid:105_aug_2,utility,utility,1
mojahid,source_group_holdout_70_15_15,mojahid:105_aug_3,utility,utility,1
mojahid,source_group_holdout_70_15_15,mojahid:105_aug_4,utility,utility,1
mojahid,source_group_holdout_70_15_15,mojahid:105_aug_5,utility,utility,1
mojahid,source_group_holdout_70_15_15,mojahid:105_aug_6,utility,utility,1
mojahid,source_group_holdout_70_15_15,mojahid:121_aug_1,utility,intact,0
mojahid,source_group_holdout_70_15_15,mojahid:121_aug_2,utility,intact,0
mojahid,source_group_holdout_70_15_15,mojahid:121_aug_3,utility,intact,0
mojahid,source_group_holdout_70_15_15,mojahid:121_aug_4,utility,utility,1
mojahid,source_group_holdout_70_15_15,mojahid:121_aug_5,utility,intact,0
mojahid,source_group_holdout_70_15_15,mojahid:121_aug_6,utility,utility,1
mojahid,source_group_holdout_70_15_15,mojahid:132_aug_1,utility,intact,0
mojahid,source_group_holdout_70_15_15,mojahid:132_aug_2,utility,intact,0
mojahid,source_group_holdout_70_15_15,mojahid:132_aug_3,utility,intact,0
mojahid,source_group_holdout_70_15_15,mojahid:132_aug_4,utility,intact,0
mojahid,source_group_holdout_70_15_15,mojahid:132_aug_5,utility,intact,0
mojahid,source_group_holdout_70_15_15,mojahid:132_aug_6,utility,intact,0
mojahid,source_group_holdout_70_15_15,mojahid:141_aug_1,utility,cavity,0
mojahid,source_group_holdout_70_15_15,mojahid:141_aug_2,utility,utility,1
mojahid,source_group_holdout_70_15_15,mojahid:141_aug_3,utility,utility,1
mojahid,source_group_holdout_70_15_15,mojahid:141_aug_4,utility,utility,1
mojahid,source_group_holdout_70_15_15,mojahid:141_aug_5,utility,cavity,0
mojahid,source_group_holdout_70_15_15,mojahid:141_aug_6,utility,utility,1
mojahid,source_group_holdout_70_15_15,mojahid:145_aug_1,utility,utility,1
mojahid,source_group_holdout_70_15_15,mojahid:145_aug_2,utility,utility,1
mojahid,source_group_holdout_70_15_15,mojahid:145_aug_3,utility,utility,1
mojahid,source_group_holdout_70_15_15,mojahid:145_aug_4,utility,utility,1
mojahid,source_group_holdout_70_15_15,mojahid:145_aug_5,utility,utility,1
mojahid,source_group_holdout_70_15_15,mojahid:145_aug_6,utility,utility,1
mojahid,source_group_holdout_70_15_15,mojahid:150_aug_1,utility,utility,1
mojahid,source_group_holdout_70_15_15,mojahid:150_aug_2,utility,utility,1
mojahid,source_group_holdout_70_15_15,mojahid:150_aug_3,utility,utility,1
mojahid,source_group_holdout_70_15_15,mojahid:150_aug_4,utility,utility,1
mojahid,source_group_holdout_70_15_15,mojahid:150_aug_5,utility,utility,1
mojahid,source_group_holdout_70_15_15,mojahid:150_aug_6,utility,utility,1
mojahid,source_group_holdout_70_15_15,mojahid:161_aug_1,utility,utility,1
mojahid,source_group_holdout_70_15_15,mojahid:161_aug_2,utility,utility,1
mojahid,source_group_holdout_70_15_15,mojahid:161_aug_3,utility,utility,1
mojahid,source_group_holdout_70_15_15,mojahid:161_aug_4,utility,utility,1
mojahid,source_group_holdout_70_15_15,mojahid:161_aug_5,utility,utility,1
mojahid,source_group_holdout_70_15_15,mojahid:161_aug_6,utility,utility,1
mojahid,source_group_holdout_70_15_15,mojahid:175_aug_1,utility,utility,1
mojahid,source_group_holdout_70_15_15,mojahid:175_aug_2,utility,utility,1
mojahid,source_group_holdout_70_15_15,mojahid:175_aug_3,utility,cavity,0
mojahid,source_group_holdout_70_15_15,mojahid:175_aug_4,utility,utility,1
mojahid,source_group_holdout_70_15_15,mojahid:175_aug_5,utility,utility,1
mojahid,source_group_holdout_70_15_15,mojahid:175_aug_6,utility,utility,1
mojahid,source_group_holdout_70_15_15,mojahid:192_aug_1,utility,utility,1
mojahid,source_group_holdout_70_15_15,mojahid:192_aug_2,utility,intact,0
mojahid,source_group_holdout_70_15_15,mojahid:192_aug_3,utility,cavity,0
mojahid,source_group_holdout_70_15_15,mojahid:192_aug_4,utility,utility,1
mojahid,source_group_holdout_70_15_15,mojahid:192_aug_5,utility,intact,0
mojahid,source_group_holdout_70_15_15,mojahid:192_aug_6,utility,utility,1
mojahid,source_group_holdout_70_15_15,mojahid:206_aug_1,utility,cavity,0
mojahid,source_group_holdout_70_15_15,mojahid:206_aug_2,utility,intact,0
mojahid,source_group_holdout_70_15_15,mojahid:206_aug_3,utility,utility,1
mojahid,source_group_holdout_70_15_15,mojahid:206_aug_4,utility,intact,0
mojahid,source_group_holdout_70_15_15,mojahid:206_aug_5,utility,intact,0
mojahid,source_group_holdout_70_15_15,mojahid:206_aug_6,utility,intact,0
mojahid,source_group_holdout_70_15_15,mojahid:237_aug_1,utility,cavity,0
mojahid,source_group_holdout_70_15_15,mojahid:237_aug_2,utility,utility,1
mojahid,source_group_holdout_70_15_15,mojahid:237_aug_3,utility,utility,1
mojahid,source_group_holdout_70_15_15,mojahid:237_aug_4,utility,utility,1
mojahid,source_group_holdout_70_15_15,mojahid:237_aug_5,utility,utility,1
mojahid,source_group_holdout_70_15_15,mojahid:237_aug_6,utility,utility,1
mojahid,source_group_holdout_70_15_15,mojahid:245_aug_1,utility,utility,1
mojahid,source_group_holdout_70_15_15,mojahid:245_aug_2,utility,utility,1
mojahid,source_group_holdout_70_15_15,mojahid:245_aug_3,utility,utility,1
mojahid,source_group_holdout_70_15_15,mojahid:245_aug_4,utility,utility,1
mojahid,source_group_holdout_70_15_15,mojahid:245_aug_5,utility,utility,1
mojahid,source_group_holdout_70_15_15,mojahid:245_aug_6,utility,utility,1
mojahid,source_group_holdout_70_15_15,mojahid:248_aug_1,utility,utility,1
mojahid,source_group_holdout_70_15_15,mojahid:248_aug_2,utility,utility,1
mojahid,source_group_holdout_70_15_15,mojahid:248_aug_3,utility,utility,1
mojahid,source_group_holdout_70_15_15,mojahid:248_aug_4,utility,intact,0
mojahid,source_group_holdout_70_15_15,mojahid:248_aug_5,utility,utility,1
mojahid,source_group_holdout_70_15_15,mojahid:248_aug_6,utility,utility,1
mojahid,source_group_holdout_70_15_15,mojahid:18,intact,intact,1
mojahid,source_group_holdout_70_15_15,mojahid:19,intact,intact,1
mojahid,source_group_holdout_70_15_15,mojahid:35,cavity,cavity,1
mojahid,source_group_holdout_70_15_15,mojahid:38,intact,intact,1
mojahid,source_group_holdout_70_15_15,mojahid:39,intact,intact,1
mojahid,source_group_holdout_70_15_15,mojahid:42,intact,intact,1
mojahid,source_group_holdout_70_15_15,mojahid:46,cavity,utility,0
mojahid,source_group_holdout_70_15_15,mojahid:51,cavity,intact,0
mojahid,source_group_holdout_70_15_15,mojahid:6,intact,intact,1
mojahid,source_group_holdout_70_15_15,mojahid:61,cavity,intact,0
mojahid,source_group_holdout_70_15_15,mojahid:67,cavity,cavity,1
mojahid,source_group_holdout_70_15_15,mojahid:69,cavity,utility,0
mojahid,source_group_holdout_70_15_15,mojahid:80,cavity,cavity,1
mojahid,source_group_holdout_70_15_15,mojahid:1 (2),intact,intact,1
mojahid,source_group_holdout_70_15_15,mojahid:18,intact,intact,1
mojahid,source_group_holdout_70_15_15,mojahid:19,intact,intact,1
mojahid,source_group_holdout_70_15_15,mojahid:23 (2),intact,intact,1
mojahid,source_group_holdout_70_15_15,mojahid:3 (2),intact,intact,1
mojahid,source_group_holdout_70_15_15,mojahid:38,intact,intact,1
mojahid,source_group_holdout_70_15_15,mojahid:39,intact,intact,1
mojahid,source_group_holdout_70_15_15,mojahid:42 (2),intact,intact,1
mojahid,source_group_holdout_70_15_15,mojahid:42,intact,intact,1
mojahid,source_group_holdout_70_15_15,mojahid:5 (2),intact,intact,1
mojahid,source_group_holdout_70_15_15,mojahid:6,intact,intact,1
mojahid,source_group_holdout_70_15_15,mojahid:011,utility,utility,1
mojahid,source_group_holdout_70_15_15,mojahid:032,utility,intact,0
mojahid,source_group_holdout_70_15_15,mojahid:037,utility,intact,0
mojahid,source_group_holdout_70_15_15,mojahid:059,utility,utility,1
mojahid,source_group_holdout_70_15_15,mojahid:071,utility,utility,1
mojahid,source_group_holdout_70_15_15,mojahid:075,utility,utility,1
mojahid,source_group_holdout_70_15_15,mojahid:091,utility,utility,1
mojahid,source_group_holdout_70_15_15,mojahid:105,utility,utility,1
mojahid,source_group_holdout_70_15_15,mojahid:121,utility,utility,1
mojahid,source_group_holdout_70_15_15,mojahid:132,utility,intact,0
mojahid,source_group_holdout_70_15_15,mojahid:141,utility,utility,1
mojahid,source_group_holdout_70_15_15,mojahid:145,utility,utility,1
mojahid,source_group_holdout_70_15_15,mojahid:150,utility,utility,1
mojahid,source_group_holdout_70_15_15,mojahid:161,utility,utility,1
mojahid,source_group_holdout_70_15_15,mojahid:175,utility,utility,1
mojahid,source_group_holdout_70_15_15,mojahid:192,utility,utility,1
mojahid,source_group_holdout_70_15_15,mojahid:206,utility,intact,0
mojahid,source_group_holdout_70_15_15,mojahid:237,utility,utility,1
mojahid,source_group_holdout_70_15_15,mojahid:245,utility,utility,1
mojahid,source_group_holdout_70_15_15,mojahid:248,utility,utility,1
mojahid,provenance_size_holdout_p4,mojahid:14_aug_10,intact,intact,1
mojahid,provenance_size_holdout_p4,mojahid:14_aug_11,intact,intact,1
mojahid,provenance_size_holdout_p4,mojahid:14_aug_12,intact,intact,1
mojahid,provenance_size_holdout_p4,mojahid:14_aug_13,cavity,intact,0
mojahid,provenance_size_holdout_p4,mojahid:14_aug_7,intact,intact,1
mojahid,provenance_size_holdout_p4,mojahid:14_aug_8,intact,intact,1
mojahid,provenance_size_holdout_p4,mojahid:14_aug_9,intact,intact,1
mojahid,provenance_size_holdout_p4,mojahid:17_aug_10,intact,intact,1
mojahid,provenance_size_holdout_p4,mojahid:17_aug_11,intact,intact,1
mojahid,provenance_size_holdout_p4,mojahid:17_aug_12,intact,intact,1
mojahid,provenance_size_holdout_p4,mojahid:17_aug_13,cavity,utility,0
mojahid,provenance_size_holdout_p4,mojahid:17_aug_7,intact,intact,1
mojahid,provenance_size_holdout_p4,mojahid:17_aug_8,intact,intact,1
mojahid,provenance_size_holdout_p4,mojahid:17_aug_9,intact,intact,1
mojahid,provenance_size_holdout_p4,mojahid:18_aug_10,intact,intact,1
mojahid,provenance_size_holdout_p4,mojahid:18_aug_11,intact,intact,1
mojahid,provenance_size_holdout_p4,mojahid:18_aug_12,intact,intact,1
mojahid,provenance_size_holdout_p4,mojahid:18_aug_13,cavity,utility,0
mojahid,provenance_size_holdout_p4,mojahid:18_aug_7,intact,intact,1
mojahid,provenance_size_holdout_p4,mojahid:18_aug_8,intact,intact,1
mojahid,provenance_size_holdout_p4,mojahid:18_aug_9,intact,intact,1
mojahid,provenance_size_holdout_p4,mojahid:19_aug_10,intact,intact,1
mojahid,provenance_size_holdout_p4,mojahid:19_aug_11,intact,intact,1
mojahid,provenance_size_holdout_p4,mojahid:19_aug_12,intact,intact,1
mojahid,provenance_size_holdout_p4,mojahid:19_aug_13,cavity,utility,0
mojahid,provenance_size_holdout_p4,mojahid:19_aug_7,intact,intact,1
mojahid,provenance_size_holdout_p4,mojahid:19_aug_8,intact,intact,1
mojahid,provenance_size_holdout_p4,mojahid:19_aug_9,intact,intact,1
mojahid,provenance_size_holdout_p4,mojahid:23_aug_10,intact,intact,1
mojahid,provenance_size_holdout_p4,mojahid:23_aug_11,intact,cavity,0
mojahid,provenance_size_holdout_p4,mojahid:23_aug_12,intact,intact,1
mojahid,provenance_size_holdout_p4,mojahid:23_aug_13,cavity,intact,0
mojahid,provenance_size_holdout_p4,mojahid:23_aug_7,intact,intact,1
mojahid,provenance_size_holdout_p4,mojahid:23_aug_8,intact,intact,1
mojahid,provenance_size_holdout_p4,mojahid:23_aug_9,intact,intact,1
mojahid,provenance_size_holdout_p4,mojahid:27_aug_10,intact,cavity,0
mojahid,provenance_size_holdout_p4,mojahid:27_aug_11,intact,intact,1
mojahid,provenance_size_holdout_p4,mojahid:27_aug_12,intact,intact,1
mojahid,provenance_size_holdout_p4,mojahid:27_aug_13,cavity,cavity,1
mojahid,provenance_size_holdout_p4,mojahid:27_aug_7,intact,intact,1
mojahid,provenance_size_holdout_p4,mojahid:27_aug_8,intact,intact,1
mojahid,provenance_size_holdout_p4,mojahid:27_aug_9,intact,intact,1
mojahid,provenance_size_holdout_p4,mojahid:28_aug_10,intact,intact,1
mojahid,provenance_size_holdout_p4,mojahid:28_aug_11,intact,intact,1
mojahid,provenance_size_holdout_p4,mojahid:28_aug_12,intact,intact,1
mojahid,provenance_size_holdout_p4,mojahid:28_aug_13,cavity,cavity,1
mojahid,provenance_size_holdout_p4,mojahid:28_aug_7,intact,intact,1
mojahid,provenance_size_holdout_p4,mojahid:28_aug_8,intact,intact,1
mojahid,provenance_size_holdout_p4,mojahid:28_aug_9,intact,intact,1
mojahid,provenance_size_holdout_p4,mojahid:35_aug_10,cavity,intact,0
mojahid,provenance_size_holdout_p4,mojahid:35_aug_11,cavity,cavity,1
mojahid,provenance_size_holdout_p4,mojahid:35_aug_12,cavity,cavity,1
mojahid,provenance_size_holdout_p4,mojahid:35_aug_13,cavity,cavity,1
mojahid,provenance_size_holdout_p4,mojahid:35_aug_7,cavity,cavity,1
mojahid,provenance_size_holdout_p4,mojahid:35_aug_8,cavity,cavity,1
mojahid,provenance_size_holdout_p4,mojahid:35_aug_9,cavity,cavity,1
mojahid,provenance_size_holdout_p4,mojahid:38_aug_10,intact,intact,1
mojahid,provenance_size_holdout_p4,mojahid:38_aug_11,intact,intact,1
mojahid,provenance_size_holdout_p4,mojahid:38_aug_12,intact,intact,1
mojahid,provenance_size_holdout_p4,mojahid:38_aug_13,cavity,cavity,1
mojahid,provenance_size_holdout_p4,mojahid:38_aug_7,intact,intact,1
mojahid,provenance_size_holdout_p4,mojahid:38_aug_8,intact,intact,1
mojahid,provenance_size_holdout_p4,mojahid:38_aug_9,intact,intact,1
mojahid,provenance_size_holdout_p4,mojahid:39_aug_10,intact,intact,1
mojahid,provenance_size_holdout_p4,mojahid:39_aug_11,intact,intact,1
mojahid,provenance_size_holdout_p4,mojahid:39_aug_12,intact,intact,1
mojahid,provenance_size_holdout_p4,mojahid:39_aug_13,cavity,utility,0
mojahid,provenance_size_holdout_p4,mojahid:39_aug_7,intact,intact,1
mojahid,provenance_size_holdout_p4,mojahid:39_aug_8,intact,intact,1
mojahid,provenance_size_holdout_p4,mojahid:39_aug_9,intact,intact,1
mojahid,provenance_size_holdout_p4,mojahid:42_aug_10,intact,intact,1
mojahid,provenance_size_holdout_p4,mojahid:42_aug_11,intact,intact,1
mojahid,provenance_size_holdout_p4,mojahid:42_aug_12,intact,intact,1
mojahid,provenance_size_holdout_p4,mojahid:42_aug_13,cavity,utility,0
mojahid,provenance_size_holdout_p4,mojahid:42_aug_7,intact,intact,1
mojahid,provenance_size_holdout_p4,mojahid:42_aug_8,intact,intact,1
mojahid,provenance_size_holdout_p4,mojahid:42_aug_9,intact,intact,1
mojahid,provenance_size_holdout_p4,mojahid:44_aug_10,intact,intact,1
mojahid,provenance_size_holdout_p4,mojahid:44_aug_11,intact,intact,1
mojahid,provenance_size_holdout_p4,mojahid:44_aug_12,intact,intact,1
mojahid,provenance_size_holdout_p4,mojahid:44_aug_13,cavity,cavity,1
mojahid,provenance_size_holdout_p4,mojahid:44_aug_7,intact,intact,1
mojahid,provenance_size_holdout_p4,mojahid:44_aug_8,intact,intact,1
mojahid,provenance_size_holdout_p4,mojahid:44_aug_9,intact,intact,1
mojahid,provenance_size_holdout_p4,mojahid:46_aug_10,cavity,utility,0
mojahid,provenance_size_holdout_p4,mojahid:46_aug_11,cavity,utility,0
mojahid,provenance_size_holdout_p4,mojahid:46_aug_12,cavity,utility,0
mojahid,provenance_size_holdout_p4,mojahid:46_aug_13,cavity,utility,0
mojahid,provenance_size_holdout_p4,mojahid:46_aug_7,cavity,utility,0
mojahid,provenance_size_holdout_p4,mojahid:46_aug_8,cavity,utility,0
mojahid,provenance_size_holdout_p4,mojahid:46_aug_9,cavity,utility,0
mojahid,provenance_size_holdout_p4,mojahid:48_aug_10,cavity,intact,0
mojahid,provenance_size_holdout_p4,mojahid:48_aug_11,cavity,intact,0
mojahid,provenance_size_holdout_p4,mojahid:48_aug_12,cavity,intact,0
mojahid,provenance_size_holdout_p4,mojahid:48_aug_13,cavity,intact,0
mojahid,provenance_size_holdout_p4,mojahid:48_aug_7,cavity,cavity,1
mojahid,provenance_size_holdout_p4,mojahid:48_aug_8,cavity,intact,0
mojahid,provenance_size_holdout_p4,mojahid:48_aug_9,cavity,cavity,1
mojahid,provenance_size_holdout_p4,mojahid:51_aug_10,cavity,intact,0
mojahid,provenance_size_holdout_p4,mojahid:51_aug_11,cavity,intact,0
mojahid,provenance_size_holdout_p4,mojahid:51_aug_12,cavity,cavity,1
mojahid,provenance_size_holdout_p4,mojahid:51_aug_13,cavity,intact,0
mojahid,provenance_size_holdout_p4,mojahid:51_aug_7,cavity,cavity,1
mojahid,provenance_size_holdout_p4,mojahid:51_aug_8,cavity,utility,0
mojahid,provenance_size_holdout_p4,mojahid:51_aug_9,cavity,intact,0
mojahid,provenance_size_holdout_p4,mojahid:57_aug_10,cavity,utility,0
mojahid,provenance_size_holdout_p4,mojahid:57_aug_11,cavity,utility,0
mojahid,provenance_size_holdout_p4,mojahid:57_aug_12,cavity,utility,0
mojahid,provenance_size_holdout_p4,mojahid:57_aug_13,cavity,utility,0
mojahid,provenance_size_holdout_p4,mojahid:57_aug_7,cavity,utility,0
mojahid,provenance_size_holdout_p4,mojahid:57_aug_8,cavity,utility,0
mojahid,provenance_size_holdout_p4,mojahid:57_aug_9,cavity,utility,0
mojahid,provenance_size_holdout_p4,mojahid:6_aug_10,intact,intact,1
mojahid,provenance_size_holdout_p4,mojahid:6_aug_11,intact,intact,1
mojahid,provenance_size_holdout_p4,mojahid:6_aug_12,intact,intact,1
mojahid,provenance_size_holdout_p4,mojahid:6_aug_13,cavity,cavity,1
mojahid,provenance_size_holdout_p4,mojahid:6_aug_7,intact,intact,1
mojahid,provenance_size_holdout_p4,mojahid:6_aug_8,intact,intact,1
mojahid,provenance_size_holdout_p4,mojahid:6_aug_9,intact,intact,1
mojahid,provenance_size_holdout_p4,mojahid:61_aug_10,cavity,cavity,1
mojahid,provenance_size_holdout_p4,mojahid:61_aug_11,cavity,cavity,1
mojahid,provenance_size_holdout_p4,mojahid:61_aug_12,cavity,cavity,1
mojahid,provenance_size_holdout_p4,mojahid:61_aug_13,cavity,intact,0
mojahid,provenance_size_holdout_p4,mojahid:61_aug_7,cavity,cavity,1
mojahid,provenance_size_holdout_p4,mojahid:61_aug_8,cavity,cavity,1
mojahid,provenance_size_holdout_p4,mojahid:61_aug_9,cavity,intact,0
mojahid,provenance_size_holdout_p4,mojahid:67_aug_10,cavity,cavity,1
mojahid,provenance_size_holdout_p4,mojahid:67_aug_11,cavity,cavity,1
mojahid,provenance_size_holdout_p4,mojahid:67_aug_12,cavity,cavity,1
mojahid,provenance_size_holdout_p4,mojahid:67_aug_13,cavity,cavity,1
mojahid,provenance_size_holdout_p4,mojahid:67_aug_7,cavity,cavity,1
mojahid,provenance_size_holdout_p4,mojahid:67_aug_8,cavity,cavity,1
mojahid,provenance_size_holdout_p4,mojahid:67_aug_9,cavity,cavity,1
mojahid,provenance_size_holdout_p4,mojahid:69_aug_10,cavity,intact,0
mojahid,provenance_size_holdout_p4,mojahid:69_aug_11,cavity,utility,0
mojahid,provenance_size_holdout_p4,mojahid:69_aug_12,cavity,cavity,1
mojahid,provenance_size_holdout_p4,mojahid:69_aug_13,cavity,utility,0
mojahid,provenance_size_holdout_p4,mojahid:69_aug_7,cavity,intact,0
mojahid,provenance_size_holdout_p4,mojahid:69_aug_8,cavity,utility,0
mojahid,provenance_size_holdout_p4,mojahid:69_aug_9,cavity,utility,0
mojahid,provenance_size_holdout_p4,mojahid:8_aug_10,intact,intact,1
mojahid,provenance_size_holdout_p4,mojahid:8_aug_11,intact,intact,1
mojahid,provenance_size_holdout_p4,mojahid:8_aug_12,intact,intact,1
mojahid,provenance_size_holdout_p4,mojahid:8_aug_13,cavity,intact,0
mojahid,provenance_size_holdout_p4,mojahid:8_aug_7,intact,intact,1
mojahid,provenance_size_holdout_p4,mojahid:8_aug_8,intact,intact,1
mojahid,provenance_size_holdout_p4,mojahid:8_aug_9,intact,intact,1
mojahid,provenance_size_holdout_p4,mojahid:80_aug_10,cavity,utility,0
mojahid,provenance_size_holdout_p4,mojahid:80_aug_11,cavity,utility,0
mojahid,provenance_size_holdout_p4,mojahid:80_aug_12,cavity,cavity,1
mojahid,provenance_size_holdout_p4,mojahid:80_aug_13,cavity,cavity,1
mojahid,provenance_size_holdout_p4,mojahid:80_aug_7,cavity,cavity,1
mojahid,provenance_size_holdout_p4,mojahid:80_aug_8,cavity,cavity,1
mojahid,provenance_size_holdout_p4,mojahid:80_aug_9,cavity,cavity,1
mojahid,provenance_size_holdout_p4,mojahid:14_aug_1,intact,intact,1
mojahid,provenance_size_holdout_p4,mojahid:14_aug_10,intact,intact,1
mojahid,provenance_size_holdout_p4,mojahid:14_aug_11,intact,intact,1
mojahid,provenance_size_holdout_p4,mojahid:14_aug_12,intact,intact,1
mojahid,provenance_size_holdout_p4,mojahid:14_aug_2,intact,intact,1
mojahid,provenance_size_holdout_p4,mojahid:14_aug_3,intact,intact,1
mojahid,provenance_size_holdout_p4,mojahid:14_aug_4,intact,intact,1
mojahid,provenance_size_holdout_p4,mojahid:14_aug_5,intact,intact,1
mojahid,provenance_size_holdout_p4,mojahid:14_aug_6,intact,intact,1
mojahid,provenance_size_holdout_p4,mojahid:14_aug_7,intact,intact,1
mojahid,provenance_size_holdout_p4,mojahid:14_aug_8,intact,intact,1
mojahid,provenance_size_holdout_p4,mojahid:14_aug_9,intact,intact,1
mojahid,provenance_size_holdout_p4,mojahid:17_aug_1,intact,intact,1
mojahid,provenance_size_holdout_p4,mojahid:17_aug_10,intact,intact,1
mojahid,provenance_size_holdout_p4,mojahid:17_aug_11,intact,intact,1
mojahid,provenance_size_holdout_p4,mojahid:17_aug_12,intact,intact,1
mojahid,provenance_size_holdout_p4,mojahid:17_aug_2,intact,intact,1
mojahid,provenance_size_holdout_p4,mojahid:17_aug_3,intact,intact,1
mojahid,provenance_size_holdout_p4,mojahid:17_aug_4,intact,intact,1
mojahid,provenance_size_holdout_p4,mojahid:17_aug_5,intact,intact,1
mojahid,provenance_size_holdout_p4,mojahid:17_aug_6,intact,intact,1
mojahid,provenance_size_holdout_p4,mojahid:17_aug_7,intact,intact,1
mojahid,provenance_size_holdout_p4,mojahid:17_aug_8,intact,intact,1
mojahid,provenance_size_holdout_p4,mojahid:17_aug_9,intact,intact,1
mojahid,provenance_size_holdout_p4,mojahid:18_aug_1,intact,intact,1
mojahid,provenance_size_holdout_p4,mojahid:18_aug_10,intact,intact,1
mojahid,provenance_size_holdout_p4,mojahid:18_aug_11,intact,intact,1
mojahid,provenance_size_holdout_p4,mojahid:18_aug_12,intact,intact,1
mojahid,provenance_size_holdout_p4,mojahid:18_aug_2,intact,intact,1
mojahid,provenance_size_holdout_p4,mojahid:18_aug_3,intact,intact,1
mojahid,provenance_size_holdout_p4,mojahid:18_aug_4,intact,intact,1
mojahid,provenance_size_holdout_p4,mojahid:18_aug_5,intact,intact,1
mojahid,provenance_size_holdout_p4,mojahid:18_aug_6,intact,intact,1
mojahid,provenance_size_holdout_p4,mojahid:18_aug_7,intact,intact,1
mojahid,provenance_size_holdout_p4,mojahid:18_aug_8,intact,intact,1
mojahid,provenance_size_holdout_p4,mojahid:18_aug_9,intact,intact,1
mojahid,provenance_size_holdout_p4,mojahid:19_aug_1,intact,intact,1
mojahid,provenance_size_holdout_p4,mojahid:19_aug_10,intact,intact,1
mojahid,provenance_size_holdout_p4,mojahid:19_aug_11,intact,intact,1
mojahid,provenance_size_holdout_p4,mojahid:19_aug_12,intact,intact,1
mojahid,provenance_size_holdout_p4,mojahid:19_aug_2,intact,intact,1
mojahid,provenance_size_holdout_p4,mojahid:19_aug_3,intact,intact,1
mojahid,provenance_size_holdout_p4,mojahid:19_aug_4,intact,intact,1
mojahid,provenance_size_holdout_p4,mojahid:19_aug_5,intact,intact,1
mojahid,provenance_size_holdout_p4,mojahid:19_aug_6,intact,intact,1
mojahid,provenance_size_holdout_p4,mojahid:19_aug_7,intact,intact,1
mojahid,provenance_size_holdout_p4,mojahid:19_aug_8,intact,intact,1
mojahid,provenance_size_holdout_p4,mojahid:19_aug_9,intact,intact,1
mojahid,provenance_size_holdout_p4,mojahid:23_aug_1,intact,intact,1
mojahid,provenance_size_holdout_p4,mojahid:23_aug_10,intact,intact,1
mojahid,provenance_size_holdout_p4,mojahid:23_aug_11,intact,cavity,0
mojahid,provenance_size_holdout_p4,mojahid:23_aug_12,intact,intact,1
mojahid,provenance_size_holdout_p4,mojahid:23_aug_2,intact,intact,1
mojahid,provenance_size_holdout_p4,mojahid:23_aug_3,intact,intact,1
mojahid,provenance_size_holdout_p4,mojahid:23_aug_4,intact,intact,1
mojahid,provenance_size_holdout_p4,mojahid:23_aug_5,intact,intact,1
mojahid,provenance_size_holdout_p4,mojahid:23_aug_6,intact,intact,1
mojahid,provenance_size_holdout_p4,mojahid:23_aug_7,intact,intact,1
mojahid,provenance_size_holdout_p4,mojahid:23_aug_8,intact,intact,1
mojahid,provenance_size_holdout_p4,mojahid:23_aug_9,intact,intact,1
mojahid,provenance_size_holdout_p4,mojahid:27_aug_1,intact,cavity,0
mojahid,provenance_size_holdout_p4,mojahid:27_aug_10,intact,cavity,0
mojahid,provenance_size_holdout_p4,mojahid:27_aug_11,intact,intact,1
mojahid,provenance_size_holdout_p4,mojahid:27_aug_12,intact,intact,1
mojahid,provenance_size_holdout_p4,mojahid:27_aug_2,intact,intact,1
mojahid,provenance_size_holdout_p4,mojahid:27_aug_3,intact,intact,1
mojahid,provenance_size_holdout_p4,mojahid:27_aug_4,intact,intact,1
mojahid,provenance_size_holdout_p4,mojahid:27_aug_5,intact,intact,1
mojahid,provenance_size_holdout_p4,mojahid:27_aug_6,intact,intact,1
mojahid,provenance_size_holdout_p4,mojahid:27_aug_7,intact,intact,1
mojahid,provenance_size_holdout_p4,mojahid:27_aug_8,intact,intact,1
mojahid,provenance_size_holdout_p4,mojahid:27_aug_9,intact,intact,1
mojahid,provenance_size_holdout_p4,mojahid:28_aug_1,intact,intact,1
mojahid,provenance_size_holdout_p4,mojahid:28_aug_10,intact,intact,1
mojahid,provenance_size_holdout_p4,mojahid:28_aug_11,intact,intact,1
mojahid,provenance_size_holdout_p4,mojahid:28_aug_12,intact,intact,1
mojahid,provenance_size_holdout_p4,mojahid:28_aug_2,intact,intact,1
mojahid,provenance_size_holdout_p4,mojahid:28_aug_3,intact,intact,1
mojahid,provenance_size_holdout_p4,mojahid:28_aug_4,intact,intact,1
mojahid,provenance_size_holdout_p4,mojahid:28_aug_5,intact,intact,1
mojahid,provenance_size_holdout_p4,mojahid:28_aug_6,intact,intact,1
mojahid,provenance_size_holdout_p4,mojahid:28_aug_7,intact,intact,1
mojahid,provenance_size_holdout_p4,mojahid:28_aug_8,intact,intact,1
mojahid,provenance_size_holdout_p4,mojahid:28_aug_9,intact,intact,1
mojahid,provenance_size_holdout_p4,mojahid:38_aug_1,intact,intact,1
mojahid,provenance_size_holdout_p4,mojahid:38_aug_10,intact,intact,1
mojahid,provenance_size_holdout_p4,mojahid:38_aug_11,intact,intact,1
mojahid,provenance_size_holdout_p4,mojahid:38_aug_12,intact,intact,1
mojahid,provenance_size_holdout_p4,mojahid:38_aug_2,intact,intact,1
mojahid,provenance_size_holdout_p4,mojahid:38_aug_3,intact,intact,1
mojahid,provenance_size_holdout_p4,mojahid:38_aug_4,intact,intact,1
mojahid,provenance_size_holdout_p4,mojahid:38_aug_5,intact,intact,1
mojahid,provenance_size_holdout_p4,mojahid:38_aug_6,intact,intact,1
mojahid,provenance_size_holdout_p4,mojahid:38_aug_7,intact,intact,1
mojahid,provenance_size_holdout_p4,mojahid:38_aug_8,intact,intact,1
mojahid,provenance_size_holdout_p4,mojahid:38_aug_9,intact,intact,1
mojahid,provenance_size_holdout_p4,mojahid:39_aug_1,intact,intact,1
mojahid,provenance_size_holdout_p4,mojahid:39_aug_10,intact,intact,1
mojahid,provenance_size_holdout_p4,mojahid:39_aug_11,intact,intact,1
mojahid,provenance_size_holdout_p4,mojahid:39_aug_12,intact,intact,1
mojahid,provenance_size_holdout_p4,mojahid:39_aug_2,intact,intact,1
mojahid,provenance_size_holdout_p4,mojahid:39_aug_3,intact,intact,1
mojahid,provenance_size_holdout_p4,mojahid:39_aug_4,intact,cavity,0
mojahid,provenance_size_holdout_p4,mojahid:39_aug_5,intact,intact,1
mojahid,provenance_size_holdout_p4,mojahid:39_aug_6,intact,intact,1
mojahid,provenance_size_holdout_p4,mojahid:39_aug_7,intact,intact,1
mojahid,provenance_size_holdout_p4,mojahid:39_aug_8,intact,intact,1
mojahid,provenance_size_holdout_p4,mojahid:39_aug_9,intact,intact,1
mojahid,provenance_size_holdout_p4,mojahid:42_aug_1,intact,intact,1
mojahid,provenance_size_holdout_p4,mojahid:42_aug_10,intact,intact,1
mojahid,provenance_size_holdout_p4,mojahid:42_aug_11,intact,intact,1
mojahid,provenance_size_holdout_p4,mojahid:42_aug_12,intact,intact,1
mojahid,provenance_size_holdout_p4,mojahid:42_aug_2,intact,intact,1
mojahid,provenance_size_holdout_p4,mojahid:42_aug_3,intact,intact,1
mojahid,provenance_size_holdout_p4,mojahid:42_aug_4,intact,intact,1
mojahid,provenance_size_holdout_p4,mojahid:42_aug_5,intact,intact,1
mojahid,provenance_size_holdout_p4,mojahid:42_aug_6,intact,cavity,0
mojahid,provenance_size_holdout_p4,mojahid:42_aug_7,intact,intact,1
mojahid,provenance_size_holdout_p4,mojahid:42_aug_8,intact,intact,1
mojahid,provenance_size_holdout_p4,mojahid:42_aug_9,intact,intact,1
mojahid,provenance_size_holdout_p4,mojahid:44_aug_1,intact,intact,1
mojahid,provenance_size_holdout_p4,mojahid:44_aug_10,intact,intact,1
mojahid,provenance_size_holdout_p4,mojahid:44_aug_11,intact,intact,1
mojahid,provenance_size_holdout_p4,mojahid:44_aug_12,intact,intact,1
mojahid,provenance_size_holdout_p4,mojahid:44_aug_2,intact,intact,1
mojahid,provenance_size_holdout_p4,mojahid:44_aug_3,intact,intact,1
mojahid,provenance_size_holdout_p4,mojahid:44_aug_4,intact,intact,1
mojahid,provenance_size_holdout_p4,mojahid:44_aug_5,intact,intact,1
mojahid,provenance_size_holdout_p4,mojahid:44_aug_6,intact,intact,1
mojahid,provenance_size_holdout_p4,mojahid:44_aug_7,intact,intact,1
mojahid,provenance_size_holdout_p4,mojahid:44_aug_8,intact,intact,1
mojahid,provenance_size_holdout_p4,mojahid:44_aug_9,intact,intact,1
mojahid,provenance_size_holdout_p4,mojahid:6_aug_1,intact,intact,1
mojahid,provenance_size_holdout_p4,mojahid:6_aug_10,intact,intact,1
mojahid,provenance_size_holdout_p4,mojahid:6_aug_11,intact,intact,1
mojahid,provenance_size_holdout_p4,mojahid:6_aug_12,intact,intact,1
mojahid,provenance_size_holdout_p4,mojahid:6_aug_2,intact,intact,1
mojahid,provenance_size_holdout_p4,mojahid:6_aug_3,intact,intact,1
mojahid,provenance_size_holdout_p4,mojahid:6_aug_4,intact,intact,1
mojahid,provenance_size_holdout_p4,mojahid:6_aug_5,intact,intact,1
mojahid,provenance_size_holdout_p4,mojahid:6_aug_6,intact,intact,1
mojahid,provenance_size_holdout_p4,mojahid:6_aug_7,intact,intact,1
mojahid,provenance_size_holdout_p4,mojahid:6_aug_8,intact,intact,1
mojahid,provenance_size_holdout_p4,mojahid:6_aug_9,intact,intact,1
mojahid,provenance_size_holdout_p4,mojahid:8_aug_1,intact,intact,1
mojahid,provenance_size_holdout_p4,mojahid:8_aug_10,intact,intact,1
mojahid,provenance_size_holdout_p4,mojahid:8_aug_11,intact,intact,1
mojahid,provenance_size_holdout_p4,mojahid:8_aug_12,intact,intact,1
mojahid,provenance_size_holdout_p4,mojahid:8_aug_2,intact,intact,1
mojahid,provenance_size_holdout_p4,mojahid:8_aug_3,intact,intact,1
mojahid,provenance_size_holdout_p4,mojahid:8_aug_4,intact,intact,1
mojahid,provenance_size_holdout_p4,mojahid:8_aug_5,intact,intact,1
mojahid,provenance_size_holdout_p4,mojahid:8_aug_6,intact,intact,1
mojahid,provenance_size_holdout_p4,mojahid:8_aug_7,intact,intact,1
mojahid,provenance_size_holdout_p4,mojahid:8_aug_8,intact,intact,1
mojahid,provenance_size_holdout_p4,mojahid:8_aug_9,intact,intact,1
mojahid,provenance_size_holdout_p4,mojahid:011_aug_1,utility,utility,1
mojahid,provenance_size_holdout_p4,mojahid:011_aug_2,utility,utility,1
mojahid,provenance_size_holdout_p4,mojahid:011_aug_3,utility,utility,1
mojahid,provenance_size_holdout_p4,mojahid:011_aug_4,utility,utility,1
mojahid,provenance_size_holdout_p4,mojahid:011_aug_5,utility,utility,1
mojahid,provenance_size_holdout_p4,mojahid:011_aug_6,utility,utility,1
mojahid,provenance_size_holdout_p4,mojahid:032_aug_1,utility,cavity,0
mojahid,provenance_size_holdout_p4,mojahid:032_aug_2,utility,intact,0
mojahid,provenance_size_holdout_p4,mojahid:032_aug_3,utility,intact,0
mojahid,provenance_size_holdout_p4,mojahid:032_aug_4,utility,intact,0
mojahid,provenance_size_holdout_p4,mojahid:032_aug_5,utility,intact,0
mojahid,provenance_size_holdout_p4,mojahid:032_aug_6,utility,intact,0
mojahid,provenance_size_holdout_p4,mojahid:037_aug_1,utility,intact,0
mojahid,provenance_size_holdout_p4,mojahid:037_aug_2,utility,utility,1
mojahid,provenance_size_holdout_p4,mojahid:037_aug_3,utility,intact,0
mojahid,provenance_size_holdout_p4,mojahid:037_aug_4,utility,intact,0
mojahid,provenance_size_holdout_p4,mojahid:037_aug_5,utility,intact,0
mojahid,provenance_size_holdout_p4,mojahid:037_aug_6,utility,intact,0
mojahid,provenance_size_holdout_p4,mojahid:059_aug_1,utility,cavity,0
mojahid,provenance_size_holdout_p4,mojahid:059_aug_2,utility,utility,1
mojahid,provenance_size_holdout_p4,mojahid:059_aug_3,utility,utility,1
mojahid,provenance_size_holdout_p4,mojahid:059_aug_4,utility,utility,1
mojahid,provenance_size_holdout_p4,mojahid:059_aug_5,utility,utility,1
mojahid,provenance_size_holdout_p4,mojahid:059_aug_6,utility,utility,1
mojahid,provenance_size_holdout_p4,mojahid:071_aug_1,utility,utility,1
mojahid,provenance_size_holdout_p4,mojahid:071_aug_2,utility,utility,1
mojahid,provenance_size_holdout_p4,mojahid:071_aug_3,utility,utility,1
mojahid,provenance_size_holdout_p4,mojahid:071_aug_4,utility,utility,1
mojahid,provenance_size_holdout_p4,mojahid:071_aug_5,utility,utility,1
mojahid,provenance_size_holdout_p4,mojahid:071_aug_6,utility,utility,1
mojahid,provenance_size_holdout_p4,mojahid:075_aug_1,utility,utility,1
mojahid,provenance_size_holdout_p4,mojahid:075_aug_2,utility,utility,1
mojahid,provenance_size_holdout_p4,mojahid:075_aug_3,utility,utility,1
mojahid,provenance_size_holdout_p4,mojahid:075_aug_4,utility,intact,0
mojahid,provenance_size_holdout_p4,mojahid:075_aug_5,utility,utility,1
mojahid,provenance_size_holdout_p4,mojahid:075_aug_6,utility,utility,1
mojahid,provenance_size_holdout_p4,mojahid:091_aug_1,utility,utility,1
mojahid,provenance_size_holdout_p4,mojahid:091_aug_2,utility,utility,1
mojahid,provenance_size_holdout_p4,mojahid:091_aug_3,utility,utility,1
mojahid,provenance_size_holdout_p4,mojahid:091_aug_4,utility,utility,1
mojahid,provenance_size_holdout_p4,mojahid:091_aug_5,utility,utility,1
mojahid,provenance_size_holdout_p4,mojahid:091_aug_6,utility,utility,1
mojahid,provenance_size_holdout_p4,mojahid:105_aug_1,utility,utility,1
mojahid,provenance_size_holdout_p4,mojahid:105_aug_2,utility,utility,1
mojahid,provenance_size_holdout_p4,mojahid:105_aug_3,utility,utility,1
mojahid,provenance_size_holdout_p4,mojahid:105_aug_4,utility,utility,1
mojahid,provenance_size_holdout_p4,mojahid:105_aug_5,utility,utility,1
mojahid,provenance_size_holdout_p4,mojahid:105_aug_6,utility,utility,1
mojahid,provenance_size_holdout_p4,mojahid:121_aug_1,utility,intact,0
mojahid,provenance_size_holdout_p4,mojahid:121_aug_2,utility,intact,0
mojahid,provenance_size_holdout_p4,mojahid:121_aug_3,utility,intact,0
mojahid,provenance_size_holdout_p4,mojahid:121_aug_4,utility,utility,1
mojahid,provenance_size_holdout_p4,mojahid:121_aug_5,utility,intact,0
mojahid,provenance_size_holdout_p4,mojahid:121_aug_6,utility,utility,1
mojahid,provenance_size_holdout_p4,mojahid:125_aug_1,utility,intact,0
mojahid,provenance_size_holdout_p4,mojahid:125_aug_2,utility,cavity,0
mojahid,provenance_size_holdout_p4,mojahid:125_aug_3,utility,intact,0
mojahid,provenance_size_holdout_p4,mojahid:125_aug_4,utility,intact,0
mojahid,provenance_size_holdout_p4,mojahid:125_aug_5,utility,cavity,0
mojahid,provenance_size_holdout_p4,mojahid:125_aug_6,utility,cavity,0
mojahid,provenance_size_holdout_p4,mojahid:128_aug_1,utility,intact,0
mojahid,provenance_size_holdout_p4,mojahid:128_aug_2,utility,intact,0
mojahid,provenance_size_holdout_p4,mojahid:128_aug_3,utility,intact,0
mojahid,provenance_size_holdout_p4,mojahid:128_aug_4,utility,intact,0
mojahid,provenance_size_holdout_p4,mojahid:128_aug_5,utility,intact,0
mojahid,provenance_size_holdout_p4,mojahid:128_aug_6,utility,intact,0
mojahid,provenance_size_holdout_p4,mojahid:132_aug_1,utility,intact,0
mojahid,provenance_size_holdout_p4,mojahid:132_aug_2,utility,intact,0
mojahid,provenance_size_holdout_p4,mojahid:132_aug_3,utility,intact,0
mojahid,provenance_size_holdout_p4,mojahid:132_aug_4,utility,intact,0
mojahid,provenance_size_holdout_p4,mojahid:132_aug_5,utility,intact,0
mojahid,provenance_size_holdout_p4,mojahid:132_aug_6,utility,intact,0
mojahid,provenance_size_holdout_p4,mojahid:141_aug_1,utility,utility,1
mojahid,provenance_size_holdout_p4,mojahid:141_aug_2,utility,utility,1
mojahid,provenance_size_holdout_p4,mojahid:141_aug_3,utility,utility,1
mojahid,provenance_size_holdout_p4,mojahid:141_aug_4,utility,utility,1
mojahid,provenance_size_holdout_p4,mojahid:141_aug_5,utility,cavity,0
mojahid,provenance_size_holdout_p4,mojahid:141_aug_6,utility,utility,1
mojahid,provenance_size_holdout_p4,mojahid:145_aug_1,utility,utility,1
mojahid,provenance_size_holdout_p4,mojahid:145_aug_2,utility,utility,1
mojahid,provenance_size_holdout_p4,mojahid:145_aug_3,utility,utility,1
mojahid,provenance_size_holdout_p4,mojahid:145_aug_4,utility,utility,1
mojahid,provenance_size_holdout_p4,mojahid:145_aug_5,utility,utility,1
mojahid,provenance_size_holdout_p4,mojahid:145_aug_6,utility,utility,1
mojahid,provenance_size_holdout_p4,mojahid:150_aug_1,utility,utility,1
mojahid,provenance_size_holdout_p4,mojahid:150_aug_2,utility,utility,1
mojahid,provenance_size_holdout_p4,mojahid:150_aug_3,utility,utility,1
mojahid,provenance_size_holdout_p4,mojahid:150_aug_4,utility,utility,1
mojahid,provenance_size_holdout_p4,mojahid:150_aug_5,utility,utility,1
mojahid,provenance_size_holdout_p4,mojahid:150_aug_6,utility,utility,1
mojahid,provenance_size_holdout_p4,mojahid:159_aug_1,utility,cavity,0
mojahid,provenance_size_holdout_p4,mojahid:159_aug_2,utility,utility,1
mojahid,provenance_size_holdout_p4,mojahid:159_aug_3,utility,utility,1
mojahid,provenance_size_holdout_p4,mojahid:159_aug_4,utility,utility,1
mojahid,provenance_size_holdout_p4,mojahid:159_aug_5,utility,cavity,0
mojahid,provenance_size_holdout_p4,mojahid:159_aug_6,utility,utility,1
mojahid,provenance_size_holdout_p4,mojahid:161_aug_1,utility,utility,1
mojahid,provenance_size_holdout_p4,mojahid:161_aug_2,utility,utility,1
mojahid,provenance_size_holdout_p4,mojahid:161_aug_3,utility,utility,1
mojahid,provenance_size_holdout_p4,mojahid:161_aug_4,utility,utility,1
mojahid,provenance_size_holdout_p4,mojahid:161_aug_5,utility,utility,1
mojahid,provenance_size_holdout_p4,mojahid:161_aug_6,utility,utility,1
mojahid,provenance_size_holdout_p4,mojahid:175_aug_1,utility,utility,1
mojahid,provenance_size_holdout_p4,mojahid:175_aug_2,utility,utility,1
mojahid,provenance_size_holdout_p4,mojahid:175_aug_3,utility,cavity,0
mojahid,provenance_size_holdout_p4,mojahid:175_aug_4,utility,utility,1
mojahid,provenance_size_holdout_p4,mojahid:175_aug_5,utility,utility,1
mojahid,provenance_size_holdout_p4,mojahid:175_aug_6,utility,utility,1
mojahid,provenance_size_holdout_p4,mojahid:183_aug_1,utility,intact,0
mojahid,provenance_size_holdout_p4,mojahid:183_aug_2,utility,utility,1
mojahid,provenance_size_holdout_p4,mojahid:183_aug_3,utility,utility,1
mojahid,provenance_size_holdout_p4,mojahid:183_aug_4,utility,utility,1
mojahid,provenance_size_holdout_p4,mojahid:183_aug_5,utility,utility,1
mojahid,provenance_size_holdout_p4,mojahid:183_aug_6,utility,utility,1
mojahid,provenance_size_holdout_p4,mojahid:192_aug_1,utility,utility,1
mojahid,provenance_size_holdout_p4,mojahid:192_aug_2,utility,cavity,0
mojahid,provenance_size_holdout_p4,mojahid:192_aug_3,utility,cavity,0
mojahid,provenance_size_holdout_p4,mojahid:192_aug_4,utility,utility,1
mojahid,provenance_size_holdout_p4,mojahid:192_aug_5,utility,intact,0
mojahid,provenance_size_holdout_p4,mojahid:192_aug_6,utility,utility,1
mojahid,provenance_size_holdout_p4,mojahid:198_aug_1,utility,intact,0
mojahid,provenance_size_holdout_p4,mojahid:198_aug_2,utility,intact,0
mojahid,provenance_size_holdout_p4,mojahid:198_aug_3,utility,intact,0
mojahid,provenance_size_holdout_p4,mojahid:198_aug_4,utility,intact,0
mojahid,provenance_size_holdout_p4,mojahid:198_aug_5,utility,intact,0
mojahid,provenance_size_holdout_p4,mojahid:198_aug_6,utility,intact,0
mojahid,provenance_size_holdout_p4,mojahid:206_aug_1,utility,cavity,0
mojahid,provenance_size_holdout_p4,mojahid:206_aug_2,utility,intact,0
mojahid,provenance_size_holdout_p4,mojahid:206_aug_3,utility,utility,1
mojahid,provenance_size_holdout_p4,mojahid:206_aug_4,utility,intact,0
mojahid,provenance_size_holdout_p4,mojahid:206_aug_5,utility,intact,0
mojahid,provenance_size_holdout_p4,mojahid:206_aug_6,utility,intact,0
mojahid,provenance_size_holdout_p4,mojahid:222_aug_1,utility,utility,1
mojahid,provenance_size_holdout_p4,mojahid:222_aug_2,utility,utility,1
mojahid,provenance_size_holdout_p4,mojahid:222_aug_3,utility,utility,1
mojahid,provenance_size_holdout_p4,mojahid:222_aug_4,utility,utility,1
mojahid,provenance_size_holdout_p4,mojahid:222_aug_5,utility,utility,1
mojahid,provenance_size_holdout_p4,mojahid:222_aug_6,utility,utility,1
mojahid,provenance_size_holdout_p4,mojahid:237_aug_1,utility,cavity,0
mojahid,provenance_size_holdout_p4,mojahid:237_aug_2,utility,utility,1
mojahid,provenance_size_holdout_p4,mojahid:237_aug_3,utility,utility,1
mojahid,provenance_size_holdout_p4,mojahid:237_aug_4,utility,utility,1
mojahid,provenance_size_holdout_p4,mojahid:237_aug_5,utility,utility,1
mojahid,provenance_size_holdout_p4,mojahid:237_aug_6,utility,utility,1
mojahid,provenance_size_holdout_p4,mojahid:245_aug_1,utility,utility,1
mojahid,provenance_size_holdout_p4,mojahid:245_aug_2,utility,utility,1
mojahid,provenance_size_holdout_p4,mojahid:245_aug_3,utility,utility,1
mojahid,provenance_size_holdout_p4,mojahid:245_aug_4,utility,utility,1
mojahid,provenance_size_holdout_p4,mojahid:245_aug_5,utility,utility,1
mojahid,provenance_size_holdout_p4,mojahid:245_aug_6,utility,utility,1
mojahid,provenance_size_holdout_p4,mojahid:248_aug_1,utility,utility,1
mojahid,provenance_size_holdout_p4,mojahid:248_aug_2,utility,intact,0
mojahid,provenance_size_holdout_p4,mojahid:248_aug_3,utility,utility,1
mojahid,provenance_size_holdout_p4,mojahid:248_aug_4,utility,intact,0
mojahid,provenance_size_holdout_p4,mojahid:248_aug_5,utility,utility,1
mojahid,provenance_size_holdout_p4,mojahid:248_aug_6,utility,utility,1
mojahid,provenance_size_holdout_p4,mojahid:266_aug_1,utility,utility,1
mojahid,provenance_size_holdout_p4,mojahid:266_aug_2,utility,utility,1
mojahid,provenance_size_holdout_p4,mojahid:266_aug_3,utility,utility,1
mojahid,provenance_size_holdout_p4,mojahid:266_aug_4,utility,utility,1
mojahid,provenance_size_holdout_p4,mojahid:266_aug_5,utility,utility,1
mojahid,provenance_size_holdout_p4,mojahid:266_aug_6,utility,utility,1
mojahid,provenance_size_holdout_p4,mojahid:14,intact,intact,1
mojahid,provenance_size_holdout_p4,mojahid:17,intact,intact,1
mojahid,provenance_size_holdout_p4,mojahid:18,intact,intact,1
mojahid,provenance_size_holdout_p4,mojahid:19,intact,intact,1
mojahid,provenance_size_holdout_p4,mojahid:23,intact,intact,1
mojahid,provenance_size_holdout_p4,mojahid:27,intact,intact,1
mojahid,provenance_size_holdout_p4,mojahid:28,intact,intact,1
mojahid,provenance_size_holdout_p4,mojahid:35,cavity,cavity,1
mojahid,provenance_size_holdout_p4,mojahid:38,intact,intact,1
mojahid,provenance_size_holdout_p4,mojahid:39,intact,intact,1
mojahid,provenance_size_holdout_p4,mojahid:42,intact,intact,1
mojahid,provenance_size_holdout_p4,mojahid:44,intact,intact,1
mojahid,provenance_size_holdout_p4,mojahid:46,cavity,utility,0
mojahid,provenance_size_holdout_p4,mojahid:48,cavity,intact,0
mojahid,provenance_size_holdout_p4,mojahid:51,cavity,intact,0
mojahid,provenance_size_holdout_p4,mojahid:57,cavity,utility,0
mojahid,provenance_size_holdout_p4,mojahid:6,intact,intact,1
mojahid,provenance_size_holdout_p4,mojahid:61,cavity,intact,0
mojahid,provenance_size_holdout_p4,mojahid:67,cavity,cavity,1
mojahid,provenance_size_holdout_p4,mojahid:69,cavity,utility,0
mojahid,provenance_size_holdout_p4,mojahid:8,intact,intact,1
mojahid,provenance_size_holdout_p4,mojahid:80,cavity,cavity,1
mojahid,provenance_size_holdout_p4,mojahid:14,intact,intact,1
mojahid,provenance_size_holdout_p4,mojahid:17,intact,intact,1
mojahid,provenance_size_holdout_p4,mojahid:18,intact,intact,1
mojahid,provenance_size_holdout_p4,mojahid:19,intact,intact,1
mojahid,provenance_size_holdout_p4,mojahid:23,intact,intact,1
mojahid,provenance_size_holdout_p4,mojahid:27,intact,intact,1
mojahid,provenance_size_holdout_p4,mojahid:28,intact,intact,1
mojahid,provenance_size_holdout_p4,mojahid:38,intact,intact,1
mojahid,provenance_size_holdout_p4,mojahid:39,intact,intact,1
mojahid,provenance_size_holdout_p4,mojahid:42,intact,intact,1
mojahid,provenance_size_holdout_p4,mojahid:44,intact,intact,1
mojahid,provenance_size_holdout_p4,mojahid:6,intact,intact,1
mojahid,provenance_size_holdout_p4,mojahid:8,intact,intact,1
mojahid,provenance_size_holdout_p4,mojahid:011,utility,utility,1
mojahid,provenance_size_holdout_p4,mojahid:032,utility,intact,0
mojahid,provenance_size_holdout_p4,mojahid:037,utility,intact,0
mojahid,provenance_size_holdout_p4,mojahid:059,utility,utility,1
mojahid,provenance_size_holdout_p4,mojahid:071,utility,utility,1
mojahid,provenance_size_holdout_p4,mojahid:075,utility,utility,1
mojahid,provenance_size_holdout_p4,mojahid:091,utility,utility,1
mojahid,provenance_size_holdout_p4,mojahid:105,utility,utility,1
mojahid,provenance_size_holdout_p4,mojahid:121,utility,utility,1
mojahid,provenance_size_holdout_p4,mojahid:125,utility,cavity,0
mojahid,provenance_size_holdout_p4,mojahid:128,utility,intact,0
mojahid,provenance_size_holdout_p4,mojahid:132,utility,intact,0
mojahid,provenance_size_holdout_p4,mojahid:141,utility,utility,1
mojahid,provenance_size_holdout_p4,mojahid:145,utility,utility,1
mojahid,provenance_size_holdout_p4,mojahid:150,utility,utility,1
mojahid,provenance_size_holdout_p4,mojahid:159,utility,utility,1
mojahid,provenance_size_holdout_p4,mojahid:161,utility,utility,1
mojahid,provenance_size_holdout_p4,mojahid:175,utility,utility,1
mojahid,provenance_size_holdout_p4,mojahid:183,utility,utility,1
mojahid,provenance_size_holdout_p4,mojahid:192,utility,utility,1
mojahid,provenance_size_holdout_p4,mojahid:198,utility,intact,0
mojahid,provenance_size_holdout_p4,mojahid:206,utility,intact,0
mojahid,provenance_size_holdout_p4,mojahid:222,utility,utility,1
mojahid,provenance_size_holdout_p4,mojahid:237,utility,utility,1
mojahid,provenance_size_holdout_p4,mojahid:245,utility,utility,1
mojahid,provenance_size_holdout_p4,mojahid:248,utility,utility,1
mojahid,provenance_size_holdout_p4,mojahid:266,utility,utility,1
mojahid,datasail_like_group_balance,mojahid:18_aug_10,intact,intact,1
mojahid,datasail_like_group_balance,mojahid:18_aug_11,intact,intact,1
mojahid,datasail_like_group_balance,mojahid:18_aug_12,intact,intact,1
mojahid,datasail_like_group_balance,mojahid:18_aug_13,cavity,utility,0
mojahid,datasail_like_group_balance,mojahid:18_aug_7,intact,intact,1
mojahid,datasail_like_group_balance,mojahid:18_aug_8,intact,intact,1
mojahid,datasail_like_group_balance,mojahid:18_aug_9,intact,intact,1
mojahid,datasail_like_group_balance,mojahid:19_aug_10,intact,intact,1
mojahid,datasail_like_group_balance,mojahid:19_aug_11,intact,intact,1
mojahid,datasail_like_group_balance,mojahid:19_aug_12,intact,intact,1
mojahid,datasail_like_group_balance,mojahid:19_aug_13,cavity,utility,0
mojahid,datasail_like_group_balance,mojahid:19_aug_7,intact,intact,1
mojahid,datasail_like_group_balance,mojahid:19_aug_8,intact,intact,1
mojahid,datasail_like_group_balance,mojahid:19_aug_9,intact,intact,1
mojahid,datasail_like_group_balance,mojahid:35_aug_10,cavity,intact,0
mojahid,datasail_like_group_balance,mojahid:35_aug_11,cavity,cavity,1
mojahid,datasail_like_group_balance,mojahid:35_aug_12,cavity,cavity,1
mojahid,datasail_like_group_balance,mojahid:35_aug_13,cavity,cavity,1
mojahid,datasail_like_group_balance,mojahid:35_aug_7,cavity,cavity,1
mojahid,datasail_like_group_balance,mojahid:35_aug_8,cavity,cavity,1
mojahid,datasail_like_group_balance,mojahid:35_aug_9,cavity,cavity,1
mojahid,datasail_like_group_balance,mojahid:38_aug_10,intact,intact,1
mojahid,datasail_like_group_balance,mojahid:38_aug_11,intact,intact,1
mojahid,datasail_like_group_balance,mojahid:38_aug_12,intact,intact,1
mojahid,datasail_like_group_balance,mojahid:38_aug_13,cavity,cavity,1
mojahid,datasail_like_group_balance,mojahid:38_aug_7,intact,intact,1
mojahid,datasail_like_group_balance,mojahid:38_aug_8,intact,intact,1
mojahid,datasail_like_group_balance,mojahid:38_aug_9,intact,intact,1
mojahid,datasail_like_group_balance,mojahid:39_aug_10,intact,intact,1
mojahid,datasail_like_group_balance,mojahid:39_aug_11,intact,intact,1
mojahid,datasail_like_group_balance,mojahid:39_aug_12,intact,intact,1
mojahid,datasail_like_group_balance,mojahid:39_aug_13,cavity,utility,0
mojahid,datasail_like_group_balance,mojahid:39_aug_7,intact,intact,1
mojahid,datasail_like_group_balance,mojahid:39_aug_8,intact,intact,1
mojahid,datasail_like_group_balance,mojahid:39_aug_9,intact,intact,1
mojahid,datasail_like_group_balance,mojahid:42_aug_10,intact,intact,1
mojahid,datasail_like_group_balance,mojahid:42_aug_11,intact,intact,1
mojahid,datasail_like_group_balance,mojahid:42_aug_12,intact,intact,1
mojahid,datasail_like_group_balance,mojahid:42_aug_13,cavity,intact,0
mojahid,datasail_like_group_balance,mojahid:42_aug_7,intact,intact,1
mojahid,datasail_like_group_balance,mojahid:42_aug_8,intact,intact,1
mojahid,datasail_like_group_balance,mojahid:42_aug_9,intact,intact,1
mojahid,datasail_like_group_balance,mojahid:46_aug_10,cavity,utility,0
mojahid,datasail_like_group_balance,mojahid:46_aug_11,cavity,utility,0
mojahid,datasail_like_group_balance,mojahid:46_aug_12,cavity,utility,0
mojahid,datasail_like_group_balance,mojahid:46_aug_13,cavity,utility,0
mojahid,datasail_like_group_balance,mojahid:46_aug_7,cavity,utility,0
mojahid,datasail_like_group_balance,mojahid:46_aug_8,cavity,utility,0
mojahid,datasail_like_group_balance,mojahid:46_aug_9,cavity,utility,0
mojahid,datasail_like_group_balance,mojahid:51_aug_10,cavity,intact,0
mojahid,datasail_like_group_balance,mojahid:51_aug_11,cavity,intact,0
mojahid,datasail_like_group_balance,mojahid:51_aug_12,cavity,cavity,1
mojahid,datasail_like_group_balance,mojahid:51_aug_13,cavity,cavity,1
mojahid,datasail_like_group_balance,mojahid:51_aug_7,cavity,cavity,1
mojahid,datasail_like_group_balance,mojahid:51_aug_8,cavity,cavity,1
mojahid,datasail_like_group_balance,mojahid:51_aug_9,cavity,intact,0
mojahid,datasail_like_group_balance,mojahid:6_aug_10,intact,intact,1
mojahid,datasail_like_group_balance,mojahid:6_aug_11,intact,intact,1
mojahid,datasail_like_group_balance,mojahid:6_aug_12,intact,intact,1
mojahid,datasail_like_group_balance,mojahid:6_aug_13,cavity,cavity,1
mojahid,datasail_like_group_balance,mojahid:6_aug_7,intact,intact,1
mojahid,datasail_like_group_balance,mojahid:6_aug_8,intact,intact,1
mojahid,datasail_like_group_balance,mojahid:6_aug_9,intact,intact,1
mojahid,datasail_like_group_balance,mojahid:61_aug_10,cavity,cavity,1
mojahid,datasail_like_group_balance,mojahid:61_aug_11,cavity,cavity,1
mojahid,datasail_like_group_balance,mojahid:61_aug_12,cavity,intact,0
mojahid,datasail_like_group_balance,mojahid:61_aug_13,cavity,intact,0
mojahid,datasail_like_group_balance,mojahid:61_aug_7,cavity,intact,0
mojahid,datasail_like_group_balance,mojahid:61_aug_8,cavity,cavity,1
mojahid,datasail_like_group_balance,mojahid:61_aug_9,cavity,intact,0
mojahid,datasail_like_group_balance,mojahid:67_aug_10,cavity,cavity,1
mojahid,datasail_like_group_balance,mojahid:67_aug_11,cavity,cavity,1
mojahid,datasail_like_group_balance,mojahid:67_aug_12,cavity,cavity,1
mojahid,datasail_like_group_balance,mojahid:67_aug_13,cavity,cavity,1
mojahid,datasail_like_group_balance,mojahid:67_aug_7,cavity,cavity,1
mojahid,datasail_like_group_balance,mojahid:67_aug_8,cavity,cavity,1
mojahid,datasail_like_group_balance,mojahid:67_aug_9,cavity,utility,0
mojahid,datasail_like_group_balance,mojahid:69_aug_10,cavity,intact,0
mojahid,datasail_like_group_balance,mojahid:69_aug_11,cavity,cavity,1
mojahid,datasail_like_group_balance,mojahid:69_aug_12,cavity,cavity,1
mojahid,datasail_like_group_balance,mojahid:69_aug_13,cavity,utility,0
mojahid,datasail_like_group_balance,mojahid:69_aug_7,cavity,intact,0
mojahid,datasail_like_group_balance,mojahid:69_aug_8,cavity,utility,0
mojahid,datasail_like_group_balance,mojahid:69_aug_9,cavity,utility,0
mojahid,datasail_like_group_balance,mojahid:80_aug_10,cavity,utility,0
mojahid,datasail_like_group_balance,mojahid:80_aug_11,cavity,utility,0
mojahid,datasail_like_group_balance,mojahid:80_aug_12,cavity,cavity,1
mojahid,datasail_like_group_balance,mojahid:80_aug_13,cavity,cavity,1
mojahid,datasail_like_group_balance,mojahid:80_aug_7,cavity,cavity,1
mojahid,datasail_like_group_balance,mojahid:80_aug_8,cavity,cavity,1
mojahid,datasail_like_group_balance,mojahid:80_aug_9,cavity,cavity,1
mojahid,datasail_like_group_balance,mojahid:10 (2)_aug_3,intact,intact,1
mojahid,datasail_like_group_balance,mojahid:11 (2)_aug_12,intact,intact,1
mojahid,datasail_like_group_balance,mojahid:12 (2)_aug_11,intact,intact,1
mojahid,datasail_like_group_balance,mojahid:14 (2)_aug_2,intact,intact,1
mojahid,datasail_like_group_balance,mojahid:17 (2)_aug_2,intact,intact,1
mojahid,datasail_like_group_balance,mojahid:17 (2)_aug_4,intact,intact,1
mojahid,datasail_like_group_balance,mojahid:17 (2)_aug_7,intact,intact,1
mojahid,datasail_like_group_balance,mojahid:17 (2)_aug_9,intact,intact,1
mojahid,datasail_like_group_balance,mojahid:18 (2)_aug_12,intact,intact,1
mojahid,datasail_like_group_balance,mojahid:18 (2)_aug_4,intact,intact,1
mojahid,datasail_like_group_balance,mojahid:18 (2)_aug_5,intact,intact,1
mojahid,datasail_like_group_balance,mojahid:18_aug_1,intact,intact,1
mojahid,datasail_like_group_balance,mojahid:18_aug_10,intact,intact,1
mojahid,datasail_like_group_balance,mojahid:18_aug_11,intact,intact,1
mojahid,datasail_like_group_balance,mojahid:18_aug_12,intact,intact,1
mojahid,datasail_like_group_balance,mojahid:18_aug_2,intact,intact,1
mojahid,datasail_like_group_balance,mojahid:18_aug_3,intact,intact,1
mojahid,datasail_like_group_balance,mojahid:18_aug_4,intact,intact,1
mojahid,datasail_like_group_balance,mojahid:18_aug_5,intact,intact,1
mojahid,datasail_like_group_balance,mojahid:18_aug_6,intact,intact,1
mojahid,datasail_like_group_balance,mojahid:18_aug_7,intact,intact,1
mojahid,datasail_like_group_balance,mojahid:18_aug_8,intact,intact,1
mojahid,datasail_like_group_balance,mojahid:18_aug_9,intact,intact,1
mojahid,datasail_like_group_balance,mojahid:19 (2)_aug_10,intact,intact,1
mojahid,datasail_like_group_balance,mojahid:19 (2)_aug_9,intact,intact,1
mojahid,datasail_like_group_balance,mojahid:19_aug_1,intact,intact,1
mojahid,datasail_like_group_balance,mojahid:19_aug_10,intact,intact,1
mojahid,datasail_like_group_balance,mojahid:19_aug_11,intact,intact,1
mojahid,datasail_like_group_balance,mojahid:19_aug_12,intact,intact,1
mojahid,datasail_like_group_balance,mojahid:19_aug_2,intact,intact,1
mojahid,datasail_like_group_balance,mojahid:19_aug_3,intact,intact,1
mojahid,datasail_like_group_balance,mojahid:19_aug_4,intact,intact,1
mojahid,datasail_like_group_balance,mojahid:19_aug_5,intact,intact,1
mojahid,datasail_like_group_balance,mojahid:19_aug_6,intact,intact,1
mojahid,datasail_like_group_balance,mojahid:19_aug_7,intact,intact,1
mojahid,datasail_like_group_balance,mojahid:19_aug_8,intact,intact,1
mojahid,datasail_like_group_balance,mojahid:19_aug_9,intact,intact,1
mojahid,datasail_like_group_balance,mojahid:2 (2)_aug_10,intact,intact,1
mojahid,datasail_like_group_balance,mojahid:2 (2)_aug_8,intact,intact,1
mojahid,datasail_like_group_balance,mojahid:20 (2)_aug_1,intact,intact,1
mojahid,datasail_like_group_balance,mojahid:20 (2)_aug_11,intact,intact,1
mojahid,datasail_like_group_balance,mojahid:20 (2)_aug_6,intact,intact,1
mojahid,datasail_like_group_balance,mojahid:20 (2)_aug_7,intact,intact,1
mojahid,datasail_like_group_balance,mojahid:21 (2)_aug_3,intact,intact,1
mojahid,datasail_like_group_balance,mojahid:21 (2)_aug_4,intact,intact,1
mojahid,datasail_like_group_balance,mojahid:23 (2)_aug_3,intact,intact,1
mojahid,datasail_like_group_balance,mojahid:23 (2)_aug_5,intact,intact,1
mojahid,datasail_like_group_balance,mojahid:23 (2)_aug_8,intact,intact,1
mojahid,datasail_like_group_balance,mojahid:25 (2)_aug_1,intact,intact,1
mojahid,datasail_like_group_balance,mojahid:26 (2)_aug_12,intact,intact,1
mojahid,datasail_like_group_balance,mojahid:26 (2)_aug_7,intact,intact,1
mojahid,datasail_like_group_balance,mojahid:26 (2)_aug_9,intact,intact,1
mojahid,datasail_like_group_balance,mojahid:27 (2)_aug_1,intact,intact,1
mojahid,datasail_like_group_balance,mojahid:27 (2)_aug_3,intact,intact,1
mojahid,datasail_like_group_balance,mojahid:28 (2)_aug_1,intact,intact,1
mojahid,datasail_like_group_balance,mojahid:28 (2)_aug_11,intact,intact,1
mojahid,datasail_like_group_balance,mojahid:28 (2)_aug_12,intact,intact,1
mojahid,datasail_like_group_balance,mojahid:28 (2)_aug_6,intact,intact,1
mojahid,datasail_like_group_balance,mojahid:28 (2)_aug_7,intact,intact,1
mojahid,datasail_like_group_balance,mojahid:3 (2)_aug_2,intact,intact,1
mojahid,datasail_like_group_balance,mojahid:3 (2)_aug_6,intact,intact,1
mojahid,datasail_like_group_balance,mojahid:31 (2)_aug_1,intact,intact,1
mojahid,datasail_like_group_balance,mojahid:31 (2)_aug_3,intact,intact,1
mojahid,datasail_like_group_balance,mojahid:32 (2)_aug_2,intact,intact,1
mojahid,datasail_like_group_balance,mojahid:32 (2)_aug_4,intact,intact,1
mojahid,datasail_like_group_balance,mojahid:36 (2)_aug_12,intact,intact,1
mojahid,datasail_like_group_balance,mojahid:38 (2)_aug_5,intact,cavity,0
mojahid,datasail_like_group_balance,mojahid:38 (2)_aug_9,intact,intact,1
mojahid,datasail_like_group_balance,mojahid:38_aug_1,intact,intact,1
mojahid,datasail_like_group_balance,mojahid:38_aug_10,intact,intact,1
mojahid,datasail_like_group_balance,mojahid:38_aug_11,intact,intact,1
mojahid,datasail_like_group_balance,mojahid:38_aug_12,intact,intact,1
mojahid,datasail_like_group_balance,mojahid:38_aug_2,intact,intact,1
mojahid,datasail_like_group_balance,mojahid:38_aug_3,intact,intact,1
mojahid,datasail_like_group_balance,mojahid:38_aug_4,intact,intact,1
mojahid,datasail_like_group_balance,mojahid:38_aug_5,intact,intact,1
mojahid,datasail_like_group_balance,mojahid:38_aug_6,intact,intact,1
mojahid,datasail_like_group_balance,mojahid:38_aug_7,intact,intact,1
mojahid,datasail_like_group_balance,mojahid:38_aug_8,intact,intact,1
mojahid,datasail_like_group_balance,mojahid:38_aug_9,intact,intact,1
mojahid,datasail_like_group_balance,mojahid:39 (2)_aug_1,intact,intact,1
mojahid,datasail_like_group_balance,mojahid:39 (2)_aug_4,intact,cavity,0
mojahid,datasail_like_group_balance,mojahid:39_aug_1,intact,intact,1
mojahid,datasail_like_group_balance,mojahid:39_aug_10,intact,intact,1
mojahid,datasail_like_group_balance,mojahid:39_aug_11,intact,intact,1
mojahid,datasail_like_group_balance,mojahid:39_aug_12,intact,intact,1
mojahid,datasail_like_group_balance,mojahid:39_aug_2,intact,intact,1
mojahid,datasail_like_group_balance,mojahid:39_aug_3,intact,intact,1
mojahid,datasail_like_group_balance,mojahid:39_aug_4,intact,intact,1
mojahid,datasail_like_group_balance,mojahid:39_aug_5,intact,intact,1
mojahid,datasail_like_group_balance,mojahid:39_aug_6,intact,intact,1
mojahid,datasail_like_group_balance,mojahid:39_aug_7,intact,intact,1
mojahid,datasail_like_group_balance,mojahid:39_aug_8,intact,intact,1
mojahid,datasail_like_group_balance,mojahid:39_aug_9,intact,intact,1
mojahid,datasail_like_group_balance,mojahid:4 (2)_aug_2,intact,intact,1
mojahid,datasail_like_group_balance,mojahid:4 (2)_aug_3,intact,intact,1
mojahid,datasail_like_group_balance,mojahid:4 (2)_aug_5,intact,intact,1
mojahid,datasail_like_group_balance,mojahid:40 (2)_aug_1,intact,intact,1
mojahid,datasail_like_group_balance,mojahid:40 (2)_aug_12,intact,intact,1
mojahid,datasail_like_group_balance,mojahid:40 (2)_aug_7,intact,intact,1
mojahid,datasail_like_group_balance,mojahid:40 (2)_aug_9,intact,intact,1
mojahid,datasail_like_group_balance,mojahid:41 (2)_aug_1,intact,intact,1
mojahid,datasail_like_group_balance,mojahid:41 (2)_aug_3,intact,intact,1
mojahid,datasail_like_group_balance,mojahid:41 (2)_aug_6,intact,intact,1
mojahid,datasail_like_group_balance,mojahid:42_aug_1,intact,intact,1
mojahid,datasail_like_group_balance,mojahid:42_aug_10,intact,intact,1
mojahid,datasail_like_group_balance,mojahid:42_aug_11,intact,intact,1
mojahid,datasail_like_group_balance,mojahid:42_aug_12,intact,intact,1
mojahid,datasail_like_group_balance,mojahid:42_aug_2,intact,intact,1
mojahid,datasail_like_group_balance,mojahid:42_aug_3,intact,intact,1
mojahid,datasail_like_group_balance,mojahid:42_aug_4,intact,intact,1
mojahid,datasail_like_group_balance,mojahid:42_aug_5,intact,intact,1
mojahid,datasail_like_group_balance,mojahid:42_aug_6,intact,cavity,0
mojahid,datasail_like_group_balance,mojahid:42_aug_7,intact,intact,1
mojahid,datasail_like_group_balance,mojahid:42_aug_8,intact,intact,1
mojahid,datasail_like_group_balance,mojahid:42_aug_9,intact,intact,1
mojahid,datasail_like_group_balance,mojahid:44 (2)_aug_11,intact,intact,1
mojahid,datasail_like_group_balance,mojahid:45 (2)_aug_7,intact,intact,1
mojahid,datasail_like_group_balance,mojahid:5 (2)_aug_10,intact,intact,1
mojahid,datasail_like_group_balance,mojahid:5 (2)_aug_6,intact,intact,1
mojahid,datasail_like_group_balance,mojahid:6 (2)_aug_2,intact,intact,1
mojahid,datasail_like_group_balance,mojahid:6 (2)_aug_6,intact,intact,1
mojahid,datasail_like_group_balance,mojahid:6_aug_1,intact,intact,1
mojahid,datasail_like_group_balance,mojahid:6_aug_10,intact,intact,1
mojahid,datasail_like_group_balance,mojahid:6_aug_11,intact,intact,1
mojahid,datasail_like_group_balance,mojahid:6_aug_12,intact,intact,1
mojahid,datasail_like_group_balance,mojahid:6_aug_2,intact,intact,1
mojahid,datasail_like_group_balance,mojahid:6_aug_3,intact,intact,1
mojahid,datasail_like_group_balance,mojahid:6_aug_4,intact,intact,1
mojahid,datasail_like_group_balance,mojahid:6_aug_5,intact,intact,1
mojahid,datasail_like_group_balance,mojahid:6_aug_6,intact,intact,1
mojahid,datasail_like_group_balance,mojahid:6_aug_7,intact,intact,1
mojahid,datasail_like_group_balance,mojahid:6_aug_8,intact,intact,1
mojahid,datasail_like_group_balance,mojahid:6_aug_9,intact,intact,1
mojahid,datasail_like_group_balance,mojahid:8 (2)_aug_12,intact,intact,1
mojahid,datasail_like_group_balance,mojahid:8 (2)_aug_4,intact,intact,1
mojahid,datasail_like_group_balance,mojahid:9 (2)_aug_7,intact,cavity,0
mojahid,datasail_like_group_balance,mojahid:011_aug_1,utility,utility,1
mojahid,datasail_like_group_balance,mojahid:011_aug_2,utility,utility,1
mojahid,datasail_like_group_balance,mojahid:011_aug_3,utility,utility,1
mojahid,datasail_like_group_balance,mojahid:011_aug_4,utility,utility,1
mojahid,datasail_like_group_balance,mojahid:011_aug_5,utility,utility,1
mojahid,datasail_like_group_balance,mojahid:011_aug_6,utility,utility,1
mojahid,datasail_like_group_balance,mojahid:032_aug_1,utility,cavity,0
mojahid,datasail_like_group_balance,mojahid:032_aug_2,utility,intact,0
mojahid,datasail_like_group_balance,mojahid:032_aug_3,utility,intact,0
mojahid,datasail_like_group_balance,mojahid:032_aug_4,utility,utility,1
mojahid,datasail_like_group_balance,mojahid:032_aug_5,utility,cavity,0
mojahid,datasail_like_group_balance,mojahid:032_aug_6,utility,intact,0
mojahid,datasail_like_group_balance,mojahid:037_aug_1,utility,intact,0
mojahid,datasail_like_group_balance,mojahid:037_aug_2,utility,intact,0
mojahid,datasail_like_group_balance,mojahid:037_aug_3,utility,intact,0
mojahid,datasail_like_group_balance,mojahid:037_aug_4,utility,intact,0
mojahid,datasail_like_group_balance,mojahid:037_aug_5,utility,intact,0
mojahid,datasail_like_group_balance,mojahid:037_aug_6,utility,intact,0
mojahid,datasail_like_group_balance,mojahid:059_aug_1,utility,cavity,0
mojahid,datasail_like_group_balance,mojahid:059_aug_2,utility,utility,1
mojahid,datasail_like_group_balance,mojahid:059_aug_3,utility,utility,1
mojahid,datasail_like_group_balance,mojahid:059_aug_4,utility,utility,1
mojahid,datasail_like_group_balance,mojahid:059_aug_5,utility,utility,1
mojahid,datasail_like_group_balance,mojahid:059_aug_6,utility,utility,1
mojahid,datasail_like_group_balance,mojahid:071_aug_1,utility,utility,1
mojahid,datasail_like_group_balance,mojahid:071_aug_2,utility,utility,1
mojahid,datasail_like_group_balance,mojahid:071_aug_3,utility,utility,1
mojahid,datasail_like_group_balance,mojahid:071_aug_4,utility,utility,1
mojahid,datasail_like_group_balance,mojahid:071_aug_5,utility,utility,1
mojahid,datasail_like_group_balance,mojahid:071_aug_6,utility,utility,1
mojahid,datasail_like_group_balance,mojahid:075_aug_1,utility,utility,1
mojahid,datasail_like_group_balance,mojahid:075_aug_2,utility,utility,1
mojahid,datasail_like_group_balance,mojahid:075_aug_3,utility,utility,1
mojahid,datasail_like_group_balance,mojahid:075_aug_4,utility,intact,0
mojahid,datasail_like_group_balance,mojahid:075_aug_5,utility,utility,1
mojahid,datasail_like_group_balance,mojahid:075_aug_6,utility,utility,1
mojahid,datasail_like_group_balance,mojahid:091_aug_1,utility,utility,1
mojahid,datasail_like_group_balance,mojahid:091_aug_2,utility,utility,1
mojahid,datasail_like_group_balance,mojahid:091_aug_3,utility,utility,1
mojahid,datasail_like_group_balance,mojahid:091_aug_4,utility,utility,1
mojahid,datasail_like_group_balance,mojahid:091_aug_5,utility,utility,1
mojahid,datasail_like_group_balance,mojahid:091_aug_6,utility,utility,1
mojahid,datasail_like_group_balance,mojahid:105_aug_1,utility,utility,1
mojahid,datasail_like_group_balance,mojahid:105_aug_2,utility,utility,1
mojahid,datasail_like_group_balance,mojahid:105_aug_3,utility,utility,1
mojahid,datasail_like_group_balance,mojahid:105_aug_4,utility,utility,1
mojahid,datasail_like_group_balance,mojahid:105_aug_5,utility,utility,1
mojahid,datasail_like_group_balance,mojahid:105_aug_6,utility,utility,1
mojahid,datasail_like_group_balance,mojahid:121_aug_1,utility,intact,0
mojahid,datasail_like_group_balance,mojahid:121_aug_2,utility,intact,0
mojahid,datasail_like_group_balance,mojahid:121_aug_3,utility,intact,0
mojahid,datasail_like_group_balance,mojahid:121_aug_4,utility,utility,1
mojahid,datasail_like_group_balance,mojahid:121_aug_5,utility,intact,0
mojahid,datasail_like_group_balance,mojahid:121_aug_6,utility,utility,1
mojahid,datasail_like_group_balance,mojahid:132_aug_1,utility,intact,0
mojahid,datasail_like_group_balance,mojahid:132_aug_2,utility,intact,0
mojahid,datasail_like_group_balance,mojahid:132_aug_3,utility,intact,0
mojahid,datasail_like_group_balance,mojahid:132_aug_4,utility,intact,0
mojahid,datasail_like_group_balance,mojahid:132_aug_5,utility,intact,0
mojahid,datasail_like_group_balance,mojahid:132_aug_6,utility,intact,0
mojahid,datasail_like_group_balance,mojahid:141_aug_1,utility,cavity,0
mojahid,datasail_like_group_balance,mojahid:141_aug_2,utility,utility,1
mojahid,datasail_like_group_balance,mojahid:141_aug_3,utility,utility,1
mojahid,datasail_like_group_balance,mojahid:141_aug_4,utility,utility,1
mojahid,datasail_like_group_balance,mojahid:141_aug_5,utility,cavity,0
mojahid,datasail_like_group_balance,mojahid:141_aug_6,utility,utility,1
mojahid,datasail_like_group_balance,mojahid:145_aug_1,utility,utility,1
mojahid,datasail_like_group_balance,mojahid:145_aug_2,utility,utility,1
mojahid,datasail_like_group_balance,mojahid:145_aug_3,utility,utility,1
mojahid,datasail_like_group_balance,mojahid:145_aug_4,utility,utility,1
mojahid,datasail_like_group_balance,mojahid:145_aug_5,utility,utility,1
mojahid,datasail_like_group_balance,mojahid:145_aug_6,utility,utility,1
mojahid,datasail_like_group_balance,mojahid:150_aug_1,utility,utility,1
mojahid,datasail_like_group_balance,mojahid:150_aug_2,utility,utility,1
mojahid,datasail_like_group_balance,mojahid:150_aug_3,utility,utility,1
mojahid,datasail_like_group_balance,mojahid:150_aug_4,utility,utility,1
mojahid,datasail_like_group_balance,mojahid:150_aug_5,utility,utility,1
mojahid,datasail_like_group_balance,mojahid:150_aug_6,utility,utility,1
mojahid,datasail_like_group_balance,mojahid:161_aug_1,utility,utility,1
mojahid,datasail_like_group_balance,mojahid:161_aug_2,utility,utility,1
mojahid,datasail_like_group_balance,mojahid:161_aug_3,utility,utility,1
mojahid,datasail_like_group_balance,mojahid:161_aug_4,utility,utility,1
mojahid,datasail_like_group_balance,mojahid:161_aug_5,utility,utility,1
mojahid,datasail_like_group_balance,mojahid:161_aug_6,utility,utility,1
mojahid,datasail_like_group_balance,mojahid:175_aug_1,utility,utility,1
mojahid,datasail_like_group_balance,mojahid:175_aug_2,utility,utility,1
mojahid,datasail_like_group_balance,mojahid:175_aug_3,utility,cavity,0
mojahid,datasail_like_group_balance,mojahid:175_aug_4,utility,utility,1
mojahid,datasail_like_group_balance,mojahid:175_aug_5,utility,utility,1
mojahid,datasail_like_group_balance,mojahid:175_aug_6,utility,utility,1
mojahid,datasail_like_group_balance,mojahid:192_aug_1,utility,utility,1
mojahid,datasail_like_group_balance,mojahid:192_aug_2,utility,intact,0
mojahid,datasail_like_group_balance,mojahid:192_aug_3,utility,cavity,0
mojahid,datasail_like_group_balance,mojahid:192_aug_4,utility,utility,1
mojahid,datasail_like_group_balance,mojahid:192_aug_5,utility,intact,0
mojahid,datasail_like_group_balance,mojahid:192_aug_6,utility,utility,1
mojahid,datasail_like_group_balance,mojahid:206_aug_1,utility,cavity,0
mojahid,datasail_like_group_balance,mojahid:206_aug_2,utility,intact,0
mojahid,datasail_like_group_balance,mojahid:206_aug_3,utility,utility,1
mojahid,datasail_like_group_balance,mojahid:206_aug_4,utility,intact,0
mojahid,datasail_like_group_balance,mojahid:206_aug_5,utility,intact,0
mojahid,datasail_like_group_balance,mojahid:206_aug_6,utility,intact,0
mojahid,datasail_like_group_balance,mojahid:237_aug_1,utility,cavity,0
mojahid,datasail_like_group_balance,mojahid:237_aug_2,utility,utility,1
mojahid,datasail_like_group_balance,mojahid:237_aug_3,utility,utility,1
mojahid,datasail_like_group_balance,mojahid:237_aug_4,utility,utility,1
mojahid,datasail_like_group_balance,mojahid:237_aug_5,utility,utility,1
mojahid,datasail_like_group_balance,mojahid:237_aug_6,utility,utility,1
mojahid,datasail_like_group_balance,mojahid:245_aug_1,utility,utility,1
mojahid,datasail_like_group_balance,mojahid:245_aug_2,utility,utility,1
mojahid,datasail_like_group_balance,mojahid:245_aug_3,utility,utility,1
mojahid,datasail_like_group_balance,mojahid:245_aug_4,utility,utility,1
mojahid,datasail_like_group_balance,mojahid:245_aug_5,utility,utility,1
mojahid,datasail_like_group_balance,mojahid:245_aug_6,utility,utility,1
mojahid,datasail_like_group_balance,mojahid:248_aug_1,utility,utility,1
mojahid,datasail_like_group_balance,mojahid:248_aug_2,utility,utility,1
mojahid,datasail_like_group_balance,mojahid:248_aug_3,utility,utility,1
mojahid,datasail_like_group_balance,mojahid:248_aug_4,utility,intact,0
mojahid,datasail_like_group_balance,mojahid:248_aug_5,utility,utility,1
mojahid,datasail_like_group_balance,mojahid:248_aug_6,utility,utility,1
mojahid,datasail_like_group_balance,mojahid:18,intact,intact,1
mojahid,datasail_like_group_balance,mojahid:19,intact,intact,1
mojahid,datasail_like_group_balance,mojahid:35,cavity,cavity,1
mojahid,datasail_like_group_balance,mojahid:38,intact,intact,1
mojahid,datasail_like_group_balance,mojahid:39,intact,intact,1
mojahid,datasail_like_group_balance,mojahid:42,intact,intact,1
mojahid,datasail_like_group_balance,mojahid:46,cavity,utility,0
mojahid,datasail_like_group_balance,mojahid:51,cavity,intact,0
mojahid,datasail_like_group_balance,mojahid:6,intact,intact,1
mojahid,datasail_like_group_balance,mojahid:61,cavity,intact,0
mojahid,datasail_like_group_balance,mojahid:67,cavity,cavity,1
mojahid,datasail_like_group_balance,mojahid:69,cavity,utility,0
mojahid,datasail_like_group_balance,mojahid:80,cavity,cavity,1
mojahid,datasail_like_group_balance,mojahid:1 (2),intact,intact,1
mojahid,datasail_like_group_balance,mojahid:18,intact,intact,1
mojahid,datasail_like_group_balance,mojahid:19,intact,intact,1
mojahid,datasail_like_group_balance,mojahid:23 (2),intact,intact,1
mojahid,datasail_like_group_balance,mojahid:3 (2),intact,intact,1
mojahid,datasail_like_group_balance,mojahid:38,intact,intact,1
mojahid,datasail_like_group_balance,mojahid:39,intact,intact,1
mojahid,datasail_like_group_balance,mojahid:42 (2),intact,intact,1
mojahid,datasail_like_group_balance,mojahid:42,intact,intact,1
mojahid,datasail_like_group_balance,mojahid:5 (2),intact,intact,1
mojahid,datasail_like_group_balance,mojahid:6,intact,intact,1
mojahid,datasail_like_group_balance,mojahid:011,utility,utility,1
mojahid,datasail_like_group_balance,mojahid:032,utility,intact,0
mojahid,datasail_like_group_balance,mojahid:037,utility,intact,0
mojahid,datasail_like_group_balance,mojahid:059,utility,utility,1
mojahid,datasail_like_group_balance,mojahid:071,utility,utility,1
mojahid,datasail_like_group_balance,mojahid:075,utility,utility,1
mojahid,datasail_like_group_balance,mojahid:091,utility,utility,1
mojahid,datasail_like_group_balance,mojahid:105,utility,utility,1
mojahid,datasail_like_group_balance,mojahid:121,utility,utility,1
mojahid,datasail_like_group_balance,mojahid:132,utility,intact,0
mojahid,datasail_like_group_balance,mojahid:141,utility,utility,1
mojahid,datasail_like_group_balance,mojahid:145,utility,utility,1
mojahid,datasail_like_group_balance,mojahid:150,utility,utility,1
mojahid,datasail_like_group_balance,mojahid:161,utility,utility,1
mojahid,datasail_like_group_balance,mojahid:175,utility,utility,1
mojahid,datasail_like_group_balance,mojahid:192,utility,utility,1
mojahid,datasail_like_group_balance,mojahid:206,utility,intact,0
mojahid,datasail_like_group_balance,mojahid:237,utility,utility,1
mojahid,datasail_like_group_balance,mojahid:245,utility,utility,1
mojahid,datasail_like_group_balance,mojahid:248,utility,utility,1
tigpr,random_stratified_70_15_15,tigpr:Crack:1,Crack,Interlayer_bonding_deficiency,0
tigpr,random_stratified_70_15_15,tigpr:Crack:13,Crack,Interlayer_bonding_deficiency,0
tigpr,random_stratified_70_15_15,tigpr:Crack:14,Crack,Crack,1
tigpr,random_stratified_70_15_15,tigpr:Crack:16,Crack,Crack,1
tigpr,random_stratified_70_15_15,tigpr:Crack:22,Crack,Void,0
tigpr,random_stratified_70_15_15,tigpr:Crack:27,Crack,Void,0
tigpr,random_stratified_70_15_15,tigpr:Crack:28,Crack,Void,0
tigpr,random_stratified_70_15_15,tigpr:Crack:32,Crack,Crack,1
tigpr,random_stratified_70_15_15,tigpr:Crack:34,Crack,Crack,1
tigpr,random_stratified_70_15_15,tigpr:Crack:37,Crack,Crack,1
tigpr,random_stratified_70_15_15,tigpr:Crack:49,Crack,Crack,1
tigpr,random_stratified_70_15_15,tigpr:Crack:50,Crack,Crack,1
tigpr,random_stratified_70_15_15,tigpr:Crack:51,Crack,Crack,1
tigpr,random_stratified_70_15_15,tigpr:Crack:65,Crack,Crack,1
tigpr,random_stratified_70_15_15,tigpr:Crack:72,Crack,Crack,1
tigpr,random_stratified_70_15_15,tigpr:Crack:80,Crack,Crack,1
tigpr,random_stratified_70_15_15,tigpr:Crack:81,Crack,Crack,1
tigpr,random_stratified_70_15_15,tigpr:Crack:96,Crack,Crack,1
tigpr,random_stratified_70_15_15,tigpr:Crack:110,Crack,Void,0
tigpr,random_stratified_70_15_15,tigpr:Crack:114,Crack,Crack,1
tigpr,random_stratified_70_15_15,tigpr:Crack:118,Crack,Interlayer_bonding_deficiency,0
tigpr,random_stratified_70_15_15,tigpr:Crack:137,Crack,Crack,1
tigpr,random_stratified_70_15_15,tigpr:Crack:139,Crack,Crack,1
tigpr,random_stratified_70_15_15,tigpr:Crack:162,Crack,Interlayer_bonding_deficiency,0
tigpr,random_stratified_70_15_15,tigpr:Crack:168,Crack,Crack,1
tigpr,random_stratified_70_15_15,tigpr:Crack:169,Crack,Crack,1
tigpr,random_stratified_70_15_15,tigpr:Crack:177,Crack,Crack,1
tigpr,random_stratified_70_15_15,tigpr:Crack:188,Crack,Crack,1
tigpr,random_stratified_70_15_15,tigpr:Crack:189,Crack,Crack,1
tigpr,random_stratified_70_15_15,tigpr:Crack:191,Crack,Crack,1
tigpr,random_stratified_70_15_15,tigpr:Crack:192,Crack,Crack,1
tigpr,random_stratified_70_15_15,tigpr:Crack:196,Crack,Crack,1
tigpr,random_stratified_70_15_15,tigpr:Crack:216,Crack,Crack,1
tigpr,random_stratified_70_15_15,tigpr:Crack:240,Crack,Crack,1
tigpr,random_stratified_70_15_15,tigpr:Crack:249,Crack,Crack,1
tigpr,random_stratified_70_15_15,tigpr:Crack:254,Crack,Crack,1
tigpr,random_stratified_70_15_15,tigpr:Crack:258,Crack,Void,0
tigpr,random_stratified_70_15_15,tigpr:Crack:261,Crack,Crack,1
tigpr,random_stratified_70_15_15,tigpr:Crack:264,Crack,Interlayer_bonding_deficiency,0
tigpr,random_stratified_70_15_15,tigpr:Crack:268,Crack,Crack,1
tigpr,random_stratified_70_15_15,tigpr:Crack:271,Crack,Crack,1
tigpr,random_stratified_70_15_15,tigpr:Crack:277,Crack,Crack,1
tigpr,random_stratified_70_15_15,tigpr:Crack:281,Crack,Crack,1
tigpr,random_stratified_70_15_15,tigpr:Crack:285,Crack,Void,0
tigpr,random_stratified_70_15_15,tigpr:Crack:301,Crack,Crack,1
tigpr,random_stratified_70_15_15,tigpr:Crack:316,Crack,Crack,1
tigpr,random_stratified_70_15_15,tigpr:Crack:319,Crack,Crack,1
tigpr,random_stratified_70_15_15,tigpr:Crack:324,Crack,Crack,1
tigpr,random_stratified_70_15_15,tigpr:Crack:330,Crack,Void,0
tigpr,random_stratified_70_15_15,tigpr:Crack:332,Crack,Void,0
tigpr,random_stratified_70_15_15,tigpr:Crack:337,Crack,Crack,1
tigpr,random_stratified_70_15_15,tigpr:Crack:339,Crack,Void,0
tigpr,random_stratified_70_15_15,tigpr:Crack:340,Crack,Void,0
tigpr,random_stratified_70_15_15,tigpr:Crack:351,Crack,Crack,1
tigpr,random_stratified_70_15_15,tigpr:Crack:358,Crack,Crack,1
tigpr,random_stratified_70_15_15,tigpr:Crack:360,Crack,Crack,1
tigpr,random_stratified_70_15_15,tigpr:Crack:361,Crack,Crack,1
tigpr,random_stratified_70_15_15,tigpr:Crack:366,Crack,Void,0
tigpr,random_stratified_70_15_15,tigpr:Crack:368,Crack,Crack,1
tigpr,random_stratified_70_15_15,tigpr:Crack:372,Crack,Crack,1
tigpr,random_stratified_70_15_15,tigpr:Crack:378,Crack,Crack,1
tigpr,random_stratified_70_15_15,tigpr:Crack:382,Crack,Crack,1
tigpr,random_stratified_70_15_15,tigpr:Crack:385,Crack,Crack,1
tigpr,random_stratified_70_15_15,tigpr:Crack:405,Crack,Crack,1
tigpr,random_stratified_70_15_15,tigpr:Crack:411,Crack,Crack,1
tigpr,random_stratified_70_15_15,tigpr:Crack:426,Crack,Crack,1
tigpr,random_stratified_70_15_15,tigpr:Crack:454,Crack,Void,0
tigpr,random_stratified_70_15_15,tigpr:Crack:458,Crack,Crack,1
tigpr,random_stratified_70_15_15,tigpr:Crack:459,Crack,Crack,1
tigpr,random_stratified_70_15_15,tigpr:Crack:464,Crack,Crack,1
tigpr,random_stratified_70_15_15,tigpr:Crack:468,Crack,Crack,1
tigpr,random_stratified_70_15_15,tigpr:Crack:479,Crack,Crack,1
tigpr,random_stratified_70_15_15,tigpr:Crack:488,Crack,Crack,1
tigpr,random_stratified_70_15_15,tigpr:Crack:489,Crack,Crack,1
tigpr,random_stratified_70_15_15,tigpr:Crack:507,Crack,Crack,1
tigpr,random_stratified_70_15_15,tigpr:Crack:511,Crack,Crack,1
tigpr,random_stratified_70_15_15,tigpr:Crack:518,Crack,Crack,1
tigpr,random_stratified_70_15_15,tigpr:Crack:521,Crack,Crack,1
tigpr,random_stratified_70_15_15,tigpr:Crack:528,Crack,Crack,1
tigpr,random_stratified_70_15_15,tigpr:Crack:536,Crack,Void,0
tigpr,random_stratified_70_15_15,tigpr:Crack:538,Crack,Crack,1
tigpr,random_stratified_70_15_15,tigpr:Crack:539,Crack,Crack,1
tigpr,random_stratified_70_15_15,tigpr:Crack:541,Crack,Crack,1
tigpr,random_stratified_70_15_15,tigpr:Crack:544,Crack,Crack,1
tigpr,random_stratified_70_15_15,tigpr:Crack:554,Crack,Crack,1
tigpr,random_stratified_70_15_15,tigpr:Crack:563,Crack,Void,0
tigpr,random_stratified_70_15_15,tigpr:Crack:564,Crack,Crack,1
tigpr,random_stratified_70_15_15,tigpr:Crack:574,Crack,Crack,1
tigpr,random_stratified_70_15_15,tigpr:Crack:577,Crack,Crack,1
tigpr,random_stratified_70_15_15,tigpr:Crack:578,Crack,Crack,1
tigpr,random_stratified_70_15_15,tigpr:Crack:587,Crack,Crack,1
tigpr,random_stratified_70_15_15,tigpr:Crack:593,Crack,Crack,1
tigpr,random_stratified_70_15_15,tigpr:Crack:599,Crack,Crack,1
tigpr,random_stratified_70_15_15,tigpr:Crack:602,Crack,Crack,1
tigpr,random_stratified_70_15_15,tigpr:Crack:608,Crack,Crack,1
tigpr,random_stratified_70_15_15,tigpr:Crack:612,Crack,Crack,1
tigpr,random_stratified_70_15_15,tigpr:Crack:615,Crack,Crack,1
tigpr,random_stratified_70_15_15,tigpr:Crack:617,Crack,Crack,1
tigpr,random_stratified_70_15_15,tigpr:Crack:621,Crack,Crack,1
tigpr,random_stratified_70_15_15,tigpr:Crack:628,Crack,Interlayer_bonding_deficiency,0
tigpr,random_stratified_70_15_15,tigpr:Crack:631,Crack,Crack,1
tigpr,random_stratified_70_15_15,tigpr:Crack:636,Crack,Crack,1
tigpr,random_stratified_70_15_15,tigpr:Crack:640,Crack,Void,0
tigpr,random_stratified_70_15_15,tigpr:Crack:644,Crack,Crack,1
tigpr,random_stratified_70_15_15,tigpr:Crack:647,Crack,Crack,1
tigpr,random_stratified_70_15_15,tigpr:Crack:654,Crack,Crack,1
tigpr,random_stratified_70_15_15,tigpr:Crack:659,Crack,Crack,1
tigpr,random_stratified_70_15_15,tigpr:Crack:666,Crack,Crack,1
tigpr,random_stratified_70_15_15,tigpr:Crack:678,Crack,Crack,1
tigpr,random_stratified_70_15_15,tigpr:Crack:682,Crack,Crack,1
tigpr,random_stratified_70_15_15,tigpr:Crack:689,Crack,Void,0
tigpr,random_stratified_70_15_15,tigpr:Crack:701,Crack,Crack,1
tigpr,random_stratified_70_15_15,tigpr:Crack:704,Crack,Crack,1
tigpr,random_stratified_70_15_15,tigpr:Crack:708,Crack,Void,0
tigpr,random_stratified_70_15_15,tigpr:Crack:713,Crack,Crack,1
tigpr,random_stratified_70_15_15,tigpr:Crack:725,Crack,Crack,1
tigpr,random_stratified_70_15_15,tigpr:Crack:727,Crack,Crack,1
tigpr,random_stratified_70_15_15,tigpr:Crack:731,Crack,Crack,1
tigpr,random_stratified_70_15_15,tigpr:Crack:733,Crack,Void,0
tigpr,random_stratified_70_15_15,tigpr:Crack:752,Crack,Crack,1
tigpr,random_stratified_70_15_15,tigpr:Crack:753,Crack,Crack,1
tigpr,random_stratified_70_15_15,tigpr:Crack:754,Crack,Crack,1
tigpr,random_stratified_70_15_15,tigpr:Crack:760,Crack,Crack,1
tigpr,random_stratified_70_15_15,tigpr:Crack:761,Crack,Void,0
tigpr,random_stratified_70_15_15,tigpr:Crack:782,Crack,Crack,1
tigpr,random_stratified_70_15_15,tigpr:Crack:793,Crack,Crack,1
tigpr,random_stratified_70_15_15,tigpr:Crack:794,Crack,Crack,1
tigpr,random_stratified_70_15_15,tigpr:Crack:805,Crack,Crack,1
tigpr,random_stratified_70_15_15,tigpr:Crack:812,Crack,Void,0
tigpr,random_stratified_70_15_15,tigpr:Crack:819,Crack,Crack,1
tigpr,random_stratified_70_15_15,tigpr:Crack:820,Crack,Crack,1
tigpr,random_stratified_70_15_15,tigpr:Crack:827,Crack,Crack,1
tigpr,random_stratified_70_15_15,tigpr:Crack:832,Crack,Crack,1
tigpr,random_stratified_70_15_15,tigpr:Crack:839,Crack,Crack,1
tigpr,random_stratified_70_15_15,tigpr:Crack:851,Crack,Crack,1
tigpr,random_stratified_70_15_15,tigpr:Crack:852,Crack,Crack,1
tigpr,random_stratified_70_15_15,tigpr:Crack:853,Crack,Crack,1
tigpr,random_stratified_70_15_15,tigpr:Crack:857,Crack,Crack,1
tigpr,random_stratified_70_15_15,tigpr:Crack:867,Crack,Void,0
tigpr,random_stratified_70_15_15,tigpr:Crack:870,Crack,Crack,1
tigpr,random_stratified_70_15_15,tigpr:Crack:871,Crack,Crack,1
tigpr,random_stratified_70_15_15,tigpr:Crack:874,Crack,Crack,1
tigpr,random_stratified_70_15_15,tigpr:Crack:878,Crack,Crack,1
tigpr,random_stratified_70_15_15,tigpr:Crack:882,Crack,Crack,1
tigpr,random_stratified_70_15_15,tigpr:Crack:886,Crack,Crack,1
tigpr,random_stratified_70_15_15,tigpr:Crack:889,Crack,Crack,1
tigpr,random_stratified_70_15_15,tigpr:Crack:891,Crack,Crack,1
tigpr,random_stratified_70_15_15,tigpr:Crack:897,Crack,Crack,1
tigpr,random_stratified_70_15_15,tigpr:Crack:905,Crack,Crack,1
tigpr,random_stratified_70_15_15,tigpr:Crack:917,Crack,Crack,1
tigpr,random_stratified_70_15_15,tigpr:Crack:920,Crack,Crack,1
tigpr,random_stratified_70_15_15,tigpr:Crack:934,Crack,Crack,1
tigpr,random_stratified_70_15_15,tigpr:Crack:968,Crack,Crack,1
tigpr,random_stratified_70_15_15,tigpr:Crack:987,Crack,Crack,1
tigpr,random_stratified_70_15_15,tigpr:Crack:989,Crack,Void,0
tigpr,random_stratified_70_15_15,tigpr:Crack:1003,Crack,Crack,1
tigpr,random_stratified_70_15_15,tigpr:Crack:1004,Crack,Crack,1
tigpr,random_stratified_70_15_15,tigpr:Crack:1013,Crack,Void,0
tigpr,random_stratified_70_15_15,tigpr:Crack:1032,Crack,Crack,1
tigpr,random_stratified_70_15_15,tigpr:Crack:1035,Crack,Crack,1
tigpr,random_stratified_70_15_15,tigpr:Crack:1036,Crack,Crack,1
tigpr,random_stratified_70_15_15,tigpr:Crack:1043,Crack,Crack,1
tigpr,random_stratified_70_15_15,tigpr:Crack:1050,Crack,Crack,1
tigpr,random_stratified_70_15_15,tigpr:Crack:1055,Crack,Crack,1
tigpr,random_stratified_70_15_15,tigpr:Crack:1063,Crack,Crack,1
tigpr,random_stratified_70_15_15,tigpr:Crack:1064,Crack,Void,0
tigpr,random_stratified_70_15_15,tigpr:Crack:1066,Crack,Void,0
tigpr,random_stratified_70_15_15,tigpr:Crack:1068,Crack,Crack,1
tigpr,random_stratified_70_15_15,tigpr:Crack:1070,Crack,Crack,1
tigpr,random_stratified_70_15_15,tigpr:Crack:1078,Crack,Crack,1
tigpr,random_stratified_70_15_15,tigpr:Crack:1082,Crack,Crack,1
tigpr,random_stratified_70_15_15,tigpr:Crack:1085,Crack,Crack,1
tigpr,random_stratified_70_15_15,tigpr:Crack:1089,Crack,Crack,1
tigpr,random_stratified_70_15_15,tigpr:Crack:1107,Crack,Crack,1
tigpr,random_stratified_70_15_15,tigpr:Crack:1125,Crack,Void,0
tigpr,random_stratified_70_15_15,tigpr:Crack:1153,Crack,Crack,1
tigpr,random_stratified_70_15_15,tigpr:Crack:1165,Crack,Crack,1
tigpr,random_stratified_70_15_15,tigpr:Crack:1174,Crack,Crack,1
tigpr,random_stratified_70_15_15,tigpr:Crack:1175,Crack,Crack,1
tigpr,random_stratified_70_15_15,tigpr:Crack:1179,Crack,Crack,1
tigpr,random_stratified_70_15_15,tigpr:Crack:1188,Crack,Crack,1
tigpr,random_stratified_70_15_15,tigpr:Crack:1191,Crack,Crack,1
tigpr,random_stratified_70_15_15,tigpr:Crack:1194,Crack,Crack,1
tigpr,random_stratified_70_15_15,tigpr:Crack:1214,Crack,Void,0
tigpr,random_stratified_70_15_15,tigpr:Interlayer_bonding_deficiency:2,Interlayer_bonding_deficiency,Interlayer_bonding_deficiency,1
tigpr,random_stratified_70_15_15,tigpr:Interlayer_bonding_deficiency:8,Interlayer_bonding_deficiency,Interlayer_bonding_deficiency,1
tigpr,random_stratified_70_15_15,tigpr:Interlayer_bonding_deficiency:15,Interlayer_bonding_deficiency,Interlayer_bonding_deficiency,1
tigpr,random_stratified_70_15_15,tigpr:Interlayer_bonding_deficiency:23,Interlayer_bonding_deficiency,Interlayer_bonding_deficiency,1
tigpr,random_stratified_70_15_15,tigpr:Interlayer_bonding_deficiency:32,Interlayer_bonding_deficiency,Interlayer_bonding_deficiency,1
tigpr,random_stratified_70_15_15,tigpr:Interlayer_bonding_deficiency:41,Interlayer_bonding_deficiency,Interlayer_bonding_deficiency,1
tigpr,random_stratified_70_15_15,tigpr:Interlayer_bonding_deficiency:46,Interlayer_bonding_deficiency,Interlayer_bonding_deficiency,1
tigpr,random_stratified_70_15_15,tigpr:Interlayer_bonding_deficiency:63,Interlayer_bonding_deficiency,Interlayer_bonding_deficiency,1
tigpr,random_stratified_70_15_15,tigpr:Interlayer_bonding_deficiency:67,Interlayer_bonding_deficiency,Interlayer_bonding_deficiency,1
tigpr,random_stratified_70_15_15,tigpr:Interlayer_bonding_deficiency:76,Interlayer_bonding_deficiency,Interlayer_bonding_deficiency,1
tigpr,random_stratified_70_15_15,tigpr:Interlayer_bonding_deficiency:80,Interlayer_bonding_deficiency,Interlayer_bonding_deficiency,1
tigpr,random_stratified_70_15_15,tigpr:Interlayer_bonding_deficiency:81,Interlayer_bonding_deficiency,Interlayer_bonding_deficiency,1
tigpr,random_stratified_70_15_15,tigpr:Interlayer_bonding_deficiency:82,Interlayer_bonding_deficiency,Interlayer_bonding_deficiency,1
tigpr,random_stratified_70_15_15,tigpr:Interlayer_bonding_deficiency:91,Interlayer_bonding_deficiency,Interlayer_bonding_deficiency,1
tigpr,random_stratified_70_15_15,tigpr:Interlayer_bonding_deficiency:93,Interlayer_bonding_deficiency,Interlayer_bonding_deficiency,1
tigpr,random_stratified_70_15_15,tigpr:Interlayer_bonding_deficiency:95,Interlayer_bonding_deficiency,Void,0
tigpr,random_stratified_70_15_15,tigpr:Interlayer_bonding_deficiency:112,Interlayer_bonding_deficiency,Interlayer_bonding_deficiency,1
tigpr,random_stratified_70_15_15,tigpr:Interlayer_bonding_deficiency:122,Interlayer_bonding_deficiency,Interlayer_bonding_deficiency,1
tigpr,random_stratified_70_15_15,tigpr:Interlayer_bonding_deficiency:126,Interlayer_bonding_deficiency,Interlayer_bonding_deficiency,1
tigpr,random_stratified_70_15_15,tigpr:Interlayer_bonding_deficiency:129,Interlayer_bonding_deficiency,Crack,0
tigpr,random_stratified_70_15_15,tigpr:Interlayer_bonding_deficiency:144,Interlayer_bonding_deficiency,Interlayer_bonding_deficiency,1
tigpr,random_stratified_70_15_15,tigpr:Interlayer_bonding_deficiency:156,Interlayer_bonding_deficiency,Interlayer_bonding_deficiency,1
tigpr,random_stratified_70_15_15,tigpr:Interlayer_bonding_deficiency:168,Interlayer_bonding_deficiency,Loose,0
tigpr,random_stratified_70_15_15,tigpr:Interlayer_bonding_deficiency:175,Interlayer_bonding_deficiency,Interlayer_bonding_deficiency,1
tigpr,random_stratified_70_15_15,tigpr:Interlayer_bonding_deficiency:191,Interlayer_bonding_deficiency,Interlayer_bonding_deficiency,1
tigpr,random_stratified_70_15_15,tigpr:Interlayer_bonding_deficiency:197,Interlayer_bonding_deficiency,Interlayer_bonding_deficiency,1
tigpr,random_stratified_70_15_15,tigpr:Interlayer_bonding_deficiency:199,Interlayer_bonding_deficiency,Interlayer_bonding_deficiency,1
tigpr,random_stratified_70_15_15,tigpr:Interlayer_bonding_deficiency:213,Interlayer_bonding_deficiency,Interlayer_bonding_deficiency,1
tigpr,random_stratified_70_15_15,tigpr:Interlayer_bonding_deficiency:220,Interlayer_bonding_deficiency,Loose,0
tigpr,random_stratified_70_15_15,tigpr:Interlayer_bonding_deficiency:238,Interlayer_bonding_deficiency,Interlayer_bonding_deficiency,1
tigpr,random_stratified_70_15_15,tigpr:Interlayer_bonding_deficiency:243,Interlayer_bonding_deficiency,Interlayer_bonding_deficiency,1
tigpr,random_stratified_70_15_15,tigpr:Interlayer_bonding_deficiency:250,Interlayer_bonding_deficiency,Interlayer_bonding_deficiency,1
tigpr,random_stratified_70_15_15,tigpr:Interlayer_bonding_deficiency:282,Interlayer_bonding_deficiency,Loose,0
tigpr,random_stratified_70_15_15,tigpr:Interlayer_bonding_deficiency:292,Interlayer_bonding_deficiency,Interlayer_bonding_deficiency,1
tigpr,random_stratified_70_15_15,tigpr:Interlayer_bonding_deficiency:297,Interlayer_bonding_deficiency,Interlayer_bonding_deficiency,1
tigpr,random_stratified_70_15_15,tigpr:Interlayer_bonding_deficiency:301,Interlayer_bonding_deficiency,Interlayer_bonding_deficiency,1
tigpr,random_stratified_70_15_15,tigpr:Interlayer_bonding_deficiency:302,Interlayer_bonding_deficiency,Interlayer_bonding_deficiency,1
tigpr,random_stratified_70_15_15,tigpr:Interlayer_bonding_deficiency:304,Interlayer_bonding_deficiency,Interlayer_bonding_deficiency,1
tigpr,random_stratified_70_15_15,tigpr:Interlayer_bonding_deficiency:309,Interlayer_bonding_deficiency,Interlayer_bonding_deficiency,1
tigpr,random_stratified_70_15_15,tigpr:Interlayer_bonding_deficiency:326,Interlayer_bonding_deficiency,Loose,0
tigpr,random_stratified_70_15_15,tigpr:Interlayer_bonding_deficiency:328,Interlayer_bonding_deficiency,Interlayer_bonding_deficiency,1
tigpr,random_stratified_70_15_15,tigpr:Interlayer_bonding_deficiency:338,Interlayer_bonding_deficiency,Loose,0
tigpr,random_stratified_70_15_15,tigpr:Interlayer_bonding_deficiency:345,Interlayer_bonding_deficiency,Loose,0
tigpr,random_stratified_70_15_15,tigpr:Interlayer_bonding_deficiency:346,Interlayer_bonding_deficiency,Interlayer_bonding_deficiency,1
tigpr,random_stratified_70_15_15,tigpr:Interlayer_bonding_deficiency:356,Interlayer_bonding_deficiency,Interlayer_bonding_deficiency,1
tigpr,random_stratified_70_15_15,tigpr:Interlayer_bonding_deficiency:357,Interlayer_bonding_deficiency,Interlayer_bonding_deficiency,1
tigpr,random_stratified_70_15_15,tigpr:Interlayer_bonding_deficiency:363,Interlayer_bonding_deficiency,Void,0
tigpr,random_stratified_70_15_15,tigpr:Interlayer_bonding_deficiency:369,Interlayer_bonding_deficiency,Interlayer_bonding_deficiency,1
tigpr,random_stratified_70_15_15,tigpr:Interlayer_bonding_deficiency:381,Interlayer_bonding_deficiency,Interlayer_bonding_deficiency,1
tigpr,random_stratified_70_15_15,tigpr:Interlayer_bonding_deficiency:383,Interlayer_bonding_deficiency,Interlayer_bonding_deficiency,1
tigpr,random_stratified_70_15_15,tigpr:Interlayer_bonding_deficiency:402,Interlayer_bonding_deficiency,Interlayer_bonding_deficiency,1
tigpr,random_stratified_70_15_15,tigpr:Interlayer_bonding_deficiency:405,Interlayer_bonding_deficiency,Interlayer_bonding_deficiency,1
tigpr,random_stratified_70_15_15,tigpr:Interlayer_bonding_deficiency:410,Interlayer_bonding_deficiency,Interlayer_bonding_deficiency,1
tigpr,random_stratified_70_15_15,tigpr:Interlayer_bonding_deficiency:415,Interlayer_bonding_deficiency,Interlayer_bonding_deficiency,1
tigpr,random_stratified_70_15_15,tigpr:Interlayer_bonding_deficiency:420,Interlayer_bonding_deficiency,Interlayer_bonding_deficiency,1
tigpr,random_stratified_70_15_15,tigpr:Interlayer_bonding_deficiency:422,Interlayer_bonding_deficiency,Interlayer_bonding_deficiency,1
tigpr,random_stratified_70_15_15,tigpr:Interlayer_bonding_deficiency:424,Interlayer_bonding_deficiency,Interlayer_bonding_deficiency,1
tigpr,random_stratified_70_15_15,tigpr:Interlayer_bonding_deficiency:430,Interlayer_bonding_deficiency,Interlayer_bonding_deficiency,1
tigpr,random_stratified_70_15_15,tigpr:Interlayer_bonding_deficiency:433,Interlayer_bonding_deficiency,Interlayer_bonding_deficiency,1
tigpr,random_stratified_70_15_15,tigpr:Interlayer_bonding_deficiency:447,Interlayer_bonding_deficiency,Interlayer_bonding_deficiency,1
tigpr,random_stratified_70_15_15,tigpr:Interlayer_bonding_deficiency:458,Interlayer_bonding_deficiency,Interlayer_bonding_deficiency,1
tigpr,random_stratified_70_15_15,tigpr:Interlayer_bonding_deficiency:474,Interlayer_bonding_deficiency,Interlayer_bonding_deficiency,1
tigpr,random_stratified_70_15_15,tigpr:Interlayer_bonding_deficiency:477,Interlayer_bonding_deficiency,Interlayer_bonding_deficiency,1
tigpr,random_stratified_70_15_15,tigpr:Interlayer_bonding_deficiency:479,Interlayer_bonding_deficiency,Interlayer_bonding_deficiency,1
tigpr,random_stratified_70_15_15,tigpr:Interlayer_bonding_deficiency:480,Interlayer_bonding_deficiency,Loose,0
tigpr,random_stratified_70_15_15,tigpr:Interlayer_bonding_deficiency:481,Interlayer_bonding_deficiency,Interlayer_bonding_deficiency,1
tigpr,random_stratified_70_15_15,tigpr:Interlayer_bonding_deficiency:483,Interlayer_bonding_deficiency,Void,0
tigpr,random_stratified_70_15_15,tigpr:Interlayer_bonding_deficiency:485,Interlayer_bonding_deficiency,Interlayer_bonding_deficiency,1
tigpr,random_stratified_70_15_15,tigpr:Interlayer_bonding_deficiency:487,Interlayer_bonding_deficiency,Interlayer_bonding_deficiency,1
tigpr,random_stratified_70_15_15,tigpr:Interlayer_bonding_deficiency:490,Interlayer_bonding_deficiency,Interlayer_bonding_deficiency,1
tigpr,random_stratified_70_15_15,tigpr:Interlayer_bonding_deficiency:498,Interlayer_bonding_deficiency,Interlayer_bonding_deficiency,1
tigpr,random_stratified_70_15_15,tigpr:Interlayer_bonding_deficiency:502,Interlayer_bonding_deficiency,Interlayer_bonding_deficiency,1
tigpr,random_stratified_70_15_15,tigpr:Interlayer_bonding_deficiency:507,Interlayer_bonding_deficiency,Interlayer_bonding_deficiency,1
tigpr,random_stratified_70_15_15,tigpr:Interlayer_bonding_deficiency:517,Interlayer_bonding_deficiency,Interlayer_bonding_deficiency,1
tigpr,random_stratified_70_15_15,tigpr:Interlayer_bonding_deficiency:521,Interlayer_bonding_deficiency,Interlayer_bonding_deficiency,1
tigpr,random_stratified_70_15_15,tigpr:Interlayer_bonding_deficiency:526,Interlayer_bonding_deficiency,Interlayer_bonding_deficiency,1
tigpr,random_stratified_70_15_15,tigpr:Interlayer_bonding_deficiency:527,Interlayer_bonding_deficiency,Interlayer_bonding_deficiency,1
tigpr,random_stratified_70_15_15,tigpr:Interlayer_bonding_deficiency:528,Interlayer_bonding_deficiency,Interlayer_bonding_deficiency,1
tigpr,random_stratified_70_15_15,tigpr:Interlayer_bonding_deficiency:535,Interlayer_bonding_deficiency,No_damage,0
tigpr,random_stratified_70_15_15,tigpr:Interlayer_bonding_deficiency:551,Interlayer_bonding_deficiency,Interlayer_bonding_deficiency,1
tigpr,random_stratified_70_15_15,tigpr:Interlayer_bonding_deficiency:552,Interlayer_bonding_deficiency,Void,0
tigpr,random_stratified_70_15_15,tigpr:Interlayer_bonding_deficiency:566,Interlayer_bonding_deficiency,Interlayer_bonding_deficiency,1
tigpr,random_stratified_70_15_15,tigpr:Interlayer_bonding_deficiency:568,Interlayer_bonding_deficiency,Interlayer_bonding_deficiency,1
tigpr,random_stratified_70_15_15,tigpr:Interlayer_bonding_deficiency:573,Interlayer_bonding_deficiency,Loose,0
tigpr,random_stratified_70_15_15,tigpr:Interlayer_bonding_deficiency:575,Interlayer_bonding_deficiency,Interlayer_bonding_deficiency,1
tigpr,random_stratified_70_15_15,tigpr:Interlayer_bonding_deficiency:578,Interlayer_bonding_deficiency,Interlayer_bonding_deficiency,1
tigpr,random_stratified_70_15_15,tigpr:Interlayer_bonding_deficiency:583,Interlayer_bonding_deficiency,Interlayer_bonding_deficiency,1
tigpr,random_stratified_70_15_15,tigpr:Interlayer_bonding_deficiency:586,Interlayer_bonding_deficiency,Interlayer_bonding_deficiency,1
tigpr,random_stratified_70_15_15,tigpr:Interlayer_bonding_deficiency:590,Interlayer_bonding_deficiency,Loose,0
tigpr,random_stratified_70_15_15,tigpr:Interlayer_bonding_deficiency:596,Interlayer_bonding_deficiency,Interlayer_bonding_deficiency,1
tigpr,random_stratified_70_15_15,tigpr:Interlayer_bonding_deficiency:600,Interlayer_bonding_deficiency,Loose,0
tigpr,random_stratified_70_15_15,tigpr:Interlayer_bonding_deficiency:606,Interlayer_bonding_deficiency,Loose,0
tigpr,random_stratified_70_15_15,tigpr:Interlayer_bonding_deficiency:608,Interlayer_bonding_deficiency,Loose,0
tigpr,random_stratified_70_15_15,tigpr:Interlayer_bonding_deficiency:612,Interlayer_bonding_deficiency,Interlayer_bonding_deficiency,1
tigpr,random_stratified_70_15_15,tigpr:Interlayer_bonding_deficiency:628,Interlayer_bonding_deficiency,Loose,0
tigpr,random_stratified_70_15_15,tigpr:Interlayer_bonding_deficiency:634,Interlayer_bonding_deficiency,Interlayer_bonding_deficiency,1
tigpr,random_stratified_70_15_15,tigpr:Interlayer_bonding_deficiency:637,Interlayer_bonding_deficiency,Interlayer_bonding_deficiency,1
tigpr,random_stratified_70_15_15,tigpr:Interlayer_bonding_deficiency:638,Interlayer_bonding_deficiency,Interlayer_bonding_deficiency,1
tigpr,random_stratified_70_15_15,tigpr:Interlayer_bonding_deficiency:639,Interlayer_bonding_deficiency,Interlayer_bonding_deficiency,1
tigpr,random_stratified_70_15_15,tigpr:Interlayer_bonding_deficiency:641,Interlayer_bonding_deficiency,Interlayer_bonding_deficiency,1
tigpr,random_stratified_70_15_15,tigpr:Interlayer_bonding_deficiency:642,Interlayer_bonding_deficiency,Interlayer_bonding_deficiency,1
tigpr,random_stratified_70_15_15,tigpr:Interlayer_bonding_deficiency:644,Interlayer_bonding_deficiency,Interlayer_bonding_deficiency,1
tigpr,random_stratified_70_15_15,tigpr:Interlayer_bonding_deficiency:649,Interlayer_bonding_deficiency,Loose,0
tigpr,random_stratified_70_15_15,tigpr:Interlayer_bonding_deficiency:653,Interlayer_bonding_deficiency,Interlayer_bonding_deficiency,1
tigpr,random_stratified_70_15_15,tigpr:Interlayer_bonding_deficiency:654,Interlayer_bonding_deficiency,Interlayer_bonding_deficiency,1
tigpr,random_stratified_70_15_15,tigpr:Interlayer_bonding_deficiency:655,Interlayer_bonding_deficiency,Interlayer_bonding_deficiency,1
tigpr,random_stratified_70_15_15,tigpr:Interlayer_bonding_deficiency:661,Interlayer_bonding_deficiency,Interlayer_bonding_deficiency,1
tigpr,random_stratified_70_15_15,tigpr:Interlayer_bonding_deficiency:666,Interlayer_bonding_deficiency,Interlayer_bonding_deficiency,1
tigpr,random_stratified_70_15_15,tigpr:Interlayer_bonding_deficiency:673,Interlayer_bonding_deficiency,Void,0
tigpr,random_stratified_70_15_15,tigpr:Interlayer_bonding_deficiency:680,Interlayer_bonding_deficiency,Loose,0
tigpr,random_stratified_70_15_15,tigpr:Interlayer_bonding_deficiency:694,Interlayer_bonding_deficiency,Interlayer_bonding_deficiency,1
tigpr,random_stratified_70_15_15,tigpr:Interlayer_bonding_deficiency:701,Interlayer_bonding_deficiency,Interlayer_bonding_deficiency,1
tigpr,random_stratified_70_15_15,tigpr:Interlayer_bonding_deficiency:705,Interlayer_bonding_deficiency,Interlayer_bonding_deficiency,1
tigpr,random_stratified_70_15_15,tigpr:Interlayer_bonding_deficiency:709,Interlayer_bonding_deficiency,Interlayer_bonding_deficiency,1
tigpr,random_stratified_70_15_15,tigpr:Interlayer_bonding_deficiency:710,Interlayer_bonding_deficiency,Interlayer_bonding_deficiency,1
tigpr,random_stratified_70_15_15,tigpr:Interlayer_bonding_deficiency:715,Interlayer_bonding_deficiency,Interlayer_bonding_deficiency,1
tigpr,random_stratified_70_15_15,tigpr:Interlayer_bonding_deficiency:716,Interlayer_bonding_deficiency,Interlayer_bonding_deficiency,1
tigpr,random_stratified_70_15_15,tigpr:Interlayer_bonding_deficiency:723,Interlayer_bonding_deficiency,Interlayer_bonding_deficiency,1
tigpr,random_stratified_70_15_15,tigpr:Interlayer_bonding_deficiency:730,Interlayer_bonding_deficiency,Interlayer_bonding_deficiency,1
tigpr,random_stratified_70_15_15,tigpr:Interlayer_bonding_deficiency:736,Interlayer_bonding_deficiency,Interlayer_bonding_deficiency,1
tigpr,random_stratified_70_15_15,tigpr:Interlayer_bonding_deficiency:748,Interlayer_bonding_deficiency,Loose,0
tigpr,random_stratified_70_15_15,tigpr:Interlayer_bonding_deficiency:753,Interlayer_bonding_deficiency,Interlayer_bonding_deficiency,1
tigpr,random_stratified_70_15_15,tigpr:Interlayer_bonding_deficiency:758,Interlayer_bonding_deficiency,Loose,0
tigpr,random_stratified_70_15_15,tigpr:Interlayer_bonding_deficiency:762,Interlayer_bonding_deficiency,Interlayer_bonding_deficiency,1
tigpr,random_stratified_70_15_15,tigpr:Interlayer_bonding_deficiency:764,Interlayer_bonding_deficiency,Interlayer_bonding_deficiency,1
tigpr,random_stratified_70_15_15,tigpr:Interlayer_bonding_deficiency:765,Interlayer_bonding_deficiency,Interlayer_bonding_deficiency,1
tigpr,random_stratified_70_15_15,tigpr:Interlayer_bonding_deficiency:766,Interlayer_bonding_deficiency,Interlayer_bonding_deficiency,1
tigpr,random_stratified_70_15_15,tigpr:Interlayer_bonding_deficiency:767,Interlayer_bonding_deficiency,Interlayer_bonding_deficiency,1
tigpr,random_stratified_70_15_15,tigpr:Interlayer_bonding_deficiency:768,Interlayer_bonding_deficiency,Loose,0
tigpr,random_stratified_70_15_15,tigpr:Interlayer_bonding_deficiency:769,Interlayer_bonding_deficiency,Loose,0
tigpr,random_stratified_70_15_15,tigpr:Interlayer_bonding_deficiency:782,Interlayer_bonding_deficiency,Loose,0
tigpr,random_stratified_70_15_15,tigpr:Interlayer_bonding_deficiency:787,Interlayer_bonding_deficiency,Interlayer_bonding_deficiency,1
tigpr,random_stratified_70_15_15,tigpr:Interlayer_bonding_deficiency:817,Interlayer_bonding_deficiency,Interlayer_bonding_deficiency,1
tigpr,random_stratified_70_15_15,tigpr:Interlayer_bonding_deficiency:819,Interlayer_bonding_deficiency,Interlayer_bonding_deficiency,1
tigpr,random_stratified_70_15_15,tigpr:Interlayer_bonding_deficiency:831,Interlayer_bonding_deficiency,Interlayer_bonding_deficiency,1
tigpr,random_stratified_70_15_15,tigpr:Interlayer_bonding_deficiency:843,Interlayer_bonding_deficiency,Interlayer_bonding_deficiency,1
tigpr,random_stratified_70_15_15,tigpr:Interlayer_bonding_deficiency:846,Interlayer_bonding_deficiency,Interlayer_bonding_deficiency,1
tigpr,random_stratified_70_15_15,tigpr:Interlayer_bonding_deficiency:847,Interlayer_bonding_deficiency,Interlayer_bonding_deficiency,1
tigpr,random_stratified_70_15_15,tigpr:Interlayer_bonding_deficiency:851,Interlayer_bonding_deficiency,Loose,0
tigpr,random_stratified_70_15_15,tigpr:Interlayer_bonding_deficiency:853,Interlayer_bonding_deficiency,Interlayer_bonding_deficiency,1
tigpr,random_stratified_70_15_15,tigpr:Interlayer_bonding_deficiency:860,Interlayer_bonding_deficiency,Interlayer_bonding_deficiency,1
tigpr,random_stratified_70_15_15,tigpr:Interlayer_bonding_deficiency:872,Interlayer_bonding_deficiency,Loose,0
tigpr,random_stratified_70_15_15,tigpr:Interlayer_bonding_deficiency:883,Interlayer_bonding_deficiency,Interlayer_bonding_deficiency,1
tigpr,random_stratified_70_15_15,tigpr:Interlayer_bonding_deficiency:887,Interlayer_bonding_deficiency,Loose,0
tigpr,random_stratified_70_15_15,tigpr:Interlayer_bonding_deficiency:898,Interlayer_bonding_deficiency,Interlayer_bonding_deficiency,1
tigpr,random_stratified_70_15_15,tigpr:Interlayer_bonding_deficiency:901,Interlayer_bonding_deficiency,Interlayer_bonding_deficiency,1
tigpr,random_stratified_70_15_15,tigpr:Interlayer_bonding_deficiency:915,Interlayer_bonding_deficiency,Interlayer_bonding_deficiency,1
tigpr,random_stratified_70_15_15,tigpr:Interlayer_bonding_deficiency:917,Interlayer_bonding_deficiency,Interlayer_bonding_deficiency,1
tigpr,random_stratified_70_15_15,tigpr:Interlayer_bonding_deficiency:927,Interlayer_bonding_deficiency,Loose,0
tigpr,random_stratified_70_15_15,tigpr:Interlayer_bonding_deficiency:929,Interlayer_bonding_deficiency,Interlayer_bonding_deficiency,1
tigpr,random_stratified_70_15_15,tigpr:Interlayer_bonding_deficiency:936,Interlayer_bonding_deficiency,Interlayer_bonding_deficiency,1
tigpr,random_stratified_70_15_15,tigpr:Interlayer_bonding_deficiency:947,Interlayer_bonding_deficiency,Interlayer_bonding_deficiency,1
tigpr,random_stratified_70_15_15,tigpr:Interlayer_bonding_deficiency:953,Interlayer_bonding_deficiency,Interlayer_bonding_deficiency,1
tigpr,random_stratified_70_15_15,tigpr:Interlayer_bonding_deficiency:967,Interlayer_bonding_deficiency,Interlayer_bonding_deficiency,1
tigpr,random_stratified_70_15_15,tigpr:Interlayer_bonding_deficiency:969,Interlayer_bonding_deficiency,Interlayer_bonding_deficiency,1
tigpr,random_stratified_70_15_15,tigpr:Interlayer_bonding_deficiency:975,Interlayer_bonding_deficiency,Interlayer_bonding_deficiency,1
tigpr,random_stratified_70_15_15,tigpr:Interlayer_bonding_deficiency:988,Interlayer_bonding_deficiency,Interlayer_bonding_deficiency,1
tigpr,random_stratified_70_15_15,tigpr:Interlayer_bonding_deficiency:1002,Interlayer_bonding_deficiency,Interlayer_bonding_deficiency,1
tigpr,random_stratified_70_15_15,tigpr:Interlayer_bonding_deficiency:1004,Interlayer_bonding_deficiency,Interlayer_bonding_deficiency,1
tigpr,random_stratified_70_15_15,tigpr:Interlayer_bonding_deficiency:1007,Interlayer_bonding_deficiency,Interlayer_bonding_deficiency,1
tigpr,random_stratified_70_15_15,tigpr:Interlayer_bonding_deficiency:1011,Interlayer_bonding_deficiency,Interlayer_bonding_deficiency,1
tigpr,random_stratified_70_15_15,tigpr:Interlayer_bonding_deficiency:1013,Interlayer_bonding_deficiency,Interlayer_bonding_deficiency,1
tigpr,random_stratified_70_15_15,tigpr:Interlayer_bonding_deficiency:1021,Interlayer_bonding_deficiency,Interlayer_bonding_deficiency,1
tigpr,random_stratified_70_15_15,tigpr:Interlayer_bonding_deficiency:1025,Interlayer_bonding_deficiency,Interlayer_bonding_deficiency,1
tigpr,random_stratified_70_15_15,tigpr:Interlayer_bonding_deficiency:1043,Interlayer_bonding_deficiency,Interlayer_bonding_deficiency,1
tigpr,random_stratified_70_15_15,tigpr:Interlayer_bonding_deficiency:1049,Interlayer_bonding_deficiency,Interlayer_bonding_deficiency,1
tigpr,random_stratified_70_15_15,tigpr:Interlayer_bonding_deficiency:1060,Interlayer_bonding_deficiency,Interlayer_bonding_deficiency,1
tigpr,random_stratified_70_15_15,tigpr:Interlayer_bonding_deficiency:1064,Interlayer_bonding_deficiency,Interlayer_bonding_deficiency,1
tigpr,random_stratified_70_15_15,tigpr:Interlayer_bonding_deficiency:1065,Interlayer_bonding_deficiency,Interlayer_bonding_deficiency,1
tigpr,random_stratified_70_15_15,tigpr:Interlayer_bonding_deficiency:1075,Interlayer_bonding_deficiency,Interlayer_bonding_deficiency,1
tigpr,random_stratified_70_15_15,tigpr:Interlayer_bonding_deficiency:1076,Interlayer_bonding_deficiency,Loose,0
tigpr,random_stratified_70_15_15,tigpr:Interlayer_bonding_deficiency:1081,Interlayer_bonding_deficiency,Interlayer_bonding_deficiency,1
tigpr,random_stratified_70_15_15,tigpr:Interlayer_bonding_deficiency:1087,Interlayer_bonding_deficiency,Loose,0
tigpr,random_stratified_70_15_15,tigpr:Interlayer_bonding_deficiency:1099,Interlayer_bonding_deficiency,Interlayer_bonding_deficiency,1
tigpr,random_stratified_70_15_15,tigpr:Interlayer_bonding_deficiency:1100,Interlayer_bonding_deficiency,Interlayer_bonding_deficiency,1
tigpr,random_stratified_70_15_15,tigpr:Interlayer_bonding_deficiency:1113,Interlayer_bonding_deficiency,Interlayer_bonding_deficiency,1
tigpr,random_stratified_70_15_15,tigpr:Interlayer_bonding_deficiency:1115,Interlayer_bonding_deficiency,Interlayer_bonding_deficiency,1
tigpr,random_stratified_70_15_15,tigpr:Interlayer_bonding_deficiency:1118,Interlayer_bonding_deficiency,Interlayer_bonding_deficiency,1
tigpr,random_stratified_70_15_15,tigpr:Interlayer_bonding_deficiency:1124,Interlayer_bonding_deficiency,Loose,0
tigpr,random_stratified_70_15_15,tigpr:Interlayer_bonding_deficiency:1134,Interlayer_bonding_deficiency,Interlayer_bonding_deficiency,1
tigpr,random_stratified_70_15_15,tigpr:Interlayer_bonding_deficiency:1144,Interlayer_bonding_deficiency,Interlayer_bonding_deficiency,1
tigpr,random_stratified_70_15_15,tigpr:Interlayer_bonding_deficiency:1152,Interlayer_bonding_deficiency,Interlayer_bonding_deficiency,1
tigpr,random_stratified_70_15_15,tigpr:Interlayer_bonding_deficiency:1153,Interlayer_bonding_deficiency,Interlayer_bonding_deficiency,1
tigpr,random_stratified_70_15_15,tigpr:Interlayer_bonding_deficiency:1165,Interlayer_bonding_deficiency,Loose,0
tigpr,random_stratified_70_15_15,tigpr:Interlayer_bonding_deficiency:1167,Interlayer_bonding_deficiency,Interlayer_bonding_deficiency,1
tigpr,random_stratified_70_15_15,tigpr:Interlayer_bonding_deficiency:1179,Interlayer_bonding_deficiency,Interlayer_bonding_deficiency,1
tigpr,random_stratified_70_15_15,tigpr:Interlayer_bonding_deficiency:1198,Interlayer_bonding_deficiency,Interlayer_bonding_deficiency,1
tigpr,random_stratified_70_15_15,tigpr:Interlayer_bonding_deficiency:1200,Interlayer_bonding_deficiency,Interlayer_bonding_deficiency,1
tigpr,random_stratified_70_15_15,tigpr:Interlayer_bonding_deficiency:1210,Interlayer_bonding_deficiency,Interlayer_bonding_deficiency,1
tigpr,random_stratified_70_15_15,tigpr:Interlayer_bonding_deficiency:1214,Interlayer_bonding_deficiency,Interlayer_bonding_deficiency,1
tigpr,random_stratified_70_15_15,tigpr:Interlayer_bonding_deficiency:1223,Interlayer_bonding_deficiency,Interlayer_bonding_deficiency,1
tigpr,random_stratified_70_15_15,tigpr:Interlayer_bonding_deficiency:1232,Interlayer_bonding_deficiency,Interlayer_bonding_deficiency,1
tigpr,random_stratified_70_15_15,tigpr:Interlayer_bonding_deficiency:1261,Interlayer_bonding_deficiency,Interlayer_bonding_deficiency,1
tigpr,random_stratified_70_15_15,tigpr:Interlayer_bonding_deficiency:1268,Interlayer_bonding_deficiency,Interlayer_bonding_deficiency,1
tigpr,random_stratified_70_15_15,tigpr:Interlayer_bonding_deficiency:1273,Interlayer_bonding_deficiency,Interlayer_bonding_deficiency,1
tigpr,random_stratified_70_15_15,tigpr:Interlayer_bonding_deficiency:1278,Interlayer_bonding_deficiency,Interlayer_bonding_deficiency,1
tigpr,random_stratified_70_15_15,tigpr:Interlayer_bonding_deficiency:1303,Interlayer_bonding_deficiency,Loose,0
tigpr,random_stratified_70_15_15,tigpr:Interlayer_bonding_deficiency:1304,Interlayer_bonding_deficiency,Interlayer_bonding_deficiency,1
tigpr,random_stratified_70_15_15,tigpr:Interlayer_bonding_deficiency:1311,Interlayer_bonding_deficiency,Interlayer_bonding_deficiency,1
tigpr,random_stratified_70_15_15,tigpr:Interlayer_bonding_deficiency:1316,Interlayer_bonding_deficiency,Interlayer_bonding_deficiency,1
tigpr,random_stratified_70_15_15,tigpr:Interlayer_bonding_deficiency:1321,Interlayer_bonding_deficiency,Interlayer_bonding_deficiency,1
tigpr,random_stratified_70_15_15,tigpr:Interlayer_bonding_deficiency:1337,Interlayer_bonding_deficiency,Loose,0
tigpr,random_stratified_70_15_15,tigpr:Interlayer_bonding_deficiency:1338,Interlayer_bonding_deficiency,Interlayer_bonding_deficiency,1
tigpr,random_stratified_70_15_15,tigpr:Interlayer_bonding_deficiency:1345,Interlayer_bonding_deficiency,Interlayer_bonding_deficiency,1
tigpr,random_stratified_70_15_15,tigpr:Interlayer_bonding_deficiency:1353,Interlayer_bonding_deficiency,Interlayer_bonding_deficiency,1
tigpr,random_stratified_70_15_15,tigpr:Interlayer_bonding_deficiency:1365,Interlayer_bonding_deficiency,Interlayer_bonding_deficiency,1
tigpr,random_stratified_70_15_15,tigpr:Interlayer_bonding_deficiency:1368,Interlayer_bonding_deficiency,Loose,0
tigpr,random_stratified_70_15_15,tigpr:Interlayer_bonding_deficiency:1373,Interlayer_bonding_deficiency,Loose,0
tigpr,random_stratified_70_15_15,tigpr:Interlayer_bonding_deficiency:1374,Interlayer_bonding_deficiency,Interlayer_bonding_deficiency,1
tigpr,random_stratified_70_15_15,tigpr:Interlayer_bonding_deficiency:1379,Interlayer_bonding_deficiency,Interlayer_bonding_deficiency,1
tigpr,random_stratified_70_15_15,tigpr:Interlayer_bonding_deficiency:1385,Interlayer_bonding_deficiency,Interlayer_bonding_deficiency,1
tigpr,random_stratified_70_15_15,tigpr:Interlayer_bonding_deficiency:1395,Interlayer_bonding_deficiency,Interlayer_bonding_deficiency,1
tigpr,random_stratified_70_15_15,tigpr:Interlayer_bonding_deficiency:1399,Interlayer_bonding_deficiency,Loose,0
tigpr,random_stratified_70_15_15,tigpr:Interlayer_bonding_deficiency:1410,Interlayer_bonding_deficiency,Interlayer_bonding_deficiency,1
tigpr,random_stratified_70_15_15,tigpr:Interlayer_bonding_deficiency:1417,Interlayer_bonding_deficiency,Interlayer_bonding_deficiency,1
tigpr,random_stratified_70_15_15,tigpr:Interlayer_bonding_deficiency:1419,Interlayer_bonding_deficiency,Interlayer_bonding_deficiency,1
tigpr,random_stratified_70_15_15,tigpr:Interlayer_bonding_deficiency:1420,Interlayer_bonding_deficiency,Interlayer_bonding_deficiency,1
tigpr,random_stratified_70_15_15,tigpr:Interlayer_bonding_deficiency:1426,Interlayer_bonding_deficiency,Loose,0
tigpr,random_stratified_70_15_15,tigpr:Interlayer_bonding_deficiency:1429,Interlayer_bonding_deficiency,Loose,0
tigpr,random_stratified_70_15_15,tigpr:Interlayer_bonding_deficiency:1433,Interlayer_bonding_deficiency,Loose,0
tigpr,random_stratified_70_15_15,tigpr:Interlayer_bonding_deficiency:1434,Interlayer_bonding_deficiency,Loose,0
tigpr,random_stratified_70_15_15,tigpr:Interlayer_bonding_deficiency:1448,Interlayer_bonding_deficiency,Interlayer_bonding_deficiency,1
tigpr,random_stratified_70_15_15,tigpr:Interlayer_bonding_deficiency:1454,Interlayer_bonding_deficiency,Interlayer_bonding_deficiency,1
tigpr,random_stratified_70_15_15,tigpr:Interlayer_bonding_deficiency:1462,Interlayer_bonding_deficiency,Loose,0
tigpr,random_stratified_70_15_15,tigpr:Interlayer_bonding_deficiency:1468,Interlayer_bonding_deficiency,Interlayer_bonding_deficiency,1
tigpr,random_stratified_70_15_15,tigpr:Interlayer_bonding_deficiency:1476,Interlayer_bonding_deficiency,Interlayer_bonding_deficiency,1
tigpr,random_stratified_70_15_15,tigpr:Interlayer_bonding_deficiency:1494,Interlayer_bonding_deficiency,Loose,0
tigpr,random_stratified_70_15_15,tigpr:Interlayer_bonding_deficiency:1496,Interlayer_bonding_deficiency,Interlayer_bonding_deficiency,1
tigpr,random_stratified_70_15_15,tigpr:Interlayer_bonding_deficiency:1502,Interlayer_bonding_deficiency,Interlayer_bonding_deficiency,1
tigpr,random_stratified_70_15_15,tigpr:Interlayer_bonding_deficiency:1521,Interlayer_bonding_deficiency,Interlayer_bonding_deficiency,1
tigpr,random_stratified_70_15_15,tigpr:Interlayer_bonding_deficiency:1523,Interlayer_bonding_deficiency,Interlayer_bonding_deficiency,1
tigpr,random_stratified_70_15_15,tigpr:Interlayer_bonding_deficiency:1524,Interlayer_bonding_deficiency,Interlayer_bonding_deficiency,1
tigpr,random_stratified_70_15_15,tigpr:Interlayer_bonding_deficiency:1526,Interlayer_bonding_deficiency,Interlayer_bonding_deficiency,1
tigpr,random_stratified_70_15_15,tigpr:Interlayer_bonding_deficiency:1535,Interlayer_bonding_deficiency,Interlayer_bonding_deficiency,1
tigpr,random_stratified_70_15_15,tigpr:Interlayer_bonding_deficiency:1536,Interlayer_bonding_deficiency,Interlayer_bonding_deficiency,1
tigpr,random_stratified_70_15_15,tigpr:Interlayer_bonding_deficiency:1547,Interlayer_bonding_deficiency,Interlayer_bonding_deficiency,1
tigpr,random_stratified_70_15_15,tigpr:Interlayer_bonding_deficiency:1550,Interlayer_bonding_deficiency,Interlayer_bonding_deficiency,1
tigpr,random_stratified_70_15_15,tigpr:Interlayer_bonding_deficiency:1558,Interlayer_bonding_deficiency,Interlayer_bonding_deficiency,1
tigpr,random_stratified_70_15_15,tigpr:Interlayer_bonding_deficiency:1565,Interlayer_bonding_deficiency,Interlayer_bonding_deficiency,1
tigpr,random_stratified_70_15_15,tigpr:Interlayer_bonding_deficiency:1570,Interlayer_bonding_deficiency,Interlayer_bonding_deficiency,1
tigpr,random_stratified_70_15_15,tigpr:Interlayer_bonding_deficiency:1572,Interlayer_bonding_deficiency,Interlayer_bonding_deficiency,1
tigpr,random_stratified_70_15_15,tigpr:Interlayer_bonding_deficiency:1586,Interlayer_bonding_deficiency,Interlayer_bonding_deficiency,1
tigpr,random_stratified_70_15_15,tigpr:Interlayer_bonding_deficiency:1598,Interlayer_bonding_deficiency,Interlayer_bonding_deficiency,1
tigpr,random_stratified_70_15_15,tigpr:Interlayer_bonding_deficiency:1605,Interlayer_bonding_deficiency,Interlayer_bonding_deficiency,1
tigpr,random_stratified_70_15_15,tigpr:Interlayer_bonding_deficiency:1607,Interlayer_bonding_deficiency,Interlayer_bonding_deficiency,1
tigpr,random_stratified_70_15_15,tigpr:Interlayer_bonding_deficiency:1617,Interlayer_bonding_deficiency,Interlayer_bonding_deficiency,1
tigpr,random_stratified_70_15_15,tigpr:Interlayer_bonding_deficiency:1620,Interlayer_bonding_deficiency,Interlayer_bonding_deficiency,1
tigpr,random_stratified_70_15_15,tigpr:Interlayer_bonding_deficiency:1621,Interlayer_bonding_deficiency,Interlayer_bonding_deficiency,1
tigpr,random_stratified_70_15_15,tigpr:Interlayer_bonding_deficiency:1622,Interlayer_bonding_deficiency,Interlayer_bonding_deficiency,1
tigpr,random_stratified_70_15_15,tigpr:Interlayer_bonding_deficiency:1630,Interlayer_bonding_deficiency,Interlayer_bonding_deficiency,1
tigpr,random_stratified_70_15_15,tigpr:Interlayer_bonding_deficiency:1641,Interlayer_bonding_deficiency,Interlayer_bonding_deficiency,1
tigpr,random_stratified_70_15_15,tigpr:Interlayer_bonding_deficiency:1647,Interlayer_bonding_deficiency,Interlayer_bonding_deficiency,1
tigpr,random_stratified_70_15_15,tigpr:Interlayer_bonding_deficiency:1657,Interlayer_bonding_deficiency,Interlayer_bonding_deficiency,1
tigpr,random_stratified_70_15_15,tigpr:Interlayer_bonding_deficiency:1669,Interlayer_bonding_deficiency,Interlayer_bonding_deficiency,1
tigpr,random_stratified_70_15_15,tigpr:Interlayer_bonding_deficiency:1673,Interlayer_bonding_deficiency,Interlayer_bonding_deficiency,1
tigpr,random_stratified_70_15_15,tigpr:Interlayer_bonding_deficiency:1677,Interlayer_bonding_deficiency,Interlayer_bonding_deficiency,1
tigpr,random_stratified_70_15_15,tigpr:Interlayer_bonding_deficiency:1679,Interlayer_bonding_deficiency,Interlayer_bonding_deficiency,1
tigpr,random_stratified_70_15_15,tigpr:Interlayer_bonding_deficiency:1682,Interlayer_bonding_deficiency,Interlayer_bonding_deficiency,1
tigpr,random_stratified_70_15_15,tigpr:Interlayer_bonding_deficiency:1683,Interlayer_bonding_deficiency,Interlayer_bonding_deficiency,1
tigpr,random_stratified_70_15_15,tigpr:Interlayer_bonding_deficiency:1703,Interlayer_bonding_deficiency,Interlayer_bonding_deficiency,1
tigpr,random_stratified_70_15_15,tigpr:Interlayer_bonding_deficiency:1715,Interlayer_bonding_deficiency,Interlayer_bonding_deficiency,1
tigpr,random_stratified_70_15_15,tigpr:Interlayer_bonding_deficiency:1719,Interlayer_bonding_deficiency,Interlayer_bonding_deficiency,1
tigpr,random_stratified_70_15_15,tigpr:Interlayer_bonding_deficiency:1723,Interlayer_bonding_deficiency,Loose,0
tigpr,random_stratified_70_15_15,tigpr:Interlayer_bonding_deficiency:1736,Interlayer_bonding_deficiency,Loose,0
tigpr,random_stratified_70_15_15,tigpr:Interlayer_bonding_deficiency:1754,Interlayer_bonding_deficiency,Interlayer_bonding_deficiency,1
tigpr,random_stratified_70_15_15,tigpr:Interlayer_bonding_deficiency:1759,Interlayer_bonding_deficiency,Interlayer_bonding_deficiency,1
tigpr,random_stratified_70_15_15,tigpr:Interlayer_bonding_deficiency:1760,Interlayer_bonding_deficiency,Interlayer_bonding_deficiency,1
tigpr,random_stratified_70_15_15,tigpr:Interlayer_bonding_deficiency:1761,Interlayer_bonding_deficiency,Interlayer_bonding_deficiency,1
tigpr,random_stratified_70_15_15,tigpr:Interlayer_bonding_deficiency:1773,Interlayer_bonding_deficiency,No_damage,0
tigpr,random_stratified_70_15_15,tigpr:Interlayer_bonding_deficiency:1783,Interlayer_bonding_deficiency,Interlayer_bonding_deficiency,1
tigpr,random_stratified_70_15_15,tigpr:Interlayer_bonding_deficiency:1792,Interlayer_bonding_deficiency,No_damage,0
tigpr,random_stratified_70_15_15,tigpr:Interlayer_bonding_deficiency:1809,Interlayer_bonding_deficiency,Interlayer_bonding_deficiency,1
tigpr,random_stratified_70_15_15,tigpr:Interlayer_bonding_deficiency:1810,Interlayer_bonding_deficiency,Interlayer_bonding_deficiency,1
tigpr,random_stratified_70_15_15,tigpr:Interlayer_bonding_deficiency:1813,Interlayer_bonding_deficiency,Loose,0
tigpr,random_stratified_70_15_15,tigpr:Interlayer_bonding_deficiency:1820,Interlayer_bonding_deficiency,Interlayer_bonding_deficiency,1
tigpr,random_stratified_70_15_15,tigpr:Interlayer_bonding_deficiency:1824,Interlayer_bonding_deficiency,Loose,0
tigpr,random_stratified_70_15_15,tigpr:Interlayer_bonding_deficiency:1829,Interlayer_bonding_deficiency,Interlayer_bonding_deficiency,1
tigpr,random_stratified_70_15_15,tigpr:Interlayer_bonding_deficiency:1844,Interlayer_bonding_deficiency,Interlayer_bonding_deficiency,1
tigpr,random_stratified_70_15_15,tigpr:Interlayer_bonding_deficiency:1849,Interlayer_bonding_deficiency,Interlayer_bonding_deficiency,1
tigpr,random_stratified_70_15_15,tigpr:Interlayer_bonding_deficiency:1853,Interlayer_bonding_deficiency,Interlayer_bonding_deficiency,1
tigpr,random_stratified_70_15_15,tigpr:Interlayer_bonding_deficiency:1856,Interlayer_bonding_deficiency,Interlayer_bonding_deficiency,1
tigpr,random_stratified_70_15_15,tigpr:Interlayer_bonding_deficiency:1860,Interlayer_bonding_deficiency,Interlayer_bonding_deficiency,1
tigpr,random_stratified_70_15_15,tigpr:Interlayer_bonding_deficiency:1874,Interlayer_bonding_deficiency,Interlayer_bonding_deficiency,1
tigpr,random_stratified_70_15_15,tigpr:Interlayer_bonding_deficiency:1876,Interlayer_bonding_deficiency,Interlayer_bonding_deficiency,1
tigpr,random_stratified_70_15_15,tigpr:Interlayer_bonding_deficiency:1879,Interlayer_bonding_deficiency,Interlayer_bonding_deficiency,1
tigpr,random_stratified_70_15_15,tigpr:Interlayer_bonding_deficiency:1890,Interlayer_bonding_deficiency,Loose,0
tigpr,random_stratified_70_15_15,tigpr:Interlayer_bonding_deficiency:1895,Interlayer_bonding_deficiency,Interlayer_bonding_deficiency,1
tigpr,random_stratified_70_15_15,tigpr:Interlayer_bonding_deficiency:1908,Interlayer_bonding_deficiency,Interlayer_bonding_deficiency,1
tigpr,random_stratified_70_15_15,tigpr:Interlayer_bonding_deficiency:1910,Interlayer_bonding_deficiency,Interlayer_bonding_deficiency,1
tigpr,random_stratified_70_15_15,tigpr:Interlayer_bonding_deficiency:1911,Interlayer_bonding_deficiency,No_damage,0
tigpr,random_stratified_70_15_15,tigpr:Interlayer_bonding_deficiency:1921,Interlayer_bonding_deficiency,No_damage,0
tigpr,random_stratified_70_15_15,tigpr:Interlayer_bonding_deficiency:1926,Interlayer_bonding_deficiency,Interlayer_bonding_deficiency,1
tigpr,random_stratified_70_15_15,tigpr:Interlayer_bonding_deficiency:1932,Interlayer_bonding_deficiency,Interlayer_bonding_deficiency,1
tigpr,random_stratified_70_15_15,tigpr:Interlayer_bonding_deficiency:1947,Interlayer_bonding_deficiency,Loose,0
tigpr,random_stratified_70_15_15,tigpr:Interlayer_bonding_deficiency:1958,Interlayer_bonding_deficiency,Interlayer_bonding_deficiency,1
tigpr,random_stratified_70_15_15,tigpr:Interlayer_bonding_deficiency:1961,Interlayer_bonding_deficiency,Interlayer_bonding_deficiency,1
tigpr,random_stratified_70_15_15,tigpr:Interlayer_bonding_deficiency:1970,Interlayer_bonding_deficiency,Interlayer_bonding_deficiency,1
tigpr,random_stratified_70_15_15,tigpr:Interlayer_bonding_deficiency:1974,Interlayer_bonding_deficiency,Interlayer_bonding_deficiency,1
tigpr,random_stratified_70_15_15,tigpr:Interlayer_bonding_deficiency:1975,Interlayer_bonding_deficiency,Crack,0
tigpr,random_stratified_70_15_15,tigpr:Interlayer_bonding_deficiency:1992,Interlayer_bonding_deficiency,Loose,0
tigpr,random_stratified_70_15_15,tigpr:Interlayer_bonding_deficiency:1996,Interlayer_bonding_deficiency,Interlayer_bonding_deficiency,1
tigpr,random_stratified_70_15_15,tigpr:Interlayer_bonding_deficiency:2007,Interlayer_bonding_deficiency,Crack,0
tigpr,random_stratified_70_15_15,tigpr:Interlayer_bonding_deficiency:2008,Interlayer_bonding_deficiency,Interlayer_bonding_deficiency,1
tigpr,random_stratified_70_15_15,tigpr:Loose:10,Loose,Loose,1
tigpr,random_stratified_70_15_15,tigpr:Loose:15,Loose,Loose,1
tigpr,random_stratified_70_15_15,tigpr:Loose:18,Loose,Loose,1
tigpr,random_stratified_70_15_15,tigpr:Loose:23,Loose,Loose,1
tigpr,random_stratified_70_15_15,tigpr:Loose:29,Loose,Interlayer_bonding_deficiency,0
tigpr,random_stratified_70_15_15,tigpr:Loose:31,Loose,Loose,1
tigpr,random_stratified_70_15_15,tigpr:Loose:51,Loose,Interlayer_bonding_deficiency,0
tigpr,random_stratified_70_15_15,tigpr:Loose:53,Loose,Loose,1
tigpr,random_stratified_70_15_15,tigpr:Loose:56,Loose,Loose,1
tigpr,random_stratified_70_15_15,tigpr:Loose:59,Loose,Loose,1
tigpr,random_stratified_70_15_15,tigpr:Loose:75,Loose,Loose,1
tigpr,random_stratified_70_15_15,tigpr:Loose:82,Loose,Interlayer_bonding_deficiency,0
tigpr,random_stratified_70_15_15,tigpr:Loose:101,Loose,Loose,1
tigpr,random_stratified_70_15_15,tigpr:Loose:117,Loose,Interlayer_bonding_deficiency,0
tigpr,random_stratified_70_15_15,tigpr:Loose:129,Loose,Interlayer_bonding_deficiency,0
tigpr,random_stratified_70_15_15,tigpr:Loose:130,Loose,Loose,1
tigpr,random_stratified_70_15_15,tigpr:Loose:141,Loose,Loose,1
tigpr,random_stratified_70_15_15,tigpr:Loose:143,Loose,Loose,1
tigpr,random_stratified_70_15_15,tigpr:Loose:158,Loose,Loose,1
tigpr,random_stratified_70_15_15,tigpr:Loose:160,Loose,Loose,1
tigpr,random_stratified_70_15_15,tigpr:Loose:164,Loose,Loose,1
tigpr,random_stratified_70_15_15,tigpr:Loose:166,Loose,Loose,1
tigpr,random_stratified_70_15_15,tigpr:Loose:168,Loose,Loose,1
tigpr,random_stratified_70_15_15,tigpr:Loose:172,Loose,Loose,1
tigpr,random_stratified_70_15_15,tigpr:Loose:177,Loose,Interlayer_bonding_deficiency,0
tigpr,random_stratified_70_15_15,tigpr:Loose:180,Loose,Loose,1
tigpr,random_stratified_70_15_15,tigpr:Loose:182,Loose,Interlayer_bonding_deficiency,0
tigpr,random_stratified_70_15_15,tigpr:Loose:190,Loose,Loose,1
tigpr,random_stratified_70_15_15,tigpr:Loose:192,Loose,Loose,1
tigpr,random_stratified_70_15_15,tigpr:Loose:193,Loose,Loose,1
tigpr,random_stratified_70_15_15,tigpr:Loose:197,Loose,Loose,1
tigpr,random_stratified_70_15_15,tigpr:Loose:217,Loose,Loose,1
tigpr,random_stratified_70_15_15,tigpr:Loose:220,Loose,Loose,1
tigpr,random_stratified_70_15_15,tigpr:Loose:227,Loose,Loose,1
tigpr,random_stratified_70_15_15,tigpr:Loose:244,Loose,Loose,1
tigpr,random_stratified_70_15_15,tigpr:Loose:245,Loose,Loose,1
tigpr,random_stratified_70_15_15,tigpr:Loose:262,Loose,Interlayer_bonding_deficiency,0
tigpr,random_stratified_70_15_15,tigpr:Loose:266,Loose,Loose,1
tigpr,random_stratified_70_15_15,tigpr:Loose:273,Loose,Loose,1
tigpr,random_stratified_70_15_15,tigpr:Loose:276,Loose,Loose,1
tigpr,random_stratified_70_15_15,tigpr:Loose:282,Loose,Interlayer_bonding_deficiency,0
tigpr,random_stratified_70_15_15,tigpr:Loose:284,Loose,Interlayer_bonding_deficiency,0
tigpr,random_stratified_70_15_15,tigpr:Loose:285,Loose,Interlayer_bonding_deficiency,0
tigpr,random_stratified_70_15_15,tigpr:Loose:299,Loose,Interlayer_bonding_deficiency,0
tigpr,random_stratified_70_15_15,tigpr:Loose:304,Loose,Loose,1
tigpr,random_stratified_70_15_15,tigpr:Loose:307,Loose,Loose,1
tigpr,random_stratified_70_15_15,tigpr:Loose:317,Loose,Loose,1
tigpr,random_stratified_70_15_15,tigpr:Loose:320,Loose,Loose,1
tigpr,random_stratified_70_15_15,tigpr:Loose:321,Loose,Loose,1
tigpr,random_stratified_70_15_15,tigpr:Loose:323,Loose,Loose,1
tigpr,random_stratified_70_15_15,tigpr:Loose:332,Loose,Loose,1
tigpr,random_stratified_70_15_15,tigpr:Loose:338,Loose,Loose,1
tigpr,random_stratified_70_15_15,tigpr:Loose:350,Loose,Loose,1
tigpr,random_stratified_70_15_15,tigpr:Loose:351,Loose,Interlayer_bonding_deficiency,0
tigpr,random_stratified_70_15_15,tigpr:Loose:352,Loose,Loose,1
tigpr,random_stratified_70_15_15,tigpr:Loose:385,Loose,Loose,1
tigpr,random_stratified_70_15_15,tigpr:Loose:395,Loose,Loose,1
tigpr,random_stratified_70_15_15,tigpr:Loose:403,Loose,Loose,1
tigpr,random_stratified_70_15_15,tigpr:Loose:406,Loose,No_damage,0
tigpr,random_stratified_70_15_15,tigpr:Loose:407,Loose,Interlayer_bonding_deficiency,0
tigpr,random_stratified_70_15_15,tigpr:Loose:416,Loose,Interlayer_bonding_deficiency,0
tigpr,random_stratified_70_15_15,tigpr:Loose:422,Loose,Loose,1
tigpr,random_stratified_70_15_15,tigpr:Loose:425,Loose,Loose,1
tigpr,random_stratified_70_15_15,tigpr:Loose:448,Loose,Loose,1
tigpr,random_stratified_70_15_15,tigpr:Loose:462,Loose,Loose,1
tigpr,random_stratified_70_15_15,tigpr:Loose:465,Loose,Loose,1
tigpr,random_stratified_70_15_15,tigpr:Loose:471,Loose,Loose,1
tigpr,random_stratified_70_15_15,tigpr:Loose:482,Loose,Loose,1
tigpr,random_stratified_70_15_15,tigpr:Loose:489,Loose,Loose,1
tigpr,random_stratified_70_15_15,tigpr:Loose:509,Loose,Loose,1
tigpr,random_stratified_70_15_15,tigpr:Loose:511,Loose,Interlayer_bonding_deficiency,0
tigpr,random_stratified_70_15_15,tigpr:Loose:527,Loose,Interlayer_bonding_deficiency,0
tigpr,random_stratified_70_15_15,tigpr:Loose:536,Loose,Loose,1
tigpr,random_stratified_70_15_15,tigpr:Loose:539,Loose,Interlayer_bonding_deficiency,0
tigpr,random_stratified_70_15_15,tigpr:Loose:540,Loose,Loose,1
tigpr,random_stratified_70_15_15,tigpr:Loose:542,Loose,Loose,1
tigpr,random_stratified_70_15_15,tigpr:Loose:563,Loose,Loose,1
tigpr,random_stratified_70_15_15,tigpr:Loose:565,Loose,Loose,1
tigpr,random_stratified_70_15_15,tigpr:Loose:568,Loose,Loose,1
tigpr,random_stratified_70_15_15,tigpr:Loose:570,Loose,Loose,1
tigpr,random_stratified_70_15_15,tigpr:Loose:586,Loose,Loose,1
tigpr,random_stratified_70_15_15,tigpr:Loose:594,Loose,Interlayer_bonding_deficiency,0
tigpr,random_stratified_70_15_15,tigpr:Loose:599,Loose,Loose,1
tigpr,random_stratified_70_15_15,tigpr:Loose:600,Loose,Interlayer_bonding_deficiency,0
tigpr,random_stratified_70_15_15,tigpr:Loose:617,Loose,Loose,1
tigpr,random_stratified_70_15_15,tigpr:Loose:619,Loose,Interlayer_bonding_deficiency,0
tigpr,random_stratified_70_15_15,tigpr:Loose:626,Loose,Loose,1
tigpr,random_stratified_70_15_15,tigpr:Loose:627,Loose,Loose,1
tigpr,random_stratified_70_15_15,tigpr:Loose:637,Loose,Loose,1
tigpr,random_stratified_70_15_15,tigpr:Loose:638,Loose,Loose,1
tigpr,random_stratified_70_15_15,tigpr:Loose:641,Loose,Loose,1
tigpr,random_stratified_70_15_15,tigpr:Loose:644,Loose,Loose,1
tigpr,random_stratified_70_15_15,tigpr:Loose:652,Loose,Loose,1
tigpr,random_stratified_70_15_15,tigpr:Loose:667,Loose,Interlayer_bonding_deficiency,0
tigpr,random_stratified_70_15_15,tigpr:Loose:674,Loose,Loose,1
tigpr,random_stratified_70_15_15,tigpr:Loose:681,Loose,Interlayer_bonding_deficiency,0
tigpr,random_stratified_70_15_15,tigpr:Loose:685,Loose,Loose,1
tigpr,random_stratified_70_15_15,tigpr:Loose:691,Loose,Loose,1
tigpr,random_stratified_70_15_15,tigpr:Loose:698,Loose,Loose,1
tigpr,random_stratified_70_15_15,tigpr:Loose:701,Loose,Loose,1
tigpr,random_stratified_70_15_15,tigpr:Loose:702,Loose,Loose,1
tigpr,random_stratified_70_15_15,tigpr:Loose:712,Loose,Interlayer_bonding_deficiency,0
tigpr,random_stratified_70_15_15,tigpr:Loose:715,Loose,Loose,1
tigpr,random_stratified_70_15_15,tigpr:Loose:716,Loose,Loose,1
tigpr,random_stratified_70_15_15,tigpr:Loose:722,Loose,Loose,1
tigpr,random_stratified_70_15_15,tigpr:Loose:737,Loose,Loose,1
tigpr,random_stratified_70_15_15,tigpr:Loose:738,Loose,Interlayer_bonding_deficiency,0
tigpr,random_stratified_70_15_15,tigpr:Loose:758,Loose,No_damage,0
tigpr,random_stratified_70_15_15,tigpr:Loose:766,Loose,Loose,1
tigpr,random_stratified_70_15_15,tigpr:Loose:775,Loose,Loose,1
tigpr,random_stratified_70_15_15,tigpr:Loose:777,Loose,Loose,1
tigpr,random_stratified_70_15_15,tigpr:Loose:783,Loose,Interlayer_bonding_deficiency,0
tigpr,random_stratified_70_15_15,tigpr:Loose:784,Loose,Loose,1
tigpr,random_stratified_70_15_15,tigpr:Loose:786,Loose,Loose,1
tigpr,random_stratified_70_15_15,tigpr:Loose:806,Loose,Interlayer_bonding_deficiency,0
tigpr,random_stratified_70_15_15,tigpr:Loose:816,Loose,Loose,1
tigpr,random_stratified_70_15_15,tigpr:Loose:825,Loose,Loose,1
tigpr,random_stratified_70_15_15,tigpr:Loose:833,Loose,Loose,1
tigpr,random_stratified_70_15_15,tigpr:Loose:838,Loose,Loose,1
tigpr,random_stratified_70_15_15,tigpr:Loose:841,Loose,Loose,1
tigpr,random_stratified_70_15_15,tigpr:Loose:851,Loose,Loose,1
tigpr,random_stratified_70_15_15,tigpr:Loose:852,Loose,Loose,1
tigpr,random_stratified_70_15_15,tigpr:Loose:860,Loose,Loose,1
tigpr,random_stratified_70_15_15,tigpr:Loose:861,Loose,Loose,1
tigpr,random_stratified_70_15_15,tigpr:Loose:863,Loose,Loose,1
tigpr,random_stratified_70_15_15,tigpr:Loose:883,Loose,Loose,1
tigpr,random_stratified_70_15_15,tigpr:Loose:885,Loose,Interlayer_bonding_deficiency,0
tigpr,random_stratified_70_15_15,tigpr:Loose:896,Loose,Interlayer_bonding_deficiency,0
tigpr,random_stratified_70_15_15,tigpr:Loose:901,Loose,Loose,1
tigpr,random_stratified_70_15_15,tigpr:Loose:918,Loose,Loose,1
tigpr,random_stratified_70_15_15,tigpr:Loose:922,Loose,Loose,1
tigpr,random_stratified_70_15_15,tigpr:Loose:930,Loose,Loose,1
tigpr,random_stratified_70_15_15,tigpr:Loose:935,Loose,Loose,1
tigpr,random_stratified_70_15_15,tigpr:Loose:938,Loose,Loose,1
tigpr,random_stratified_70_15_15,tigpr:Loose:940,Loose,Loose,1
tigpr,random_stratified_70_15_15,tigpr:Loose:947,Loose,Loose,1
tigpr,random_stratified_70_15_15,tigpr:Loose:954,Loose,Loose,1
tigpr,random_stratified_70_15_15,tigpr:Loose:957,Loose,Interlayer_bonding_deficiency,0
tigpr,random_stratified_70_15_15,tigpr:Loose:963,Loose,Loose,1
tigpr,random_stratified_70_15_15,tigpr:Loose:965,Loose,Loose,1
tigpr,random_stratified_70_15_15,tigpr:Loose:977,Loose,Loose,1
tigpr,random_stratified_70_15_15,tigpr:Loose:982,Loose,Loose,1
tigpr,random_stratified_70_15_15,tigpr:Loose:995,Loose,Loose,1
tigpr,random_stratified_70_15_15,tigpr:Loose:1007,Loose,Interlayer_bonding_deficiency,0
tigpr,random_stratified_70_15_15,tigpr:Loose:1013,Loose,Loose,1
tigpr,random_stratified_70_15_15,tigpr:Loose:1020,Loose,Loose,1
tigpr,random_stratified_70_15_15,tigpr:Loose:1030,Loose,Loose,1
tigpr,random_stratified_70_15_15,tigpr:Loose:1038,Loose,Loose,1
tigpr,random_stratified_70_15_15,tigpr:Loose:1039,Loose,Interlayer_bonding_deficiency,0
tigpr,random_stratified_70_15_15,tigpr:Loose:1051,Loose,Loose,1
tigpr,random_stratified_70_15_15,tigpr:Loose:1054,Loose,Loose,1
tigpr,random_stratified_70_15_15,tigpr:Loose:1056,Loose,Loose,1
tigpr,random_stratified_70_15_15,tigpr:Loose:1057,Loose,Loose,1
tigpr,random_stratified_70_15_15,tigpr:Loose:1058,Loose,Loose,1
tigpr,random_stratified_70_15_15,tigpr:Loose:1061,Loose,Loose,1
tigpr,random_stratified_70_15_15,tigpr:Loose:1063,Loose,Loose,1
tigpr,random_stratified_70_15_15,tigpr:Loose:1064,Loose,Loose,1
tigpr,random_stratified_70_15_15,tigpr:Loose:1067,Loose,Loose,1
tigpr,random_stratified_70_15_15,tigpr:Loose:1071,Loose,Loose,1
tigpr,random_stratified_70_15_15,tigpr:Loose:1083,Loose,Loose,1
tigpr,random_stratified_70_15_15,tigpr:Loose:1087,Loose,Loose,1
tigpr,random_stratified_70_15_15,tigpr:Loose:1094,Loose,Interlayer_bonding_deficiency,0
tigpr,random_stratified_70_15_15,tigpr:Loose:1095,Loose,Loose,1
tigpr,random_stratified_70_15_15,tigpr:Loose:1104,Loose,Loose,1
tigpr,random_stratified_70_15_15,tigpr:Loose:1107,Loose,Loose,1
tigpr,random_stratified_70_15_15,tigpr:Loose:1113,Loose,Interlayer_bonding_deficiency,0
tigpr,random_stratified_70_15_15,tigpr:Loose:1116,Loose,Loose,1
tigpr,random_stratified_70_15_15,tigpr:Loose:1120,Loose,Loose,1
tigpr,random_stratified_70_15_15,tigpr:Loose:1121,Loose,Loose,1
tigpr,random_stratified_70_15_15,tigpr:Loose:1136,Loose,Loose,1
tigpr,random_stratified_70_15_15,tigpr:Loose:1146,Loose,Loose,1
tigpr,random_stratified_70_15_15,tigpr:Loose:1151,Loose,Loose,1
tigpr,random_stratified_70_15_15,tigpr:Loose:1159,Loose,Loose,1
tigpr,random_stratified_70_15_15,tigpr:Loose:1162,Loose,Loose,1
tigpr,random_stratified_70_15_15,tigpr:Loose:1179,Loose,Loose,1
tigpr,random_stratified_70_15_15,tigpr:Loose:1183,Loose,Loose,1
tigpr,random_stratified_70_15_15,tigpr:Loose:1192,Loose,Loose,1
tigpr,random_stratified_70_15_15,tigpr:Loose:1196,Loose,Loose,1
tigpr,random_stratified_70_15_15,tigpr:Loose:1200,Loose,Loose,1
tigpr,random_stratified_70_15_15,tigpr:Loose:1207,Loose,Loose,1
tigpr,random_stratified_70_15_15,tigpr:Loose:1214,Loose,Loose,1
tigpr,random_stratified_70_15_15,tigpr:Loose:1218,Loose,Loose,1
tigpr,random_stratified_70_15_15,tigpr:Loose:1224,Loose,Loose,1
tigpr,random_stratified_70_15_15,tigpr:Loose:1229,Loose,Loose,1
tigpr,random_stratified_70_15_15,tigpr:Loose:1244,Loose,Loose,1
tigpr,random_stratified_70_15_15,tigpr:Loose:1245,Loose,Loose,1
tigpr,random_stratified_70_15_15,tigpr:Loose:1263,Loose,Loose,1
tigpr,random_stratified_70_15_15,tigpr:Loose:1267,Loose,Loose,1
tigpr,random_stratified_70_15_15,tigpr:Loose:1273,Loose,Loose,1
tigpr,random_stratified_70_15_15,tigpr:Loose:1276,Loose,Loose,1
tigpr,random_stratified_70_15_15,tigpr:Loose:1283,Loose,Loose,1
tigpr,random_stratified_70_15_15,tigpr:Loose:1287,Loose,Loose,1
tigpr,random_stratified_70_15_15,tigpr:Loose:1291,Loose,Loose,1
tigpr,random_stratified_70_15_15,tigpr:Loose:1294,Loose,Interlayer_bonding_deficiency,0
tigpr,random_stratified_70_15_15,tigpr:Loose:1314,Loose,Loose,1
tigpr,random_stratified_70_15_15,tigpr:Loose:1320,Loose,Loose,1
tigpr,random_stratified_70_15_15,tigpr:Loose:1339,Loose,Loose,1
tigpr,random_stratified_70_15_15,tigpr:Loose:1343,Loose,Loose,1
tigpr,random_stratified_70_15_15,tigpr:Loose:1372,Loose,Loose,1
tigpr,random_stratified_70_15_15,tigpr:Loose:1373,Loose,Interlayer_bonding_deficiency,0
tigpr,random_stratified_70_15_15,tigpr:Loose:1381,Loose,Loose,1
tigpr,random_stratified_70_15_15,tigpr:Loose:1382,Loose,Loose,1
tigpr,random_stratified_70_15_15,tigpr:Loose:1384,Loose,Loose,1
tigpr,random_stratified_70_15_15,tigpr:Loose:1389,Loose,Loose,1
tigpr,random_stratified_70_15_15,tigpr:Loose:1393,Loose,Loose,1
tigpr,random_stratified_70_15_15,tigpr:Loose:1395,Loose,Loose,1
tigpr,random_stratified_70_15_15,tigpr:Loose:1397,Loose,Loose,1
tigpr,random_stratified_70_15_15,tigpr:Loose:1412,Loose,Loose,1
tigpr,random_stratified_70_15_15,tigpr:Loose:1423,Loose,Loose,1
tigpr,random_stratified_70_15_15,tigpr:Loose:1424,Loose,Loose,1
tigpr,random_stratified_70_15_15,tigpr:Loose:1444,Loose,Void,0
tigpr,random_stratified_70_15_15,tigpr:Loose:1450,Loose,Interlayer_bonding_deficiency,0
tigpr,random_stratified_70_15_15,tigpr:Loose:1452,Loose,Interlayer_bonding_deficiency,0
tigpr,random_stratified_70_15_15,tigpr:Loose:1473,Loose,Interlayer_bonding_deficiency,0
tigpr,random_stratified_70_15_15,tigpr:Loose:1486,Loose,Loose,1
tigpr,random_stratified_70_15_15,tigpr:Loose:1491,Loose,Loose,1
tigpr,random_stratified_70_15_15,tigpr:Loose:1502,Loose,Loose,1
tigpr,random_stratified_70_15_15,tigpr:Loose:1505,Loose,Loose,1
tigpr,random_stratified_70_15_15,tigpr:Loose:1513,Loose,Loose,1
tigpr,random_stratified_70_15_15,tigpr:Loose:1515,Loose,Interlayer_bonding_deficiency,0
tigpr,random_stratified_70_15_15,tigpr:Loose:1518,Loose,Interlayer_bonding_deficiency,0
tigpr,random_stratified_70_15_15,tigpr:Loose:1520,Loose,Loose,1
tigpr,random_stratified_70_15_15,tigpr:Loose:1529,Loose,Loose,1
tigpr,random_stratified_70_15_15,tigpr:Loose:1534,Loose,Loose,1
tigpr,random_stratified_70_15_15,tigpr:Loose:1537,Loose,Loose,1
tigpr,random_stratified_70_15_15,tigpr:Loose:1541,Loose,Interlayer_bonding_deficiency,0
tigpr,random_stratified_70_15_15,tigpr:Loose:1560,Loose,Interlayer_bonding_deficiency,0
tigpr,random_stratified_70_15_15,tigpr:Loose:1569,Loose,Interlayer_bonding_deficiency,0
tigpr,random_stratified_70_15_15,tigpr:Loose:1571,Loose,Interlayer_bonding_deficiency,0
tigpr,random_stratified_70_15_15,tigpr:Loose:1572,Loose,Loose,1
tigpr,random_stratified_70_15_15,tigpr:Loose:1576,Loose,Loose,1
tigpr,random_stratified_70_15_15,tigpr:Loose:1578,Loose,Interlayer_bonding_deficiency,0
tigpr,random_stratified_70_15_15,tigpr:Loose:1579,Loose,Loose,1
tigpr,random_stratified_70_15_15,tigpr:Loose:1580,Loose,Loose,1
tigpr,random_stratified_70_15_15,tigpr:Loose:1588,Loose,Loose,1
tigpr,random_stratified_70_15_15,tigpr:Loose:1599,Loose,Loose,1
tigpr,random_stratified_70_15_15,tigpr:Loose:1622,Loose,Interlayer_bonding_deficiency,0
tigpr,random_stratified_70_15_15,tigpr:Loose:1623,Loose,Interlayer_bonding_deficiency,0
tigpr,random_stratified_70_15_15,tigpr:Loose:1629,Loose,Interlayer_bonding_deficiency,0
tigpr,random_stratified_70_15_15,tigpr:Loose:1631,Loose,Interlayer_bonding_deficiency,0
tigpr,random_stratified_70_15_15,tigpr:Loose:1640,Loose,Interlayer_bonding_deficiency,0
tigpr,random_stratified_70_15_15,tigpr:Loose:1653,Loose,Loose,1
tigpr,random_stratified_70_15_15,tigpr:Loose:1658,Loose,Loose,1
tigpr,random_stratified_70_15_15,tigpr:Loose:1670,Loose,Loose,1
tigpr,random_stratified_70_15_15,tigpr:Loose:1687,Loose,Interlayer_bonding_deficiency,0
tigpr,random_stratified_70_15_15,tigpr:Loose:1690,Loose,Loose,1
tigpr,random_stratified_70_15_15,tigpr:Loose:1714,Loose,Loose,1
tigpr,random_stratified_70_15_15,tigpr:Loose:1715,Loose,Loose,1
tigpr,random_stratified_70_15_15,tigpr:Loose:1717,Loose,Loose,1
tigpr,random_stratified_70_15_15,tigpr:Loose:1719,Loose,Interlayer_bonding_deficiency,0
tigpr,random_stratified_70_15_15,tigpr:Loose:1725,Loose,Loose,1
tigpr,random_stratified_70_15_15,tigpr:Loose:1726,Loose,Loose,1
tigpr,random_stratified_70_15_15,tigpr:Loose:1729,Loose,Interlayer_bonding_deficiency,0
tigpr,random_stratified_70_15_15,tigpr:Loose:1741,Loose,Loose,1
tigpr,random_stratified_70_15_15,tigpr:Loose:1751,Loose,Interlayer_bonding_deficiency,0
tigpr,random_stratified_70_15_15,tigpr:Loose:1758,Loose,Loose,1
tigpr,random_stratified_70_15_15,tigpr:Loose:1761,Loose,Loose,1
tigpr,random_stratified_70_15_15,tigpr:Loose:1764,Loose,Interlayer_bonding_deficiency,0
tigpr,random_stratified_70_15_15,tigpr:Loose:1778,Loose,Loose,1
tigpr,random_stratified_70_15_15,tigpr:Loose:1781,Loose,Interlayer_bonding_deficiency,0
tigpr,random_stratified_70_15_15,tigpr:Loose:1794,Loose,Loose,1
tigpr,random_stratified_70_15_15,tigpr:Loose:1798,Loose,Loose,1
tigpr,random_stratified_70_15_15,tigpr:Loose:1801,Loose,Loose,1
tigpr,random_stratified_70_15_15,tigpr:Loose:1808,Loose,Interlayer_bonding_deficiency,0
tigpr,random_stratified_70_15_15,tigpr:Loose:1818,Loose,Loose,1
tigpr,random_stratified_70_15_15,tigpr:Loose:1827,Loose,Loose,1
tigpr,random_stratified_70_15_15,tigpr:Loose:1828,Loose,Interlayer_bonding_deficiency,0
tigpr,random_stratified_70_15_15,tigpr:Loose:1831,Loose,Loose,1
tigpr,random_stratified_70_15_15,tigpr:Loose:1833,Loose,Loose,1
tigpr,random_stratified_70_15_15,tigpr:Loose:1837,Loose,Loose,1
tigpr,random_stratified_70_15_15,tigpr:Loose:1852,Loose,Loose,1
tigpr,random_stratified_70_15_15,tigpr:Loose:1870,Loose,Loose,1
tigpr,random_stratified_70_15_15,tigpr:Loose:1874,Loose,Interlayer_bonding_deficiency,0
tigpr,random_stratified_70_15_15,tigpr:Loose:1882,Loose,Loose,1
tigpr,random_stratified_70_15_15,tigpr:Loose:1885,Loose,Loose,1
tigpr,random_stratified_70_15_15,tigpr:Loose:1887,Loose,Interlayer_bonding_deficiency,0
tigpr,random_stratified_70_15_15,tigpr:Loose:1892,Loose,Loose,1
tigpr,random_stratified_70_15_15,tigpr:Loose:1893,Loose,Loose,1
tigpr,random_stratified_70_15_15,tigpr:Loose:1898,Loose,Loose,1
tigpr,random_stratified_70_15_15,tigpr:Loose:1905,Loose,Loose,1
tigpr,random_stratified_70_15_15,tigpr:Loose:1907,Loose,Loose,1
tigpr,random_stratified_70_15_15,tigpr:Loose:1909,Loose,Loose,1
tigpr,random_stratified_70_15_15,tigpr:Loose:1912,Loose,Loose,1
tigpr,random_stratified_70_15_15,tigpr:Loose:1913,Loose,Loose,1
tigpr,random_stratified_70_15_15,tigpr:Loose:1914,Loose,Loose,1
tigpr,random_stratified_70_15_15,tigpr:Loose:1918,Loose,Loose,1
tigpr,random_stratified_70_15_15,tigpr:Loose:1920,Loose,Loose,1
tigpr,random_stratified_70_15_15,tigpr:Loose:1924,Loose,Loose,1
tigpr,random_stratified_70_15_15,tigpr:Loose:1936,Loose,Loose,1
tigpr,random_stratified_70_15_15,tigpr:Loose:1944,Loose,Loose,1
tigpr,random_stratified_70_15_15,tigpr:Loose:1946,Loose,Loose,1
tigpr,random_stratified_70_15_15,tigpr:Loose:1947,Loose,Loose,1
tigpr,random_stratified_70_15_15,tigpr:Loose:1953,Loose,Loose,1
tigpr,random_stratified_70_15_15,tigpr:Loose:1955,Loose,Loose,1
tigpr,random_stratified_70_15_15,tigpr:Loose:1957,Loose,Loose,1
tigpr,random_stratified_70_15_15,tigpr:Loose:1962,Loose,Loose,1
tigpr,random_stratified_70_15_15,tigpr:Loose:1972,Loose,Loose,1
tigpr,random_stratified_70_15_15,tigpr:Loose:1976,Loose,Loose,1
tigpr,random_stratified_70_15_15,tigpr:Loose:1982,Loose,Loose,1
tigpr,random_stratified_70_15_15,tigpr:Loose:1995,Loose,Interlayer_bonding_deficiency,0
tigpr,random_stratified_70_15_15,tigpr:Loose:1997,Loose,Interlayer_bonding_deficiency,0
tigpr,random_stratified_70_15_15,tigpr:Loose:2000,Loose,Loose,1
tigpr,random_stratified_70_15_15,tigpr:Loose:2017,Loose,Loose,1
tigpr,random_stratified_70_15_15,tigpr:Loose:2024,Loose,Loose,1
tigpr,random_stratified_70_15_15,tigpr:Loose:2027,Loose,Loose,1
tigpr,random_stratified_70_15_15,tigpr:Loose:2033,Loose,Loose,1
tigpr,random_stratified_70_15_15,tigpr:Loose:2037,Loose,Interlayer_bonding_deficiency,0
tigpr,random_stratified_70_15_15,tigpr:Loose:2045,Loose,Loose,1
tigpr,random_stratified_70_15_15,tigpr:Loose:2055,Loose,Loose,1
tigpr,random_stratified_70_15_15,tigpr:Loose:2063,Loose,Loose,1
tigpr,random_stratified_70_15_15,tigpr:Loose:2069,Loose,Loose,1
tigpr,random_stratified_70_15_15,tigpr:Loose:2075,Loose,Loose,1
tigpr,random_stratified_70_15_15,tigpr:Loose:2076,Loose,Loose,1
tigpr,random_stratified_70_15_15,tigpr:Loose:2085,Loose,Interlayer_bonding_deficiency,0
tigpr,random_stratified_70_15_15,tigpr:Loose:2093,Loose,Loose,1
tigpr,random_stratified_70_15_15,tigpr:No_damage:1,No_damage,Void,0
tigpr,random_stratified_70_15_15,tigpr:No_damage:4,No_damage,No_damage,1
tigpr,random_stratified_70_15_15,tigpr:No_damage:15,No_damage,No_damage,1
tigpr,random_stratified_70_15_15,tigpr:No_damage:17,No_damage,Void,0
tigpr,random_stratified_70_15_15,tigpr:No_damage:18,No_damage,Interlayer_bonding_deficiency,0
tigpr,random_stratified_70_15_15,tigpr:No_damage:20,No_damage,No_damage,1
tigpr,random_stratified_70_15_15,tigpr:No_damage:33,No_damage,Interlayer_bonding_deficiency,0
tigpr,random_stratified_70_15_15,tigpr:No_damage:43,No_damage,Loose,0
tigpr,random_stratified_70_15_15,tigpr:No_damage:44,No_damage,Loose,0
tigpr,random_stratified_70_15_15,tigpr:No_damage:45,No_damage,Interlayer_bonding_deficiency,0
tigpr,random_stratified_70_15_15,tigpr:No_damage:46,No_damage,No_damage,1
tigpr,random_stratified_70_15_15,tigpr:No_damage:51,No_damage,Interlayer_bonding_deficiency,0
tigpr,random_stratified_70_15_15,tigpr:No_damage:54,No_damage,Loose,0
tigpr,random_stratified_70_15_15,tigpr:No_damage:59,No_damage,No_damage,1
tigpr,random_stratified_70_15_15,tigpr:No_damage:70,No_damage,No_damage,1
tigpr,random_stratified_70_15_15,tigpr:No_damage:71,No_damage,No_damage,1
tigpr,random_stratified_70_15_15,tigpr:No_damage:73,No_damage,No_damage,1
tigpr,random_stratified_70_15_15,tigpr:No_damage:82,No_damage,Loose,0
tigpr,random_stratified_70_15_15,tigpr:No_damage:84,No_damage,No_damage,1
tigpr,random_stratified_70_15_15,tigpr:No_damage:93,No_damage,No_damage,1
tigpr,random_stratified_70_15_15,tigpr:No_damage:96,No_damage,No_damage,1
tigpr,random_stratified_70_15_15,tigpr:No_damage:105,No_damage,No_damage,1
tigpr,random_stratified_70_15_15,tigpr:No_damage:109,No_damage,No_damage,1
tigpr,random_stratified_70_15_15,tigpr:No_damage:110,No_damage,No_damage,1
tigpr,random_stratified_70_15_15,tigpr:No_damage:111,No_damage,Interlayer_bonding_deficiency,0
tigpr,random_stratified_70_15_15,tigpr:No_damage:121,No_damage,No_damage,1
tigpr,random_stratified_70_15_15,tigpr:No_damage:128,No_damage,No_damage,1
tigpr,random_stratified_70_15_15,tigpr:No_damage:131,No_damage,No_damage,1
tigpr,random_stratified_70_15_15,tigpr:No_damage:133,No_damage,No_damage,1
tigpr,random_stratified_70_15_15,tigpr:No_damage:152,No_damage,No_damage,1
tigpr,random_stratified_70_15_15,tigpr:No_damage:158,No_damage,Interlayer_bonding_deficiency,0
tigpr,random_stratified_70_15_15,tigpr:No_damage:159,No_damage,No_damage,1
tigpr,random_stratified_70_15_15,tigpr:No_damage:160,No_damage,Interlayer_bonding_deficiency,0
tigpr,random_stratified_70_15_15,tigpr:No_damage:163,No_damage,No_damage,1
tigpr,random_stratified_70_15_15,tigpr:No_damage:186,No_damage,No_damage,1
tigpr,random_stratified_70_15_15,tigpr:No_damage:193,No_damage,No_damage,1
tigpr,random_stratified_70_15_15,tigpr:No_damage:197,No_damage,No_damage,1
tigpr,random_stratified_70_15_15,tigpr:No_damage:206,No_damage,No_damage,1
tigpr,random_stratified_70_15_15,tigpr:No_damage:225,No_damage,No_damage,1
tigpr,random_stratified_70_15_15,tigpr:No_damage:233,No_damage,No_damage,1
tigpr,random_stratified_70_15_15,tigpr:No_damage:234,No_damage,No_damage,1
tigpr,random_stratified_70_15_15,tigpr:No_damage:237,No_damage,No_damage,1
tigpr,random_stratified_70_15_15,tigpr:No_damage:241,No_damage,Interlayer_bonding_deficiency,0
tigpr,random_stratified_70_15_15,tigpr:No_damage:256,No_damage,No_damage,1
tigpr,random_stratified_70_15_15,tigpr:No_damage:263,No_damage,No_damage,1
tigpr,random_stratified_70_15_15,tigpr:No_damage:266,No_damage,No_damage,1
tigpr,random_stratified_70_15_15,tigpr:No_damage:268,No_damage,No_damage,1
tigpr,random_stratified_70_15_15,tigpr:No_damage:270,No_damage,No_damage,1
tigpr,random_stratified_70_15_15,tigpr:No_damage:278,No_damage,No_damage,1
tigpr,random_stratified_70_15_15,tigpr:No_damage:288,No_damage,No_damage,1
tigpr,random_stratified_70_15_15,tigpr:No_damage:297,No_damage,Interlayer_bonding_deficiency,0
tigpr,random_stratified_70_15_15,tigpr:No_damage:306,No_damage,No_damage,1
tigpr,random_stratified_70_15_15,tigpr:No_damage:310,No_damage,No_damage,1
tigpr,random_stratified_70_15_15,tigpr:No_damage:323,No_damage,Interlayer_bonding_deficiency,0
tigpr,random_stratified_70_15_15,tigpr:No_damage:325,No_damage,Loose,0
tigpr,random_stratified_70_15_15,tigpr:No_damage:328,No_damage,Interlayer_bonding_deficiency,0
tigpr,random_stratified_70_15_15,tigpr:No_damage:331,No_damage,No_damage,1
tigpr,random_stratified_70_15_15,tigpr:No_damage:333,No_damage,Interlayer_bonding_deficiency,0
tigpr,random_stratified_70_15_15,tigpr:No_damage:348,No_damage,Interlayer_bonding_deficiency,0
tigpr,random_stratified_70_15_15,tigpr:No_damage:350,No_damage,No_damage,1
tigpr,random_stratified_70_15_15,tigpr:No_damage:356,No_damage,No_damage,1
tigpr,random_stratified_70_15_15,tigpr:No_damage:360,No_damage,No_damage,1
tigpr,random_stratified_70_15_15,tigpr:No_damage:380,No_damage,No_damage,1
tigpr,random_stratified_70_15_15,tigpr:No_damage:384,No_damage,No_damage,1
tigpr,random_stratified_70_15_15,tigpr:No_damage:393,No_damage,No_damage,1
tigpr,random_stratified_70_15_15,tigpr:No_damage:398,No_damage,No_damage,1
tigpr,random_stratified_70_15_15,tigpr:No_damage:399,No_damage,No_damage,1
tigpr,random_stratified_70_15_15,tigpr:No_damage:407,No_damage,No_damage,1
tigpr,random_stratified_70_15_15,tigpr:No_damage:415,No_damage,No_damage,1
tigpr,random_stratified_70_15_15,tigpr:No_damage:420,No_damage,Void,0
tigpr,random_stratified_70_15_15,tigpr:No_damage:433,No_damage,No_damage,1
tigpr,random_stratified_70_15_15,tigpr:No_damage:436,No_damage,No_damage,1
tigpr,random_stratified_70_15_15,tigpr:No_damage:440,No_damage,No_damage,1
tigpr,random_stratified_70_15_15,tigpr:No_damage:444,No_damage,No_damage,1
tigpr,random_stratified_70_15_15,tigpr:No_damage:453,No_damage,No_damage,1
tigpr,random_stratified_70_15_15,tigpr:No_damage:455,No_damage,No_damage,1
tigpr,random_stratified_70_15_15,tigpr:No_damage:464,No_damage,Interlayer_bonding_deficiency,0
tigpr,random_stratified_70_15_15,tigpr:No_damage:465,No_damage,No_damage,1
tigpr,random_stratified_70_15_15,tigpr:No_damage:467,No_damage,Interlayer_bonding_deficiency,0
tigpr,random_stratified_70_15_15,tigpr:No_damage:476,No_damage,No_damage,1
tigpr,random_stratified_70_15_15,tigpr:No_damage:489,No_damage,No_damage,1
tigpr,random_stratified_70_15_15,tigpr:No_damage:492,No_damage,No_damage,1
tigpr,random_stratified_70_15_15,tigpr:No_damage:495,No_damage,Interlayer_bonding_deficiency,0
tigpr,random_stratified_70_15_15,tigpr:No_damage:496,No_damage,No_damage,1
tigpr,random_stratified_70_15_15,tigpr:No_damage:502,No_damage,No_damage,1
tigpr,random_stratified_70_15_15,tigpr:No_damage:519,No_damage,Interlayer_bonding_deficiency,0
tigpr,random_stratified_70_15_15,tigpr:No_damage:524,No_damage,Interlayer_bonding_deficiency,0
tigpr,random_stratified_70_15_15,tigpr:No_damage:531,No_damage,No_damage,1
tigpr,random_stratified_70_15_15,tigpr:No_damage:545,No_damage,No_damage,1
tigpr,random_stratified_70_15_15,tigpr:No_damage:553,No_damage,No_damage,1
tigpr,random_stratified_70_15_15,tigpr:No_damage:554,No_damage,No_damage,1
tigpr,random_stratified_70_15_15,tigpr:No_damage:557,No_damage,No_damage,1
tigpr,random_stratified_70_15_15,tigpr:No_damage:559,No_damage,No_damage,1
tigpr,random_stratified_70_15_15,tigpr:No_damage:560,No_damage,No_damage,1
tigpr,random_stratified_70_15_15,tigpr:No_damage:563,No_damage,No_damage,1
tigpr,random_stratified_70_15_15,tigpr:No_damage:569,No_damage,No_damage,1
tigpr,random_stratified_70_15_15,tigpr:No_damage:581,No_damage,No_damage,1
tigpr,random_stratified_70_15_15,tigpr:No_damage:588,No_damage,Interlayer_bonding_deficiency,0
tigpr,random_stratified_70_15_15,tigpr:No_damage:597,No_damage,Interlayer_bonding_deficiency,0
tigpr,random_stratified_70_15_15,tigpr:No_damage:607,No_damage,No_damage,1
tigpr,random_stratified_70_15_15,tigpr:No_damage:616,No_damage,No_damage,1
tigpr,random_stratified_70_15_15,tigpr:No_damage:623,No_damage,No_damage,1
tigpr,random_stratified_70_15_15,tigpr:No_damage:629,No_damage,No_damage,1
tigpr,random_stratified_70_15_15,tigpr:No_damage:630,No_damage,Loose,0
tigpr,random_stratified_70_15_15,tigpr:No_damage:639,No_damage,No_damage,1
tigpr,random_stratified_70_15_15,tigpr:No_damage:644,No_damage,No_damage,1
tigpr,random_stratified_70_15_15,tigpr:No_damage:647,No_damage,No_damage,1
tigpr,random_stratified_70_15_15,tigpr:No_damage:648,No_damage,Interlayer_bonding_deficiency,0
tigpr,random_stratified_70_15_15,tigpr:No_damage:650,No_damage,No_damage,1
tigpr,random_stratified_70_15_15,tigpr:No_damage:664,No_damage,No_damage,1
tigpr,random_stratified_70_15_15,tigpr:No_damage:674,No_damage,Interlayer_bonding_deficiency,0
tigpr,random_stratified_70_15_15,tigpr:No_damage:683,No_damage,Interlayer_bonding_deficiency,0
tigpr,random_stratified_70_15_15,tigpr:No_damage:687,No_damage,No_damage,1
tigpr,random_stratified_70_15_15,tigpr:No_damage:691,No_damage,No_damage,1
tigpr,random_stratified_70_15_15,tigpr:No_damage:713,No_damage,No_damage,1
tigpr,random_stratified_70_15_15,tigpr:No_damage:721,No_damage,Loose,0
tigpr,random_stratified_70_15_15,tigpr:No_damage:727,No_damage,No_damage,1
tigpr,random_stratified_70_15_15,tigpr:No_damage:729,No_damage,No_damage,1
tigpr,random_stratified_70_15_15,tigpr:No_damage:751,No_damage,No_damage,1
tigpr,random_stratified_70_15_15,tigpr:No_damage:753,No_damage,Void,0
tigpr,random_stratified_70_15_15,tigpr:No_damage:761,No_damage,No_damage,1
tigpr,random_stratified_70_15_15,tigpr:No_damage:771,No_damage,No_damage,1
tigpr,random_stratified_70_15_15,tigpr:No_damage:774,No_damage,No_damage,1
tigpr,random_stratified_70_15_15,tigpr:No_damage:790,No_damage,No_damage,1
tigpr,random_stratified_70_15_15,tigpr:No_damage:809,No_damage,No_damage,1
tigpr,random_stratified_70_15_15,tigpr:No_damage:814,No_damage,No_damage,1
tigpr,random_stratified_70_15_15,tigpr:No_damage:817,No_damage,No_damage,1
tigpr,random_stratified_70_15_15,tigpr:No_damage:821,No_damage,No_damage,1
tigpr,random_stratified_70_15_15,tigpr:No_damage:825,No_damage,No_damage,1
tigpr,random_stratified_70_15_15,tigpr:No_damage:829,No_damage,No_damage,1
tigpr,random_stratified_70_15_15,tigpr:No_damage:835,No_damage,No_damage,1
tigpr,random_stratified_70_15_15,tigpr:No_damage:859,No_damage,No_damage,1
tigpr,random_stratified_70_15_15,tigpr:No_damage:860,No_damage,No_damage,1
tigpr,random_stratified_70_15_15,tigpr:No_damage:863,No_damage,No_damage,1
tigpr,random_stratified_70_15_15,tigpr:No_damage:870,No_damage,No_damage,1
tigpr,random_stratified_70_15_15,tigpr:No_damage:874,No_damage,No_damage,1
tigpr,random_stratified_70_15_15,tigpr:No_damage:880,No_damage,No_damage,1
tigpr,random_stratified_70_15_15,tigpr:No_damage:887,No_damage,No_damage,1
tigpr,random_stratified_70_15_15,tigpr:No_damage:894,No_damage,Loose,0
tigpr,random_stratified_70_15_15,tigpr:No_damage:896,No_damage,No_damage,1
tigpr,random_stratified_70_15_15,tigpr:No_damage:911,No_damage,No_damage,1
tigpr,random_stratified_70_15_15,tigpr:No_damage:914,No_damage,No_damage,1
tigpr,random_stratified_70_15_15,tigpr:No_damage:915,No_damage,No_damage,1
tigpr,random_stratified_70_15_15,tigpr:No_damage:921,No_damage,No_damage,1
tigpr,random_stratified_70_15_15,tigpr:No_damage:923,No_damage,No_damage,1
tigpr,random_stratified_70_15_15,tigpr:No_damage:942,No_damage,No_damage,1
tigpr,random_stratified_70_15_15,tigpr:No_damage:944,No_damage,No_damage,1
tigpr,random_stratified_70_15_15,tigpr:No_damage:950,No_damage,No_damage,1
tigpr,random_stratified_70_15_15,tigpr:No_damage:953,No_damage,No_damage,1
tigpr,random_stratified_70_15_15,tigpr:No_damage:959,No_damage,No_damage,1
tigpr,random_stratified_70_15_15,tigpr:No_damage:961,No_damage,No_damage,1
tigpr,random_stratified_70_15_15,tigpr:No_damage:974,No_damage,No_damage,1
tigpr,random_stratified_70_15_15,tigpr:No_damage:978,No_damage,No_damage,1
tigpr,random_stratified_70_15_15,tigpr:No_damage:981,No_damage,No_damage,1
tigpr,random_stratified_70_15_15,tigpr:No_damage:986,No_damage,No_damage,1
tigpr,random_stratified_70_15_15,tigpr:No_damage:1000,No_damage,No_damage,1
tigpr,random_stratified_70_15_15,tigpr:No_damage:1008,No_damage,No_damage,1
tigpr,random_stratified_70_15_15,tigpr:No_damage:1023,No_damage,No_damage,1
tigpr,random_stratified_70_15_15,tigpr:No_damage:1025,No_damage,No_damage,1
tigpr,random_stratified_70_15_15,tigpr:No_damage:1030,No_damage,No_damage,1
tigpr,random_stratified_70_15_15,tigpr:No_damage:1037,No_damage,No_damage,1
tigpr,random_stratified_70_15_15,tigpr:No_damage:1043,No_damage,No_damage,1
tigpr,random_stratified_70_15_15,tigpr:No_damage:1047,No_damage,No_damage,1
tigpr,random_stratified_70_15_15,tigpr:No_damage:1050,No_damage,No_damage,1
tigpr,random_stratified_70_15_15,tigpr:No_damage:1056,No_damage,No_damage,1
tigpr,random_stratified_70_15_15,tigpr:No_damage:1064,No_damage,No_damage,1
tigpr,random_stratified_70_15_15,tigpr:No_damage:1067,No_damage,No_damage,1
tigpr,random_stratified_70_15_15,tigpr:No_damage:1071,No_damage,No_damage,1
tigpr,random_stratified_70_15_15,tigpr:No_damage:1082,No_damage,No_damage,1
tigpr,random_stratified_70_15_15,tigpr:No_damage:1095,No_damage,No_damage,1
tigpr,random_stratified_70_15_15,tigpr:No_damage:1096,No_damage,No_damage,1
tigpr,random_stratified_70_15_15,tigpr:No_damage:1098,No_damage,No_damage,1
tigpr,random_stratified_70_15_15,tigpr:No_damage:1111,No_damage,No_damage,1
tigpr,random_stratified_70_15_15,tigpr:No_damage:1123,No_damage,No_damage,1
tigpr,random_stratified_70_15_15,tigpr:No_damage:1127,No_damage,No_damage,1
tigpr,random_stratified_70_15_15,tigpr:No_damage:1131,No_damage,No_damage,1
tigpr,random_stratified_70_15_15,tigpr:No_damage:1135,No_damage,No_damage,1
tigpr,random_stratified_70_15_15,tigpr:No_damage:1146,No_damage,No_damage,1
tigpr,random_stratified_70_15_15,tigpr:No_damage:1149,No_damage,No_damage,1
tigpr,random_stratified_70_15_15,tigpr:No_damage:1154,No_damage,No_damage,1
tigpr,random_stratified_70_15_15,tigpr:No_damage:1165,No_damage,No_damage,1
tigpr,random_stratified_70_15_15,tigpr:No_damage:1168,No_damage,No_damage,1
tigpr,random_stratified_70_15_15,tigpr:No_damage:1180,No_damage,No_damage,1
tigpr,random_stratified_70_15_15,tigpr:No_damage:1186,No_damage,No_damage,1
tigpr,random_stratified_70_15_15,tigpr:No_damage:1190,No_damage,No_damage,1
tigpr,random_stratified_70_15_15,tigpr:No_damage:1201,No_damage,No_damage,1
tigpr,random_stratified_70_15_15,tigpr:No_damage:1218,No_damage,No_damage,1
tigpr,random_stratified_70_15_15,tigpr:No_damage:1226,No_damage,No_damage,1
tigpr,random_stratified_70_15_15,tigpr:No_damage:1236,No_damage,No_damage,1
tigpr,random_stratified_70_15_15,tigpr:No_damage:1239,No_damage,No_damage,1
tigpr,random_stratified_70_15_15,tigpr:No_damage:1243,No_damage,No_damage,1
tigpr,random_stratified_70_15_15,tigpr:No_damage:1244,No_damage,No_damage,1
tigpr,random_stratified_70_15_15,tigpr:No_damage:1252,No_damage,No_damage,1
tigpr,random_stratified_70_15_15,tigpr:No_damage:1253,No_damage,No_damage,1
tigpr,random_stratified_70_15_15,tigpr:No_damage:1262,No_damage,No_damage,1
tigpr,random_stratified_70_15_15,tigpr:No_damage:1272,No_damage,No_damage,1
tigpr,random_stratified_70_15_15,tigpr:No_damage:1289,No_damage,No_damage,1
tigpr,random_stratified_70_15_15,tigpr:No_damage:1291,No_damage,No_damage,1
tigpr,random_stratified_70_15_15,tigpr:No_damage:1294,No_damage,No_damage,1
tigpr,random_stratified_70_15_15,tigpr:No_damage:1300,No_damage,No_damage,1
tigpr,random_stratified_70_15_15,tigpr:No_damage:1303,No_damage,No_damage,1
tigpr,random_stratified_70_15_15,tigpr:No_damage:1315,No_damage,Interlayer_bonding_deficiency,0
tigpr,random_stratified_70_15_15,tigpr:No_damage:1317,No_damage,No_damage,1
tigpr,random_stratified_70_15_15,tigpr:No_damage:1334,No_damage,No_damage,1
tigpr,random_stratified_70_15_15,tigpr:No_damage:1335,No_damage,No_damage,1
tigpr,random_stratified_70_15_15,tigpr:No_damage:1338,No_damage,No_damage,1
tigpr,random_stratified_70_15_15,tigpr:No_damage:1343,No_damage,No_damage,1
tigpr,random_stratified_70_15_15,tigpr:No_damage:1352,No_damage,Interlayer_bonding_deficiency,0
tigpr,random_stratified_70_15_15,tigpr:No_damage:1363,No_damage,No_damage,1
tigpr,random_stratified_70_15_15,tigpr:No_damage:1381,No_damage,Interlayer_bonding_deficiency,0
tigpr,random_stratified_70_15_15,tigpr:No_damage:1386,No_damage,No_damage,1
tigpr,random_stratified_70_15_15,tigpr:No_damage:1394,No_damage,No_damage,1
tigpr,random_stratified_70_15_15,tigpr:No_damage:1395,No_damage,No_damage,1
tigpr,random_stratified_70_15_15,tigpr:No_damage:1401,No_damage,No_damage,1
tigpr,random_stratified_70_15_15,tigpr:No_damage:1427,No_damage,No_damage,1
tigpr,random_stratified_70_15_15,tigpr:No_damage:1431,No_damage,No_damage,1
tigpr,random_stratified_70_15_15,tigpr:No_damage:1434,No_damage,No_damage,1
tigpr,random_stratified_70_15_15,tigpr:No_damage:1444,No_damage,No_damage,1
tigpr,random_stratified_70_15_15,tigpr:No_damage:1448,No_damage,No_damage,1
tigpr,random_stratified_70_15_15,tigpr:No_damage:1461,No_damage,No_damage,1
tigpr,random_stratified_70_15_15,tigpr:No_damage:1468,No_damage,No_damage,1
tigpr,random_stratified_70_15_15,tigpr:No_damage:1474,No_damage,Interlayer_bonding_deficiency,0
tigpr,random_stratified_70_15_15,tigpr:No_damage:1488,No_damage,No_damage,1
tigpr,random_stratified_70_15_15,tigpr:No_damage:1490,No_damage,No_damage,1
tigpr,random_stratified_70_15_15,tigpr:No_damage:1499,No_damage,No_damage,1
tigpr,random_stratified_70_15_15,tigpr:No_damage:1501,No_damage,No_damage,1
tigpr,random_stratified_70_15_15,tigpr:No_damage:1505,No_damage,No_damage,1
tigpr,random_stratified_70_15_15,tigpr:No_damage:1517,No_damage,No_damage,1
tigpr,random_stratified_70_15_15,tigpr:Void:12,Void,Interlayer_bonding_deficiency,0
tigpr,random_stratified_70_15_15,tigpr:Void:21,Void,Void,1
tigpr,random_stratified_70_15_15,tigpr:Void:23,Void,Interlayer_bonding_deficiency,0
tigpr,random_stratified_70_15_15,tigpr:Void:25,Void,Void,1
tigpr,random_stratified_70_15_15,tigpr:Void:29,Void,Void,1
tigpr,random_stratified_70_15_15,tigpr:Void:36,Void,Interlayer_bonding_deficiency,0
tigpr,random_stratified_70_15_15,tigpr:Void:39,Void,Interlayer_bonding_deficiency,0
tigpr,random_stratified_70_15_15,tigpr:Void:43,Void,Interlayer_bonding_deficiency,0
tigpr,random_stratified_70_15_15,tigpr:Void:44,Void,Crack,0
tigpr,random_stratified_70_15_15,tigpr:Void:47,Void,Crack,0
tigpr,random_stratified_70_15_15,tigpr:Void:78,Void,Crack,0
tigpr,random_stratified_70_15_15,tigpr:Void:91,Void,Crack,0
tigpr,random_stratified_70_15_15,tigpr:Void:100,Void,Crack,0
tigpr,random_stratified_70_15_15,tigpr:Void:106,Void,Crack,0
tigpr,random_stratified_70_15_15,tigpr:Void:114,Void,No_damage,0
tigpr,random_stratified_70_15_15,tigpr:Void:115,Void,Interlayer_bonding_deficiency,0
tigpr,random_stratified_70_15_15,tigpr:Void:117,Void,Void,1
tigpr,random_stratified_70_15_15,tigpr:Void:127,Void,Crack,0
tigpr,random_stratified_70_15_15,tigpr:Void:138,Void,Interlayer_bonding_deficiency,0
tigpr,random_stratified_70_15_15,tigpr:Void:139,Void,Interlayer_bonding_deficiency,0
tigpr,random_stratified_70_15_15,tigpr:Void:147,Void,Crack,0
tigpr,random_stratified_70_15_15,tigpr:Void:152,Void,Crack,0
tigpr,random_stratified_70_15_15,tigpr:Void:158,Void,Crack,0
tigpr,random_stratified_70_15_15,tigpr:Void:160,Void,Void,1
tigpr,random_stratified_70_15_15,tigpr:Void:164,Void,Crack,0
tigpr,random_stratified_70_15_15,tigpr:Void:165,Void,Void,1
tigpr,random_stratified_70_15_15,tigpr:Void:188,Void,Loose,0
tigpr,random_stratified_70_15_15,tigpr:Void:199,Void,Void,1
tigpr,random_stratified_70_15_15,tigpr:Void:201,Void,Void,1
tigpr,random_stratified_70_15_15,tigpr:Void:211,Void,Interlayer_bonding_deficiency,0
tigpr,random_stratified_70_15_15,tigpr:Void:213,Void,Loose,0
tigpr,random_stratified_70_15_15,tigpr:Void:222,Void,Void,1
tigpr,random_stratified_70_15_15,tigpr:Void:223,Void,Interlayer_bonding_deficiency,0
tigpr,random_stratified_70_15_15,tigpr:Void:228,Void,Void,1
tigpr,random_stratified_70_15_15,tigpr:Void:229,Void,Void,1
tigpr,random_stratified_70_15_15,tigpr:Void:247,Void,Interlayer_bonding_deficiency,0
tigpr,random_stratified_70_15_15,tigpr:Void:254,Void,Interlayer_bonding_deficiency,0
tigpr,random_stratified_70_15_15,tigpr:Void:258,Void,Void,1
tigpr,random_stratified_70_15_15,tigpr:Void:267,Void,Void,1
tigpr,random_stratified_70_15_15,tigpr:Void:271,Void,Interlayer_bonding_deficiency,0
tigpr,random_stratified_70_15_15,tigpr:Void:272,Void,Interlayer_bonding_deficiency,0
tigpr,random_stratified_70_15_15,tigpr:Void:278,Void,Interlayer_bonding_deficiency,0
tigpr,random_stratified_70_15_15,tigpr:Void:281,Void,Void,1
tigpr,random_stratified_70_15_15,tigpr:Void:284,Void,Interlayer_bonding_deficiency,0
tigpr,random_stratified_70_15_15,tigpr:Void:286,Void,Crack,0
tigpr,random_stratified_70_15_15,tigpr:Void:299,Void,Interlayer_bonding_deficiency,0
tigpr,existing_fold_p2,tigpr:Crack:1,Crack,Interlayer_bonding_deficiency,0
tigpr,existing_fold_p2,tigpr:Crack:6,Crack,Void,0
tigpr,existing_fold_p2,tigpr:Crack:11,Crack,Crack,1
tigpr,existing_fold_p2,tigpr:Crack:16,Crack,Crack,1
tigpr,existing_fold_p2,tigpr:Crack:21,Crack,Crack,1
tigpr,existing_fold_p2,tigpr:Crack:26,Crack,Crack,1
tigpr,existing_fold_p2,tigpr:Crack:31,Crack,Crack,1
tigpr,existing_fold_p2,tigpr:Crack:36,Crack,Crack,1
tigpr,existing_fold_p2,tigpr:Crack:41,Crack,Crack,1
tigpr,existing_fold_p2,tigpr:Crack:46,Crack,Void,0
tigpr,existing_fold_p2,tigpr:Crack:51,Crack,Crack,1
tigpr,existing_fold_p2,tigpr:Crack:56,Crack,Crack,1
tigpr,existing_fold_p2,tigpr:Crack:61,Crack,Crack,1
tigpr,existing_fold_p2,tigpr:Crack:66,Crack,Crack,1
tigpr,existing_fold_p2,tigpr:Crack:71,Crack,Interlayer_bonding_deficiency,0
tigpr,existing_fold_p2,tigpr:Crack:76,Crack,Void,0
tigpr,existing_fold_p2,tigpr:Crack:81,Crack,Crack,1
tigpr,existing_fold_p2,tigpr:Crack:86,Crack,Interlayer_bonding_deficiency,0
tigpr,existing_fold_p2,tigpr:Crack:91,Crack,Crack,1
tigpr,existing_fold_p2,tigpr:Crack:96,Crack,Crack,1
tigpr,existing_fold_p2,tigpr:Crack:101,Crack,Crack,1
tigpr,existing_fold_p2,tigpr:Crack:106,Crack,Void,0
tigpr,existing_fold_p2,tigpr:Crack:111,Crack,Crack,1
tigpr,existing_fold_p2,tigpr:Crack:116,Crack,Crack,1
tigpr,existing_fold_p2,tigpr:Crack:121,Crack,Crack,1
tigpr,existing_fold_p2,tigpr:Crack:126,Crack,Void,0
tigpr,existing_fold_p2,tigpr:Crack:131,Crack,Crack,1
tigpr,existing_fold_p2,tigpr:Crack:136,Crack,Crack,1
tigpr,existing_fold_p2,tigpr:Crack:141,Crack,Void,0
tigpr,existing_fold_p2,tigpr:Crack:146,Crack,Crack,1
tigpr,existing_fold_p2,tigpr:Crack:151,Crack,Crack,1
tigpr,existing_fold_p2,tigpr:Crack:156,Crack,Crack,1
tigpr,existing_fold_p2,tigpr:Crack:161,Crack,Crack,1
tigpr,existing_fold_p2,tigpr:Crack:166,Crack,Crack,1
tigpr,existing_fold_p2,tigpr:Crack:171,Crack,Crack,1
tigpr,existing_fold_p2,tigpr:Crack:176,Crack,Crack,1
tigpr,existing_fold_p2,tigpr:Crack:181,Crack,Crack,1
tigpr,existing_fold_p2,tigpr:Crack:186,Crack,Void,0
tigpr,existing_fold_p2,tigpr:Crack:191,Crack,Crack,1
tigpr,existing_fold_p2,tigpr:Crack:196,Crack,Crack,1
tigpr,existing_fold_p2,tigpr:Crack:201,Crack,Crack,1
tigpr,existing_fold_p2,tigpr:Crack:206,Crack,Crack,1
tigpr,existing_fold_p2,tigpr:Crack:211,Crack,Crack,1
tigpr,existing_fold_p2,tigpr:Crack:216,Crack,Crack,1
tigpr,existing_fold_p2,tigpr:Crack:221,Crack,Crack,1
tigpr,existing_fold_p2,tigpr:Crack:226,Crack,Crack,1
tigpr,existing_fold_p2,tigpr:Crack:231,Crack,Crack,1
tigpr,existing_fold_p2,tigpr:Crack:236,Crack,Crack,1
tigpr,existing_fold_p2,tigpr:Crack:241,Crack,Crack,1
tigpr,existing_fold_p2,tigpr:Crack:246,Crack,Crack,1
tigpr,existing_fold_p2,tigpr:Crack:251,Crack,Crack,1
tigpr,existing_fold_p2,tigpr:Crack:256,Crack,Void,0
tigpr,existing_fold_p2,tigpr:Crack:261,Crack,Void,0
tigpr,existing_fold_p2,tigpr:Crack:266,Crack,Interlayer_bonding_deficiency,0
tigpr,existing_fold_p2,tigpr:Crack:271,Crack,Crack,1
tigpr,existing_fold_p2,tigpr:Crack:276,Crack,Interlayer_bonding_deficiency,0
tigpr,existing_fold_p2,tigpr:Crack:281,Crack,Crack,1
tigpr,existing_fold_p2,tigpr:Crack:286,Crack,Crack,1
tigpr,existing_fold_p2,tigpr:Crack:291,Crack,Crack,1
tigpr,existing_fold_p2,tigpr:Crack:296,Crack,Crack,1
tigpr,existing_fold_p2,tigpr:Crack:301,Crack,Crack,1
tigpr,existing_fold_p2,tigpr:Crack:306,Crack,Crack,1
tigpr,existing_fold_p2,tigpr:Crack:311,Crack,Crack,1
tigpr,existing_fold_p2,tigpr:Crack:316,Crack,Crack,1
tigpr,existing_fold_p2,tigpr:Crack:321,Crack,Void,0
tigpr,existing_fold_p2,tigpr:Crack:326,Crack,Crack,1
tigpr,existing_fold_p2,tigpr:Crack:331,Crack,Void,0
tigpr,existing_fold_p2,tigpr:Crack:336,Crack,Crack,1
tigpr,existing_fold_p2,tigpr:Crack:341,Crack,Crack,1
tigpr,existing_fold_p2,tigpr:Crack:346,Crack,Void,0
tigpr,existing_fold_p2,tigpr:Crack:351,Crack,Crack,1
tigpr,existing_fold_p2,tigpr:Crack:356,Crack,Crack,1
tigpr,existing_fold_p2,tigpr:Crack:361,Crack,Crack,1
tigpr,existing_fold_p2,tigpr:Crack:366,Crack,Void,0
tigpr,existing_fold_p2,tigpr:Crack:371,Crack,Interlayer_bonding_deficiency,0
tigpr,existing_fold_p2,tigpr:Crack:376,Crack,Crack,1
tigpr,existing_fold_p2,tigpr:Crack:381,Crack,Crack,1
tigpr,existing_fold_p2,tigpr:Crack:386,Crack,Crack,1
tigpr,existing_fold_p2,tigpr:Crack:391,Crack,Crack,1
tigpr,existing_fold_p2,tigpr:Crack:396,Crack,Crack,1
tigpr,existing_fold_p2,tigpr:Crack:401,Crack,Void,0
tigpr,existing_fold_p2,tigpr:Crack:406,Crack,Crack,1
tigpr,existing_fold_p2,tigpr:Crack:411,Crack,Crack,1
tigpr,existing_fold_p2,tigpr:Crack:416,Crack,Crack,1
tigpr,existing_fold_p2,tigpr:Crack:421,Crack,Crack,1
tigpr,existing_fold_p2,tigpr:Crack:426,Crack,Crack,1
tigpr,existing_fold_p2,tigpr:Crack:431,Crack,Crack,1
tigpr,existing_fold_p2,tigpr:Crack:436,Crack,Crack,1
tigpr,existing_fold_p2,tigpr:Crack:441,Crack,Void,0
tigpr,existing_fold_p2,tigpr:Crack:446,Crack,Crack,1
tigpr,existing_fold_p2,tigpr:Crack:451,Crack,Crack,1
tigpr,existing_fold_p2,tigpr:Crack:456,Crack,Void,0
tigpr,existing_fold_p2,tigpr:Crack:461,Crack,Crack,1
tigpr,existing_fold_p2,tigpr:Crack:466,Crack,Interlayer_bonding_deficiency,0
tigpr,existing_fold_p2,tigpr:Crack:471,Crack,Void,0
tigpr,existing_fold_p2,tigpr:Crack:476,Crack,Crack,1
tigpr,existing_fold_p2,tigpr:Crack:481,Crack,Crack,1
tigpr,existing_fold_p2,tigpr:Crack:486,Crack,Void,0
tigpr,existing_fold_p2,tigpr:Crack:491,Crack,Crack,1
tigpr,existing_fold_p2,tigpr:Crack:496,Crack,Crack,1
tigpr,existing_fold_p2,tigpr:Crack:501,Crack,Crack,1
tigpr,existing_fold_p2,tigpr:Crack:506,Crack,Crack,1
tigpr,existing_fold_p2,tigpr:Crack:511,Crack,Interlayer_bonding_deficiency,0
tigpr,existing_fold_p2,tigpr:Crack:516,Crack,Interlayer_bonding_deficiency,0
tigpr,existing_fold_p2,tigpr:Crack:521,Crack,Interlayer_bonding_deficiency,0
tigpr,existing_fold_p2,tigpr:Crack:526,Crack,Crack,1
tigpr,existing_fold_p2,tigpr:Crack:531,Crack,Void,0
tigpr,existing_fold_p2,tigpr:Crack:536,Crack,Void,0
tigpr,existing_fold_p2,tigpr:Crack:541,Crack,Crack,1
tigpr,existing_fold_p2,tigpr:Crack:546,Crack,Crack,1
tigpr,existing_fold_p2,tigpr:Crack:551,Crack,Void,0
tigpr,existing_fold_p2,tigpr:Crack:556,Crack,Crack,1
tigpr,existing_fold_p2,tigpr:Crack:561,Crack,Void,0
tigpr,existing_fold_p2,tigpr:Crack:566,Crack,Interlayer_bonding_deficiency,0
tigpr,existing_fold_p2,tigpr:Crack:571,Crack,Crack,1
tigpr,existing_fold_p2,tigpr:Crack:576,Crack,Void,0
tigpr,existing_fold_p2,tigpr:Crack:581,Crack,Interlayer_bonding_deficiency,0
tigpr,existing_fold_p2,tigpr:Crack:586,Crack,Void,0
tigpr,existing_fold_p2,tigpr:Crack:591,Crack,Crack,1
tigpr,existing_fold_p2,tigpr:Crack:596,Crack,Crack,1
tigpr,existing_fold_p2,tigpr:Crack:601,Crack,Crack,1
tigpr,existing_fold_p2,tigpr:Crack:606,Crack,Crack,1
tigpr,existing_fold_p2,tigpr:Crack:611,Crack,Crack,1
tigpr,existing_fold_p2,tigpr:Crack:616,Crack,Crack,1
tigpr,existing_fold_p2,tigpr:Crack:621,Crack,Crack,1
tigpr,existing_fold_p2,tigpr:Crack:626,Crack,Crack,1
tigpr,existing_fold_p2,tigpr:Crack:631,Crack,Crack,1
tigpr,existing_fold_p2,tigpr:Crack:636,Crack,Crack,1
tigpr,existing_fold_p2,tigpr:Crack:641,Crack,Crack,1
tigpr,existing_fold_p2,tigpr:Crack:646,Crack,Crack,1
tigpr,existing_fold_p2,tigpr:Crack:651,Crack,Void,0
tigpr,existing_fold_p2,tigpr:Crack:656,Crack,Crack,1
tigpr,existing_fold_p2,tigpr:Crack:661,Crack,Crack,1
tigpr,existing_fold_p2,tigpr:Crack:666,Crack,Crack,1
tigpr,existing_fold_p2,tigpr:Crack:671,Crack,Crack,1
tigpr,existing_fold_p2,tigpr:Crack:676,Crack,Crack,1
tigpr,existing_fold_p2,tigpr:Crack:681,Crack,Crack,1
tigpr,existing_fold_p2,tigpr:Crack:686,Crack,Crack,1
tigpr,existing_fold_p2,tigpr:Crack:691,Crack,Crack,1
tigpr,existing_fold_p2,tigpr:Crack:696,Crack,Interlayer_bonding_deficiency,0
tigpr,existing_fold_p2,tigpr:Crack:701,Crack,Crack,1
tigpr,existing_fold_p2,tigpr:Crack:706,Crack,Crack,1
tigpr,existing_fold_p2,tigpr:Crack:711,Crack,Crack,1
tigpr,existing_fold_p2,tigpr:Crack:716,Crack,Crack,1
tigpr,existing_fold_p2,tigpr:Crack:721,Crack,Crack,1
tigpr,existing_fold_p2,tigpr:Crack:726,Crack,Crack,1
tigpr,existing_fold_p2,tigpr:Crack:731,Crack,Crack,1
tigpr,existing_fold_p2,tigpr:Crack:736,Crack,Crack,1
tigpr,existing_fold_p2,tigpr:Crack:741,Crack,Crack,1
tigpr,existing_fold_p2,tigpr:Crack:746,Crack,Void,0
tigpr,existing_fold_p2,tigpr:Crack:751,Crack,Crack,1
tigpr,existing_fold_p2,tigpr:Crack:756,Crack,Crack,1
tigpr,existing_fold_p2,tigpr:Crack:761,Crack,Void,0
tigpr,existing_fold_p2,tigpr:Crack:766,Crack,Crack,1
tigpr,existing_fold_p2,tigpr:Crack:771,Crack,Crack,1
tigpr,existing_fold_p2,tigpr:Crack:776,Crack,Crack,1
tigpr,existing_fold_p2,tigpr:Crack:781,Crack,Crack,1
tigpr,existing_fold_p2,tigpr:Crack:786,Crack,Crack,1
tigpr,existing_fold_p2,tigpr:Crack:791,Crack,Interlayer_bonding_deficiency,0
tigpr,existing_fold_p2,tigpr:Crack:796,Crack,Crack,1
tigpr,existing_fold_p2,tigpr:Crack:801,Crack,Crack,1
tigpr,existing_fold_p2,tigpr:Crack:806,Crack,Crack,1
tigpr,existing_fold_p2,tigpr:Crack:811,Crack,Crack,1
tigpr,existing_fold_p2,tigpr:Crack:816,Crack,Void,0
tigpr,existing_fold_p2,tigpr:Crack:821,Crack,Crack,1
tigpr,existing_fold_p2,tigpr:Crack:826,Crack,Interlayer_bonding_deficiency,0
tigpr,existing_fold_p2,tigpr:Crack:831,Crack,Crack,1
tigpr,existing_fold_p2,tigpr:Crack:836,Crack,Crack,1
tigpr,existing_fold_p2,tigpr:Crack:841,Crack,Void,0
tigpr,existing_fold_p2,tigpr:Crack:846,Crack,Crack,1
tigpr,existing_fold_p2,tigpr:Crack:851,Crack,Crack,1
tigpr,existing_fold_p2,tigpr:Crack:856,Crack,Crack,1
tigpr,existing_fold_p2,tigpr:Crack:861,Crack,Crack,1
tigpr,existing_fold_p2,tigpr:Crack:866,Crack,Crack,1
tigpr,existing_fold_p2,tigpr:Crack:871,Crack,Crack,1
tigpr,existing_fold_p2,tigpr:Crack:876,Crack,Crack,1
tigpr,existing_fold_p2,tigpr:Crack:881,Crack,Crack,1
tigpr,existing_fold_p2,tigpr:Crack:886,Crack,Crack,1
tigpr,existing_fold_p2,tigpr:Crack:891,Crack,Void,0
tigpr,existing_fold_p2,tigpr:Crack:896,Crack,Crack,1
tigpr,existing_fold_p2,tigpr:Crack:901,Crack,Crack,1
tigpr,existing_fold_p2,tigpr:Crack:906,Crack,Crack,1
tigpr,existing_fold_p2,tigpr:Crack:911,Crack,Crack,1
tigpr,existing_fold_p2,tigpr:Crack:916,Crack,Crack,1
tigpr,existing_fold_p2,tigpr:Crack:921,Crack,Crack,1
tigpr,existing_fold_p2,tigpr:Crack:926,Crack,Crack,1
tigpr,existing_fold_p2,tigpr:Crack:931,Crack,Crack,1
tigpr,existing_fold_p2,tigpr:Crack:936,Crack,Crack,1
tigpr,existing_fold_p2,tigpr:Crack:941,Crack,Void,0
tigpr,existing_fold_p2,tigpr:Crack:946,Crack,Crack,1
tigpr,existing_fold_p2,tigpr:Crack:951,Crack,Crack,1
tigpr,existing_fold_p2,tigpr:Crack:956,Crack,Crack,1
tigpr,existing_fold_p2,tigpr:Crack:961,Crack,Interlayer_bonding_deficiency,0
tigpr,existing_fold_p2,tigpr:Crack:966,Crack,Crack,1
tigpr,existing_fold_p2,tigpr:Crack:971,Crack,Crack,1
tigpr,existing_fold_p2,tigpr:Crack:976,Crack,Crack,1
tigpr,existing_fold_p2,tigpr:Crack:981,Crack,Crack,1
tigpr,existing_fold_p2,tigpr:Crack:986,Crack,Crack,1
tigpr,existing_fold_p2,tigpr:Crack:991,Crack,Crack,1
tigpr,existing_fold_p2,tigpr:Crack:996,Crack,Crack,1
tigpr,existing_fold_p2,tigpr:Crack:1001,Crack,Void,0
tigpr,existing_fold_p2,tigpr:Crack:1006,Crack,Crack,1
tigpr,existing_fold_p2,tigpr:Crack:1011,Crack,Void,0
tigpr,existing_fold_p2,tigpr:Crack:1016,Crack,Crack,1
tigpr,existing_fold_p2,tigpr:Crack:1021,Crack,Crack,1
tigpr,existing_fold_p2,tigpr:Crack:1026,Crack,Crack,1
tigpr,existing_fold_p2,tigpr:Crack:1031,Crack,Void,0
tigpr,existing_fold_p2,tigpr:Crack:1036,Crack,Crack,1
tigpr,existing_fold_p2,tigpr:Crack:1041,Crack,Crack,1
tigpr,existing_fold_p2,tigpr:Crack:1046,Crack,Crack,1
tigpr,existing_fold_p2,tigpr:Crack:1051,Crack,Crack,1
tigpr,existing_fold_p2,tigpr:Crack:1056,Crack,Interlayer_bonding_deficiency,0
tigpr,existing_fold_p2,tigpr:Crack:1061,Crack,Crack,1
tigpr,existing_fold_p2,tigpr:Crack:1066,Crack,Crack,1
tigpr,existing_fold_p2,tigpr:Crack:1071,Crack,Crack,1
tigpr,existing_fold_p2,tigpr:Crack:1076,Crack,Crack,1
tigpr,existing_fold_p2,tigpr:Crack:1081,Crack,Crack,1
tigpr,existing_fold_p2,tigpr:Crack:1086,Crack,Crack,1
tigpr,existing_fold_p2,tigpr:Crack:1091,Crack,Crack,1
tigpr,existing_fold_p2,tigpr:Crack:1096,Crack,Crack,1
tigpr,existing_fold_p2,tigpr:Crack:1101,Crack,Crack,1
tigpr,existing_fold_p2,tigpr:Crack:1106,Crack,Crack,1
tigpr,existing_fold_p2,tigpr:Crack:1111,Crack,Crack,1
tigpr,existing_fold_p2,tigpr:Crack:1116,Crack,Crack,1
tigpr,existing_fold_p2,tigpr:Crack:1121,Crack,Crack,1
tigpr,existing_fold_p2,tigpr:Crack:1126,Crack,Crack,1
tigpr,existing_fold_p2,tigpr:Crack:1131,Crack,Crack,1
tigpr,existing_fold_p2,tigpr:Crack:1136,Crack,Crack,1
tigpr,existing_fold_p2,tigpr:Crack:1141,Crack,Interlayer_bonding_deficiency,0
tigpr,existing_fold_p2,tigpr:Crack:1146,Crack,Crack,1
tigpr,existing_fold_p2,tigpr:Crack:1151,Crack,Void,0
tigpr,existing_fold_p2,tigpr:Crack:1156,Crack,Crack,1
tigpr,existing_fold_p2,tigpr:Crack:1161,Crack,Crack,1
tigpr,existing_fold_p2,tigpr:Crack:1166,Crack,Crack,1
tigpr,existing_fold_p2,tigpr:Crack:1171,Crack,Interlayer_bonding_deficiency,0
tigpr,existing_fold_p2,tigpr:Crack:1176,Crack,Void,0
tigpr,existing_fold_p2,tigpr:Crack:1181,Crack,Crack,1
tigpr,existing_fold_p2,tigpr:Crack:1186,Crack,Crack,1
tigpr,existing_fold_p2,tigpr:Crack:1191,Crack,Interlayer_bonding_deficiency,0
tigpr,existing_fold_p2,tigpr:Crack:1196,Crack,Crack,1
tigpr,existing_fold_p2,tigpr:Crack:1201,Crack,Void,0
tigpr,existing_fold_p2,tigpr:Crack:1206,Crack,Void,0
tigpr,existing_fold_p2,tigpr:Crack:1211,Crack,Crack,1
tigpr,existing_fold_p2,tigpr:Crack:1216,Crack,Interlayer_bonding_deficiency,0
tigpr,existing_fold_p2,tigpr:Crack:1221,Crack,Crack,1
tigpr,existing_fold_p2,tigpr:Interlayer_bonding_deficiency:1,Interlayer_bonding_deficiency,Interlayer_bonding_deficiency,1
tigpr,existing_fold_p2,tigpr:Interlayer_bonding_deficiency:6,Interlayer_bonding_deficiency,Interlayer_bonding_deficiency,1
tigpr,existing_fold_p2,tigpr:Interlayer_bonding_deficiency:11,Interlayer_bonding_deficiency,Interlayer_bonding_deficiency,1
tigpr,existing_fold_p2,tigpr:Interlayer_bonding_deficiency:16,Interlayer_bonding_deficiency,Interlayer_bonding_deficiency,1
tigpr,existing_fold_p2,tigpr:Interlayer_bonding_deficiency:21,Interlayer_bonding_deficiency,Interlayer_bonding_deficiency,1
tigpr,existing_fold_p2,tigpr:Interlayer_bonding_deficiency:26,Interlayer_bonding_deficiency,Interlayer_bonding_deficiency,1
tigpr,existing_fold_p2,tigpr:Interlayer_bonding_deficiency:31,Interlayer_bonding_deficiency,Interlayer_bonding_deficiency,1
tigpr,existing_fold_p2,tigpr:Interlayer_bonding_deficiency:36,Interlayer_bonding_deficiency,Loose,0
tigpr,existing_fold_p2,tigpr:Interlayer_bonding_deficiency:41,Interlayer_bonding_deficiency,Interlayer_bonding_deficiency,1
tigpr,existing_fold_p2,tigpr:Interlayer_bonding_deficiency:46,Interlayer_bonding_deficiency,Interlayer_bonding_deficiency,1
tigpr,existing_fold_p2,tigpr:Interlayer_bonding_deficiency:51,Interlayer_bonding_deficiency,Interlayer_bonding_deficiency,1
tigpr,existing_fold_p2,tigpr:Interlayer_bonding_deficiency:56,Interlayer_bonding_deficiency,Interlayer_bonding_deficiency,1
tigpr,existing_fold_p2,tigpr:Interlayer_bonding_deficiency:61,Interlayer_bonding_deficiency,Interlayer_bonding_deficiency,1
tigpr,existing_fold_p2,tigpr:Interlayer_bonding_deficiency:66,Interlayer_bonding_deficiency,Loose,0
tigpr,existing_fold_p2,tigpr:Interlayer_bonding_deficiency:71,Interlayer_bonding_deficiency,Interlayer_bonding_deficiency,1
tigpr,existing_fold_p2,tigpr:Interlayer_bonding_deficiency:76,Interlayer_bonding_deficiency,Interlayer_bonding_deficiency,1
tigpr,existing_fold_p2,tigpr:Interlayer_bonding_deficiency:81,Interlayer_bonding_deficiency,Interlayer_bonding_deficiency,1
tigpr,existing_fold_p2,tigpr:Interlayer_bonding_deficiency:86,Interlayer_bonding_deficiency,Interlayer_bonding_deficiency,1
tigpr,existing_fold_p2,tigpr:Interlayer_bonding_deficiency:91,Interlayer_bonding_deficiency,Loose,0
tigpr,existing_fold_p2,tigpr:Interlayer_bonding_deficiency:96,Interlayer_bonding_deficiency,Interlayer_bonding_deficiency,1
tigpr,existing_fold_p2,tigpr:Interlayer_bonding_deficiency:101,Interlayer_bonding_deficiency,Interlayer_bonding_deficiency,1
tigpr,existing_fold_p2,tigpr:Interlayer_bonding_deficiency:106,Interlayer_bonding_deficiency,Interlayer_bonding_deficiency,1
tigpr,existing_fold_p2,tigpr:Interlayer_bonding_deficiency:111,Interlayer_bonding_deficiency,Interlayer_bonding_deficiency,1
tigpr,existing_fold_p2,tigpr:Interlayer_bonding_deficiency:116,Interlayer_bonding_deficiency,Loose,0
tigpr,existing_fold_p2,tigpr:Interlayer_bonding_deficiency:121,Interlayer_bonding_deficiency,Interlayer_bonding_deficiency,1
tigpr,existing_fold_p2,tigpr:Interlayer_bonding_deficiency:126,Interlayer_bonding_deficiency,Interlayer_bonding_deficiency,1
tigpr,existing_fold_p2,tigpr:Interlayer_bonding_deficiency:131,Interlayer_bonding_deficiency,Interlayer_bonding_deficiency,1
tigpr,existing_fold_p2,tigpr:Interlayer_bonding_deficiency:136,Interlayer_bonding_deficiency,Interlayer_bonding_deficiency,1
tigpr,existing_fold_p2,tigpr:Interlayer_bonding_deficiency:141,Interlayer_bonding_deficiency,Interlayer_bonding_deficiency,1
tigpr,existing_fold_p2,tigpr:Interlayer_bonding_deficiency:146,Interlayer_bonding_deficiency,Interlayer_bonding_deficiency,1
tigpr,existing_fold_p2,tigpr:Interlayer_bonding_deficiency:151,Interlayer_bonding_deficiency,Interlayer_bonding_deficiency,1
tigpr,existing_fold_p2,tigpr:Interlayer_bonding_deficiency:156,Interlayer_bonding_deficiency,No_damage,0
tigpr,existing_fold_p2,tigpr:Interlayer_bonding_deficiency:161,Interlayer_bonding_deficiency,Void,0
tigpr,existing_fold_p2,tigpr:Interlayer_bonding_deficiency:166,Interlayer_bonding_deficiency,Interlayer_bonding_deficiency,1
tigpr,existing_fold_p2,tigpr:Interlayer_bonding_deficiency:171,Interlayer_bonding_deficiency,Interlayer_bonding_deficiency,1
tigpr,existing_fold_p2,tigpr:Interlayer_bonding_deficiency:176,Interlayer_bonding_deficiency,Interlayer_bonding_deficiency,1
tigpr,existing_fold_p2,tigpr:Interlayer_bonding_deficiency:181,Interlayer_bonding_deficiency,Interlayer_bonding_deficiency,1
tigpr,existing_fold_p2,tigpr:Interlayer_bonding_deficiency:186,Interlayer_bonding_deficiency,Interlayer_bonding_deficiency,1
tigpr,existing_fold_p2,tigpr:Interlayer_bonding_deficiency:191,Interlayer_bonding_deficiency,Interlayer_bonding_deficiency,1
tigpr,existing_fold_p2,tigpr:Interlayer_bonding_deficiency:196,Interlayer_bonding_deficiency,Interlayer_bonding_deficiency,1
tigpr,existing_fold_p2,tigpr:Interlayer_bonding_deficiency:201,Interlayer_bonding_deficiency,Interlayer_bonding_deficiency,1
tigpr,existing_fold_p2,tigpr:Interlayer_bonding_deficiency:206,Interlayer_bonding_deficiency,Interlayer_bonding_deficiency,1
tigpr,existing_fold_p2,tigpr:Interlayer_bonding_deficiency:211,Interlayer_bonding_deficiency,Interlayer_bonding_deficiency,1
tigpr,existing_fold_p2,tigpr:Interlayer_bonding_deficiency:216,Interlayer_bonding_deficiency,Interlayer_bonding_deficiency,1
tigpr,existing_fold_p2,tigpr:Interlayer_bonding_deficiency:221,Interlayer_bonding_deficiency,Interlayer_bonding_deficiency,1
tigpr,existing_fold_p2,tigpr:Interlayer_bonding_deficiency:226,Interlayer_bonding_deficiency,Interlayer_bonding_deficiency,1
tigpr,existing_fold_p2,tigpr:Interlayer_bonding_deficiency:231,Interlayer_bonding_deficiency,No_damage,0
tigpr,existing_fold_p2,tigpr:Interlayer_bonding_deficiency:236,Interlayer_bonding_deficiency,Interlayer_bonding_deficiency,1
tigpr,existing_fold_p2,tigpr:Interlayer_bonding_deficiency:241,Interlayer_bonding_deficiency,Interlayer_bonding_deficiency,1
tigpr,existing_fold_p2,tigpr:Interlayer_bonding_deficiency:246,Interlayer_bonding_deficiency,Interlayer_bonding_deficiency,1
tigpr,existing_fold_p2,tigpr:Interlayer_bonding_deficiency:251,Interlayer_bonding_deficiency,Interlayer_bonding_deficiency,1
tigpr,existing_fold_p2,tigpr:Interlayer_bonding_deficiency:256,Interlayer_bonding_deficiency,Loose,0
tigpr,existing_fold_p2,tigpr:Interlayer_bonding_deficiency:261,Interlayer_bonding_deficiency,Interlayer_bonding_deficiency,1
tigpr,existing_fold_p2,tigpr:Interlayer_bonding_deficiency:266,Interlayer_bonding_deficiency,Interlayer_bonding_deficiency,1
tigpr,existing_fold_p2,tigpr:Interlayer_bonding_deficiency:271,Interlayer_bonding_deficiency,Interlayer_bonding_deficiency,1
tigpr,existing_fold_p2,tigpr:Interlayer_bonding_deficiency:276,Interlayer_bonding_deficiency,Interlayer_bonding_deficiency,1
tigpr,existing_fold_p2,tigpr:Interlayer_bonding_deficiency:281,Interlayer_bonding_deficiency,Loose,0
tigpr,existing_fold_p2,tigpr:Interlayer_bonding_deficiency:286,Interlayer_bonding_deficiency,Void,0
tigpr,existing_fold_p2,tigpr:Interlayer_bonding_deficiency:291,Interlayer_bonding_deficiency,Interlayer_bonding_deficiency,1
tigpr,existing_fold_p2,tigpr:Interlayer_bonding_deficiency:296,Interlayer_bonding_deficiency,Interlayer_bonding_deficiency,1
tigpr,existing_fold_p2,tigpr:Interlayer_bonding_deficiency:301,Interlayer_bonding_deficiency,Interlayer_bonding_deficiency,1
tigpr,existing_fold_p2,tigpr:Interlayer_bonding_deficiency:306,Interlayer_bonding_deficiency,Interlayer_bonding_deficiency,1
tigpr,existing_fold_p2,tigpr:Interlayer_bonding_deficiency:311,Interlayer_bonding_deficiency,Interlayer_bonding_deficiency,1
tigpr,existing_fold_p2,tigpr:Interlayer_bonding_deficiency:316,Interlayer_bonding_deficiency,Interlayer_bonding_deficiency,1
tigpr,existing_fold_p2,tigpr:Interlayer_bonding_deficiency:321,Interlayer_bonding_deficiency,Interlayer_bonding_deficiency,1
tigpr,existing_fold_p2,tigpr:Interlayer_bonding_deficiency:326,Interlayer_bonding_deficiency,Loose,0
tigpr,existing_fold_p2,tigpr:Interlayer_bonding_deficiency:331,Interlayer_bonding_deficiency,Interlayer_bonding_deficiency,1
tigpr,existing_fold_p2,tigpr:Interlayer_bonding_deficiency:336,Interlayer_bonding_deficiency,Interlayer_bonding_deficiency,1
tigpr,existing_fold_p2,tigpr:Interlayer_bonding_deficiency:341,Interlayer_bonding_deficiency,Interlayer_bonding_deficiency,1
tigpr,existing_fold_p2,tigpr:Interlayer_bonding_deficiency:346,Interlayer_bonding_deficiency,Interlayer_bonding_deficiency,1
tigpr,existing_fold_p2,tigpr:Interlayer_bonding_deficiency:351,Interlayer_bonding_deficiency,Void,0
tigpr,existing_fold_p2,tigpr:Interlayer_bonding_deficiency:356,Interlayer_bonding_deficiency,Interlayer_bonding_deficiency,1
tigpr,existing_fold_p2,tigpr:Interlayer_bonding_deficiency:361,Interlayer_bonding_deficiency,Interlayer_bonding_deficiency,1
tigpr,existing_fold_p2,tigpr:Interlayer_bonding_deficiency:366,Interlayer_bonding_deficiency,Interlayer_bonding_deficiency,1
tigpr,existing_fold_p2,tigpr:Interlayer_bonding_deficiency:371,Interlayer_bonding_deficiency,No_damage,0
tigpr,existing_fold_p2,tigpr:Interlayer_bonding_deficiency:376,Interlayer_bonding_deficiency,Interlayer_bonding_deficiency,1
tigpr,existing_fold_p2,tigpr:Interlayer_bonding_deficiency:381,Interlayer_bonding_deficiency,Interlayer_bonding_deficiency,1
tigpr,existing_fold_p2,tigpr:Interlayer_bonding_deficiency:386,Interlayer_bonding_deficiency,Interlayer_bonding_deficiency,1
tigpr,existing_fold_p2,tigpr:Interlayer_bonding_deficiency:391,Interlayer_bonding_deficiency,No_damage,0
tigpr,existing_fold_p2,tigpr:Interlayer_bonding_deficiency:396,Interlayer_bonding_deficiency,Interlayer_bonding_deficiency,1
tigpr,existing_fold_p2,tigpr:Interlayer_bonding_deficiency:401,Interlayer_bonding_deficiency,Loose,0
tigpr,existing_fold_p2,tigpr:Interlayer_bonding_deficiency:406,Interlayer_bonding_deficiency,Interlayer_bonding_deficiency,1
tigpr,existing_fold_p2,tigpr:Interlayer_bonding_deficiency:411,Interlayer_bonding_deficiency,Loose,0
tigpr,existing_fold_p2,tigpr:Interlayer_bonding_deficiency:416,Interlayer_bonding_deficiency,Interlayer_bonding_deficiency,1
tigpr,existing_fold_p2,tigpr:Interlayer_bonding_deficiency:421,Interlayer_bonding_deficiency,No_damage,0
tigpr,existing_fold_p2,tigpr:Interlayer_bonding_deficiency:426,Interlayer_bonding_deficiency,Interlayer_bonding_deficiency,1
tigpr,existing_fold_p2,tigpr:Interlayer_bonding_deficiency:431,Interlayer_bonding_deficiency,Interlayer_bonding_deficiency,1
tigpr,existing_fold_p2,tigpr:Interlayer_bonding_deficiency:436,Interlayer_bonding_deficiency,Interlayer_bonding_deficiency,1
tigpr,existing_fold_p2,tigpr:Interlayer_bonding_deficiency:441,Interlayer_bonding_deficiency,Interlayer_bonding_deficiency,1
tigpr,existing_fold_p2,tigpr:Interlayer_bonding_deficiency:446,Interlayer_bonding_deficiency,Interlayer_bonding_deficiency,1
tigpr,existing_fold_p2,tigpr:Interlayer_bonding_deficiency:451,Interlayer_bonding_deficiency,Interlayer_bonding_deficiency,1
tigpr,existing_fold_p2,tigpr:Interlayer_bonding_deficiency:456,Interlayer_bonding_deficiency,Interlayer_bonding_deficiency,1
tigpr,existing_fold_p2,tigpr:Interlayer_bonding_deficiency:461,Interlayer_bonding_deficiency,Interlayer_bonding_deficiency,1
tigpr,existing_fold_p2,tigpr:Interlayer_bonding_deficiency:466,Interlayer_bonding_deficiency,Interlayer_bonding_deficiency,1
tigpr,existing_fold_p2,tigpr:Interlayer_bonding_deficiency:471,Interlayer_bonding_deficiency,Interlayer_bonding_deficiency,1
tigpr,existing_fold_p2,tigpr:Interlayer_bonding_deficiency:476,Interlayer_bonding_deficiency,Interlayer_bonding_deficiency,1
tigpr,existing_fold_p2,tigpr:Interlayer_bonding_deficiency:481,Interlayer_bonding_deficiency,Interlayer_bonding_deficiency,1
tigpr,existing_fold_p2,tigpr:Interlayer_bonding_deficiency:486,Interlayer_bonding_deficiency,Interlayer_bonding_deficiency,1
tigpr,existing_fold_p2,tigpr:Interlayer_bonding_deficiency:491,Interlayer_bonding_deficiency,Interlayer_bonding_deficiency,1
tigpr,existing_fold_p2,tigpr:Interlayer_bonding_deficiency:496,Interlayer_bonding_deficiency,Interlayer_bonding_deficiency,1
tigpr,existing_fold_p2,tigpr:Interlayer_bonding_deficiency:501,Interlayer_bonding_deficiency,Interlayer_bonding_deficiency,1
tigpr,existing_fold_p2,tigpr:Interlayer_bonding_deficiency:506,Interlayer_bonding_deficiency,Interlayer_bonding_deficiency,1
tigpr,existing_fold_p2,tigpr:Interlayer_bonding_deficiency:511,Interlayer_bonding_deficiency,Interlayer_bonding_deficiency,1
tigpr,existing_fold_p2,tigpr:Interlayer_bonding_deficiency:516,Interlayer_bonding_deficiency,Interlayer_bonding_deficiency,1
tigpr,existing_fold_p2,tigpr:Interlayer_bonding_deficiency:521,Interlayer_bonding_deficiency,No_damage,0
tigpr,existing_fold_p2,tigpr:Interlayer_bonding_deficiency:526,Interlayer_bonding_deficiency,Interlayer_bonding_deficiency,1
tigpr,existing_fold_p2,tigpr:Interlayer_bonding_deficiency:531,Interlayer_bonding_deficiency,Interlayer_bonding_deficiency,1
tigpr,existing_fold_p2,tigpr:Interlayer_bonding_deficiency:536,Interlayer_bonding_deficiency,Interlayer_bonding_deficiency,1
tigpr,existing_fold_p2,tigpr:Interlayer_bonding_deficiency:541,Interlayer_bonding_deficiency,Interlayer_bonding_deficiency,1
tigpr,existing_fold_p2,tigpr:Interlayer_bonding_deficiency:546,Interlayer_bonding_deficiency,No_damage,0
tigpr,existing_fold_p2,tigpr:Interlayer_bonding_deficiency:551,Interlayer_bonding_deficiency,No_damage,0
tigpr,existing_fold_p2,tigpr:Interlayer_bonding_deficiency:556,Interlayer_bonding_deficiency,Interlayer_bonding_deficiency,1
tigpr,existing_fold_p2,tigpr:Interlayer_bonding_deficiency:561,Interlayer_bonding_deficiency,Loose,0
tigpr,existing_fold_p2,tigpr:Interlayer_bonding_deficiency:566,Interlayer_bonding_deficiency,Interlayer_bonding_deficiency,1
tigpr,existing_fold_p2,tigpr:Interlayer_bonding_deficiency:571,Interlayer_bonding_deficiency,Interlayer_bonding_deficiency,1
tigpr,existing_fold_p2,tigpr:Interlayer_bonding_deficiency:576,Interlayer_bonding_deficiency,Interlayer_bonding_deficiency,1
tigpr,existing_fold_p2,tigpr:Interlayer_bonding_deficiency:581,Interlayer_bonding_deficiency,Interlayer_bonding_deficiency,1
tigpr,existing_fold_p2,tigpr:Interlayer_bonding_deficiency:586,Interlayer_bonding_deficiency,Interlayer_bonding_deficiency,1
tigpr,existing_fold_p2,tigpr:Interlayer_bonding_deficiency:591,Interlayer_bonding_deficiency,Interlayer_bonding_deficiency,1
tigpr,existing_fold_p2,tigpr:Interlayer_bonding_deficiency:596,Interlayer_bonding_deficiency,Interlayer_bonding_deficiency,1
tigpr,existing_fold_p2,tigpr:Interlayer_bonding_deficiency:601,Interlayer_bonding_deficiency,Crack,0
tigpr,existing_fold_p2,tigpr:Interlayer_bonding_deficiency:606,Interlayer_bonding_deficiency,Loose,0
tigpr,existing_fold_p2,tigpr:Interlayer_bonding_deficiency:611,Interlayer_bonding_deficiency,Interlayer_bonding_deficiency,1
tigpr,existing_fold_p2,tigpr:Interlayer_bonding_deficiency:616,Interlayer_bonding_deficiency,Interlayer_bonding_deficiency,1
tigpr,existing_fold_p2,tigpr:Interlayer_bonding_deficiency:621,Interlayer_bonding_deficiency,Loose,0
tigpr,existing_fold_p2,tigpr:Interlayer_bonding_deficiency:626,Interlayer_bonding_deficiency,Interlayer_bonding_deficiency,1
tigpr,existing_fold_p2,tigpr:Interlayer_bonding_deficiency:631,Interlayer_bonding_deficiency,Interlayer_bonding_deficiency,1
tigpr,existing_fold_p2,tigpr:Interlayer_bonding_deficiency:636,Interlayer_bonding_deficiency,Interlayer_bonding_deficiency,1
tigpr,existing_fold_p2,tigpr:Interlayer_bonding_deficiency:641,Interlayer_bonding_deficiency,Interlayer_bonding_deficiency,1
tigpr,existing_fold_p2,tigpr:Interlayer_bonding_deficiency:646,Interlayer_bonding_deficiency,Interlayer_bonding_deficiency,1
tigpr,existing_fold_p2,tigpr:Interlayer_bonding_deficiency:651,Interlayer_bonding_deficiency,Interlayer_bonding_deficiency,1
tigpr,existing_fold_p2,tigpr:Interlayer_bonding_deficiency:656,Interlayer_bonding_deficiency,Interlayer_bonding_deficiency,1
tigpr,existing_fold_p2,tigpr:Interlayer_bonding_deficiency:661,Interlayer_bonding_deficiency,Interlayer_bonding_deficiency,1
tigpr,existing_fold_p2,tigpr:Interlayer_bonding_deficiency:666,Interlayer_bonding_deficiency,Interlayer_bonding_deficiency,1
tigpr,existing_fold_p2,tigpr:Interlayer_bonding_deficiency:671,Interlayer_bonding_deficiency,Loose,0
tigpr,existing_fold_p2,tigpr:Interlayer_bonding_deficiency:676,Interlayer_bonding_deficiency,Loose,0
tigpr,existing_fold_p2,tigpr:Interlayer_bonding_deficiency:681,Interlayer_bonding_deficiency,Loose,0
tigpr,existing_fold_p2,tigpr:Interlayer_bonding_deficiency:686,Interlayer_bonding_deficiency,Interlayer_bonding_deficiency,1
tigpr,existing_fold_p2,tigpr:Interlayer_bonding_deficiency:691,Interlayer_bonding_deficiency,Interlayer_bonding_deficiency,1
tigpr,existing_fold_p2,tigpr:Interlayer_bonding_deficiency:696,Interlayer_bonding_deficiency,Interlayer_bonding_deficiency,1
tigpr,existing_fold_p2,tigpr:Interlayer_bonding_deficiency:701,Interlayer_bonding_deficiency,Interlayer_bonding_deficiency,1
tigpr,existing_fold_p2,tigpr:Interlayer_bonding_deficiency:706,Interlayer_bonding_deficiency,Interlayer_bonding_deficiency,1
tigpr,existing_fold_p2,tigpr:Interlayer_bonding_deficiency:711,Interlayer_bonding_deficiency,Interlayer_bonding_deficiency,1
tigpr,existing_fold_p2,tigpr:Interlayer_bonding_deficiency:716,Interlayer_bonding_deficiency,Interlayer_bonding_deficiency,1
tigpr,existing_fold_p2,tigpr:Interlayer_bonding_deficiency:721,Interlayer_bonding_deficiency,Interlayer_bonding_deficiency,1
tigpr,existing_fold_p2,tigpr:Interlayer_bonding_deficiency:726,Interlayer_bonding_deficiency,Interlayer_bonding_deficiency,1
tigpr,existing_fold_p2,tigpr:Interlayer_bonding_deficiency:731,Interlayer_bonding_deficiency,Interlayer_bonding_deficiency,1
tigpr,existing_fold_p2,tigpr:Interlayer_bonding_deficiency:736,Interlayer_bonding_deficiency,Interlayer_bonding_deficiency,1
tigpr,existing_fold_p2,tigpr:Interlayer_bonding_deficiency:741,Interlayer_bonding_deficiency,Interlayer_bonding_deficiency,1
tigpr,existing_fold_p2,tigpr:Interlayer_bonding_deficiency:746,Interlayer_bonding_deficiency,Interlayer_bonding_deficiency,1
tigpr,existing_fold_p2,tigpr:Interlayer_bonding_deficiency:751,Interlayer_bonding_deficiency,Loose,0
tigpr,existing_fold_p2,tigpr:Interlayer_bonding_deficiency:756,Interlayer_bonding_deficiency,Loose,0
tigpr,existing_fold_p2,tigpr:Interlayer_bonding_deficiency:761,Interlayer_bonding_deficiency,Interlayer_bonding_deficiency,1
tigpr,existing_fold_p2,tigpr:Interlayer_bonding_deficiency:766,Interlayer_bonding_deficiency,Interlayer_bonding_deficiency,1
tigpr,existing_fold_p2,tigpr:Interlayer_bonding_deficiency:771,Interlayer_bonding_deficiency,Loose,0
tigpr,existing_fold_p2,tigpr:Interlayer_bonding_deficiency:776,Interlayer_bonding_deficiency,Interlayer_bonding_deficiency,1
tigpr,existing_fold_p2,tigpr:Interlayer_bonding_deficiency:781,Interlayer_bonding_deficiency,Loose,0
tigpr,existing_fold_p2,tigpr:Interlayer_bonding_deficiency:786,Interlayer_bonding_deficiency,Interlayer_bonding_deficiency,1
tigpr,existing_fold_p2,tigpr:Interlayer_bonding_deficiency:791,Interlayer_bonding_deficiency,Interlayer_bonding_deficiency,1
tigpr,existing_fold_p2,tigpr:Interlayer_bonding_deficiency:796,Interlayer_bonding_deficiency,Interlayer_bonding_deficiency,1
tigpr,existing_fold_p2,tigpr:Interlayer_bonding_deficiency:801,Interlayer_bonding_deficiency,Interlayer_bonding_deficiency,1
tigpr,existing_fold_p2,tigpr:Interlayer_bonding_deficiency:806,Interlayer_bonding_deficiency,Interlayer_bonding_deficiency,1
tigpr,existing_fold_p2,tigpr:Interlayer_bonding_deficiency:811,Interlayer_bonding_deficiency,Interlayer_bonding_deficiency,1
tigpr,existing_fold_p2,tigpr:Interlayer_bonding_deficiency:816,Interlayer_bonding_deficiency,Interlayer_bonding_deficiency,1
tigpr,existing_fold_p2,tigpr:Interlayer_bonding_deficiency:821,Interlayer_bonding_deficiency,Interlayer_bonding_deficiency,1
tigpr,existing_fold_p2,tigpr:Interlayer_bonding_deficiency:826,Interlayer_bonding_deficiency,Interlayer_bonding_deficiency,1
tigpr,existing_fold_p2,tigpr:Interlayer_bonding_deficiency:831,Interlayer_bonding_deficiency,Interlayer_bonding_deficiency,1
tigpr,existing_fold_p2,tigpr:Interlayer_bonding_deficiency:836,Interlayer_bonding_deficiency,Interlayer_bonding_deficiency,1
tigpr,existing_fold_p2,tigpr:Interlayer_bonding_deficiency:841,Interlayer_bonding_deficiency,Interlayer_bonding_deficiency,1
tigpr,existing_fold_p2,tigpr:Interlayer_bonding_deficiency:846,Interlayer_bonding_deficiency,Interlayer_bonding_deficiency,1
tigpr,existing_fold_p2,tigpr:Interlayer_bonding_deficiency:851,Interlayer_bonding_deficiency,Loose,0
tigpr,existing_fold_p2,tigpr:Interlayer_bonding_deficiency:856,Interlayer_bonding_deficiency,Interlayer_bonding_deficiency,1
tigpr,existing_fold_p2,tigpr:Interlayer_bonding_deficiency:861,Interlayer_bonding_deficiency,Interlayer_bonding_deficiency,1
tigpr,existing_fold_p2,tigpr:Interlayer_bonding_deficiency:866,Interlayer_bonding_deficiency,Loose,0
tigpr,existing_fold_p2,tigpr:Interlayer_bonding_deficiency:871,Interlayer_bonding_deficiency,Loose,0
tigpr,existing_fold_p2,tigpr:Interlayer_bonding_deficiency:876,Interlayer_bonding_deficiency,Interlayer_bonding_deficiency,1
tigpr,existing_fold_p2,tigpr:Interlayer_bonding_deficiency:881,Interlayer_bonding_deficiency,Interlayer_bonding_deficiency,1
tigpr,existing_fold_p2,tigpr:Interlayer_bonding_deficiency:886,Interlayer_bonding_deficiency,Interlayer_bonding_deficiency,1
tigpr,existing_fold_p2,tigpr:Interlayer_bonding_deficiency:891,Interlayer_bonding_deficiency,Interlayer_bonding_deficiency,1
tigpr,existing_fold_p2,tigpr:Interlayer_bonding_deficiency:896,Interlayer_bonding_deficiency,Interlayer_bonding_deficiency,1
tigpr,existing_fold_p2,tigpr:Interlayer_bonding_deficiency:901,Interlayer_bonding_deficiency,Interlayer_bonding_deficiency,1
tigpr,existing_fold_p2,tigpr:Interlayer_bonding_deficiency:906,Interlayer_bonding_deficiency,Interlayer_bonding_deficiency,1
tigpr,existing_fold_p2,tigpr:Interlayer_bonding_deficiency:911,Interlayer_bonding_deficiency,Interlayer_bonding_deficiency,1
tigpr,existing_fold_p2,tigpr:Interlayer_bonding_deficiency:916,Interlayer_bonding_deficiency,Interlayer_bonding_deficiency,1
tigpr,existing_fold_p2,tigpr:Interlayer_bonding_deficiency:921,Interlayer_bonding_deficiency,Interlayer_bonding_deficiency,1
tigpr,existing_fold_p2,tigpr:Interlayer_bonding_deficiency:926,Interlayer_bonding_deficiency,Interlayer_bonding_deficiency,1
tigpr,existing_fold_p2,tigpr:Interlayer_bonding_deficiency:931,Interlayer_bonding_deficiency,Interlayer_bonding_deficiency,1
tigpr,existing_fold_p2,tigpr:Interlayer_bonding_deficiency:936,Interlayer_bonding_deficiency,Interlayer_bonding_deficiency,1
tigpr,existing_fold_p2,tigpr:Interlayer_bonding_deficiency:941,Interlayer_bonding_deficiency,Loose,0
tigpr,existing_fold_p2,tigpr:Interlayer_bonding_deficiency:946,Interlayer_bonding_deficiency,Interlayer_bonding_deficiency,1
tigpr,existing_fold_p2,tigpr:Interlayer_bonding_deficiency:951,Interlayer_bonding_deficiency,Interlayer_bonding_deficiency,1
tigpr,existing_fold_p2,tigpr:Interlayer_bonding_deficiency:956,Interlayer_bonding_deficiency,Loose,0
tigpr,existing_fold_p2,tigpr:Interlayer_bonding_deficiency:961,Interlayer_bonding_deficiency,Loose,0
tigpr,existing_fold_p2,tigpr:Interlayer_bonding_deficiency:966,Interlayer_bonding_deficiency,Interlayer_bonding_deficiency,1
tigpr,existing_fold_p2,tigpr:Interlayer_bonding_deficiency:971,Interlayer_bonding_deficiency,Loose,0
tigpr,existing_fold_p2,tigpr:Interlayer_bonding_deficiency:976,Interlayer_bonding_deficiency,Interlayer_bonding_deficiency,1
tigpr,existing_fold_p2,tigpr:Interlayer_bonding_deficiency:981,Interlayer_bonding_deficiency,Interlayer_bonding_deficiency,1
tigpr,existing_fold_p2,tigpr:Interlayer_bonding_deficiency:986,Interlayer_bonding_deficiency,Interlayer_bonding_deficiency,1
tigpr,existing_fold_p2,tigpr:Interlayer_bonding_deficiency:991,Interlayer_bonding_deficiency,Interlayer_bonding_deficiency,1
tigpr,existing_fold_p2,tigpr:Interlayer_bonding_deficiency:996,Interlayer_bonding_deficiency,Interlayer_bonding_deficiency,1
tigpr,existing_fold_p2,tigpr:Interlayer_bonding_deficiency:1001,Interlayer_bonding_deficiency,Loose,0
tigpr,existing_fold_p2,tigpr:Interlayer_bonding_deficiency:1006,Interlayer_bonding_deficiency,Interlayer_bonding_deficiency,1
tigpr,existing_fold_p2,tigpr:Interlayer_bonding_deficiency:1011,Interlayer_bonding_deficiency,Interlayer_bonding_deficiency,1
tigpr,existing_fold_p2,tigpr:Interlayer_bonding_deficiency:1016,Interlayer_bonding_deficiency,Interlayer_bonding_deficiency,1
tigpr,existing_fold_p2,tigpr:Interlayer_bonding_deficiency:1021,Interlayer_bonding_deficiency,Interlayer_bonding_deficiency,1
tigpr,existing_fold_p2,tigpr:Interlayer_bonding_deficiency:1026,Interlayer_bonding_deficiency,Interlayer_bonding_deficiency,1
tigpr,existing_fold_p2,tigpr:Interlayer_bonding_deficiency:1031,Interlayer_bonding_deficiency,Interlayer_bonding_deficiency,1
tigpr,existing_fold_p2,tigpr:Interlayer_bonding_deficiency:1036,Interlayer_bonding_deficiency,Interlayer_bonding_deficiency,1
tigpr,existing_fold_p2,tigpr:Interlayer_bonding_deficiency:1041,Interlayer_bonding_deficiency,Loose,0
tigpr,existing_fold_p2,tigpr:Interlayer_bonding_deficiency:1046,Interlayer_bonding_deficiency,Loose,0
tigpr,existing_fold_p2,tigpr:Interlayer_bonding_deficiency:1051,Interlayer_bonding_deficiency,Interlayer_bonding_deficiency,1
tigpr,existing_fold_p2,tigpr:Interlayer_bonding_deficiency:1056,Interlayer_bonding_deficiency,Interlayer_bonding_deficiency,1
tigpr,existing_fold_p2,tigpr:Interlayer_bonding_deficiency:1061,Interlayer_bonding_deficiency,Interlayer_bonding_deficiency,1
tigpr,existing_fold_p2,tigpr:Interlayer_bonding_deficiency:1066,Interlayer_bonding_deficiency,Interlayer_bonding_deficiency,1
tigpr,existing_fold_p2,tigpr:Interlayer_bonding_deficiency:1071,Interlayer_bonding_deficiency,Interlayer_bonding_deficiency,1
tigpr,existing_fold_p2,tigpr:Interlayer_bonding_deficiency:1076,Interlayer_bonding_deficiency,Loose,0
tigpr,existing_fold_p2,tigpr:Interlayer_bonding_deficiency:1081,Interlayer_bonding_deficiency,Interlayer_bonding_deficiency,1
tigpr,existing_fold_p2,tigpr:Interlayer_bonding_deficiency:1086,Interlayer_bonding_deficiency,Interlayer_bonding_deficiency,1
tigpr,existing_fold_p2,tigpr:Interlayer_bonding_deficiency:1091,Interlayer_bonding_deficiency,Interlayer_bonding_deficiency,1
tigpr,existing_fold_p2,tigpr:Interlayer_bonding_deficiency:1096,Interlayer_bonding_deficiency,Interlayer_bonding_deficiency,1
tigpr,existing_fold_p2,tigpr:Interlayer_bonding_deficiency:1101,Interlayer_bonding_deficiency,Loose,0
tigpr,existing_fold_p2,tigpr:Interlayer_bonding_deficiency:1106,Interlayer_bonding_deficiency,Interlayer_bonding_deficiency,1
tigpr,existing_fold_p2,tigpr:Interlayer_bonding_deficiency:1111,Interlayer_bonding_deficiency,Interlayer_bonding_deficiency,1
tigpr,existing_fold_p2,tigpr:Interlayer_bonding_deficiency:1116,Interlayer_bonding_deficiency,Interlayer_bonding_deficiency,1
tigpr,existing_fold_p2,tigpr:Interlayer_bonding_deficiency:1121,Interlayer_bonding_deficiency,Interlayer_bonding_deficiency,1
tigpr,existing_fold_p2,tigpr:Interlayer_bonding_deficiency:1126,Interlayer_bonding_deficiency,Interlayer_bonding_deficiency,1
tigpr,existing_fold_p2,tigpr:Interlayer_bonding_deficiency:1131,Interlayer_bonding_deficiency,Interlayer_bonding_deficiency,1
tigpr,existing_fold_p2,tigpr:Interlayer_bonding_deficiency:1136,Interlayer_bonding_deficiency,Loose,0
tigpr,existing_fold_p2,tigpr:Interlayer_bonding_deficiency:1141,Interlayer_bonding_deficiency,Interlayer_bonding_deficiency,1
tigpr,existing_fold_p2,tigpr:Interlayer_bonding_deficiency:1146,Interlayer_bonding_deficiency,Interlayer_bonding_deficiency,1
tigpr,existing_fold_p2,tigpr:Interlayer_bonding_deficiency:1151,Interlayer_bonding_deficiency,Interlayer_bonding_deficiency,1
tigpr,existing_fold_p2,tigpr:Interlayer_bonding_deficiency:1156,Interlayer_bonding_deficiency,Loose,0
tigpr,existing_fold_p2,tigpr:Interlayer_bonding_deficiency:1161,Interlayer_bonding_deficiency,Interlayer_bonding_deficiency,1
tigpr,existing_fold_p2,tigpr:Interlayer_bonding_deficiency:1166,Interlayer_bonding_deficiency,Interlayer_bonding_deficiency,1
tigpr,existing_fold_p2,tigpr:Interlayer_bonding_deficiency:1171,Interlayer_bonding_deficiency,Interlayer_bonding_deficiency,1
tigpr,existing_fold_p2,tigpr:Interlayer_bonding_deficiency:1176,Interlayer_bonding_deficiency,Interlayer_bonding_deficiency,1
tigpr,existing_fold_p2,tigpr:Interlayer_bonding_deficiency:1181,Interlayer_bonding_deficiency,Loose,0
tigpr,existing_fold_p2,tigpr:Interlayer_bonding_deficiency:1186,Interlayer_bonding_deficiency,Interlayer_bonding_deficiency,1
tigpr,existing_fold_p2,tigpr:Interlayer_bonding_deficiency:1191,Interlayer_bonding_deficiency,Loose,0
tigpr,existing_fold_p2,tigpr:Interlayer_bonding_deficiency:1196,Interlayer_bonding_deficiency,Interlayer_bonding_deficiency,1
tigpr,existing_fold_p2,tigpr:Interlayer_bonding_deficiency:1201,Interlayer_bonding_deficiency,Loose,0
tigpr,existing_fold_p2,tigpr:Interlayer_bonding_deficiency:1206,Interlayer_bonding_deficiency,Interlayer_bonding_deficiency,1
tigpr,existing_fold_p2,tigpr:Interlayer_bonding_deficiency:1211,Interlayer_bonding_deficiency,Interlayer_bonding_deficiency,1
tigpr,existing_fold_p2,tigpr:Interlayer_bonding_deficiency:1216,Interlayer_bonding_deficiency,Interlayer_bonding_deficiency,1
tigpr,existing_fold_p2,tigpr:Interlayer_bonding_deficiency:1221,Interlayer_bonding_deficiency,Interlayer_bonding_deficiency,1
tigpr,existing_fold_p2,tigpr:Interlayer_bonding_deficiency:1226,Interlayer_bonding_deficiency,Interlayer_bonding_deficiency,1
tigpr,existing_fold_p2,tigpr:Interlayer_bonding_deficiency:1231,Interlayer_bonding_deficiency,Interlayer_bonding_deficiency,1
tigpr,existing_fold_p2,tigpr:Interlayer_bonding_deficiency:1236,Interlayer_bonding_deficiency,Interlayer_bonding_deficiency,1
tigpr,existing_fold_p2,tigpr:Interlayer_bonding_deficiency:1241,Interlayer_bonding_deficiency,Loose,0
tigpr,existing_fold_p2,tigpr:Interlayer_bonding_deficiency:1246,Interlayer_bonding_deficiency,Interlayer_bonding_deficiency,1
tigpr,existing_fold_p2,tigpr:Interlayer_bonding_deficiency:1251,Interlayer_bonding_deficiency,Interlayer_bonding_deficiency,1
tigpr,existing_fold_p2,tigpr:Interlayer_bonding_deficiency:1256,Interlayer_bonding_deficiency,Interlayer_bonding_deficiency,1
tigpr,existing_fold_p2,tigpr:Interlayer_bonding_deficiency:1261,Interlayer_bonding_deficiency,Interlayer_bonding_deficiency,1
tigpr,existing_fold_p2,tigpr:Interlayer_bonding_deficiency:1266,Interlayer_bonding_deficiency,Interlayer_bonding_deficiency,1
tigpr,existing_fold_p2,tigpr:Interlayer_bonding_deficiency:1271,Interlayer_bonding_deficiency,Interlayer_bonding_deficiency,1
tigpr,existing_fold_p2,tigpr:Interlayer_bonding_deficiency:1276,Interlayer_bonding_deficiency,Interlayer_bonding_deficiency,1
tigpr,existing_fold_p2,tigpr:Interlayer_bonding_deficiency:1281,Interlayer_bonding_deficiency,Interlayer_bonding_deficiency,1
tigpr,existing_fold_p2,tigpr:Interlayer_bonding_deficiency:1286,Interlayer_bonding_deficiency,Interlayer_bonding_deficiency,1
tigpr,existing_fold_p2,tigpr:Interlayer_bonding_deficiency:1291,Interlayer_bonding_deficiency,Interlayer_bonding_deficiency,1
tigpr,existing_fold_p2,tigpr:Interlayer_bonding_deficiency:1296,Interlayer_bonding_deficiency,Interlayer_bonding_deficiency,1
tigpr,existing_fold_p2,tigpr:Interlayer_bonding_deficiency:1301,Interlayer_bonding_deficiency,Interlayer_bonding_deficiency,1
tigpr,existing_fold_p2,tigpr:Interlayer_bonding_deficiency:1306,Interlayer_bonding_deficiency,Interlayer_bonding_deficiency,1
tigpr,existing_fold_p2,tigpr:Interlayer_bonding_deficiency:1311,Interlayer_bonding_deficiency,Interlayer_bonding_deficiency,1
tigpr,existing_fold_p2,tigpr:Interlayer_bonding_deficiency:1316,Interlayer_bonding_deficiency,Interlayer_bonding_deficiency,1
tigpr,existing_fold_p2,tigpr:Interlayer_bonding_deficiency:1321,Interlayer_bonding_deficiency,Interlayer_bonding_deficiency,1
tigpr,existing_fold_p2,tigpr:Interlayer_bonding_deficiency:1326,Interlayer_bonding_deficiency,Interlayer_bonding_deficiency,1
tigpr,existing_fold_p2,tigpr:Interlayer_bonding_deficiency:1331,Interlayer_bonding_deficiency,Interlayer_bonding_deficiency,1
tigpr,existing_fold_p2,tigpr:Interlayer_bonding_deficiency:1336,Interlayer_bonding_deficiency,Interlayer_bonding_deficiency,1
tigpr,existing_fold_p2,tigpr:Interlayer_bonding_deficiency:1341,Interlayer_bonding_deficiency,Interlayer_bonding_deficiency,1
tigpr,existing_fold_p2,tigpr:Interlayer_bonding_deficiency:1346,Interlayer_bonding_deficiency,Interlayer_bonding_deficiency,1
tigpr,existing_fold_p2,tigpr:Interlayer_bonding_deficiency:1351,Interlayer_bonding_deficiency,Loose,0
tigpr,existing_fold_p2,tigpr:Interlayer_bonding_deficiency:1356,Interlayer_bonding_deficiency,Loose,0
tigpr,existing_fold_p2,tigpr:Interlayer_bonding_deficiency:1361,Interlayer_bonding_deficiency,Interlayer_bonding_deficiency,1
tigpr,existing_fold_p2,tigpr:Interlayer_bonding_deficiency:1366,Interlayer_bonding_deficiency,Loose,0
tigpr,existing_fold_p2,tigpr:Interlayer_bonding_deficiency:1371,Interlayer_bonding_deficiency,Interlayer_bonding_deficiency,1
tigpr,existing_fold_p2,tigpr:Interlayer_bonding_deficiency:1376,Interlayer_bonding_deficiency,Interlayer_bonding_deficiency,1
tigpr,existing_fold_p2,tigpr:Interlayer_bonding_deficiency:1381,Interlayer_bonding_deficiency,Interlayer_bonding_deficiency,1
tigpr,existing_fold_p2,tigpr:Interlayer_bonding_deficiency:1386,Interlayer_bonding_deficiency,Interlayer_bonding_deficiency,1
tigpr,existing_fold_p2,tigpr:Interlayer_bonding_deficiency:1391,Interlayer_bonding_deficiency,Interlayer_bonding_deficiency,1
tigpr,existing_fold_p2,tigpr:Interlayer_bonding_deficiency:1396,Interlayer_bonding_deficiency,Interlayer_bonding_deficiency,1
tigpr,existing_fold_p2,tigpr:Interlayer_bonding_deficiency:1401,Interlayer_bonding_deficiency,Interlayer_bonding_deficiency,1
tigpr,existing_fold_p2,tigpr:Interlayer_bonding_deficiency:1406,Interlayer_bonding_deficiency,Interlayer_bonding_deficiency,1
tigpr,existing_fold_p2,tigpr:Interlayer_bonding_deficiency:1411,Interlayer_bonding_deficiency,Interlayer_bonding_deficiency,1
tigpr,existing_fold_p2,tigpr:Interlayer_bonding_deficiency:1416,Interlayer_bonding_deficiency,Interlayer_bonding_deficiency,1
tigpr,existing_fold_p2,tigpr:Interlayer_bonding_deficiency:1421,Interlayer_bonding_deficiency,Interlayer_bonding_deficiency,1
tigpr,existing_fold_p2,tigpr:Interlayer_bonding_deficiency:1426,Interlayer_bonding_deficiency,Interlayer_bonding_deficiency,1
tigpr,existing_fold_p2,tigpr:Interlayer_bonding_deficiency:1431,Interlayer_bonding_deficiency,Interlayer_bonding_deficiency,1
tigpr,existing_fold_p2,tigpr:Interlayer_bonding_deficiency:1436,Interlayer_bonding_deficiency,Loose,0
tigpr,existing_fold_p2,tigpr:Interlayer_bonding_deficiency:1441,Interlayer_bonding_deficiency,Interlayer_bonding_deficiency,1
tigpr,existing_fold_p2,tigpr:Interlayer_bonding_deficiency:1446,Interlayer_bonding_deficiency,Interlayer_bonding_deficiency,1
tigpr,existing_fold_p2,tigpr:Interlayer_bonding_deficiency:1451,Interlayer_bonding_deficiency,Interlayer_bonding_deficiency,1
tigpr,existing_fold_p2,tigpr:Interlayer_bonding_deficiency:1456,Interlayer_bonding_deficiency,Interlayer_bonding_deficiency,1
tigpr,existing_fold_p2,tigpr:Interlayer_bonding_deficiency:1461,Interlayer_bonding_deficiency,Interlayer_bonding_deficiency,1
tigpr,existing_fold_p2,tigpr:Interlayer_bonding_deficiency:1466,Interlayer_bonding_deficiency,Interlayer_bonding_deficiency,1
tigpr,existing_fold_p2,tigpr:Interlayer_bonding_deficiency:1471,Interlayer_bonding_deficiency,Interlayer_bonding_deficiency,1
tigpr,existing_fold_p2,tigpr:Interlayer_bonding_deficiency:1476,Interlayer_bonding_deficiency,Interlayer_bonding_deficiency,1
tigpr,existing_fold_p2,tigpr:Interlayer_bonding_deficiency:1481,Interlayer_bonding_deficiency,Interlayer_bonding_deficiency,1
tigpr,existing_fold_p2,tigpr:Interlayer_bonding_deficiency:1486,Interlayer_bonding_deficiency,Interlayer_bonding_deficiency,1
tigpr,existing_fold_p2,tigpr:Interlayer_bonding_deficiency:1491,Interlayer_bonding_deficiency,Interlayer_bonding_deficiency,1
tigpr,existing_fold_p2,tigpr:Interlayer_bonding_deficiency:1496,Interlayer_bonding_deficiency,Interlayer_bonding_deficiency,1
tigpr,existing_fold_p2,tigpr:Interlayer_bonding_deficiency:1501,Interlayer_bonding_deficiency,Interlayer_bonding_deficiency,1
tigpr,existing_fold_p2,tigpr:Interlayer_bonding_deficiency:1506,Interlayer_bonding_deficiency,Interlayer_bonding_deficiency,1
tigpr,existing_fold_p2,tigpr:Interlayer_bonding_deficiency:1511,Interlayer_bonding_deficiency,Interlayer_bonding_deficiency,1
tigpr,existing_fold_p2,tigpr:Interlayer_bonding_deficiency:1516,Interlayer_bonding_deficiency,Interlayer_bonding_deficiency,1
tigpr,existing_fold_p2,tigpr:Interlayer_bonding_deficiency:1521,Interlayer_bonding_deficiency,Interlayer_bonding_deficiency,1
tigpr,existing_fold_p2,tigpr:Interlayer_bonding_deficiency:1526,Interlayer_bonding_deficiency,Loose,0
tigpr,existing_fold_p2,tigpr:Interlayer_bonding_deficiency:1531,Interlayer_bonding_deficiency,Interlayer_bonding_deficiency,1
tigpr,existing_fold_p2,tigpr:Interlayer_bonding_deficiency:1536,Interlayer_bonding_deficiency,Interlayer_bonding_deficiency,1
tigpr,existing_fold_p2,tigpr:Interlayer_bonding_deficiency:1541,Interlayer_bonding_deficiency,Interlayer_bonding_deficiency,1
tigpr,existing_fold_p2,tigpr:Interlayer_bonding_deficiency:1546,Interlayer_bonding_deficiency,Interlayer_bonding_deficiency,1
tigpr,existing_fold_p2,tigpr:Interlayer_bonding_deficiency:1551,Interlayer_bonding_deficiency,Interlayer_bonding_deficiency,1
tigpr,existing_fold_p2,tigpr:Interlayer_bonding_deficiency:1556,Interlayer_bonding_deficiency,Interlayer_bonding_deficiency,1
tigpr,existing_fold_p2,tigpr:Interlayer_bonding_deficiency:1561,Interlayer_bonding_deficiency,Loose,0
tigpr,existing_fold_p2,tigpr:Interlayer_bonding_deficiency:1566,Interlayer_bonding_deficiency,Interlayer_bonding_deficiency,1
tigpr,existing_fold_p2,tigpr:Interlayer_bonding_deficiency:1571,Interlayer_bonding_deficiency,Interlayer_bonding_deficiency,1
tigpr,existing_fold_p2,tigpr:Interlayer_bonding_deficiency:1576,Interlayer_bonding_deficiency,Loose,0
tigpr,existing_fold_p2,tigpr:Interlayer_bonding_deficiency:1581,Interlayer_bonding_deficiency,Interlayer_bonding_deficiency,1
tigpr,existing_fold_p2,tigpr:Interlayer_bonding_deficiency:1586,Interlayer_bonding_deficiency,Interlayer_bonding_deficiency,1
tigpr,existing_fold_p2,tigpr:Interlayer_bonding_deficiency:1591,Interlayer_bonding_deficiency,Void,0
tigpr,existing_fold_p2,tigpr:Interlayer_bonding_deficiency:1596,Interlayer_bonding_deficiency,Interlayer_bonding_deficiency,1
tigpr,existing_fold_p2,tigpr:Interlayer_bonding_deficiency:1601,Interlayer_bonding_deficiency,Interlayer_bonding_deficiency,1
tigpr,existing_fold_p2,tigpr:Interlayer_bonding_deficiency:1606,Interlayer_bonding_deficiency,Interlayer_bonding_deficiency,1
tigpr,existing_fold_p2,tigpr:Interlayer_bonding_deficiency:1611,Interlayer_bonding_deficiency,Interlayer_bonding_deficiency,1
tigpr,existing_fold_p2,tigpr:Interlayer_bonding_deficiency:1616,Interlayer_bonding_deficiency,Interlayer_bonding_deficiency,1
tigpr,existing_fold_p2,tigpr:Interlayer_bonding_deficiency:1621,Interlayer_bonding_deficiency,Interlayer_bonding_deficiency,1
tigpr,existing_fold_p2,tigpr:Interlayer_bonding_deficiency:1626,Interlayer_bonding_deficiency,Interlayer_bonding_deficiency,1
tigpr,existing_fold_p2,tigpr:Interlayer_bonding_deficiency:1631,Interlayer_bonding_deficiency,Interlayer_bonding_deficiency,1
tigpr,existing_fold_p2,tigpr:Interlayer_bonding_deficiency:1636,Interlayer_bonding_deficiency,Interlayer_bonding_deficiency,1
tigpr,existing_fold_p2,tigpr:Interlayer_bonding_deficiency:1641,Interlayer_bonding_deficiency,Interlayer_bonding_deficiency,1
tigpr,existing_fold_p2,tigpr:Interlayer_bonding_deficiency:1646,Interlayer_bonding_deficiency,Interlayer_bonding_deficiency,1
tigpr,existing_fold_p2,tigpr:Interlayer_bonding_deficiency:1651,Interlayer_bonding_deficiency,Interlayer_bonding_deficiency,1
tigpr,existing_fold_p2,tigpr:Interlayer_bonding_deficiency:1656,Interlayer_bonding_deficiency,Interlayer_bonding_deficiency,1
tigpr,existing_fold_p2,tigpr:Interlayer_bonding_deficiency:1661,Interlayer_bonding_deficiency,Interlayer_bonding_deficiency,1
tigpr,existing_fold_p2,tigpr:Interlayer_bonding_deficiency:1666,Interlayer_bonding_deficiency,Interlayer_bonding_deficiency,1
tigpr,existing_fold_p2,tigpr:Interlayer_bonding_deficiency:1671,Interlayer_bonding_deficiency,Interlayer_bonding_deficiency,1
tigpr,existing_fold_p2,tigpr:Interlayer_bonding_deficiency:1676,Interlayer_bonding_deficiency,Interlayer_bonding_deficiency,1
tigpr,existing_fold_p2,tigpr:Interlayer_bonding_deficiency:1681,Interlayer_bonding_deficiency,Interlayer_bonding_deficiency,1
tigpr,existing_fold_p2,tigpr:Interlayer_bonding_deficiency:1686,Interlayer_bonding_deficiency,Interlayer_bonding_deficiency,1
tigpr,existing_fold_p2,tigpr:Interlayer_bonding_deficiency:1691,Interlayer_bonding_deficiency,Interlayer_bonding_deficiency,1
tigpr,existing_fold_p2,tigpr:Interlayer_bonding_deficiency:1696,Interlayer_bonding_deficiency,Interlayer_bonding_deficiency,1
tigpr,existing_fold_p2,tigpr:Interlayer_bonding_deficiency:1701,Interlayer_bonding_deficiency,Interlayer_bonding_deficiency,1
tigpr,existing_fold_p2,tigpr:Interlayer_bonding_deficiency:1706,Interlayer_bonding_deficiency,Interlayer_bonding_deficiency,1
tigpr,existing_fold_p2,tigpr:Interlayer_bonding_deficiency:1711,Interlayer_bonding_deficiency,Interlayer_bonding_deficiency,1
tigpr,existing_fold_p2,tigpr:Interlayer_bonding_deficiency:1716,Interlayer_bonding_deficiency,Interlayer_bonding_deficiency,1
tigpr,existing_fold_p2,tigpr:Interlayer_bonding_deficiency:1721,Interlayer_bonding_deficiency,Interlayer_bonding_deficiency,1
tigpr,existing_fold_p2,tigpr:Interlayer_bonding_deficiency:1726,Interlayer_bonding_deficiency,Interlayer_bonding_deficiency,1
tigpr,existing_fold_p2,tigpr:Interlayer_bonding_deficiency:1731,Interlayer_bonding_deficiency,Interlayer_bonding_deficiency,1
tigpr,existing_fold_p2,tigpr:Interlayer_bonding_deficiency:1736,Interlayer_bonding_deficiency,Loose,0
tigpr,existing_fold_p2,tigpr:Interlayer_bonding_deficiency:1741,Interlayer_bonding_deficiency,Interlayer_bonding_deficiency,1
tigpr,existing_fold_p2,tigpr:Interlayer_bonding_deficiency:1746,Interlayer_bonding_deficiency,Interlayer_bonding_deficiency,1
tigpr,existing_fold_p2,tigpr:Interlayer_bonding_deficiency:1751,Interlayer_bonding_deficiency,Interlayer_bonding_deficiency,1
tigpr,existing_fold_p2,tigpr:Interlayer_bonding_deficiency:1756,Interlayer_bonding_deficiency,Interlayer_bonding_deficiency,1
tigpr,existing_fold_p2,tigpr:Interlayer_bonding_deficiency:1761,Interlayer_bonding_deficiency,Interlayer_bonding_deficiency,1
tigpr,existing_fold_p2,tigpr:Interlayer_bonding_deficiency:1766,Interlayer_bonding_deficiency,Interlayer_bonding_deficiency,1
tigpr,existing_fold_p2,tigpr:Interlayer_bonding_deficiency:1771,Interlayer_bonding_deficiency,Interlayer_bonding_deficiency,1
tigpr,existing_fold_p2,tigpr:Interlayer_bonding_deficiency:1776,Interlayer_bonding_deficiency,No_damage,0
tigpr,existing_fold_p2,tigpr:Interlayer_bonding_deficiency:1781,Interlayer_bonding_deficiency,Loose,0
tigpr,existing_fold_p2,tigpr:Interlayer_bonding_deficiency:1786,Interlayer_bonding_deficiency,Interlayer_bonding_deficiency,1
tigpr,existing_fold_p2,tigpr:Interlayer_bonding_deficiency:1791,Interlayer_bonding_deficiency,Interlayer_bonding_deficiency,1
tigpr,existing_fold_p2,tigpr:Interlayer_bonding_deficiency:1796,Interlayer_bonding_deficiency,Interlayer_bonding_deficiency,1
tigpr,existing_fold_p2,tigpr:Interlayer_bonding_deficiency:1801,Interlayer_bonding_deficiency,Loose,0
tigpr,existing_fold_p2,tigpr:Interlayer_bonding_deficiency:1806,Interlayer_bonding_deficiency,Interlayer_bonding_deficiency,1
tigpr,existing_fold_p2,tigpr:Interlayer_bonding_deficiency:1811,Interlayer_bonding_deficiency,Loose,0
tigpr,existing_fold_p2,tigpr:Interlayer_bonding_deficiency:1816,Interlayer_bonding_deficiency,Loose,0
tigpr,existing_fold_p2,tigpr:Interlayer_bonding_deficiency:1821,Interlayer_bonding_deficiency,Loose,0
tigpr,existing_fold_p2,tigpr:Interlayer_bonding_deficiency:1826,Interlayer_bonding_deficiency,Interlayer_bonding_deficiency,1
tigpr,existing_fold_p2,tigpr:Interlayer_bonding_deficiency:1831,Interlayer_bonding_deficiency,Interlayer_bonding_deficiency,1
tigpr,existing_fold_p2,tigpr:Interlayer_bonding_deficiency:1836,Interlayer_bonding_deficiency,Interlayer_bonding_deficiency,1
tigpr,existing_fold_p2,tigpr:Interlayer_bonding_deficiency:1841,Interlayer_bonding_deficiency,Interlayer_bonding_deficiency,1
tigpr,existing_fold_p2,tigpr:Interlayer_bonding_deficiency:1846,Interlayer_bonding_deficiency,Loose,0
tigpr,existing_fold_p2,tigpr:Interlayer_bonding_deficiency:1851,Interlayer_bonding_deficiency,Interlayer_bonding_deficiency,1
tigpr,existing_fold_p2,tigpr:Interlayer_bonding_deficiency:1856,Interlayer_bonding_deficiency,Loose,0
tigpr,existing_fold_p2,tigpr:Interlayer_bonding_deficiency:1861,Interlayer_bonding_deficiency,Loose,0
tigpr,existing_fold_p2,tigpr:Interlayer_bonding_deficiency:1866,Interlayer_bonding_deficiency,Interlayer_bonding_deficiency,1
tigpr,existing_fold_p2,tigpr:Interlayer_bonding_deficiency:1871,Interlayer_bonding_deficiency,Loose,0
tigpr,existing_fold_p2,tigpr:Interlayer_bonding_deficiency:1876,Interlayer_bonding_deficiency,Interlayer_bonding_deficiency,1
tigpr,existing_fold_p2,tigpr:Interlayer_bonding_deficiency:1881,Interlayer_bonding_deficiency,Loose,0
tigpr,existing_fold_p2,tigpr:Interlayer_bonding_deficiency:1886,Interlayer_bonding_deficiency,Interlayer_bonding_deficiency,1
tigpr,existing_fold_p2,tigpr:Interlayer_bonding_deficiency:1891,Interlayer_bonding_deficiency,Interlayer_bonding_deficiency,1
tigpr,existing_fold_p2,tigpr:Interlayer_bonding_deficiency:1896,Interlayer_bonding_deficiency,Interlayer_bonding_deficiency,1
tigpr,existing_fold_p2,tigpr:Interlayer_bonding_deficiency:1901,Interlayer_bonding_deficiency,Loose,0
tigpr,existing_fold_p2,tigpr:Interlayer_bonding_deficiency:1906,Interlayer_bonding_deficiency,Interlayer_bonding_deficiency,1
tigpr,existing_fold_p2,tigpr:Interlayer_bonding_deficiency:1911,Interlayer_bonding_deficiency,No_damage,0
tigpr,existing_fold_p2,tigpr:Interlayer_bonding_deficiency:1916,Interlayer_bonding_deficiency,Interlayer_bonding_deficiency,1
tigpr,existing_fold_p2,tigpr:Interlayer_bonding_deficiency:1921,Interlayer_bonding_deficiency,No_damage,0
tigpr,existing_fold_p2,tigpr:Interlayer_bonding_deficiency:1926,Interlayer_bonding_deficiency,Interlayer_bonding_deficiency,1
tigpr,existing_fold_p2,tigpr:Interlayer_bonding_deficiency:1931,Interlayer_bonding_deficiency,Interlayer_bonding_deficiency,1
tigpr,existing_fold_p2,tigpr:Interlayer_bonding_deficiency:1936,Interlayer_bonding_deficiency,Interlayer_bonding_deficiency,1
tigpr,existing_fold_p2,tigpr:Interlayer_bonding_deficiency:1941,Interlayer_bonding_deficiency,Interlayer_bonding_deficiency,1
tigpr,existing_fold_p2,tigpr:Interlayer_bonding_deficiency:1946,Interlayer_bonding_deficiency,Interlayer_bonding_deficiency,1
tigpr,existing_fold_p2,tigpr:Interlayer_bonding_deficiency:1951,Interlayer_bonding_deficiency,Interlayer_bonding_deficiency,1
tigpr,existing_fold_p2,tigpr:Interlayer_bonding_deficiency:1956,Interlayer_bonding_deficiency,Interlayer_bonding_deficiency,1
tigpr,existing_fold_p2,tigpr:Interlayer_bonding_deficiency:1961,Interlayer_bonding_deficiency,Interlayer_bonding_deficiency,1
tigpr,existing_fold_p2,tigpr:Interlayer_bonding_deficiency:1966,Interlayer_bonding_deficiency,Interlayer_bonding_deficiency,1
tigpr,existing_fold_p2,tigpr:Interlayer_bonding_deficiency:1971,Interlayer_bonding_deficiency,Interlayer_bonding_deficiency,1
tigpr,existing_fold_p2,tigpr:Interlayer_bonding_deficiency:1976,Interlayer_bonding_deficiency,Interlayer_bonding_deficiency,1
tigpr,existing_fold_p2,tigpr:Interlayer_bonding_deficiency:1981,Interlayer_bonding_deficiency,Interlayer_bonding_deficiency,1
tigpr,existing_fold_p2,tigpr:Interlayer_bonding_deficiency:1986,Interlayer_bonding_deficiency,Interlayer_bonding_deficiency,1
tigpr,existing_fold_p2,tigpr:Interlayer_bonding_deficiency:1991,Interlayer_bonding_deficiency,Interlayer_bonding_deficiency,1
tigpr,existing_fold_p2,tigpr:Interlayer_bonding_deficiency:1996,Interlayer_bonding_deficiency,Interlayer_bonding_deficiency,1
tigpr,existing_fold_p2,tigpr:Interlayer_bonding_deficiency:2001,Interlayer_bonding_deficiency,Interlayer_bonding_deficiency,1
tigpr,existing_fold_p2,tigpr:Interlayer_bonding_deficiency:2006,Interlayer_bonding_deficiency,Interlayer_bonding_deficiency,1
tigpr,existing_fold_p2,tigpr:Interlayer_bonding_deficiency:2011,Interlayer_bonding_deficiency,Void,0
tigpr,existing_fold_p2,tigpr:Interlayer_bonding_deficiency:2016,Interlayer_bonding_deficiency,Interlayer_bonding_deficiency,1
tigpr,existing_fold_p2,tigpr:Loose:1,Loose,Loose,1
tigpr,existing_fold_p2,tigpr:Loose:6,Loose,Interlayer_bonding_deficiency,0
tigpr,existing_fold_p2,tigpr:Loose:11,Loose,Loose,1
tigpr,existing_fold_p2,tigpr:Loose:16,Loose,Loose,1
tigpr,existing_fold_p2,tigpr:Loose:21,Loose,Interlayer_bonding_deficiency,0
tigpr,existing_fold_p2,tigpr:Loose:26,Loose,Loose,1
tigpr,existing_fold_p2,tigpr:Loose:31,Loose,Loose,1
tigpr,existing_fold_p2,tigpr:Loose:36,Loose,Loose,1
tigpr,existing_fold_p2,tigpr:Loose:41,Loose,Loose,1
tigpr,existing_fold_p2,tigpr:Loose:46,Loose,Interlayer_bonding_deficiency,0
tigpr,existing_fold_p2,tigpr:Loose:51,Loose,Loose,1
tigpr,existing_fold_p2,tigpr:Loose:56,Loose,Loose,1
tigpr,existing_fold_p2,tigpr:Loose:61,Loose,Loose,1
tigpr,existing_fold_p2,tigpr:Loose:66,Loose,Loose,1
tigpr,existing_fold_p2,tigpr:Loose:71,Loose,Loose,1
tigpr,existing_fold_p2,tigpr:Loose:76,Loose,Loose,1
tigpr,existing_fold_p2,tigpr:Loose:81,Loose,Loose,1
tigpr,existing_fold_p2,tigpr:Loose:86,Loose,Loose,1
tigpr,existing_fold_p2,tigpr:Loose:91,Loose,Loose,1
tigpr,existing_fold_p2,tigpr:Loose:96,Loose,Loose,1
tigpr,existing_fold_p2,tigpr:Loose:101,Loose,Loose,1
tigpr,existing_fold_p2,tigpr:Loose:106,Loose,Void,0
tigpr,existing_fold_p2,tigpr:Loose:111,Loose,Interlayer_bonding_deficiency,0
tigpr,existing_fold_p2,tigpr:Loose:116,Loose,Interlayer_bonding_deficiency,0
tigpr,existing_fold_p2,tigpr:Loose:121,Loose,Interlayer_bonding_deficiency,0
tigpr,existing_fold_p2,tigpr:Loose:126,Loose,Loose,1
tigpr,existing_fold_p2,tigpr:Loose:131,Loose,Loose,1
tigpr,existing_fold_p2,tigpr:Loose:136,Loose,Loose,1
tigpr,existing_fold_p2,tigpr:Loose:141,Loose,Loose,1
tigpr,existing_fold_p2,tigpr:Loose:146,Loose,Loose,1
tigpr,existing_fold_p2,tigpr:Loose:151,Loose,Interlayer_bonding_deficiency,0
tigpr,existing_fold_p2,tigpr:Loose:156,Loose,Interlayer_bonding_deficiency,0
tigpr,existing_fold_p2,tigpr:Loose:161,Loose,Loose,1
tigpr,existing_fold_p2,tigpr:Loose:166,Loose,Loose,1
tigpr,existing_fold_p2,tigpr:Loose:171,Loose,Loose,1
tigpr,existing_fold_p2,tigpr:Loose:176,Loose,Loose,1
tigpr,existing_fold_p2,tigpr:Loose:181,Loose,Loose,1
tigpr,existing_fold_p2,tigpr:Loose:186,Loose,Loose,1
tigpr,existing_fold_p2,tigpr:Loose:191,Loose,Loose,1
tigpr,existing_fold_p2,tigpr:Loose:196,Loose,Interlayer_bonding_deficiency,0
tigpr,existing_fold_p2,tigpr:Loose:201,Loose,Loose,1
tigpr,existing_fold_p2,tigpr:Loose:206,Loose,Loose,1
tigpr,existing_fold_p2,tigpr:Loose:211,Loose,Loose,1
tigpr,existing_fold_p2,tigpr:Loose:216,Loose,Interlayer_bonding_deficiency,0
tigpr,existing_fold_p2,tigpr:Loose:221,Loose,Loose,1
tigpr,existing_fold_p2,tigpr:Loose:226,Loose,Loose,1
tigpr,existing_fold_p2,tigpr:Loose:231,Loose,Loose,1
tigpr,existing_fold_p2,tigpr:Loose:236,Loose,Loose,1
tigpr,existing_fold_p2,tigpr:Loose:241,Loose,Loose,1
tigpr,existing_fold_p2,tigpr:Loose:246,Loose,Loose,1
tigpr,existing_fold_p2,tigpr:Loose:251,Loose,Loose,1
tigpr,existing_fold_p2,tigpr:Loose:256,Loose,Interlayer_bonding_deficiency,0
tigpr,existing_fold_p2,tigpr:Loose:261,Loose,Loose,1
tigpr,existing_fold_p2,tigpr:Loose:266,Loose,Loose,1
tigpr,existing_fold_p2,tigpr:Loose:271,Loose,Loose,1
tigpr,existing_fold_p2,tigpr:Loose:276,Loose,Loose,1
tigpr,existing_fold_p2,tigpr:Loose:281,Loose,Loose,1
tigpr,existing_fold_p2,tigpr:Loose:286,Loose,Loose,1
tigpr,existing_fold_p2,tigpr:Loose:291,Loose,Interlayer_bonding_deficiency,0
tigpr,existing_fold_p2,tigpr:Loose:296,Loose,Loose,1
tigpr,existing_fold_p2,tigpr:Loose:301,Loose,Loose,1
tigpr,existing_fold_p2,tigpr:Loose:306,Loose,Loose,1
tigpr,existing_fold_p2,tigpr:Loose:311,Loose,Loose,1
tigpr,existing_fold_p2,tigpr:Loose:316,Loose,Loose,1
tigpr,existing_fold_p2,tigpr:Loose:321,Loose,Loose,1
tigpr,existing_fold_p2,tigpr:Loose:326,Loose,Loose,1
tigpr,existing_fold_p2,tigpr:Loose:331,Loose,Loose,1
tigpr,existing_fold_p2,tigpr:Loose:336,Loose,Loose,1
tigpr,existing_fold_p2,tigpr:Loose:341,Loose,Loose,1
tigpr,existing_fold_p2,tigpr:Loose:346,Loose,Loose,1
tigpr,existing_fold_p2,tigpr:Loose:351,Loose,Interlayer_bonding_deficiency,0
tigpr,existing_fold_p2,tigpr:Loose:356,Loose,Loose,1
tigpr,existing_fold_p2,tigpr:Loose:361,Loose,Interlayer_bonding_deficiency,0
tigpr,existing_fold_p2,tigpr:Loose:366,Loose,Loose,1
tigpr,existing_fold_p2,tigpr:Loose:371,Loose,Interlayer_bonding_deficiency,0
tigpr,existing_fold_p2,tigpr:Loose:376,Loose,Loose,1
tigpr,existing_fold_p2,tigpr:Loose:381,Loose,Loose,1
tigpr,existing_fold_p2,tigpr:Loose:386,Loose,Loose,1
tigpr,existing_fold_p2,tigpr:Loose:391,Loose,Loose,1
tigpr,existing_fold_p2,tigpr:Loose:396,Loose,Loose,1
tigpr,existing_fold_p2,tigpr:Loose:401,Loose,Loose,1
tigpr,existing_fold_p2,tigpr:Loose:406,Loose,No_damage,0
tigpr,existing_fold_p2,tigpr:Loose:411,Loose,Loose,1
tigpr,existing_fold_p2,tigpr:Loose:416,Loose,Interlayer_bonding_deficiency,0
tigpr,existing_fold_p2,tigpr:Loose:421,Loose,Loose,1
tigpr,existing_fold_p2,tigpr:Loose:426,Loose,Loose,1
tigpr,existing_fold_p2,tigpr:Loose:431,Loose,Interlayer_bonding_deficiency,0
tigpr,existing_fold_p2,tigpr:Loose:436,Loose,Loose,1
tigpr,existing_fold_p2,tigpr:Loose:441,Loose,Loose,1
tigpr,existing_fold_p2,tigpr:Loose:446,Loose,Loose,1
tigpr,existing_fold_p2,tigpr:Loose:451,Loose,Loose,1
tigpr,existing_fold_p2,tigpr:Loose:456,Loose,Loose,1
tigpr,existing_fold_p2,tigpr:Loose:461,Loose,Interlayer_bonding_deficiency,0
tigpr,existing_fold_p2,tigpr:Loose:466,Loose,Interlayer_bonding_deficiency,0
tigpr,existing_fold_p2,tigpr:Loose:471,Loose,Loose,1
tigpr,existing_fold_p2,tigpr:Loose:476,Loose,Loose,1
tigpr,existing_fold_p2,tigpr:Loose:481,Loose,Loose,1
tigpr,existing_fold_p2,tigpr:Loose:486,Loose,Interlayer_bonding_deficiency,0
tigpr,existing_fold_p2,tigpr:Loose:491,Loose,Loose,1
tigpr,existing_fold_p2,tigpr:Loose:496,Loose,Loose,1
tigpr,existing_fold_p2,tigpr:Loose:501,Loose,Loose,1
tigpr,existing_fold_p2,tigpr:Loose:506,Loose,Loose,1
tigpr,existing_fold_p2,tigpr:Loose:511,Loose,Interlayer_bonding_deficiency,0
tigpr,existing_fold_p2,tigpr:Loose:516,Loose,Loose,1
tigpr,existing_fold_p2,tigpr:Loose:521,Loose,Loose,1
tigpr,existing_fold_p2,tigpr:Loose:526,Loose,Loose,1
tigpr,existing_fold_p2,tigpr:Loose:531,Loose,Loose,1
tigpr,existing_fold_p2,tigpr:Loose:536,Loose,Interlayer_bonding_deficiency,0
tigpr,existing_fold_p2,tigpr:Loose:541,Loose,Loose,1
tigpr,existing_fold_p2,tigpr:Loose:546,Loose,Loose,1
tigpr,existing_fold_p2,tigpr:Loose:551,Loose,Loose,1
tigpr,existing_fold_p2,tigpr:Loose:556,Loose,Interlayer_bonding_deficiency,0
tigpr,existing_fold_p2,tigpr:Loose:561,Loose,Loose,1
tigpr,existing_fold_p2,tigpr:Loose:566,Loose,Loose,1
tigpr,existing_fold_p2,tigpr:Loose:571,Loose,Loose,1
tigpr,existing_fold_p2,tigpr:Loose:576,Loose,Loose,1
tigpr,existing_fold_p2,tigpr:Loose:581,Loose,Interlayer_bonding_deficiency,0
tigpr,existing_fold_p2,tigpr:Loose:586,Loose,Loose,1
tigpr,existing_fold_p2,tigpr:Loose:591,Loose,Loose,1
tigpr,existing_fold_p2,tigpr:Loose:596,Loose,Interlayer_bonding_deficiency,0
tigpr,existing_fold_p2,tigpr:Loose:601,Loose,Loose,1
tigpr,existing_fold_p2,tigpr:Loose:606,Loose,Loose,1
tigpr,existing_fold_p2,tigpr:Loose:611,Loose,Interlayer_bonding_deficiency,0
tigpr,existing_fold_p2,tigpr:Loose:616,Loose,Loose,1
tigpr,existing_fold_p2,tigpr:Loose:621,Loose,Loose,1
tigpr,existing_fold_p2,tigpr:Loose:626,Loose,Loose,1
tigpr,existing_fold_p2,tigpr:Loose:631,Loose,Loose,1
tigpr,existing_fold_p2,tigpr:Loose:636,Loose,Loose,1
tigpr,existing_fold_p2,tigpr:Loose:641,Loose,Loose,1
tigpr,existing_fold_p2,tigpr:Loose:646,Loose,Loose,1
tigpr,existing_fold_p2,tigpr:Loose:651,Loose,Loose,1
tigpr,existing_fold_p2,tigpr:Loose:656,Loose,Loose,1
tigpr,existing_fold_p2,tigpr:Loose:661,Loose,Loose,1
tigpr,existing_fold_p2,tigpr:Loose:666,Loose,Loose,1
tigpr,existing_fold_p2,tigpr:Loose:671,Loose,Loose,1
tigpr,existing_fold_p2,tigpr:Loose:676,Loose,Loose,1
tigpr,existing_fold_p2,tigpr:Loose:681,Loose,Loose,1
tigpr,existing_fold_p2,tigpr:Loose:686,Loose,Loose,1
tigpr,existing_fold_p2,tigpr:Loose:691,Loose,Loose,1
tigpr,existing_fold_p2,tigpr:Loose:696,Loose,Loose,1
tigpr,existing_fold_p2,tigpr:Loose:701,Loose,Loose,1
tigpr,existing_fold_p2,tigpr:Loose:706,Loose,Loose,1
tigpr,existing_fold_p2,tigpr:Loose:711,Loose,Loose,1
tigpr,existing_fold_p2,tigpr:Loose:716,Loose,Loose,1
tigpr,existing_fold_p2,tigpr:Loose:721,Loose,Loose,1
tigpr,existing_fold_p2,tigpr:Loose:726,Loose,Loose,1
tigpr,existing_fold_p2,tigpr:Loose:731,Loose,Loose,1
tigpr,existing_fold_p2,tigpr:Loose:736,Loose,Loose,1
tigpr,existing_fold_p2,tigpr:Loose:741,Loose,Loose,1
tigpr,existing_fold_p2,tigpr:Loose:746,Loose,Loose,1
tigpr,existing_fold_p2,tigpr:Loose:751,Loose,Loose,1
tigpr,existing_fold_p2,tigpr:Loose:756,Loose,Loose,1
tigpr,existing_fold_p2,tigpr:Loose:761,Loose,Loose,1
tigpr,existing_fold_p2,tigpr:Loose:766,Loose,Loose,1
tigpr,existing_fold_p2,tigpr:Loose:771,Loose,Interlayer_bonding_deficiency,0
tigpr,existing_fold_p2,tigpr:Loose:776,Loose,Loose,1
tigpr,existing_fold_p2,tigpr:Loose:781,Loose,Loose,1
tigpr,existing_fold_p2,tigpr:Loose:786,Loose,Interlayer_bonding_deficiency,0
tigpr,existing_fold_p2,tigpr:Loose:791,Loose,Loose,1
tigpr,existing_fold_p2,tigpr:Loose:796,Loose,Loose,1
tigpr,existing_fold_p2,tigpr:Loose:801,Loose,Loose,1
tigpr,existing_fold_p2,tigpr:Loose:806,Loose,Loose,1
tigpr,existing_fold_p2,tigpr:Loose:811,Loose,Loose,1
tigpr,existing_fold_p2,tigpr:Loose:816,Loose,Loose,1
tigpr,existing_fold_p2,tigpr:Loose:821,Loose,Loose,1
tigpr,existing_fold_p2,tigpr:Loose:826,Loose,Loose,1
tigpr,existing_fold_p2,tigpr:Loose:831,Loose,Interlayer_bonding_deficiency,0
tigpr,existing_fold_p2,tigpr:Loose:836,Loose,Loose,1
tigpr,existing_fold_p2,tigpr:Loose:841,Loose,Loose,1
tigpr,existing_fold_p2,tigpr:Loose:846,Loose,Loose,1
tigpr,existing_fold_p2,tigpr:Loose:851,Loose,Loose,1
tigpr,existing_fold_p2,tigpr:Loose:856,Loose,Interlayer_bonding_deficiency,0
tigpr,existing_fold_p2,tigpr:Loose:861,Loose,Interlayer_bonding_deficiency,0
tigpr,existing_fold_p2,tigpr:Loose:866,Loose,Interlayer_bonding_deficiency,0
tigpr,existing_fold_p2,tigpr:Loose:871,Loose,Loose,1
tigpr,existing_fold_p2,tigpr:Loose:876,Loose,Loose,1
tigpr,existing_fold_p2,tigpr:Loose:881,Loose,Interlayer_bonding_deficiency,0
tigpr,existing_fold_p2,tigpr:Loose:886,Loose,Loose,1
tigpr,existing_fold_p2,tigpr:Loose:891,Loose,Loose,1
tigpr,existing_fold_p2,tigpr:Loose:896,Loose,Loose,1
tigpr,existing_fold_p2,tigpr:Loose:901,Loose,Loose,1
tigpr,existing_fold_p2,tigpr:Loose:906,Loose,Loose,1
tigpr,existing_fold_p2,tigpr:Loose:911,Loose,Loose,1
tigpr,existing_fold_p2,tigpr:Loose:916,Loose,Loose,1
tigpr,existing_fold_p2,tigpr:Loose:921,Loose,Loose,1
tigpr,existing_fold_p2,tigpr:Loose:926,Loose,Loose,1
tigpr,existing_fold_p2,tigpr:Loose:931,Loose,Interlayer_bonding_deficiency,0
tigpr,existing_fold_p2,tigpr:Loose:936,Loose,Loose,1
tigpr,existing_fold_p2,tigpr:Loose:941,Loose,Loose,1
tigpr,existing_fold_p2,tigpr:Loose:946,Loose,Loose,1
tigpr,existing_fold_p2,tigpr:Loose:951,Loose,Loose,1
tigpr,existing_fold_p2,tigpr:Loose:956,Loose,Loose,1
tigpr,existing_fold_p2,tigpr:Loose:961,Loose,Loose,1
tigpr,existing_fold_p2,tigpr:Loose:966,Loose,Interlayer_bonding_deficiency,0
tigpr,existing_fold_p2,tigpr:Loose:971,Loose,Loose,1
tigpr,existing_fold_p2,tigpr:Loose:976,Loose,Loose,1
tigpr,existing_fold_p2,tigpr:Loose:981,Loose,Loose,1
tigpr,existing_fold_p2,tigpr:Loose:986,Loose,Interlayer_bonding_deficiency,0
tigpr,existing_fold_p2,tigpr:Loose:991,Loose,Loose,1
tigpr,existing_fold_p2,tigpr:Loose:996,Loose,Loose,1
tigpr,existing_fold_p2,tigpr:Loose:1001,Loose,Loose,1
tigpr,existing_fold_p2,tigpr:Loose:1006,Loose,Loose,1
tigpr,existing_fold_p2,tigpr:Loose:1011,Loose,Loose,1
tigpr,existing_fold_p2,tigpr:Loose:1016,Loose,Loose,1
tigpr,existing_fold_p2,tigpr:Loose:1021,Loose,Loose,1
tigpr,existing_fold_p2,tigpr:Loose:1026,Loose,Interlayer_bonding_deficiency,0
tigpr,existing_fold_p2,tigpr:Loose:1031,Loose,Loose,1
tigpr,existing_fold_p2,tigpr:Loose:1036,Loose,Loose,1
tigpr,existing_fold_p2,tigpr:Loose:1041,Loose,Interlayer_bonding_deficiency,0
tigpr,existing_fold_p2,tigpr:Loose:1046,Loose,Interlayer_bonding_deficiency,0
tigpr,existing_fold_p2,tigpr:Loose:1051,Loose,Loose,1
tigpr,existing_fold_p2,tigpr:Loose:1056,Loose,Loose,1
tigpr,existing_fold_p2,tigpr:Loose:1061,Loose,Interlayer_bonding_deficiency,0
tigpr,existing_fold_p2,tigpr:Loose:1066,Loose,Loose,1
tigpr,existing_fold_p2,tigpr:Loose:1071,Loose,Loose,1
tigpr,existing_fold_p2,tigpr:Loose:1076,Loose,Loose,1
tigpr,existing_fold_p2,tigpr:Loose:1081,Loose,Loose,1
tigpr,existing_fold_p2,tigpr:Loose:1086,Loose,Loose,1
tigpr,existing_fold_p2,tigpr:Loose:1091,Loose,Loose,1
tigpr,existing_fold_p2,tigpr:Loose:1096,Loose,Loose,1
tigpr,existing_fold_p2,tigpr:Loose:1101,Loose,Loose,1
tigpr,existing_fold_p2,tigpr:Loose:1106,Loose,Interlayer_bonding_deficiency,0
tigpr,existing_fold_p2,tigpr:Loose:1111,Loose,Loose,1
tigpr,existing_fold_p2,tigpr:Loose:1116,Loose,Loose,1
tigpr,existing_fold_p2,tigpr:Loose:1121,Loose,Interlayer_bonding_deficiency,0
tigpr,existing_fold_p2,tigpr:Loose:1126,Loose,Loose,1
tigpr,existing_fold_p2,tigpr:Loose:1131,Loose,Loose,1
tigpr,existing_fold_p2,tigpr:Loose:1136,Loose,Loose,1
tigpr,existing_fold_p2,tigpr:Loose:1141,Loose,Loose,1
tigpr,existing_fold_p2,tigpr:Loose:1146,Loose,Loose,1
tigpr,existing_fold_p2,tigpr:Loose:1151,Loose,Loose,1
tigpr,existing_fold_p2,tigpr:Loose:1156,Loose,Loose,1
tigpr,existing_fold_p2,tigpr:Loose:1161,Loose,Loose,1
tigpr,existing_fold_p2,tigpr:Loose:1166,Loose,Loose,1
tigpr,existing_fold_p2,tigpr:Loose:1171,Loose,Loose,1
tigpr,existing_fold_p2,tigpr:Loose:1176,Loose,Loose,1
tigpr,existing_fold_p2,tigpr:Loose:1181,Loose,Loose,1
tigpr,existing_fold_p2,tigpr:Loose:1186,Loose,Loose,1
tigpr,existing_fold_p2,tigpr:Loose:1191,Loose,Interlayer_bonding_deficiency,0
tigpr,existing_fold_p2,tigpr:Loose:1196,Loose,Loose,1
tigpr,existing_fold_p2,tigpr:Loose:1201,Loose,Loose,1
tigpr,existing_fold_p2,tigpr:Loose:1206,Loose,Loose,1
tigpr,existing_fold_p2,tigpr:Loose:1211,Loose,Loose,1
tigpr,existing_fold_p2,tigpr:Loose:1216,Loose,Loose,1
tigpr,existing_fold_p2,tigpr:Loose:1221,Loose,Loose,1
tigpr,existing_fold_p2,tigpr:Loose:1226,Loose,Loose,1
tigpr,existing_fold_p2,tigpr:Loose:1231,Loose,Loose,1
tigpr,existing_fold_p2,tigpr:Loose:1236,Loose,Loose,1
tigpr,existing_fold_p2,tigpr:Loose:1241,Loose,Loose,1
tigpr,existing_fold_p2,tigpr:Loose:1246,Loose,Loose,1
tigpr,existing_fold_p2,tigpr:Loose:1251,Loose,Loose,1
tigpr,existing_fold_p2,tigpr:Loose:1256,Loose,Loose,1
tigpr,existing_fold_p2,tigpr:Loose:1261,Loose,Loose,1
tigpr,existing_fold_p2,tigpr:Loose:1266,Loose,Loose,1
tigpr,existing_fold_p2,tigpr:Loose:1271,Loose,Loose,1
tigpr,existing_fold_p2,tigpr:Loose:1276,Loose,Interlayer_bonding_deficiency,0
tigpr,existing_fold_p2,tigpr:Loose:1281,Loose,Loose,1
tigpr,existing_fold_p2,tigpr:Loose:1286,Loose,Loose,1
tigpr,existing_fold_p2,tigpr:Loose:1291,Loose,Loose,1
tigpr,existing_fold_p2,tigpr:Loose:1296,Loose,Loose,1
tigpr,existing_fold_p2,tigpr:Loose:1301,Loose,Loose,1
tigpr,existing_fold_p2,tigpr:Loose:1306,Loose,Interlayer_bonding_deficiency,0
tigpr,existing_fold_p2,tigpr:Loose:1311,Loose,Interlayer_bonding_deficiency,0
tigpr,existing_fold_p2,tigpr:Loose:1316,Loose,Interlayer_bonding_deficiency,0
tigpr,existing_fold_p2,tigpr:Loose:1321,Loose,Loose,1
tigpr,existing_fold_p2,tigpr:Loose:1326,Loose,Loose,1
tigpr,existing_fold_p2,tigpr:Loose:1331,Loose,Loose,1
tigpr,existing_fold_p2,tigpr:Loose:1336,Loose,Interlayer_bonding_deficiency,0
tigpr,existing_fold_p2,tigpr:Loose:1341,Loose,Interlayer_bonding_deficiency,0
tigpr,existing_fold_p2,tigpr:Loose:1346,Loose,Loose,1
tigpr,existing_fold_p2,tigpr:Loose:1351,Loose,Loose,1
tigpr,existing_fold_p2,tigpr:Loose:1356,Loose,Loose,1
tigpr,existing_fold_p2,tigpr:Loose:1361,Loose,Loose,1
tigpr,existing_fold_p2,tigpr:Loose:1366,Loose,Interlayer_bonding_deficiency,0
tigpr,existing_fold_p2,tigpr:Loose:1371,Loose,Loose,1
tigpr,existing_fold_p2,tigpr:Loose:1376,Loose,Interlayer_bonding_deficiency,0
tigpr,existing_fold_p2,tigpr:Loose:1381,Loose,Loose,1
tigpr,existing_fold_p2,tigpr:Loose:1386,Loose,Interlayer_bonding_deficiency,0
tigpr,existing_fold_p2,tigpr:Loose:1391,Loose,Interlayer_bonding_deficiency,0
tigpr,existing_fold_p2,tigpr:Loose:1396,Loose,Loose,1
tigpr,existing_fold_p2,tigpr:Loose:1401,Loose,Loose,1
tigpr,existing_fold_p2,tigpr:Loose:1406,Loose,Loose,1
tigpr,existing_fold_p2,tigpr:Loose:1411,Loose,Loose,1
tigpr,existing_fold_p2,tigpr:Loose:1416,Loose,Loose,1
tigpr,existing_fold_p2,tigpr:Loose:1421,Loose,Interlayer_bonding_deficiency,0
tigpr,existing_fold_p2,tigpr:Loose:1426,Loose,Interlayer_bonding_deficiency,0
tigpr,existing_fold_p2,tigpr:Loose:1431,Loose,Interlayer_bonding_deficiency,0
tigpr,existing_fold_p2,tigpr:Loose:1436,Loose,Interlayer_bonding_deficiency,0
tigpr,existing_fold_p2,tigpr:Loose:1441,Loose,Loose,1
tigpr,existing_fold_p2,tigpr:Loose:1446,Loose,Interlayer_bonding_deficiency,0
tigpr,existing_fold_p2,tigpr:Loose:1451,Loose,Loose,1
tigpr,existing_fold_p2,tigpr:Loose:1456,Loose,Interlayer_bonding_deficiency,0
tigpr,existing_fold_p2,tigpr:Loose:1461,Loose,Loose,1
tigpr,existing_fold_p2,tigpr:Loose:1466,Loose,Interlayer_bonding_deficiency,0
tigpr,existing_fold_p2,tigpr:Loose:1471,Loose,Interlayer_bonding_deficiency,0
tigpr,existing_fold_p2,tigpr:Loose:1476,Loose,Loose,1
tigpr,existing_fold_p2,tigpr:Loose:1481,Loose,Loose,1
tigpr,existing_fold_p2,tigpr:Loose:1486,Loose,Loose,1
tigpr,existing_fold_p2,tigpr:Loose:1491,Loose,Loose,1
tigpr,existing_fold_p2,tigpr:Loose:1496,Loose,Loose,1
tigpr,existing_fold_p2,tigpr:Loose:1501,Loose,Loose,1
tigpr,existing_fold_p2,tigpr:Loose:1506,Loose,Loose,1
tigpr,existing_fold_p2,tigpr:Loose:1511,Loose,Loose,1
tigpr,existing_fold_p2,tigpr:Loose:1516,Loose,Loose,1
tigpr,existing_fold_p2,tigpr:Loose:1521,Loose,Loose,1
tigpr,existing_fold_p2,tigpr:Loose:1526,Loose,Loose,1
tigpr,existing_fold_p2,tigpr:Loose:1531,Loose,Loose,1
tigpr,existing_fold_p2,tigpr:Loose:1536,Loose,Loose,1
tigpr,existing_fold_p2,tigpr:Loose:1541,Loose,Interlayer_bonding_deficiency,0
tigpr,existing_fold_p2,tigpr:Loose:1546,Loose,Loose,1
tigpr,existing_fold_p2,tigpr:Loose:1551,Loose,Loose,1
tigpr,existing_fold_p2,tigpr:Loose:1556,Loose,Loose,1
tigpr,existing_fold_p2,tigpr:Loose:1561,Loose,Loose,1
tigpr,existing_fold_p2,tigpr:Loose:1566,Loose,Interlayer_bonding_deficiency,0
tigpr,existing_fold_p2,tigpr:Loose:1571,Loose,Loose,1
tigpr,existing_fold_p2,tigpr:Loose:1576,Loose,Loose,1
tigpr,existing_fold_p2,tigpr:Loose:1581,Loose,Loose,1
tigpr,existing_fold_p2,tigpr:Loose:1586,Loose,Loose,1
tigpr,existing_fold_p2,tigpr:Loose:1591,Loose,Loose,1
tigpr,existing_fold_p2,tigpr:Loose:1596,Loose,Loose,1
tigpr,existing_fold_p2,tigpr:Loose:1601,Loose,Loose,1
tigpr,existing_fold_p2,tigpr:Loose:1606,Loose,Loose,1
tigpr,existing_fold_p2,tigpr:Loose:1611,Loose,Loose,1
tigpr,existing_fold_p2,tigpr:Loose:1616,Loose,Loose,1
tigpr,existing_fold_p2,tigpr:Loose:1621,Loose,Interlayer_bonding_deficiency,0
tigpr,existing_fold_p2,tigpr:Loose:1626,Loose,Loose,1
tigpr,existing_fold_p2,tigpr:Loose:1631,Loose,Interlayer_bonding_deficiency,0
tigpr,existing_fold_p2,tigpr:Loose:1636,Loose,Loose,1
tigpr,existing_fold_p2,tigpr:Loose:1641,Loose,Loose,1
tigpr,existing_fold_p2,tigpr:Loose:1646,Loose,Interlayer_bonding_deficiency,0
tigpr,existing_fold_p2,tigpr:Loose:1651,Loose,Loose,1
tigpr,existing_fold_p2,tigpr:Loose:1656,Loose,Loose,1
tigpr,existing_fold_p2,tigpr:Loose:1661,Loose,Loose,1
tigpr,existing_fold_p2,tigpr:Loose:1666,Loose,Loose,1
tigpr,existing_fold_p2,tigpr:Loose:1671,Loose,Loose,1
tigpr,existing_fold_p2,tigpr:Loose:1676,Loose,Loose,1
tigpr,existing_fold_p2,tigpr:Loose:1681,Loose,Interlayer_bonding_deficiency,0
tigpr,existing_fold_p2,tigpr:Loose:1686,Loose,Interlayer_bonding_deficiency,0
tigpr,existing_fold_p2,tigpr:Loose:1691,Loose,Loose,1
tigpr,existing_fold_p2,tigpr:Loose:1696,Loose,Loose,1
tigpr,existing_fold_p2,tigpr:Loose:1701,Loose,Loose,1
tigpr,existing_fold_p2,tigpr:Loose:1706,Loose,Loose,1
tigpr,existing_fold_p2,tigpr:Loose:1711,Loose,Loose,1
tigpr,existing_fold_p2,tigpr:Loose:1716,Loose,Interlayer_bonding_deficiency,0
tigpr,existing_fold_p2,tigpr:Loose:1721,Loose,Loose,1
tigpr,existing_fold_p2,tigpr:Loose:1726,Loose,Loose,1
tigpr,existing_fold_p2,tigpr:Loose:1731,Loose,Interlayer_bonding_deficiency,0
tigpr,existing_fold_p2,tigpr:Loose:1736,Loose,Loose,1
tigpr,existing_fold_p2,tigpr:Loose:1741,Loose,Interlayer_bonding_deficiency,0
tigpr,existing_fold_p2,tigpr:Loose:1746,Loose,Interlayer_bonding_deficiency,0
tigpr,existing_fold_p2,tigpr:Loose:1751,Loose,Interlayer_bonding_deficiency,0
tigpr,existing_fold_p2,tigpr:Loose:1756,Loose,Loose,1
tigpr,existing_fold_p2,tigpr:Loose:1761,Loose,Loose,1
tigpr,existing_fold_p2,tigpr:Loose:1766,Loose,Loose,1
tigpr,existing_fold_p2,tigpr:Loose:1771,Loose,Loose,1
tigpr,existing_fold_p2,tigpr:Loose:1776,Loose,Loose,1
tigpr,existing_fold_p2,tigpr:Loose:1781,Loose,Loose,1
tigpr,existing_fold_p2,tigpr:Loose:1786,Loose,Loose,1
tigpr,existing_fold_p2,tigpr:Loose:1791,Loose,Loose,1
tigpr,existing_fold_p2,tigpr:Loose:1796,Loose,Interlayer_bonding_deficiency,0
tigpr,existing_fold_p2,tigpr:Loose:1801,Loose,Loose,1
tigpr,existing_fold_p2,tigpr:Loose:1806,Loose,Loose,1
tigpr,existing_fold_p2,tigpr:Loose:1811,Loose,Loose,1
tigpr,existing_fold_p2,tigpr:Loose:1816,Loose,Loose,1
tigpr,existing_fold_p2,tigpr:Loose:1821,Loose,Interlayer_bonding_deficiency,0
tigpr,existing_fold_p2,tigpr:Loose:1826,Loose,Interlayer_bonding_deficiency,0
tigpr,existing_fold_p2,tigpr:Loose:1831,Loose,Loose,1
tigpr,existing_fold_p2,tigpr:Loose:1836,Loose,Loose,1
tigpr,existing_fold_p2,tigpr:Loose:1841,Loose,Loose,1
tigpr,existing_fold_p2,tigpr:Loose:1846,Loose,Loose,1
tigpr,existing_fold_p2,tigpr:Loose:1851,Loose,Loose,1
tigpr,existing_fold_p2,tigpr:Loose:1856,Loose,Loose,1
tigpr,existing_fold_p2,tigpr:Loose:1861,Loose,Loose,1
tigpr,existing_fold_p2,tigpr:Loose:1866,Loose,Loose,1
tigpr,existing_fold_p2,tigpr:Loose:1871,Loose,Loose,1
tigpr,existing_fold_p2,tigpr:Loose:1876,Loose,Loose,1
tigpr,existing_fold_p2,tigpr:Loose:1881,Loose,Loose,1
tigpr,existing_fold_p2,tigpr:Loose:1886,Loose,Loose,1
tigpr,existing_fold_p2,tigpr:Loose:1891,Loose,Interlayer_bonding_deficiency,0
tigpr,existing_fold_p2,tigpr:Loose:1896,Loose,Interlayer_bonding_deficiency,0
tigpr,existing_fold_p2,tigpr:Loose:1901,Loose,Interlayer_bonding_deficiency,0
tigpr,existing_fold_p2,tigpr:Loose:1906,Loose,Loose,1
tigpr,existing_fold_p2,tigpr:Loose:1911,Loose,Interlayer_bonding_deficiency,0
tigpr,existing_fold_p2,tigpr:Loose:1916,Loose,Loose,1
tigpr,existing_fold_p2,tigpr:Loose:1921,Loose,Interlayer_bonding_deficiency,0
tigpr,existing_fold_p2,tigpr:Loose:1926,Loose,Loose,1
tigpr,existing_fold_p2,tigpr:Loose:1931,Loose,Loose,1
tigpr,existing_fold_p2,tigpr:Loose:1936,Loose,Loose,1
tigpr,existing_fold_p2,tigpr:Loose:1941,Loose,Loose,1
tigpr,existing_fold_p2,tigpr:Loose:1946,Loose,Loose,1
tigpr,existing_fold_p2,tigpr:Loose:1951,Loose,Loose,1
tigpr,existing_fold_p2,tigpr:Loose:1956,Loose,Loose,1
tigpr,existing_fold_p2,tigpr:Loose:1961,Loose,Interlayer_bonding_deficiency,0
tigpr,existing_fold_p2,tigpr:Loose:1966,Loose,Loose,1
tigpr,existing_fold_p2,tigpr:Loose:1971,Loose,Interlayer_bonding_deficiency,0
tigpr,existing_fold_p2,tigpr:Loose:1976,Loose,Interlayer_bonding_deficiency,0
tigpr,existing_fold_p2,tigpr:Loose:1981,Loose,Loose,1
tigpr,existing_fold_p2,tigpr:Loose:1986,Loose,Loose,1
tigpr,existing_fold_p2,tigpr:Loose:1991,Loose,Loose,1
tigpr,existing_fold_p2,tigpr:Loose:1996,Loose,Loose,1
tigpr,existing_fold_p2,tigpr:Loose:2001,Loose,Loose,1
tigpr,existing_fold_p2,tigpr:Loose:2006,Loose,Loose,1
tigpr,existing_fold_p2,tigpr:Loose:2011,Loose,Loose,1
tigpr,existing_fold_p2,tigpr:Loose:2016,Loose,Loose,1
tigpr,existing_fold_p2,tigpr:Loose:2021,Loose,Loose,1
tigpr,existing_fold_p2,tigpr:Loose:2026,Loose,Loose,1
tigpr,existing_fold_p2,tigpr:Loose:2031,Loose,Loose,1
tigpr,existing_fold_p2,tigpr:Loose:2036,Loose,Loose,1
tigpr,existing_fold_p2,tigpr:Loose:2041,Loose,Loose,1
tigpr,existing_fold_p2,tigpr:Loose:2046,Loose,Loose,1
tigpr,existing_fold_p2,tigpr:Loose:2051,Loose,Loose,1
tigpr,existing_fold_p2,tigpr:Loose:2056,Loose,Loose,1
tigpr,existing_fold_p2,tigpr:Loose:2061,Loose,Loose,1
tigpr,existing_fold_p2,tigpr:Loose:2066,Loose,Loose,1
tigpr,existing_fold_p2,tigpr:Loose:2071,Loose,Loose,1
tigpr,existing_fold_p2,tigpr:Loose:2076,Loose,Loose,1
tigpr,existing_fold_p2,tigpr:Loose:2081,Loose,Loose,1
tigpr,existing_fold_p2,tigpr:Loose:2086,Loose,Loose,1
tigpr,existing_fold_p2,tigpr:Loose:2091,Loose,Loose,1
tigpr,existing_fold_p2,tigpr:Loose:2096,Loose,Loose,1
tigpr,existing_fold_p2,tigpr:No_damage:1,No_damage,No_damage,1
tigpr,existing_fold_p2,tigpr:No_damage:6,No_damage,Interlayer_bonding_deficiency,0
tigpr,existing_fold_p2,tigpr:No_damage:11,No_damage,Loose,0
tigpr,existing_fold_p2,tigpr:No_damage:16,No_damage,No_damage,1
tigpr,existing_fold_p2,tigpr:No_damage:21,No_damage,Loose,0
tigpr,existing_fold_p2,tigpr:No_damage:26,No_damage,Loose,0
tigpr,existing_fold_p2,tigpr:No_damage:31,No_damage,Loose,0
tigpr,existing_fold_p2,tigpr:No_damage:36,No_damage,Interlayer_bonding_deficiency,0
tigpr,existing_fold_p2,tigpr:No_damage:41,No_damage,Loose,0
tigpr,existing_fold_p2,tigpr:No_damage:46,No_damage,No_damage,1
tigpr,existing_fold_p2,tigpr:No_damage:51,No_damage,Interlayer_bonding_deficiency,0
tigpr,existing_fold_p2,tigpr:No_damage:56,No_damage,Interlayer_bonding_deficiency,0
tigpr,existing_fold_p2,tigpr:No_damage:61,No_damage,No_damage,1
tigpr,existing_fold_p2,tigpr:No_damage:66,No_damage,Interlayer_bonding_deficiency,0
tigpr,existing_fold_p2,tigpr:No_damage:71,No_damage,No_damage,1
tigpr,existing_fold_p2,tigpr:No_damage:76,No_damage,Loose,0
tigpr,existing_fold_p2,tigpr:No_damage:81,No_damage,No_damage,1
tigpr,existing_fold_p2,tigpr:No_damage:86,No_damage,No_damage,1
tigpr,existing_fold_p2,tigpr:No_damage:91,No_damage,Interlayer_bonding_deficiency,0
tigpr,existing_fold_p2,tigpr:No_damage:96,No_damage,Loose,0
tigpr,existing_fold_p2,tigpr:No_damage:101,No_damage,No_damage,1
tigpr,existing_fold_p2,tigpr:No_damage:106,No_damage,No_damage,1
tigpr,existing_fold_p2,tigpr:No_damage:111,No_damage,Interlayer_bonding_deficiency,0
tigpr,existing_fold_p2,tigpr:No_damage:116,No_damage,No_damage,1
tigpr,existing_fold_p2,tigpr:No_damage:121,No_damage,No_damage,1
tigpr,existing_fold_p2,tigpr:No_damage:126,No_damage,No_damage,1
tigpr,existing_fold_p2,tigpr:No_damage:131,No_damage,No_damage,1
tigpr,existing_fold_p2,tigpr:No_damage:136,No_damage,No_damage,1
tigpr,existing_fold_p2,tigpr:No_damage:141,No_damage,No_damage,1
tigpr,existing_fold_p2,tigpr:No_damage:146,No_damage,Interlayer_bonding_deficiency,0
tigpr,existing_fold_p2,tigpr:No_damage:151,No_damage,Interlayer_bonding_deficiency,0
tigpr,existing_fold_p2,tigpr:No_damage:156,No_damage,No_damage,1
tigpr,existing_fold_p2,tigpr:No_damage:161,No_damage,No_damage,1
tigpr,existing_fold_p2,tigpr:No_damage:166,No_damage,No_damage,1
tigpr,existing_fold_p2,tigpr:No_damage:171,No_damage,Interlayer_bonding_deficiency,0
tigpr,existing_fold_p2,tigpr:No_damage:176,No_damage,No_damage,1
tigpr,existing_fold_p2,tigpr:No_damage:181,No_damage,No_damage,1
tigpr,existing_fold_p2,tigpr:No_damage:186,No_damage,No_damage,1
tigpr,existing_fold_p2,tigpr:No_damage:191,No_damage,No_damage,1
tigpr,existing_fold_p2,tigpr:No_damage:196,No_damage,No_damage,1
tigpr,existing_fold_p2,tigpr:No_damage:201,No_damage,No_damage,1
tigpr,existing_fold_p2,tigpr:No_damage:206,No_damage,No_damage,1
tigpr,existing_fold_p2,tigpr:No_damage:211,No_damage,No_damage,1
tigpr,existing_fold_p2,tigpr:No_damage:216,No_damage,No_damage,1
tigpr,existing_fold_p2,tigpr:No_damage:221,No_damage,No_damage,1
tigpr,existing_fold_p2,tigpr:No_damage:226,No_damage,No_damage,1
tigpr,existing_fold_p2,tigpr:No_damage:231,No_damage,No_damage,1
tigpr,existing_fold_p2,tigpr:No_damage:236,No_damage,No_damage,1
tigpr,existing_fold_p2,tigpr:No_damage:241,No_damage,Interlayer_bonding_deficiency,0
tigpr,existing_fold_p2,tigpr:No_damage:246,No_damage,No_damage,1
tigpr,existing_fold_p2,tigpr:No_damage:251,No_damage,No_damage,1
tigpr,existing_fold_p2,tigpr:No_damage:256,No_damage,No_damage,1
tigpr,existing_fold_p2,tigpr:No_damage:261,No_damage,No_damage,1
tigpr,existing_fold_p2,tigpr:No_damage:266,No_damage,No_damage,1
tigpr,existing_fold_p2,tigpr:No_damage:271,No_damage,No_damage,1
tigpr,existing_fold_p2,tigpr:No_damage:276,No_damage,No_damage,1
tigpr,existing_fold_p2,tigpr:No_damage:281,No_damage,No_damage,1
tigpr,existing_fold_p2,tigpr:No_damage:286,No_damage,No_damage,1
tigpr,existing_fold_p2,tigpr:No_damage:291,No_damage,No_damage,1
tigpr,existing_fold_p2,tigpr:No_damage:296,No_damage,No_damage,1
tigpr,existing_fold_p2,tigpr:No_damage:301,No_damage,Interlayer_bonding_deficiency,0
tigpr,existing_fold_p2,tigpr:No_damage:306,No_damage,No_damage,1
tigpr,existing_fold_p2,tigpr:No_damage:311,No_damage,No_damage,1
tigpr,existing_fold_p2,tigpr:No_damage:316,No_damage,Interlayer_bonding_deficiency,0
tigpr,existing_fold_p2,tigpr:No_damage:321,No_damage,Interlayer_bonding_deficiency,0
tigpr,existing_fold_p2,tigpr:No_damage:326,No_damage,Interlayer_bonding_deficiency,0
tigpr,existing_fold_p2,tigpr:No_damage:331,No_damage,Interlayer_bonding_deficiency,0
tigpr,existing_fold_p2,tigpr:No_damage:336,No_damage,No_damage,1
tigpr,existing_fold_p2,tigpr:No_damage:341,No_damage,Interlayer_bonding_deficiency,0
tigpr,existing_fold_p2,tigpr:No_damage:346,No_damage,No_damage,1
tigpr,existing_fold_p2,tigpr:No_damage:351,No_damage,No_damage,1
tigpr,existing_fold_p2,tigpr:No_damage:356,No_damage,No_damage,1
tigpr,existing_fold_p2,tigpr:No_damage:361,No_damage,No_damage,1
tigpr,existing_fold_p2,tigpr:No_damage:366,No_damage,Interlayer_bonding_deficiency,0
tigpr,existing_fold_p2,tigpr:No_damage:371,No_damage,Interlayer_bonding_deficiency,0
tigpr,existing_fold_p2,tigpr:No_damage:376,No_damage,No_damage,1
tigpr,existing_fold_p2,tigpr:No_damage:381,No_damage,No_damage,1
tigpr,existing_fold_p2,tigpr:No_damage:386,No_damage,No_damage,1
tigpr,existing_fold_p2,tigpr:No_damage:391,No_damage,No_damage,1
tigpr,existing_fold_p2,tigpr:No_damage:396,No_damage,No_damage,1
tigpr,existing_fold_p2,tigpr:No_damage:401,No_damage,No_damage,1
tigpr,existing_fold_p2,tigpr:No_damage:406,No_damage,No_damage,1
tigpr,existing_fold_p2,tigpr:No_damage:411,No_damage,No_damage,1
tigpr,existing_fold_p2,tigpr:No_damage:416,No_damage,Interlayer_bonding_deficiency,0
tigpr,existing_fold_p2,tigpr:No_damage:421,No_damage,No_damage,1
tigpr,existing_fold_p2,tigpr:No_damage:426,No_damage,No_damage,1
tigpr,existing_fold_p2,tigpr:No_damage:431,No_damage,No_damage,1
tigpr,existing_fold_p2,tigpr:No_damage:436,No_damage,No_damage,1
tigpr,existing_fold_p2,tigpr:No_damage:441,No_damage,Loose,0
tigpr,existing_fold_p2,tigpr:No_damage:446,No_damage,Interlayer_bonding_deficiency,0
tigpr,existing_fold_p2,tigpr:No_damage:451,No_damage,No_damage,1
tigpr,existing_fold_p2,tigpr:No_damage:456,No_damage,Interlayer_bonding_deficiency,0
tigpr,existing_fold_p2,tigpr:No_damage:461,No_damage,No_damage,1
tigpr,existing_fold_p2,tigpr:No_damage:466,No_damage,No_damage,1
tigpr,existing_fold_p2,tigpr:No_damage:471,No_damage,Loose,0
tigpr,existing_fold_p2,tigpr:No_damage:476,No_damage,No_damage,1
tigpr,existing_fold_p2,tigpr:No_damage:481,No_damage,No_damage,1
tigpr,existing_fold_p2,tigpr:No_damage:486,No_damage,No_damage,1
tigpr,existing_fold_p2,tigpr:No_damage:491,No_damage,Loose,0
tigpr,existing_fold_p2,tigpr:No_damage:496,No_damage,No_damage,1
tigpr,existing_fold_p2,tigpr:No_damage:501,No_damage,No_damage,1
tigpr,existing_fold_p2,tigpr:No_damage:506,No_damage,Loose,0
tigpr,existing_fold_p2,tigpr:No_damage:511,No_damage,Loose,0
tigpr,existing_fold_p2,tigpr:No_damage:516,No_damage,Loose,0
tigpr,existing_fold_p2,tigpr:No_damage:521,No_damage,Interlayer_bonding_deficiency,0
tigpr,existing_fold_p2,tigpr:No_damage:526,No_damage,No_damage,1
tigpr,existing_fold_p2,tigpr:No_damage:531,No_damage,No_damage,1
tigpr,existing_fold_p2,tigpr:No_damage:536,No_damage,Interlayer_bonding_deficiency,0
tigpr,existing_fold_p2,tigpr:No_damage:541,No_damage,No_damage,1
tigpr,existing_fold_p2,tigpr:No_damage:546,No_damage,No_damage,1
tigpr,existing_fold_p2,tigpr:No_damage:551,No_damage,No_damage,1
tigpr,existing_fold_p2,tigpr:No_damage:556,No_damage,No_damage,1
tigpr,existing_fold_p2,tigpr:No_damage:561,No_damage,No_damage,1
tigpr,existing_fold_p2,tigpr:No_damage:566,No_damage,No_damage,1
tigpr,existing_fold_p2,tigpr:No_damage:571,No_damage,No_damage,1
tigpr,existing_fold_p2,tigpr:No_damage:576,No_damage,No_damage,1
tigpr,existing_fold_p2,tigpr:No_damage:581,No_damage,No_damage,1
tigpr,existing_fold_p2,tigpr:No_damage:586,No_damage,No_damage,1
tigpr,existing_fold_p2,tigpr:No_damage:591,No_damage,No_damage,1
tigpr,existing_fold_p2,tigpr:No_damage:596,No_damage,No_damage,1
tigpr,existing_fold_p2,tigpr:No_damage:601,No_damage,No_damage,1
tigpr,existing_fold_p2,tigpr:No_damage:606,No_damage,No_damage,1
tigpr,existing_fold_p2,tigpr:No_damage:611,No_damage,No_damage,1
tigpr,existing_fold_p2,tigpr:No_damage:616,No_damage,No_damage,1
tigpr,existing_fold_p2,tigpr:No_damage:621,No_damage,No_damage,1
tigpr,existing_fold_p2,tigpr:No_damage:626,No_damage,Interlayer_bonding_deficiency,0
tigpr,existing_fold_p2,tigpr:No_damage:631,No_damage,No_damage,1
tigpr,existing_fold_p2,tigpr:No_damage:636,No_damage,No_damage,1
tigpr,existing_fold_p2,tigpr:No_damage:641,No_damage,Interlayer_bonding_deficiency,0
tigpr,existing_fold_p2,tigpr:No_damage:646,No_damage,No_damage,1
tigpr,existing_fold_p2,tigpr:No_damage:651,No_damage,No_damage,1
tigpr,existing_fold_p2,tigpr:No_damage:656,No_damage,No_damage,1
tigpr,existing_fold_p2,tigpr:No_damage:661,No_damage,No_damage,1
tigpr,existing_fold_p2,tigpr:No_damage:666,No_damage,No_damage,1
tigpr,existing_fold_p2,tigpr:No_damage:671,No_damage,No_damage,1
tigpr,existing_fold_p2,tigpr:No_damage:676,No_damage,No_damage,1
tigpr,existing_fold_p2,tigpr:No_damage:681,No_damage,No_damage,1
tigpr,existing_fold_p2,tigpr:No_damage:686,No_damage,No_damage,1
tigpr,existing_fold_p2,tigpr:No_damage:691,No_damage,No_damage,1
tigpr,existing_fold_p2,tigpr:No_damage:696,No_damage,No_damage,1
tigpr,existing_fold_p2,tigpr:No_damage:701,No_damage,No_damage,1
tigpr,existing_fold_p2,tigpr:No_damage:706,No_damage,No_damage,1
tigpr,existing_fold_p2,tigpr:No_damage:711,No_damage,Loose,0
tigpr,existing_fold_p2,tigpr:No_damage:716,No_damage,No_damage,1
tigpr,existing_fold_p2,tigpr:No_damage:721,No_damage,No_damage,1
tigpr,existing_fold_p2,tigpr:No_damage:726,No_damage,No_damage,1
tigpr,existing_fold_p2,tigpr:No_damage:731,No_damage,No_damage,1
tigpr,existing_fold_p2,tigpr:No_damage:736,No_damage,No_damage,1
tigpr,existing_fold_p2,tigpr:No_damage:741,No_damage,No_damage,1
tigpr,existing_fold_p2,tigpr:No_damage:746,No_damage,No_damage,1
tigpr,existing_fold_p2,tigpr:No_damage:751,No_damage,No_damage,1
tigpr,existing_fold_p2,tigpr:No_damage:756,No_damage,No_damage,1
tigpr,existing_fold_p2,tigpr:No_damage:761,No_damage,No_damage,1
tigpr,existing_fold_p2,tigpr:No_damage:766,No_damage,No_damage,1
tigpr,existing_fold_p2,tigpr:No_damage:771,No_damage,No_damage,1
tigpr,existing_fold_p2,tigpr:No_damage:776,No_damage,No_damage,1
tigpr,existing_fold_p2,tigpr:No_damage:781,No_damage,No_damage,1
tigpr,existing_fold_p2,tigpr:No_damage:786,No_damage,No_damage,1
tigpr,existing_fold_p2,tigpr:No_damage:791,No_damage,No_damage,1
tigpr,existing_fold_p2,tigpr:No_damage:796,No_damage,No_damage,1
tigpr,existing_fold_p2,tigpr:No_damage:801,No_damage,No_damage,1
tigpr,existing_fold_p2,tigpr:No_damage:806,No_damage,No_damage,1
tigpr,existing_fold_p2,tigpr:No_damage:811,No_damage,No_damage,1
tigpr,existing_fold_p2,tigpr:No_damage:816,No_damage,Interlayer_bonding_deficiency,0
tigpr,existing_fold_p2,tigpr:No_damage:821,No_damage,No_damage,1
tigpr,existing_fold_p2,tigpr:No_damage:826,No_damage,No_damage,1
tigpr,existing_fold_p2,tigpr:No_damage:831,No_damage,No_damage,1
tigpr,existing_fold_p2,tigpr:No_damage:836,No_damage,No_damage,1
tigpr,existing_fold_p2,tigpr:No_damage:841,No_damage,No_damage,1
tigpr,existing_fold_p2,tigpr:No_damage:846,No_damage,No_damage,1
tigpr,existing_fold_p2,tigpr:No_damage:851,No_damage,No_damage,1
tigpr,existing_fold_p2,tigpr:No_damage:856,No_damage,No_damage,1
tigpr,existing_fold_p2,tigpr:No_damage:861,No_damage,No_damage,1
tigpr,existing_fold_p2,tigpr:No_damage:866,No_damage,No_damage,1
tigpr,existing_fold_p2,tigpr:No_damage:871,No_damage,No_damage,1
tigpr,existing_fold_p2,tigpr:No_damage:876,No_damage,No_damage,1
tigpr,existing_fold_p2,tigpr:No_damage:881,No_damage,No_damage,1
tigpr,existing_fold_p2,tigpr:No_damage:886,No_damage,No_damage,1
tigpr,existing_fold_p2,tigpr:No_damage:891,No_damage,No_damage,1
tigpr,existing_fold_p2,tigpr:No_damage:896,No_damage,No_damage,1
tigpr,existing_fold_p2,tigpr:No_damage:901,No_damage,No_damage,1
tigpr,existing_fold_p2,tigpr:No_damage:906,No_damage,No_damage,1
tigpr,existing_fold_p2,tigpr:No_damage:911,No_damage,No_damage,1
tigpr,existing_fold_p2,tigpr:No_damage:916,No_damage,No_damage,1
tigpr,existing_fold_p2,tigpr:No_damage:921,No_damage,No_damage,1
tigpr,existing_fold_p2,tigpr:No_damage:926,No_damage,No_damage,1
tigpr,existing_fold_p2,tigpr:No_damage:931,No_damage,No_damage,1
tigpr,existing_fold_p2,tigpr:No_damage:936,No_damage,No_damage,1
tigpr,existing_fold_p2,tigpr:No_damage:941,No_damage,No_damage,1
tigpr,existing_fold_p2,tigpr:No_damage:946,No_damage,No_damage,1
tigpr,existing_fold_p2,tigpr:No_damage:951,No_damage,No_damage,1
tigpr,existing_fold_p2,tigpr:No_damage:956,No_damage,No_damage,1
tigpr,existing_fold_p2,tigpr:No_damage:961,No_damage,No_damage,1
tigpr,existing_fold_p2,tigpr:No_damage:966,No_damage,No_damage,1
tigpr,existing_fold_p2,tigpr:No_damage:971,No_damage,No_damage,1
tigpr,existing_fold_p2,tigpr:No_damage:976,No_damage,No_damage,1
tigpr,existing_fold_p2,tigpr:No_damage:981,No_damage,No_damage,1
tigpr,existing_fold_p2,tigpr:No_damage:986,No_damage,No_damage,1
tigpr,existing_fold_p2,tigpr:No_damage:991,No_damage,No_damage,1
tigpr,existing_fold_p2,tigpr:No_damage:996,No_damage,No_damage,1
tigpr,existing_fold_p2,tigpr:No_damage:1001,No_damage,No_damage,1
tigpr,existing_fold_p2,tigpr:No_damage:1006,No_damage,No_damage,1
tigpr,existing_fold_p2,tigpr:No_damage:1011,No_damage,No_damage,1
tigpr,existing_fold_p2,tigpr:No_damage:1016,No_damage,No_damage,1
tigpr,existing_fold_p2,tigpr:No_damage:1021,No_damage,No_damage,1
tigpr,existing_fold_p2,tigpr:No_damage:1026,No_damage,No_damage,1
tigpr,existing_fold_p2,tigpr:No_damage:1031,No_damage,No_damage,1
tigpr,existing_fold_p2,tigpr:No_damage:1036,No_damage,No_damage,1
tigpr,existing_fold_p2,tigpr:No_damage:1041,No_damage,No_damage,1
tigpr,existing_fold_p2,tigpr:No_damage:1046,No_damage,No_damage,1
tigpr,existing_fold_p2,tigpr:No_damage:1051,No_damage,No_damage,1
tigpr,existing_fold_p2,tigpr:No_damage:1056,No_damage,No_damage,1
tigpr,existing_fold_p2,tigpr:No_damage:1061,No_damage,Interlayer_bonding_deficiency,0
tigpr,existing_fold_p2,tigpr:No_damage:1066,No_damage,No_damage,1
tigpr,existing_fold_p2,tigpr:No_damage:1071,No_damage,No_damage,1
tigpr,existing_fold_p2,tigpr:No_damage:1076,No_damage,No_damage,1
tigpr,existing_fold_p2,tigpr:No_damage:1081,No_damage,No_damage,1
tigpr,existing_fold_p2,tigpr:No_damage:1086,No_damage,No_damage,1
tigpr,existing_fold_p2,tigpr:No_damage:1091,No_damage,No_damage,1
tigpr,existing_fold_p2,tigpr:No_damage:1096,No_damage,No_damage,1
tigpr,existing_fold_p2,tigpr:No_damage:1101,No_damage,No_damage,1
tigpr,existing_fold_p2,tigpr:No_damage:1106,No_damage,No_damage,1
tigpr,existing_fold_p2,tigpr:No_damage:1111,No_damage,No_damage,1
tigpr,existing_fold_p2,tigpr:No_damage:1116,No_damage,No_damage,1
tigpr,existing_fold_p2,tigpr:No_damage:1121,No_damage,No_damage,1
tigpr,existing_fold_p2,tigpr:No_damage:1126,No_damage,No_damage,1
tigpr,existing_fold_p2,tigpr:No_damage:1131,No_damage,No_damage,1
tigpr,existing_fold_p2,tigpr:No_damage:1136,No_damage,No_damage,1
tigpr,existing_fold_p2,tigpr:No_damage:1141,No_damage,No_damage,1
tigpr,existing_fold_p2,tigpr:No_damage:1146,No_damage,No_damage,1
tigpr,existing_fold_p2,tigpr:No_damage:1151,No_damage,No_damage,1
tigpr,existing_fold_p2,tigpr:No_damage:1156,No_damage,No_damage,1
tigpr,existing_fold_p2,tigpr:No_damage:1161,No_damage,No_damage,1
tigpr,existing_fold_p2,tigpr:No_damage:1166,No_damage,No_damage,1
tigpr,existing_fold_p2,tigpr:No_damage:1171,No_damage,No_damage,1
tigpr,existing_fold_p2,tigpr:No_damage:1176,No_damage,No_damage,1
tigpr,existing_fold_p2,tigpr:No_damage:1181,No_damage,No_damage,1
tigpr,existing_fold_p2,tigpr:No_damage:1186,No_damage,No_damage,1
tigpr,existing_fold_p2,tigpr:No_damage:1191,No_damage,No_damage,1
tigpr,existing_fold_p2,tigpr:No_damage:1196,No_damage,No_damage,1
tigpr,existing_fold_p2,tigpr:No_damage:1201,No_damage,No_damage,1
tigpr,existing_fold_p2,tigpr:No_damage:1206,No_damage,No_damage,1
tigpr,existing_fold_p2,tigpr:No_damage:1211,No_damage,No_damage,1
tigpr,existing_fold_p2,tigpr:No_damage:1216,No_damage,No_damage,1
tigpr,existing_fold_p2,tigpr:No_damage:1221,No_damage,No_damage,1
tigpr,existing_fold_p2,tigpr:No_damage:1226,No_damage,No_damage,1
tigpr,existing_fold_p2,tigpr:No_damage:1231,No_damage,No_damage,1
tigpr,existing_fold_p2,tigpr:No_damage:1236,No_damage,No_damage,1
tigpr,existing_fold_p2,tigpr:No_damage:1241,No_damage,No_damage,1
tigpr,existing_fold_p2,tigpr:No_damage:1246,No_damage,No_damage,1
tigpr,existing_fold_p2,tigpr:No_damage:1251,No_damage,No_damage,1
tigpr,existing_fold_p2,tigpr:No_damage:1256,No_damage,No_damage,1
tigpr,existing_fold_p2,tigpr:No_damage:1261,No_damage,No_damage,1
tigpr,existing_fold_p2,tigpr:No_damage:1266,No_damage,No_damage,1
tigpr,existing_fold_p2,tigpr:No_damage:1271,No_damage,No_damage,1
tigpr,existing_fold_p2,tigpr:No_damage:1276,No_damage,No_damage,1
tigpr,existing_fold_p2,tigpr:No_damage:1281,No_damage,No_damage,1
tigpr,existing_fold_p2,tigpr:No_damage:1286,No_damage,No_damage,1
tigpr,existing_fold_p2,tigpr:No_damage:1291,No_damage,No_damage,1
tigpr,existing_fold_p2,tigpr:No_damage:1296,No_damage,No_damage,1
tigpr,existing_fold_p2,tigpr:No_damage:1301,No_damage,No_damage,1
tigpr,existing_fold_p2,tigpr:No_damage:1306,No_damage,No_damage,1
tigpr,existing_fold_p2,tigpr:No_damage:1311,No_damage,No_damage,1
tigpr,existing_fold_p2,tigpr:No_damage:1316,No_damage,No_damage,1
tigpr,existing_fold_p2,tigpr:No_damage:1321,No_damage,No_damage,1
tigpr,existing_fold_p2,tigpr:No_damage:1326,No_damage,No_damage,1
tigpr,existing_fold_p2,tigpr:No_damage:1331,No_damage,No_damage,1
tigpr,existing_fold_p2,tigpr:No_damage:1336,No_damage,No_damage,1
tigpr,existing_fold_p2,tigpr:No_damage:1341,No_damage,No_damage,1
tigpr,existing_fold_p2,tigpr:No_damage:1346,No_damage,No_damage,1
tigpr,existing_fold_p2,tigpr:No_damage:1351,No_damage,Interlayer_bonding_deficiency,0
tigpr,existing_fold_p2,tigpr:No_damage:1356,No_damage,No_damage,1
tigpr,existing_fold_p2,tigpr:No_damage:1361,No_damage,No_damage,1
tigpr,existing_fold_p2,tigpr:No_damage:1366,No_damage,No_damage,1
tigpr,existing_fold_p2,tigpr:No_damage:1371,No_damage,No_damage,1
tigpr,existing_fold_p2,tigpr:No_damage:1376,No_damage,No_damage,1
tigpr,existing_fold_p2,tigpr:No_damage:1381,No_damage,Interlayer_bonding_deficiency,0
tigpr,existing_fold_p2,tigpr:No_damage:1386,No_damage,No_damage,1
tigpr,existing_fold_p2,tigpr:No_damage:1391,No_damage,No_damage,1
tigpr,existing_fold_p2,tigpr:No_damage:1396,No_damage,No_damage,1
tigpr,existing_fold_p2,tigpr:No_damage:1401,No_damage,No_damage,1
tigpr,existing_fold_p2,tigpr:No_damage:1406,No_damage,No_damage,1
tigpr,existing_fold_p2,tigpr:No_damage:1411,No_damage,No_damage,1
tigpr,existing_fold_p2,tigpr:No_damage:1416,No_damage,No_damage,1
tigpr,existing_fold_p2,tigpr:No_damage:1421,No_damage,No_damage,1
tigpr,existing_fold_p2,tigpr:No_damage:1426,No_damage,No_damage,1
tigpr,existing_fold_p2,tigpr:No_damage:1431,No_damage,No_damage,1
tigpr,existing_fold_p2,tigpr:No_damage:1436,No_damage,No_damage,1
tigpr,existing_fold_p2,tigpr:No_damage:1441,No_damage,No_damage,1
tigpr,existing_fold_p2,tigpr:No_damage:1446,No_damage,No_damage,1
tigpr,existing_fold_p2,tigpr:No_damage:1451,No_damage,No_damage,1
tigpr,existing_fold_p2,tigpr:No_damage:1456,No_damage,No_damage,1
tigpr,existing_fold_p2,tigpr:No_damage:1461,No_damage,No_damage,1
tigpr,existing_fold_p2,tigpr:No_damage:1466,No_damage,No_damage,1
tigpr,existing_fold_p2,tigpr:No_damage:1471,No_damage,Loose,0
tigpr,existing_fold_p2,tigpr:No_damage:1476,No_damage,No_damage,1
tigpr,existing_fold_p2,tigpr:No_damage:1481,No_damage,Interlayer_bonding_deficiency,0
tigpr,existing_fold_p2,tigpr:No_damage:1486,No_damage,No_damage,1
tigpr,existing_fold_p2,tigpr:No_damage:1491,No_damage,No_damage,1
tigpr,existing_fold_p2,tigpr:No_damage:1496,No_damage,Interlayer_bonding_deficiency,0
tigpr,existing_fold_p2,tigpr:No_damage:1501,No_damage,No_damage,1
tigpr,existing_fold_p2,tigpr:No_damage:1506,No_damage,No_damage,1
tigpr,existing_fold_p2,tigpr:No_damage:1511,No_damage,No_damage,1
tigpr,existing_fold_p2,tigpr:No_damage:1516,No_damage,No_damage,1
tigpr,existing_fold_p2,tigpr:Void:1,Void,Crack,0
tigpr,existing_fold_p2,tigpr:Void:6,Void,Crack,0
tigpr,existing_fold_p2,tigpr:Void:11,Void,Void,1
tigpr,existing_fold_p2,tigpr:Void:16,Void,Void,1
tigpr,existing_fold_p2,tigpr:Void:21,Void,Void,1
tigpr,existing_fold_p2,tigpr:Void:26,Void,Interlayer_bonding_deficiency,0
tigpr,existing_fold_p2,tigpr:Void:31,Void,Interlayer_bonding_deficiency,0
tigpr,existing_fold_p2,tigpr:Void:36,Void,Void,1
tigpr,existing_fold_p2,tigpr:Void:41,Void,Crack,0
tigpr,existing_fold_p2,tigpr:Void:46,Void,Void,1
tigpr,existing_fold_p2,tigpr:Void:51,Void,Crack,0
tigpr,existing_fold_p2,tigpr:Void:56,Void,Crack,0
tigpr,existing_fold_p2,tigpr:Void:61,Void,Void,1
tigpr,existing_fold_p2,tigpr:Void:66,Void,Void,1
tigpr,existing_fold_p2,tigpr:Void:71,Void,Crack,0
tigpr,existing_fold_p2,tigpr:Void:76,Void,Void,1
tigpr,existing_fold_p2,tigpr:Void:81,Void,Interlayer_bonding_deficiency,0
tigpr,existing_fold_p2,tigpr:Void:86,Void,Crack,0
tigpr,existing_fold_p2,tigpr:Void:91,Void,Crack,0
tigpr,existing_fold_p2,tigpr:Void:96,Void,Void,1
tigpr,existing_fold_p2,tigpr:Void:101,Void,Void,1
tigpr,existing_fold_p2,tigpr:Void:106,Void,Crack,0
tigpr,existing_fold_p2,tigpr:Void:111,Void,No_damage,0
tigpr,existing_fold_p2,tigpr:Void:116,Void,Interlayer_bonding_deficiency,0
tigpr,existing_fold_p2,tigpr:Void:121,Void,Void,1
tigpr,existing_fold_p2,tigpr:Void:126,Void,Crack,0
tigpr,existing_fold_p2,tigpr:Void:131,Void,Void,1
tigpr,existing_fold_p2,tigpr:Void:136,Void,Crack,0
tigpr,existing_fold_p2,tigpr:Void:141,Void,Crack,0
tigpr,existing_fold_p2,tigpr:Void:146,Void,Loose,0
tigpr,existing_fold_p2,tigpr:Void:151,Void,Interlayer_bonding_deficiency,0
tigpr,existing_fold_p2,tigpr:Void:156,Void,Void,1
tigpr,existing_fold_p2,tigpr:Void:161,Void,Crack,0
tigpr,existing_fold_p2,tigpr:Void:166,Void,Void,1
tigpr,existing_fold_p2,tigpr:Void:171,Void,Void,1
tigpr,existing_fold_p2,tigpr:Void:176,Void,Crack,0
tigpr,existing_fold_p2,tigpr:Void:181,Void,No_damage,0
tigpr,existing_fold_p2,tigpr:Void:186,Void,Loose,0
tigpr,existing_fold_p2,tigpr:Void:191,Void,Void,1
tigpr,existing_fold_p2,tigpr:Void:196,Void,Void,1
tigpr,existing_fold_p2,tigpr:Void:201,Void,Void,1
tigpr,existing_fold_p2,tigpr:Void:206,Void,Void,1
tigpr,existing_fold_p2,tigpr:Void:211,Void,Loose,0
tigpr,existing_fold_p2,tigpr:Void:216,Void,Loose,0
tigpr,existing_fold_p2,tigpr:Void:221,Void,Loose,0
tigpr,existing_fold_p2,tigpr:Void:226,Void,Loose,0
tigpr,existing_fold_p2,tigpr:Void:231,Void,Loose,0
tigpr,existing_fold_p2,tigpr:Void:236,Void,Loose,0
tigpr,existing_fold_p2,tigpr:Void:241,Void,Loose,0
tigpr,existing_fold_p2,tigpr:Void:246,Void,No_damage,0
tigpr,existing_fold_p2,tigpr:Void:251,Void,Crack,0
tigpr,existing_fold_p2,tigpr:Void:256,Void,Void,1
tigpr,existing_fold_p2,tigpr:Void:261,Void,Crack,0
tigpr,existing_fold_p2,tigpr:Void:266,Void,Crack,0
tigpr,existing_fold_p2,tigpr:Void:271,Void,Crack,0
tigpr,existing_fold_p2,tigpr:Void:276,Void,Interlayer_bonding_deficiency,0
tigpr,existing_fold_p2,tigpr:Void:281,Void,Void,1
tigpr,existing_fold_p2,tigpr:Void:286,Void,Crack,0
tigpr,existing_fold_p2,tigpr:Void:291,Void,Void,1
tigpr,existing_fold_p2,tigpr:Void:296,Void,Interlayer_bonding_deficiency,0
tigpr,existing_fold_p2,tigpr:Void:301,Void,Crack,0
tigpr,source_group_holdout_70_15_15,tigpr:Crack:9,Crack,Crack,1
tigpr,source_group_holdout_70_15_15,tigpr:Crack:10,Crack,Crack,1
tigpr,source_group_holdout_70_15_15,tigpr:Crack:11,Crack,Crack,1
tigpr,source_group_holdout_70_15_15,tigpr:Crack:19,Crack,Void,0
tigpr,source_group_holdout_70_15_15,tigpr:Crack:35,Crack,Void,0
tigpr,source_group_holdout_70_15_15,tigpr:Crack:44,Crack,Void,0
tigpr,source_group_holdout_70_15_15,tigpr:Crack:49,Crack,Crack,1
tigpr,source_group_holdout_70_15_15,tigpr:Crack:63,Crack,Crack,1
tigpr,source_group_holdout_70_15_15,tigpr:Crack:71,Crack,Crack,1
tigpr,source_group_holdout_70_15_15,tigpr:Crack:72,Crack,Crack,1
tigpr,source_group_holdout_70_15_15,tigpr:Crack:76,Crack,Void,0
tigpr,source_group_holdout_70_15_15,tigpr:Crack:85,Crack,Crack,1
tigpr,source_group_holdout_70_15_15,tigpr:Crack:88,Crack,Interlayer_bonding_deficiency,0
tigpr,source_group_holdout_70_15_15,tigpr:Crack:89,Crack,Crack,1
tigpr,source_group_holdout_70_15_15,tigpr:Crack:91,Crack,Crack,1
tigpr,source_group_holdout_70_15_15,tigpr:Crack:92,Crack,Crack,1
tigpr,source_group_holdout_70_15_15,tigpr:Crack:95,Crack,Crack,1
tigpr,source_group_holdout_70_15_15,tigpr:Crack:100,Crack,Crack,1
tigpr,source_group_holdout_70_15_15,tigpr:Crack:101,Crack,Crack,1
tigpr,source_group_holdout_70_15_15,tigpr:Crack:107,Crack,Crack,1
tigpr,source_group_holdout_70_15_15,tigpr:Crack:115,Crack,Crack,1
tigpr,source_group_holdout_70_15_15,tigpr:Crack:116,Crack,Crack,1
tigpr,source_group_holdout_70_15_15,tigpr:Crack:119,Crack,Void,0
tigpr,source_group_holdout_70_15_15,tigpr:Crack:120,Crack,Void,0
tigpr,source_group_holdout_70_15_15,tigpr:Crack:122,Crack,Crack,1
tigpr,source_group_holdout_70_15_15,tigpr:Crack:134,Crack,Crack,1
tigpr,source_group_holdout_70_15_15,tigpr:Crack:135,Crack,Void,0
tigpr,source_group_holdout_70_15_15,tigpr:Crack:147,Crack,Interlayer_bonding_deficiency,0
tigpr,source_group_holdout_70_15_15,tigpr:Crack:149,Crack,Void,0
tigpr,source_group_holdout_70_15_15,tigpr:Crack:159,Crack,Void,0
tigpr,source_group_holdout_70_15_15,tigpr:Crack:192,Crack,Crack,1
tigpr,source_group_holdout_70_15_15,tigpr:Crack:197,Crack,Void,0
tigpr,source_group_holdout_70_15_15,tigpr:Crack:207,Crack,Interlayer_bonding_deficiency,0
tigpr,source_group_holdout_70_15_15,tigpr:Crack:208,Crack,Crack,1
tigpr,source_group_holdout_70_15_15,tigpr:Crack:211,Crack,Crack,1
tigpr,source_group_holdout_70_15_15,tigpr:Crack:212,Crack,Crack,1
tigpr,source_group_holdout_70_15_15,tigpr:Crack:224,Crack,Crack,1
tigpr,source_group_holdout_70_15_15,tigpr:Crack:228,Crack,Crack,1
tigpr,source_group_holdout_70_15_15,tigpr:Crack:229,Crack,Crack,1
tigpr,source_group_holdout_70_15_15,tigpr:Crack:239,Crack,Void,0
tigpr,source_group_holdout_70_15_15,tigpr:Crack:245,Crack,Crack,1
tigpr,source_group_holdout_70_15_15,tigpr:Crack:246,Crack,Crack,1
tigpr,source_group_holdout_70_15_15,tigpr:Crack:249,Crack,Crack,1
tigpr,source_group_holdout_70_15_15,tigpr:Crack:254,Crack,Crack,1
tigpr,source_group_holdout_70_15_15,tigpr:Crack:255,Crack,Crack,1
tigpr,source_group_holdout_70_15_15,tigpr:Crack:265,Crack,Crack,1
tigpr,source_group_holdout_70_15_15,tigpr:Crack:277,Crack,Crack,1
tigpr,source_group_holdout_70_15_15,tigpr:Crack:278,Crack,Crack,1
tigpr,source_group_holdout_70_15_15,tigpr:Crack:279,Crack,Crack,1
tigpr,source_group_holdout_70_15_15,tigpr:Crack:282,Crack,Interlayer_bonding_deficiency,0
tigpr,source_group_holdout_70_15_15,tigpr:Crack:283,Crack,Interlayer_bonding_deficiency,0
tigpr,source_group_holdout_70_15_15,tigpr:Crack:289,Crack,Void,0
tigpr,source_group_holdout_70_15_15,tigpr:Crack:290,Crack,Void,0
tigpr,source_group_holdout_70_15_15,tigpr:Crack:292,Crack,Crack,1
tigpr,source_group_holdout_70_15_15,tigpr:Crack:293,Crack,Crack,1
tigpr,source_group_holdout_70_15_15,tigpr:Crack:299,Crack,Interlayer_bonding_deficiency,0
tigpr,source_group_holdout_70_15_15,tigpr:Crack:311,Crack,Crack,1
tigpr,source_group_holdout_70_15_15,tigpr:Crack:314,Crack,Crack,1
tigpr,source_group_holdout_70_15_15,tigpr:Crack:318,Crack,Interlayer_bonding_deficiency,0
tigpr,source_group_holdout_70_15_15,tigpr:Crack:326,Crack,Crack,1
tigpr,source_group_holdout_70_15_15,tigpr:Crack:349,Crack,Interlayer_bonding_deficiency,0
tigpr,source_group_holdout_70_15_15,tigpr:Crack:350,Crack,Crack,1
tigpr,source_group_holdout_70_15_15,tigpr:Crack:362,Crack,Crack,1
tigpr,source_group_holdout_70_15_15,tigpr:Crack:363,Crack,Crack,1
tigpr,source_group_holdout_70_15_15,tigpr:Crack:380,Crack,Crack,1
tigpr,source_group_holdout_70_15_15,tigpr:Crack:389,Crack,Void,0
tigpr,source_group_holdout_70_15_15,tigpr:Crack:390,Crack,Void,0
tigpr,source_group_holdout_70_15_15,tigpr:Crack:402,Crack,Crack,1
tigpr,source_group_holdout_70_15_15,tigpr:Crack:403,Crack,Crack,1
tigpr,source_group_holdout_70_15_15,tigpr:Crack:405,Crack,Crack,1
tigpr,source_group_holdout_70_15_15,tigpr:Crack:410,Crack,Crack,1
tigpr,source_group_holdout_70_15_15,tigpr:Crack:444,Crack,Interlayer_bonding_deficiency,0
tigpr,source_group_holdout_70_15_15,tigpr:Crack:458,Crack,Void,0
tigpr,source_group_holdout_70_15_15,tigpr:Crack:477,Crack,Crack,1
tigpr,source_group_holdout_70_15_15,tigpr:Crack:478,Crack,Crack,1
tigpr,source_group_holdout_70_15_15,tigpr:Crack:512,Crack,Void,0
tigpr,source_group_holdout_70_15_15,tigpr:Crack:513,Crack,Void,0
tigpr,source_group_holdout_70_15_15,tigpr:Crack:524,Crack,Interlayer_bonding_deficiency,0
tigpr,source_group_holdout_70_15_15,tigpr:Crack:546,Crack,Crack,1
tigpr,source_group_holdout_70_15_15,tigpr:Crack:547,Crack,Crack,1
tigpr,source_group_holdout_70_15_15,tigpr:Crack:581,Crack,Void,0
tigpr,source_group_holdout_70_15_15,tigpr:Crack:588,Crack,Crack,1
tigpr,source_group_holdout_70_15_15,tigpr:Crack:589,Crack,Crack,1
tigpr,source_group_holdout_70_15_15,tigpr:Crack:609,Crack,Crack,1
tigpr,source_group_holdout_70_15_15,tigpr:Crack:610,Crack,Crack,1
tigpr,source_group_holdout_70_15_15,tigpr:Crack:611,Crack,Crack,1
tigpr,source_group_holdout_70_15_15,tigpr:Crack:621,Crack,Crack,1
tigpr,source_group_holdout_70_15_15,tigpr:Crack:626,Crack,Crack,1
tigpr,source_group_holdout_70_15_15,tigpr:Crack:634,Crack,Crack,1
tigpr,source_group_holdout_70_15_15,tigpr:Crack:635,Crack,Crack,1
tigpr,source_group_holdout_70_15_15,tigpr:Crack:636,Crack,Crack,1
tigpr,source_group_holdout_70_15_15,tigpr:Crack:640,Crack,Void,0
tigpr,source_group_holdout_70_15_15,tigpr:Crack:652,Crack,Void,0
tigpr,source_group_holdout_70_15_15,tigpr:Crack:672,Crack,Interlayer_bonding_deficiency,0
tigpr,source_group_holdout_70_15_15,tigpr:Crack:673,Crack,Crack,1
tigpr,source_group_holdout_70_15_15,tigpr:Crack:689,Crack,Crack,1
tigpr,source_group_holdout_70_15_15,tigpr:Crack:691,Crack,Crack,1
tigpr,source_group_holdout_70_15_15,tigpr:Crack:700,Crack,Crack,1
tigpr,source_group_holdout_70_15_15,tigpr:Crack:704,Crack,Crack,1
tigpr,source_group_holdout_70_15_15,tigpr:Crack:712,Crack,Crack,1
tigpr,source_group_holdout_70_15_15,tigpr:Crack:713,Crack,Crack,1
tigpr,source_group_holdout_70_15_15,tigpr:Crack:721,Crack,Crack,1
tigpr,source_group_holdout_70_15_15,tigpr:Crack:722,Crack,Crack,1
tigpr,source_group_holdout_70_15_15,tigpr:Crack:724,Crack,Crack,1
tigpr,source_group_holdout_70_15_15,tigpr:Crack:731,Crack,Crack,1
tigpr,source_group_holdout_70_15_15,tigpr:Crack:732,Crack,Crack,1
tigpr,source_group_holdout_70_15_15,tigpr:Crack:735,Crack,Crack,1
tigpr,source_group_holdout_70_15_15,tigpr:Crack:738,Crack,Crack,1
tigpr,source_group_holdout_70_15_15,tigpr:Crack:741,Crack,Crack,1
tigpr,source_group_holdout_70_15_15,tigpr:Crack:743,Crack,Void,0
tigpr,source_group_holdout_70_15_15,tigpr:Crack:750,Crack,Crack,1
tigpr,source_group_holdout_70_15_15,tigpr:Crack:752,Crack,Crack,1
tigpr,source_group_holdout_70_15_15,tigpr:Crack:757,Crack,Crack,1
tigpr,source_group_holdout_70_15_15,tigpr:Crack:778,Crack,Crack,1
tigpr,source_group_holdout_70_15_15,tigpr:Crack:781,Crack,Crack,1
tigpr,source_group_holdout_70_15_15,tigpr:Crack:798,Crack,Void,0
tigpr,source_group_holdout_70_15_15,tigpr:Crack:811,Crack,Crack,1
tigpr,source_group_holdout_70_15_15,tigpr:Crack:819,Crack,Crack,1
tigpr,source_group_holdout_70_15_15,tigpr:Crack:827,Crack,Crack,1
tigpr,source_group_holdout_70_15_15,tigpr:Crack:840,Crack,Crack,1
tigpr,source_group_holdout_70_15_15,tigpr:Crack:851,Crack,Crack,1
tigpr,source_group_holdout_70_15_15,tigpr:Crack:855,Crack,Crack,1
tigpr,source_group_holdout_70_15_15,tigpr:Crack:858,Crack,Crack,1
tigpr,source_group_holdout_70_15_15,tigpr:Crack:872,Crack,Crack,1
tigpr,source_group_holdout_70_15_15,tigpr:Crack:874,Crack,Crack,1
tigpr,source_group_holdout_70_15_15,tigpr:Crack:876,Crack,Crack,1
tigpr,source_group_holdout_70_15_15,tigpr:Crack:884,Crack,Crack,1
tigpr,source_group_holdout_70_15_15,tigpr:Crack:890,Crack,Crack,1
tigpr,source_group_holdout_70_15_15,tigpr:Crack:892,Crack,Crack,1
tigpr,source_group_holdout_70_15_15,tigpr:Crack:894,Crack,Void,0
tigpr,source_group_holdout_70_15_15,tigpr:Crack:898,Crack,Crack,1
tigpr,source_group_holdout_70_15_15,tigpr:Crack:899,Crack,Void,0
tigpr,source_group_holdout_70_15_15,tigpr:Crack:901,Crack,Crack,1
tigpr,source_group_holdout_70_15_15,tigpr:Crack:906,Crack,Crack,1
tigpr,source_group_holdout_70_15_15,tigpr:Crack:912,Crack,Crack,1
tigpr,source_group_holdout_70_15_15,tigpr:Crack:917,Crack,Crack,1
tigpr,source_group_holdout_70_15_15,tigpr:Crack:920,Crack,Crack,1
tigpr,source_group_holdout_70_15_15,tigpr:Crack:923,Crack,Crack,1
tigpr,source_group_holdout_70_15_15,tigpr:Crack:932,Crack,Interlayer_bonding_deficiency,0
tigpr,source_group_holdout_70_15_15,tigpr:Crack:939,Crack,Crack,1
tigpr,source_group_holdout_70_15_15,tigpr:Crack:945,Crack,Crack,1
tigpr,source_group_holdout_70_15_15,tigpr:Crack:955,Crack,Crack,1
tigpr,source_group_holdout_70_15_15,tigpr:Crack:956,Crack,Crack,1
tigpr,source_group_holdout_70_15_15,tigpr:Crack:961,Crack,Crack,1
tigpr,source_group_holdout_70_15_15,tigpr:Crack:962,Crack,Crack,1
tigpr,source_group_holdout_70_15_15,tigpr:Crack:972,Crack,Crack,1
tigpr,source_group_holdout_70_15_15,tigpr:Crack:979,Crack,Crack,1
tigpr,source_group_holdout_70_15_15,tigpr:Crack:981,Crack,Crack,1
tigpr,source_group_holdout_70_15_15,tigpr:Crack:994,Crack,Crack,1
tigpr,source_group_holdout_70_15_15,tigpr:Crack:1028,Crack,Void,0
tigpr,source_group_holdout_70_15_15,tigpr:Crack:1030,Crack,Crack,1
tigpr,source_group_holdout_70_15_15,tigpr:Crack:1037,Crack,Crack,1
tigpr,source_group_holdout_70_15_15,tigpr:Crack:1049,Crack,Crack,1
tigpr,source_group_holdout_70_15_15,tigpr:Crack:1051,Crack,Crack,1
tigpr,source_group_holdout_70_15_15,tigpr:Crack:1056,Crack,Crack,1
tigpr,source_group_holdout_70_15_15,tigpr:Crack:1064,Crack,Void,0
tigpr,source_group_holdout_70_15_15,tigpr:Crack:1067,Crack,Crack,1
tigpr,source_group_holdout_70_15_15,tigpr:Crack:1071,Crack,Crack,1
tigpr,source_group_holdout_70_15_15,tigpr:Crack:1085,Crack,Void,0
tigpr,source_group_holdout_70_15_15,tigpr:Crack:1086,Crack,Crack,1
tigpr,source_group_holdout_70_15_15,tigpr:Crack:1088,Crack,Crack,1
tigpr,source_group_holdout_70_15_15,tigpr:Crack:1093,Crack,Interlayer_bonding_deficiency,0
tigpr,source_group_holdout_70_15_15,tigpr:Crack:1099,Crack,Void,0
tigpr,source_group_holdout_70_15_15,tigpr:Crack:1101,Crack,Crack,1
tigpr,source_group_holdout_70_15_15,tigpr:Crack:1103,Crack,Crack,1
tigpr,source_group_holdout_70_15_15,tigpr:Crack:1105,Crack,Crack,1
tigpr,source_group_holdout_70_15_15,tigpr:Crack:1116,Crack,Crack,1
tigpr,source_group_holdout_70_15_15,tigpr:Crack:1119,Crack,Crack,1
tigpr,source_group_holdout_70_15_15,tigpr:Crack:1124,Crack,Void,0
tigpr,source_group_holdout_70_15_15,tigpr:Crack:1128,Crack,Crack,1
tigpr,source_group_holdout_70_15_15,tigpr:Crack:1132,Crack,Crack,1
tigpr,source_group_holdout_70_15_15,tigpr:Crack:1135,Crack,Crack,1
tigpr,source_group_holdout_70_15_15,tigpr:Crack:1163,Crack,Crack,1
tigpr,source_group_holdout_70_15_15,tigpr:Crack:1168,Crack,Crack,1
tigpr,source_group_holdout_70_15_15,tigpr:Crack:1173,Crack,Crack,1
tigpr,source_group_holdout_70_15_15,tigpr:Crack:1176,Crack,Crack,1
tigpr,source_group_holdout_70_15_15,tigpr:Crack:1192,Crack,Crack,1
tigpr,source_group_holdout_70_15_15,tigpr:Crack:1200,Crack,Void,0
tigpr,source_group_holdout_70_15_15,tigpr:Crack:1201,Crack,Void,0
tigpr,source_group_holdout_70_15_15,tigpr:Crack:1209,Crack,Crack,1
tigpr,source_group_holdout_70_15_15,tigpr:Crack:1210,Crack,Crack,1
tigpr,source_group_holdout_70_15_15,tigpr:Crack:1217,Crack,Crack,1
tigpr,source_group_holdout_70_15_15,tigpr:Crack:1218,Crack,Crack,1
tigpr,source_group_holdout_70_15_15,tigpr:Crack:1223,Crack,Crack,1
tigpr,source_group_holdout_70_15_15,tigpr:Interlayer_bonding_deficiency:11,Interlayer_bonding_deficiency,Interlayer_bonding_deficiency,1
tigpr,source_group_holdout_70_15_15,tigpr:Interlayer_bonding_deficiency:14,Interlayer_bonding_deficiency,Interlayer_bonding_deficiency,1
tigpr,source_group_holdout_70_15_15,tigpr:Interlayer_bonding_deficiency:17,Interlayer_bonding_deficiency,Interlayer_bonding_deficiency,1
tigpr,source_group_holdout_70_15_15,tigpr:Interlayer_bonding_deficiency:18,Interlayer_bonding_deficiency,Interlayer_bonding_deficiency,1
tigpr,source_group_holdout_70_15_15,tigpr:Interlayer_bonding_deficiency:24,Interlayer_bonding_deficiency,Interlayer_bonding_deficiency,1
tigpr,source_group_holdout_70_15_15,tigpr:Interlayer_bonding_deficiency:35,Interlayer_bonding_deficiency,Loose,0
tigpr,source_group_holdout_70_15_15,tigpr:Interlayer_bonding_deficiency:39,Interlayer_bonding_deficiency,Interlayer_bonding_deficiency,1
tigpr,source_group_holdout_70_15_15,tigpr:Interlayer_bonding_deficiency:44,Interlayer_bonding_deficiency,Interlayer_bonding_deficiency,1
tigpr,source_group_holdout_70_15_15,tigpr:Interlayer_bonding_deficiency:53,Interlayer_bonding_deficiency,Interlayer_bonding_deficiency,1
tigpr,source_group_holdout_70_15_15,tigpr:Interlayer_bonding_deficiency:63,Interlayer_bonding_deficiency,Loose,0
tigpr,source_group_holdout_70_15_15,tigpr:Interlayer_bonding_deficiency:69,Interlayer_bonding_deficiency,Interlayer_bonding_deficiency,1
tigpr,source_group_holdout_70_15_15,tigpr:Interlayer_bonding_deficiency:81,Interlayer_bonding_deficiency,Interlayer_bonding_deficiency,1
tigpr,source_group_holdout_70_15_15,tigpr:Interlayer_bonding_deficiency:91,Interlayer_bonding_deficiency,Loose,0
tigpr,source_group_holdout_70_15_15,tigpr:Interlayer_bonding_deficiency:93,Interlayer_bonding_deficiency,Interlayer_bonding_deficiency,1
tigpr,source_group_holdout_70_15_15,tigpr:Interlayer_bonding_deficiency:95,Interlayer_bonding_deficiency,Interlayer_bonding_deficiency,1
tigpr,source_group_holdout_70_15_15,tigpr:Interlayer_bonding_deficiency:102,Interlayer_bonding_deficiency,Interlayer_bonding_deficiency,1
tigpr,source_group_holdout_70_15_15,tigpr:Interlayer_bonding_deficiency:109,Interlayer_bonding_deficiency,Loose,0
tigpr,source_group_holdout_70_15_15,tigpr:Interlayer_bonding_deficiency:113,Interlayer_bonding_deficiency,Void,0
tigpr,source_group_holdout_70_15_15,tigpr:Interlayer_bonding_deficiency:117,Interlayer_bonding_deficiency,Interlayer_bonding_deficiency,1
tigpr,source_group_holdout_70_15_15,tigpr:Interlayer_bonding_deficiency:122,Interlayer_bonding_deficiency,Interlayer_bonding_deficiency,1
tigpr,source_group_holdout_70_15_15,tigpr:Interlayer_bonding_deficiency:126,Interlayer_bonding_deficiency,Interlayer_bonding_deficiency,1
tigpr,source_group_holdout_70_15_15,tigpr:Interlayer_bonding_deficiency:145,Interlayer_bonding_deficiency,Interlayer_bonding_deficiency,1
tigpr,source_group_holdout_70_15_15,tigpr:Interlayer_bonding_deficiency:148,Interlayer_bonding_deficiency,Loose,0
tigpr,source_group_holdout_70_15_15,tigpr:Interlayer_bonding_deficiency:154,Interlayer_bonding_deficiency,Interlayer_bonding_deficiency,1
tigpr,source_group_holdout_70_15_15,tigpr:Interlayer_bonding_deficiency:165,Interlayer_bonding_deficiency,Interlayer_bonding_deficiency,1
tigpr,source_group_holdout_70_15_15,tigpr:Interlayer_bonding_deficiency:166,Interlayer_bonding_deficiency,Interlayer_bonding_deficiency,1
tigpr,source_group_holdout_70_15_15,tigpr:Interlayer_bonding_deficiency:172,Interlayer_bonding_deficiency,Interlayer_bonding_deficiency,1
tigpr,source_group_holdout_70_15_15,tigpr:Interlayer_bonding_deficiency:179,Interlayer_bonding_deficiency,Interlayer_bonding_deficiency,1
tigpr,source_group_holdout_70_15_15,tigpr:Interlayer_bonding_deficiency:201,Interlayer_bonding_deficiency,Interlayer_bonding_deficiency,1
tigpr,source_group_holdout_70_15_15,tigpr:Interlayer_bonding_deficiency:202,Interlayer_bonding_deficiency,Interlayer_bonding_deficiency,1
tigpr,source_group_holdout_70_15_15,tigpr:Interlayer_bonding_deficiency:204,Interlayer_bonding_deficiency,Interlayer_bonding_deficiency,1
tigpr,source_group_holdout_70_15_15,tigpr:Interlayer_bonding_deficiency:205,Interlayer_bonding_deficiency,Interlayer_bonding_deficiency,1
tigpr,source_group_holdout_70_15_15,tigpr:Interlayer_bonding_deficiency:206,Interlayer_bonding_deficiency,Interlayer_bonding_deficiency,1
tigpr,source_group_holdout_70_15_15,tigpr:Interlayer_bonding_deficiency:218,Interlayer_bonding_deficiency,Interlayer_bonding_deficiency,1
tigpr,source_group_holdout_70_15_15,tigpr:Interlayer_bonding_deficiency:265,Interlayer_bonding_deficiency,Loose,0
tigpr,source_group_holdout_70_15_15,tigpr:Interlayer_bonding_deficiency:272,Interlayer_bonding_deficiency,Interlayer_bonding_deficiency,1
tigpr,source_group_holdout_70_15_15,tigpr:Interlayer_bonding_deficiency:284,Interlayer_bonding_deficiency,Interlayer_bonding_deficiency,1
tigpr,source_group_holdout_70_15_15,tigpr:Interlayer_bonding_deficiency:303,Interlayer_bonding_deficiency,Interlayer_bonding_deficiency,1
tigpr,source_group_holdout_70_15_15,tigpr:Interlayer_bonding_deficiency:314,Interlayer_bonding_deficiency,Interlayer_bonding_deficiency,1
tigpr,source_group_holdout_70_15_15,tigpr:Interlayer_bonding_deficiency:327,Interlayer_bonding_deficiency,Loose,0
tigpr,source_group_holdout_70_15_15,tigpr:Interlayer_bonding_deficiency:330,Interlayer_bonding_deficiency,Loose,0
tigpr,source_group_holdout_70_15_15,tigpr:Interlayer_bonding_deficiency:332,Interlayer_bonding_deficiency,Interlayer_bonding_deficiency,1
tigpr,source_group_holdout_70_15_15,tigpr:Interlayer_bonding_deficiency:339,Interlayer_bonding_deficiency,Interlayer_bonding_deficiency,1
tigpr,source_group_holdout_70_15_15,tigpr:Interlayer_bonding_deficiency:342,Interlayer_bonding_deficiency,Interlayer_bonding_deficiency,1
tigpr,source_group_holdout_70_15_15,tigpr:Interlayer_bonding_deficiency:343,Interlayer_bonding_deficiency,Interlayer_bonding_deficiency,1
tigpr,source_group_holdout_70_15_15,tigpr:Interlayer_bonding_deficiency:356,Interlayer_bonding_deficiency,Interlayer_bonding_deficiency,1
tigpr,source_group_holdout_70_15_15,tigpr:Interlayer_bonding_deficiency:359,Interlayer_bonding_deficiency,Interlayer_bonding_deficiency,1
tigpr,source_group_holdout_70_15_15,tigpr:Interlayer_bonding_deficiency:371,Interlayer_bonding_deficiency,Interlayer_bonding_deficiency,1
tigpr,source_group_holdout_70_15_15,tigpr:Interlayer_bonding_deficiency:391,Interlayer_bonding_deficiency,Interlayer_bonding_deficiency,1
tigpr,source_group_holdout_70_15_15,tigpr:Interlayer_bonding_deficiency:392,Interlayer_bonding_deficiency,Interlayer_bonding_deficiency,1
tigpr,source_group_holdout_70_15_15,tigpr:Interlayer_bonding_deficiency:394,Interlayer_bonding_deficiency,Interlayer_bonding_deficiency,1
tigpr,source_group_holdout_70_15_15,tigpr:Interlayer_bonding_deficiency:408,Interlayer_bonding_deficiency,Interlayer_bonding_deficiency,1
tigpr,source_group_holdout_70_15_15,tigpr:Interlayer_bonding_deficiency:422,Interlayer_bonding_deficiency,Interlayer_bonding_deficiency,1
tigpr,source_group_holdout_70_15_15,tigpr:Interlayer_bonding_deficiency:433,Interlayer_bonding_deficiency,Loose,0
tigpr,source_group_holdout_70_15_15,tigpr:Interlayer_bonding_deficiency:440,Interlayer_bonding_deficiency,Loose,0
tigpr,source_group_holdout_70_15_15,tigpr:Interlayer_bonding_deficiency:446,Interlayer_bonding_deficiency,Loose,0
tigpr,source_group_holdout_70_15_15,tigpr:Interlayer_bonding_deficiency:461,Interlayer_bonding_deficiency,Interlayer_bonding_deficiency,1
tigpr,source_group_holdout_70_15_15,tigpr:Interlayer_bonding_deficiency:480,Interlayer_bonding_deficiency,Interlayer_bonding_deficiency,1
tigpr,source_group_holdout_70_15_15,tigpr:Interlayer_bonding_deficiency:486,Interlayer_bonding_deficiency,Interlayer_bonding_deficiency,1
tigpr,source_group_holdout_70_15_15,tigpr:Interlayer_bonding_deficiency:493,Interlayer_bonding_deficiency,Interlayer_bonding_deficiency,1
tigpr,source_group_holdout_70_15_15,tigpr:Interlayer_bonding_deficiency:496,Interlayer_bonding_deficiency,Interlayer_bonding_deficiency,1
tigpr,source_group_holdout_70_15_15,tigpr:Interlayer_bonding_deficiency:497,Interlayer_bonding_deficiency,Interlayer_bonding_deficiency,1
tigpr,source_group_holdout_70_15_15,tigpr:Interlayer_bonding_deficiency:499,Interlayer_bonding_deficiency,Interlayer_bonding_deficiency,1
tigpr,source_group_holdout_70_15_15,tigpr:Interlayer_bonding_deficiency:500,Interlayer_bonding_deficiency,Interlayer_bonding_deficiency,1
tigpr,source_group_holdout_70_15_15,tigpr:Interlayer_bonding_deficiency:501,Interlayer_bonding_deficiency,Interlayer_bonding_deficiency,1
tigpr,source_group_holdout_70_15_15,tigpr:Interlayer_bonding_deficiency:503,Interlayer_bonding_deficiency,Interlayer_bonding_deficiency,1
tigpr,source_group_holdout_70_15_15,tigpr:Interlayer_bonding_deficiency:508,Interlayer_bonding_deficiency,Interlayer_bonding_deficiency,1
tigpr,source_group_holdout_70_15_15,tigpr:Interlayer_bonding_deficiency:510,Interlayer_bonding_deficiency,Interlayer_bonding_deficiency,1
tigpr,source_group_holdout_70_15_15,tigpr:Interlayer_bonding_deficiency:521,Interlayer_bonding_deficiency,Interlayer_bonding_deficiency,1
tigpr,source_group_holdout_70_15_15,tigpr:Interlayer_bonding_deficiency:526,Interlayer_bonding_deficiency,Interlayer_bonding_deficiency,1
tigpr,source_group_holdout_70_15_15,tigpr:Interlayer_bonding_deficiency:531,Interlayer_bonding_deficiency,Interlayer_bonding_deficiency,1
tigpr,source_group_holdout_70_15_15,tigpr:Interlayer_bonding_deficiency:539,Interlayer_bonding_deficiency,Interlayer_bonding_deficiency,1
tigpr,source_group_holdout_70_15_15,tigpr:Interlayer_bonding_deficiency:555,Interlayer_bonding_deficiency,Interlayer_bonding_deficiency,1
tigpr,source_group_holdout_70_15_15,tigpr:Interlayer_bonding_deficiency:560,Interlayer_bonding_deficiency,Interlayer_bonding_deficiency,1
tigpr,source_group_holdout_70_15_15,tigpr:Interlayer_bonding_deficiency:568,Interlayer_bonding_deficiency,No_damage,0
tigpr,source_group_holdout_70_15_15,tigpr:Interlayer_bonding_deficiency:575,Interlayer_bonding_deficiency,Interlayer_bonding_deficiency,1
tigpr,source_group_holdout_70_15_15,tigpr:Interlayer_bonding_deficiency:576,Interlayer_bonding_deficiency,Interlayer_bonding_deficiency,1
tigpr,source_group_holdout_70_15_15,tigpr:Interlayer_bonding_deficiency:578,Interlayer_bonding_deficiency,Interlayer_bonding_deficiency,1
tigpr,source_group_holdout_70_15_15,tigpr:Interlayer_bonding_deficiency:585,Interlayer_bonding_deficiency,Loose,0
tigpr,source_group_holdout_70_15_15,tigpr:Interlayer_bonding_deficiency:586,Interlayer_bonding_deficiency,Interlayer_bonding_deficiency,1
tigpr,source_group_holdout_70_15_15,tigpr:Interlayer_bonding_deficiency:592,Interlayer_bonding_deficiency,Interlayer_bonding_deficiency,1
tigpr,source_group_holdout_70_15_15,tigpr:Interlayer_bonding_deficiency:598,Interlayer_bonding_deficiency,Interlayer_bonding_deficiency,1
tigpr,source_group_holdout_70_15_15,tigpr:Interlayer_bonding_deficiency:600,Interlayer_bonding_deficiency,Interlayer_bonding_deficiency,1
tigpr,source_group_holdout_70_15_15,tigpr:Interlayer_bonding_deficiency:613,Interlayer_bonding_deficiency,Interlayer_bonding_deficiency,1
tigpr,source_group_holdout_70_15_15,tigpr:Interlayer_bonding_deficiency:637,Interlayer_bonding_deficiency,Loose,0
tigpr,source_group_holdout_70_15_15,tigpr:Interlayer_bonding_deficiency:643,Interlayer_bonding_deficiency,Loose,0
tigpr,source_group_holdout_70_15_15,tigpr:Interlayer_bonding_deficiency:650,Interlayer_bonding_deficiency,Loose,0
tigpr,source_group_holdout_70_15_15,tigpr:Interlayer_bonding_deficiency:651,Interlayer_bonding_deficiency,Interlayer_bonding_deficiency,1
tigpr,source_group_holdout_70_15_15,tigpr:Interlayer_bonding_deficiency:660,Interlayer_bonding_deficiency,Interlayer_bonding_deficiency,1
tigpr,source_group_holdout_70_15_15,tigpr:Interlayer_bonding_deficiency:675,Interlayer_bonding_deficiency,Interlayer_bonding_deficiency,1
tigpr,source_group_holdout_70_15_15,tigpr:Interlayer_bonding_deficiency:680,Interlayer_bonding_deficiency,Loose,0
tigpr,source_group_holdout_70_15_15,tigpr:Interlayer_bonding_deficiency:684,Interlayer_bonding_deficiency,Interlayer_bonding_deficiency,1
tigpr,source_group_holdout_70_15_15,tigpr:Interlayer_bonding_deficiency:689,Interlayer_bonding_deficiency,Interlayer_bonding_deficiency,1
tigpr,source_group_holdout_70_15_15,tigpr:Interlayer_bonding_deficiency:692,Interlayer_bonding_deficiency,Interlayer_bonding_deficiency,1
tigpr,source_group_holdout_70_15_15,tigpr:Interlayer_bonding_deficiency:696,Interlayer_bonding_deficiency,Interlayer_bonding_deficiency,1
tigpr,source_group_holdout_70_15_15,tigpr:Interlayer_bonding_deficiency:706,Interlayer_bonding_deficiency,Interlayer_bonding_deficiency,1
tigpr,source_group_holdout_70_15_15,tigpr:Interlayer_bonding_deficiency:716,Interlayer_bonding_deficiency,Interlayer_bonding_deficiency,1
tigpr,source_group_holdout_70_15_15,tigpr:Interlayer_bonding_deficiency:732,Interlayer_bonding_deficiency,Interlayer_bonding_deficiency,1
tigpr,source_group_holdout_70_15_15,tigpr:Interlayer_bonding_deficiency:751,Interlayer_bonding_deficiency,Loose,0
tigpr,source_group_holdout_70_15_15,tigpr:Interlayer_bonding_deficiency:781,Interlayer_bonding_deficiency,Loose,0
tigpr,source_group_holdout_70_15_15,tigpr:Interlayer_bonding_deficiency:783,Interlayer_bonding_deficiency,Loose,0
tigpr,source_group_holdout_70_15_15,tigpr:Interlayer_bonding_deficiency:786,Interlayer_bonding_deficiency,Interlayer_bonding_deficiency,1
tigpr,source_group_holdout_70_15_15,tigpr:Interlayer_bonding_deficiency:792,Interlayer_bonding_deficiency,Interlayer_bonding_deficiency,1
tigpr,source_group_holdout_70_15_15,tigpr:Interlayer_bonding_deficiency:797,Interlayer_bonding_deficiency,Interlayer_bonding_deficiency,1
tigpr,source_group_holdout_70_15_15,tigpr:Interlayer_bonding_deficiency:804,Interlayer_bonding_deficiency,Loose,0
tigpr,source_group_holdout_70_15_15,tigpr:Interlayer_bonding_deficiency:806,Interlayer_bonding_deficiency,Interlayer_bonding_deficiency,1
tigpr,source_group_holdout_70_15_15,tigpr:Interlayer_bonding_deficiency:812,Interlayer_bonding_deficiency,Interlayer_bonding_deficiency,1
tigpr,source_group_holdout_70_15_15,tigpr:Interlayer_bonding_deficiency:827,Interlayer_bonding_deficiency,Interlayer_bonding_deficiency,1
tigpr,source_group_holdout_70_15_15,tigpr:Interlayer_bonding_deficiency:830,Interlayer_bonding_deficiency,Interlayer_bonding_deficiency,1
tigpr,source_group_holdout_70_15_15,tigpr:Interlayer_bonding_deficiency:835,Interlayer_bonding_deficiency,Loose,0
tigpr,source_group_holdout_70_15_15,tigpr:Interlayer_bonding_deficiency:836,Interlayer_bonding_deficiency,Interlayer_bonding_deficiency,1
tigpr,source_group_holdout_70_15_15,tigpr:Interlayer_bonding_deficiency:842,Interlayer_bonding_deficiency,Loose,0
tigpr,source_group_holdout_70_15_15,tigpr:Interlayer_bonding_deficiency:847,Interlayer_bonding_deficiency,Interlayer_bonding_deficiency,1
tigpr,source_group_holdout_70_15_15,tigpr:Interlayer_bonding_deficiency:848,Interlayer_bonding_deficiency,Interlayer_bonding_deficiency,1
tigpr,source_group_holdout_70_15_15,tigpr:Interlayer_bonding_deficiency:865,Interlayer_bonding_deficiency,Loose,0
tigpr,source_group_holdout_70_15_15,tigpr:Interlayer_bonding_deficiency:866,Interlayer_bonding_deficiency,Interlayer_bonding_deficiency,1
tigpr,source_group_holdout_70_15_15,tigpr:Interlayer_bonding_deficiency:873,Interlayer_bonding_deficiency,Loose,0
tigpr,source_group_holdout_70_15_15,tigpr:Interlayer_bonding_deficiency:876,Interlayer_bonding_deficiency,Interlayer_bonding_deficiency,1
tigpr,source_group_holdout_70_15_15,tigpr:Interlayer_bonding_deficiency:879,Interlayer_bonding_deficiency,Loose,0
tigpr,source_group_holdout_70_15_15,tigpr:Interlayer_bonding_deficiency:894,Interlayer_bonding_deficiency,Loose,0
tigpr,source_group_holdout_70_15_15,tigpr:Interlayer_bonding_deficiency:899,Interlayer_bonding_deficiency,Loose,0
tigpr,source_group_holdout_70_15_15,tigpr:Interlayer_bonding_deficiency:927,Interlayer_bonding_deficiency,Loose,0
tigpr,source_group_holdout_70_15_15,tigpr:Interlayer_bonding_deficiency:936,Interlayer_bonding_deficiency,Interlayer_bonding_deficiency,1
tigpr,source_group_holdout_70_15_15,tigpr:Interlayer_bonding_deficiency:940,Interlayer_bonding_deficiency,Loose,0
tigpr,source_group_holdout_70_15_15,tigpr:Interlayer_bonding_deficiency:944,Interlayer_bonding_deficiency,Interlayer_bonding_deficiency,1
tigpr,source_group_holdout_70_15_15,tigpr:Interlayer_bonding_deficiency:953,Interlayer_bonding_deficiency,Interlayer_bonding_deficiency,1
tigpr,source_group_holdout_70_15_15,tigpr:Interlayer_bonding_deficiency:973,Interlayer_bonding_deficiency,Interlayer_bonding_deficiency,1
tigpr,source_group_holdout_70_15_15,tigpr:Interlayer_bonding_deficiency:975,Interlayer_bonding_deficiency,Interlayer_bonding_deficiency,1
tigpr,source_group_holdout_70_15_15,tigpr:Interlayer_bonding_deficiency:981,Interlayer_bonding_deficiency,Interlayer_bonding_deficiency,1
tigpr,source_group_holdout_70_15_15,tigpr:Interlayer_bonding_deficiency:982,Interlayer_bonding_deficiency,Loose,0
tigpr,source_group_holdout_70_15_15,tigpr:Interlayer_bonding_deficiency:998,Interlayer_bonding_deficiency,Interlayer_bonding_deficiency,1
tigpr,source_group_holdout_70_15_15,tigpr:Interlayer_bonding_deficiency:1000,Interlayer_bonding_deficiency,Interlayer_bonding_deficiency,1
tigpr,source_group_holdout_70_15_15,tigpr:Interlayer_bonding_deficiency:1012,Interlayer_bonding_deficiency,Interlayer_bonding_deficiency,1
tigpr,source_group_holdout_70_15_15,tigpr:Interlayer_bonding_deficiency:1016,Interlayer_bonding_deficiency,Interlayer_bonding_deficiency,1
tigpr,source_group_holdout_70_15_15,tigpr:Interlayer_bonding_deficiency:1026,Interlayer_bonding_deficiency,Interlayer_bonding_deficiency,1
tigpr,source_group_holdout_70_15_15,tigpr:Interlayer_bonding_deficiency:1032,Interlayer_bonding_deficiency,Interlayer_bonding_deficiency,1
tigpr,source_group_holdout_70_15_15,tigpr:Interlayer_bonding_deficiency:1035,Interlayer_bonding_deficiency,Interlayer_bonding_deficiency,1
tigpr,source_group_holdout_70_15_15,tigpr:Interlayer_bonding_deficiency:1038,Interlayer_bonding_deficiency,Interlayer_bonding_deficiency,1
tigpr,source_group_holdout_70_15_15,tigpr:Interlayer_bonding_deficiency:1042,Interlayer_bonding_deficiency,Interlayer_bonding_deficiency,1
tigpr,source_group_holdout_70_15_15,tigpr:Interlayer_bonding_deficiency:1043,Interlayer_bonding_deficiency,Interlayer_bonding_deficiency,1
tigpr,source_group_holdout_70_15_15,tigpr:Interlayer_bonding_deficiency:1045,Interlayer_bonding_deficiency,Loose,0
tigpr,source_group_holdout_70_15_15,tigpr:Interlayer_bonding_deficiency:1056,Interlayer_bonding_deficiency,Interlayer_bonding_deficiency,1
tigpr,source_group_holdout_70_15_15,tigpr:Interlayer_bonding_deficiency:1059,Interlayer_bonding_deficiency,Interlayer_bonding_deficiency,1
tigpr,source_group_holdout_70_15_15,tigpr:Interlayer_bonding_deficiency:1078,Interlayer_bonding_deficiency,Void,0
tigpr,source_group_holdout_70_15_15,tigpr:Interlayer_bonding_deficiency:1082,Interlayer_bonding_deficiency,Void,0
tigpr,source_group_holdout_70_15_15,tigpr:Interlayer_bonding_deficiency:1084,Interlayer_bonding_deficiency,Interlayer_bonding_deficiency,1
tigpr,source_group_holdout_70_15_15,tigpr:Interlayer_bonding_deficiency:1086,Interlayer_bonding_deficiency,Interlayer_bonding_deficiency,1
tigpr,source_group_holdout_70_15_15,tigpr:Interlayer_bonding_deficiency:1094,Interlayer_bonding_deficiency,Interlayer_bonding_deficiency,1
tigpr,source_group_holdout_70_15_15,tigpr:Interlayer_bonding_deficiency:1096,Interlayer_bonding_deficiency,Interlayer_bonding_deficiency,1
tigpr,source_group_holdout_70_15_15,tigpr:Interlayer_bonding_deficiency:1098,Interlayer_bonding_deficiency,Interlayer_bonding_deficiency,1
tigpr,source_group_holdout_70_15_15,tigpr:Interlayer_bonding_deficiency:1108,Interlayer_bonding_deficiency,Interlayer_bonding_deficiency,1
tigpr,source_group_holdout_70_15_15,tigpr:Interlayer_bonding_deficiency:1113,Interlayer_bonding_deficiency,Interlayer_bonding_deficiency,1
tigpr,source_group_holdout_70_15_15,tigpr:Interlayer_bonding_deficiency:1116,Interlayer_bonding_deficiency,Interlayer_bonding_deficiency,1
tigpr,source_group_holdout_70_15_15,tigpr:Interlayer_bonding_deficiency:1119,Interlayer_bonding_deficiency,Loose,0
tigpr,source_group_holdout_70_15_15,tigpr:Interlayer_bonding_deficiency:1127,Interlayer_bonding_deficiency,Interlayer_bonding_deficiency,1
tigpr,source_group_holdout_70_15_15,tigpr:Interlayer_bonding_deficiency:1130,Interlayer_bonding_deficiency,Interlayer_bonding_deficiency,1
tigpr,source_group_holdout_70_15_15,tigpr:Interlayer_bonding_deficiency:1132,Interlayer_bonding_deficiency,Interlayer_bonding_deficiency,1
tigpr,source_group_holdout_70_15_15,tigpr:Interlayer_bonding_deficiency:1136,Interlayer_bonding_deficiency,Interlayer_bonding_deficiency,1
tigpr,source_group_holdout_70_15_15,tigpr:Interlayer_bonding_deficiency:1145,Interlayer_bonding_deficiency,Interlayer_bonding_deficiency,1
tigpr,source_group_holdout_70_15_15,tigpr:Interlayer_bonding_deficiency:1149,Interlayer_bonding_deficiency,Interlayer_bonding_deficiency,1
tigpr,source_group_holdout_70_15_15,tigpr:Interlayer_bonding_deficiency:1160,Interlayer_bonding_deficiency,Loose,0
tigpr,source_group_holdout_70_15_15,tigpr:Interlayer_bonding_deficiency:1169,Interlayer_bonding_deficiency,Interlayer_bonding_deficiency,1
tigpr,source_group_holdout_70_15_15,tigpr:Interlayer_bonding_deficiency:1174,Interlayer_bonding_deficiency,Interlayer_bonding_deficiency,1
tigpr,source_group_holdout_70_15_15,tigpr:Interlayer_bonding_deficiency:1176,Interlayer_bonding_deficiency,Interlayer_bonding_deficiency,1
tigpr,source_group_holdout_70_15_15,tigpr:Interlayer_bonding_deficiency:1189,Interlayer_bonding_deficiency,Loose,0
tigpr,source_group_holdout_70_15_15,tigpr:Interlayer_bonding_deficiency:1191,Interlayer_bonding_deficiency,Loose,0
tigpr,source_group_holdout_70_15_15,tigpr:Interlayer_bonding_deficiency:1198,Interlayer_bonding_deficiency,Loose,0
tigpr,source_group_holdout_70_15_15,tigpr:Interlayer_bonding_deficiency:1203,Interlayer_bonding_deficiency,Interlayer_bonding_deficiency,1
tigpr,source_group_holdout_70_15_15,tigpr:Interlayer_bonding_deficiency:1211,Interlayer_bonding_deficiency,Interlayer_bonding_deficiency,1
tigpr,source_group_holdout_70_15_15,tigpr:Interlayer_bonding_deficiency:1212,Interlayer_bonding_deficiency,Loose,0
tigpr,source_group_holdout_70_15_15,tigpr:Interlayer_bonding_deficiency:1227,Interlayer_bonding_deficiency,Interlayer_bonding_deficiency,1
tigpr,source_group_holdout_70_15_15,tigpr:Interlayer_bonding_deficiency:1231,Interlayer_bonding_deficiency,Interlayer_bonding_deficiency,1
tigpr,source_group_holdout_70_15_15,tigpr:Interlayer_bonding_deficiency:1236,Interlayer_bonding_deficiency,Interlayer_bonding_deficiency,1
tigpr,source_group_holdout_70_15_15,tigpr:Interlayer_bonding_deficiency:1238,Interlayer_bonding_deficiency,Interlayer_bonding_deficiency,1
tigpr,source_group_holdout_70_15_15,tigpr:Interlayer_bonding_deficiency:1254,Interlayer_bonding_deficiency,Loose,0
tigpr,source_group_holdout_70_15_15,tigpr:Interlayer_bonding_deficiency:1259,Interlayer_bonding_deficiency,Interlayer_bonding_deficiency,1
tigpr,source_group_holdout_70_15_15,tigpr:Interlayer_bonding_deficiency:1262,Interlayer_bonding_deficiency,Interlayer_bonding_deficiency,1
tigpr,source_group_holdout_70_15_15,tigpr:Interlayer_bonding_deficiency:1272,Interlayer_bonding_deficiency,Interlayer_bonding_deficiency,1
tigpr,source_group_holdout_70_15_15,tigpr:Interlayer_bonding_deficiency:1273,Interlayer_bonding_deficiency,Interlayer_bonding_deficiency,1
tigpr,source_group_holdout_70_15_15,tigpr:Interlayer_bonding_deficiency:1282,Interlayer_bonding_deficiency,Interlayer_bonding_deficiency,1
tigpr,source_group_holdout_70_15_15,tigpr:Interlayer_bonding_deficiency:1293,Interlayer_bonding_deficiency,Interlayer_bonding_deficiency,1
tigpr,source_group_holdout_70_15_15,tigpr:Interlayer_bonding_deficiency:1296,Interlayer_bonding_deficiency,Interlayer_bonding_deficiency,1
tigpr,source_group_holdout_70_15_15,tigpr:Interlayer_bonding_deficiency:1305,Interlayer_bonding_deficiency,Interlayer_bonding_deficiency,1
tigpr,source_group_holdout_70_15_15,tigpr:Interlayer_bonding_deficiency:1309,Interlayer_bonding_deficiency,Interlayer_bonding_deficiency,1
tigpr,source_group_holdout_70_15_15,tigpr:Interlayer_bonding_deficiency:1313,Interlayer_bonding_deficiency,Interlayer_bonding_deficiency,1
tigpr,source_group_holdout_70_15_15,tigpr:Interlayer_bonding_deficiency:1319,Interlayer_bonding_deficiency,Interlayer_bonding_deficiency,1
tigpr,source_group_holdout_70_15_15,tigpr:Interlayer_bonding_deficiency:1355,Interlayer_bonding_deficiency,Loose,0
tigpr,source_group_holdout_70_15_15,tigpr:Interlayer_bonding_deficiency:1356,Interlayer_bonding_deficiency,Interlayer_bonding_deficiency,1
tigpr,source_group_holdout_70_15_15,tigpr:Interlayer_bonding_deficiency:1359,Interlayer_bonding_deficiency,Interlayer_bonding_deficiency,1
tigpr,source_group_holdout_70_15_15,tigpr:Interlayer_bonding_deficiency:1360,Interlayer_bonding_deficiency,Loose,0
tigpr,source_group_holdout_70_15_15,tigpr:Interlayer_bonding_deficiency:1361,Interlayer_bonding_deficiency,Interlayer_bonding_deficiency,1
tigpr,source_group_holdout_70_15_15,tigpr:Interlayer_bonding_deficiency:1369,Interlayer_bonding_deficiency,Interlayer_bonding_deficiency,1
tigpr,source_group_holdout_70_15_15,tigpr:Interlayer_bonding_deficiency:1370,Interlayer_bonding_deficiency,Interlayer_bonding_deficiency,1
tigpr,source_group_holdout_70_15_15,tigpr:Interlayer_bonding_deficiency:1371,Interlayer_bonding_deficiency,Interlayer_bonding_deficiency,1
tigpr,source_group_holdout_70_15_15,tigpr:Interlayer_bonding_deficiency:1374,Interlayer_bonding_deficiency,Interlayer_bonding_deficiency,1
tigpr,source_group_holdout_70_15_15,tigpr:Interlayer_bonding_deficiency:1389,Interlayer_bonding_deficiency,Interlayer_bonding_deficiency,1
tigpr,source_group_holdout_70_15_15,tigpr:Interlayer_bonding_deficiency:1391,Interlayer_bonding_deficiency,Interlayer_bonding_deficiency,1
tigpr,source_group_holdout_70_15_15,tigpr:Interlayer_bonding_deficiency:1396,Interlayer_bonding_deficiency,Interlayer_bonding_deficiency,1
tigpr,source_group_holdout_70_15_15,tigpr:Interlayer_bonding_deficiency:1426,Interlayer_bonding_deficiency,Loose,0
tigpr,source_group_holdout_70_15_15,tigpr:Interlayer_bonding_deficiency:1433,Interlayer_bonding_deficiency,Interlayer_bonding_deficiency,1
tigpr,source_group_holdout_70_15_15,tigpr:Interlayer_bonding_deficiency:1438,Interlayer_bonding_deficiency,Interlayer_bonding_deficiency,1
tigpr,source_group_holdout_70_15_15,tigpr:Interlayer_bonding_deficiency:1466,Interlayer_bonding_deficiency,Interlayer_bonding_deficiency,1
tigpr,source_group_holdout_70_15_15,tigpr:Interlayer_bonding_deficiency:1471,Interlayer_bonding_deficiency,Interlayer_bonding_deficiency,1
tigpr,source_group_holdout_70_15_15,tigpr:Interlayer_bonding_deficiency:1476,Interlayer_bonding_deficiency,Interlayer_bonding_deficiency,1
tigpr,source_group_holdout_70_15_15,tigpr:Interlayer_bonding_deficiency:1480,Interlayer_bonding_deficiency,Interlayer_bonding_deficiency,1
tigpr,source_group_holdout_70_15_15,tigpr:Interlayer_bonding_deficiency:1481,Interlayer_bonding_deficiency,Interlayer_bonding_deficiency,1
tigpr,source_group_holdout_70_15_15,tigpr:Interlayer_bonding_deficiency:1483,Interlayer_bonding_deficiency,Loose,0
tigpr,source_group_holdout_70_15_15,tigpr:Interlayer_bonding_deficiency:1484,Interlayer_bonding_deficiency,Loose,0
tigpr,source_group_holdout_70_15_15,tigpr:Interlayer_bonding_deficiency:1487,Interlayer_bonding_deficiency,Interlayer_bonding_deficiency,1
tigpr,source_group_holdout_70_15_15,tigpr:Interlayer_bonding_deficiency:1496,Interlayer_bonding_deficiency,Interlayer_bonding_deficiency,1
tigpr,source_group_holdout_70_15_15,tigpr:Interlayer_bonding_deficiency:1497,Interlayer_bonding_deficiency,Loose,0
tigpr,source_group_holdout_70_15_15,tigpr:Interlayer_bonding_deficiency:1500,Interlayer_bonding_deficiency,Interlayer_bonding_deficiency,1
tigpr,source_group_holdout_70_15_15,tigpr:Interlayer_bonding_deficiency:1501,Interlayer_bonding_deficiency,Interlayer_bonding_deficiency,1
tigpr,source_group_holdout_70_15_15,tigpr:Interlayer_bonding_deficiency:1508,Interlayer_bonding_deficiency,Interlayer_bonding_deficiency,1
tigpr,source_group_holdout_70_15_15,tigpr:Interlayer_bonding_deficiency:1509,Interlayer_bonding_deficiency,Interlayer_bonding_deficiency,1
tigpr,source_group_holdout_70_15_15,tigpr:Interlayer_bonding_deficiency:1511,Interlayer_bonding_deficiency,Interlayer_bonding_deficiency,1
tigpr,source_group_holdout_70_15_15,tigpr:Interlayer_bonding_deficiency:1512,Interlayer_bonding_deficiency,Interlayer_bonding_deficiency,1
tigpr,source_group_holdout_70_15_15,tigpr:Interlayer_bonding_deficiency:1522,Interlayer_bonding_deficiency,Interlayer_bonding_deficiency,1
tigpr,source_group_holdout_70_15_15,tigpr:Interlayer_bonding_deficiency:1528,Interlayer_bonding_deficiency,Interlayer_bonding_deficiency,1
tigpr,source_group_holdout_70_15_15,tigpr:Interlayer_bonding_deficiency:1530,Interlayer_bonding_deficiency,Interlayer_bonding_deficiency,1
tigpr,source_group_holdout_70_15_15,tigpr:Interlayer_bonding_deficiency:1531,Interlayer_bonding_deficiency,Interlayer_bonding_deficiency,1
tigpr,source_group_holdout_70_15_15,tigpr:Interlayer_bonding_deficiency:1534,Interlayer_bonding_deficiency,Interlayer_bonding_deficiency,1
tigpr,source_group_holdout_70_15_15,tigpr:Interlayer_bonding_deficiency:1535,Interlayer_bonding_deficiency,Interlayer_bonding_deficiency,1
tigpr,source_group_holdout_70_15_15,tigpr:Interlayer_bonding_deficiency:1538,Interlayer_bonding_deficiency,Interlayer_bonding_deficiency,1
tigpr,source_group_holdout_70_15_15,tigpr:Interlayer_bonding_deficiency:1547,Interlayer_bonding_deficiency,Interlayer_bonding_deficiency,1
tigpr,source_group_holdout_70_15_15,tigpr:Interlayer_bonding_deficiency:1549,Interlayer_bonding_deficiency,Interlayer_bonding_deficiency,1
tigpr,source_group_holdout_70_15_15,tigpr:Interlayer_bonding_deficiency:1551,Interlayer_bonding_deficiency,Interlayer_bonding_deficiency,1
tigpr,source_group_holdout_70_15_15,tigpr:Interlayer_bonding_deficiency:1553,Interlayer_bonding_deficiency,Interlayer_bonding_deficiency,1
tigpr,source_group_holdout_70_15_15,tigpr:Interlayer_bonding_deficiency:1562,Interlayer_bonding_deficiency,Loose,0
tigpr,source_group_holdout_70_15_15,tigpr:Interlayer_bonding_deficiency:1572,Interlayer_bonding_deficiency,Interlayer_bonding_deficiency,1
tigpr,source_group_holdout_70_15_15,tigpr:Interlayer_bonding_deficiency:1582,Interlayer_bonding_deficiency,Interlayer_bonding_deficiency,1
tigpr,source_group_holdout_70_15_15,tigpr:Interlayer_bonding_deficiency:1591,Interlayer_bonding_deficiency,Void,0
tigpr,source_group_holdout_70_15_15,tigpr:Interlayer_bonding_deficiency:1592,Interlayer_bonding_deficiency,Interlayer_bonding_deficiency,1
tigpr,source_group_holdout_70_15_15,tigpr:Interlayer_bonding_deficiency:1600,Interlayer_bonding_deficiency,Interlayer_bonding_deficiency,1
tigpr,source_group_holdout_70_15_15,tigpr:Interlayer_bonding_deficiency:1603,Interlayer_bonding_deficiency,Interlayer_bonding_deficiency,1
tigpr,source_group_holdout_70_15_15,tigpr:Interlayer_bonding_deficiency:1617,Interlayer_bonding_deficiency,Interlayer_bonding_deficiency,1
tigpr,source_group_holdout_70_15_15,tigpr:Interlayer_bonding_deficiency:1626,Interlayer_bonding_deficiency,Interlayer_bonding_deficiency,1
tigpr,source_group_holdout_70_15_15,tigpr:Interlayer_bonding_deficiency:1630,Interlayer_bonding_deficiency,Interlayer_bonding_deficiency,1
tigpr,source_group_holdout_70_15_15,tigpr:Interlayer_bonding_deficiency:1633,Interlayer_bonding_deficiency,Interlayer_bonding_deficiency,1
tigpr,source_group_holdout_70_15_15,tigpr:Interlayer_bonding_deficiency:1639,Interlayer_bonding_deficiency,Interlayer_bonding_deficiency,1
tigpr,source_group_holdout_70_15_15,tigpr:Interlayer_bonding_deficiency:1656,Interlayer_bonding_deficiency,Interlayer_bonding_deficiency,1
tigpr,source_group_holdout_70_15_15,tigpr:Interlayer_bonding_deficiency:1668,Interlayer_bonding_deficiency,Interlayer_bonding_deficiency,1
tigpr,source_group_holdout_70_15_15,tigpr:Interlayer_bonding_deficiency:1679,Interlayer_bonding_deficiency,Interlayer_bonding_deficiency,1
tigpr,source_group_holdout_70_15_15,tigpr:Interlayer_bonding_deficiency:1681,Interlayer_bonding_deficiency,Interlayer_bonding_deficiency,1
tigpr,source_group_holdout_70_15_15,tigpr:Interlayer_bonding_deficiency:1687,Interlayer_bonding_deficiency,Interlayer_bonding_deficiency,1
tigpr,source_group_holdout_70_15_15,tigpr:Interlayer_bonding_deficiency:1700,Interlayer_bonding_deficiency,Interlayer_bonding_deficiency,1
tigpr,source_group_holdout_70_15_15,tigpr:Interlayer_bonding_deficiency:1705,Interlayer_bonding_deficiency,Interlayer_bonding_deficiency,1
tigpr,source_group_holdout_70_15_15,tigpr:Interlayer_bonding_deficiency:1708,Interlayer_bonding_deficiency,Interlayer_bonding_deficiency,1
tigpr,source_group_holdout_70_15_15,tigpr:Interlayer_bonding_deficiency:1710,Interlayer_bonding_deficiency,Interlayer_bonding_deficiency,1
tigpr,source_group_holdout_70_15_15,tigpr:Interlayer_bonding_deficiency:1718,Interlayer_bonding_deficiency,Interlayer_bonding_deficiency,1
tigpr,source_group_holdout_70_15_15,tigpr:Interlayer_bonding_deficiency:1721,Interlayer_bonding_deficiency,Interlayer_bonding_deficiency,1
tigpr,source_group_holdout_70_15_15,tigpr:Interlayer_bonding_deficiency:1724,Interlayer_bonding_deficiency,Interlayer_bonding_deficiency,1
tigpr,source_group_holdout_70_15_15,tigpr:Interlayer_bonding_deficiency:1735,Interlayer_bonding_deficiency,Interlayer_bonding_deficiency,1
tigpr,source_group_holdout_70_15_15,tigpr:Interlayer_bonding_deficiency:1736,Interlayer_bonding_deficiency,Interlayer_bonding_deficiency,1
tigpr,source_group_holdout_70_15_15,tigpr:Interlayer_bonding_deficiency:1738,Interlayer_bonding_deficiency,Interlayer_bonding_deficiency,1
tigpr,source_group_holdout_70_15_15,tigpr:Interlayer_bonding_deficiency:1742,Interlayer_bonding_deficiency,Interlayer_bonding_deficiency,1
tigpr,source_group_holdout_70_15_15,tigpr:Interlayer_bonding_deficiency:1746,Interlayer_bonding_deficiency,Loose,0
tigpr,source_group_holdout_70_15_15,tigpr:Interlayer_bonding_deficiency:1747,Interlayer_bonding_deficiency,Interlayer_bonding_deficiency,1
tigpr,source_group_holdout_70_15_15,tigpr:Interlayer_bonding_deficiency:1764,Interlayer_bonding_deficiency,Interlayer_bonding_deficiency,1
tigpr,source_group_holdout_70_15_15,tigpr:Interlayer_bonding_deficiency:1775,Interlayer_bonding_deficiency,No_damage,0
tigpr,source_group_holdout_70_15_15,tigpr:Interlayer_bonding_deficiency:1781,Interlayer_bonding_deficiency,Loose,0
tigpr,source_group_holdout_70_15_15,tigpr:Interlayer_bonding_deficiency:1785,Interlayer_bonding_deficiency,Interlayer_bonding_deficiency,1
tigpr,source_group_holdout_70_15_15,tigpr:Interlayer_bonding_deficiency:1787,Interlayer_bonding_deficiency,Interlayer_bonding_deficiency,1
tigpr,source_group_holdout_70_15_15,tigpr:Interlayer_bonding_deficiency:1792,Interlayer_bonding_deficiency,No_damage,0
tigpr,source_group_holdout_70_15_15,tigpr:Interlayer_bonding_deficiency:1796,Interlayer_bonding_deficiency,Interlayer_bonding_deficiency,1
tigpr,source_group_holdout_70_15_15,tigpr:Interlayer_bonding_deficiency:1816,Interlayer_bonding_deficiency,Loose,0
tigpr,source_group_holdout_70_15_15,tigpr:Interlayer_bonding_deficiency:1823,Interlayer_bonding_deficiency,Interlayer_bonding_deficiency,1
tigpr,source_group_holdout_70_15_15,tigpr:Interlayer_bonding_deficiency:1827,Interlayer_bonding_deficiency,Loose,0
tigpr,source_group_holdout_70_15_15,tigpr:Interlayer_bonding_deficiency:1839,Interlayer_bonding_deficiency,Interlayer_bonding_deficiency,1
tigpr,source_group_holdout_70_15_15,tigpr:Interlayer_bonding_deficiency:1853,Interlayer_bonding_deficiency,Interlayer_bonding_deficiency,1
tigpr,source_group_holdout_70_15_15,tigpr:Interlayer_bonding_deficiency:1860,Interlayer_bonding_deficiency,Interlayer_bonding_deficiency,1
tigpr,source_group_holdout_70_15_15,tigpr:Interlayer_bonding_deficiency:1863,Interlayer_bonding_deficiency,Loose,0
tigpr,source_group_holdout_70_15_15,tigpr:Interlayer_bonding_deficiency:1866,Interlayer_bonding_deficiency,Interlayer_bonding_deficiency,1
tigpr,source_group_holdout_70_15_15,tigpr:Interlayer_bonding_deficiency:1870,Interlayer_bonding_deficiency,Interlayer_bonding_deficiency,1
tigpr,source_group_holdout_70_15_15,tigpr:Interlayer_bonding_deficiency:1874,Interlayer_bonding_deficiency,Interlayer_bonding_deficiency,1
tigpr,source_group_holdout_70_15_15,tigpr:Interlayer_bonding_deficiency:1876,Interlayer_bonding_deficiency,Interlayer_bonding_deficiency,1
tigpr,source_group_holdout_70_15_15,tigpr:Interlayer_bonding_deficiency:1877,Interlayer_bonding_deficiency,Interlayer_bonding_deficiency,1
tigpr,source_group_holdout_70_15_15,tigpr:Interlayer_bonding_deficiency:1878,Interlayer_bonding_deficiency,Interlayer_bonding_deficiency,1
tigpr,source_group_holdout_70_15_15,tigpr:Interlayer_bonding_deficiency:1880,Interlayer_bonding_deficiency,Interlayer_bonding_deficiency,1
tigpr,source_group_holdout_70_15_15,tigpr:Interlayer_bonding_deficiency:1881,Interlayer_bonding_deficiency,Loose,0
tigpr,source_group_holdout_70_15_15,tigpr:Interlayer_bonding_deficiency:1888,Interlayer_bonding_deficiency,Loose,0
tigpr,source_group_holdout_70_15_15,tigpr:Interlayer_bonding_deficiency:1889,Interlayer_bonding_deficiency,Loose,0
tigpr,source_group_holdout_70_15_15,tigpr:Interlayer_bonding_deficiency:1893,Interlayer_bonding_deficiency,Interlayer_bonding_deficiency,1
tigpr,source_group_holdout_70_15_15,tigpr:Interlayer_bonding_deficiency:1894,Interlayer_bonding_deficiency,Interlayer_bonding_deficiency,1
tigpr,source_group_holdout_70_15_15,tigpr:Interlayer_bonding_deficiency:1906,Interlayer_bonding_deficiency,Interlayer_bonding_deficiency,1
tigpr,source_group_holdout_70_15_15,tigpr:Interlayer_bonding_deficiency:1917,Interlayer_bonding_deficiency,Interlayer_bonding_deficiency,1
tigpr,source_group_holdout_70_15_15,tigpr:Interlayer_bonding_deficiency:1920,Interlayer_bonding_deficiency,Loose,0
tigpr,source_group_holdout_70_15_15,tigpr:Interlayer_bonding_deficiency:1922,Interlayer_bonding_deficiency,Interlayer_bonding_deficiency,1
tigpr,source_group_holdout_70_15_15,tigpr:Interlayer_bonding_deficiency:1928,Interlayer_bonding_deficiency,Interlayer_bonding_deficiency,1
tigpr,source_group_holdout_70_15_15,tigpr:Interlayer_bonding_deficiency:1930,Interlayer_bonding_deficiency,Interlayer_bonding_deficiency,1
tigpr,source_group_holdout_70_15_15,tigpr:Interlayer_bonding_deficiency:1932,Interlayer_bonding_deficiency,Interlayer_bonding_deficiency,1
tigpr,source_group_holdout_70_15_15,tigpr:Interlayer_bonding_deficiency:1936,Interlayer_bonding_deficiency,Interlayer_bonding_deficiency,1
tigpr,source_group_holdout_70_15_15,tigpr:Interlayer_bonding_deficiency:1959,Interlayer_bonding_deficiency,Loose,0
tigpr,source_group_holdout_70_15_15,tigpr:Interlayer_bonding_deficiency:1962,Interlayer_bonding_deficiency,Interlayer_bonding_deficiency,1
tigpr,source_group_holdout_70_15_15,tigpr:Interlayer_bonding_deficiency:1968,Interlayer_bonding_deficiency,Loose,0
tigpr,source_group_holdout_70_15_15,tigpr:Interlayer_bonding_deficiency:1977,Interlayer_bonding_deficiency,Crack,0
tigpr,source_group_holdout_70_15_15,tigpr:Interlayer_bonding_deficiency:1978,Interlayer_bonding_deficiency,Interlayer_bonding_deficiency,1
tigpr,source_group_holdout_70_15_15,tigpr:Interlayer_bonding_deficiency:1982,Interlayer_bonding_deficiency,Interlayer_bonding_deficiency,1
tigpr,source_group_holdout_70_15_15,tigpr:Interlayer_bonding_deficiency:1984,Interlayer_bonding_deficiency,Interlayer_bonding_deficiency,1
tigpr,source_group_holdout_70_15_15,tigpr:Interlayer_bonding_deficiency:1987,Interlayer_bonding_deficiency,Interlayer_bonding_deficiency,1
tigpr,source_group_holdout_70_15_15,tigpr:Interlayer_bonding_deficiency:1998,Interlayer_bonding_deficiency,Interlayer_bonding_deficiency,1
tigpr,source_group_holdout_70_15_15,tigpr:Interlayer_bonding_deficiency:2007,Interlayer_bonding_deficiency,Interlayer_bonding_deficiency,1
tigpr,source_group_holdout_70_15_15,tigpr:Interlayer_bonding_deficiency:2018,Interlayer_bonding_deficiency,Interlayer_bonding_deficiency,1
tigpr,source_group_holdout_70_15_15,tigpr:Loose:2,Loose,Loose,1
tigpr,source_group_holdout_70_15_15,tigpr:Loose:10,Loose,Loose,1
tigpr,source_group_holdout_70_15_15,tigpr:Loose:18,Loose,Loose,1
tigpr,source_group_holdout_70_15_15,tigpr:Loose:29,Loose,Loose,1
tigpr,source_group_holdout_70_15_15,tigpr:Loose:32,Loose,Loose,1
tigpr,source_group_holdout_70_15_15,tigpr:Loose:39,Loose,Interlayer_bonding_deficiency,0
tigpr,source_group_holdout_70_15_15,tigpr:Loose:44,Loose,Loose,1
tigpr,source_group_holdout_70_15_15,tigpr:Loose:54,Loose,Loose,1
tigpr,source_group_holdout_70_15_15,tigpr:Loose:60,Loose,Loose,1
tigpr,source_group_holdout_70_15_15,tigpr:Loose:100,Loose,Loose,1
tigpr,source_group_holdout_70_15_15,tigpr:Loose:114,Loose,Loose,1
tigpr,source_group_holdout_70_15_15,tigpr:Loose:123,Loose,Loose,1
tigpr,source_group_holdout_70_15_15,tigpr:Loose:133,Loose,Interlayer_bonding_deficiency,0
tigpr,source_group_holdout_70_15_15,tigpr:Loose:134,Loose,Loose,1
tigpr,source_group_holdout_70_15_15,tigpr:Loose:136,Loose,Loose,1
tigpr,source_group_holdout_70_15_15,tigpr:Loose:141,Loose,Loose,1
tigpr,source_group_holdout_70_15_15,tigpr:Loose:144,Loose,Loose,1
tigpr,source_group_holdout_70_15_15,tigpr:Loose:153,Loose,Loose,1
tigpr,source_group_holdout_70_15_15,tigpr:Loose:189,Loose,Loose,1
tigpr,source_group_holdout_70_15_15,tigpr:Loose:194,Loose,Loose,1
tigpr,source_group_holdout_70_15_15,tigpr:Loose:196,Loose,Loose,1
tigpr,source_group_holdout_70_15_15,tigpr:Loose:197,Loose,Loose,1
tigpr,source_group_holdout_70_15_15,tigpr:Loose:208,Loose,Loose,1
tigpr,source_group_holdout_70_15_15,tigpr:Loose:211,Loose,Loose,1
tigpr,source_group_holdout_70_15_15,tigpr:Loose:212,Loose,Loose,1
tigpr,source_group_holdout_70_15_15,tigpr:Loose:220,Loose,Loose,1
tigpr,source_group_holdout_70_15_15,tigpr:Loose:236,Loose,Loose,1
tigpr,source_group_holdout_70_15_15,tigpr:Loose:256,Loose,Loose,1
tigpr,source_group_holdout_70_15_15,tigpr:Loose:261,Loose,Loose,1
tigpr,source_group_holdout_70_15_15,tigpr:Loose:265,Loose,Interlayer_bonding_deficiency,0
tigpr,source_group_holdout_70_15_15,tigpr:Loose:280,Loose,Loose,1
tigpr,source_group_holdout_70_15_15,tigpr:Loose:281,Loose,Loose,1
tigpr,source_group_holdout_70_15_15,tigpr:Loose:283,Loose,Interlayer_bonding_deficiency,0
tigpr,source_group_holdout_70_15_15,tigpr:Loose:289,Loose,Loose,1
tigpr,source_group_holdout_70_15_15,tigpr:Loose:296,Loose,Interlayer_bonding_deficiency,0
tigpr,source_group_holdout_70_15_15,tigpr:Loose:300,Loose,Loose,1
tigpr,source_group_holdout_70_15_15,tigpr:Loose:304,Loose,Loose,1
tigpr,source_group_holdout_70_15_15,tigpr:Loose:305,Loose,Interlayer_bonding_deficiency,0
tigpr,source_group_holdout_70_15_15,tigpr:Loose:326,Loose,Loose,1
tigpr,source_group_holdout_70_15_15,tigpr:Loose:334,Loose,Loose,1
tigpr,source_group_holdout_70_15_15,tigpr:Loose:342,Loose,Loose,1
tigpr,source_group_holdout_70_15_15,tigpr:Loose:344,Loose,Interlayer_bonding_deficiency,0
tigpr,source_group_holdout_70_15_15,tigpr:Loose:348,Loose,Loose,1
tigpr,source_group_holdout_70_15_15,tigpr:Loose:360,Loose,Interlayer_bonding_deficiency,0
tigpr,source_group_holdout_70_15_15,tigpr:Loose:367,Loose,Loose,1
tigpr,source_group_holdout_70_15_15,tigpr:Loose:370,Loose,Loose,1
tigpr,source_group_holdout_70_15_15,tigpr:Loose:374,Loose,Loose,1
tigpr,source_group_holdout_70_15_15,tigpr:Loose:383,Loose,Loose,1
tigpr,source_group_holdout_70_15_15,tigpr:Loose:390,Loose,Loose,1
tigpr,source_group_holdout_70_15_15,tigpr:Loose:408,Loose,Loose,1
tigpr,source_group_holdout_70_15_15,tigpr:Loose:411,Loose,Loose,1
tigpr,source_group_holdout_70_15_15,tigpr:Loose:417,Loose,Loose,1
tigpr,source_group_holdout_70_15_15,tigpr:Loose:424,Loose,Interlayer_bonding_deficiency,0
tigpr,source_group_holdout_70_15_15,tigpr:Loose:443,Loose,Interlayer_bonding_deficiency,0
tigpr,source_group_holdout_70_15_15,tigpr:Loose:449,Loose,Loose,1
tigpr,source_group_holdout_70_15_15,tigpr:Loose:454,Loose,Interlayer_bonding_deficiency,0
tigpr,source_group_holdout_70_15_15,tigpr:Loose:461,Loose,Interlayer_bonding_deficiency,0
tigpr,source_group_holdout_70_15_15,tigpr:Loose:471,Loose,Loose,1
tigpr,source_group_holdout_70_15_15,tigpr:Loose:493,Loose,Loose,1
tigpr,source_group_holdout_70_15_15,tigpr:Loose:494,Loose,Loose,1
tigpr,source_group_holdout_70_15_15,tigpr:Loose:498,Loose,Loose,1
tigpr,source_group_holdout_70_15_15,tigpr:Loose:501,Loose,Loose,1
tigpr,source_group_holdout_70_15_15,tigpr:Loose:510,Loose,Loose,1
tigpr,source_group_holdout_70_15_15,tigpr:Loose:511,Loose,Interlayer_bonding_deficiency,0
tigpr,source_group_holdout_70_15_15,tigpr:Loose:527,Loose,Interlayer_bonding_deficiency,0
tigpr,source_group_holdout_70_15_15,tigpr:Loose:528,Loose,Loose,1
tigpr,source_group_holdout_70_15_15,tigpr:Loose:537,Loose,Loose,1
tigpr,source_group_holdout_70_15_15,tigpr:Loose:545,Loose,Loose,1
tigpr,source_group_holdout_70_15_15,tigpr:Loose:547,Loose,Loose,1
tigpr,source_group_holdout_70_15_15,tigpr:Loose:549,Loose,Loose,1
tigpr,source_group_holdout_70_15_15,tigpr:Loose:555,Loose,Loose,1
tigpr,source_group_holdout_70_15_15,tigpr:Loose:575,Loose,Loose,1
tigpr,source_group_holdout_70_15_15,tigpr:Loose:580,Loose,Interlayer_bonding_deficiency,0
tigpr,source_group_holdout_70_15_15,tigpr:Loose:588,Loose,Interlayer_bonding_deficiency,0
tigpr,source_group_holdout_70_15_15,tigpr:Loose:591,Loose,Loose,1
tigpr,source_group_holdout_70_15_15,tigpr:Loose:606,Loose,Loose,1
tigpr,source_group_holdout_70_15_15,tigpr:Loose:608,Loose,Loose,1
tigpr,source_group_holdout_70_15_15,tigpr:Loose:609,Loose,Loose,1
tigpr,source_group_holdout_70_15_15,tigpr:Loose:614,Loose,Loose,1
tigpr,source_group_holdout_70_15_15,tigpr:Loose:620,Loose,Loose,1
tigpr,source_group_holdout_70_15_15,tigpr:Loose:631,Loose,Interlayer_bonding_deficiency,0
tigpr,source_group_holdout_70_15_15,tigpr:Loose:638,Loose,Loose,1
tigpr,source_group_holdout_70_15_15,tigpr:Loose:641,Loose,Loose,1
tigpr,source_group_holdout_70_15_15,tigpr:Loose:661,Loose,Loose,1
tigpr,source_group_holdout_70_15_15,tigpr:Loose:671,Loose,Loose,1
tigpr,source_group_holdout_70_15_15,tigpr:Loose:677,Loose,Loose,1
tigpr,source_group_holdout_70_15_15,tigpr:Loose:685,Loose,Loose,1
tigpr,source_group_holdout_70_15_15,tigpr:Loose:704,Loose,Loose,1
tigpr,source_group_holdout_70_15_15,tigpr:Loose:716,Loose,Loose,1
tigpr,source_group_holdout_70_15_15,tigpr:Loose:725,Loose,Loose,1
tigpr,source_group_holdout_70_15_15,tigpr:Loose:729,Loose,Loose,1
tigpr,source_group_holdout_70_15_15,tigpr:Loose:739,Loose,Loose,1
tigpr,source_group_holdout_70_15_15,tigpr:Loose:740,Loose,Loose,1
tigpr,source_group_holdout_70_15_15,tigpr:Loose:743,Loose,Loose,1
tigpr,source_group_holdout_70_15_15,tigpr:Loose:752,Loose,Loose,1
tigpr,source_group_holdout_70_15_15,tigpr:Loose:754,Loose,Loose,1
tigpr,source_group_holdout_70_15_15,tigpr:Loose:758,Loose,Loose,1
tigpr,source_group_holdout_70_15_15,tigpr:Loose:760,Loose,Loose,1
tigpr,source_group_holdout_70_15_15,tigpr:Loose:761,Loose,Loose,1
tigpr,source_group_holdout_70_15_15,tigpr:Loose:763,Loose,Loose,1
tigpr,source_group_holdout_70_15_15,tigpr:Loose:765,Loose,Loose,1
tigpr,source_group_holdout_70_15_15,tigpr:Loose:767,Loose,Loose,1
tigpr,source_group_holdout_70_15_15,tigpr:Loose:768,Loose,Loose,1
tigpr,source_group_holdout_70_15_15,tigpr:Loose:785,Loose,Loose,1
tigpr,source_group_holdout_70_15_15,tigpr:Loose:797,Loose,Interlayer_bonding_deficiency,0
tigpr,source_group_holdout_70_15_15,tigpr:Loose:798,Loose,Loose,1
tigpr,source_group_holdout_70_15_15,tigpr:Loose:802,Loose,Loose,1
tigpr,source_group_holdout_70_15_15,tigpr:Loose:804,Loose,Loose,1
tigpr,source_group_holdout_70_15_15,tigpr:Loose:810,Loose,Loose,1
tigpr,source_group_holdout_70_15_15,tigpr:Loose:812,Loose,Loose,1
tigpr,source_group_holdout_70_15_15,tigpr:Loose:816,Loose,Loose,1
tigpr,source_group_holdout_70_15_15,tigpr:Loose:817,Loose,Loose,1
tigpr,source_group_holdout_70_15_15,tigpr:Loose:824,Loose,Loose,1
tigpr,source_group_holdout_70_15_15,tigpr:Loose:834,Loose,Interlayer_bonding_deficiency,0
tigpr,source_group_holdout_70_15_15,tigpr:Loose:837,Loose,Loose,1
tigpr,source_group_holdout_70_15_15,tigpr:Loose:840,Loose,Loose,1
tigpr,source_group_holdout_70_15_15,tigpr:Loose:844,Loose,Loose,1
tigpr,source_group_holdout_70_15_15,tigpr:Loose:849,Loose,Loose,1
tigpr,source_group_holdout_70_15_15,tigpr:Loose:851,Loose,Loose,1
tigpr,source_group_holdout_70_15_15,tigpr:Loose:870,Loose,Loose,1
tigpr,source_group_holdout_70_15_15,tigpr:Loose:871,Loose,Loose,1
tigpr,source_group_holdout_70_15_15,tigpr:Loose:876,Loose,Loose,1
tigpr,source_group_holdout_70_15_15,tigpr:Loose:877,Loose,Loose,1
tigpr,source_group_holdout_70_15_15,tigpr:Loose:882,Loose,Loose,1
tigpr,source_group_holdout_70_15_15,tigpr:Loose:896,Loose,Interlayer_bonding_deficiency,0
tigpr,source_group_holdout_70_15_15,tigpr:Loose:898,Loose,Loose,1
tigpr,source_group_holdout_70_15_15,tigpr:Loose:908,Loose,Loose,1
tigpr,source_group_holdout_70_15_15,tigpr:Loose:909,Loose,Loose,1
tigpr,source_group_holdout_70_15_15,tigpr:Loose:910,Loose,Loose,1
tigpr,source_group_holdout_70_15_15,tigpr:Loose:915,Loose,Loose,1
tigpr,source_group_holdout_70_15_15,tigpr:Loose:918,Loose,Loose,1
tigpr,source_group_holdout_70_15_15,tigpr:Loose:924,Loose,Loose,1
tigpr,source_group_holdout_70_15_15,tigpr:Loose:930,Loose,Loose,1
tigpr,source_group_holdout_70_15_15,tigpr:Loose:947,Loose,Loose,1
tigpr,source_group_holdout_70_15_15,tigpr:Loose:950,Loose,Loose,1
tigpr,source_group_holdout_70_15_15,tigpr:Loose:958,Loose,Loose,1
tigpr,source_group_holdout_70_15_15,tigpr:Loose:973,Loose,Loose,1
tigpr,source_group_holdout_70_15_15,tigpr:Loose:977,Loose,Loose,1
tigpr,source_group_holdout_70_15_15,tigpr:Loose:979,Loose,Loose,1
tigpr,source_group_holdout_70_15_15,tigpr:Loose:992,Loose,Loose,1
tigpr,source_group_holdout_70_15_15,tigpr:Loose:997,Loose,Loose,1
tigpr,source_group_holdout_70_15_15,tigpr:Loose:1007,Loose,Interlayer_bonding_deficiency,0
tigpr,source_group_holdout_70_15_15,tigpr:Loose:1008,Loose,Loose,1
tigpr,source_group_holdout_70_15_15,tigpr:Loose:1013,Loose,Interlayer_bonding_deficiency,0
tigpr,source_group_holdout_70_15_15,tigpr:Loose:1014,Loose,Interlayer_bonding_deficiency,0
tigpr,source_group_holdout_70_15_15,tigpr:Loose:1028,Loose,Loose,1
tigpr,source_group_holdout_70_15_15,tigpr:Loose:1036,Loose,Loose,1
tigpr,source_group_holdout_70_15_15,tigpr:Loose:1037,Loose,Loose,1
tigpr,source_group_holdout_70_15_15,tigpr:Loose:1049,Loose,Loose,1
tigpr,source_group_holdout_70_15_15,tigpr:Loose:1051,Loose,Loose,1
tigpr,source_group_holdout_70_15_15,tigpr:Loose:1054,Loose,Loose,1
tigpr,source_group_holdout_70_15_15,tigpr:Loose:1058,Loose,Loose,1
tigpr,source_group_holdout_70_15_15,tigpr:Loose:1059,Loose,Loose,1
tigpr,source_group_holdout_70_15_15,tigpr:Loose:1060,Loose,Interlayer_bonding_deficiency,0
tigpr,source_group_holdout_70_15_15,tigpr:Loose:1064,Loose,Loose,1
tigpr,source_group_holdout_70_15_15,tigpr:Loose:1074,Loose,Loose,1
tigpr,source_group_holdout_70_15_15,tigpr:Loose:1075,Loose,Loose,1
tigpr,source_group_holdout_70_15_15,tigpr:Loose:1088,Loose,Loose,1
tigpr,source_group_holdout_70_15_15,tigpr:Loose:1093,Loose,Loose,1
tigpr,source_group_holdout_70_15_15,tigpr:Loose:1099,Loose,Loose,1
tigpr,source_group_holdout_70_15_15,tigpr:Loose:1105,Loose,Loose,1
tigpr,source_group_holdout_70_15_15,tigpr:Loose:1108,Loose,Loose,1
tigpr,source_group_holdout_70_15_15,tigpr:Loose:1109,Loose,Loose,1
tigpr,source_group_holdout_70_15_15,tigpr:Loose:1112,Loose,Loose,1
tigpr,source_group_holdout_70_15_15,tigpr:Loose:1113,Loose,Loose,1
tigpr,source_group_holdout_70_15_15,tigpr:Loose:1117,Loose,Loose,1
tigpr,source_group_holdout_70_15_15,tigpr:Loose:1118,Loose,Interlayer_bonding_deficiency,0
tigpr,source_group_holdout_70_15_15,tigpr:Loose:1121,Loose,Loose,1
tigpr,source_group_holdout_70_15_15,tigpr:Loose:1123,Loose,Loose,1
tigpr,source_group_holdout_70_15_15,tigpr:Loose:1128,Loose,Interlayer_bonding_deficiency,0
tigpr,source_group_holdout_70_15_15,tigpr:Loose:1130,Loose,Interlayer_bonding_deficiency,0
tigpr,source_group_holdout_70_15_15,tigpr:Loose:1137,Loose,Loose,1
tigpr,source_group_holdout_70_15_15,tigpr:Loose:1139,Loose,Loose,1
tigpr,source_group_holdout_70_15_15,tigpr:Loose:1141,Loose,Loose,1
tigpr,source_group_holdout_70_15_15,tigpr:Loose:1142,Loose,Interlayer_bonding_deficiency,0
tigpr,source_group_holdout_70_15_15,tigpr:Loose:1149,Loose,Loose,1
tigpr,source_group_holdout_70_15_15,tigpr:Loose:1163,Loose,Loose,1
tigpr,source_group_holdout_70_15_15,tigpr:Loose:1173,Loose,Loose,1
tigpr,source_group_holdout_70_15_15,tigpr:Loose:1179,Loose,Loose,1
tigpr,source_group_holdout_70_15_15,tigpr:Loose:1184,Loose,Loose,1
tigpr,source_group_holdout_70_15_15,tigpr:Loose:1192,Loose,Loose,1
tigpr,source_group_holdout_70_15_15,tigpr:Loose:1199,Loose,Loose,1
tigpr,source_group_holdout_70_15_15,tigpr:Loose:1202,Loose,Interlayer_bonding_deficiency,0
tigpr,source_group_holdout_70_15_15,tigpr:Loose:1203,Loose,Loose,1
tigpr,source_group_holdout_70_15_15,tigpr:Loose:1204,Loose,Loose,1
tigpr,source_group_holdout_70_15_15,tigpr:Loose:1205,Loose,Loose,1
tigpr,source_group_holdout_70_15_15,tigpr:Loose:1220,Loose,Loose,1
tigpr,source_group_holdout_70_15_15,tigpr:Loose:1229,Loose,Loose,1
tigpr,source_group_holdout_70_15_15,tigpr:Loose:1231,Loose,Loose,1
tigpr,source_group_holdout_70_15_15,tigpr:Loose:1234,Loose,Interlayer_bonding_deficiency,0
tigpr,source_group_holdout_70_15_15,tigpr:Loose:1238,Loose,Loose,1
tigpr,source_group_holdout_70_15_15,tigpr:Loose:1244,Loose,Interlayer_bonding_deficiency,0
tigpr,source_group_holdout_70_15_15,tigpr:Loose:1245,Loose,Loose,1
tigpr,source_group_holdout_70_15_15,tigpr:Loose:1249,Loose,Loose,1
tigpr,source_group_holdout_70_15_15,tigpr:Loose:1256,Loose,Interlayer_bonding_deficiency,0
tigpr,source_group_holdout_70_15_15,tigpr:Loose:1259,Loose,Loose,1
tigpr,source_group_holdout_70_15_15,tigpr:Loose:1262,Loose,Loose,1
tigpr,source_group_holdout_70_15_15,tigpr:Loose:1263,Loose,Loose,1
tigpr,source_group_holdout_70_15_15,tigpr:Loose:1275,Loose,Loose,1
tigpr,source_group_holdout_70_15_15,tigpr:Loose:1282,Loose,Loose,1
tigpr,source_group_holdout_70_15_15,tigpr:Loose:1285,Loose,Interlayer_bonding_deficiency,0
tigpr,source_group_holdout_70_15_15,tigpr:Loose:1287,Loose,Loose,1
tigpr,source_group_holdout_70_15_15,tigpr:Loose:1288,Loose,Interlayer_bonding_deficiency,0
tigpr,source_group_holdout_70_15_15,tigpr:Loose:1301,Loose,Loose,1
tigpr,source_group_holdout_70_15_15,tigpr:Loose:1304,Loose,Loose,1
tigpr,source_group_holdout_70_15_15,tigpr:Loose:1305,Loose,Interlayer_bonding_deficiency,0
tigpr,source_group_holdout_70_15_15,tigpr:Loose:1310,Loose,Loose,1
tigpr,source_group_holdout_70_15_15,tigpr:Loose:1314,Loose,Loose,1
tigpr,source_group_holdout_70_15_15,tigpr:Loose:1321,Loose,Loose,1
tigpr,source_group_holdout_70_15_15,tigpr:Loose:1331,Loose,Loose,1
tigpr,source_group_holdout_70_15_15,tigpr:Loose:1350,Loose,Interlayer_bonding_deficiency,0
tigpr,source_group_holdout_70_15_15,tigpr:Loose:1351,Loose,Interlayer_bonding_deficiency,0
tigpr,source_group_holdout_70_15_15,tigpr:Loose:1360,Loose,Interlayer_bonding_deficiency,0
tigpr,source_group_holdout_70_15_15,tigpr:Loose:1363,Loose,Interlayer_bonding_deficiency,0
tigpr,source_group_holdout_70_15_15,tigpr:Loose:1368,Loose,Loose,1
tigpr,source_group_holdout_70_15_15,tigpr:Loose:1370,Loose,Loose,1
tigpr,source_group_holdout_70_15_15,tigpr:Loose:1375,Loose,Interlayer_bonding_deficiency,0
tigpr,source_group_holdout_70_15_15,tigpr:Loose:1390,Loose,Interlayer_bonding_deficiency,0
tigpr,source_group_holdout_70_15_15,tigpr:Loose:1396,Loose,Loose,1
tigpr,source_group_holdout_70_15_15,tigpr:Loose:1397,Loose,Loose,1
tigpr,source_group_holdout_70_15_15,tigpr:Loose:1398,Loose,Loose,1
tigpr,source_group_holdout_70_15_15,tigpr:Loose:1402,Loose,Interlayer_bonding_deficiency,0
tigpr,source_group_holdout_70_15_15,tigpr:Loose:1405,Loose,Loose,1
tigpr,source_group_holdout_70_15_15,tigpr:Loose:1415,Loose,Loose,1
tigpr,source_group_holdout_70_15_15,tigpr:Loose:1420,Loose,Loose,1
tigpr,source_group_holdout_70_15_15,tigpr:Loose:1425,Loose,Loose,1
tigpr,source_group_holdout_70_15_15,tigpr:Loose:1429,Loose,Loose,1
tigpr,source_group_holdout_70_15_15,tigpr:Loose:1433,Loose,Loose,1
tigpr,source_group_holdout_70_15_15,tigpr:Loose:1434,Loose,Loose,1
tigpr,source_group_holdout_70_15_15,tigpr:Loose:1436,Loose,Loose,1
tigpr,source_group_holdout_70_15_15,tigpr:Loose:1438,Loose,Loose,1
tigpr,source_group_holdout_70_15_15,tigpr:Loose:1455,Loose,Loose,1
tigpr,source_group_holdout_70_15_15,tigpr:Loose:1459,Loose,Loose,1
tigpr,source_group_holdout_70_15_15,tigpr:Loose:1471,Loose,Interlayer_bonding_deficiency,0
tigpr,source_group_holdout_70_15_15,tigpr:Loose:1473,Loose,Interlayer_bonding_deficiency,0
tigpr,source_group_holdout_70_15_15,tigpr:Loose:1474,Loose,Interlayer_bonding_deficiency,0
tigpr,source_group_holdout_70_15_15,tigpr:Loose:1483,Loose,Interlayer_bonding_deficiency,0
tigpr,source_group_holdout_70_15_15,tigpr:Loose:1488,Loose,Interlayer_bonding_deficiency,0
tigpr,source_group_holdout_70_15_15,tigpr:Loose:1494,Loose,Loose,1
tigpr,source_group_holdout_70_15_15,tigpr:Loose:1508,Loose,Interlayer_bonding_deficiency,0
tigpr,source_group_holdout_70_15_15,tigpr:Loose:1509,Loose,Loose,1
tigpr,source_group_holdout_70_15_15,tigpr:Loose:1514,Loose,Void,0
tigpr,source_group_holdout_70_15_15,tigpr:Loose:1517,Loose,Interlayer_bonding_deficiency,0
tigpr,source_group_holdout_70_15_15,tigpr:Loose:1519,Loose,Interlayer_bonding_deficiency,0
tigpr,source_group_holdout_70_15_15,tigpr:Loose:1545,Loose,Loose,1
tigpr,source_group_holdout_70_15_15,tigpr:Loose:1556,Loose,Loose,1
tigpr,source_group_holdout_70_15_15,tigpr:Loose:1558,Loose,Loose,1
tigpr,source_group_holdout_70_15_15,tigpr:Loose:1564,Loose,Loose,1
tigpr,source_group_holdout_70_15_15,tigpr:Loose:1572,Loose,Loose,1
tigpr,source_group_holdout_70_15_15,tigpr:Loose:1586,Loose,Loose,1
tigpr,source_group_holdout_70_15_15,tigpr:Loose:1589,Loose,Loose,1
tigpr,source_group_holdout_70_15_15,tigpr:Loose:1631,Loose,Interlayer_bonding_deficiency,0
tigpr,source_group_holdout_70_15_15,tigpr:Loose:1633,Loose,Interlayer_bonding_deficiency,0
tigpr,source_group_holdout_70_15_15,tigpr:Loose:1636,Loose,Loose,1
tigpr,source_group_holdout_70_15_15,tigpr:Loose:1638,Loose,Interlayer_bonding_deficiency,0
tigpr,source_group_holdout_70_15_15,tigpr:Loose:1641,Loose,Loose,1
tigpr,source_group_holdout_70_15_15,tigpr:Loose:1645,Loose,Loose,1
tigpr,source_group_holdout_70_15_15,tigpr:Loose:1661,Loose,Loose,1
tigpr,source_group_holdout_70_15_15,tigpr:Loose:1667,Loose,Interlayer_bonding_deficiency,0
tigpr,source_group_holdout_70_15_15,tigpr:Loose:1680,Loose,Loose,1
tigpr,source_group_holdout_70_15_15,tigpr:Loose:1686,Loose,Interlayer_bonding_deficiency,0
tigpr,source_group_holdout_70_15_15,tigpr:Loose:1693,Loose,Loose,1
tigpr,source_group_holdout_70_15_15,tigpr:Loose:1694,Loose,Loose,1
tigpr,source_group_holdout_70_15_15,tigpr:Loose:1696,Loose,Loose,1
tigpr,source_group_holdout_70_15_15,tigpr:Loose:1707,Loose,Loose,1
tigpr,source_group_holdout_70_15_15,tigpr:Loose:1722,Loose,Interlayer_bonding_deficiency,0
tigpr,source_group_holdout_70_15_15,tigpr:Loose:1729,Loose,Interlayer_bonding_deficiency,0
tigpr,source_group_holdout_70_15_15,tigpr:Loose:1731,Loose,Interlayer_bonding_deficiency,0
tigpr,source_group_holdout_70_15_15,tigpr:Loose:1747,Loose,Loose,1
tigpr,source_group_holdout_70_15_15,tigpr:Loose:1758,Loose,Loose,1
tigpr,source_group_holdout_70_15_15,tigpr:Loose:1773,Loose,Loose,1
tigpr,source_group_holdout_70_15_15,tigpr:Loose:1779,Loose,Loose,1
tigpr,source_group_holdout_70_15_15,tigpr:Loose:1780,Loose,Loose,1
tigpr,source_group_holdout_70_15_15,tigpr:Loose:1782,Loose,Loose,1
tigpr,source_group_holdout_70_15_15,tigpr:Loose:1801,Loose,Loose,1
tigpr,source_group_holdout_70_15_15,tigpr:Loose:1814,Loose,Interlayer_bonding_deficiency,0
tigpr,source_group_holdout_70_15_15,tigpr:Loose:1837,Loose,Loose,1
tigpr,source_group_holdout_70_15_15,tigpr:Loose:1848,Loose,Loose,1
tigpr,source_group_holdout_70_15_15,tigpr:Loose:1851,Loose,Loose,1
tigpr,source_group_holdout_70_15_15,tigpr:Loose:1871,Loose,Loose,1
tigpr,source_group_holdout_70_15_15,tigpr:Loose:1879,Loose,Loose,1
tigpr,source_group_holdout_70_15_15,tigpr:Loose:1887,Loose,Interlayer_bonding_deficiency,0
tigpr,source_group_holdout_70_15_15,tigpr:Loose:1888,Loose,Loose,1
tigpr,source_group_holdout_70_15_15,tigpr:Loose:1893,Loose,Loose,1
tigpr,source_group_holdout_70_15_15,tigpr:Loose:1897,Loose,Loose,1
tigpr,source_group_holdout_70_15_15,tigpr:Loose:1898,Loose,Interlayer_bonding_deficiency,0
tigpr,source_group_holdout_70_15_15,tigpr:Loose:1900,Loose,Interlayer_bonding_deficiency,0
tigpr,source_group_holdout_70_15_15,tigpr:Loose:1905,Loose,Interlayer_bonding_deficiency,0
tigpr,source_group_holdout_70_15_15,tigpr:Loose:1908,Loose,Loose,1
tigpr,source_group_holdout_70_15_15,tigpr:Loose:1909,Loose,Loose,1
tigpr,source_group_holdout_70_15_15,tigpr:Loose:1920,Loose,Interlayer_bonding_deficiency,0
tigpr,source_group_holdout_70_15_15,tigpr:Loose:1945,Loose,Interlayer_bonding_deficiency,0
tigpr,source_group_holdout_70_15_15,tigpr:Loose:1946,Loose,Loose,1
tigpr,source_group_holdout_70_15_15,tigpr:Loose:1947,Loose,Loose,1
tigpr,source_group_holdout_70_15_15,tigpr:Loose:1952,Loose,Interlayer_bonding_deficiency,0
tigpr,source_group_holdout_70_15_15,tigpr:Loose:1958,Loose,Loose,1
tigpr,source_group_holdout_70_15_15,tigpr:Loose:1978,Loose,Interlayer_bonding_deficiency,0
tigpr,source_group_holdout_70_15_15,tigpr:Loose:1981,Loose,Loose,1
tigpr,source_group_holdout_70_15_15,tigpr:Loose:1994,Loose,Interlayer_bonding_deficiency,0
tigpr,source_group_holdout_70_15_15,tigpr:Loose:1996,Loose,Loose,1
tigpr,source_group_holdout_70_15_15,tigpr:Loose:2005,Loose,Loose,1
tigpr,source_group_holdout_70_15_15,tigpr:Loose:2006,Loose,Loose,1
tigpr,source_group_holdout_70_15_15,tigpr:Loose:2026,Loose,Loose,1
tigpr,source_group_holdout_70_15_15,tigpr:Loose:2035,Loose,Loose,1
tigpr,source_group_holdout_70_15_15,tigpr:Loose:2036,Loose,Loose,1
tigpr,source_group_holdout_70_15_15,tigpr:Loose:2039,Loose,Loose,1
tigpr,source_group_holdout_70_15_15,tigpr:Loose:2044,Loose,Loose,1
tigpr,source_group_holdout_70_15_15,tigpr:Loose:2047,Loose,Loose,1
tigpr,source_group_holdout_70_15_15,tigpr:Loose:2054,Loose,Loose,1
tigpr,source_group_holdout_70_15_15,tigpr:Loose:2057,Loose,Loose,1
tigpr,source_group_holdout_70_15_15,tigpr:Loose:2058,Loose,Loose,1
tigpr,source_group_holdout_70_15_15,tigpr:Loose:2060,Loose,Loose,1
tigpr,source_group_holdout_70_15_15,tigpr:Loose:2063,Loose,Interlayer_bonding_deficiency,0
tigpr,source_group_holdout_70_15_15,tigpr:Loose:2078,Loose,Loose,1
tigpr,source_group_holdout_70_15_15,tigpr:Loose:2099,Loose,Loose,1
tigpr,source_group_holdout_70_15_15,tigpr:No_damage:13,No_damage,Void,0
tigpr,source_group_holdout_70_15_15,tigpr:No_damage:15,No_damage,No_damage,1
tigpr,source_group_holdout_70_15_15,tigpr:No_damage:40,No_damage,Loose,0
tigpr,source_group_holdout_70_15_15,tigpr:No_damage:48,No_damage,No_damage,1
tigpr,source_group_holdout_70_15_15,tigpr:No_damage:51,No_damage,Interlayer_bonding_deficiency,0
tigpr,source_group_holdout_70_15_15,tigpr:No_damage:52,No_damage,Loose,0
tigpr,source_group_holdout_70_15_15,tigpr:No_damage:54,No_damage,No_damage,1
tigpr,source_group_holdout_70_15_15,tigpr:No_damage:71,No_damage,No_damage,1
tigpr,source_group_holdout_70_15_15,tigpr:No_damage:72,No_damage,No_damage,1
tigpr,source_group_holdout_70_15_15,tigpr:No_damage:76,No_damage,No_damage,1
tigpr,source_group_holdout_70_15_15,tigpr:No_damage:77,No_damage,No_damage,1
tigpr,source_group_holdout_70_15_15,tigpr:No_damage:94,No_damage,No_damage,1
tigpr,source_group_holdout_70_15_15,tigpr:No_damage:101,No_damage,No_damage,1
tigpr,source_group_holdout_70_15_15,tigpr:No_damage:107,No_damage,No_damage,1
tigpr,source_group_holdout_70_15_15,tigpr:No_damage:110,No_damage,No_damage,1
tigpr,source_group_holdout_70_15_15,tigpr:No_damage:111,No_damage,Interlayer_bonding_deficiency,0
tigpr,source_group_holdout_70_15_15,tigpr:No_damage:124,No_damage,No_damage,1
tigpr,source_group_holdout_70_15_15,tigpr:No_damage:128,No_damage,Interlayer_bonding_deficiency,0
tigpr,source_group_holdout_70_15_15,tigpr:No_damage:140,No_damage,Interlayer_bonding_deficiency,0
tigpr,source_group_holdout_70_15_15,tigpr:No_damage:159,No_damage,No_damage,1
tigpr,source_group_holdout_70_15_15,tigpr:No_damage:171,No_damage,Interlayer_bonding_deficiency,0
tigpr,source_group_holdout_70_15_15,tigpr:No_damage:172,No_damage,No_damage,1
tigpr,source_group_holdout_70_15_15,tigpr:No_damage:188,No_damage,No_damage,1
tigpr,source_group_holdout_70_15_15,tigpr:No_damage:190,No_damage,No_damage,1
tigpr,source_group_holdout_70_15_15,tigpr:No_damage:193,No_damage,No_damage,1
tigpr,source_group_holdout_70_15_15,tigpr:No_damage:195,No_damage,No_damage,1
tigpr,source_group_holdout_70_15_15,tigpr:No_damage:199,No_damage,No_damage,1
tigpr,source_group_holdout_70_15_15,tigpr:No_damage:217,No_damage,No_damage,1
tigpr,source_group_holdout_70_15_15,tigpr:No_damage:231,No_damage,No_damage,1
tigpr,source_group_holdout_70_15_15,tigpr:No_damage:235,No_damage,No_damage,1
tigpr,source_group_holdout_70_15_15,tigpr:No_damage:240,No_damage,No_damage,1
tigpr,source_group_holdout_70_15_15,tigpr:No_damage:254,No_damage,Interlayer_bonding_deficiency,0
tigpr,source_group_holdout_70_15_15,tigpr:No_damage:259,No_damage,No_damage,1
tigpr,source_group_holdout_70_15_15,tigpr:No_damage:269,No_damage,Interlayer_bonding_deficiency,0
tigpr,source_group_holdout_70_15_15,tigpr:No_damage:274,No_damage,No_damage,1
tigpr,source_group_holdout_70_15_15,tigpr:No_damage:280,No_damage,No_damage,1
tigpr,source_group_holdout_70_15_15,tigpr:No_damage:283,No_damage,No_damage,1
tigpr,source_group_holdout_70_15_15,tigpr:No_damage:303,No_damage,No_damage,1
tigpr,source_group_holdout_70_15_15,tigpr:No_damage:319,No_damage,No_damage,1
tigpr,source_group_holdout_70_15_15,tigpr:No_damage:321,No_damage,Interlayer_bonding_deficiency,0
tigpr,source_group_holdout_70_15_15,tigpr:No_damage:329,No_damage,No_damage,1
tigpr,source_group_holdout_70_15_15,tigpr:No_damage:331,No_damage,No_damage,1
tigpr,source_group_holdout_70_15_15,tigpr:No_damage:332,No_damage,Interlayer_bonding_deficiency,0
tigpr,source_group_holdout_70_15_15,tigpr:No_damage:337,No_damage,Interlayer_bonding_deficiency,0
tigpr,source_group_holdout_70_15_15,tigpr:No_damage:339,No_damage,Interlayer_bonding_deficiency,0
tigpr,source_group_holdout_70_15_15,tigpr:No_damage:343,No_damage,No_damage,1
tigpr,source_group_holdout_70_15_15,tigpr:No_damage:349,No_damage,No_damage,1
tigpr,source_group_holdout_70_15_15,tigpr:No_damage:354,No_damage,Interlayer_bonding_deficiency,0
tigpr,source_group_holdout_70_15_15,tigpr:No_damage:374,No_damage,No_damage,1
tigpr,source_group_holdout_70_15_15,tigpr:No_damage:378,No_damage,No_damage,1
tigpr,source_group_holdout_70_15_15,tigpr:No_damage:381,No_damage,No_damage,1
tigpr,source_group_holdout_70_15_15,tigpr:No_damage:382,No_damage,No_damage,1
tigpr,source_group_holdout_70_15_15,tigpr:No_damage:387,No_damage,No_damage,1
tigpr,source_group_holdout_70_15_15,tigpr:No_damage:392,No_damage,No_damage,1
tigpr,source_group_holdout_70_15_15,tigpr:No_damage:397,No_damage,No_damage,1
tigpr,source_group_holdout_70_15_15,tigpr:No_damage:401,No_damage,No_damage,1
tigpr,source_group_holdout_70_15_15,tigpr:No_damage:410,No_damage,Interlayer_bonding_deficiency,0
tigpr,source_group_holdout_70_15_15,tigpr:No_damage:411,No_damage,No_damage,1
tigpr,source_group_holdout_70_15_15,tigpr:No_damage:412,No_damage,No_damage,1
tigpr,source_group_holdout_70_15_15,tigpr:No_damage:416,No_damage,Interlayer_bonding_deficiency,0
tigpr,source_group_holdout_70_15_15,tigpr:No_damage:423,No_damage,Interlayer_bonding_deficiency,0
tigpr,source_group_holdout_70_15_15,tigpr:No_damage:427,No_damage,Interlayer_bonding_deficiency,0
tigpr,source_group_holdout_70_15_15,tigpr:No_damage:432,No_damage,No_damage,1
tigpr,source_group_holdout_70_15_15,tigpr:No_damage:438,No_damage,Loose,0
tigpr,source_group_holdout_70_15_15,tigpr:No_damage:444,No_damage,No_damage,1
tigpr,source_group_holdout_70_15_15,tigpr:No_damage:448,No_damage,No_damage,1
tigpr,source_group_holdout_70_15_15,tigpr:No_damage:453,No_damage,Interlayer_bonding_deficiency,0
tigpr,source_group_holdout_70_15_15,tigpr:No_damage:455,No_damage,No_damage,1
tigpr,source_group_holdout_70_15_15,tigpr:No_damage:458,No_damage,Interlayer_bonding_deficiency,0
tigpr,source_group_holdout_70_15_15,tigpr:No_damage:459,No_damage,Interlayer_bonding_deficiency,0
tigpr,source_group_holdout_70_15_15,tigpr:No_damage:469,No_damage,No_damage,1
tigpr,source_group_holdout_70_15_15,tigpr:No_damage:473,No_damage,Loose,0
tigpr,source_group_holdout_70_15_15,tigpr:No_damage:475,No_damage,No_damage,1
tigpr,source_group_holdout_70_15_15,tigpr:No_damage:480,No_damage,No_damage,1
tigpr,source_group_holdout_70_15_15,tigpr:No_damage:486,No_damage,No_damage,1
tigpr,source_group_holdout_70_15_15,tigpr:No_damage:491,No_damage,No_damage,1
tigpr,source_group_holdout_70_15_15,tigpr:No_damage:492,No_damage,No_damage,1
tigpr,source_group_holdout_70_15_15,tigpr:No_damage:506,No_damage,Interlayer_bonding_deficiency,0
tigpr,source_group_holdout_70_15_15,tigpr:No_damage:515,No_damage,No_damage,1
tigpr,source_group_holdout_70_15_15,tigpr:No_damage:518,No_damage,No_damage,1
tigpr,source_group_holdout_70_15_15,tigpr:No_damage:522,No_damage,Interlayer_bonding_deficiency,0
tigpr,source_group_holdout_70_15_15,tigpr:No_damage:527,No_damage,Loose,0
tigpr,source_group_holdout_70_15_15,tigpr:No_damage:531,No_damage,No_damage,1
tigpr,source_group_holdout_70_15_15,tigpr:No_damage:535,No_damage,No_damage,1
tigpr,source_group_holdout_70_15_15,tigpr:No_damage:544,No_damage,No_damage,1
tigpr,source_group_holdout_70_15_15,tigpr:No_damage:549,No_damage,No_damage,1
tigpr,source_group_holdout_70_15_15,tigpr:No_damage:550,No_damage,No_damage,1
tigpr,source_group_holdout_70_15_15,tigpr:No_damage:552,No_damage,No_damage,1
tigpr,source_group_holdout_70_15_15,tigpr:No_damage:556,No_damage,No_damage,1
tigpr,source_group_holdout_70_15_15,tigpr:No_damage:557,No_damage,No_damage,1
tigpr,source_group_holdout_70_15_15,tigpr:No_damage:568,No_damage,No_damage,1
tigpr,source_group_holdout_70_15_15,tigpr:No_damage:573,No_damage,No_damage,1
tigpr,source_group_holdout_70_15_15,tigpr:No_damage:595,No_damage,No_damage,1
tigpr,source_group_holdout_70_15_15,tigpr:No_damage:599,No_damage,No_damage,1
tigpr,source_group_holdout_70_15_15,tigpr:No_damage:604,No_damage,No_damage,1
tigpr,source_group_holdout_70_15_15,tigpr:No_damage:607,No_damage,No_damage,1
tigpr,source_group_holdout_70_15_15,tigpr:No_damage:613,No_damage,No_damage,1
tigpr,source_group_holdout_70_15_15,tigpr:No_damage:618,No_damage,No_damage,1
tigpr,source_group_holdout_70_15_15,tigpr:No_damage:623,No_damage,Interlayer_bonding_deficiency,0
tigpr,source_group_holdout_70_15_15,tigpr:No_damage:635,No_damage,No_damage,1
tigpr,source_group_holdout_70_15_15,tigpr:No_damage:642,No_damage,No_damage,1
tigpr,source_group_holdout_70_15_15,tigpr:No_damage:647,No_damage,Interlayer_bonding_deficiency,0
tigpr,source_group_holdout_70_15_15,tigpr:No_damage:661,No_damage,No_damage,1
tigpr,source_group_holdout_70_15_15,tigpr:No_damage:664,No_damage,No_damage,1
tigpr,source_group_holdout_70_15_15,tigpr:No_damage:665,No_damage,No_damage,1
tigpr,source_group_holdout_70_15_15,tigpr:No_damage:673,No_damage,Interlayer_bonding_deficiency,0
tigpr,source_group_holdout_70_15_15,tigpr:No_damage:677,No_damage,No_damage,1
tigpr,source_group_holdout_70_15_15,tigpr:No_damage:696,No_damage,No_damage,1
tigpr,source_group_holdout_70_15_15,tigpr:No_damage:705,No_damage,No_damage,1
tigpr,source_group_holdout_70_15_15,tigpr:No_damage:708,No_damage,No_damage,1
tigpr,source_group_holdout_70_15_15,tigpr:No_damage:713,No_damage,No_damage,1
tigpr,source_group_holdout_70_15_15,tigpr:No_damage:717,No_damage,No_damage,1
tigpr,source_group_holdout_70_15_15,tigpr:No_damage:729,No_damage,No_damage,1
tigpr,source_group_holdout_70_15_15,tigpr:No_damage:738,No_damage,No_damage,1
tigpr,source_group_holdout_70_15_15,tigpr:No_damage:740,No_damage,No_damage,1
tigpr,source_group_holdout_70_15_15,tigpr:No_damage:760,No_damage,No_damage,1
tigpr,source_group_holdout_70_15_15,tigpr:No_damage:763,No_damage,No_damage,1
tigpr,source_group_holdout_70_15_15,tigpr:No_damage:775,No_damage,No_damage,1
tigpr,source_group_holdout_70_15_15,tigpr:No_damage:777,No_damage,No_damage,1
tigpr,source_group_holdout_70_15_15,tigpr:No_damage:789,No_damage,No_damage,1
tigpr,source_group_holdout_70_15_15,tigpr:No_damage:793,No_damage,No_damage,1
tigpr,source_group_holdout_70_15_15,tigpr:No_damage:795,No_damage,No_damage,1
tigpr,source_group_holdout_70_15_15,tigpr:No_damage:800,No_damage,No_damage,1
tigpr,source_group_holdout_70_15_15,tigpr:No_damage:817,No_damage,No_damage,1
tigpr,source_group_holdout_70_15_15,tigpr:No_damage:826,No_damage,No_damage,1
tigpr,source_group_holdout_70_15_15,tigpr:No_damage:827,No_damage,No_damage,1
tigpr,source_group_holdout_70_15_15,tigpr:No_damage:830,No_damage,Interlayer_bonding_deficiency,0
tigpr,source_group_holdout_70_15_15,tigpr:No_damage:832,No_damage,No_damage,1
tigpr,source_group_holdout_70_15_15,tigpr:No_damage:838,No_damage,No_damage,1
tigpr,source_group_holdout_70_15_15,tigpr:No_damage:846,No_damage,No_damage,1
tigpr,source_group_holdout_70_15_15,tigpr:No_damage:847,No_damage,No_damage,1
tigpr,source_group_holdout_70_15_15,tigpr:No_damage:852,No_damage,No_damage,1
tigpr,source_group_holdout_70_15_15,tigpr:No_damage:858,No_damage,Interlayer_bonding_deficiency,0
tigpr,source_group_holdout_70_15_15,tigpr:No_damage:860,No_damage,No_damage,1
tigpr,source_group_holdout_70_15_15,tigpr:No_damage:862,No_damage,No_damage,1
tigpr,source_group_holdout_70_15_15,tigpr:No_damage:870,No_damage,No_damage,1
tigpr,source_group_holdout_70_15_15,tigpr:No_damage:881,No_damage,No_damage,1
tigpr,source_group_holdout_70_15_15,tigpr:No_damage:883,No_damage,No_damage,1
tigpr,source_group_holdout_70_15_15,tigpr:No_damage:885,No_damage,No_damage,1
tigpr,source_group_holdout_70_15_15,tigpr:No_damage:907,No_damage,No_damage,1
tigpr,source_group_holdout_70_15_15,tigpr:No_damage:910,No_damage,No_damage,1
tigpr,source_group_holdout_70_15_15,tigpr:No_damage:925,No_damage,No_damage,1
tigpr,source_group_holdout_70_15_15,tigpr:No_damage:936,No_damage,No_damage,1
tigpr,source_group_holdout_70_15_15,tigpr:No_damage:939,No_damage,No_damage,1
tigpr,source_group_holdout_70_15_15,tigpr:No_damage:952,No_damage,Interlayer_bonding_deficiency,0
tigpr,source_group_holdout_70_15_15,tigpr:No_damage:961,No_damage,Interlayer_bonding_deficiency,0
tigpr,source_group_holdout_70_15_15,tigpr:No_damage:967,No_damage,No_damage,1
tigpr,source_group_holdout_70_15_15,tigpr:No_damage:974,No_damage,No_damage,1
tigpr,source_group_holdout_70_15_15,tigpr:No_damage:977,No_damage,No_damage,1
tigpr,source_group_holdout_70_15_15,tigpr:No_damage:978,No_damage,No_damage,1
tigpr,source_group_holdout_70_15_15,tigpr:No_damage:987,No_damage,No_damage,1
tigpr,source_group_holdout_70_15_15,tigpr:No_damage:998,No_damage,No_damage,1
tigpr,source_group_holdout_70_15_15,tigpr:No_damage:1003,No_damage,No_damage,1
tigpr,source_group_holdout_70_15_15,tigpr:No_damage:1018,No_damage,No_damage,1
tigpr,source_group_holdout_70_15_15,tigpr:No_damage:1026,No_damage,No_damage,1
tigpr,source_group_holdout_70_15_15,tigpr:No_damage:1031,No_damage,No_damage,1
tigpr,source_group_holdout_70_15_15,tigpr:No_damage:1033,No_damage,No_damage,1
tigpr,source_group_holdout_70_15_15,tigpr:No_damage:1057,No_damage,No_damage,1
tigpr,source_group_holdout_70_15_15,tigpr:No_damage:1058,No_damage,No_damage,1
tigpr,source_group_holdout_70_15_15,tigpr:No_damage:1070,No_damage,No_damage,1
tigpr,source_group_holdout_70_15_15,tigpr:No_damage:1075,No_damage,No_damage,1
tigpr,source_group_holdout_70_15_15,tigpr:No_damage:1076,No_damage,No_damage,1
tigpr,source_group_holdout_70_15_15,tigpr:No_damage:1080,No_damage,No_damage,1
tigpr,source_group_holdout_70_15_15,tigpr:No_damage:1081,No_damage,No_damage,1
tigpr,source_group_holdout_70_15_15,tigpr:No_damage:1087,No_damage,No_damage,1
tigpr,source_group_holdout_70_15_15,tigpr:No_damage:1100,No_damage,No_damage,1
tigpr,source_group_holdout_70_15_15,tigpr:No_damage:1101,No_damage,No_damage,1
tigpr,source_group_holdout_70_15_15,tigpr:No_damage:1107,No_damage,No_damage,1
tigpr,source_group_holdout_70_15_15,tigpr:No_damage:1108,No_damage,No_damage,1
tigpr,source_group_holdout_70_15_15,tigpr:No_damage:1112,No_damage,No_damage,1
tigpr,source_group_holdout_70_15_15,tigpr:No_damage:1117,No_damage,No_damage,1
tigpr,source_group_holdout_70_15_15,tigpr:No_damage:1118,No_damage,No_damage,1
tigpr,source_group_holdout_70_15_15,tigpr:No_damage:1126,No_damage,No_damage,1
tigpr,source_group_holdout_70_15_15,tigpr:No_damage:1127,No_damage,No_damage,1
tigpr,source_group_holdout_70_15_15,tigpr:No_damage:1134,No_damage,No_damage,1
tigpr,source_group_holdout_70_15_15,tigpr:No_damage:1160,No_damage,No_damage,1
tigpr,source_group_holdout_70_15_15,tigpr:No_damage:1161,No_damage,No_damage,1
tigpr,source_group_holdout_70_15_15,tigpr:No_damage:1165,No_damage,No_damage,1
tigpr,source_group_holdout_70_15_15,tigpr:No_damage:1175,No_damage,No_damage,1
tigpr,source_group_holdout_70_15_15,tigpr:No_damage:1179,No_damage,No_damage,1
tigpr,source_group_holdout_70_15_15,tigpr:No_damage:1194,No_damage,No_damage,1
tigpr,source_group_holdout_70_15_15,tigpr:No_damage:1196,No_damage,No_damage,1
tigpr,source_group_holdout_70_15_15,tigpr:No_damage:1217,No_damage,No_damage,1
tigpr,source_group_holdout_70_15_15,tigpr:No_damage:1224,No_damage,No_damage,1
tigpr,source_group_holdout_70_15_15,tigpr:No_damage:1228,No_damage,No_damage,1
tigpr,source_group_holdout_70_15_15,tigpr:No_damage:1229,No_damage,No_damage,1
tigpr,source_group_holdout_70_15_15,tigpr:No_damage:1230,No_damage,No_damage,1
tigpr,source_group_holdout_70_15_15,tigpr:No_damage:1234,No_damage,No_damage,1
tigpr,source_group_holdout_70_15_15,tigpr:No_damage:1244,No_damage,No_damage,1
tigpr,source_group_holdout_70_15_15,tigpr:No_damage:1249,No_damage,No_damage,1
tigpr,source_group_holdout_70_15_15,tigpr:No_damage:1252,No_damage,No_damage,1
tigpr,source_group_holdout_70_15_15,tigpr:No_damage:1256,No_damage,No_damage,1
tigpr,source_group_holdout_70_15_15,tigpr:No_damage:1263,No_damage,No_damage,1
tigpr,source_group_holdout_70_15_15,tigpr:No_damage:1266,No_damage,No_damage,1
tigpr,source_group_holdout_70_15_15,tigpr:No_damage:1275,No_damage,No_damage,1
tigpr,source_group_holdout_70_15_15,tigpr:No_damage:1277,No_damage,No_damage,1
tigpr,source_group_holdout_70_15_15,tigpr:No_damage:1281,No_damage,No_damage,1
tigpr,source_group_holdout_70_15_15,tigpr:No_damage:1287,No_damage,No_damage,1
tigpr,source_group_holdout_70_15_15,tigpr:No_damage:1288,No_damage,No_damage,1
tigpr,source_group_holdout_70_15_15,tigpr:No_damage:1291,No_damage,No_damage,1
tigpr,source_group_holdout_70_15_15,tigpr:No_damage:1293,No_damage,No_damage,1
tigpr,source_group_holdout_70_15_15,tigpr:No_damage:1300,No_damage,No_damage,1
tigpr,source_group_holdout_70_15_15,tigpr:No_damage:1307,No_damage,No_damage,1
tigpr,source_group_holdout_70_15_15,tigpr:No_damage:1326,No_damage,No_damage,1
tigpr,source_group_holdout_70_15_15,tigpr:No_damage:1330,No_damage,No_damage,1
tigpr,source_group_holdout_70_15_15,tigpr:No_damage:1346,No_damage,No_damage,1
tigpr,source_group_holdout_70_15_15,tigpr:No_damage:1347,No_damage,No_damage,1
tigpr,source_group_holdout_70_15_15,tigpr:No_damage:1349,No_damage,No_damage,1
tigpr,source_group_holdout_70_15_15,tigpr:No_damage:1350,No_damage,No_damage,1
tigpr,source_group_holdout_70_15_15,tigpr:No_damage:1362,No_damage,No_damage,1
tigpr,source_group_holdout_70_15_15,tigpr:No_damage:1364,No_damage,No_damage,1
tigpr,source_group_holdout_70_15_15,tigpr:No_damage:1387,No_damage,No_damage,1
tigpr,source_group_holdout_70_15_15,tigpr:No_damage:1390,No_damage,No_damage,1
tigpr,source_group_holdout_70_15_15,tigpr:No_damage:1391,No_damage,No_damage,1
tigpr,source_group_holdout_70_15_15,tigpr:No_damage:1393,No_damage,No_damage,1
tigpr,source_group_holdout_70_15_15,tigpr:No_damage:1401,No_damage,No_damage,1
tigpr,source_group_holdout_70_15_15,tigpr:No_damage:1419,No_damage,No_damage,1
tigpr,source_group_holdout_70_15_15,tigpr:No_damage:1420,No_damage,No_damage,1
tigpr,source_group_holdout_70_15_15,tigpr:No_damage:1445,No_damage,No_damage,1
tigpr,source_group_holdout_70_15_15,tigpr:No_damage:1447,No_damage,No_damage,1
tigpr,source_group_holdout_70_15_15,tigpr:No_damage:1448,No_damage,No_damage,1
tigpr,source_group_holdout_70_15_15,tigpr:No_damage:1464,No_damage,No_damage,1
tigpr,source_group_holdout_70_15_15,tigpr:No_damage:1488,No_damage,No_damage,1
tigpr,source_group_holdout_70_15_15,tigpr:No_damage:1489,No_damage,No_damage,1
tigpr,source_group_holdout_70_15_15,tigpr:No_damage:1496,No_damage,Interlayer_bonding_deficiency,0
tigpr,source_group_holdout_70_15_15,tigpr:No_damage:1509,No_damage,No_damage,1
tigpr,source_group_holdout_70_15_15,tigpr:No_damage:1511,No_damage,No_damage,1
tigpr,source_group_holdout_70_15_15,tigpr:No_damage:1512,No_damage,No_damage,1
tigpr,source_group_holdout_70_15_15,tigpr:Void:2,Void,Void,1
tigpr,source_group_holdout_70_15_15,tigpr:Void:16,Void,Crack,0
tigpr,source_group_holdout_70_15_15,tigpr:Void:17,Void,Crack,0
tigpr,source_group_holdout_70_15_15,tigpr:Void:30,Void,Void,1
tigpr,source_group_holdout_70_15_15,tigpr:Void:31,Void,Interlayer_bonding_deficiency,0
tigpr,source_group_holdout_70_15_15,tigpr:Void:32,Void,Interlayer_bonding_deficiency,0
tigpr,source_group_holdout_70_15_15,tigpr:Void:40,Void,Crack,0
tigpr,source_group_holdout_70_15_15,tigpr:Void:44,Void,Crack,0
tigpr,source_group_holdout_70_15_15,tigpr:Void:69,Void,Interlayer_bonding_deficiency,0
tigpr,source_group_holdout_70_15_15,tigpr:Void:70,Void,Interlayer_bonding_deficiency,0
tigpr,source_group_holdout_70_15_15,tigpr:Void:71,Void,Void,1
tigpr,source_group_holdout_70_15_15,tigpr:Void:78,Void,Crack,0
tigpr,source_group_holdout_70_15_15,tigpr:Void:84,Void,Void,1
tigpr,source_group_holdout_70_15_15,tigpr:Void:85,Void,Void,1
tigpr,source_group_holdout_70_15_15,tigpr:Void:94,Void,Crack,0
tigpr,source_group_holdout_70_15_15,tigpr:Void:111,Void,No_damage,0
tigpr,source_group_holdout_70_15_15,tigpr:Void:122,Void,Crack,0
tigpr,source_group_holdout_70_15_15,tigpr:Void:123,Void,Crack,0
tigpr,source_group_holdout_70_15_15,tigpr:Void:130,Void,Void,1
tigpr,source_group_holdout_70_15_15,tigpr:Void:131,Void,Void,1
tigpr,source_group_holdout_70_15_15,tigpr:Void:136,Void,Crack,0
tigpr,source_group_holdout_70_15_15,tigpr:Void:156,Void,Void,1
tigpr,source_group_holdout_70_15_15,tigpr:Void:157,Void,Void,1
tigpr,source_group_holdout_70_15_15,tigpr:Void:158,Void,Crack,0
tigpr,source_group_holdout_70_15_15,tigpr:Void:174,Void,Void,1
tigpr,source_group_holdout_70_15_15,tigpr:Void:197,Void,Interlayer_bonding_deficiency,0
tigpr,source_group_holdout_70_15_15,tigpr:Void:198,Void,Interlayer_bonding_deficiency,0
tigpr,source_group_holdout_70_15_15,tigpr:Void:207,Void,Interlayer_bonding_deficiency,0
tigpr,source_group_holdout_70_15_15,tigpr:Void:208,Void,Interlayer_bonding_deficiency,0
tigpr,source_group_holdout_70_15_15,tigpr:Void:223,Void,Interlayer_bonding_deficiency,0
tigpr,source_group_holdout_70_15_15,tigpr:Void:225,Void,Interlayer_bonding_deficiency,0
tigpr,source_group_holdout_70_15_15,tigpr:Void:233,Void,Interlayer_bonding_deficiency,0
tigpr,source_group_holdout_70_15_15,tigpr:Void:235,Void,Interlayer_bonding_deficiency,0
tigpr,source_group_holdout_70_15_15,tigpr:Void:240,Void,Loose,0
tigpr,source_group_holdout_70_15_15,tigpr:Void:241,Void,Interlayer_bonding_deficiency,0
tigpr,source_group_holdout_70_15_15,tigpr:Void:242,Void,Interlayer_bonding_deficiency,0
tigpr,source_group_holdout_70_15_15,tigpr:Void:258,Void,Crack,0
tigpr,source_group_holdout_70_15_15,tigpr:Void:259,Void,Crack,0
tigpr,source_group_holdout_70_15_15,tigpr:Void:284,Void,Void,1
tigpr,source_group_holdout_70_15_15,tigpr:Void:285,Void,Void,1
tigpr,source_group_holdout_70_15_15,tigpr:Void:292,Void,Crack,0
tigpr,source_group_holdout_70_15_15,tigpr:Void:293,Void,Void,1
tigpr,source_group_holdout_70_15_15,tigpr:Void:294,Void,Void,1
tigpr,source_group_holdout_70_15_15,tigpr:Void:299,Void,Interlayer_bonding_deficiency,0
tigpr,source_group_holdout_70_15_15,tigpr:Void:302,Void,Crack,0
tigpr,provenance_size_holdout_p4,tigpr:Crack:3,Crack,Crack,1
tigpr,provenance_size_holdout_p4,tigpr:Crack:4,Crack,Crack,1
tigpr,provenance_size_holdout_p4,tigpr:Crack:10,Crack,Crack,1
tigpr,provenance_size_holdout_p4,tigpr:Crack:11,Crack,Crack,1
tigpr,provenance_size_holdout_p4,tigpr:Crack:17,Crack,Crack,1
tigpr,provenance_size_holdout_p4,tigpr:Crack:18,Crack,Crack,1
tigpr,provenance_size_holdout_p4,tigpr:Crack:20,Crack,Crack,1
tigpr,provenance_size_holdout_p4,tigpr:Crack:21,Crack,Crack,1
tigpr,provenance_size_holdout_p4,tigpr:Crack:23,Crack,Crack,1
tigpr,provenance_size_holdout_p4,tigpr:Crack:24,Crack,Crack,1
tigpr,provenance_size_holdout_p4,tigpr:Crack:27,Crack,Void,0
tigpr,provenance_size_holdout_p4,tigpr:Crack:28,Crack,Void,0
tigpr,provenance_size_holdout_p4,tigpr:Crack:31,Crack,Crack,1
tigpr,provenance_size_holdout_p4,tigpr:Crack:32,Crack,Crack,1
tigpr,provenance_size_holdout_p4,tigpr:Crack:34,Crack,Crack,1
tigpr,provenance_size_holdout_p4,tigpr:Crack:46,Crack,Crack,1
tigpr,provenance_size_holdout_p4,tigpr:Crack:47,Crack,Crack,1
tigpr,provenance_size_holdout_p4,tigpr:Crack:55,Crack,Crack,1
tigpr,provenance_size_holdout_p4,tigpr:Crack:56,Crack,Crack,1
tigpr,provenance_size_holdout_p4,tigpr:Crack:65,Crack,Void,0
tigpr,provenance_size_holdout_p4,tigpr:Crack:66,Crack,Void,0
tigpr,provenance_size_holdout_p4,tigpr:Crack:71,Crack,Crack,1
tigpr,provenance_size_holdout_p4,tigpr:Crack:72,Crack,Crack,1
tigpr,provenance_size_holdout_p4,tigpr:Crack:77,Crack,Interlayer_bonding_deficiency,0
tigpr,provenance_size_holdout_p4,tigpr:Crack:78,Crack,Interlayer_bonding_deficiency,0
tigpr,provenance_size_holdout_p4,tigpr:Crack:80,Crack,Crack,1
tigpr,provenance_size_holdout_p4,tigpr:Crack:81,Crack,Crack,1
tigpr,provenance_size_holdout_p4,tigpr:Crack:86,Crack,Interlayer_bonding_deficiency,0
tigpr,provenance_size_holdout_p4,tigpr:Crack:87,Crack,Interlayer_bonding_deficiency,0
tigpr,provenance_size_holdout_p4,tigpr:Crack:91,Crack,Crack,1
tigpr,provenance_size_holdout_p4,tigpr:Crack:92,Crack,Crack,1
tigpr,provenance_size_holdout_p4,tigpr:Crack:97,Crack,Crack,1
tigpr,provenance_size_holdout_p4,tigpr:Crack:98,Crack,Crack,1
tigpr,provenance_size_holdout_p4,tigpr:Crack:102,Crack,Crack,1
tigpr,provenance_size_holdout_p4,tigpr:Crack:105,Crack,Void,0
tigpr,provenance_size_holdout_p4,tigpr:Crack:106,Crack,Void,0
tigpr,provenance_size_holdout_p4,tigpr:Crack:108,Crack,Crack,1
tigpr,provenance_size_holdout_p4,tigpr:Crack:109,Crack,Crack,1
tigpr,provenance_size_holdout_p4,tigpr:Crack:110,Crack,Crack,1
tigpr,provenance_size_holdout_p4,tigpr:Crack:112,Crack,Void,0
tigpr,provenance_size_holdout_p4,tigpr:Crack:113,Crack,Void,0
tigpr,provenance_size_holdout_p4,tigpr:Crack:115,Crack,Crack,1
tigpr,provenance_size_holdout_p4,tigpr:Crack:116,Crack,Crack,1
tigpr,provenance_size_holdout_p4,tigpr:Crack:119,Crack,Void,0
tigpr,provenance_size_holdout_p4,tigpr:Crack:120,Crack,Void,0
tigpr,provenance_size_holdout_p4,tigpr:Crack:123,Crack,Crack,1
tigpr,provenance_size_holdout_p4,tigpr:Crack:124,Crack,Crack,1
tigpr,provenance_size_holdout_p4,tigpr:Crack:126,Crack,Interlayer_bonding_deficiency,0
tigpr,provenance_size_holdout_p4,tigpr:Crack:127,Crack,Interlayer_bonding_deficiency,0
tigpr,provenance_size_holdout_p4,tigpr:Crack:135,Crack,Crack,1
tigpr,provenance_size_holdout_p4,tigpr:Crack:136,Crack,Crack,1
tigpr,provenance_size_holdout_p4,tigpr:Crack:137,Crack,Crack,1
tigpr,provenance_size_holdout_p4,tigpr:Crack:148,Crack,Crack,1
tigpr,provenance_size_holdout_p4,tigpr:Crack:149,Crack,Crack,1
tigpr,provenance_size_holdout_p4,tigpr:Crack:154,Crack,Interlayer_bonding_deficiency,0
tigpr,provenance_size_holdout_p4,tigpr:Crack:155,Crack,Interlayer_bonding_deficiency,0
tigpr,provenance_size_holdout_p4,tigpr:Crack:163,Crack,Interlayer_bonding_deficiency,0
tigpr,provenance_size_holdout_p4,tigpr:Crack:164,Crack,Interlayer_bonding_deficiency,0
tigpr,provenance_size_holdout_p4,tigpr:Crack:166,Crack,Interlayer_bonding_deficiency,0
tigpr,provenance_size_holdout_p4,tigpr:Crack:167,Crack,Interlayer_bonding_deficiency,0
tigpr,provenance_size_holdout_p4,tigpr:Crack:169,Crack,Void,0
tigpr,provenance_size_holdout_p4,tigpr:Crack:170,Crack,Void,0
tigpr,provenance_size_holdout_p4,tigpr:Crack:173,Crack,Crack,1
tigpr,provenance_size_holdout_p4,tigpr:Crack:174,Crack,Crack,1
tigpr,provenance_size_holdout_p4,tigpr:Crack:176,Crack,Crack,1
tigpr,provenance_size_holdout_p4,tigpr:Crack:177,Crack,Crack,1
tigpr,provenance_size_holdout_p4,tigpr:Crack:179,Crack,Interlayer_bonding_deficiency,0
tigpr,provenance_size_holdout_p4,tigpr:Crack:180,Crack,Interlayer_bonding_deficiency,0
tigpr,provenance_size_holdout_p4,tigpr:Crack:185,Crack,Void,0
tigpr,provenance_size_holdout_p4,tigpr:Crack:186,Crack,Void,0
tigpr,provenance_size_holdout_p4,tigpr:Crack:192,Crack,Void,0
tigpr,provenance_size_holdout_p4,tigpr:Crack:193,Crack,Crack,1
tigpr,provenance_size_holdout_p4,tigpr:Crack:194,Crack,Crack,1
tigpr,provenance_size_holdout_p4,tigpr:Crack:198,Crack,Void,0
tigpr,provenance_size_holdout_p4,tigpr:Crack:199,Crack,Void,0
tigpr,provenance_size_holdout_p4,tigpr:Crack:201,Crack,Crack,1
tigpr,provenance_size_holdout_p4,tigpr:Crack:202,Crack,Crack,1
tigpr,provenance_size_holdout_p4,tigpr:Crack:208,Crack,Void,0
tigpr,provenance_size_holdout_p4,tigpr:Crack:211,Crack,Crack,1
tigpr,provenance_size_holdout_p4,tigpr:Crack:212,Crack,Crack,1
tigpr,provenance_size_holdout_p4,tigpr:Crack:216,Crack,Crack,1
tigpr,provenance_size_holdout_p4,tigpr:Crack:217,Crack,Crack,1
tigpr,provenance_size_holdout_p4,tigpr:Crack:222,Crack,Crack,1
tigpr,provenance_size_holdout_p4,tigpr:Crack:223,Crack,Crack,1
tigpr,provenance_size_holdout_p4,tigpr:Crack:228,Crack,Crack,1
tigpr,provenance_size_holdout_p4,tigpr:Crack:229,Crack,Crack,1
tigpr,provenance_size_holdout_p4,tigpr:Crack:234,Crack,Crack,1
tigpr,provenance_size_holdout_p4,tigpr:Crack:235,Crack,Crack,1
tigpr,provenance_size_holdout_p4,tigpr:Crack:241,Crack,Crack,1
tigpr,provenance_size_holdout_p4,tigpr:Crack:242,Crack,Crack,1
tigpr,provenance_size_holdout_p4,tigpr:Crack:243,Crack,Crack,1
tigpr,provenance_size_holdout_p4,tigpr:Crack:245,Crack,Crack,1
tigpr,provenance_size_holdout_p4,tigpr:Crack:246,Crack,Crack,1
tigpr,provenance_size_holdout_p4,tigpr:Crack:254,Crack,Crack,1
tigpr,provenance_size_holdout_p4,tigpr:Crack:255,Crack,Crack,1
tigpr,provenance_size_holdout_p4,tigpr:Crack:260,Crack,Crack,1
tigpr,provenance_size_holdout_p4,tigpr:Crack:266,Crack,Interlayer_bonding_deficiency,0
tigpr,provenance_size_holdout_p4,tigpr:Crack:267,Crack,Interlayer_bonding_deficiency,0
tigpr,provenance_size_holdout_p4,tigpr:Crack:269,Crack,Crack,1
tigpr,provenance_size_holdout_p4,tigpr:Crack:270,Crack,Crack,1
tigpr,provenance_size_holdout_p4,tigpr:Crack:278,Crack,Void,0
tigpr,provenance_size_holdout_p4,tigpr:Crack:279,Crack,Void,0
tigpr,provenance_size_holdout_p4,tigpr:Crack:282,Crack,Interlayer_bonding_deficiency,0
tigpr,provenance_size_holdout_p4,tigpr:Crack:283,Crack,Interlayer_bonding_deficiency,0
tigpr,provenance_size_holdout_p4,tigpr:Crack:286,Crack,Crack,1
tigpr,provenance_size_holdout_p4,tigpr:Crack:287,Crack,Crack,1
tigpr,provenance_size_holdout_p4,tigpr:Crack:289,Crack,Void,0
tigpr,provenance_size_holdout_p4,tigpr:Crack:290,Crack,Void,0
tigpr,provenance_size_holdout_p4,tigpr:Crack:292,Crack,Crack,1
tigpr,provenance_size_holdout_p4,tigpr:Crack:293,Crack,Crack,1
tigpr,provenance_size_holdout_p4,tigpr:Crack:297,Crack,Crack,1
tigpr,provenance_size_holdout_p4,tigpr:Crack:298,Crack,Crack,1
tigpr,provenance_size_holdout_p4,tigpr:Crack:300,Crack,Crack,1
tigpr,provenance_size_holdout_p4,tigpr:Crack:309,Crack,Void,0
tigpr,provenance_size_holdout_p4,tigpr:Crack:310,Crack,Void,0
tigpr,provenance_size_holdout_p4,tigpr:Crack:312,Crack,Void,0
tigpr,provenance_size_holdout_p4,tigpr:Crack:313,Crack,Void,0
tigpr,provenance_size_holdout_p4,tigpr:Crack:319,Crack,Crack,1
tigpr,provenance_size_holdout_p4,tigpr:Crack:320,Crack,Crack,1
tigpr,provenance_size_holdout_p4,tigpr:Crack:322,Crack,Crack,1
tigpr,provenance_size_holdout_p4,tigpr:Crack:323,Crack,Crack,1
tigpr,provenance_size_holdout_p4,tigpr:Crack:327,Crack,Void,0
tigpr,provenance_size_holdout_p4,tigpr:Crack:328,Crack,Void,0
tigpr,provenance_size_holdout_p4,tigpr:Crack:330,Crack,Void,0
tigpr,provenance_size_holdout_p4,tigpr:Crack:331,Crack,Void,0
tigpr,provenance_size_holdout_p4,tigpr:Crack:336,Crack,Void,0
tigpr,provenance_size_holdout_p4,tigpr:Crack:337,Crack,Void,0
tigpr,provenance_size_holdout_p4,tigpr:Crack:342,Crack,Crack,1
tigpr,provenance_size_holdout_p4,tigpr:Crack:343,Crack,Crack,1
tigpr,provenance_size_holdout_p4,tigpr:Crack:347,Crack,Crack,1
tigpr,provenance_size_holdout_p4,tigpr:Crack:348,Crack,Crack,1
tigpr,provenance_size_holdout_p4,tigpr:Crack:353,Crack,Crack,1
tigpr,provenance_size_holdout_p4,tigpr:Crack:354,Crack,Crack,1
tigpr,provenance_size_holdout_p4,tigpr:Crack:356,Crack,Crack,1
tigpr,provenance_size_holdout_p4,tigpr:Crack:357,Crack,Crack,1
tigpr,provenance_size_holdout_p4,tigpr:Crack:359,Crack,Void,0
tigpr,provenance_size_holdout_p4,tigpr:Crack:360,Crack,Void,0
tigpr,provenance_size_holdout_p4,tigpr:Crack:362,Crack,Interlayer_bonding_deficiency,0
tigpr,provenance_size_holdout_p4,tigpr:Crack:363,Crack,Interlayer_bonding_deficiency,0
tigpr,provenance_size_holdout_p4,tigpr:Crack:369,Crack,Void,0
tigpr,provenance_size_holdout_p4,tigpr:Crack:370,Crack,Void,0
tigpr,provenance_size_holdout_p4,tigpr:Crack:381,Crack,Crack,1
tigpr,provenance_size_holdout_p4,tigpr:Crack:382,Crack,Crack,1
tigpr,provenance_size_holdout_p4,tigpr:Crack:386,Crack,Void,0
tigpr,provenance_size_holdout_p4,tigpr:Crack:387,Crack,Void,0
tigpr,provenance_size_holdout_p4,tigpr:Crack:389,Crack,Crack,1
tigpr,provenance_size_holdout_p4,tigpr:Crack:390,Crack,Crack,1
tigpr,provenance_size_holdout_p4,tigpr:Crack:392,Crack,Interlayer_bonding_deficiency,0
tigpr,provenance_size_holdout_p4,tigpr:Crack:393,Crack,Interlayer_bonding_deficiency,0
tigpr,provenance_size_holdout_p4,tigpr:Crack:399,Crack,Crack,1
tigpr,provenance_size_holdout_p4,tigpr:Crack:400,Crack,Crack,1
tigpr,provenance_size_holdout_p4,tigpr:Crack:402,Crack,Crack,1
tigpr,provenance_size_holdout_p4,tigpr:Crack:403,Crack,Crack,1
tigpr,provenance_size_holdout_p4,tigpr:Crack:406,Crack,Crack,1
tigpr,provenance_size_holdout_p4,tigpr:Crack:407,Crack,Crack,1
tigpr,provenance_size_holdout_p4,tigpr:Crack:411,Crack,Crack,1
tigpr,provenance_size_holdout_p4,tigpr:Crack:412,Crack,Crack,1
tigpr,provenance_size_holdout_p4,tigpr:Crack:418,Crack,Crack,1
tigpr,provenance_size_holdout_p4,tigpr:Crack:419,Crack,Crack,1
tigpr,provenance_size_holdout_p4,tigpr:Crack:421,Crack,Void,0
tigpr,provenance_size_holdout_p4,tigpr:Crack:422,Crack,Void,0
tigpr,provenance_size_holdout_p4,tigpr:Crack:426,Crack,Crack,1
tigpr,provenance_size_holdout_p4,tigpr:Crack:427,Crack,Crack,1
tigpr,provenance_size_holdout_p4,tigpr:Crack:431,Crack,Crack,1
tigpr,provenance_size_holdout_p4,tigpr:Crack:432,Crack,Crack,1
tigpr,provenance_size_holdout_p4,tigpr:Crack:434,Crack,Crack,1
tigpr,provenance_size_holdout_p4,tigpr:Crack:435,Crack,Crack,1
tigpr,provenance_size_holdout_p4,tigpr:Crack:442,Crack,Void,0
tigpr,provenance_size_holdout_p4,tigpr:Crack:443,Crack,Void,0
tigpr,provenance_size_holdout_p4,tigpr:Crack:445,Crack,Crack,1
tigpr,provenance_size_holdout_p4,tigpr:Crack:446,Crack,Crack,1
tigpr,provenance_size_holdout_p4,tigpr:Crack:451,Crack,Void,0
tigpr,provenance_size_holdout_p4,tigpr:Crack:452,Crack,Void,0
tigpr,provenance_size_holdout_p4,tigpr:Crack:465,Crack,Loose,0
tigpr,provenance_size_holdout_p4,tigpr:Crack:467,Crack,Interlayer_bonding_deficiency,0
tigpr,provenance_size_holdout_p4,tigpr:Crack:468,Crack,Crack,1
tigpr,provenance_size_holdout_p4,tigpr:Crack:469,Crack,Crack,1
tigpr,provenance_size_holdout_p4,tigpr:Crack:474,Crack,Crack,1
tigpr,provenance_size_holdout_p4,tigpr:Crack:475,Crack,Crack,1
tigpr,provenance_size_holdout_p4,tigpr:Crack:477,Crack,Crack,1
tigpr,provenance_size_holdout_p4,tigpr:Crack:478,Crack,Crack,1
tigpr,provenance_size_holdout_p4,tigpr:Crack:480,Crack,Crack,1
tigpr,provenance_size_holdout_p4,tigpr:Crack:481,Crack,Crack,1
tigpr,provenance_size_holdout_p4,tigpr:Crack:483,Crack,Interlayer_bonding_deficiency,0
tigpr,provenance_size_holdout_p4,tigpr:Crack:484,Crack,Interlayer_bonding_deficiency,0
tigpr,provenance_size_holdout_p4,tigpr:Crack:487,Crack,Interlayer_bonding_deficiency,0
tigpr,provenance_size_holdout_p4,tigpr:Crack:499,Crack,Crack,1
tigpr,provenance_size_holdout_p4,tigpr:Crack:500,Crack,Crack,1
tigpr,provenance_size_holdout_p4,tigpr:Crack:509,Crack,Crack,1
tigpr,provenance_size_holdout_p4,tigpr:Crack:510,Crack,Crack,1
tigpr,provenance_size_holdout_p4,tigpr:Crack:512,Crack,Void,0
tigpr,provenance_size_holdout_p4,tigpr:Crack:513,Crack,Void,0
tigpr,provenance_size_holdout_p4,tigpr:Crack:519,Crack,Void,0
tigpr,provenance_size_holdout_p4,tigpr:Crack:520,Crack,Void,0
tigpr,provenance_size_holdout_p4,tigpr:Crack:531,Crack,Void,0
tigpr,provenance_size_holdout_p4,tigpr:Crack:532,Crack,Void,0
tigpr,provenance_size_holdout_p4,tigpr:Crack:534,Crack,Void,0
tigpr,provenance_size_holdout_p4,tigpr:Crack:535,Crack,Void,0
tigpr,provenance_size_holdout_p4,tigpr:Crack:540,Crack,Interlayer_bonding_deficiency,0
tigpr,provenance_size_holdout_p4,tigpr:Crack:541,Crack,Interlayer_bonding_deficiency,0
tigpr,provenance_size_holdout_p4,tigpr:Crack:543,Crack,Crack,1
tigpr,provenance_size_holdout_p4,tigpr:Crack:544,Crack,Crack,1
tigpr,provenance_size_holdout_p4,tigpr:Crack:546,Crack,Crack,1
tigpr,provenance_size_holdout_p4,tigpr:Crack:547,Crack,Crack,1
tigpr,provenance_size_holdout_p4,tigpr:Crack:549,Crack,Interlayer_bonding_deficiency,0
tigpr,provenance_size_holdout_p4,tigpr:Crack:550,Crack,Interlayer_bonding_deficiency,0
tigpr,provenance_size_holdout_p4,tigpr:Crack:554,Crack,Crack,1
tigpr,provenance_size_holdout_p4,tigpr:Crack:555,Crack,Crack,1
tigpr,provenance_size_holdout_p4,tigpr:Crack:557,Crack,Interlayer_bonding_deficiency,0
tigpr,provenance_size_holdout_p4,tigpr:Crack:558,Crack,Interlayer_bonding_deficiency,0
tigpr,provenance_size_holdout_p4,tigpr:Crack:561,Crack,Interlayer_bonding_deficiency,0
tigpr,provenance_size_holdout_p4,tigpr:Crack:562,Crack,Interlayer_bonding_deficiency,0
tigpr,provenance_size_holdout_p4,tigpr:Crack:564,Crack,Crack,1
tigpr,provenance_size_holdout_p4,tigpr:Crack:565,Crack,Crack,1
tigpr,provenance_size_holdout_p4,tigpr:Crack:567,Crack,Crack,1
tigpr,provenance_size_holdout_p4,tigpr:Crack:568,Crack,Crack,1
tigpr,provenance_size_holdout_p4,tigpr:Crack:570,Crack,Crack,1
tigpr,provenance_size_holdout_p4,tigpr:Crack:571,Crack,Crack,1
tigpr,provenance_size_holdout_p4,tigpr:Crack:575,Crack,Void,0
tigpr,provenance_size_holdout_p4,tigpr:Crack:576,Crack,Void,0
tigpr,provenance_size_holdout_p4,tigpr:Crack:601,Crack,Crack,1
tigpr,provenance_size_holdout_p4,tigpr:Crack:603,Crack,Crack,1
tigpr,provenance_size_holdout_p4,tigpr:Crack:609,Crack,Crack,1
tigpr,provenance_size_holdout_p4,tigpr:Crack:610,Crack,Crack,1
tigpr,provenance_size_holdout_p4,tigpr:Crack:613,Crack,Crack,1
tigpr,provenance_size_holdout_p4,tigpr:Crack:616,Crack,Crack,1
tigpr,provenance_size_holdout_p4,tigpr:Crack:624,Crack,Crack,1
tigpr,provenance_size_holdout_p4,tigpr:Crack:625,Crack,Crack,1
tigpr,provenance_size_holdout_p4,tigpr:Crack:627,Crack,Interlayer_bonding_deficiency,0
tigpr,provenance_size_holdout_p4,tigpr:Crack:628,Crack,Interlayer_bonding_deficiency,0
tigpr,provenance_size_holdout_p4,tigpr:Crack:635,Crack,Crack,1
tigpr,provenance_size_holdout_p4,tigpr:Crack:636,Crack,Crack,1
tigpr,provenance_size_holdout_p4,tigpr:Crack:638,Crack,Void,0
tigpr,provenance_size_holdout_p4,tigpr:Crack:639,Crack,Void,0
tigpr,provenance_size_holdout_p4,tigpr:Crack:641,Crack,Crack,1
tigpr,provenance_size_holdout_p4,tigpr:Crack:642,Crack,Crack,1
tigpr,provenance_size_holdout_p4,tigpr:Crack:643,Crack,Crack,1
tigpr,provenance_size_holdout_p4,tigpr:Crack:648,Crack,Void,0
tigpr,provenance_size_holdout_p4,tigpr:Crack:649,Crack,Void,0
tigpr,provenance_size_holdout_p4,tigpr:Crack:653,Crack,Crack,1
tigpr,provenance_size_holdout_p4,tigpr:Crack:657,Crack,Crack,1
tigpr,provenance_size_holdout_p4,tigpr:Crack:658,Crack,Crack,1
tigpr,provenance_size_holdout_p4,tigpr:Crack:660,Crack,Void,0
tigpr,provenance_size_holdout_p4,tigpr:Crack:661,Crack,Void,0
tigpr,provenance_size_holdout_p4,tigpr:Interlayer_bonding_deficiency:5,Interlayer_bonding_deficiency,Interlayer_bonding_deficiency,1
tigpr,provenance_size_holdout_p4,tigpr:Interlayer_bonding_deficiency:11,Interlayer_bonding_deficiency,Interlayer_bonding_deficiency,1
tigpr,provenance_size_holdout_p4,tigpr:Interlayer_bonding_deficiency:14,Interlayer_bonding_deficiency,Interlayer_bonding_deficiency,1
tigpr,provenance_size_holdout_p4,tigpr:Interlayer_bonding_deficiency:17,Interlayer_bonding_deficiency,Interlayer_bonding_deficiency,1
tigpr,provenance_size_holdout_p4,tigpr:Interlayer_bonding_deficiency:18,Interlayer_bonding_deficiency,Interlayer_bonding_deficiency,1
tigpr,provenance_size_holdout_p4,tigpr:Interlayer_bonding_deficiency:24,Interlayer_bonding_deficiency,Interlayer_bonding_deficiency,1
tigpr,provenance_size_holdout_p4,tigpr:Interlayer_bonding_deficiency:31,Interlayer_bonding_deficiency,Interlayer_bonding_deficiency,1
tigpr,provenance_size_holdout_p4,tigpr:Interlayer_bonding_deficiency:35,Interlayer_bonding_deficiency,Loose,0
tigpr,provenance_size_holdout_p4,tigpr:Interlayer_bonding_deficiency:39,Interlayer_bonding_deficiency,Interlayer_bonding_deficiency,1
tigpr,provenance_size_holdout_p4,tigpr:Interlayer_bonding_deficiency:40,Interlayer_bonding_deficiency,Interlayer_bonding_deficiency,1
tigpr,provenance_size_holdout_p4,tigpr:Interlayer_bonding_deficiency:44,Interlayer_bonding_deficiency,Interlayer_bonding_deficiency,1
tigpr,provenance_size_holdout_p4,tigpr:Interlayer_bonding_deficiency:53,Interlayer_bonding_deficiency,Interlayer_bonding_deficiency,1
tigpr,provenance_size_holdout_p4,tigpr:Interlayer_bonding_deficiency:63,Interlayer_bonding_deficiency,Loose,0
tigpr,provenance_size_holdout_p4,tigpr:Interlayer_bonding_deficiency:69,Interlayer_bonding_deficiency,Interlayer_bonding_deficiency,1
tigpr,provenance_size_holdout_p4,tigpr:Interlayer_bonding_deficiency:71,Interlayer_bonding_deficiency,Interlayer_bonding_deficiency,1
tigpr,provenance_size_holdout_p4,tigpr:Interlayer_bonding_deficiency:73,Interlayer_bonding_deficiency,Loose,0
tigpr,provenance_size_holdout_p4,tigpr:Interlayer_bonding_deficiency:81,Interlayer_bonding_deficiency,Interlayer_bonding_deficiency,1
tigpr,provenance_size_holdout_p4,tigpr:Interlayer_bonding_deficiency:86,Interlayer_bonding_deficiency,Interlayer_bonding_deficiency,1
tigpr,provenance_size_holdout_p4,tigpr:Interlayer_bonding_deficiency:91,Interlayer_bonding_deficiency,Loose,0
tigpr,provenance_size_holdout_p4,tigpr:Interlayer_bonding_deficiency:93,Interlayer_bonding_deficiency,Interlayer_bonding_deficiency,1
tigpr,provenance_size_holdout_p4,tigpr:Interlayer_bonding_deficiency:95,Interlayer_bonding_deficiency,Interlayer_bonding_deficiency,1
tigpr,provenance_size_holdout_p4,tigpr:Interlayer_bonding_deficiency:102,Interlayer_bonding_deficiency,Interlayer_bonding_deficiency,1
tigpr,provenance_size_holdout_p4,tigpr:Interlayer_bonding_deficiency:106,Interlayer_bonding_deficiency,Interlayer_bonding_deficiency,1
tigpr,provenance_size_holdout_p4,tigpr:Interlayer_bonding_deficiency:109,Interlayer_bonding_deficiency,Loose,0
tigpr,provenance_size_holdout_p4,tigpr:Interlayer_bonding_deficiency:111,Interlayer_bonding_deficiency,Interlayer_bonding_deficiency,1
tigpr,provenance_size_holdout_p4,tigpr:Interlayer_bonding_deficiency:112,Interlayer_bonding_deficiency,Interlayer_bonding_deficiency,1
tigpr,provenance_size_holdout_p4,tigpr:Interlayer_bonding_deficiency:113,Interlayer_bonding_deficiency,Interlayer_bonding_deficiency,1
tigpr,provenance_size_holdout_p4,tigpr:Interlayer_bonding_deficiency:115,Interlayer_bonding_deficiency,Interlayer_bonding_deficiency,1
tigpr,provenance_size_holdout_p4,tigpr:Interlayer_bonding_deficiency:117,Interlayer_bonding_deficiency,Interlayer_bonding_deficiency,1
tigpr,provenance_size_holdout_p4,tigpr:Interlayer_bonding_deficiency:122,Interlayer_bonding_deficiency,Interlayer_bonding_deficiency,1
tigpr,provenance_size_holdout_p4,tigpr:Interlayer_bonding_deficiency:126,Interlayer_bonding_deficiency,Interlayer_bonding_deficiency,1
tigpr,provenance_size_holdout_p4,tigpr:Interlayer_bonding_deficiency:145,Interlayer_bonding_deficiency,Interlayer_bonding_deficiency,1
tigpr,provenance_size_holdout_p4,tigpr:Interlayer_bonding_deficiency:147,Interlayer_bonding_deficiency,Interlayer_bonding_deficiency,1
tigpr,provenance_size_holdout_p4,tigpr:Interlayer_bonding_deficiency:148,Interlayer_bonding_deficiency,Loose,0
tigpr,provenance_size_holdout_p4,tigpr:Interlayer_bonding_deficiency:154,Interlayer_bonding_deficiency,Interlayer_bonding_deficiency,1
tigpr,provenance_size_holdout_p4,tigpr:Interlayer_bonding_deficiency:165,Interlayer_bonding_deficiency,Interlayer_bonding_deficiency,1
tigpr,provenance_size_holdout_p4,tigpr:Interlayer_bonding_deficiency:166,Interlayer_bonding_deficiency,Interlayer_bonding_deficiency,1
tigpr,provenance_size_holdout_p4,tigpr:Interlayer_bonding_deficiency:172,Interlayer_bonding_deficiency,Interlayer_bonding_deficiency,1
tigpr,provenance_size_holdout_p4,tigpr:Interlayer_bonding_deficiency:178,Interlayer_bonding_deficiency,Interlayer_bonding_deficiency,1
tigpr,provenance_size_holdout_p4,tigpr:Interlayer_bonding_deficiency:179,Interlayer_bonding_deficiency,Interlayer_bonding_deficiency,1
tigpr,provenance_size_holdout_p4,tigpr:Interlayer_bonding_deficiency:182,Interlayer_bonding_deficiency,Interlayer_bonding_deficiency,1
tigpr,provenance_size_holdout_p4,tigpr:Interlayer_bonding_deficiency:201,Interlayer_bonding_deficiency,Interlayer_bonding_deficiency,1
tigpr,provenance_size_holdout_p4,tigpr:Interlayer_bonding_deficiency:202,Interlayer_bonding_deficiency,Interlayer_bonding_deficiency,1
tigpr,provenance_size_holdout_p4,tigpr:Interlayer_bonding_deficiency:204,Interlayer_bonding_deficiency,Interlayer_bonding_deficiency,1
tigpr,provenance_size_holdout_p4,tigpr:Interlayer_bonding_deficiency:205,Interlayer_bonding_deficiency,Interlayer_bonding_deficiency,1
tigpr,provenance_size_holdout_p4,tigpr:Interlayer_bonding_deficiency:206,Interlayer_bonding_deficiency,Interlayer_bonding_deficiency,1
tigpr,provenance_size_holdout_p4,tigpr:Interlayer_bonding_deficiency:209,Interlayer_bonding_deficiency,Interlayer_bonding_deficiency,1
tigpr,provenance_size_holdout_p4,tigpr:Interlayer_bonding_deficiency:218,Interlayer_bonding_deficiency,Interlayer_bonding_deficiency,1
tigpr,provenance_size_holdout_p4,tigpr:Interlayer_bonding_deficiency:265,Interlayer_bonding_deficiency,Loose,0
tigpr,provenance_size_holdout_p4,tigpr:Interlayer_bonding_deficiency:272,Interlayer_bonding_deficiency,Interlayer_bonding_deficiency,1
tigpr,provenance_size_holdout_p4,tigpr:Interlayer_bonding_deficiency:284,Interlayer_bonding_deficiency,Interlayer_bonding_deficiency,1
tigpr,provenance_size_holdout_p4,tigpr:Interlayer_bonding_deficiency:290,Interlayer_bonding_deficiency,Loose,0
tigpr,provenance_size_holdout_p4,tigpr:Interlayer_bonding_deficiency:303,Interlayer_bonding_deficiency,Interlayer_bonding_deficiency,1
tigpr,provenance_size_holdout_p4,tigpr:Interlayer_bonding_deficiency:314,Interlayer_bonding_deficiency,Interlayer_bonding_deficiency,1
tigpr,provenance_size_holdout_p4,tigpr:Interlayer_bonding_deficiency:317,Interlayer_bonding_deficiency,Interlayer_bonding_deficiency,1
tigpr,provenance_size_holdout_p4,tigpr:Interlayer_bonding_deficiency:327,Interlayer_bonding_deficiency,Interlayer_bonding_deficiency,1
tigpr,provenance_size_holdout_p4,tigpr:Interlayer_bonding_deficiency:330,Interlayer_bonding_deficiency,Loose,0
tigpr,provenance_size_holdout_p4,tigpr:Interlayer_bonding_deficiency:332,Interlayer_bonding_deficiency,Interlayer_bonding_deficiency,1
tigpr,provenance_size_holdout_p4,tigpr:Interlayer_bonding_deficiency:334,Interlayer_bonding_deficiency,Interlayer_bonding_deficiency,1
tigpr,provenance_size_holdout_p4,tigpr:Interlayer_bonding_deficiency:339,Interlayer_bonding_deficiency,Interlayer_bonding_deficiency,1
tigpr,provenance_size_holdout_p4,tigpr:Interlayer_bonding_deficiency:342,Interlayer_bonding_deficiency,Interlayer_bonding_deficiency,1
tigpr,provenance_size_holdout_p4,tigpr:Interlayer_bonding_deficiency:343,Interlayer_bonding_deficiency,Interlayer_bonding_deficiency,1
tigpr,provenance_size_holdout_p4,tigpr:Interlayer_bonding_deficiency:346,Interlayer_bonding_deficiency,Interlayer_bonding_deficiency,1
tigpr,provenance_size_holdout_p4,tigpr:Interlayer_bonding_deficiency:356,Interlayer_bonding_deficiency,Interlayer_bonding_deficiency,1
tigpr,provenance_size_holdout_p4,tigpr:Interlayer_bonding_deficiency:359,Interlayer_bonding_deficiency,Interlayer_bonding_deficiency,1
tigpr,provenance_size_holdout_p4,tigpr:Interlayer_bonding_deficiency:363,Interlayer_bonding_deficiency,Void,0
tigpr,provenance_size_holdout_p4,tigpr:Interlayer_bonding_deficiency:364,Interlayer_bonding_deficiency,Interlayer_bonding_deficiency,1
tigpr,provenance_size_holdout_p4,tigpr:Interlayer_bonding_deficiency:371,Interlayer_bonding_deficiency,Interlayer_bonding_deficiency,1
tigpr,provenance_size_holdout_p4,tigpr:Interlayer_bonding_deficiency:391,Interlayer_bonding_deficiency,Interlayer_bonding_deficiency,1
tigpr,provenance_size_holdout_p4,tigpr:Interlayer_bonding_deficiency:392,Interlayer_bonding_deficiency,Interlayer_bonding_deficiency,1
tigpr,provenance_size_holdout_p4,tigpr:Interlayer_bonding_deficiency:394,Interlayer_bonding_deficiency,Interlayer_bonding_deficiency,1
tigpr,provenance_size_holdout_p4,tigpr:Interlayer_bonding_deficiency:397,Interlayer_bonding_deficiency,Void,0
tigpr,provenance_size_holdout_p4,tigpr:Interlayer_bonding_deficiency:405,Interlayer_bonding_deficiency,Interlayer_bonding_deficiency,1
tigpr,provenance_size_holdout_p4,tigpr:Interlayer_bonding_deficiency:408,Interlayer_bonding_deficiency,Interlayer_bonding_deficiency,1
tigpr,provenance_size_holdout_p4,tigpr:Interlayer_bonding_deficiency:422,Interlayer_bonding_deficiency,Interlayer_bonding_deficiency,1
tigpr,provenance_size_holdout_p4,tigpr:Interlayer_bonding_deficiency:430,Interlayer_bonding_deficiency,No_damage,0
tigpr,provenance_size_holdout_p4,tigpr:Interlayer_bonding_deficiency:433,Interlayer_bonding_deficiency,Interlayer_bonding_deficiency,1
tigpr,provenance_size_holdout_p4,tigpr:Interlayer_bonding_deficiency:440,Interlayer_bonding_deficiency,Loose,0
tigpr,provenance_size_holdout_p4,tigpr:Interlayer_bonding_deficiency:446,Interlayer_bonding_deficiency,Interlayer_bonding_deficiency,1
tigpr,provenance_size_holdout_p4,tigpr:Interlayer_bonding_deficiency:449,Interlayer_bonding_deficiency,Void,0
tigpr,provenance_size_holdout_p4,tigpr:Interlayer_bonding_deficiency:461,Interlayer_bonding_deficiency,Interlayer_bonding_deficiency,1
tigpr,provenance_size_holdout_p4,tigpr:Interlayer_bonding_deficiency:468,Interlayer_bonding_deficiency,Interlayer_bonding_deficiency,1
tigpr,provenance_size_holdout_p4,tigpr:Interlayer_bonding_deficiency:471,Interlayer_bonding_deficiency,Interlayer_bonding_deficiency,1
tigpr,provenance_size_holdout_p4,tigpr:Interlayer_bonding_deficiency:480,Interlayer_bonding_deficiency,Interlayer_bonding_deficiency,1
tigpr,provenance_size_holdout_p4,tigpr:Interlayer_bonding_deficiency:486,Interlayer_bonding_deficiency,Interlayer_bonding_deficiency,1
tigpr,provenance_size_holdout_p4,tigpr:Interlayer_bonding_deficiency:493,Interlayer_bonding_deficiency,Interlayer_bonding_deficiency,1
tigpr,provenance_size_holdout_p4,tigpr:Interlayer_bonding_deficiency:496,Interlayer_bonding_deficiency,Interlayer_bonding_deficiency,1
tigpr,provenance_size_holdout_p4,tigpr:Interlayer_bonding_deficiency:497,Interlayer_bonding_deficiency,Interlayer_bonding_deficiency,1
tigpr,provenance_size_holdout_p4,tigpr:Interlayer_bonding_deficiency:499,Interlayer_bonding_deficiency,Interlayer_bonding_deficiency,1
tigpr,provenance_size_holdout_p4,tigpr:Interlayer_bonding_deficiency:500,Interlayer_bonding_deficiency,Interlayer_bonding_deficiency,1
tigpr,provenance_size_holdout_p4,tigpr:Interlayer_bonding_deficiency:501,Interlayer_bonding_deficiency,Interlayer_bonding_deficiency,1
tigpr,provenance_size_holdout_p4,tigpr:Interlayer_bonding_deficiency:503,Interlayer_bonding_deficiency,Interlayer_bonding_deficiency,1
tigpr,provenance_size_holdout_p4,tigpr:Interlayer_bonding_deficiency:508,Interlayer_bonding_deficiency,Interlayer_bonding_deficiency,1
tigpr,provenance_size_holdout_p4,tigpr:Interlayer_bonding_deficiency:510,Interlayer_bonding_deficiency,Interlayer_bonding_deficiency,1
tigpr,provenance_size_holdout_p4,tigpr:Interlayer_bonding_deficiency:521,Interlayer_bonding_deficiency,Interlayer_bonding_deficiency,1
tigpr,provenance_size_holdout_p4,tigpr:Interlayer_bonding_deficiency:526,Interlayer_bonding_deficiency,Interlayer_bonding_deficiency,1
tigpr,provenance_size_holdout_p4,tigpr:Interlayer_bonding_deficiency:531,Interlayer_bonding_deficiency,Interlayer_bonding_deficiency,1
tigpr,provenance_size_holdout_p4,tigpr:Interlayer_bonding_deficiency:534,Interlayer_bonding_deficiency,Interlayer_bonding_deficiency,1
tigpr,provenance_size_holdout_p4,tigpr:Interlayer_bonding_deficiency:539,Interlayer_bonding_deficiency,Interlayer_bonding_deficiency,1
tigpr,provenance_size_holdout_p4,tigpr:Interlayer_bonding_deficiency:554,Interlayer_bonding_deficiency,Interlayer_bonding_deficiency,1
tigpr,provenance_size_holdout_p4,tigpr:Interlayer_bonding_deficiency:555,Interlayer_bonding_deficiency,Interlayer_bonding_deficiency,1
tigpr,provenance_size_holdout_p4,tigpr:Interlayer_bonding_deficiency:560,Interlayer_bonding_deficiency,Interlayer_bonding_deficiency,1
tigpr,provenance_size_holdout_p4,tigpr:Interlayer_bonding_deficiency:568,Interlayer_bonding_deficiency,No_damage,0
tigpr,provenance_size_holdout_p4,tigpr:Interlayer_bonding_deficiency:575,Interlayer_bonding_deficiency,Interlayer_bonding_deficiency,1
tigpr,provenance_size_holdout_p4,tigpr:Interlayer_bonding_deficiency:576,Interlayer_bonding_deficiency,Interlayer_bonding_deficiency,1
tigpr,provenance_size_holdout_p4,tigpr:Interlayer_bonding_deficiency:578,Interlayer_bonding_deficiency,Interlayer_bonding_deficiency,1
tigpr,provenance_size_holdout_p4,tigpr:Interlayer_bonding_deficiency:585,Interlayer_bonding_deficiency,Interlayer_bonding_deficiency,1
tigpr,provenance_size_holdout_p4,tigpr:Interlayer_bonding_deficiency:586,Interlayer_bonding_deficiency,Interlayer_bonding_deficiency,1
tigpr,provenance_size_holdout_p4,tigpr:Interlayer_bonding_deficiency:592,Interlayer_bonding_deficiency,Interlayer_bonding_deficiency,1
tigpr,provenance_size_holdout_p4,tigpr:Interlayer_bonding_deficiency:595,Interlayer_bonding_deficiency,Interlayer_bonding_deficiency,1
tigpr,provenance_size_holdout_p4,tigpr:Interlayer_bonding_deficiency:598,Interlayer_bonding_deficiency,Interlayer_bonding_deficiency,1
tigpr,provenance_size_holdout_p4,tigpr:Interlayer_bonding_deficiency:600,Interlayer_bonding_deficiency,Loose,0
tigpr,provenance_size_holdout_p4,tigpr:Interlayer_bonding_deficiency:602,Interlayer_bonding_deficiency,Interlayer_bonding_deficiency,1
tigpr,provenance_size_holdout_p4,tigpr:Interlayer_bonding_deficiency:613,Interlayer_bonding_deficiency,Interlayer_bonding_deficiency,1
tigpr,provenance_size_holdout_p4,tigpr:Interlayer_bonding_deficiency:619,Interlayer_bonding_deficiency,Loose,0
tigpr,provenance_size_holdout_p4,tigpr:Interlayer_bonding_deficiency:624,Interlayer_bonding_deficiency,Interlayer_bonding_deficiency,1
tigpr,provenance_size_holdout_p4,tigpr:Interlayer_bonding_deficiency:635,Interlayer_bonding_deficiency,Interlayer_bonding_deficiency,1
tigpr,provenance_size_holdout_p4,tigpr:Interlayer_bonding_deficiency:637,Interlayer_bonding_deficiency,Loose,0
tigpr,provenance_size_holdout_p4,tigpr:Interlayer_bonding_deficiency:643,Interlayer_bonding_deficiency,Loose,0
tigpr,provenance_size_holdout_p4,tigpr:Interlayer_bonding_deficiency:650,Interlayer_bonding_deficiency,Loose,0
tigpr,provenance_size_holdout_p4,tigpr:Interlayer_bonding_deficiency:651,Interlayer_bonding_deficiency,Interlayer_bonding_deficiency,1
tigpr,provenance_size_holdout_p4,tigpr:Interlayer_bonding_deficiency:660,Interlayer_bonding_deficiency,Interlayer_bonding_deficiency,1
tigpr,provenance_size_holdout_p4,tigpr:Interlayer_bonding_deficiency:675,Interlayer_bonding_deficiency,Interlayer_bonding_deficiency,1
tigpr,provenance_size_holdout_p4,tigpr:Interlayer_bonding_deficiency:680,Interlayer_bonding_deficiency,Loose,0
tigpr,provenance_size_holdout_p4,tigpr:Interlayer_bonding_deficiency:684,Interlayer_bonding_deficiency,Interlayer_bonding_deficiency,1
tigpr,provenance_size_holdout_p4,tigpr:Interlayer_bonding_deficiency:689,Interlayer_bonding_deficiency,Interlayer_bonding_deficiency,1
tigpr,provenance_size_holdout_p4,tigpr:Interlayer_bonding_deficiency:692,Interlayer_bonding_deficiency,Loose,0
tigpr,provenance_size_holdout_p4,tigpr:Interlayer_bonding_deficiency:696,Interlayer_bonding_deficiency,Interlayer_bonding_deficiency,1
tigpr,provenance_size_holdout_p4,tigpr:Interlayer_bonding_deficiency:703,Interlayer_bonding_deficiency,Interlayer_bonding_deficiency,1
tigpr,provenance_size_holdout_p4,tigpr:Interlayer_bonding_deficiency:706,Interlayer_bonding_deficiency,Interlayer_bonding_deficiency,1
tigpr,provenance_size_holdout_p4,tigpr:Interlayer_bonding_deficiency:716,Interlayer_bonding_deficiency,Interlayer_bonding_deficiency,1
tigpr,provenance_size_holdout_p4,tigpr:Interlayer_bonding_deficiency:732,Interlayer_bonding_deficiency,Interlayer_bonding_deficiency,1
tigpr,provenance_size_holdout_p4,tigpr:Interlayer_bonding_deficiency:748,Interlayer_bonding_deficiency,Loose,0
tigpr,provenance_size_holdout_p4,tigpr:Interlayer_bonding_deficiency:751,Interlayer_bonding_deficiency,Loose,0
tigpr,provenance_size_holdout_p4,tigpr:Interlayer_bonding_deficiency:758,Interlayer_bonding_deficiency,Interlayer_bonding_deficiency,1
tigpr,provenance_size_holdout_p4,tigpr:Interlayer_bonding_deficiency:769,Interlayer_bonding_deficiency,Loose,0
tigpr,provenance_size_holdout_p4,tigpr:Interlayer_bonding_deficiency:771,Interlayer_bonding_deficiency,Loose,0
tigpr,provenance_size_holdout_p4,tigpr:Interlayer_bonding_deficiency:781,Interlayer_bonding_deficiency,Loose,0
tigpr,provenance_size_holdout_p4,tigpr:Interlayer_bonding_deficiency:783,Interlayer_bonding_deficiency,Interlayer_bonding_deficiency,1
tigpr,provenance_size_holdout_p4,tigpr:Interlayer_bonding_deficiency:786,Interlayer_bonding_deficiency,Interlayer_bonding_deficiency,1
tigpr,provenance_size_holdout_p4,tigpr:Interlayer_bonding_deficiency:792,Interlayer_bonding_deficiency,Interlayer_bonding_deficiency,1
tigpr,provenance_size_holdout_p4,tigpr:Interlayer_bonding_deficiency:797,Interlayer_bonding_deficiency,Interlayer_bonding_deficiency,1
tigpr,provenance_size_holdout_p4,tigpr:Interlayer_bonding_deficiency:800,Interlayer_bonding_deficiency,Loose,0
tigpr,provenance_size_holdout_p4,tigpr:Interlayer_bonding_deficiency:804,Interlayer_bonding_deficiency,Loose,0
tigpr,provenance_size_holdout_p4,tigpr:Interlayer_bonding_deficiency:806,Interlayer_bonding_deficiency,Interlayer_bonding_deficiency,1
tigpr,provenance_size_holdout_p4,tigpr:Interlayer_bonding_deficiency:812,Interlayer_bonding_deficiency,Interlayer_bonding_deficiency,1
tigpr,provenance_size_holdout_p4,tigpr:Interlayer_bonding_deficiency:827,Interlayer_bonding_deficiency,Interlayer_bonding_deficiency,1
tigpr,provenance_size_holdout_p4,tigpr:Interlayer_bonding_deficiency:830,Interlayer_bonding_deficiency,Interlayer_bonding_deficiency,1
tigpr,provenance_size_holdout_p4,tigpr:Interlayer_bonding_deficiency:834,Interlayer_bonding_deficiency,Loose,0
tigpr,provenance_size_holdout_p4,tigpr:Interlayer_bonding_deficiency:835,Interlayer_bonding_deficiency,Loose,0
tigpr,provenance_size_holdout_p4,tigpr:Interlayer_bonding_deficiency:836,Interlayer_bonding_deficiency,Interlayer_bonding_deficiency,1
tigpr,provenance_size_holdout_p4,tigpr:Interlayer_bonding_deficiency:840,Interlayer_bonding_deficiency,Interlayer_bonding_deficiency,1
tigpr,provenance_size_holdout_p4,tigpr:Interlayer_bonding_deficiency:842,Interlayer_bonding_deficiency,Loose,0
tigpr,provenance_size_holdout_p4,tigpr:Interlayer_bonding_deficiency:847,Interlayer_bonding_deficiency,Interlayer_bonding_deficiency,1
tigpr,provenance_size_holdout_p4,tigpr:Interlayer_bonding_deficiency:848,Interlayer_bonding_deficiency,Interlayer_bonding_deficiency,1
tigpr,provenance_size_holdout_p4,tigpr:Interlayer_bonding_deficiency:865,Interlayer_bonding_deficiency,Loose,0
tigpr,provenance_size_holdout_p4,tigpr:Interlayer_bonding_deficiency:866,Interlayer_bonding_deficiency,Interlayer_bonding_deficiency,1
tigpr,provenance_size_holdout_p4,tigpr:Interlayer_bonding_deficiency:867,Interlayer_bonding_deficiency,Interlayer_bonding_deficiency,1
tigpr,provenance_size_holdout_p4,tigpr:Interlayer_bonding_deficiency:868,Interlayer_bonding_deficiency,Loose,0
tigpr,provenance_size_holdout_p4,tigpr:Interlayer_bonding_deficiency:873,Interlayer_bonding_deficiency,Loose,0
tigpr,provenance_size_holdout_p4,tigpr:Interlayer_bonding_deficiency:876,Interlayer_bonding_deficiency,Interlayer_bonding_deficiency,1
tigpr,provenance_size_holdout_p4,tigpr:Interlayer_bonding_deficiency:879,Interlayer_bonding_deficiency,Loose,0
tigpr,provenance_size_holdout_p4,tigpr:Interlayer_bonding_deficiency:894,Interlayer_bonding_deficiency,Interlayer_bonding_deficiency,1
tigpr,provenance_size_holdout_p4,tigpr:Interlayer_bonding_deficiency:899,Interlayer_bonding_deficiency,Interlayer_bonding_deficiency,1
tigpr,provenance_size_holdout_p4,tigpr:Interlayer_bonding_deficiency:900,Interlayer_bonding_deficiency,Loose,0
tigpr,provenance_size_holdout_p4,tigpr:Interlayer_bonding_deficiency:905,Interlayer_bonding_deficiency,Interlayer_bonding_deficiency,1
tigpr,provenance_size_holdout_p4,tigpr:Interlayer_bonding_deficiency:907,Interlayer_bonding_deficiency,Interlayer_bonding_deficiency,1
tigpr,provenance_size_holdout_p4,tigpr:Interlayer_bonding_deficiency:927,Interlayer_bonding_deficiency,Loose,0
tigpr,provenance_size_holdout_p4,tigpr:Interlayer_bonding_deficiency:936,Interlayer_bonding_deficiency,Interlayer_bonding_deficiency,1
tigpr,provenance_size_holdout_p4,tigpr:Interlayer_bonding_deficiency:940,Interlayer_bonding_deficiency,Loose,0
tigpr,provenance_size_holdout_p4,tigpr:Interlayer_bonding_deficiency:942,Interlayer_bonding_deficiency,Loose,0
tigpr,provenance_size_holdout_p4,tigpr:Interlayer_bonding_deficiency:944,Interlayer_bonding_deficiency,Interlayer_bonding_deficiency,1
tigpr,provenance_size_holdout_p4,tigpr:Interlayer_bonding_deficiency:953,Interlayer_bonding_deficiency,Interlayer_bonding_deficiency,1
tigpr,provenance_size_holdout_p4,tigpr:Interlayer_bonding_deficiency:971,Interlayer_bonding_deficiency,Loose,0
tigpr,provenance_size_holdout_p4,tigpr:Interlayer_bonding_deficiency:973,Interlayer_bonding_deficiency,Interlayer_bonding_deficiency,1
tigpr,provenance_size_holdout_p4,tigpr:Interlayer_bonding_deficiency:975,Interlayer_bonding_deficiency,Loose,0
tigpr,provenance_size_holdout_p4,tigpr:Interlayer_bonding_deficiency:981,Interlayer_bonding_deficiency,Interlayer_bonding_deficiency,1
tigpr,provenance_size_holdout_p4,tigpr:Interlayer_bonding_deficiency:982,Interlayer_bonding_deficiency,Loose,0
tigpr,provenance_size_holdout_p4,tigpr:Interlayer_bonding_deficiency:990,Interlayer_bonding_deficiency,Interlayer_bonding_deficiency,1
tigpr,provenance_size_holdout_p4,tigpr:Interlayer_bonding_deficiency:998,Interlayer_bonding_deficiency,Interlayer_bonding_deficiency,1
tigpr,provenance_size_holdout_p4,tigpr:Interlayer_bonding_deficiency:1000,Interlayer_bonding_deficiency,Interlayer_bonding_deficiency,1
tigpr,provenance_size_holdout_p4,tigpr:Interlayer_bonding_deficiency:1005,Interlayer_bonding_deficiency,Interlayer_bonding_deficiency,1
tigpr,provenance_size_holdout_p4,tigpr:Interlayer_bonding_deficiency:1012,Interlayer_bonding_deficiency,Interlayer_bonding_deficiency,1
tigpr,provenance_size_holdout_p4,tigpr:Interlayer_bonding_deficiency:1016,Interlayer_bonding_deficiency,Interlayer_bonding_deficiency,1
tigpr,provenance_size_holdout_p4,tigpr:Interlayer_bonding_deficiency:1026,Interlayer_bonding_deficiency,Interlayer_bonding_deficiency,1
tigpr,provenance_size_holdout_p4,tigpr:Interlayer_bonding_deficiency:1032,Interlayer_bonding_deficiency,Interlayer_bonding_deficiency,1
tigpr,provenance_size_holdout_p4,tigpr:Interlayer_bonding_deficiency:1035,Interlayer_bonding_deficiency,Interlayer_bonding_deficiency,1
tigpr,provenance_size_holdout_p4,tigpr:Interlayer_bonding_deficiency:1038,Interlayer_bonding_deficiency,Interlayer_bonding_deficiency,1
tigpr,provenance_size_holdout_p4,tigpr:Interlayer_bonding_deficiency:1042,Interlayer_bonding_deficiency,Interlayer_bonding_deficiency,1
tigpr,provenance_size_holdout_p4,tigpr:Interlayer_bonding_deficiency:1043,Interlayer_bonding_deficiency,Loose,0
tigpr,provenance_size_holdout_p4,tigpr:Interlayer_bonding_deficiency:1045,Interlayer_bonding_deficiency,Loose,0
tigpr,provenance_size_holdout_p4,tigpr:Interlayer_bonding_deficiency:1048,Interlayer_bonding_deficiency,Interlayer_bonding_deficiency,1
tigpr,provenance_size_holdout_p4,tigpr:Interlayer_bonding_deficiency:1049,Interlayer_bonding_deficiency,Interlayer_bonding_deficiency,1
tigpr,provenance_size_holdout_p4,tigpr:Interlayer_bonding_deficiency:1052,Interlayer_bonding_deficiency,Interlayer_bonding_deficiency,1
tigpr,provenance_size_holdout_p4,tigpr:Interlayer_bonding_deficiency:1056,Interlayer_bonding_deficiency,Interlayer_bonding_deficiency,1
tigpr,provenance_size_holdout_p4,tigpr:Interlayer_bonding_deficiency:1059,Interlayer_bonding_deficiency,Interlayer_bonding_deficiency,1
tigpr,provenance_size_holdout_p4,tigpr:Interlayer_bonding_deficiency:1067,Interlayer_bonding_deficiency,Interlayer_bonding_deficiency,1
tigpr,provenance_size_holdout_p4,tigpr:Interlayer_bonding_deficiency:1078,Interlayer_bonding_deficiency,Void,0
tigpr,provenance_size_holdout_p4,tigpr:Interlayer_bonding_deficiency:1082,Interlayer_bonding_deficiency,Void,0
tigpr,provenance_size_holdout_p4,tigpr:Interlayer_bonding_deficiency:1084,Interlayer_bonding_deficiency,Void,0
tigpr,provenance_size_holdout_p4,tigpr:Interlayer_bonding_deficiency:1085,Interlayer_bonding_deficiency,Interlayer_bonding_deficiency,1
tigpr,provenance_size_holdout_p4,tigpr:Interlayer_bonding_deficiency:1086,Interlayer_bonding_deficiency,Interlayer_bonding_deficiency,1
tigpr,provenance_size_holdout_p4,tigpr:Interlayer_bonding_deficiency:1089,Interlayer_bonding_deficiency,Interlayer_bonding_deficiency,1
tigpr,provenance_size_holdout_p4,tigpr:Interlayer_bonding_deficiency:1091,Interlayer_bonding_deficiency,Interlayer_bonding_deficiency,1
tigpr,provenance_size_holdout_p4,tigpr:Interlayer_bonding_deficiency:1093,Interlayer_bonding_deficiency,Interlayer_bonding_deficiency,1
tigpr,provenance_size_holdout_p4,tigpr:Interlayer_bonding_deficiency:1094,Interlayer_bonding_deficiency,Interlayer_bonding_deficiency,1
tigpr,provenance_size_holdout_p4,tigpr:Interlayer_bonding_deficiency:1096,Interlayer_bonding_deficiency,Interlayer_bonding_deficiency,1
tigpr,provenance_size_holdout_p4,tigpr:Interlayer_bonding_deficiency:1098,Interlayer_bonding_deficiency,Interlayer_bonding_deficiency,1
tigpr,provenance_size_holdout_p4,tigpr:Interlayer_bonding_deficiency:1108,Interlayer_bonding_deficiency,Interlayer_bonding_deficiency,1
tigpr,provenance_size_holdout_p4,tigpr:Interlayer_bonding_deficiency:1111,Interlayer_bonding_deficiency,Interlayer_bonding_deficiency,1
tigpr,provenance_size_holdout_p4,tigpr:Interlayer_bonding_deficiency:1113,Interlayer_bonding_deficiency,Interlayer_bonding_deficiency,1
tigpr,provenance_size_holdout_p4,tigpr:Interlayer_bonding_deficiency:1116,Interlayer_bonding_deficiency,Interlayer_bonding_deficiency,1
tigpr,provenance_size_holdout_p4,tigpr:Interlayer_bonding_deficiency:1119,Interlayer_bonding_deficiency,Interlayer_bonding_deficiency,1
tigpr,provenance_size_holdout_p4,tigpr:Interlayer_bonding_deficiency:1127,Interlayer_bonding_deficiency,Interlayer_bonding_deficiency,1
tigpr,provenance_size_holdout_p4,tigpr:Interlayer_bonding_deficiency:1130,Interlayer_bonding_deficiency,Interlayer_bonding_deficiency,1
tigpr,provenance_size_holdout_p4,tigpr:Interlayer_bonding_deficiency:1132,Interlayer_bonding_deficiency,Interlayer_bonding_deficiency,1
tigpr,provenance_size_holdout_p4,tigpr:Interlayer_bonding_deficiency:1134,Interlayer_bonding_deficiency,Interlayer_bonding_deficiency,1
tigpr,provenance_size_holdout_p4,tigpr:Interlayer_bonding_deficiency:1136,Interlayer_bonding_deficiency,Interlayer_bonding_deficiency,1
tigpr,provenance_size_holdout_p4,tigpr:Interlayer_bonding_deficiency:1145,Interlayer_bonding_deficiency,Interlayer_bonding_deficiency,1
tigpr,provenance_size_holdout_p4,tigpr:Interlayer_bonding_deficiency:1149,Interlayer_bonding_deficiency,Interlayer_bonding_deficiency,1
tigpr,provenance_size_holdout_p4,tigpr:Interlayer_bonding_deficiency:1160,Interlayer_bonding_deficiency,Interlayer_bonding_deficiency,1
tigpr,provenance_size_holdout_p4,tigpr:Interlayer_bonding_deficiency:1169,Interlayer_bonding_deficiency,Interlayer_bonding_deficiency,1
tigpr,provenance_size_holdout_p4,tigpr:Interlayer_bonding_deficiency:1174,Interlayer_bonding_deficiency,Interlayer_bonding_deficiency,1
tigpr,provenance_size_holdout_p4,tigpr:Interlayer_bonding_deficiency:1176,Interlayer_bonding_deficiency,Interlayer_bonding_deficiency,1
tigpr,provenance_size_holdout_p4,tigpr:Interlayer_bonding_deficiency:1189,Interlayer_bonding_deficiency,Loose,0
tigpr,provenance_size_holdout_p4,tigpr:Interlayer_bonding_deficiency:1191,Interlayer_bonding_deficiency,Loose,0
tigpr,provenance_size_holdout_p4,tigpr:Interlayer_bonding_deficiency:1193,Interlayer_bonding_deficiency,Interlayer_bonding_deficiency,1
tigpr,provenance_size_holdout_p4,tigpr:Interlayer_bonding_deficiency:1194,Interlayer_bonding_deficiency,Loose,0
tigpr,provenance_size_holdout_p4,tigpr:Interlayer_bonding_deficiency:1198,Interlayer_bonding_deficiency,Loose,0
tigpr,provenance_size_holdout_p4,tigpr:Interlayer_bonding_deficiency:1203,Interlayer_bonding_deficiency,Interlayer_bonding_deficiency,1
tigpr,provenance_size_holdout_p4,tigpr:Interlayer_bonding_deficiency:1211,Interlayer_bonding_deficiency,Interlayer_bonding_deficiency,1
tigpr,provenance_size_holdout_p4,tigpr:Interlayer_bonding_deficiency:1212,Interlayer_bonding_deficiency,Loose,0
tigpr,provenance_size_holdout_p4,tigpr:Interlayer_bonding_deficiency:1217,Interlayer_bonding_deficiency,Interlayer_bonding_deficiency,1
tigpr,provenance_size_holdout_p4,tigpr:Interlayer_bonding_deficiency:1223,Interlayer_bonding_deficiency,Interlayer_bonding_deficiency,1
tigpr,provenance_size_holdout_p4,tigpr:Interlayer_bonding_deficiency:1224,Interlayer_bonding_deficiency,Loose,0
tigpr,provenance_size_holdout_p4,tigpr:Interlayer_bonding_deficiency:1227,Interlayer_bonding_deficiency,Interlayer_bonding_deficiency,1
tigpr,provenance_size_holdout_p4,tigpr:Interlayer_bonding_deficiency:1231,Interlayer_bonding_deficiency,Interlayer_bonding_deficiency,1
tigpr,provenance_size_holdout_p4,tigpr:Interlayer_bonding_deficiency:1236,Interlayer_bonding_deficiency,Interlayer_bonding_deficiency,1
tigpr,provenance_size_holdout_p4,tigpr:Interlayer_bonding_deficiency:1238,Interlayer_bonding_deficiency,Interlayer_bonding_deficiency,1
tigpr,provenance_size_holdout_p4,tigpr:Interlayer_bonding_deficiency:1254,Interlayer_bonding_deficiency,Loose,0
tigpr,provenance_size_holdout_p4,tigpr:Interlayer_bonding_deficiency:1259,Interlayer_bonding_deficiency,Interlayer_bonding_deficiency,1
tigpr,provenance_size_holdout_p4,tigpr:Interlayer_bonding_deficiency:1262,Interlayer_bonding_deficiency,Interlayer_bonding_deficiency,1
tigpr,provenance_size_holdout_p4,tigpr:Interlayer_bonding_deficiency:1272,Interlayer_bonding_deficiency,Interlayer_bonding_deficiency,1
tigpr,provenance_size_holdout_p4,tigpr:Interlayer_bonding_deficiency:1273,Interlayer_bonding_deficiency,Interlayer_bonding_deficiency,1
tigpr,provenance_size_holdout_p4,tigpr:Interlayer_bonding_deficiency:1282,Interlayer_bonding_deficiency,Interlayer_bonding_deficiency,1
tigpr,provenance_size_holdout_p4,tigpr:Interlayer_bonding_deficiency:1286,Interlayer_bonding_deficiency,Interlayer_bonding_deficiency,1
tigpr,provenance_size_holdout_p4,tigpr:Interlayer_bonding_deficiency:1293,Interlayer_bonding_deficiency,Interlayer_bonding_deficiency,1
tigpr,provenance_size_holdout_p4,tigpr:Interlayer_bonding_deficiency:1296,Interlayer_bonding_deficiency,Interlayer_bonding_deficiency,1
tigpr,provenance_size_holdout_p4,tigpr:Interlayer_bonding_deficiency:1304,Interlayer_bonding_deficiency,Interlayer_bonding_deficiency,1
tigpr,provenance_size_holdout_p4,tigpr:Interlayer_bonding_deficiency:1305,Interlayer_bonding_deficiency,Interlayer_bonding_deficiency,1
tigpr,provenance_size_holdout_p4,tigpr:Interlayer_bonding_deficiency:1309,Interlayer_bonding_deficiency,Interlayer_bonding_deficiency,1
tigpr,provenance_size_holdout_p4,tigpr:Interlayer_bonding_deficiency:1313,Interlayer_bonding_deficiency,Interlayer_bonding_deficiency,1
tigpr,provenance_size_holdout_p4,tigpr:Interlayer_bonding_deficiency:1319,Interlayer_bonding_deficiency,Interlayer_bonding_deficiency,1
tigpr,provenance_size_holdout_p4,tigpr:Interlayer_bonding_deficiency:1323,Interlayer_bonding_deficiency,Interlayer_bonding_deficiency,1
tigpr,provenance_size_holdout_p4,tigpr:Interlayer_bonding_deficiency:1332,Interlayer_bonding_deficiency,Interlayer_bonding_deficiency,1
tigpr,provenance_size_holdout_p4,tigpr:Interlayer_bonding_deficiency:1333,Interlayer_bonding_deficiency,Interlayer_bonding_deficiency,1
tigpr,provenance_size_holdout_p4,tigpr:Interlayer_bonding_deficiency:1343,Interlayer_bonding_deficiency,Interlayer_bonding_deficiency,1
tigpr,provenance_size_holdout_p4,tigpr:Interlayer_bonding_deficiency:1355,Interlayer_bonding_deficiency,Loose,0
tigpr,provenance_size_holdout_p4,tigpr:Interlayer_bonding_deficiency:1356,Interlayer_bonding_deficiency,Interlayer_bonding_deficiency,1
tigpr,provenance_size_holdout_p4,tigpr:Interlayer_bonding_deficiency:1359,Interlayer_bonding_deficiency,Interlayer_bonding_deficiency,1
tigpr,provenance_size_holdout_p4,tigpr:Interlayer_bonding_deficiency:1360,Interlayer_bonding_deficiency,Loose,0
tigpr,provenance_size_holdout_p4,tigpr:Interlayer_bonding_deficiency:1361,Interlayer_bonding_deficiency,Interlayer_bonding_deficiency,1
tigpr,provenance_size_holdout_p4,tigpr:Interlayer_bonding_deficiency:1369,Interlayer_bonding_deficiency,Interlayer_bonding_deficiency,1
tigpr,provenance_size_holdout_p4,tigpr:Interlayer_bonding_deficiency:1370,Interlayer_bonding_deficiency,Interlayer_bonding_deficiency,1
tigpr,provenance_size_holdout_p4,tigpr:Interlayer_bonding_deficiency:1371,Interlayer_bonding_deficiency,Interlayer_bonding_deficiency,1
tigpr,provenance_size_holdout_p4,tigpr:Interlayer_bonding_deficiency:1374,Interlayer_bonding_deficiency,Interlayer_bonding_deficiency,1
tigpr,provenance_size_holdout_p4,tigpr:Interlayer_bonding_deficiency:1384,Interlayer_bonding_deficiency,Interlayer_bonding_deficiency,1
tigpr,provenance_size_holdout_p4,tigpr:Interlayer_bonding_deficiency:1389,Interlayer_bonding_deficiency,Interlayer_bonding_deficiency,1
tigpr,provenance_size_holdout_p4,tigpr:Interlayer_bonding_deficiency:1391,Interlayer_bonding_deficiency,Loose,0
tigpr,provenance_size_holdout_p4,tigpr:Interlayer_bonding_deficiency:1396,Interlayer_bonding_deficiency,Interlayer_bonding_deficiency,1
tigpr,provenance_size_holdout_p4,tigpr:Interlayer_bonding_deficiency:1408,Interlayer_bonding_deficiency,Interlayer_bonding_deficiency,1
tigpr,provenance_size_holdout_p4,tigpr:Interlayer_bonding_deficiency:1426,Interlayer_bonding_deficiency,Loose,0
tigpr,provenance_size_holdout_p4,tigpr:Interlayer_bonding_deficiency:1433,Interlayer_bonding_deficiency,Loose,0
tigpr,provenance_size_holdout_p4,tigpr:Interlayer_bonding_deficiency:1438,Interlayer_bonding_deficiency,Loose,0
tigpr,provenance_size_holdout_p4,tigpr:Interlayer_bonding_deficiency:1466,Interlayer_bonding_deficiency,Interlayer_bonding_deficiency,1
tigpr,provenance_size_holdout_p4,tigpr:Interlayer_bonding_deficiency:1470,Interlayer_bonding_deficiency,Interlayer_bonding_deficiency,1
tigpr,provenance_size_holdout_p4,tigpr:Interlayer_bonding_deficiency:1471,Interlayer_bonding_deficiency,Interlayer_bonding_deficiency,1
tigpr,provenance_size_holdout_p4,tigpr:Interlayer_bonding_deficiency:1476,Interlayer_bonding_deficiency,Interlayer_bonding_deficiency,1
tigpr,provenance_size_holdout_p4,tigpr:Interlayer_bonding_deficiency:1480,Interlayer_bonding_deficiency,Interlayer_bonding_deficiency,1
tigpr,provenance_size_holdout_p4,tigpr:Interlayer_bonding_deficiency:1481,Interlayer_bonding_deficiency,Interlayer_bonding_deficiency,1
tigpr,provenance_size_holdout_p4,tigpr:Interlayer_bonding_deficiency:1483,Interlayer_bonding_deficiency,Loose,0
tigpr,provenance_size_holdout_p4,tigpr:Interlayer_bonding_deficiency:1484,Interlayer_bonding_deficiency,Loose,0
tigpr,provenance_size_holdout_p4,tigpr:Interlayer_bonding_deficiency:1487,Interlayer_bonding_deficiency,Interlayer_bonding_deficiency,1
tigpr,provenance_size_holdout_p4,tigpr:Interlayer_bonding_deficiency:1494,Interlayer_bonding_deficiency,Loose,0
tigpr,provenance_size_holdout_p4,tigpr:Interlayer_bonding_deficiency:1496,Interlayer_bonding_deficiency,Interlayer_bonding_deficiency,1
tigpr,provenance_size_holdout_p4,tigpr:Interlayer_bonding_deficiency:1497,Interlayer_bonding_deficiency,Loose,0
tigpr,provenance_size_holdout_p4,tigpr:Interlayer_bonding_deficiency:1500,Interlayer_bonding_deficiency,Interlayer_bonding_deficiency,1
tigpr,provenance_size_holdout_p4,tigpr:Interlayer_bonding_deficiency:1501,Interlayer_bonding_deficiency,Interlayer_bonding_deficiency,1
tigpr,provenance_size_holdout_p4,tigpr:Interlayer_bonding_deficiency:1508,Interlayer_bonding_deficiency,Interlayer_bonding_deficiency,1
tigpr,provenance_size_holdout_p4,tigpr:Interlayer_bonding_deficiency:1509,Interlayer_bonding_deficiency,Interlayer_bonding_deficiency,1
tigpr,provenance_size_holdout_p4,tigpr:Interlayer_bonding_deficiency:1511,Interlayer_bonding_deficiency,Interlayer_bonding_deficiency,1
tigpr,provenance_size_holdout_p4,tigpr:Interlayer_bonding_deficiency:1512,Interlayer_bonding_deficiency,Interlayer_bonding_deficiency,1
tigpr,provenance_size_holdout_p4,tigpr:Interlayer_bonding_deficiency:1514,Interlayer_bonding_deficiency,Interlayer_bonding_deficiency,1
tigpr,provenance_size_holdout_p4,tigpr:Interlayer_bonding_deficiency:1522,Interlayer_bonding_deficiency,Interlayer_bonding_deficiency,1
tigpr,provenance_size_holdout_p4,tigpr:Interlayer_bonding_deficiency:1528,Interlayer_bonding_deficiency,Interlayer_bonding_deficiency,1
tigpr,provenance_size_holdout_p4,tigpr:Interlayer_bonding_deficiency:1530,Interlayer_bonding_deficiency,Interlayer_bonding_deficiency,1
tigpr,provenance_size_holdout_p4,tigpr:Interlayer_bonding_deficiency:1531,Interlayer_bonding_deficiency,Interlayer_bonding_deficiency,1
tigpr,provenance_size_holdout_p4,tigpr:Interlayer_bonding_deficiency:1534,Interlayer_bonding_deficiency,Interlayer_bonding_deficiency,1
tigpr,provenance_size_holdout_p4,tigpr:Interlayer_bonding_deficiency:1535,Interlayer_bonding_deficiency,Interlayer_bonding_deficiency,1
tigpr,provenance_size_holdout_p4,tigpr:Interlayer_bonding_deficiency:1537,Interlayer_bonding_deficiency,Interlayer_bonding_deficiency,1
tigpr,provenance_size_holdout_p4,tigpr:Interlayer_bonding_deficiency:1538,Interlayer_bonding_deficiency,Interlayer_bonding_deficiency,1
tigpr,provenance_size_holdout_p4,tigpr:Interlayer_bonding_deficiency:1547,Interlayer_bonding_deficiency,Interlayer_bonding_deficiency,1
tigpr,provenance_size_holdout_p4,tigpr:Interlayer_bonding_deficiency:1549,Interlayer_bonding_deficiency,Interlayer_bonding_deficiency,1
tigpr,provenance_size_holdout_p4,tigpr:Interlayer_bonding_deficiency:1551,Interlayer_bonding_deficiency,Interlayer_bonding_deficiency,1
tigpr,provenance_size_holdout_p4,tigpr:Interlayer_bonding_deficiency:1553,Interlayer_bonding_deficiency,Interlayer_bonding_deficiency,1
tigpr,provenance_size_holdout_p4,tigpr:Interlayer_bonding_deficiency:1560,Interlayer_bonding_deficiency,Interlayer_bonding_deficiency,1
tigpr,provenance_size_holdout_p4,tigpr:Interlayer_bonding_deficiency:1562,Interlayer_bonding_deficiency,Loose,0
tigpr,provenance_size_holdout_p4,tigpr:Interlayer_bonding_deficiency:1572,Interlayer_bonding_deficiency,Interlayer_bonding_deficiency,1
tigpr,provenance_size_holdout_p4,tigpr:Interlayer_bonding_deficiency:1582,Interlayer_bonding_deficiency,Interlayer_bonding_deficiency,1
tigpr,provenance_size_holdout_p4,tigpr:Interlayer_bonding_deficiency:1591,Interlayer_bonding_deficiency,Void,0
tigpr,provenance_size_holdout_p4,tigpr:Interlayer_bonding_deficiency:1592,Interlayer_bonding_deficiency,Interlayer_bonding_deficiency,1
tigpr,provenance_size_holdout_p4,tigpr:Interlayer_bonding_deficiency:1597,Interlayer_bonding_deficiency,Interlayer_bonding_deficiency,1
tigpr,provenance_size_holdout_p4,tigpr:Interlayer_bonding_deficiency:1600,Interlayer_bonding_deficiency,Interlayer_bonding_deficiency,1
tigpr,provenance_size_holdout_p4,tigpr:Interlayer_bonding_deficiency:1603,Interlayer_bonding_deficiency,Interlayer_bonding_deficiency,1
tigpr,provenance_size_holdout_p4,tigpr:Interlayer_bonding_deficiency:1617,Interlayer_bonding_deficiency,Interlayer_bonding_deficiency,1
tigpr,provenance_size_holdout_p4,tigpr:Interlayer_bonding_deficiency:1623,Interlayer_bonding_deficiency,Interlayer_bonding_deficiency,1
tigpr,provenance_size_holdout_p4,tigpr:Interlayer_bonding_deficiency:1626,Interlayer_bonding_deficiency,Interlayer_bonding_deficiency,1
tigpr,provenance_size_holdout_p4,tigpr:Interlayer_bonding_deficiency:1630,Interlayer_bonding_deficiency,Interlayer_bonding_deficiency,1
tigpr,provenance_size_holdout_p4,tigpr:Interlayer_bonding_deficiency:1633,Interlayer_bonding_deficiency,Interlayer_bonding_deficiency,1
tigpr,provenance_size_holdout_p4,tigpr:Interlayer_bonding_deficiency:1639,Interlayer_bonding_deficiency,Interlayer_bonding_deficiency,1
tigpr,provenance_size_holdout_p4,tigpr:Interlayer_bonding_deficiency:1650,Interlayer_bonding_deficiency,Interlayer_bonding_deficiency,1
tigpr,provenance_size_holdout_p4,tigpr:Interlayer_bonding_deficiency:1654,Interlayer_bonding_deficiency,Interlayer_bonding_deficiency,1
tigpr,provenance_size_holdout_p4,tigpr:Interlayer_bonding_deficiency:1656,Interlayer_bonding_deficiency,Interlayer_bonding_deficiency,1
tigpr,provenance_size_holdout_p4,tigpr:Interlayer_bonding_deficiency:1668,Interlayer_bonding_deficiency,Interlayer_bonding_deficiency,1
tigpr,provenance_size_holdout_p4,tigpr:Interlayer_bonding_deficiency:1669,Interlayer_bonding_deficiency,Interlayer_bonding_deficiency,1
tigpr,provenance_size_holdout_p4,tigpr:Interlayer_bonding_deficiency:1671,Interlayer_bonding_deficiency,Interlayer_bonding_deficiency,1
tigpr,provenance_size_holdout_p4,tigpr:Interlayer_bonding_deficiency:1672,Interlayer_bonding_deficiency,Interlayer_bonding_deficiency,1
tigpr,provenance_size_holdout_p4,tigpr:Interlayer_bonding_deficiency:1679,Interlayer_bonding_deficiency,Interlayer_bonding_deficiency,1
tigpr,provenance_size_holdout_p4,tigpr:Interlayer_bonding_deficiency:1681,Interlayer_bonding_deficiency,Interlayer_bonding_deficiency,1
tigpr,provenance_size_holdout_p4,tigpr:Interlayer_bonding_deficiency:1687,Interlayer_bonding_deficiency,Interlayer_bonding_deficiency,1
tigpr,provenance_size_holdout_p4,tigpr:Interlayer_bonding_deficiency:1689,Interlayer_bonding_deficiency,Interlayer_bonding_deficiency,1
tigpr,provenance_size_holdout_p4,tigpr:Interlayer_bonding_deficiency:1696,Interlayer_bonding_deficiency,Interlayer_bonding_deficiency,1
tigpr,provenance_size_holdout_p4,tigpr:Interlayer_bonding_deficiency:1700,Interlayer_bonding_deficiency,Interlayer_bonding_deficiency,1
tigpr,provenance_size_holdout_p4,tigpr:Interlayer_bonding_deficiency:1705,Interlayer_bonding_deficiency,Interlayer_bonding_deficiency,1
tigpr,provenance_size_holdout_p4,tigpr:Interlayer_bonding_deficiency:1708,Interlayer_bonding_deficiency,Interlayer_bonding_deficiency,1
tigpr,provenance_size_holdout_p4,tigpr:Interlayer_bonding_deficiency:1710,Interlayer_bonding_deficiency,Interlayer_bonding_deficiency,1
tigpr,provenance_size_holdout_p4,tigpr:Interlayer_bonding_deficiency:1718,Interlayer_bonding_deficiency,Interlayer_bonding_deficiency,1
tigpr,provenance_size_holdout_p4,tigpr:Interlayer_bonding_deficiency:1721,Interlayer_bonding_deficiency,Interlayer_bonding_deficiency,1
tigpr,provenance_size_holdout_p4,tigpr:Interlayer_bonding_deficiency:1722,Interlayer_bonding_deficiency,Interlayer_bonding_deficiency,1
tigpr,provenance_size_holdout_p4,tigpr:Interlayer_bonding_deficiency:1724,Interlayer_bonding_deficiency,Interlayer_bonding_deficiency,1
tigpr,provenance_size_holdout_p4,tigpr:Interlayer_bonding_deficiency:1735,Interlayer_bonding_deficiency,Interlayer_bonding_deficiency,1
tigpr,provenance_size_holdout_p4,tigpr:Interlayer_bonding_deficiency:1736,Interlayer_bonding_deficiency,Interlayer_bonding_deficiency,1
tigpr,provenance_size_holdout_p4,tigpr:Interlayer_bonding_deficiency:1738,Interlayer_bonding_deficiency,Interlayer_bonding_deficiency,1
tigpr,provenance_size_holdout_p4,tigpr:Interlayer_bonding_deficiency:1742,Interlayer_bonding_deficiency,Interlayer_bonding_deficiency,1
tigpr,provenance_size_holdout_p4,tigpr:Interlayer_bonding_deficiency:1744,Interlayer_bonding_deficiency,Interlayer_bonding_deficiency,1
tigpr,provenance_size_holdout_p4,tigpr:Interlayer_bonding_deficiency:1746,Interlayer_bonding_deficiency,Loose,0
tigpr,provenance_size_holdout_p4,tigpr:Interlayer_bonding_deficiency:1747,Interlayer_bonding_deficiency,Interlayer_bonding_deficiency,1
tigpr,provenance_size_holdout_p4,tigpr:Interlayer_bonding_deficiency:1764,Interlayer_bonding_deficiency,Interlayer_bonding_deficiency,1
tigpr,provenance_size_holdout_p4,tigpr:Interlayer_bonding_deficiency:1775,Interlayer_bonding_deficiency,No_damage,0
tigpr,provenance_size_holdout_p4,tigpr:Interlayer_bonding_deficiency:1781,Interlayer_bonding_deficiency,Loose,0
tigpr,provenance_size_holdout_p4,tigpr:Interlayer_bonding_deficiency:1783,Interlayer_bonding_deficiency,Interlayer_bonding_deficiency,1
tigpr,provenance_size_holdout_p4,tigpr:Interlayer_bonding_deficiency:1785,Interlayer_bonding_deficiency,Interlayer_bonding_deficiency,1
tigpr,provenance_size_holdout_p4,tigpr:Interlayer_bonding_deficiency:1787,Interlayer_bonding_deficiency,Interlayer_bonding_deficiency,1
tigpr,provenance_size_holdout_p4,tigpr:Interlayer_bonding_deficiency:1788,Interlayer_bonding_deficiency,Interlayer_bonding_deficiency,1
tigpr,provenance_size_holdout_p4,tigpr:Interlayer_bonding_deficiency:1790,Interlayer_bonding_deficiency,Interlayer_bonding_deficiency,1
tigpr,provenance_size_holdout_p4,tigpr:Interlayer_bonding_deficiency:1792,Interlayer_bonding_deficiency,No_damage,0
tigpr,provenance_size_holdout_p4,tigpr:Interlayer_bonding_deficiency:1796,Interlayer_bonding_deficiency,Interlayer_bonding_deficiency,1
tigpr,provenance_size_holdout_p4,tigpr:Interlayer_bonding_deficiency:1809,Interlayer_bonding_deficiency,Interlayer_bonding_deficiency,1
tigpr,provenance_size_holdout_p4,tigpr:Interlayer_bonding_deficiency:1812,Interlayer_bonding_deficiency,Loose,0
tigpr,provenance_size_holdout_p4,tigpr:Interlayer_bonding_deficiency:1816,Interlayer_bonding_deficiency,Loose,0
tigpr,provenance_size_holdout_p4,tigpr:Interlayer_bonding_deficiency:1823,Interlayer_bonding_deficiency,Interlayer_bonding_deficiency,1
tigpr,provenance_size_holdout_p4,tigpr:Interlayer_bonding_deficiency:1827,Interlayer_bonding_deficiency,Loose,0
tigpr,provenance_size_holdout_p4,tigpr:Interlayer_bonding_deficiency:1839,Interlayer_bonding_deficiency,Interlayer_bonding_deficiency,1
tigpr,provenance_size_holdout_p4,tigpr:Interlayer_bonding_deficiency:1853,Interlayer_bonding_deficiency,Interlayer_bonding_deficiency,1
tigpr,provenance_size_holdout_p4,tigpr:Interlayer_bonding_deficiency:1855,Interlayer_bonding_deficiency,Interlayer_bonding_deficiency,1
tigpr,provenance_size_holdout_p4,tigpr:Interlayer_bonding_deficiency:1860,Interlayer_bonding_deficiency,Interlayer_bonding_deficiency,1
tigpr,provenance_size_holdout_p4,tigpr:Interlayer_bonding_deficiency:1863,Interlayer_bonding_deficiency,Loose,0
tigpr,provenance_size_holdout_p4,tigpr:Interlayer_bonding_deficiency:1866,Interlayer_bonding_deficiency,Interlayer_bonding_deficiency,1
tigpr,provenance_size_holdout_p4,tigpr:Interlayer_bonding_deficiency:1870,Interlayer_bonding_deficiency,Interlayer_bonding_deficiency,1
tigpr,provenance_size_holdout_p4,tigpr:Interlayer_bonding_deficiency:1874,Interlayer_bonding_deficiency,Interlayer_bonding_deficiency,1
tigpr,provenance_size_holdout_p4,tigpr:Interlayer_bonding_deficiency:1876,Interlayer_bonding_deficiency,Interlayer_bonding_deficiency,1
tigpr,provenance_size_holdout_p4,tigpr:Interlayer_bonding_deficiency:1877,Interlayer_bonding_deficiency,Interlayer_bonding_deficiency,1
tigpr,provenance_size_holdout_p4,tigpr:Interlayer_bonding_deficiency:1878,Interlayer_bonding_deficiency,Interlayer_bonding_deficiency,1
tigpr,provenance_size_holdout_p4,tigpr:Interlayer_bonding_deficiency:1880,Interlayer_bonding_deficiency,Interlayer_bonding_deficiency,1
tigpr,provenance_size_holdout_p4,tigpr:Interlayer_bonding_deficiency:1881,Interlayer_bonding_deficiency,Loose,0
tigpr,provenance_size_holdout_p4,tigpr:Interlayer_bonding_deficiency:1888,Interlayer_bonding_deficiency,Loose,0
tigpr,provenance_size_holdout_p4,tigpr:Interlayer_bonding_deficiency:1889,Interlayer_bonding_deficiency,Interlayer_bonding_deficiency,1
tigpr,provenance_size_holdout_p4,tigpr:Interlayer_bonding_deficiency:1893,Interlayer_bonding_deficiency,Interlayer_bonding_deficiency,1
tigpr,provenance_size_holdout_p4,tigpr:Interlayer_bonding_deficiency:1894,Interlayer_bonding_deficiency,Interlayer_bonding_deficiency,1
tigpr,provenance_size_holdout_p4,tigpr:Interlayer_bonding_deficiency:1906,Interlayer_bonding_deficiency,Interlayer_bonding_deficiency,1
tigpr,provenance_size_holdout_p4,tigpr:Interlayer_bonding_deficiency:1916,Interlayer_bonding_deficiency,Interlayer_bonding_deficiency,1
tigpr,provenance_size_holdout_p4,tigpr:Interlayer_bonding_deficiency:1917,Interlayer_bonding_deficiency,Interlayer_bonding_deficiency,1
tigpr,provenance_size_holdout_p4,tigpr:Interlayer_bonding_deficiency:1920,Interlayer_bonding_deficiency,Loose,0
tigpr,provenance_size_holdout_p4,tigpr:Interlayer_bonding_deficiency:1922,Interlayer_bonding_deficiency,Interlayer_bonding_deficiency,1
tigpr,provenance_size_holdout_p4,tigpr:Interlayer_bonding_deficiency:1923,Interlayer_bonding_deficiency,Loose,0
tigpr,provenance_size_holdout_p4,tigpr:Interlayer_bonding_deficiency:1928,Interlayer_bonding_deficiency,Interlayer_bonding_deficiency,1
tigpr,provenance_size_holdout_p4,tigpr:Interlayer_bonding_deficiency:1930,Interlayer_bonding_deficiency,Interlayer_bonding_deficiency,1
tigpr,provenance_size_holdout_p4,tigpr:Interlayer_bonding_deficiency:1932,Interlayer_bonding_deficiency,Interlayer_bonding_deficiency,1
tigpr,provenance_size_holdout_p4,tigpr:Interlayer_bonding_deficiency:1936,Interlayer_bonding_deficiency,Interlayer_bonding_deficiency,1
tigpr,provenance_size_holdout_p4,tigpr:Interlayer_bonding_deficiency:1938,Interlayer_bonding_deficiency,Interlayer_bonding_deficiency,1
tigpr,provenance_size_holdout_p4,tigpr:Interlayer_bonding_deficiency:1942,Interlayer_bonding_deficiency,Interlayer_bonding_deficiency,1
tigpr,provenance_size_holdout_p4,tigpr:Interlayer_bonding_deficiency:1950,Interlayer_bonding_deficiency,Interlayer_bonding_deficiency,1
tigpr,provenance_size_holdout_p4,tigpr:Interlayer_bonding_deficiency:1959,Interlayer_bonding_deficiency,Loose,0
tigpr,provenance_size_holdout_p4,tigpr:Interlayer_bonding_deficiency:1962,Interlayer_bonding_deficiency,Interlayer_bonding_deficiency,1
tigpr,provenance_size_holdout_p4,tigpr:Interlayer_bonding_deficiency:1968,Interlayer_bonding_deficiency,Loose,0
tigpr,provenance_size_holdout_p4,tigpr:Interlayer_bonding_deficiency:1977,Interlayer_bonding_deficiency,Crack,0
tigpr,provenance_size_holdout_p4,tigpr:Interlayer_bonding_deficiency:1978,Interlayer_bonding_deficiency,Interlayer_bonding_deficiency,1
tigpr,provenance_size_holdout_p4,tigpr:Interlayer_bonding_deficiency:1982,Interlayer_bonding_deficiency,Interlayer_bonding_deficiency,1
tigpr,provenance_size_holdout_p4,tigpr:Interlayer_bonding_deficiency:1984,Interlayer_bonding_deficiency,Interlayer_bonding_deficiency,1
tigpr,provenance_size_holdout_p4,tigpr:Interlayer_bonding_deficiency:1987,Interlayer_bonding_deficiency,Interlayer_bonding_deficiency,1
tigpr,provenance_size_holdout_p4,tigpr:Interlayer_bonding_deficiency:1998,Interlayer_bonding_deficiency,Interlayer_bonding_deficiency,1
tigpr,provenance_size_holdout_p4,tigpr:Interlayer_bonding_deficiency:2005,Interlayer_bonding_deficiency,Interlayer_bonding_deficiency,1
tigpr,provenance_size_holdout_p4,tigpr:Interlayer_bonding_deficiency:2007,Interlayer_bonding_deficiency,Crack,0
tigpr,provenance_size_holdout_p4,tigpr:Interlayer_bonding_deficiency:2018,Interlayer_bonding_deficiency,Interlayer_bonding_deficiency,1
tigpr,provenance_size_holdout_p4,tigpr:Loose:2,Loose,Loose,1
tigpr,provenance_size_holdout_p4,tigpr:Loose:3,Loose,Loose,1
tigpr,provenance_size_holdout_p4,tigpr:Loose:10,Loose,Loose,1
tigpr,provenance_size_holdout_p4,tigpr:Loose:18,Loose,Loose,1
tigpr,provenance_size_holdout_p4,tigpr:Loose:29,Loose,Loose,1
tigpr,provenance_size_holdout_p4,tigpr:Loose:32,Loose,Loose,1
tigpr,provenance_size_holdout_p4,tigpr:Loose:35,Loose,Loose,1
tigpr,provenance_size_holdout_p4,tigpr:Loose:39,Loose,Interlayer_bonding_deficiency,0
tigpr,provenance_size_holdout_p4,tigpr:Loose:44,Loose,Loose,1
tigpr,provenance_size_holdout_p4,tigpr:Loose:54,Loose,Loose,1
tigpr,provenance_size_holdout_p4,tigpr:Loose:60,Loose,Loose,1
tigpr,provenance_size_holdout_p4,tigpr:Loose:100,Loose,Loose,1
tigpr,provenance_size_holdout_p4,tigpr:Loose:102,Loose,Loose,1
tigpr,provenance_size_holdout_p4,tigpr:Loose:103,Loose,Loose,1
tigpr,provenance_size_holdout_p4,tigpr:Loose:108,Loose,Loose,1
tigpr,provenance_size_holdout_p4,tigpr:Loose:114,Loose,Loose,1
tigpr,provenance_size_holdout_p4,tigpr:Loose:123,Loose,Loose,1
tigpr,provenance_size_holdout_p4,tigpr:Loose:130,Loose,Loose,1
tigpr,provenance_size_holdout_p4,tigpr:Loose:133,Loose,Interlayer_bonding_deficiency,0
tigpr,provenance_size_holdout_p4,tigpr:Loose:134,Loose,Loose,1
tigpr,provenance_size_holdout_p4,tigpr:Loose:136,Loose,Loose,1
tigpr,provenance_size_holdout_p4,tigpr:Loose:141,Loose,Loose,1
tigpr,provenance_size_holdout_p4,tigpr:Loose:144,Loose,Loose,1
tigpr,provenance_size_holdout_p4,tigpr:Loose:153,Loose,Loose,1
tigpr,provenance_size_holdout_p4,tigpr:Loose:164,Loose,Loose,1
tigpr,provenance_size_holdout_p4,tigpr:Loose:166,Loose,Loose,1
tigpr,provenance_size_holdout_p4,tigpr:Loose:189,Loose,Loose,1
tigpr,provenance_size_holdout_p4,tigpr:Loose:194,Loose,Loose,1
tigpr,provenance_size_holdout_p4,tigpr:Loose:196,Loose,Loose,1
tigpr,provenance_size_holdout_p4,tigpr:Loose:197,Loose,Loose,1
tigpr,provenance_size_holdout_p4,tigpr:Loose:208,Loose,Loose,1
tigpr,provenance_size_holdout_p4,tigpr:Loose:211,Loose,Loose,1
tigpr,provenance_size_holdout_p4,tigpr:Loose:212,Loose,Loose,1
tigpr,provenance_size_holdout_p4,tigpr:Loose:220,Loose,Loose,1
tigpr,provenance_size_holdout_p4,tigpr:Loose:231,Loose,Loose,1
tigpr,provenance_size_holdout_p4,tigpr:Loose:232,Loose,Loose,1
tigpr,provenance_size_holdout_p4,tigpr:Loose:236,Loose,Loose,1
tigpr,provenance_size_holdout_p4,tigpr:Loose:237,Loose,Loose,1
tigpr,provenance_size_holdout_p4,tigpr:Loose:243,Loose,Loose,1
tigpr,provenance_size_holdout_p4,tigpr:Loose:256,Loose,Loose,1
tigpr,provenance_size_holdout_p4,tigpr:Loose:261,Loose,Loose,1
tigpr,provenance_size_holdout_p4,tigpr:Loose:265,Loose,Interlayer_bonding_deficiency,0
tigpr,provenance_size_holdout_p4,tigpr:Loose:280,Loose,Loose,1
tigpr,provenance_size_holdout_p4,tigpr:Loose:281,Loose,Loose,1
tigpr,provenance_size_holdout_p4,tigpr:Loose:283,Loose,Interlayer_bonding_deficiency,0
tigpr,provenance_size_holdout_p4,tigpr:Loose:289,Loose,Interlayer_bonding_deficiency,0
tigpr,provenance_size_holdout_p4,tigpr:Loose:294,Loose,Loose,1
tigpr,provenance_size_holdout_p4,tigpr:Loose:296,Loose,Interlayer_bonding_deficiency,0
tigpr,provenance_size_holdout_p4,tigpr:Loose:300,Loose,Loose,1
tigpr,provenance_size_holdout_p4,tigpr:Loose:304,Loose,Loose,1
tigpr,provenance_size_holdout_p4,tigpr:Loose:305,Loose,Interlayer_bonding_deficiency,0
tigpr,provenance_size_holdout_p4,tigpr:Loose:324,Loose,Loose,1
tigpr,provenance_size_holdout_p4,tigpr:Loose:326,Loose,Loose,1
tigpr,provenance_size_holdout_p4,tigpr:Loose:334,Loose,Loose,1
tigpr,provenance_size_holdout_p4,tigpr:Loose:342,Loose,Loose,1
tigpr,provenance_size_holdout_p4,tigpr:Loose:344,Loose,Interlayer_bonding_deficiency,0
tigpr,provenance_size_holdout_p4,tigpr:Loose:348,Loose,Loose,1
tigpr,provenance_size_holdout_p4,tigpr:Loose:360,Loose,Interlayer_bonding_deficiency,0
tigpr,provenance_size_holdout_p4,tigpr:Loose:367,Loose,Loose,1
tigpr,provenance_size_holdout_p4,tigpr:Loose:370,Loose,Loose,1
tigpr,provenance_size_holdout_p4,tigpr:Loose:374,Loose,Loose,1
tigpr,provenance_size_holdout_p4,tigpr:Loose:381,Loose,Interlayer_bonding_deficiency,0
tigpr,provenance_size_holdout_p4,tigpr:Loose:383,Loose,Loose,1
tigpr,provenance_size_holdout_p4,tigpr:Loose:386,Loose,Loose,1
tigpr,provenance_size_holdout_p4,tigpr:Loose:390,Loose,Loose,1
tigpr,provenance_size_holdout_p4,tigpr:Loose:408,Loose,Loose,1
tigpr,provenance_size_holdout_p4,tigpr:Loose:411,Loose,Loose,1
tigpr,provenance_size_holdout_p4,tigpr:Loose:417,Loose,Loose,1
tigpr,provenance_size_holdout_p4,tigpr:Loose:422,Loose,Loose,1
tigpr,provenance_size_holdout_p4,tigpr:Loose:424,Loose,Interlayer_bonding_deficiency,0
tigpr,provenance_size_holdout_p4,tigpr:Loose:430,Loose,Loose,1
tigpr,provenance_size_holdout_p4,tigpr:Loose:443,Loose,Interlayer_bonding_deficiency,0
tigpr,provenance_size_holdout_p4,tigpr:Loose:449,Loose,Loose,1
tigpr,provenance_size_holdout_p4,tigpr:Loose:454,Loose,Loose,1
tigpr,provenance_size_holdout_p4,tigpr:Loose:461,Loose,Interlayer_bonding_deficiency,0
tigpr,provenance_size_holdout_p4,tigpr:Loose:469,Loose,Loose,1
tigpr,provenance_size_holdout_p4,tigpr:Loose:471,Loose,Loose,1
tigpr,provenance_size_holdout_p4,tigpr:Loose:485,Loose,Loose,1
tigpr,provenance_size_holdout_p4,tigpr:Loose:493,Loose,Loose,1
tigpr,provenance_size_holdout_p4,tigpr:Loose:494,Loose,Loose,1
tigpr,provenance_size_holdout_p4,tigpr:Loose:498,Loose,Loose,1
tigpr,provenance_size_holdout_p4,tigpr:Loose:501,Loose,Loose,1
tigpr,provenance_size_holdout_p4,tigpr:Loose:503,Loose,Interlayer_bonding_deficiency,0
tigpr,provenance_size_holdout_p4,tigpr:Loose:510,Loose,Loose,1
tigpr,provenance_size_holdout_p4,tigpr:Loose:511,Loose,Interlayer_bonding_deficiency,0
tigpr,provenance_size_holdout_p4,tigpr:Loose:521,Loose,Loose,1
tigpr,provenance_size_holdout_p4,tigpr:Loose:527,Loose,Interlayer_bonding_deficiency,0
tigpr,provenance_size_holdout_p4,tigpr:Loose:528,Loose,Loose,1
tigpr,provenance_size_holdout_p4,tigpr:Loose:537,Loose,Loose,1
tigpr,provenance_size_holdout_p4,tigpr:Loose:539,Loose,Interlayer_bonding_deficiency,0
tigpr,provenance_size_holdout_p4,tigpr:Loose:545,Loose,Loose,1
tigpr,provenance_size_holdout_p4,tigpr:Loose:547,Loose,Loose,1
tigpr,provenance_size_holdout_p4,tigpr:Loose:549,Loose,Loose,1
tigpr,provenance_size_holdout_p4,tigpr:Loose:555,Loose,Loose,1
tigpr,provenance_size_holdout_p4,tigpr:Loose:566,Loose,Loose,1
tigpr,provenance_size_holdout_p4,tigpr:Loose:573,Loose,Loose,1
tigpr,provenance_size_holdout_p4,tigpr:Loose:575,Loose,Loose,1
tigpr,provenance_size_holdout_p4,tigpr:Loose:576,Loose,Loose,1
tigpr,provenance_size_holdout_p4,tigpr:Loose:580,Loose,Loose,1
tigpr,provenance_size_holdout_p4,tigpr:Loose:588,Loose,Interlayer_bonding_deficiency,0
tigpr,provenance_size_holdout_p4,tigpr:Loose:591,Loose,Loose,1
tigpr,provenance_size_holdout_p4,tigpr:Loose:601,Loose,Loose,1
tigpr,provenance_size_holdout_p4,tigpr:Loose:606,Loose,Loose,1
tigpr,provenance_size_holdout_p4,tigpr:Loose:608,Loose,Loose,1
tigpr,provenance_size_holdout_p4,tigpr:Loose:609,Loose,Loose,1
tigpr,provenance_size_holdout_p4,tigpr:Loose:611,Loose,Loose,1
tigpr,provenance_size_holdout_p4,tigpr:Loose:614,Loose,Loose,1
tigpr,provenance_size_holdout_p4,tigpr:Loose:619,Loose,Loose,1
tigpr,provenance_size_holdout_p4,tigpr:Loose:620,Loose,Loose,1
tigpr,provenance_size_holdout_p4,tigpr:Loose:631,Loose,Loose,1
tigpr,provenance_size_holdout_p4,tigpr:Loose:638,Loose,Loose,1
tigpr,provenance_size_holdout_p4,tigpr:Loose:641,Loose,Loose,1
tigpr,provenance_size_holdout_p4,tigpr:Loose:661,Loose,Loose,1
tigpr,provenance_size_holdout_p4,tigpr:Loose:671,Loose,Loose,1
tigpr,provenance_size_holdout_p4,tigpr:Loose:672,Loose,Loose,1
tigpr,provenance_size_holdout_p4,tigpr:Loose:677,Loose,Loose,1
tigpr,provenance_size_holdout_p4,tigpr:Loose:685,Loose,Loose,1
tigpr,provenance_size_holdout_p4,tigpr:Loose:702,Loose,Loose,1
tigpr,provenance_size_holdout_p4,tigpr:Loose:704,Loose,Loose,1
tigpr,provenance_size_holdout_p4,tigpr:Loose:716,Loose,Loose,1
tigpr,provenance_size_holdout_p4,tigpr:Loose:719,Loose,Loose,1
tigpr,provenance_size_holdout_p4,tigpr:Loose:725,Loose,Loose,1
tigpr,provenance_size_holdout_p4,tigpr:Loose:729,Loose,Loose,1
tigpr,provenance_size_holdout_p4,tigpr:Loose:739,Loose,Loose,1
tigpr,provenance_size_holdout_p4,tigpr:Loose:740,Loose,Loose,1
tigpr,provenance_size_holdout_p4,tigpr:Loose:743,Loose,Loose,1
tigpr,provenance_size_holdout_p4,tigpr:Loose:746,Loose,Loose,1
tigpr,provenance_size_holdout_p4,tigpr:Loose:752,Loose,Loose,1
tigpr,provenance_size_holdout_p4,tigpr:Loose:754,Loose,Loose,1
tigpr,provenance_size_holdout_p4,tigpr:Loose:758,Loose,Loose,1
tigpr,provenance_size_holdout_p4,tigpr:Loose:760,Loose,Loose,1
tigpr,provenance_size_holdout_p4,tigpr:Loose:761,Loose,Loose,1
tigpr,provenance_size_holdout_p4,tigpr:Loose:763,Loose,Loose,1
tigpr,provenance_size_holdout_p4,tigpr:Loose:764,Loose,Loose,1
tigpr,provenance_size_holdout_p4,tigpr:Loose:765,Loose,Loose,1
tigpr,provenance_size_holdout_p4,tigpr:Loose:767,Loose,Loose,1
tigpr,provenance_size_holdout_p4,tigpr:Loose:768,Loose,Loose,1
tigpr,provenance_size_holdout_p4,tigpr:Loose:776,Loose,Loose,1
tigpr,provenance_size_holdout_p4,tigpr:Loose:777,Loose,Interlayer_bonding_deficiency,0
tigpr,provenance_size_holdout_p4,tigpr:Loose:783,Loose,Loose,1
tigpr,provenance_size_holdout_p4,tigpr:Loose:785,Loose,Loose,1
tigpr,provenance_size_holdout_p4,tigpr:Loose:792,Loose,Loose,1
tigpr,provenance_size_holdout_p4,tigpr:Loose:797,Loose,Interlayer_bonding_deficiency,0
tigpr,provenance_size_holdout_p4,tigpr:Loose:798,Loose,Loose,1
tigpr,provenance_size_holdout_p4,tigpr:Loose:802,Loose,Loose,1
tigpr,provenance_size_holdout_p4,tigpr:Loose:804,Loose,Loose,1
tigpr,provenance_size_holdout_p4,tigpr:Loose:808,Loose,Loose,1
tigpr,provenance_size_holdout_p4,tigpr:Loose:810,Loose,Loose,1
tigpr,provenance_size_holdout_p4,tigpr:Loose:812,Loose,Loose,1
tigpr,provenance_size_holdout_p4,tigpr:Loose:816,Loose,Loose,1
tigpr,provenance_size_holdout_p4,tigpr:Loose:817,Loose,Loose,1
tigpr,provenance_size_holdout_p4,tigpr:Loose:824,Loose,Loose,1
tigpr,provenance_size_holdout_p4,tigpr:Loose:834,Loose,Interlayer_bonding_deficiency,0
tigpr,provenance_size_holdout_p4,tigpr:Loose:837,Loose,Loose,1
tigpr,provenance_size_holdout_p4,tigpr:Loose:839,Loose,Interlayer_bonding_deficiency,0
tigpr,provenance_size_holdout_p4,tigpr:Loose:840,Loose,Loose,1
tigpr,provenance_size_holdout_p4,tigpr:Loose:844,Loose,Loose,1
tigpr,provenance_size_holdout_p4,tigpr:Loose:849,Loose,Loose,1
tigpr,provenance_size_holdout_p4,tigpr:Loose:851,Loose,Loose,1
tigpr,provenance_size_holdout_p4,tigpr:Loose:852,Loose,Loose,1
tigpr,provenance_size_holdout_p4,tigpr:Loose:853,Loose,Loose,1
tigpr,provenance_size_holdout_p4,tigpr:Loose:870,Loose,Loose,1
tigpr,provenance_size_holdout_p4,tigpr:Loose:871,Loose,Loose,1
tigpr,provenance_size_holdout_p4,tigpr:Loose:872,Loose,Loose,1
tigpr,provenance_size_holdout_p4,tigpr:Loose:876,Loose,Loose,1
tigpr,provenance_size_holdout_p4,tigpr:Loose:877,Loose,Loose,1
tigpr,provenance_size_holdout_p4,tigpr:Loose:882,Loose,Loose,1
tigpr,provenance_size_holdout_p4,tigpr:Loose:896,Loose,Interlayer_bonding_deficiency,0
tigpr,provenance_size_holdout_p4,tigpr:Loose:898,Loose,Loose,1
tigpr,provenance_size_holdout_p4,tigpr:Loose:908,Loose,Loose,1
tigpr,provenance_size_holdout_p4,tigpr:Loose:909,Loose,Loose,1
tigpr,provenance_size_holdout_p4,tigpr:Loose:910,Loose,Loose,1
tigpr,provenance_size_holdout_p4,tigpr:Loose:915,Loose,Loose,1
tigpr,provenance_size_holdout_p4,tigpr:Loose:918,Loose,Loose,1
tigpr,provenance_size_holdout_p4,tigpr:Loose:924,Loose,Loose,1
tigpr,provenance_size_holdout_p4,tigpr:Loose:930,Loose,Loose,1
tigpr,provenance_size_holdout_p4,tigpr:Loose:941,Loose,Loose,1
tigpr,provenance_size_holdout_p4,tigpr:Loose:947,Loose,Loose,1
tigpr,provenance_size_holdout_p4,tigpr:Loose:950,Loose,Loose,1
tigpr,provenance_size_holdout_p4,tigpr:Loose:958,Loose,Loose,1
tigpr,provenance_size_holdout_p4,tigpr:Loose:963,Loose,Loose,1
tigpr,provenance_size_holdout_p4,tigpr:Loose:973,Loose,Loose,1
tigpr,provenance_size_holdout_p4,tigpr:Loose:977,Loose,Loose,1
tigpr,provenance_size_holdout_p4,tigpr:Loose:979,Loose,Loose,1
tigpr,provenance_size_holdout_p4,tigpr:Loose:986,Loose,Loose,1
tigpr,provenance_size_holdout_p4,tigpr:Loose:992,Loose,Loose,1
tigpr,provenance_size_holdout_p4,tigpr:Loose:997,Loose,Loose,1
tigpr,provenance_size_holdout_p4,tigpr:Loose:1001,Loose,Loose,1
tigpr,provenance_size_holdout_p4,tigpr:Loose:1002,Loose,Loose,1
tigpr,provenance_size_holdout_p4,tigpr:Loose:1007,Loose,Loose,1
tigpr,provenance_size_holdout_p4,tigpr:Loose:1008,Loose,Loose,1
tigpr,provenance_size_holdout_p4,tigpr:Loose:1011,Loose,Interlayer_bonding_deficiency,0
tigpr,provenance_size_holdout_p4,tigpr:Loose:1013,Loose,Loose,1
tigpr,provenance_size_holdout_p4,tigpr:Loose:1014,Loose,Interlayer_bonding_deficiency,0
tigpr,provenance_size_holdout_p4,tigpr:Loose:1015,Loose,Loose,1
tigpr,provenance_size_holdout_p4,tigpr:Loose:1028,Loose,Loose,1
tigpr,provenance_size_holdout_p4,tigpr:Loose:1036,Loose,Loose,1
tigpr,provenance_size_holdout_p4,tigpr:Loose:1037,Loose,Loose,1
tigpr,provenance_size_holdout_p4,tigpr:Loose:1043,Loose,Loose,1
tigpr,provenance_size_holdout_p4,tigpr:Loose:1045,Loose,Loose,1
tigpr,provenance_size_holdout_p4,tigpr:Loose:1049,Loose,Loose,1
tigpr,provenance_size_holdout_p4,tigpr:Loose:1051,Loose,Loose,1
tigpr,provenance_size_holdout_p4,tigpr:Loose:1054,Loose,Loose,1
tigpr,provenance_size_holdout_p4,tigpr:Loose:1058,Loose,Loose,1
tigpr,provenance_size_holdout_p4,tigpr:Loose:1059,Loose,Loose,1
tigpr,provenance_size_holdout_p4,tigpr:Loose:1060,Loose,Interlayer_bonding_deficiency,0
tigpr,provenance_size_holdout_p4,tigpr:Loose:1064,Loose,Loose,1
tigpr,provenance_size_holdout_p4,tigpr:Loose:1073,Loose,Loose,1
tigpr,provenance_size_holdout_p4,tigpr:Loose:1074,Loose,Loose,1
tigpr,provenance_size_holdout_p4,tigpr:Loose:1075,Loose,Loose,1
tigpr,provenance_size_holdout_p4,tigpr:Loose:1088,Loose,Loose,1
tigpr,provenance_size_holdout_p4,tigpr:Loose:1093,Loose,Loose,1
tigpr,provenance_size_holdout_p4,tigpr:Loose:1099,Loose,Loose,1
tigpr,provenance_size_holdout_p4,tigpr:Loose:1105,Loose,Loose,1
tigpr,provenance_size_holdout_p4,tigpr:Loose:1108,Loose,Loose,1
tigpr,provenance_size_holdout_p4,tigpr:Loose:1109,Loose,Loose,1
tigpr,provenance_size_holdout_p4,tigpr:Loose:1110,Loose,Loose,1
tigpr,provenance_size_holdout_p4,tigpr:Loose:1112,Loose,Loose,1
tigpr,provenance_size_holdout_p4,tigpr:Loose:1113,Loose,Interlayer_bonding_deficiency,0
tigpr,provenance_size_holdout_p4,tigpr:Loose:1114,Loose,Interlayer_bonding_deficiency,0
tigpr,provenance_size_holdout_p4,tigpr:Loose:1117,Loose,Loose,1
tigpr,provenance_size_holdout_p4,tigpr:Loose:1118,Loose,Interlayer_bonding_deficiency,0
tigpr,provenance_size_holdout_p4,tigpr:Loose:1120,Loose,Loose,1
tigpr,provenance_size_holdout_p4,tigpr:Loose:1121,Loose,Loose,1
tigpr,provenance_size_holdout_p4,tigpr:Loose:1123,Loose,Loose,1
tigpr,provenance_size_holdout_p4,tigpr:Loose:1128,Loose,Interlayer_bonding_deficiency,0
tigpr,provenance_size_holdout_p4,tigpr:Loose:1129,Loose,Loose,1
tigpr,provenance_size_holdout_p4,tigpr:Loose:1130,Loose,Interlayer_bonding_deficiency,0
tigpr,provenance_size_holdout_p4,tigpr:Loose:1131,Loose,Loose,1
tigpr,provenance_size_holdout_p4,tigpr:Loose:1137,Loose,Loose,1
tigpr,provenance_size_holdout_p4,tigpr:Loose:1139,Loose,Loose,1
tigpr,provenance_size_holdout_p4,tigpr:Loose:1141,Loose,Loose,1
tigpr,provenance_size_holdout_p4,tigpr:Loose:1142,Loose,Void,0
tigpr,provenance_size_holdout_p4,tigpr:Loose:1149,Loose,Loose,1
tigpr,provenance_size_holdout_p4,tigpr:Loose:1163,Loose,Loose,1
tigpr,provenance_size_holdout_p4,tigpr:Loose:1173,Loose,Loose,1
tigpr,provenance_size_holdout_p4,tigpr:Loose:1175,Loose,Loose,1
tigpr,provenance_size_holdout_p4,tigpr:Loose:1179,Loose,Loose,1
tigpr,provenance_size_holdout_p4,tigpr:Loose:1184,Loose,Loose,1
tigpr,provenance_size_holdout_p4,tigpr:Loose:1192,Loose,Loose,1
tigpr,provenance_size_holdout_p4,tigpr:Loose:1199,Loose,Loose,1
tigpr,provenance_size_holdout_p4,tigpr:Loose:1202,Loose,Interlayer_bonding_deficiency,0
tigpr,provenance_size_holdout_p4,tigpr:Loose:1203,Loose,Loose,1
tigpr,provenance_size_holdout_p4,tigpr:Loose:1204,Loose,Loose,1
tigpr,provenance_size_holdout_p4,tigpr:Loose:1205,Loose,Loose,1
tigpr,provenance_size_holdout_p4,tigpr:Loose:1220,Loose,Loose,1
tigpr,provenance_size_holdout_p4,tigpr:Loose:1229,Loose,Loose,1
tigpr,provenance_size_holdout_p4,tigpr:Loose:1231,Loose,Loose,1
tigpr,provenance_size_holdout_p4,tigpr:Loose:1233,Loose,Loose,1
tigpr,provenance_size_holdout_p4,tigpr:Loose:1234,Loose,Interlayer_bonding_deficiency,0
tigpr,provenance_size_holdout_p4,tigpr:Loose:1238,Loose,Loose,1
tigpr,provenance_size_holdout_p4,tigpr:Loose:1242,Loose,Interlayer_bonding_deficiency,0
tigpr,provenance_size_holdout_p4,tigpr:Loose:1244,Loose,Loose,1
tigpr,provenance_size_holdout_p4,tigpr:Loose:1245,Loose,Loose,1
tigpr,provenance_size_holdout_p4,tigpr:Loose:1247,Loose,Loose,1
tigpr,provenance_size_holdout_p4,tigpr:Loose:1249,Loose,Loose,1
tigpr,provenance_size_holdout_p4,tigpr:Loose:1250,Loose,Loose,1
tigpr,provenance_size_holdout_p4,tigpr:Loose:1256,Loose,Loose,1
tigpr,provenance_size_holdout_p4,tigpr:Loose:1259,Loose,Loose,1
tigpr,provenance_size_holdout_p4,tigpr:Loose:1262,Loose,Loose,1
tigpr,provenance_size_holdout_p4,tigpr:Loose:1263,Loose,Loose,1
tigpr,provenance_size_holdout_p4,tigpr:Loose:1272,Loose,Interlayer_bonding_deficiency,0
tigpr,provenance_size_holdout_p4,tigpr:Loose:1275,Loose,Loose,1
tigpr,provenance_size_holdout_p4,tigpr:Loose:1279,Loose,Loose,1
tigpr,provenance_size_holdout_p4,tigpr:Loose:1282,Loose,Loose,1
tigpr,provenance_size_holdout_p4,tigpr:Loose:1285,Loose,Interlayer_bonding_deficiency,0
tigpr,provenance_size_holdout_p4,tigpr:Loose:1287,Loose,Loose,1
tigpr,provenance_size_holdout_p4,tigpr:Loose:1288,Loose,Interlayer_bonding_deficiency,0
tigpr,provenance_size_holdout_p4,tigpr:Loose:1301,Loose,Loose,1
tigpr,provenance_size_holdout_p4,tigpr:Loose:1304,Loose,Loose,1
tigpr,provenance_size_holdout_p4,tigpr:Loose:1305,Loose,Interlayer_bonding_deficiency,0
tigpr,provenance_size_holdout_p4,tigpr:Loose:1310,Loose,Loose,1
tigpr,provenance_size_holdout_p4,tigpr:Loose:1314,Loose,Loose,1
tigpr,provenance_size_holdout_p4,tigpr:Loose:1321,Loose,Loose,1
tigpr,provenance_size_holdout_p4,tigpr:Loose:1324,Loose,Loose,1
tigpr,provenance_size_holdout_p4,tigpr:Loose:1331,Loose,Interlayer_bonding_deficiency,0
tigpr,provenance_size_holdout_p4,tigpr:Loose:1345,Loose,Interlayer_bonding_deficiency,0
tigpr,provenance_size_holdout_p4,tigpr:Loose:1346,Loose,Loose,1
tigpr,provenance_size_holdout_p4,tigpr:Loose:1350,Loose,Loose,1
tigpr,provenance_size_holdout_p4,tigpr:Loose:1351,Loose,Interlayer_bonding_deficiency,0
tigpr,provenance_size_holdout_p4,tigpr:Loose:1360,Loose,Interlayer_bonding_deficiency,0
tigpr,provenance_size_holdout_p4,tigpr:Loose:1363,Loose,Interlayer_bonding_deficiency,0
tigpr,provenance_size_holdout_p4,tigpr:Loose:1368,Loose,Loose,1
tigpr,provenance_size_holdout_p4,tigpr:Loose:1370,Loose,Loose,1
tigpr,provenance_size_holdout_p4,tigpr:Loose:1375,Loose,Interlayer_bonding_deficiency,0
tigpr,provenance_size_holdout_p4,tigpr:Loose:1379,Loose,Loose,1
tigpr,provenance_size_holdout_p4,tigpr:Loose:1385,Loose,Interlayer_bonding_deficiency,0
tigpr,provenance_size_holdout_p4,tigpr:Loose:1390,Loose,Interlayer_bonding_deficiency,0
tigpr,provenance_size_holdout_p4,tigpr:Loose:1396,Loose,Loose,1
tigpr,provenance_size_holdout_p4,tigpr:Loose:1397,Loose,Loose,1
tigpr,provenance_size_holdout_p4,tigpr:Loose:1398,Loose,Loose,1
tigpr,provenance_size_holdout_p4,tigpr:Loose:1399,Loose,Loose,1
tigpr,provenance_size_holdout_p4,tigpr:Loose:1402,Loose,Interlayer_bonding_deficiency,0
tigpr,provenance_size_holdout_p4,tigpr:Loose:1405,Loose,Loose,1
tigpr,provenance_size_holdout_p4,tigpr:Loose:1408,Loose,Interlayer_bonding_deficiency,0
tigpr,provenance_size_holdout_p4,tigpr:Loose:1415,Loose,Loose,1
tigpr,provenance_size_holdout_p4,tigpr:Loose:1420,Loose,Loose,1
tigpr,provenance_size_holdout_p4,tigpr:Loose:1425,Loose,Loose,1
tigpr,provenance_size_holdout_p4,tigpr:Loose:1427,Loose,Loose,1
tigpr,provenance_size_holdout_p4,tigpr:Loose:1428,Loose,Interlayer_bonding_deficiency,0
tigpr,provenance_size_holdout_p4,tigpr:Loose:1429,Loose,Loose,1
tigpr,provenance_size_holdout_p4,tigpr:Loose:1433,Loose,Loose,1
tigpr,provenance_size_holdout_p4,tigpr:Loose:1434,Loose,Loose,1
tigpr,provenance_size_holdout_p4,tigpr:Loose:1436,Loose,Loose,1
tigpr,provenance_size_holdout_p4,tigpr:Loose:1438,Loose,Loose,1
tigpr,provenance_size_holdout_p4,tigpr:Loose:1446,Loose,Interlayer_bonding_deficiency,0
tigpr,provenance_size_holdout_p4,tigpr:Loose:1447,Loose,Loose,1
tigpr,provenance_size_holdout_p4,tigpr:Loose:1448,Loose,Loose,1
tigpr,provenance_size_holdout_p4,tigpr:Loose:1455,Loose,Loose,1
tigpr,provenance_size_holdout_p4,tigpr:Loose:1459,Loose,Interlayer_bonding_deficiency,0
tigpr,provenance_size_holdout_p4,tigpr:Loose:1471,Loose,Interlayer_bonding_deficiency,0
tigpr,provenance_size_holdout_p4,tigpr:Loose:1473,Loose,Interlayer_bonding_deficiency,0
tigpr,provenance_size_holdout_p4,tigpr:Loose:1474,Loose,Loose,1
tigpr,provenance_size_holdout_p4,tigpr:Loose:1483,Loose,Interlayer_bonding_deficiency,0
tigpr,provenance_size_holdout_p4,tigpr:Loose:1488,Loose,Interlayer_bonding_deficiency,0
tigpr,provenance_size_holdout_p4,tigpr:Loose:1494,Loose,Loose,1
tigpr,provenance_size_holdout_p4,tigpr:Loose:1501,Loose,Loose,1
tigpr,provenance_size_holdout_p4,tigpr:Loose:1503,Loose,Loose,1
tigpr,provenance_size_holdout_p4,tigpr:Loose:1508,Loose,Interlayer_bonding_deficiency,0
tigpr,provenance_size_holdout_p4,tigpr:Loose:1509,Loose,Loose,1
tigpr,provenance_size_holdout_p4,tigpr:Loose:1514,Loose,Void,0
tigpr,provenance_size_holdout_p4,tigpr:Loose:1516,Loose,Loose,1
tigpr,provenance_size_holdout_p4,tigpr:Loose:1517,Loose,Interlayer_bonding_deficiency,0
tigpr,provenance_size_holdout_p4,tigpr:Loose:1519,Loose,Interlayer_bonding_deficiency,0
tigpr,provenance_size_holdout_p4,tigpr:Loose:1543,Loose,Loose,1
tigpr,provenance_size_holdout_p4,tigpr:Loose:1545,Loose,Loose,1
tigpr,provenance_size_holdout_p4,tigpr:Loose:1556,Loose,Loose,1
tigpr,provenance_size_holdout_p4,tigpr:Loose:1558,Loose,Loose,1
tigpr,provenance_size_holdout_p4,tigpr:Loose:1561,Loose,Loose,1
tigpr,provenance_size_holdout_p4,tigpr:Loose:1564,Loose,Loose,1
tigpr,provenance_size_holdout_p4,tigpr:Loose:1572,Loose,Loose,1
tigpr,provenance_size_holdout_p4,tigpr:Loose:1586,Loose,Loose,1
tigpr,provenance_size_holdout_p4,tigpr:Loose:1589,Loose,Loose,1
tigpr,provenance_size_holdout_p4,tigpr:Loose:1595,Loose,Loose,1
tigpr,provenance_size_holdout_p4,tigpr:Loose:1631,Loose,Interlayer_bonding_deficiency,0
tigpr,provenance_size_holdout_p4,tigpr:Loose:1633,Loose,Interlayer_bonding_deficiency,0
tigpr,provenance_size_holdout_p4,tigpr:Loose:1636,Loose,Loose,1
tigpr,provenance_size_holdout_p4,tigpr:Loose:1638,Loose,Interlayer_bonding_deficiency,0
tigpr,provenance_size_holdout_p4,tigpr:Loose:1641,Loose,Loose,1
tigpr,provenance_size_holdout_p4,tigpr:Loose:1643,Loose,Loose,1
tigpr,provenance_size_holdout_p4,tigpr:Loose:1645,Loose,Loose,1
tigpr,provenance_size_holdout_p4,tigpr:Loose:1661,Loose,Loose,1
tigpr,provenance_size_holdout_p4,tigpr:Loose:1666,Loose,Loose,1
tigpr,provenance_size_holdout_p4,tigpr:Loose:1667,Loose,Interlayer_bonding_deficiency,0
tigpr,provenance_size_holdout_p4,tigpr:Loose:1674,Loose,Loose,1
tigpr,provenance_size_holdout_p4,tigpr:Loose:1675,Loose,Interlayer_bonding_deficiency,0
tigpr,provenance_size_holdout_p4,tigpr:Loose:1680,Loose,Loose,1
tigpr,provenance_size_holdout_p4,tigpr:Loose:1686,Loose,Loose,1
tigpr,provenance_size_holdout_p4,tigpr:Loose:1687,Loose,Loose,1
tigpr,provenance_size_holdout_p4,tigpr:Loose:1693,Loose,Loose,1
tigpr,provenance_size_holdout_p4,tigpr:Loose:1694,Loose,Loose,1
tigpr,provenance_size_holdout_p4,tigpr:Loose:1695,Loose,Loose,1
tigpr,provenance_size_holdout_p4,tigpr:Loose:1696,Loose,Loose,1
tigpr,provenance_size_holdout_p4,tigpr:Loose:1700,Loose,Loose,1
tigpr,provenance_size_holdout_p4,tigpr:Loose:1703,Loose,Loose,1
tigpr,provenance_size_holdout_p4,tigpr:Loose:1707,Loose,Loose,1
tigpr,provenance_size_holdout_p4,tigpr:Loose:1717,Loose,Loose,1
tigpr,provenance_size_holdout_p4,tigpr:Loose:1722,Loose,Interlayer_bonding_deficiency,0
tigpr,provenance_size_holdout_p4,tigpr:Loose:1729,Loose,Interlayer_bonding_deficiency,0
tigpr,provenance_size_holdout_p4,tigpr:Loose:1731,Loose,Interlayer_bonding_deficiency,0
tigpr,provenance_size_holdout_p4,tigpr:Loose:1747,Loose,Loose,1
tigpr,provenance_size_holdout_p4,tigpr:Loose:1758,Loose,Loose,1
tigpr,provenance_size_holdout_p4,tigpr:Loose:1766,Loose,Loose,1
tigpr,provenance_size_holdout_p4,tigpr:Loose:1773,Loose,Loose,1
tigpr,provenance_size_holdout_p4,tigpr:Loose:1779,Loose,Loose,1
tigpr,provenance_size_holdout_p4,tigpr:Loose:1780,Loose,Loose,1
tigpr,provenance_size_holdout_p4,tigpr:Loose:1782,Loose,Loose,1
tigpr,provenance_size_holdout_p4,tigpr:Loose:1800,Loose,Interlayer_bonding_deficiency,0
tigpr,provenance_size_holdout_p4,tigpr:Loose:1801,Loose,Loose,1
tigpr,provenance_size_holdout_p4,tigpr:Loose:1814,Loose,Loose,1
tigpr,provenance_size_holdout_p4,tigpr:Loose:1822,Loose,Loose,1
tigpr,provenance_size_holdout_p4,tigpr:Loose:1826,Loose,Interlayer_bonding_deficiency,0
tigpr,provenance_size_holdout_p4,tigpr:Loose:1837,Loose,Loose,1
tigpr,provenance_size_holdout_p4,tigpr:Loose:1848,Loose,Interlayer_bonding_deficiency,0
tigpr,provenance_size_holdout_p4,tigpr:Loose:1851,Loose,Loose,1
tigpr,provenance_size_holdout_p4,tigpr:Loose:1869,Loose,Loose,1
tigpr,provenance_size_holdout_p4,tigpr:Loose:1871,Loose,Loose,1
tigpr,provenance_size_holdout_p4,tigpr:Loose:1879,Loose,Loose,1
tigpr,provenance_size_holdout_p4,tigpr:Loose:1887,Loose,Interlayer_bonding_deficiency,0
tigpr,provenance_size_holdout_p4,tigpr:Loose:1888,Loose,Loose,1
tigpr,provenance_size_holdout_p4,tigpr:Loose:1889,Loose,Loose,1
tigpr,provenance_size_holdout_p4,tigpr:Loose:1893,Loose,Loose,1
tigpr,provenance_size_holdout_p4,tigpr:Loose:1894,Loose,Loose,1
tigpr,provenance_size_holdout_p4,tigpr:Loose:1897,Loose,Loose,1
tigpr,provenance_size_holdout_p4,tigpr:Loose:1898,Loose,Interlayer_bonding_deficiency,0
tigpr,provenance_size_holdout_p4,tigpr:Loose:1900,Loose,Interlayer_bonding_deficiency,0
tigpr,provenance_size_holdout_p4,tigpr:Loose:1905,Loose,Interlayer_bonding_deficiency,0
tigpr,provenance_size_holdout_p4,tigpr:Loose:1908,Loose,Loose,1
tigpr,provenance_size_holdout_p4,tigpr:Loose:1909,Loose,Loose,1
tigpr,provenance_size_holdout_p4,tigpr:Loose:1913,Loose,Loose,1
tigpr,provenance_size_holdout_p4,tigpr:Loose:1920,Loose,Interlayer_bonding_deficiency,0
tigpr,provenance_size_holdout_p4,tigpr:Loose:1945,Loose,Loose,1
tigpr,provenance_size_holdout_p4,tigpr:Loose:1946,Loose,Loose,1
tigpr,provenance_size_holdout_p4,tigpr:Loose:1947,Loose,Loose,1
tigpr,provenance_size_holdout_p4,tigpr:Loose:1952,Loose,Loose,1
tigpr,provenance_size_holdout_p4,tigpr:Loose:1954,Loose,Loose,1
tigpr,provenance_size_holdout_p4,tigpr:Loose:1958,Loose,Loose,1
tigpr,provenance_size_holdout_p4,tigpr:Loose:1971,Loose,Interlayer_bonding_deficiency,0
tigpr,provenance_size_holdout_p4,tigpr:Loose:1978,Loose,Interlayer_bonding_deficiency,0
tigpr,provenance_size_holdout_p4,tigpr:Loose:1981,Loose,Loose,1
tigpr,provenance_size_holdout_p4,tigpr:Loose:1994,Loose,Interlayer_bonding_deficiency,0
tigpr,provenance_size_holdout_p4,tigpr:Loose:1996,Loose,Loose,1
tigpr,provenance_size_holdout_p4,tigpr:Loose:2005,Loose,Loose,1
tigpr,provenance_size_holdout_p4,tigpr:Loose:2006,Loose,Loose,1
tigpr,provenance_size_holdout_p4,tigpr:Loose:2007,Loose,Loose,1
tigpr,provenance_size_holdout_p4,tigpr:Loose:2026,Loose,Loose,1
tigpr,provenance_size_holdout_p4,tigpr:Loose:2032,Loose,Loose,1
tigpr,provenance_size_holdout_p4,tigpr:Loose:2035,Loose,Loose,1
tigpr,provenance_size_holdout_p4,tigpr:Loose:2036,Loose,Loose,1
tigpr,provenance_size_holdout_p4,tigpr:Loose:2039,Loose,Loose,1
tigpr,provenance_size_holdout_p4,tigpr:Loose:2044,Loose,Loose,1
tigpr,provenance_size_holdout_p4,tigpr:Loose:2047,Loose,Loose,1
tigpr,provenance_size_holdout_p4,tigpr:Loose:2054,Loose,Loose,1
tigpr,provenance_size_holdout_p4,tigpr:Loose:2057,Loose,Loose,1
tigpr,provenance_size_holdout_p4,tigpr:Loose:2058,Loose,Loose,1
tigpr,provenance_size_holdout_p4,tigpr:Loose:2059,Loose,Interlayer_bonding_deficiency,0
tigpr,provenance_size_holdout_p4,tigpr:Loose:2060,Loose,Loose,1
tigpr,provenance_size_holdout_p4,tigpr:Loose:2063,Loose,Loose,1
tigpr,provenance_size_holdout_p4,tigpr:Loose:2078,Loose,Loose,1
tigpr,provenance_size_holdout_p4,tigpr:Loose:2099,Loose,Loose,1
tigpr,provenance_size_holdout_p4,tigpr:No_damage:1,No_damage,No_damage,1
tigpr,provenance_size_holdout_p4,tigpr:No_damage:6,No_damage,Interlayer_bonding_deficiency,0
tigpr,provenance_size_holdout_p4,tigpr:No_damage:13,No_damage,Void,0
tigpr,provenance_size_holdout_p4,tigpr:No_damage:15,No_damage,No_damage,1
tigpr,provenance_size_holdout_p4,tigpr:No_damage:21,No_damage,Loose,0
tigpr,provenance_size_holdout_p4,tigpr:No_damage:26,No_damage,Loose,0
tigpr,provenance_size_holdout_p4,tigpr:No_damage:37,No_damage,Loose,0
tigpr,provenance_size_holdout_p4,tigpr:No_damage:40,No_damage,Loose,0
tigpr,provenance_size_holdout_p4,tigpr:No_damage:46,No_damage,No_damage,1
tigpr,provenance_size_holdout_p4,tigpr:No_damage:48,No_damage,No_damage,1
tigpr,provenance_size_holdout_p4,tigpr:No_damage:51,No_damage,Interlayer_bonding_deficiency,0
tigpr,provenance_size_holdout_p4,tigpr:No_damage:52,No_damage,Loose,0
tigpr,provenance_size_holdout_p4,tigpr:No_damage:54,No_damage,Loose,0
tigpr,provenance_size_holdout_p4,tigpr:No_damage:71,No_damage,No_damage,1
tigpr,provenance_size_holdout_p4,tigpr:No_damage:72,No_damage,No_damage,1
tigpr,provenance_size_holdout_p4,tigpr:No_damage:76,No_damage,Loose,0
tigpr,provenance_size_holdout_p4,tigpr:No_damage:77,No_damage,No_damage,1
tigpr,provenance_size_holdout_p4,tigpr:No_damage:78,No_damage,Loose,0
tigpr,provenance_size_holdout_p4,tigpr:No_damage:94,No_damage,No_damage,1
tigpr,provenance_size_holdout_p4,tigpr:No_damage:98,No_damage,No_damage,1
tigpr,provenance_size_holdout_p4,tigpr:No_damage:101,No_damage,No_damage,1
tigpr,provenance_size_holdout_p4,tigpr:No_damage:103,No_damage,No_damage,1
tigpr,provenance_size_holdout_p4,tigpr:No_damage:107,No_damage,No_damage,1
tigpr,provenance_size_holdout_p4,tigpr:No_damage:110,No_damage,No_damage,1
tigpr,provenance_size_holdout_p4,tigpr:No_damage:111,No_damage,Interlayer_bonding_deficiency,0
tigpr,provenance_size_holdout_p4,tigpr:No_damage:122,No_damage,Loose,0
tigpr,provenance_size_holdout_p4,tigpr:No_damage:124,No_damage,No_damage,1
tigpr,provenance_size_holdout_p4,tigpr:No_damage:128,No_damage,Interlayer_bonding_deficiency,0
tigpr,provenance_size_holdout_p4,tigpr:No_damage:140,No_damage,Interlayer_bonding_deficiency,0
tigpr,provenance_size_holdout_p4,tigpr:No_damage:149,No_damage,Interlayer_bonding_deficiency,0
tigpr,provenance_size_holdout_p4,tigpr:No_damage:159,No_damage,No_damage,1
tigpr,provenance_size_holdout_p4,tigpr:No_damage:164,No_damage,No_damage,1
tigpr,provenance_size_holdout_p4,tigpr:No_damage:166,No_damage,No_damage,1
tigpr,provenance_size_holdout_p4,tigpr:No_damage:171,No_damage,Interlayer_bonding_deficiency,0
tigpr,provenance_size_holdout_p4,tigpr:No_damage:172,No_damage,No_damage,1
tigpr,provenance_size_holdout_p4,tigpr:No_damage:175,No_damage,No_damage,1
tigpr,provenance_size_holdout_p4,tigpr:No_damage:182,No_damage,Interlayer_bonding_deficiency,0
tigpr,provenance_size_holdout_p4,tigpr:No_damage:188,No_damage,No_damage,1
tigpr,provenance_size_holdout_p4,tigpr:No_damage:190,No_damage,No_damage,1
tigpr,provenance_size_holdout_p4,tigpr:No_damage:193,No_damage,No_damage,1
tigpr,provenance_size_holdout_p4,tigpr:No_damage:195,No_damage,No_damage,1
tigpr,provenance_size_holdout_p4,tigpr:No_damage:199,No_damage,No_damage,1
tigpr,provenance_size_holdout_p4,tigpr:No_damage:217,No_damage,No_damage,1
tigpr,provenance_size_holdout_p4,tigpr:No_damage:219,No_damage,Interlayer_bonding_deficiency,0
tigpr,provenance_size_holdout_p4,tigpr:No_damage:220,No_damage,No_damage,1
tigpr,provenance_size_holdout_p4,tigpr:No_damage:224,No_damage,No_damage,1
tigpr,provenance_size_holdout_p4,tigpr:No_damage:231,No_damage,No_damage,1
tigpr,provenance_size_holdout_p4,tigpr:No_damage:235,No_damage,No_damage,1
tigpr,provenance_size_holdout_p4,tigpr:No_damage:240,No_damage,No_damage,1
tigpr,provenance_size_holdout_p4,tigpr:No_damage:254,No_damage,Void,0
tigpr,provenance_size_holdout_p4,tigpr:No_damage:258,No_damage,No_damage,1
tigpr,provenance_size_holdout_p4,tigpr:No_damage:259,No_damage,No_damage,1
tigpr,provenance_size_holdout_p4,tigpr:No_damage:269,No_damage,Interlayer_bonding_deficiency,0
tigpr,provenance_size_holdout_p4,tigpr:No_damage:273,No_damage,No_damage,1
tigpr,provenance_size_holdout_p4,tigpr:No_damage:274,No_damage,No_damage,1
tigpr,provenance_size_holdout_p4,tigpr:No_damage:280,No_damage,No_damage,1
tigpr,provenance_size_holdout_p4,tigpr:No_damage:283,No_damage,No_damage,1
tigpr,provenance_size_holdout_p4,tigpr:No_damage:303,No_damage,No_damage,1
tigpr,provenance_size_holdout_p4,tigpr:No_damage:319,No_damage,No_damage,1
tigpr,provenance_size_holdout_p4,tigpr:No_damage:321,No_damage,Loose,0
tigpr,provenance_size_holdout_p4,tigpr:No_damage:329,No_damage,No_damage,1
tigpr,provenance_size_holdout_p4,tigpr:No_damage:331,No_damage,Loose,0
tigpr,provenance_size_holdout_p4,tigpr:No_damage:332,No_damage,Interlayer_bonding_deficiency,0
tigpr,provenance_size_holdout_p4,tigpr:No_damage:337,No_damage,Interlayer_bonding_deficiency,0
tigpr,provenance_size_holdout_p4,tigpr:No_damage:339,No_damage,Interlayer_bonding_deficiency,0
tigpr,provenance_size_holdout_p4,tigpr:No_damage:343,No_damage,No_damage,1
tigpr,provenance_size_holdout_p4,tigpr:No_damage:349,No_damage,No_damage,1
tigpr,provenance_size_holdout_p4,tigpr:No_damage:350,No_damage,No_damage,1
tigpr,provenance_size_holdout_p4,tigpr:No_damage:354,No_damage,Interlayer_bonding_deficiency,0
tigpr,provenance_size_holdout_p4,tigpr:No_damage:355,No_damage,No_damage,1
tigpr,provenance_size_holdout_p4,tigpr:No_damage:359,No_damage,Void,0
tigpr,provenance_size_holdout_p4,tigpr:No_damage:360,No_damage,No_damage,1
tigpr,provenance_size_holdout_p4,tigpr:No_damage:374,No_damage,No_damage,1
tigpr,provenance_size_holdout_p4,tigpr:No_damage:378,No_damage,No_damage,1
tigpr,provenance_size_holdout_p4,tigpr:No_damage:381,No_damage,No_damage,1
tigpr,provenance_size_holdout_p4,tigpr:No_damage:382,No_damage,No_damage,1
tigpr,provenance_size_holdout_p4,tigpr:No_damage:387,No_damage,No_damage,1
tigpr,provenance_size_holdout_p4,tigpr:No_damage:392,No_damage,No_damage,1
tigpr,provenance_size_holdout_p4,tigpr:No_damage:397,No_damage,No_damage,1
tigpr,provenance_size_holdout_p4,tigpr:No_damage:401,No_damage,No_damage,1
tigpr,provenance_size_holdout_p4,tigpr:No_damage:409,No_damage,No_damage,1
tigpr,provenance_size_holdout_p4,tigpr:No_damage:410,No_damage,No_damage,1
tigpr,provenance_size_holdout_p4,tigpr:No_damage:411,No_damage,No_damage,1
tigpr,provenance_size_holdout_p4,tigpr:No_damage:412,No_damage,No_damage,1
tigpr,provenance_size_holdout_p4,tigpr:No_damage:416,No_damage,Interlayer_bonding_deficiency,0
tigpr,provenance_size_holdout_p4,tigpr:No_damage:423,No_damage,Loose,0
tigpr,provenance_size_holdout_p4,tigpr:No_damage:427,No_damage,Loose,0
tigpr,provenance_size_holdout_p4,tigpr:No_damage:432,No_damage,No_damage,1
tigpr,provenance_size_holdout_p4,tigpr:No_damage:438,No_damage,Loose,0
tigpr,provenance_size_holdout_p4,tigpr:No_damage:440,No_damage,No_damage,1
tigpr,provenance_size_holdout_p4,tigpr:No_damage:444,No_damage,No_damage,1
tigpr,provenance_size_holdout_p4,tigpr:No_damage:447,No_damage,No_damage,1
tigpr,provenance_size_holdout_p4,tigpr:No_damage:448,No_damage,No_damage,1
tigpr,provenance_size_holdout_p4,tigpr:No_damage:453,No_damage,Interlayer_bonding_deficiency,0
tigpr,provenance_size_holdout_p4,tigpr:No_damage:455,No_damage,No_damage,1
tigpr,provenance_size_holdout_p4,tigpr:No_damage:458,No_damage,Interlayer_bonding_deficiency,0
tigpr,provenance_size_holdout_p4,tigpr:No_damage:459,No_damage,Interlayer_bonding_deficiency,0
tigpr,provenance_size_holdout_p4,tigpr:No_damage:469,No_damage,No_damage,1
tigpr,provenance_size_holdout_p4,tigpr:No_damage:473,No_damage,Loose,0
tigpr,provenance_size_holdout_p4,tigpr:No_damage:475,No_damage,No_damage,1
tigpr,provenance_size_holdout_p4,tigpr:No_damage:480,No_damage,No_damage,1
tigpr,provenance_size_holdout_p4,tigpr:No_damage:486,No_damage,No_damage,1
tigpr,provenance_size_holdout_p4,tigpr:No_damage:491,No_damage,No_damage,1
tigpr,provenance_size_holdout_p4,tigpr:No_damage:492,No_damage,No_damage,1
tigpr,provenance_size_holdout_p4,tigpr:No_damage:495,No_damage,Loose,0
tigpr,provenance_size_holdout_p4,tigpr:No_damage:502,No_damage,No_damage,1
tigpr,provenance_size_holdout_p4,tigpr:No_damage:506,No_damage,Interlayer_bonding_deficiency,0
tigpr,provenance_size_holdout_p4,tigpr:No_damage:513,No_damage,No_damage,1
tigpr,provenance_size_holdout_p4,tigpr:No_damage:515,No_damage,No_damage,1
tigpr,provenance_size_holdout_p4,tigpr:No_damage:518,No_damage,No_damage,1
tigpr,provenance_size_holdout_p4,tigpr:No_damage:519,No_damage,Loose,0
tigpr,provenance_size_holdout_p4,tigpr:No_damage:521,No_damage,No_damage,1
tigpr,provenance_size_holdout_p4,tigpr:No_damage:522,No_damage,Void,0
tigpr,provenance_size_holdout_p4,tigpr:No_damage:527,No_damage,Loose,0
tigpr,provenance_size_holdout_p4,tigpr:No_damage:531,No_damage,No_damage,1
tigpr,provenance_size_holdout_p4,tigpr:No_damage:534,No_damage,No_damage,1
tigpr,provenance_size_holdout_p4,tigpr:No_damage:535,No_damage,No_damage,1
tigpr,provenance_size_holdout_p4,tigpr:No_damage:544,No_damage,No_damage,1
tigpr,provenance_size_holdout_p4,tigpr:No_damage:549,No_damage,No_damage,1
tigpr,provenance_size_holdout_p4,tigpr:No_damage:550,No_damage,No_damage,1
tigpr,provenance_size_holdout_p4,tigpr:No_damage:552,No_damage,No_damage,1
tigpr,provenance_size_holdout_p4,tigpr:No_damage:556,No_damage,No_damage,1
tigpr,provenance_size_holdout_p4,tigpr:No_damage:557,No_damage,No_damage,1
tigpr,provenance_size_holdout_p4,tigpr:No_damage:559,No_damage,No_damage,1
tigpr,provenance_size_holdout_p4,tigpr:No_damage:565,No_damage,No_damage,1
tigpr,provenance_size_holdout_p4,tigpr:No_damage:566,No_damage,No_damage,1
tigpr,provenance_size_holdout_p4,tigpr:No_damage:568,No_damage,No_damage,1
tigpr,provenance_size_holdout_p4,tigpr:No_damage:573,No_damage,No_damage,1
tigpr,provenance_size_holdout_p4,tigpr:No_damage:586,No_damage,No_damage,1
tigpr,provenance_size_holdout_p4,tigpr:No_damage:592,No_damage,No_damage,1
tigpr,provenance_size_holdout_p4,tigpr:No_damage:595,No_damage,No_damage,1
tigpr,provenance_size_holdout_p4,tigpr:No_damage:599,No_damage,No_damage,1
tigpr,provenance_size_holdout_p4,tigpr:No_damage:604,No_damage,No_damage,1
tigpr,provenance_size_holdout_p4,tigpr:No_damage:607,No_damage,No_damage,1
tigpr,provenance_size_holdout_p4,tigpr:No_damage:613,No_damage,No_damage,1
tigpr,provenance_size_holdout_p4,tigpr:No_damage:618,No_damage,No_damage,1
tigpr,provenance_size_holdout_p4,tigpr:No_damage:623,No_damage,Interlayer_bonding_deficiency,0
tigpr,provenance_size_holdout_p4,tigpr:No_damage:624,No_damage,Loose,0
tigpr,provenance_size_holdout_p4,tigpr:No_damage:628,No_damage,Interlayer_bonding_deficiency,0
tigpr,provenance_size_holdout_p4,tigpr:No_damage:635,No_damage,No_damage,1
tigpr,provenance_size_holdout_p4,tigpr:No_damage:642,No_damage,No_damage,1
tigpr,provenance_size_holdout_p4,tigpr:No_damage:643,No_damage,No_damage,1
tigpr,provenance_size_holdout_p4,tigpr:No_damage:647,No_damage,Interlayer_bonding_deficiency,0
tigpr,provenance_size_holdout_p4,tigpr:No_damage:661,No_damage,No_damage,1
tigpr,provenance_size_holdout_p4,tigpr:No_damage:664,No_damage,No_damage,1
tigpr,provenance_size_holdout_p4,tigpr:No_damage:665,No_damage,No_damage,1
tigpr,provenance_size_holdout_p4,tigpr:No_damage:673,No_damage,Interlayer_bonding_deficiency,0
tigpr,provenance_size_holdout_p4,tigpr:No_damage:676,No_damage,No_damage,1
tigpr,provenance_size_holdout_p4,tigpr:No_damage:677,No_damage,Interlayer_bonding_deficiency,0
tigpr,provenance_size_holdout_p4,tigpr:No_damage:678,No_damage,No_damage,1
tigpr,provenance_size_holdout_p4,tigpr:No_damage:686,No_damage,No_damage,1
tigpr,provenance_size_holdout_p4,tigpr:No_damage:696,No_damage,No_damage,1
tigpr,provenance_size_holdout_p4,tigpr:No_damage:705,No_damage,No_damage,1
tigpr,provenance_size_holdout_p4,tigpr:No_damage:708,No_damage,No_damage,1
tigpr,provenance_size_holdout_p4,tigpr:No_damage:713,No_damage,No_damage,1
tigpr,provenance_size_holdout_p4,tigpr:No_damage:717,No_damage,No_damage,1
tigpr,provenance_size_holdout_p4,tigpr:No_damage:729,No_damage,No_damage,1
tigpr,provenance_size_holdout_p4,tigpr:No_damage:734,No_damage,No_damage,1
tigpr,provenance_size_holdout_p4,tigpr:No_damage:738,No_damage,No_damage,1
tigpr,provenance_size_holdout_p4,tigpr:No_damage:740,No_damage,No_damage,1
tigpr,provenance_size_holdout_p4,tigpr:No_damage:754,No_damage,No_damage,1
tigpr,provenance_size_holdout_p4,tigpr:No_damage:760,No_damage,No_damage,1
tigpr,provenance_size_holdout_p4,tigpr:No_damage:763,No_damage,No_damage,1
tigpr,provenance_size_holdout_p4,tigpr:No_damage:775,No_damage,No_damage,1
tigpr,provenance_size_holdout_p4,tigpr:No_damage:777,No_damage,No_damage,1
tigpr,provenance_size_holdout_p4,tigpr:No_damage:789,No_damage,No_damage,1
tigpr,provenance_size_holdout_p4,tigpr:No_damage:793,No_damage,No_damage,1
tigpr,provenance_size_holdout_p4,tigpr:No_damage:795,No_damage,No_damage,1
tigpr,provenance_size_holdout_p4,tigpr:No_damage:800,No_damage,No_damage,1
tigpr,provenance_size_holdout_p4,tigpr:No_damage:817,No_damage,No_damage,1
tigpr,provenance_size_holdout_p4,tigpr:No_damage:825,No_damage,No_damage,1
tigpr,provenance_size_holdout_p4,tigpr:No_damage:826,No_damage,No_damage,1
tigpr,provenance_size_holdout_p4,tigpr:No_damage:827,No_damage,No_damage,1
tigpr,provenance_size_holdout_p4,tigpr:No_damage:828,No_damage,No_damage,1
tigpr,provenance_size_holdout_p4,tigpr:No_damage:830,No_damage,Interlayer_bonding_deficiency,0
tigpr,provenance_size_holdout_p4,tigpr:No_damage:832,No_damage,No_damage,1
tigpr,provenance_size_holdout_p4,tigpr:No_damage:838,No_damage,No_damage,1
tigpr,provenance_size_holdout_p4,tigpr:No_damage:846,No_damage,No_damage,1
tigpr,provenance_size_holdout_p4,tigpr:No_damage:847,No_damage,No_damage,1
tigpr,provenance_size_holdout_p4,tigpr:No_damage:852,No_damage,No_damage,1
tigpr,provenance_size_holdout_p4,tigpr:No_damage:858,No_damage,Interlayer_bonding_deficiency,0
tigpr,provenance_size_holdout_p4,tigpr:No_damage:860,No_damage,No_damage,1
tigpr,provenance_size_holdout_p4,tigpr:No_damage:862,No_damage,No_damage,1
tigpr,provenance_size_holdout_p4,tigpr:No_damage:870,No_damage,No_damage,1
tigpr,provenance_size_holdout_p4,tigpr:No_damage:881,No_damage,No_damage,1
tigpr,provenance_size_holdout_p4,tigpr:No_damage:883,No_damage,No_damage,1
tigpr,provenance_size_holdout_p4,tigpr:No_damage:885,No_damage,No_damage,1
tigpr,provenance_size_holdout_p4,tigpr:No_damage:898,No_damage,No_damage,1
tigpr,provenance_size_holdout_p4,tigpr:No_damage:907,No_damage,No_damage,1
tigpr,provenance_size_holdout_p4,tigpr:No_damage:910,No_damage,No_damage,1
tigpr,provenance_size_holdout_p4,tigpr:No_damage:918,No_damage,No_damage,1
tigpr,provenance_size_holdout_p4,tigpr:No_damage:923,No_damage,No_damage,1
tigpr,provenance_size_holdout_p4,tigpr:No_damage:925,No_damage,No_damage,1
tigpr,provenance_size_holdout_p4,tigpr:No_damage:936,No_damage,No_damage,1
tigpr,provenance_size_holdout_p4,tigpr:No_damage:939,No_damage,No_damage,1
tigpr,provenance_size_holdout_p4,tigpr:No_damage:952,No_damage,Interlayer_bonding_deficiency,0
tigpr,provenance_size_holdout_p4,tigpr:No_damage:961,No_damage,No_damage,1
tigpr,provenance_size_holdout_p4,tigpr:No_damage:967,No_damage,No_damage,1
tigpr,provenance_size_holdout_p4,tigpr:No_damage:974,No_damage,No_damage,1
tigpr,provenance_size_holdout_p4,tigpr:No_damage:977,No_damage,No_damage,1
tigpr,provenance_size_holdout_p4,tigpr:No_damage:978,No_damage,No_damage,1
tigpr,provenance_size_holdout_p4,tigpr:No_damage:987,No_damage,No_damage,1
tigpr,provenance_size_holdout_p4,tigpr:No_damage:998,No_damage,No_damage,1
tigpr,provenance_size_holdout_p4,tigpr:No_damage:1002,No_damage,No_damage,1
tigpr,provenance_size_holdout_p4,tigpr:No_damage:1003,No_damage,No_damage,1
tigpr,provenance_size_holdout_p4,tigpr:No_damage:1018,No_damage,No_damage,1
tigpr,provenance_size_holdout_p4,tigpr:No_damage:1023,No_damage,No_damage,1
tigpr,provenance_size_holdout_p4,tigpr:No_damage:1026,No_damage,No_damage,1
tigpr,provenance_size_holdout_p4,tigpr:No_damage:1031,No_damage,No_damage,1
tigpr,provenance_size_holdout_p4,tigpr:No_damage:1033,No_damage,No_damage,1
tigpr,provenance_size_holdout_p4,tigpr:No_damage:1057,No_damage,No_damage,1
tigpr,provenance_size_holdout_p4,tigpr:No_damage:1058,No_damage,No_damage,1
tigpr,provenance_size_holdout_p4,tigpr:No_damage:1070,No_damage,No_damage,1
tigpr,provenance_size_holdout_p4,tigpr:No_damage:1075,No_damage,No_damage,1
tigpr,provenance_size_holdout_p4,tigpr:No_damage:1076,No_damage,No_damage,1
tigpr,provenance_size_holdout_p4,tigpr:No_damage:1080,No_damage,No_damage,1
tigpr,provenance_size_holdout_p4,tigpr:No_damage:1081,No_damage,No_damage,1
tigpr,provenance_size_holdout_p4,tigpr:No_damage:1087,No_damage,No_damage,1
tigpr,provenance_size_holdout_p4,tigpr:No_damage:1100,No_damage,No_damage,1
tigpr,provenance_size_holdout_p4,tigpr:No_damage:1101,No_damage,No_damage,1
tigpr,provenance_size_holdout_p4,tigpr:No_damage:1104,No_damage,No_damage,1
tigpr,provenance_size_holdout_p4,tigpr:No_damage:1107,No_damage,No_damage,1
tigpr,provenance_size_holdout_p4,tigpr:No_damage:1108,No_damage,No_damage,1
tigpr,provenance_size_holdout_p4,tigpr:No_damage:1112,No_damage,No_damage,1
tigpr,provenance_size_holdout_p4,tigpr:No_damage:1116,No_damage,No_damage,1
tigpr,provenance_size_holdout_p4,tigpr:No_damage:1117,No_damage,No_damage,1
tigpr,provenance_size_holdout_p4,tigpr:No_damage:1118,No_damage,No_damage,1
tigpr,provenance_size_holdout_p4,tigpr:No_damage:1126,No_damage,No_damage,1
tigpr,provenance_size_holdout_p4,tigpr:No_damage:1127,No_damage,No_damage,1
tigpr,provenance_size_holdout_p4,tigpr:No_damage:1132,No_damage,No_damage,1
tigpr,provenance_size_holdout_p4,tigpr:No_damage:1133,No_damage,No_damage,1
tigpr,provenance_size_holdout_p4,tigpr:No_damage:1134,No_damage,No_damage,1
tigpr,provenance_size_holdout_p4,tigpr:No_damage:1138,No_damage,No_damage,1
tigpr,provenance_size_holdout_p4,tigpr:No_damage:1146,No_damage,No_damage,1
tigpr,provenance_size_holdout_p4,tigpr:No_damage:1160,No_damage,No_damage,1
tigpr,provenance_size_holdout_p4,tigpr:No_damage:1161,No_damage,No_damage,1
tigpr,provenance_size_holdout_p4,tigpr:No_damage:1164,No_damage,No_damage,1
tigpr,provenance_size_holdout_p4,tigpr:No_damage:1165,No_damage,No_damage,1
tigpr,provenance_size_holdout_p4,tigpr:No_damage:1169,No_damage,No_damage,1
tigpr,provenance_size_holdout_p4,tigpr:No_damage:1175,No_damage,No_damage,1
tigpr,provenance_size_holdout_p4,tigpr:No_damage:1179,No_damage,No_damage,1
tigpr,provenance_size_holdout_p4,tigpr:No_damage:1186,No_damage,No_damage,1
tigpr,provenance_size_holdout_p4,tigpr:No_damage:1194,No_damage,No_damage,1
tigpr,provenance_size_holdout_p4,tigpr:No_damage:1196,No_damage,No_damage,1
tigpr,provenance_size_holdout_p4,tigpr:No_damage:1200,No_damage,No_damage,1
tigpr,provenance_size_holdout_p4,tigpr:No_damage:1210,No_damage,No_damage,1
tigpr,provenance_size_holdout_p4,tigpr:No_damage:1217,No_damage,No_damage,1
tigpr,provenance_size_holdout_p4,tigpr:No_damage:1224,No_damage,No_damage,1
tigpr,provenance_size_holdout_p4,tigpr:No_damage:1228,No_damage,No_damage,1
tigpr,provenance_size_holdout_p4,tigpr:No_damage:1229,No_damage,No_damage,1
tigpr,provenance_size_holdout_p4,tigpr:No_damage:1230,No_damage,No_damage,1
tigpr,provenance_size_holdout_p4,tigpr:No_damage:1234,No_damage,No_damage,1
tigpr,provenance_size_holdout_p4,tigpr:No_damage:1236,No_damage,No_damage,1
tigpr,provenance_size_holdout_p4,tigpr:No_damage:1244,No_damage,No_damage,1
tigpr,provenance_size_holdout_p4,tigpr:No_damage:1249,No_damage,No_damage,1
tigpr,provenance_size_holdout_p4,tigpr:No_damage:1252,No_damage,No_damage,1
tigpr,provenance_size_holdout_p4,tigpr:No_damage:1254,No_damage,No_damage,1
tigpr,provenance_size_holdout_p4,tigpr:No_damage:1256,No_damage,No_damage,1
tigpr,provenance_size_holdout_p4,tigpr:No_damage:1257,No_damage,No_damage,1
tigpr,provenance_size_holdout_p4,tigpr:No_damage:1258,No_damage,No_damage,1
tigpr,provenance_size_holdout_p4,tigpr:No_damage:1263,No_damage,No_damage,1
tigpr,provenance_size_holdout_p4,tigpr:No_damage:1266,No_damage,No_damage,1
tigpr,provenance_size_holdout_p4,tigpr:No_damage:1275,No_damage,No_damage,1
tigpr,provenance_size_holdout_p4,tigpr:No_damage:1277,No_damage,No_damage,1
tigpr,provenance_size_holdout_p4,tigpr:No_damage:1281,No_damage,No_damage,1
tigpr,provenance_size_holdout_p4,tigpr:No_damage:1287,No_damage,No_damage,1
tigpr,provenance_size_holdout_p4,tigpr:No_damage:1288,No_damage,No_damage,1
tigpr,provenance_size_holdout_p4,tigpr:No_damage:1291,No_damage,No_damage,1
tigpr,provenance_size_holdout_p4,tigpr:No_damage:1293,No_damage,No_damage,1
tigpr,provenance_size_holdout_p4,tigpr:No_damage:1300,No_damage,No_damage,1
tigpr,provenance_size_holdout_p4,tigpr:No_damage:1303,No_damage,No_damage,1
tigpr,provenance_size_holdout_p4,tigpr:No_damage:1307,No_damage,No_damage,1
tigpr,provenance_size_holdout_p4,tigpr:No_damage:1326,No_damage,No_damage,1
tigpr,provenance_size_holdout_p4,tigpr:No_damage:1330,No_damage,No_damage,1
tigpr,provenance_size_holdout_p4,tigpr:No_damage:1331,No_damage,No_damage,1
tigpr,provenance_size_holdout_p4,tigpr:No_damage:1346,No_damage,No_damage,1
tigpr,provenance_size_holdout_p4,tigpr:No_damage:1347,No_damage,No_damage,1
tigpr,provenance_size_holdout_p4,tigpr:No_damage:1349,No_damage,No_damage,1
tigpr,provenance_size_holdout_p4,tigpr:No_damage:1350,No_damage,No_damage,1
tigpr,provenance_size_holdout_p4,tigpr:No_damage:1362,No_damage,No_damage,1
tigpr,provenance_size_holdout_p4,tigpr:No_damage:1364,No_damage,No_damage,1
tigpr,provenance_size_holdout_p4,tigpr:No_damage:1376,No_damage,No_damage,1
tigpr,provenance_size_holdout_p4,tigpr:No_damage:1384,No_damage,No_damage,1
tigpr,provenance_size_holdout_p4,tigpr:No_damage:1387,No_damage,No_damage,1
tigpr,provenance_size_holdout_p4,tigpr:No_damage:1390,No_damage,No_damage,1
tigpr,provenance_size_holdout_p4,tigpr:No_damage:1391,No_damage,No_damage,1
tigpr,provenance_size_holdout_p4,tigpr:No_damage:1393,No_damage,No_damage,1
tigpr,provenance_size_holdout_p4,tigpr:No_damage:1401,No_damage,No_damage,1
tigpr,provenance_size_holdout_p4,tigpr:No_damage:1404,No_damage,No_damage,1
tigpr,provenance_size_holdout_p4,tigpr:No_damage:1419,No_damage,No_damage,1
tigpr,provenance_size_holdout_p4,tigpr:No_damage:1420,No_damage,No_damage,1
tigpr,provenance_size_holdout_p4,tigpr:No_damage:1445,No_damage,No_damage,1
tigpr,provenance_size_holdout_p4,tigpr:No_damage:1447,No_damage,No_damage,1
tigpr,provenance_size_holdout_p4,tigpr:No_damage:1448,No_damage,No_damage,1
tigpr,provenance_size_holdout_p4,tigpr:No_damage:1464,No_damage,No_damage,1
tigpr,provenance_size_holdout_p4,tigpr:No_damage:1470,No_damage,No_damage,1
tigpr,provenance_size_holdout_p4,tigpr:No_damage:1486,No_damage,No_damage,1
tigpr,provenance_size_holdout_p4,tigpr:No_damage:1488,No_damage,No_damage,1
tigpr,provenance_size_holdout_p4,tigpr:No_damage:1489,No_damage,No_damage,1
tigpr,provenance_size_holdout_p4,tigpr:No_damage:1492,No_damage,Interlayer_bonding_deficiency,0
tigpr,provenance_size_holdout_p4,tigpr:No_damage:1496,No_damage,Interlayer_bonding_deficiency,0
tigpr,provenance_size_holdout_p4,tigpr:No_damage:1509,No_damage,No_damage,1
tigpr,provenance_size_holdout_p4,tigpr:No_damage:1511,No_damage,No_damage,1
tigpr,provenance_size_holdout_p4,tigpr:No_damage:1512,No_damage,No_damage,1
tigpr,provenance_size_holdout_p4,tigpr:Void:16,Void,Void,1
tigpr,provenance_size_holdout_p4,tigpr:Void:17,Void,Void,1
tigpr,provenance_size_holdout_p4,tigpr:Void:31,Void,Interlayer_bonding_deficiency,0
tigpr,provenance_size_holdout_p4,tigpr:Void:32,Void,Interlayer_bonding_deficiency,0
tigpr,provenance_size_holdout_p4,tigpr:Void:33,Void,Void,1
tigpr,provenance_size_holdout_p4,tigpr:Void:34,Void,Void,1
tigpr,provenance_size_holdout_p4,tigpr:Void:69,Void,Interlayer_bonding_deficiency,0
tigpr,provenance_size_holdout_p4,tigpr:Void:70,Void,Interlayer_bonding_deficiency,0
tigpr,provenance_size_holdout_p4,tigpr:Void:75,Void,Crack,0
tigpr,provenance_size_holdout_p4,tigpr:Void:76,Void,Crack,0
tigpr,provenance_size_holdout_p4,tigpr:Void:84,Void,Void,1
tigpr,provenance_size_holdout_p4,tigpr:Void:85,Void,Void,1
tigpr,provenance_size_holdout_p4,tigpr:Void:86,Void,Crack,0
tigpr,provenance_size_holdout_p4,tigpr:Void:87,Void,Crack,0
tigpr,provenance_size_holdout_p4,tigpr:Void:89,Void,Crack,0
tigpr,provenance_size_holdout_p4,tigpr:Void:90,Void,Crack,0
tigpr,provenance_size_holdout_p4,tigpr:Void:98,Void,Crack,0
tigpr,provenance_size_holdout_p4,tigpr:Void:99,Void,Crack,0
tigpr,provenance_size_holdout_p4,tigpr:Void:120,Void,Crack,0
tigpr,provenance_size_holdout_p4,tigpr:Void:121,Void,Crack,0
tigpr,provenance_size_holdout_p4,tigpr:Void:122,Void,Crack,0
tigpr,provenance_size_holdout_p4,tigpr:Void:123,Void,Crack,0
tigpr,provenance_size_holdout_p4,tigpr:Void:130,Void,Crack,0
tigpr,provenance_size_holdout_p4,tigpr:Void:131,Void,Crack,0
tigpr,provenance_size_holdout_p4,tigpr:Void:139,Void,Crack,0
tigpr,provenance_size_holdout_p4,tigpr:Void:140,Void,Crack,0
tigpr,provenance_size_holdout_p4,tigpr:Void:142,Void,Crack,0
tigpr,provenance_size_holdout_p4,tigpr:Void:143,Void,Crack,0
tigpr,provenance_size_holdout_p4,tigpr:Void:153,Void,Void,1
tigpr,provenance_size_holdout_p4,tigpr:Void:154,Void,Void,1
tigpr,provenance_size_holdout_p4,tigpr:Void:156,Void,Interlayer_bonding_deficiency,0
tigpr,provenance_size_holdout_p4,tigpr:Void:157,Void,Interlayer_bonding_deficiency,0
tigpr,provenance_size_holdout_p4,tigpr:Void:159,Void,Void,1
tigpr,provenance_size_holdout_p4,tigpr:Void:160,Void,Void,1
tigpr,provenance_size_holdout_p4,tigpr:Void:162,Void,Crack,0
tigpr,provenance_size_holdout_p4,tigpr:Void:163,Void,Crack,0
tigpr,provenance_size_holdout_p4,tigpr:Void:169,Void,Crack,0
tigpr,provenance_size_holdout_p4,tigpr:Void:177,Void,Interlayer_bonding_deficiency,0
tigpr,provenance_size_holdout_p4,tigpr:Void:178,Void,Interlayer_bonding_deficiency,0
tigpr,provenance_size_holdout_p4,tigpr:Void:197,Void,Interlayer_bonding_deficiency,0
tigpr,provenance_size_holdout_p4,tigpr:Void:198,Void,Interlayer_bonding_deficiency,0
tigpr,provenance_size_holdout_p4,tigpr:Void:200,Void,Loose,0
tigpr,provenance_size_holdout_p4,tigpr:Void:202,Void,Loose,0
tigpr,provenance_size_holdout_p4,tigpr:Void:207,Void,Interlayer_bonding_deficiency,0
tigpr,provenance_size_holdout_p4,tigpr:Void:208,Void,Interlayer_bonding_deficiency,0
tigpr,provenance_size_holdout_p4,tigpr:Void:228,Void,Loose,0
tigpr,provenance_size_holdout_p4,tigpr:Void:230,Void,Loose,0
tigpr,provenance_size_holdout_p4,tigpr:Void:233,Void,Loose,0
tigpr,provenance_size_holdout_p4,tigpr:Void:235,Void,Loose,0
tigpr,provenance_size_holdout_p4,tigpr:Void:248,Void,Void,1
tigpr,provenance_size_holdout_p4,tigpr:Void:249,Void,Void,1
tigpr,provenance_size_holdout_p4,tigpr:Void:258,Void,Crack,0
tigpr,provenance_size_holdout_p4,tigpr:Void:259,Void,Crack,0
tigpr,provenance_size_holdout_p4,tigpr:Void:276,Void,Loose,0
tigpr,provenance_size_holdout_p4,tigpr:Void:277,Void,Interlayer_bonding_deficiency,0
tigpr,provenance_size_holdout_p4,tigpr:Void:278,Void,Interlayer_bonding_deficiency,0
tigpr,provenance_size_holdout_p4,tigpr:Void:284,Void,Void,1
tigpr,provenance_size_holdout_p4,tigpr:Void:285,Void,Void,1
tigpr,provenance_size_holdout_p4,tigpr:Void:287,Void,Interlayer_bonding_deficiency,0
tigpr,provenance_size_holdout_p4,tigpr:Void:288,Void,Interlayer_bonding_deficiency,0
tigpr,provenance_size_holdout_p4,tigpr:Void:290,Void,Crack,0
tigpr,provenance_size_holdout_p4,tigpr:Void:291,Void,Crack,0
tigpr,provenance_size_holdout_p4,tigpr:Void:293,Void,Void,1
tigpr,provenance_size_holdout_p4,tigpr:Void:294,Void,Void,1
tigpr,datasail_like_group_balance,tigpr:Crack:9,Crack,Crack,1
tigpr,datasail_like_group_balance,tigpr:Crack:10,Crack,Crack,1
tigpr,datasail_like_group_balance,tigpr:Crack:11,Crack,Crack,1
tigpr,datasail_like_group_balance,tigpr:Crack:19,Crack,Void,0
tigpr,datasail_like_group_balance,tigpr:Crack:35,Crack,Void,0
tigpr,datasail_like_group_balance,tigpr:Crack:44,Crack,Void,0
tigpr,datasail_like_group_balance,tigpr:Crack:49,Crack,Crack,1
tigpr,datasail_like_group_balance,tigpr:Crack:63,Crack,Crack,1
tigpr,datasail_like_group_balance,tigpr:Crack:71,Crack,Crack,1
tigpr,datasail_like_group_balance,tigpr:Crack:72,Crack,Crack,1
tigpr,datasail_like_group_balance,tigpr:Crack:76,Crack,Void,0
tigpr,datasail_like_group_balance,tigpr:Crack:85,Crack,Crack,1
tigpr,datasail_like_group_balance,tigpr:Crack:88,Crack,Interlayer_bonding_deficiency,0
tigpr,datasail_like_group_balance,tigpr:Crack:89,Crack,Crack,1
tigpr,datasail_like_group_balance,tigpr:Crack:91,Crack,Crack,1
tigpr,datasail_like_group_balance,tigpr:Crack:92,Crack,Crack,1
tigpr,datasail_like_group_balance,tigpr:Crack:95,Crack,Crack,1
tigpr,datasail_like_group_balance,tigpr:Crack:100,Crack,Crack,1
tigpr,datasail_like_group_balance,tigpr:Crack:101,Crack,Crack,1
tigpr,datasail_like_group_balance,tigpr:Crack:107,Crack,Crack,1
tigpr,datasail_like_group_balance,tigpr:Crack:115,Crack,Crack,1
tigpr,datasail_like_group_balance,tigpr:Crack:116,Crack,Crack,1
tigpr,datasail_like_group_balance,tigpr:Crack:119,Crack,Void,0
tigpr,datasail_like_group_balance,tigpr:Crack:120,Crack,Void,0
tigpr,datasail_like_group_balance,tigpr:Crack:122,Crack,Crack,1
tigpr,datasail_like_group_balance,tigpr:Crack:134,Crack,Crack,1
tigpr,datasail_like_group_balance,tigpr:Crack:135,Crack,Void,0
tigpr,datasail_like_group_balance,tigpr:Crack:147,Crack,Interlayer_bonding_deficiency,0
tigpr,datasail_like_group_balance,tigpr:Crack:149,Crack,Void,0
tigpr,datasail_like_group_balance,tigpr:Crack:159,Crack,Void,0
tigpr,datasail_like_group_balance,tigpr:Crack:192,Crack,Crack,1
tigpr,datasail_like_group_balance,tigpr:Crack:197,Crack,Void,0
tigpr,datasail_like_group_balance,tigpr:Crack:207,Crack,Interlayer_bonding_deficiency,0
tigpr,datasail_like_group_balance,tigpr:Crack:208,Crack,Crack,1
tigpr,datasail_like_group_balance,tigpr:Crack:211,Crack,Crack,1
tigpr,datasail_like_group_balance,tigpr:Crack:212,Crack,Crack,1
tigpr,datasail_like_group_balance,tigpr:Crack:224,Crack,Crack,1
tigpr,datasail_like_group_balance,tigpr:Crack:228,Crack,Crack,1
tigpr,datasail_like_group_balance,tigpr:Crack:229,Crack,Crack,1
tigpr,datasail_like_group_balance,tigpr:Crack:239,Crack,Void,0
tigpr,datasail_like_group_balance,tigpr:Crack:245,Crack,Crack,1
tigpr,datasail_like_group_balance,tigpr:Crack:246,Crack,Crack,1
tigpr,datasail_like_group_balance,tigpr:Crack:249,Crack,Crack,1
tigpr,datasail_like_group_balance,tigpr:Crack:254,Crack,Crack,1
tigpr,datasail_like_group_balance,tigpr:Crack:255,Crack,Crack,1
tigpr,datasail_like_group_balance,tigpr:Crack:265,Crack,Crack,1
tigpr,datasail_like_group_balance,tigpr:Crack:277,Crack,Crack,1
tigpr,datasail_like_group_balance,tigpr:Crack:278,Crack,Crack,1
tigpr,datasail_like_group_balance,tigpr:Crack:279,Crack,Crack,1
tigpr,datasail_like_group_balance,tigpr:Crack:282,Crack,Interlayer_bonding_deficiency,0
tigpr,datasail_like_group_balance,tigpr:Crack:283,Crack,Interlayer_bonding_deficiency,0
tigpr,datasail_like_group_balance,tigpr:Crack:289,Crack,Void,0
tigpr,datasail_like_group_balance,tigpr:Crack:290,Crack,Void,0
tigpr,datasail_like_group_balance,tigpr:Crack:292,Crack,Crack,1
tigpr,datasail_like_group_balance,tigpr:Crack:293,Crack,Crack,1
tigpr,datasail_like_group_balance,tigpr:Crack:299,Crack,Interlayer_bonding_deficiency,0
tigpr,datasail_like_group_balance,tigpr:Crack:311,Crack,Crack,1
tigpr,datasail_like_group_balance,tigpr:Crack:314,Crack,Crack,1
tigpr,datasail_like_group_balance,tigpr:Crack:318,Crack,Interlayer_bonding_deficiency,0
tigpr,datasail_like_group_balance,tigpr:Crack:326,Crack,Crack,1
tigpr,datasail_like_group_balance,tigpr:Crack:349,Crack,Interlayer_bonding_deficiency,0
tigpr,datasail_like_group_balance,tigpr:Crack:350,Crack,Crack,1
tigpr,datasail_like_group_balance,tigpr:Crack:362,Crack,Crack,1
tigpr,datasail_like_group_balance,tigpr:Crack:363,Crack,Crack,1
tigpr,datasail_like_group_balance,tigpr:Crack:380,Crack,Crack,1
tigpr,datasail_like_group_balance,tigpr:Crack:389,Crack,Void,0
tigpr,datasail_like_group_balance,tigpr:Crack:390,Crack,Void,0
tigpr,datasail_like_group_balance,tigpr:Crack:402,Crack,Crack,1
tigpr,datasail_like_group_balance,tigpr:Crack:403,Crack,Crack,1
tigpr,datasail_like_group_balance,tigpr:Crack:405,Crack,Crack,1
tigpr,datasail_like_group_balance,tigpr:Crack:410,Crack,Crack,1
tigpr,datasail_like_group_balance,tigpr:Crack:444,Crack,Interlayer_bonding_deficiency,0
tigpr,datasail_like_group_balance,tigpr:Crack:458,Crack,Void,0
tigpr,datasail_like_group_balance,tigpr:Crack:477,Crack,Crack,1
tigpr,datasail_like_group_balance,tigpr:Crack:478,Crack,Crack,1
tigpr,datasail_like_group_balance,tigpr:Crack:512,Crack,Void,0
tigpr,datasail_like_group_balance,tigpr:Crack:513,Crack,Void,0
tigpr,datasail_like_group_balance,tigpr:Crack:524,Crack,Interlayer_bonding_deficiency,0
tigpr,datasail_like_group_balance,tigpr:Crack:546,Crack,Crack,1
tigpr,datasail_like_group_balance,tigpr:Crack:547,Crack,Crack,1
tigpr,datasail_like_group_balance,tigpr:Crack:581,Crack,Void,0
tigpr,datasail_like_group_balance,tigpr:Crack:588,Crack,Crack,1
tigpr,datasail_like_group_balance,tigpr:Crack:589,Crack,Crack,1
tigpr,datasail_like_group_balance,tigpr:Crack:609,Crack,Crack,1
tigpr,datasail_like_group_balance,tigpr:Crack:610,Crack,Crack,1
tigpr,datasail_like_group_balance,tigpr:Crack:611,Crack,Crack,1
tigpr,datasail_like_group_balance,tigpr:Crack:621,Crack,Crack,1
tigpr,datasail_like_group_balance,tigpr:Crack:626,Crack,Crack,1
tigpr,datasail_like_group_balance,tigpr:Crack:634,Crack,Crack,1
tigpr,datasail_like_group_balance,tigpr:Crack:635,Crack,Crack,1
tigpr,datasail_like_group_balance,tigpr:Crack:636,Crack,Crack,1
tigpr,datasail_like_group_balance,tigpr:Crack:640,Crack,Void,0
tigpr,datasail_like_group_balance,tigpr:Crack:652,Crack,Void,0
tigpr,datasail_like_group_balance,tigpr:Crack:672,Crack,Interlayer_bonding_deficiency,0
tigpr,datasail_like_group_balance,tigpr:Crack:673,Crack,Crack,1
tigpr,datasail_like_group_balance,tigpr:Crack:689,Crack,Crack,1
tigpr,datasail_like_group_balance,tigpr:Crack:691,Crack,Crack,1
tigpr,datasail_like_group_balance,tigpr:Crack:700,Crack,Crack,1
tigpr,datasail_like_group_balance,tigpr:Crack:704,Crack,Crack,1
tigpr,datasail_like_group_balance,tigpr:Crack:712,Crack,Crack,1
tigpr,datasail_like_group_balance,tigpr:Crack:713,Crack,Crack,1
tigpr,datasail_like_group_balance,tigpr:Crack:721,Crack,Crack,1
tigpr,datasail_like_group_balance,tigpr:Crack:722,Crack,Crack,1
tigpr,datasail_like_group_balance,tigpr:Crack:724,Crack,Crack,1
tigpr,datasail_like_group_balance,tigpr:Crack:731,Crack,Crack,1
tigpr,datasail_like_group_balance,tigpr:Crack:732,Crack,Crack,1
tigpr,datasail_like_group_balance,tigpr:Crack:735,Crack,Crack,1
tigpr,datasail_like_group_balance,tigpr:Crack:738,Crack,Crack,1
tigpr,datasail_like_group_balance,tigpr:Crack:741,Crack,Crack,1
tigpr,datasail_like_group_balance,tigpr:Crack:743,Crack,Void,0
tigpr,datasail_like_group_balance,tigpr:Crack:750,Crack,Crack,1
tigpr,datasail_like_group_balance,tigpr:Crack:752,Crack,Crack,1
tigpr,datasail_like_group_balance,tigpr:Crack:757,Crack,Crack,1
tigpr,datasail_like_group_balance,tigpr:Crack:778,Crack,Crack,1
tigpr,datasail_like_group_balance,tigpr:Crack:781,Crack,Crack,1
tigpr,datasail_like_group_balance,tigpr:Crack:798,Crack,Void,0
tigpr,datasail_like_group_balance,tigpr:Crack:811,Crack,Crack,1
tigpr,datasail_like_group_balance,tigpr:Crack:819,Crack,Crack,1
tigpr,datasail_like_group_balance,tigpr:Crack:827,Crack,Crack,1
tigpr,datasail_like_group_balance,tigpr:Crack:840,Crack,Crack,1
tigpr,datasail_like_group_balance,tigpr:Crack:851,Crack,Crack,1
tigpr,datasail_like_group_balance,tigpr:Crack:855,Crack,Crack,1
tigpr,datasail_like_group_balance,tigpr:Crack:858,Crack,Crack,1
tigpr,datasail_like_group_balance,tigpr:Crack:872,Crack,Crack,1
tigpr,datasail_like_group_balance,tigpr:Crack:874,Crack,Crack,1
tigpr,datasail_like_group_balance,tigpr:Crack:876,Crack,Crack,1
tigpr,datasail_like_group_balance,tigpr:Crack:884,Crack,Crack,1
tigpr,datasail_like_group_balance,tigpr:Crack:890,Crack,Crack,1
tigpr,datasail_like_group_balance,tigpr:Crack:892,Crack,Crack,1
tigpr,datasail_like_group_balance,tigpr:Crack:894,Crack,Void,0
tigpr,datasail_like_group_balance,tigpr:Crack:898,Crack,Crack,1
tigpr,datasail_like_group_balance,tigpr:Crack:899,Crack,Void,0
tigpr,datasail_like_group_balance,tigpr:Crack:901,Crack,Crack,1
tigpr,datasail_like_group_balance,tigpr:Crack:906,Crack,Crack,1
tigpr,datasail_like_group_balance,tigpr:Crack:912,Crack,Crack,1
tigpr,datasail_like_group_balance,tigpr:Crack:917,Crack,Crack,1
tigpr,datasail_like_group_balance,tigpr:Crack:920,Crack,Crack,1
tigpr,datasail_like_group_balance,tigpr:Crack:923,Crack,Crack,1
tigpr,datasail_like_group_balance,tigpr:Crack:932,Crack,Interlayer_bonding_deficiency,0
tigpr,datasail_like_group_balance,tigpr:Crack:939,Crack,Crack,1
tigpr,datasail_like_group_balance,tigpr:Crack:945,Crack,Crack,1
tigpr,datasail_like_group_balance,tigpr:Crack:955,Crack,Crack,1
tigpr,datasail_like_group_balance,tigpr:Crack:956,Crack,Crack,1
tigpr,datasail_like_group_balance,tigpr:Crack:961,Crack,Crack,1
tigpr,datasail_like_group_balance,tigpr:Crack:962,Crack,Crack,1
tigpr,datasail_like_group_balance,tigpr:Crack:972,Crack,Crack,1
tigpr,datasail_like_group_balance,tigpr:Crack:979,Crack,Crack,1
tigpr,datasail_like_group_balance,tigpr:Crack:981,Crack,Crack,1
tigpr,datasail_like_group_balance,tigpr:Crack:994,Crack,Crack,1
tigpr,datasail_like_group_balance,tigpr:Crack:1028,Crack,Void,0
tigpr,datasail_like_group_balance,tigpr:Crack:1030,Crack,Crack,1
tigpr,datasail_like_group_balance,tigpr:Crack:1037,Crack,Crack,1
tigpr,datasail_like_group_balance,tigpr:Crack:1049,Crack,Crack,1
tigpr,datasail_like_group_balance,tigpr:Crack:1051,Crack,Crack,1
tigpr,datasail_like_group_balance,tigpr:Crack:1056,Crack,Crack,1
tigpr,datasail_like_group_balance,tigpr:Crack:1064,Crack,Void,0
tigpr,datasail_like_group_balance,tigpr:Crack:1067,Crack,Crack,1
tigpr,datasail_like_group_balance,tigpr:Crack:1071,Crack,Crack,1
tigpr,datasail_like_group_balance,tigpr:Crack:1085,Crack,Void,0
tigpr,datasail_like_group_balance,tigpr:Crack:1086,Crack,Crack,1
tigpr,datasail_like_group_balance,tigpr:Crack:1088,Crack,Crack,1
tigpr,datasail_like_group_balance,tigpr:Crack:1093,Crack,Interlayer_bonding_deficiency,0
tigpr,datasail_like_group_balance,tigpr:Crack:1099,Crack,Void,0
tigpr,datasail_like_group_balance,tigpr:Crack:1101,Crack,Crack,1
tigpr,datasail_like_group_balance,tigpr:Crack:1103,Crack,Crack,1
tigpr,datasail_like_group_balance,tigpr:Crack:1105,Crack,Crack,1
tigpr,datasail_like_group_balance,tigpr:Crack:1116,Crack,Crack,1
tigpr,datasail_like_group_balance,tigpr:Crack:1119,Crack,Crack,1
tigpr,datasail_like_group_balance,tigpr:Crack:1124,Crack,Void,0
tigpr,datasail_like_group_balance,tigpr:Crack:1128,Crack,Crack,1
tigpr,datasail_like_group_balance,tigpr:Crack:1132,Crack,Crack,1
tigpr,datasail_like_group_balance,tigpr:Crack:1135,Crack,Crack,1
tigpr,datasail_like_group_balance,tigpr:Crack:1163,Crack,Crack,1
tigpr,datasail_like_group_balance,tigpr:Crack:1168,Crack,Crack,1
tigpr,datasail_like_group_balance,tigpr:Crack:1173,Crack,Crack,1
tigpr,datasail_like_group_balance,tigpr:Crack:1176,Crack,Crack,1
tigpr,datasail_like_group_balance,tigpr:Crack:1192,Crack,Crack,1
tigpr,datasail_like_group_balance,tigpr:Crack:1200,Crack,Void,0
tigpr,datasail_like_group_balance,tigpr:Crack:1201,Crack,Void,0
tigpr,datasail_like_group_balance,tigpr:Crack:1209,Crack,Crack,1
tigpr,datasail_like_group_balance,tigpr:Crack:1210,Crack,Crack,1
tigpr,datasail_like_group_balance,tigpr:Crack:1217,Crack,Crack,1
tigpr,datasail_like_group_balance,tigpr:Crack:1218,Crack,Crack,1
tigpr,datasail_like_group_balance,tigpr:Crack:1223,Crack,Crack,1
tigpr,datasail_like_group_balance,tigpr:Interlayer_bonding_deficiency:11,Interlayer_bonding_deficiency,Interlayer_bonding_deficiency,1
tigpr,datasail_like_group_balance,tigpr:Interlayer_bonding_deficiency:14,Interlayer_bonding_deficiency,Interlayer_bonding_deficiency,1
tigpr,datasail_like_group_balance,tigpr:Interlayer_bonding_deficiency:17,Interlayer_bonding_deficiency,Interlayer_bonding_deficiency,1
tigpr,datasail_like_group_balance,tigpr:Interlayer_bonding_deficiency:18,Interlayer_bonding_deficiency,Interlayer_bonding_deficiency,1
tigpr,datasail_like_group_balance,tigpr:Interlayer_bonding_deficiency:24,Interlayer_bonding_deficiency,Interlayer_bonding_deficiency,1
tigpr,datasail_like_group_balance,tigpr:Interlayer_bonding_deficiency:35,Interlayer_bonding_deficiency,Loose,0
tigpr,datasail_like_group_balance,tigpr:Interlayer_bonding_deficiency:39,Interlayer_bonding_deficiency,Interlayer_bonding_deficiency,1
tigpr,datasail_like_group_balance,tigpr:Interlayer_bonding_deficiency:44,Interlayer_bonding_deficiency,Interlayer_bonding_deficiency,1
tigpr,datasail_like_group_balance,tigpr:Interlayer_bonding_deficiency:53,Interlayer_bonding_deficiency,Interlayer_bonding_deficiency,1
tigpr,datasail_like_group_balance,tigpr:Interlayer_bonding_deficiency:63,Interlayer_bonding_deficiency,Loose,0
tigpr,datasail_like_group_balance,tigpr:Interlayer_bonding_deficiency:69,Interlayer_bonding_deficiency,Interlayer_bonding_deficiency,1
tigpr,datasail_like_group_balance,tigpr:Interlayer_bonding_deficiency:81,Interlayer_bonding_deficiency,Interlayer_bonding_deficiency,1
tigpr,datasail_like_group_balance,tigpr:Interlayer_bonding_deficiency:91,Interlayer_bonding_deficiency,Loose,0
tigpr,datasail_like_group_balance,tigpr:Interlayer_bonding_deficiency:93,Interlayer_bonding_deficiency,Interlayer_bonding_deficiency,1
tigpr,datasail_like_group_balance,tigpr:Interlayer_bonding_deficiency:95,Interlayer_bonding_deficiency,Interlayer_bonding_deficiency,1
tigpr,datasail_like_group_balance,tigpr:Interlayer_bonding_deficiency:102,Interlayer_bonding_deficiency,Interlayer_bonding_deficiency,1
tigpr,datasail_like_group_balance,tigpr:Interlayer_bonding_deficiency:109,Interlayer_bonding_deficiency,Loose,0
tigpr,datasail_like_group_balance,tigpr:Interlayer_bonding_deficiency:113,Interlayer_bonding_deficiency,Void,0
tigpr,datasail_like_group_balance,tigpr:Interlayer_bonding_deficiency:117,Interlayer_bonding_deficiency,Interlayer_bonding_deficiency,1
tigpr,datasail_like_group_balance,tigpr:Interlayer_bonding_deficiency:122,Interlayer_bonding_deficiency,Interlayer_bonding_deficiency,1
tigpr,datasail_like_group_balance,tigpr:Interlayer_bonding_deficiency:126,Interlayer_bonding_deficiency,Interlayer_bonding_deficiency,1
tigpr,datasail_like_group_balance,tigpr:Interlayer_bonding_deficiency:145,Interlayer_bonding_deficiency,Interlayer_bonding_deficiency,1
tigpr,datasail_like_group_balance,tigpr:Interlayer_bonding_deficiency:148,Interlayer_bonding_deficiency,Loose,0
tigpr,datasail_like_group_balance,tigpr:Interlayer_bonding_deficiency:154,Interlayer_bonding_deficiency,Interlayer_bonding_deficiency,1
tigpr,datasail_like_group_balance,tigpr:Interlayer_bonding_deficiency:165,Interlayer_bonding_deficiency,Interlayer_bonding_deficiency,1
tigpr,datasail_like_group_balance,tigpr:Interlayer_bonding_deficiency:166,Interlayer_bonding_deficiency,Interlayer_bonding_deficiency,1
tigpr,datasail_like_group_balance,tigpr:Interlayer_bonding_deficiency:172,Interlayer_bonding_deficiency,Interlayer_bonding_deficiency,1
tigpr,datasail_like_group_balance,tigpr:Interlayer_bonding_deficiency:179,Interlayer_bonding_deficiency,Interlayer_bonding_deficiency,1
tigpr,datasail_like_group_balance,tigpr:Interlayer_bonding_deficiency:201,Interlayer_bonding_deficiency,Interlayer_bonding_deficiency,1
tigpr,datasail_like_group_balance,tigpr:Interlayer_bonding_deficiency:202,Interlayer_bonding_deficiency,Interlayer_bonding_deficiency,1
tigpr,datasail_like_group_balance,tigpr:Interlayer_bonding_deficiency:204,Interlayer_bonding_deficiency,Interlayer_bonding_deficiency,1
tigpr,datasail_like_group_balance,tigpr:Interlayer_bonding_deficiency:205,Interlayer_bonding_deficiency,Interlayer_bonding_deficiency,1
tigpr,datasail_like_group_balance,tigpr:Interlayer_bonding_deficiency:206,Interlayer_bonding_deficiency,Interlayer_bonding_deficiency,1
tigpr,datasail_like_group_balance,tigpr:Interlayer_bonding_deficiency:218,Interlayer_bonding_deficiency,Interlayer_bonding_deficiency,1
tigpr,datasail_like_group_balance,tigpr:Interlayer_bonding_deficiency:265,Interlayer_bonding_deficiency,Loose,0
tigpr,datasail_like_group_balance,tigpr:Interlayer_bonding_deficiency:272,Interlayer_bonding_deficiency,Interlayer_bonding_deficiency,1
tigpr,datasail_like_group_balance,tigpr:Interlayer_bonding_deficiency:284,Interlayer_bonding_deficiency,Interlayer_bonding_deficiency,1
tigpr,datasail_like_group_balance,tigpr:Interlayer_bonding_deficiency:303,Interlayer_bonding_deficiency,Interlayer_bonding_deficiency,1
tigpr,datasail_like_group_balance,tigpr:Interlayer_bonding_deficiency:314,Interlayer_bonding_deficiency,Interlayer_bonding_deficiency,1
tigpr,datasail_like_group_balance,tigpr:Interlayer_bonding_deficiency:327,Interlayer_bonding_deficiency,Loose,0
tigpr,datasail_like_group_balance,tigpr:Interlayer_bonding_deficiency:330,Interlayer_bonding_deficiency,Loose,0
tigpr,datasail_like_group_balance,tigpr:Interlayer_bonding_deficiency:332,Interlayer_bonding_deficiency,Interlayer_bonding_deficiency,1
tigpr,datasail_like_group_balance,tigpr:Interlayer_bonding_deficiency:339,Interlayer_bonding_deficiency,Interlayer_bonding_deficiency,1
tigpr,datasail_like_group_balance,tigpr:Interlayer_bonding_deficiency:342,Interlayer_bonding_deficiency,Interlayer_bonding_deficiency,1
tigpr,datasail_like_group_balance,tigpr:Interlayer_bonding_deficiency:343,Interlayer_bonding_deficiency,Interlayer_bonding_deficiency,1
tigpr,datasail_like_group_balance,tigpr:Interlayer_bonding_deficiency:356,Interlayer_bonding_deficiency,Interlayer_bonding_deficiency,1
tigpr,datasail_like_group_balance,tigpr:Interlayer_bonding_deficiency:359,Interlayer_bonding_deficiency,Interlayer_bonding_deficiency,1
tigpr,datasail_like_group_balance,tigpr:Interlayer_bonding_deficiency:371,Interlayer_bonding_deficiency,Interlayer_bonding_deficiency,1
tigpr,datasail_like_group_balance,tigpr:Interlayer_bonding_deficiency:391,Interlayer_bonding_deficiency,Interlayer_bonding_deficiency,1
tigpr,datasail_like_group_balance,tigpr:Interlayer_bonding_deficiency:392,Interlayer_bonding_deficiency,Interlayer_bonding_deficiency,1
tigpr,datasail_like_group_balance,tigpr:Interlayer_bonding_deficiency:394,Interlayer_bonding_deficiency,Interlayer_bonding_deficiency,1
tigpr,datasail_like_group_balance,tigpr:Interlayer_bonding_deficiency:408,Interlayer_bonding_deficiency,Interlayer_bonding_deficiency,1
tigpr,datasail_like_group_balance,tigpr:Interlayer_bonding_deficiency:422,Interlayer_bonding_deficiency,Interlayer_bonding_deficiency,1
tigpr,datasail_like_group_balance,tigpr:Interlayer_bonding_deficiency:433,Interlayer_bonding_deficiency,Loose,0
tigpr,datasail_like_group_balance,tigpr:Interlayer_bonding_deficiency:440,Interlayer_bonding_deficiency,Loose,0
tigpr,datasail_like_group_balance,tigpr:Interlayer_bonding_deficiency:446,Interlayer_bonding_deficiency,Loose,0
tigpr,datasail_like_group_balance,tigpr:Interlayer_bonding_deficiency:461,Interlayer_bonding_deficiency,Interlayer_bonding_deficiency,1
tigpr,datasail_like_group_balance,tigpr:Interlayer_bonding_deficiency:480,Interlayer_bonding_deficiency,Interlayer_bonding_deficiency,1
tigpr,datasail_like_group_balance,tigpr:Interlayer_bonding_deficiency:486,Interlayer_bonding_deficiency,Interlayer_bonding_deficiency,1
tigpr,datasail_like_group_balance,tigpr:Interlayer_bonding_deficiency:493,Interlayer_bonding_deficiency,Interlayer_bonding_deficiency,1
tigpr,datasail_like_group_balance,tigpr:Interlayer_bonding_deficiency:496,Interlayer_bonding_deficiency,Interlayer_bonding_deficiency,1
tigpr,datasail_like_group_balance,tigpr:Interlayer_bonding_deficiency:497,Interlayer_bonding_deficiency,Interlayer_bonding_deficiency,1
tigpr,datasail_like_group_balance,tigpr:Interlayer_bonding_deficiency:499,Interlayer_bonding_deficiency,Interlayer_bonding_deficiency,1
tigpr,datasail_like_group_balance,tigpr:Interlayer_bonding_deficiency:500,Interlayer_bonding_deficiency,Interlayer_bonding_deficiency,1
tigpr,datasail_like_group_balance,tigpr:Interlayer_bonding_deficiency:501,Interlayer_bonding_deficiency,Interlayer_bonding_deficiency,1
tigpr,datasail_like_group_balance,tigpr:Interlayer_bonding_deficiency:503,Interlayer_bonding_deficiency,Interlayer_bonding_deficiency,1
tigpr,datasail_like_group_balance,tigpr:Interlayer_bonding_deficiency:508,Interlayer_bonding_deficiency,Interlayer_bonding_deficiency,1
tigpr,datasail_like_group_balance,tigpr:Interlayer_bonding_deficiency:510,Interlayer_bonding_deficiency,Interlayer_bonding_deficiency,1
tigpr,datasail_like_group_balance,tigpr:Interlayer_bonding_deficiency:521,Interlayer_bonding_deficiency,Interlayer_bonding_deficiency,1
tigpr,datasail_like_group_balance,tigpr:Interlayer_bonding_deficiency:526,Interlayer_bonding_deficiency,Interlayer_bonding_deficiency,1
tigpr,datasail_like_group_balance,tigpr:Interlayer_bonding_deficiency:531,Interlayer_bonding_deficiency,Interlayer_bonding_deficiency,1
tigpr,datasail_like_group_balance,tigpr:Interlayer_bonding_deficiency:539,Interlayer_bonding_deficiency,Interlayer_bonding_deficiency,1
tigpr,datasail_like_group_balance,tigpr:Interlayer_bonding_deficiency:555,Interlayer_bonding_deficiency,Interlayer_bonding_deficiency,1
tigpr,datasail_like_group_balance,tigpr:Interlayer_bonding_deficiency:560,Interlayer_bonding_deficiency,Interlayer_bonding_deficiency,1
tigpr,datasail_like_group_balance,tigpr:Interlayer_bonding_deficiency:568,Interlayer_bonding_deficiency,No_damage,0
tigpr,datasail_like_group_balance,tigpr:Interlayer_bonding_deficiency:575,Interlayer_bonding_deficiency,Interlayer_bonding_deficiency,1
tigpr,datasail_like_group_balance,tigpr:Interlayer_bonding_deficiency:576,Interlayer_bonding_deficiency,Interlayer_bonding_deficiency,1
tigpr,datasail_like_group_balance,tigpr:Interlayer_bonding_deficiency:578,Interlayer_bonding_deficiency,Interlayer_bonding_deficiency,1
tigpr,datasail_like_group_balance,tigpr:Interlayer_bonding_deficiency:585,Interlayer_bonding_deficiency,Loose,0
tigpr,datasail_like_group_balance,tigpr:Interlayer_bonding_deficiency:586,Interlayer_bonding_deficiency,Interlayer_bonding_deficiency,1
tigpr,datasail_like_group_balance,tigpr:Interlayer_bonding_deficiency:592,Interlayer_bonding_deficiency,Interlayer_bonding_deficiency,1
tigpr,datasail_like_group_balance,tigpr:Interlayer_bonding_deficiency:598,Interlayer_bonding_deficiency,Interlayer_bonding_deficiency,1
tigpr,datasail_like_group_balance,tigpr:Interlayer_bonding_deficiency:600,Interlayer_bonding_deficiency,Interlayer_bonding_deficiency,1
tigpr,datasail_like_group_balance,tigpr:Interlayer_bonding_deficiency:613,Interlayer_bonding_deficiency,Interlayer_bonding_deficiency,1
tigpr,datasail_like_group_balance,tigpr:Interlayer_bonding_deficiency:637,Interlayer_bonding_deficiency,Loose,0
tigpr,datasail_like_group_balance,tigpr:Interlayer_bonding_deficiency:643,Interlayer_bonding_deficiency,Loose,0
tigpr,datasail_like_group_balance,tigpr:Interlayer_bonding_deficiency:650,Interlayer_bonding_deficiency,Loose,0
tigpr,datasail_like_group_balance,tigpr:Interlayer_bonding_deficiency:651,Interlayer_bonding_deficiency,Interlayer_bonding_deficiency,1
tigpr,datasail_like_group_balance,tigpr:Interlayer_bonding_deficiency:660,Interlayer_bonding_deficiency,Interlayer_bonding_deficiency,1
tigpr,datasail_like_group_balance,tigpr:Interlayer_bonding_deficiency:675,Interlayer_bonding_deficiency,Interlayer_bonding_deficiency,1
tigpr,datasail_like_group_balance,tigpr:Interlayer_bonding_deficiency:680,Interlayer_bonding_deficiency,Loose,0
tigpr,datasail_like_group_balance,tigpr:Interlayer_bonding_deficiency:684,Interlayer_bonding_deficiency,Interlayer_bonding_deficiency,1
tigpr,datasail_like_group_balance,tigpr:Interlayer_bonding_deficiency:689,Interlayer_bonding_deficiency,Interlayer_bonding_deficiency,1
tigpr,datasail_like_group_balance,tigpr:Interlayer_bonding_deficiency:692,Interlayer_bonding_deficiency,Interlayer_bonding_deficiency,1
tigpr,datasail_like_group_balance,tigpr:Interlayer_bonding_deficiency:696,Interlayer_bonding_deficiency,Interlayer_bonding_deficiency,1
tigpr,datasail_like_group_balance,tigpr:Interlayer_bonding_deficiency:706,Interlayer_bonding_deficiency,Interlayer_bonding_deficiency,1
tigpr,datasail_like_group_balance,tigpr:Interlayer_bonding_deficiency:716,Interlayer_bonding_deficiency,Interlayer_bonding_deficiency,1
tigpr,datasail_like_group_balance,tigpr:Interlayer_bonding_deficiency:732,Interlayer_bonding_deficiency,Interlayer_bonding_deficiency,1
tigpr,datasail_like_group_balance,tigpr:Interlayer_bonding_deficiency:751,Interlayer_bonding_deficiency,Loose,0
tigpr,datasail_like_group_balance,tigpr:Interlayer_bonding_deficiency:781,Interlayer_bonding_deficiency,Loose,0
tigpr,datasail_like_group_balance,tigpr:Interlayer_bonding_deficiency:783,Interlayer_bonding_deficiency,Loose,0
tigpr,datasail_like_group_balance,tigpr:Interlayer_bonding_deficiency:786,Interlayer_bonding_deficiency,Interlayer_bonding_deficiency,1
tigpr,datasail_like_group_balance,tigpr:Interlayer_bonding_deficiency:792,Interlayer_bonding_deficiency,Interlayer_bonding_deficiency,1
tigpr,datasail_like_group_balance,tigpr:Interlayer_bonding_deficiency:797,Interlayer_bonding_deficiency,Interlayer_bonding_deficiency,1
tigpr,datasail_like_group_balance,tigpr:Interlayer_bonding_deficiency:804,Interlayer_bonding_deficiency,Loose,0
tigpr,datasail_like_group_balance,tigpr:Interlayer_bonding_deficiency:806,Interlayer_bonding_deficiency,Interlayer_bonding_deficiency,1
tigpr,datasail_like_group_balance,tigpr:Interlayer_bonding_deficiency:812,Interlayer_bonding_deficiency,Interlayer_bonding_deficiency,1
tigpr,datasail_like_group_balance,tigpr:Interlayer_bonding_deficiency:827,Interlayer_bonding_deficiency,Interlayer_bonding_deficiency,1
tigpr,datasail_like_group_balance,tigpr:Interlayer_bonding_deficiency:830,Interlayer_bonding_deficiency,Interlayer_bonding_deficiency,1
tigpr,datasail_like_group_balance,tigpr:Interlayer_bonding_deficiency:835,Interlayer_bonding_deficiency,Loose,0
tigpr,datasail_like_group_balance,tigpr:Interlayer_bonding_deficiency:836,Interlayer_bonding_deficiency,Interlayer_bonding_deficiency,1
tigpr,datasail_like_group_balance,tigpr:Interlayer_bonding_deficiency:842,Interlayer_bonding_deficiency,Loose,0
tigpr,datasail_like_group_balance,tigpr:Interlayer_bonding_deficiency:847,Interlayer_bonding_deficiency,Interlayer_bonding_deficiency,1
tigpr,datasail_like_group_balance,tigpr:Interlayer_bonding_deficiency:848,Interlayer_bonding_deficiency,Interlayer_bonding_deficiency,1
tigpr,datasail_like_group_balance,tigpr:Interlayer_bonding_deficiency:865,Interlayer_bonding_deficiency,Loose,0
tigpr,datasail_like_group_balance,tigpr:Interlayer_bonding_deficiency:866,Interlayer_bonding_deficiency,Interlayer_bonding_deficiency,1
tigpr,datasail_like_group_balance,tigpr:Interlayer_bonding_deficiency:873,Interlayer_bonding_deficiency,Loose,0
tigpr,datasail_like_group_balance,tigpr:Interlayer_bonding_deficiency:876,Interlayer_bonding_deficiency,Interlayer_bonding_deficiency,1
tigpr,datasail_like_group_balance,tigpr:Interlayer_bonding_deficiency:879,Interlayer_bonding_deficiency,Loose,0
tigpr,datasail_like_group_balance,tigpr:Interlayer_bonding_deficiency:894,Interlayer_bonding_deficiency,Loose,0
tigpr,datasail_like_group_balance,tigpr:Interlayer_bonding_deficiency:899,Interlayer_bonding_deficiency,Loose,0
tigpr,datasail_like_group_balance,tigpr:Interlayer_bonding_deficiency:927,Interlayer_bonding_deficiency,Loose,0
tigpr,datasail_like_group_balance,tigpr:Interlayer_bonding_deficiency:936,Interlayer_bonding_deficiency,Interlayer_bonding_deficiency,1
tigpr,datasail_like_group_balance,tigpr:Interlayer_bonding_deficiency:940,Interlayer_bonding_deficiency,Loose,0
tigpr,datasail_like_group_balance,tigpr:Interlayer_bonding_deficiency:944,Interlayer_bonding_deficiency,Interlayer_bonding_deficiency,1
tigpr,datasail_like_group_balance,tigpr:Interlayer_bonding_deficiency:953,Interlayer_bonding_deficiency,Interlayer_bonding_deficiency,1
tigpr,datasail_like_group_balance,tigpr:Interlayer_bonding_deficiency:973,Interlayer_bonding_deficiency,Interlayer_bonding_deficiency,1
tigpr,datasail_like_group_balance,tigpr:Interlayer_bonding_deficiency:975,Interlayer_bonding_deficiency,Interlayer_bonding_deficiency,1
tigpr,datasail_like_group_balance,tigpr:Interlayer_bonding_deficiency:981,Interlayer_bonding_deficiency,Interlayer_bonding_deficiency,1
tigpr,datasail_like_group_balance,tigpr:Interlayer_bonding_deficiency:982,Interlayer_bonding_deficiency,Loose,0
tigpr,datasail_like_group_balance,tigpr:Interlayer_bonding_deficiency:998,Interlayer_bonding_deficiency,Interlayer_bonding_deficiency,1
tigpr,datasail_like_group_balance,tigpr:Interlayer_bonding_deficiency:1000,Interlayer_bonding_deficiency,Interlayer_bonding_deficiency,1
tigpr,datasail_like_group_balance,tigpr:Interlayer_bonding_deficiency:1012,Interlayer_bonding_deficiency,Interlayer_bonding_deficiency,1
tigpr,datasail_like_group_balance,tigpr:Interlayer_bonding_deficiency:1016,Interlayer_bonding_deficiency,Interlayer_bonding_deficiency,1
tigpr,datasail_like_group_balance,tigpr:Interlayer_bonding_deficiency:1026,Interlayer_bonding_deficiency,Interlayer_bonding_deficiency,1
tigpr,datasail_like_group_balance,tigpr:Interlayer_bonding_deficiency:1032,Interlayer_bonding_deficiency,Interlayer_bonding_deficiency,1
tigpr,datasail_like_group_balance,tigpr:Interlayer_bonding_deficiency:1035,Interlayer_bonding_deficiency,Interlayer_bonding_deficiency,1
tigpr,datasail_like_group_balance,tigpr:Interlayer_bonding_deficiency:1038,Interlayer_bonding_deficiency,Interlayer_bonding_deficiency,1
tigpr,datasail_like_group_balance,tigpr:Interlayer_bonding_deficiency:1042,Interlayer_bonding_deficiency,Interlayer_bonding_deficiency,1
tigpr,datasail_like_group_balance,tigpr:Interlayer_bonding_deficiency:1043,Interlayer_bonding_deficiency,Interlayer_bonding_deficiency,1
tigpr,datasail_like_group_balance,tigpr:Interlayer_bonding_deficiency:1045,Interlayer_bonding_deficiency,Loose,0
tigpr,datasail_like_group_balance,tigpr:Interlayer_bonding_deficiency:1056,Interlayer_bonding_deficiency,Interlayer_bonding_deficiency,1
tigpr,datasail_like_group_balance,tigpr:Interlayer_bonding_deficiency:1059,Interlayer_bonding_deficiency,Interlayer_bonding_deficiency,1
tigpr,datasail_like_group_balance,tigpr:Interlayer_bonding_deficiency:1078,Interlayer_bonding_deficiency,Void,0
tigpr,datasail_like_group_balance,tigpr:Interlayer_bonding_deficiency:1082,Interlayer_bonding_deficiency,Void,0
tigpr,datasail_like_group_balance,tigpr:Interlayer_bonding_deficiency:1084,Interlayer_bonding_deficiency,Interlayer_bonding_deficiency,1
tigpr,datasail_like_group_balance,tigpr:Interlayer_bonding_deficiency:1086,Interlayer_bonding_deficiency,Interlayer_bonding_deficiency,1
tigpr,datasail_like_group_balance,tigpr:Interlayer_bonding_deficiency:1094,Interlayer_bonding_deficiency,Interlayer_bonding_deficiency,1
tigpr,datasail_like_group_balance,tigpr:Interlayer_bonding_deficiency:1096,Interlayer_bonding_deficiency,Interlayer_bonding_deficiency,1
tigpr,datasail_like_group_balance,tigpr:Interlayer_bonding_deficiency:1098,Interlayer_bonding_deficiency,Interlayer_bonding_deficiency,1
tigpr,datasail_like_group_balance,tigpr:Interlayer_bonding_deficiency:1108,Interlayer_bonding_deficiency,Interlayer_bonding_deficiency,1
tigpr,datasail_like_group_balance,tigpr:Interlayer_bonding_deficiency:1113,Interlayer_bonding_deficiency,Interlayer_bonding_deficiency,1
tigpr,datasail_like_group_balance,tigpr:Interlayer_bonding_deficiency:1116,Interlayer_bonding_deficiency,Interlayer_bonding_deficiency,1
tigpr,datasail_like_group_balance,tigpr:Interlayer_bonding_deficiency:1119,Interlayer_bonding_deficiency,Loose,0
tigpr,datasail_like_group_balance,tigpr:Interlayer_bonding_deficiency:1127,Interlayer_bonding_deficiency,Interlayer_bonding_deficiency,1
tigpr,datasail_like_group_balance,tigpr:Interlayer_bonding_deficiency:1130,Interlayer_bonding_deficiency,Interlayer_bonding_deficiency,1
tigpr,datasail_like_group_balance,tigpr:Interlayer_bonding_deficiency:1132,Interlayer_bonding_deficiency,Interlayer_bonding_deficiency,1
tigpr,datasail_like_group_balance,tigpr:Interlayer_bonding_deficiency:1136,Interlayer_bonding_deficiency,Interlayer_bonding_deficiency,1
tigpr,datasail_like_group_balance,tigpr:Interlayer_bonding_deficiency:1145,Interlayer_bonding_deficiency,Interlayer_bonding_deficiency,1
tigpr,datasail_like_group_balance,tigpr:Interlayer_bonding_deficiency:1149,Interlayer_bonding_deficiency,Interlayer_bonding_deficiency,1
tigpr,datasail_like_group_balance,tigpr:Interlayer_bonding_deficiency:1160,Interlayer_bonding_deficiency,Loose,0
tigpr,datasail_like_group_balance,tigpr:Interlayer_bonding_deficiency:1169,Interlayer_bonding_deficiency,Interlayer_bonding_deficiency,1
tigpr,datasail_like_group_balance,tigpr:Interlayer_bonding_deficiency:1174,Interlayer_bonding_deficiency,Interlayer_bonding_deficiency,1
tigpr,datasail_like_group_balance,tigpr:Interlayer_bonding_deficiency:1176,Interlayer_bonding_deficiency,Interlayer_bonding_deficiency,1
tigpr,datasail_like_group_balance,tigpr:Interlayer_bonding_deficiency:1189,Interlayer_bonding_deficiency,Loose,0
tigpr,datasail_like_group_balance,tigpr:Interlayer_bonding_deficiency:1191,Interlayer_bonding_deficiency,Loose,0
tigpr,datasail_like_group_balance,tigpr:Interlayer_bonding_deficiency:1198,Interlayer_bonding_deficiency,Loose,0
tigpr,datasail_like_group_balance,tigpr:Interlayer_bonding_deficiency:1203,Interlayer_bonding_deficiency,Interlayer_bonding_deficiency,1
tigpr,datasail_like_group_balance,tigpr:Interlayer_bonding_deficiency:1211,Interlayer_bonding_deficiency,Interlayer_bonding_deficiency,1
tigpr,datasail_like_group_balance,tigpr:Interlayer_bonding_deficiency:1212,Interlayer_bonding_deficiency,Loose,0
tigpr,datasail_like_group_balance,tigpr:Interlayer_bonding_deficiency:1227,Interlayer_bonding_deficiency,Interlayer_bonding_deficiency,1
tigpr,datasail_like_group_balance,tigpr:Interlayer_bonding_deficiency:1231,Interlayer_bonding_deficiency,Interlayer_bonding_deficiency,1
tigpr,datasail_like_group_balance,tigpr:Interlayer_bonding_deficiency:1236,Interlayer_bonding_deficiency,Interlayer_bonding_deficiency,1
tigpr,datasail_like_group_balance,tigpr:Interlayer_bonding_deficiency:1238,Interlayer_bonding_deficiency,Interlayer_bonding_deficiency,1
tigpr,datasail_like_group_balance,tigpr:Interlayer_bonding_deficiency:1254,Interlayer_bonding_deficiency,Loose,0
tigpr,datasail_like_group_balance,tigpr:Interlayer_bonding_deficiency:1259,Interlayer_bonding_deficiency,Interlayer_bonding_deficiency,1
tigpr,datasail_like_group_balance,tigpr:Interlayer_bonding_deficiency:1262,Interlayer_bonding_deficiency,Interlayer_bonding_deficiency,1
tigpr,datasail_like_group_balance,tigpr:Interlayer_bonding_deficiency:1272,Interlayer_bonding_deficiency,Interlayer_bonding_deficiency,1
tigpr,datasail_like_group_balance,tigpr:Interlayer_bonding_deficiency:1273,Interlayer_bonding_deficiency,Interlayer_bonding_deficiency,1
tigpr,datasail_like_group_balance,tigpr:Interlayer_bonding_deficiency:1282,Interlayer_bonding_deficiency,Interlayer_bonding_deficiency,1
tigpr,datasail_like_group_balance,tigpr:Interlayer_bonding_deficiency:1293,Interlayer_bonding_deficiency,Interlayer_bonding_deficiency,1
tigpr,datasail_like_group_balance,tigpr:Interlayer_bonding_deficiency:1296,Interlayer_bonding_deficiency,Interlayer_bonding_deficiency,1
tigpr,datasail_like_group_balance,tigpr:Interlayer_bonding_deficiency:1305,Interlayer_bonding_deficiency,Interlayer_bonding_deficiency,1
tigpr,datasail_like_group_balance,tigpr:Interlayer_bonding_deficiency:1309,Interlayer_bonding_deficiency,Interlayer_bonding_deficiency,1
tigpr,datasail_like_group_balance,tigpr:Interlayer_bonding_deficiency:1313,Interlayer_bonding_deficiency,Interlayer_bonding_deficiency,1
tigpr,datasail_like_group_balance,tigpr:Interlayer_bonding_deficiency:1319,Interlayer_bonding_deficiency,Interlayer_bonding_deficiency,1
tigpr,datasail_like_group_balance,tigpr:Interlayer_bonding_deficiency:1355,Interlayer_bonding_deficiency,Loose,0
tigpr,datasail_like_group_balance,tigpr:Interlayer_bonding_deficiency:1356,Interlayer_bonding_deficiency,Interlayer_bonding_deficiency,1
tigpr,datasail_like_group_balance,tigpr:Interlayer_bonding_deficiency:1359,Interlayer_bonding_deficiency,Interlayer_bonding_deficiency,1
tigpr,datasail_like_group_balance,tigpr:Interlayer_bonding_deficiency:1360,Interlayer_bonding_deficiency,Loose,0
tigpr,datasail_like_group_balance,tigpr:Interlayer_bonding_deficiency:1361,Interlayer_bonding_deficiency,Interlayer_bonding_deficiency,1
tigpr,datasail_like_group_balance,tigpr:Interlayer_bonding_deficiency:1369,Interlayer_bonding_deficiency,Interlayer_bonding_deficiency,1
tigpr,datasail_like_group_balance,tigpr:Interlayer_bonding_deficiency:1370,Interlayer_bonding_deficiency,Interlayer_bonding_deficiency,1
tigpr,datasail_like_group_balance,tigpr:Interlayer_bonding_deficiency:1371,Interlayer_bonding_deficiency,Interlayer_bonding_deficiency,1
tigpr,datasail_like_group_balance,tigpr:Interlayer_bonding_deficiency:1374,Interlayer_bonding_deficiency,Interlayer_bonding_deficiency,1
tigpr,datasail_like_group_balance,tigpr:Interlayer_bonding_deficiency:1389,Interlayer_bonding_deficiency,Interlayer_bonding_deficiency,1
tigpr,datasail_like_group_balance,tigpr:Interlayer_bonding_deficiency:1391,Interlayer_bonding_deficiency,Interlayer_bonding_deficiency,1
tigpr,datasail_like_group_balance,tigpr:Interlayer_bonding_deficiency:1396,Interlayer_bonding_deficiency,Interlayer_bonding_deficiency,1
tigpr,datasail_like_group_balance,tigpr:Interlayer_bonding_deficiency:1426,Interlayer_bonding_deficiency,Loose,0
tigpr,datasail_like_group_balance,tigpr:Interlayer_bonding_deficiency:1433,Interlayer_bonding_deficiency,Interlayer_bonding_deficiency,1
tigpr,datasail_like_group_balance,tigpr:Interlayer_bonding_deficiency:1438,Interlayer_bonding_deficiency,Interlayer_bonding_deficiency,1
tigpr,datasail_like_group_balance,tigpr:Interlayer_bonding_deficiency:1466,Interlayer_bonding_deficiency,Interlayer_bonding_deficiency,1
tigpr,datasail_like_group_balance,tigpr:Interlayer_bonding_deficiency:1471,Interlayer_bonding_deficiency,Interlayer_bonding_deficiency,1
tigpr,datasail_like_group_balance,tigpr:Interlayer_bonding_deficiency:1476,Interlayer_bonding_deficiency,Interlayer_bonding_deficiency,1
tigpr,datasail_like_group_balance,tigpr:Interlayer_bonding_deficiency:1480,Interlayer_bonding_deficiency,Interlayer_bonding_deficiency,1
tigpr,datasail_like_group_balance,tigpr:Interlayer_bonding_deficiency:1481,Interlayer_bonding_deficiency,Interlayer_bonding_deficiency,1
tigpr,datasail_like_group_balance,tigpr:Interlayer_bonding_deficiency:1483,Interlayer_bonding_deficiency,Loose,0
tigpr,datasail_like_group_balance,tigpr:Interlayer_bonding_deficiency:1484,Interlayer_bonding_deficiency,Loose,0
tigpr,datasail_like_group_balance,tigpr:Interlayer_bonding_deficiency:1487,Interlayer_bonding_deficiency,Interlayer_bonding_deficiency,1
tigpr,datasail_like_group_balance,tigpr:Interlayer_bonding_deficiency:1496,Interlayer_bonding_deficiency,Interlayer_bonding_deficiency,1
tigpr,datasail_like_group_balance,tigpr:Interlayer_bonding_deficiency:1497,Interlayer_bonding_deficiency,Loose,0
tigpr,datasail_like_group_balance,tigpr:Interlayer_bonding_deficiency:1500,Interlayer_bonding_deficiency,Interlayer_bonding_deficiency,1
tigpr,datasail_like_group_balance,tigpr:Interlayer_bonding_deficiency:1501,Interlayer_bonding_deficiency,Interlayer_bonding_deficiency,1
tigpr,datasail_like_group_balance,tigpr:Interlayer_bonding_deficiency:1508,Interlayer_bonding_deficiency,Interlayer_bonding_deficiency,1
tigpr,datasail_like_group_balance,tigpr:Interlayer_bonding_deficiency:1509,Interlayer_bonding_deficiency,Interlayer_bonding_deficiency,1
tigpr,datasail_like_group_balance,tigpr:Interlayer_bonding_deficiency:1511,Interlayer_bonding_deficiency,Interlayer_bonding_deficiency,1
tigpr,datasail_like_group_balance,tigpr:Interlayer_bonding_deficiency:1512,Interlayer_bonding_deficiency,Interlayer_bonding_deficiency,1
tigpr,datasail_like_group_balance,tigpr:Interlayer_bonding_deficiency:1522,Interlayer_bonding_deficiency,Interlayer_bonding_deficiency,1
tigpr,datasail_like_group_balance,tigpr:Interlayer_bonding_deficiency:1528,Interlayer_bonding_deficiency,Interlayer_bonding_deficiency,1
tigpr,datasail_like_group_balance,tigpr:Interlayer_bonding_deficiency:1530,Interlayer_bonding_deficiency,Interlayer_bonding_deficiency,1
tigpr,datasail_like_group_balance,tigpr:Interlayer_bonding_deficiency:1531,Interlayer_bonding_deficiency,Interlayer_bonding_deficiency,1
tigpr,datasail_like_group_balance,tigpr:Interlayer_bonding_deficiency:1534,Interlayer_bonding_deficiency,Interlayer_bonding_deficiency,1
tigpr,datasail_like_group_balance,tigpr:Interlayer_bonding_deficiency:1535,Interlayer_bonding_deficiency,Interlayer_bonding_deficiency,1
tigpr,datasail_like_group_balance,tigpr:Interlayer_bonding_deficiency:1538,Interlayer_bonding_deficiency,Interlayer_bonding_deficiency,1
tigpr,datasail_like_group_balance,tigpr:Interlayer_bonding_deficiency:1547,Interlayer_bonding_deficiency,Interlayer_bonding_deficiency,1
tigpr,datasail_like_group_balance,tigpr:Interlayer_bonding_deficiency:1549,Interlayer_bonding_deficiency,Interlayer_bonding_deficiency,1
tigpr,datasail_like_group_balance,tigpr:Interlayer_bonding_deficiency:1551,Interlayer_bonding_deficiency,Interlayer_bonding_deficiency,1
tigpr,datasail_like_group_balance,tigpr:Interlayer_bonding_deficiency:1553,Interlayer_bonding_deficiency,Interlayer_bonding_deficiency,1
tigpr,datasail_like_group_balance,tigpr:Interlayer_bonding_deficiency:1562,Interlayer_bonding_deficiency,Loose,0
tigpr,datasail_like_group_balance,tigpr:Interlayer_bonding_deficiency:1572,Interlayer_bonding_deficiency,Interlayer_bonding_deficiency,1
tigpr,datasail_like_group_balance,tigpr:Interlayer_bonding_deficiency:1582,Interlayer_bonding_deficiency,Interlayer_bonding_deficiency,1
tigpr,datasail_like_group_balance,tigpr:Interlayer_bonding_deficiency:1591,Interlayer_bonding_deficiency,Void,0
tigpr,datasail_like_group_balance,tigpr:Interlayer_bonding_deficiency:1592,Interlayer_bonding_deficiency,Interlayer_bonding_deficiency,1
tigpr,datasail_like_group_balance,tigpr:Interlayer_bonding_deficiency:1600,Interlayer_bonding_deficiency,Interlayer_bonding_deficiency,1
tigpr,datasail_like_group_balance,tigpr:Interlayer_bonding_deficiency:1603,Interlayer_bonding_deficiency,Interlayer_bonding_deficiency,1
tigpr,datasail_like_group_balance,tigpr:Interlayer_bonding_deficiency:1617,Interlayer_bonding_deficiency,Interlayer_bonding_deficiency,1
tigpr,datasail_like_group_balance,tigpr:Interlayer_bonding_deficiency:1626,Interlayer_bonding_deficiency,Interlayer_bonding_deficiency,1
tigpr,datasail_like_group_balance,tigpr:Interlayer_bonding_deficiency:1630,Interlayer_bonding_deficiency,Interlayer_bonding_deficiency,1
tigpr,datasail_like_group_balance,tigpr:Interlayer_bonding_deficiency:1633,Interlayer_bonding_deficiency,Interlayer_bonding_deficiency,1
tigpr,datasail_like_group_balance,tigpr:Interlayer_bonding_deficiency:1639,Interlayer_bonding_deficiency,Interlayer_bonding_deficiency,1
tigpr,datasail_like_group_balance,tigpr:Interlayer_bonding_deficiency:1656,Interlayer_bonding_deficiency,Interlayer_bonding_deficiency,1
tigpr,datasail_like_group_balance,tigpr:Interlayer_bonding_deficiency:1668,Interlayer_bonding_deficiency,Interlayer_bonding_deficiency,1
tigpr,datasail_like_group_balance,tigpr:Interlayer_bonding_deficiency:1679,Interlayer_bonding_deficiency,Interlayer_bonding_deficiency,1
tigpr,datasail_like_group_balance,tigpr:Interlayer_bonding_deficiency:1681,Interlayer_bonding_deficiency,Interlayer_bonding_deficiency,1
tigpr,datasail_like_group_balance,tigpr:Interlayer_bonding_deficiency:1687,Interlayer_bonding_deficiency,Interlayer_bonding_deficiency,1
tigpr,datasail_like_group_balance,tigpr:Interlayer_bonding_deficiency:1700,Interlayer_bonding_deficiency,Interlayer_bonding_deficiency,1
tigpr,datasail_like_group_balance,tigpr:Interlayer_bonding_deficiency:1705,Interlayer_bonding_deficiency,Interlayer_bonding_deficiency,1
tigpr,datasail_like_group_balance,tigpr:Interlayer_bonding_deficiency:1708,Interlayer_bonding_deficiency,Interlayer_bonding_deficiency,1
tigpr,datasail_like_group_balance,tigpr:Interlayer_bonding_deficiency:1710,Interlayer_bonding_deficiency,Interlayer_bonding_deficiency,1
tigpr,datasail_like_group_balance,tigpr:Interlayer_bonding_deficiency:1718,Interlayer_bonding_deficiency,Interlayer_bonding_deficiency,1
tigpr,datasail_like_group_balance,tigpr:Interlayer_bonding_deficiency:1721,Interlayer_bonding_deficiency,Interlayer_bonding_deficiency,1
tigpr,datasail_like_group_balance,tigpr:Interlayer_bonding_deficiency:1724,Interlayer_bonding_deficiency,Interlayer_bonding_deficiency,1
tigpr,datasail_like_group_balance,tigpr:Interlayer_bonding_deficiency:1735,Interlayer_bonding_deficiency,Interlayer_bonding_deficiency,1
tigpr,datasail_like_group_balance,tigpr:Interlayer_bonding_deficiency:1736,Interlayer_bonding_deficiency,Interlayer_bonding_deficiency,1
tigpr,datasail_like_group_balance,tigpr:Interlayer_bonding_deficiency:1738,Interlayer_bonding_deficiency,Interlayer_bonding_deficiency,1
tigpr,datasail_like_group_balance,tigpr:Interlayer_bonding_deficiency:1742,Interlayer_bonding_deficiency,Interlayer_bonding_deficiency,1
tigpr,datasail_like_group_balance,tigpr:Interlayer_bonding_deficiency:1746,Interlayer_bonding_deficiency,Loose,0
tigpr,datasail_like_group_balance,tigpr:Interlayer_bonding_deficiency:1747,Interlayer_bonding_deficiency,Interlayer_bonding_deficiency,1
tigpr,datasail_like_group_balance,tigpr:Interlayer_bonding_deficiency:1764,Interlayer_bonding_deficiency,Interlayer_bonding_deficiency,1
tigpr,datasail_like_group_balance,tigpr:Interlayer_bonding_deficiency:1775,Interlayer_bonding_deficiency,No_damage,0
tigpr,datasail_like_group_balance,tigpr:Interlayer_bonding_deficiency:1781,Interlayer_bonding_deficiency,Loose,0
tigpr,datasail_like_group_balance,tigpr:Interlayer_bonding_deficiency:1785,Interlayer_bonding_deficiency,Interlayer_bonding_deficiency,1
tigpr,datasail_like_group_balance,tigpr:Interlayer_bonding_deficiency:1787,Interlayer_bonding_deficiency,Interlayer_bonding_deficiency,1
tigpr,datasail_like_group_balance,tigpr:Interlayer_bonding_deficiency:1792,Interlayer_bonding_deficiency,No_damage,0
tigpr,datasail_like_group_balance,tigpr:Interlayer_bonding_deficiency:1796,Interlayer_bonding_deficiency,Interlayer_bonding_deficiency,1
tigpr,datasail_like_group_balance,tigpr:Interlayer_bonding_deficiency:1816,Interlayer_bonding_deficiency,Loose,0
tigpr,datasail_like_group_balance,tigpr:Interlayer_bonding_deficiency:1823,Interlayer_bonding_deficiency,Interlayer_bonding_deficiency,1
tigpr,datasail_like_group_balance,tigpr:Interlayer_bonding_deficiency:1827,Interlayer_bonding_deficiency,Loose,0
tigpr,datasail_like_group_balance,tigpr:Interlayer_bonding_deficiency:1839,Interlayer_bonding_deficiency,Interlayer_bonding_deficiency,1
tigpr,datasail_like_group_balance,tigpr:Interlayer_bonding_deficiency:1853,Interlayer_bonding_deficiency,Interlayer_bonding_deficiency,1
tigpr,datasail_like_group_balance,tigpr:Interlayer_bonding_deficiency:1860,Interlayer_bonding_deficiency,Interlayer_bonding_deficiency,1
tigpr,datasail_like_group_balance,tigpr:Interlayer_bonding_deficiency:1863,Interlayer_bonding_deficiency,Loose,0
tigpr,datasail_like_group_balance,tigpr:Interlayer_bonding_deficiency:1866,Interlayer_bonding_deficiency,Interlayer_bonding_deficiency,1
tigpr,datasail_like_group_balance,tigpr:Interlayer_bonding_deficiency:1870,Interlayer_bonding_deficiency,Interlayer_bonding_deficiency,1
tigpr,datasail_like_group_balance,tigpr:Interlayer_bonding_deficiency:1874,Interlayer_bonding_deficiency,Interlayer_bonding_deficiency,1
tigpr,datasail_like_group_balance,tigpr:Interlayer_bonding_deficiency:1876,Interlayer_bonding_deficiency,Interlayer_bonding_deficiency,1
tigpr,datasail_like_group_balance,tigpr:Interlayer_bonding_deficiency:1877,Interlayer_bonding_deficiency,Interlayer_bonding_deficiency,1
tigpr,datasail_like_group_balance,tigpr:Interlayer_bonding_deficiency:1878,Interlayer_bonding_deficiency,Interlayer_bonding_deficiency,1
tigpr,datasail_like_group_balance,tigpr:Interlayer_bonding_deficiency:1880,Interlayer_bonding_deficiency,Interlayer_bonding_deficiency,1
tigpr,datasail_like_group_balance,tigpr:Interlayer_bonding_deficiency:1881,Interlayer_bonding_deficiency,Loose,0
tigpr,datasail_like_group_balance,tigpr:Interlayer_bonding_deficiency:1888,Interlayer_bonding_deficiency,Loose,0
tigpr,datasail_like_group_balance,tigpr:Interlayer_bonding_deficiency:1889,Interlayer_bonding_deficiency,Loose,0
tigpr,datasail_like_group_balance,tigpr:Interlayer_bonding_deficiency:1893,Interlayer_bonding_deficiency,Interlayer_bonding_deficiency,1
tigpr,datasail_like_group_balance,tigpr:Interlayer_bonding_deficiency:1894,Interlayer_bonding_deficiency,Interlayer_bonding_deficiency,1
tigpr,datasail_like_group_balance,tigpr:Interlayer_bonding_deficiency:1906,Interlayer_bonding_deficiency,Interlayer_bonding_deficiency,1
tigpr,datasail_like_group_balance,tigpr:Interlayer_bonding_deficiency:1917,Interlayer_bonding_deficiency,Interlayer_bonding_deficiency,1
tigpr,datasail_like_group_balance,tigpr:Interlayer_bonding_deficiency:1920,Interlayer_bonding_deficiency,Loose,0
tigpr,datasail_like_group_balance,tigpr:Interlayer_bonding_deficiency:1922,Interlayer_bonding_deficiency,Interlayer_bonding_deficiency,1
tigpr,datasail_like_group_balance,tigpr:Interlayer_bonding_deficiency:1928,Interlayer_bonding_deficiency,Interlayer_bonding_deficiency,1
tigpr,datasail_like_group_balance,tigpr:Interlayer_bonding_deficiency:1930,Interlayer_bonding_deficiency,Interlayer_bonding_deficiency,1
tigpr,datasail_like_group_balance,tigpr:Interlayer_bonding_deficiency:1932,Interlayer_bonding_deficiency,Interlayer_bonding_deficiency,1
tigpr,datasail_like_group_balance,tigpr:Interlayer_bonding_deficiency:1936,Interlayer_bonding_deficiency,Interlayer_bonding_deficiency,1
tigpr,datasail_like_group_balance,tigpr:Interlayer_bonding_deficiency:1959,Interlayer_bonding_deficiency,Loose,0
tigpr,datasail_like_group_balance,tigpr:Interlayer_bonding_deficiency:1962,Interlayer_bonding_deficiency,Interlayer_bonding_deficiency,1
tigpr,datasail_like_group_balance,tigpr:Interlayer_bonding_deficiency:1968,Interlayer_bonding_deficiency,Loose,0
tigpr,datasail_like_group_balance,tigpr:Interlayer_bonding_deficiency:1977,Interlayer_bonding_deficiency,Crack,0
tigpr,datasail_like_group_balance,tigpr:Interlayer_bonding_deficiency:1978,Interlayer_bonding_deficiency,Interlayer_bonding_deficiency,1
tigpr,datasail_like_group_balance,tigpr:Interlayer_bonding_deficiency:1982,Interlayer_bonding_deficiency,Interlayer_bonding_deficiency,1
tigpr,datasail_like_group_balance,tigpr:Interlayer_bonding_deficiency:1984,Interlayer_bonding_deficiency,Interlayer_bonding_deficiency,1
tigpr,datasail_like_group_balance,tigpr:Interlayer_bonding_deficiency:1987,Interlayer_bonding_deficiency,Interlayer_bonding_deficiency,1
tigpr,datasail_like_group_balance,tigpr:Interlayer_bonding_deficiency:1998,Interlayer_bonding_deficiency,Interlayer_bonding_deficiency,1
tigpr,datasail_like_group_balance,tigpr:Interlayer_bonding_deficiency:2007,Interlayer_bonding_deficiency,Interlayer_bonding_deficiency,1
tigpr,datasail_like_group_balance,tigpr:Interlayer_bonding_deficiency:2018,Interlayer_bonding_deficiency,Interlayer_bonding_deficiency,1
tigpr,datasail_like_group_balance,tigpr:Loose:2,Loose,Loose,1
tigpr,datasail_like_group_balance,tigpr:Loose:10,Loose,Loose,1
tigpr,datasail_like_group_balance,tigpr:Loose:18,Loose,Loose,1
tigpr,datasail_like_group_balance,tigpr:Loose:29,Loose,Loose,1
tigpr,datasail_like_group_balance,tigpr:Loose:32,Loose,Loose,1
tigpr,datasail_like_group_balance,tigpr:Loose:39,Loose,Interlayer_bonding_deficiency,0
tigpr,datasail_like_group_balance,tigpr:Loose:44,Loose,Loose,1
tigpr,datasail_like_group_balance,tigpr:Loose:54,Loose,Loose,1
tigpr,datasail_like_group_balance,tigpr:Loose:60,Loose,Loose,1
tigpr,datasail_like_group_balance,tigpr:Loose:100,Loose,Loose,1
tigpr,datasail_like_group_balance,tigpr:Loose:114,Loose,Loose,1
tigpr,datasail_like_group_balance,tigpr:Loose:123,Loose,Loose,1
tigpr,datasail_like_group_balance,tigpr:Loose:133,Loose,Interlayer_bonding_deficiency,0
tigpr,datasail_like_group_balance,tigpr:Loose:134,Loose,Loose,1
tigpr,datasail_like_group_balance,tigpr:Loose:136,Loose,Loose,1
tigpr,datasail_like_group_balance,tigpr:Loose:141,Loose,Loose,1
tigpr,datasail_like_group_balance,tigpr:Loose:144,Loose,Loose,1
tigpr,datasail_like_group_balance,tigpr:Loose:153,Loose,Loose,1
tigpr,datasail_like_group_balance,tigpr:Loose:189,Loose,Loose,1
tigpr,datasail_like_group_balance,tigpr:Loose:194,Loose,Loose,1
tigpr,datasail_like_group_balance,tigpr:Loose:196,Loose,Loose,1
tigpr,datasail_like_group_balance,tigpr:Loose:197,Loose,Loose,1
tigpr,datasail_like_group_balance,tigpr:Loose:208,Loose,Loose,1
tigpr,datasail_like_group_balance,tigpr:Loose:211,Loose,Loose,1
tigpr,datasail_like_group_balance,tigpr:Loose:212,Loose,Loose,1
tigpr,datasail_like_group_balance,tigpr:Loose:220,Loose,Loose,1
tigpr,datasail_like_group_balance,tigpr:Loose:236,Loose,Loose,1
tigpr,datasail_like_group_balance,tigpr:Loose:256,Loose,Loose,1
tigpr,datasail_like_group_balance,tigpr:Loose:261,Loose,Loose,1
tigpr,datasail_like_group_balance,tigpr:Loose:265,Loose,Interlayer_bonding_deficiency,0
tigpr,datasail_like_group_balance,tigpr:Loose:280,Loose,Loose,1
tigpr,datasail_like_group_balance,tigpr:Loose:281,Loose,Loose,1
tigpr,datasail_like_group_balance,tigpr:Loose:283,Loose,Interlayer_bonding_deficiency,0
tigpr,datasail_like_group_balance,tigpr:Loose:289,Loose,Loose,1
tigpr,datasail_like_group_balance,tigpr:Loose:296,Loose,Interlayer_bonding_deficiency,0
tigpr,datasail_like_group_balance,tigpr:Loose:300,Loose,Loose,1
tigpr,datasail_like_group_balance,tigpr:Loose:304,Loose,Loose,1
tigpr,datasail_like_group_balance,tigpr:Loose:305,Loose,Interlayer_bonding_deficiency,0
tigpr,datasail_like_group_balance,tigpr:Loose:326,Loose,Loose,1
tigpr,datasail_like_group_balance,tigpr:Loose:334,Loose,Loose,1
tigpr,datasail_like_group_balance,tigpr:Loose:342,Loose,Loose,1
tigpr,datasail_like_group_balance,tigpr:Loose:344,Loose,Interlayer_bonding_deficiency,0
tigpr,datasail_like_group_balance,tigpr:Loose:348,Loose,Loose,1
tigpr,datasail_like_group_balance,tigpr:Loose:360,Loose,Interlayer_bonding_deficiency,0
tigpr,datasail_like_group_balance,tigpr:Loose:367,Loose,Loose,1
tigpr,datasail_like_group_balance,tigpr:Loose:370,Loose,Loose,1
tigpr,datasail_like_group_balance,tigpr:Loose:374,Loose,Loose,1
tigpr,datasail_like_group_balance,tigpr:Loose:383,Loose,Loose,1
tigpr,datasail_like_group_balance,tigpr:Loose:390,Loose,Loose,1
tigpr,datasail_like_group_balance,tigpr:Loose:408,Loose,Loose,1
tigpr,datasail_like_group_balance,tigpr:Loose:411,Loose,Loose,1
tigpr,datasail_like_group_balance,tigpr:Loose:417,Loose,Loose,1
tigpr,datasail_like_group_balance,tigpr:Loose:424,Loose,Interlayer_bonding_deficiency,0
tigpr,datasail_like_group_balance,tigpr:Loose:443,Loose,Interlayer_bonding_deficiency,0
tigpr,datasail_like_group_balance,tigpr:Loose:449,Loose,Loose,1
tigpr,datasail_like_group_balance,tigpr:Loose:454,Loose,Interlayer_bonding_deficiency,0
tigpr,datasail_like_group_balance,tigpr:Loose:461,Loose,Interlayer_bonding_deficiency,0
tigpr,datasail_like_group_balance,tigpr:Loose:471,Loose,Loose,1
tigpr,datasail_like_group_balance,tigpr:Loose:493,Loose,Loose,1
tigpr,datasail_like_group_balance,tigpr:Loose:494,Loose,Loose,1
tigpr,datasail_like_group_balance,tigpr:Loose:498,Loose,Loose,1
tigpr,datasail_like_group_balance,tigpr:Loose:501,Loose,Loose,1
tigpr,datasail_like_group_balance,tigpr:Loose:510,Loose,Loose,1
tigpr,datasail_like_group_balance,tigpr:Loose:511,Loose,Interlayer_bonding_deficiency,0
tigpr,datasail_like_group_balance,tigpr:Loose:527,Loose,Interlayer_bonding_deficiency,0
tigpr,datasail_like_group_balance,tigpr:Loose:528,Loose,Loose,1
tigpr,datasail_like_group_balance,tigpr:Loose:537,Loose,Loose,1
tigpr,datasail_like_group_balance,tigpr:Loose:545,Loose,Loose,1
tigpr,datasail_like_group_balance,tigpr:Loose:547,Loose,Loose,1
tigpr,datasail_like_group_balance,tigpr:Loose:549,Loose,Loose,1
tigpr,datasail_like_group_balance,tigpr:Loose:555,Loose,Loose,1
tigpr,datasail_like_group_balance,tigpr:Loose:575,Loose,Loose,1
tigpr,datasail_like_group_balance,tigpr:Loose:580,Loose,Interlayer_bonding_deficiency,0
tigpr,datasail_like_group_balance,tigpr:Loose:588,Loose,Interlayer_bonding_deficiency,0
tigpr,datasail_like_group_balance,tigpr:Loose:591,Loose,Loose,1
tigpr,datasail_like_group_balance,tigpr:Loose:606,Loose,Loose,1
tigpr,datasail_like_group_balance,tigpr:Loose:608,Loose,Loose,1
tigpr,datasail_like_group_balance,tigpr:Loose:609,Loose,Loose,1
tigpr,datasail_like_group_balance,tigpr:Loose:614,Loose,Loose,1
tigpr,datasail_like_group_balance,tigpr:Loose:620,Loose,Loose,1
tigpr,datasail_like_group_balance,tigpr:Loose:631,Loose,Interlayer_bonding_deficiency,0
tigpr,datasail_like_group_balance,tigpr:Loose:638,Loose,Loose,1
tigpr,datasail_like_group_balance,tigpr:Loose:641,Loose,Loose,1
tigpr,datasail_like_group_balance,tigpr:Loose:661,Loose,Loose,1
tigpr,datasail_like_group_balance,tigpr:Loose:671,Loose,Loose,1
tigpr,datasail_like_group_balance,tigpr:Loose:677,Loose,Loose,1
tigpr,datasail_like_group_balance,tigpr:Loose:685,Loose,Loose,1
tigpr,datasail_like_group_balance,tigpr:Loose:704,Loose,Loose,1
tigpr,datasail_like_group_balance,tigpr:Loose:716,Loose,Loose,1
tigpr,datasail_like_group_balance,tigpr:Loose:725,Loose,Loose,1
tigpr,datasail_like_group_balance,tigpr:Loose:729,Loose,Loose,1
tigpr,datasail_like_group_balance,tigpr:Loose:739,Loose,Loose,1
tigpr,datasail_like_group_balance,tigpr:Loose:740,Loose,Loose,1
tigpr,datasail_like_group_balance,tigpr:Loose:743,Loose,Loose,1
tigpr,datasail_like_group_balance,tigpr:Loose:752,Loose,Loose,1
tigpr,datasail_like_group_balance,tigpr:Loose:754,Loose,Loose,1
tigpr,datasail_like_group_balance,tigpr:Loose:758,Loose,Loose,1
tigpr,datasail_like_group_balance,tigpr:Loose:760,Loose,Loose,1
tigpr,datasail_like_group_balance,tigpr:Loose:761,Loose,Loose,1
tigpr,datasail_like_group_balance,tigpr:Loose:763,Loose,Loose,1
tigpr,datasail_like_group_balance,tigpr:Loose:765,Loose,Loose,1
tigpr,datasail_like_group_balance,tigpr:Loose:767,Loose,Loose,1
tigpr,datasail_like_group_balance,tigpr:Loose:768,Loose,Loose,1
tigpr,datasail_like_group_balance,tigpr:Loose:785,Loose,Loose,1
tigpr,datasail_like_group_balance,tigpr:Loose:797,Loose,Interlayer_bonding_deficiency,0
tigpr,datasail_like_group_balance,tigpr:Loose:798,Loose,Loose,1
tigpr,datasail_like_group_balance,tigpr:Loose:802,Loose,Loose,1
tigpr,datasail_like_group_balance,tigpr:Loose:804,Loose,Loose,1
tigpr,datasail_like_group_balance,tigpr:Loose:810,Loose,Loose,1
tigpr,datasail_like_group_balance,tigpr:Loose:812,Loose,Loose,1
tigpr,datasail_like_group_balance,tigpr:Loose:816,Loose,Loose,1
tigpr,datasail_like_group_balance,tigpr:Loose:817,Loose,Loose,1
tigpr,datasail_like_group_balance,tigpr:Loose:824,Loose,Loose,1
tigpr,datasail_like_group_balance,tigpr:Loose:834,Loose,Interlayer_bonding_deficiency,0
tigpr,datasail_like_group_balance,tigpr:Loose:837,Loose,Loose,1
tigpr,datasail_like_group_balance,tigpr:Loose:840,Loose,Loose,1
tigpr,datasail_like_group_balance,tigpr:Loose:844,Loose,Loose,1
tigpr,datasail_like_group_balance,tigpr:Loose:849,Loose,Loose,1
tigpr,datasail_like_group_balance,tigpr:Loose:851,Loose,Loose,1
tigpr,datasail_like_group_balance,tigpr:Loose:870,Loose,Loose,1
tigpr,datasail_like_group_balance,tigpr:Loose:871,Loose,Loose,1
tigpr,datasail_like_group_balance,tigpr:Loose:876,Loose,Loose,1
tigpr,datasail_like_group_balance,tigpr:Loose:877,Loose,Loose,1
tigpr,datasail_like_group_balance,tigpr:Loose:882,Loose,Loose,1
tigpr,datasail_like_group_balance,tigpr:Loose:896,Loose,Interlayer_bonding_deficiency,0
tigpr,datasail_like_group_balance,tigpr:Loose:898,Loose,Loose,1
tigpr,datasail_like_group_balance,tigpr:Loose:908,Loose,Loose,1
tigpr,datasail_like_group_balance,tigpr:Loose:909,Loose,Loose,1
tigpr,datasail_like_group_balance,tigpr:Loose:910,Loose,Loose,1
tigpr,datasail_like_group_balance,tigpr:Loose:915,Loose,Loose,1
tigpr,datasail_like_group_balance,tigpr:Loose:918,Loose,Loose,1
tigpr,datasail_like_group_balance,tigpr:Loose:924,Loose,Loose,1
tigpr,datasail_like_group_balance,tigpr:Loose:930,Loose,Loose,1
tigpr,datasail_like_group_balance,tigpr:Loose:947,Loose,Loose,1
tigpr,datasail_like_group_balance,tigpr:Loose:950,Loose,Loose,1
tigpr,datasail_like_group_balance,tigpr:Loose:958,Loose,Loose,1
tigpr,datasail_like_group_balance,tigpr:Loose:973,Loose,Loose,1
tigpr,datasail_like_group_balance,tigpr:Loose:977,Loose,Loose,1
tigpr,datasail_like_group_balance,tigpr:Loose:979,Loose,Loose,1
tigpr,datasail_like_group_balance,tigpr:Loose:992,Loose,Loose,1
tigpr,datasail_like_group_balance,tigpr:Loose:997,Loose,Loose,1
tigpr,datasail_like_group_balance,tigpr:Loose:1007,Loose,Interlayer_bonding_deficiency,0
tigpr,datasail_like_group_balance,tigpr:Loose:1008,Loose,Loose,1
tigpr,datasail_like_group_balance,tigpr:Loose:1013,Loose,Interlayer_bonding_deficiency,0
tigpr,datasail_like_group_balance,tigpr:Loose:1014,Loose,Interlayer_bonding_deficiency,0
tigpr,datasail_like_group_balance,tigpr:Loose:1028,Loose,Loose,1
tigpr,datasail_like_group_balance,tigpr:Loose:1036,Loose,Loose,1
tigpr,datasail_like_group_balance,tigpr:Loose:1037,Loose,Loose,1
tigpr,datasail_like_group_balance,tigpr:Loose:1049,Loose,Loose,1
tigpr,datasail_like_group_balance,tigpr:Loose:1051,Loose,Loose,1
tigpr,datasail_like_group_balance,tigpr:Loose:1054,Loose,Loose,1
tigpr,datasail_like_group_balance,tigpr:Loose:1058,Loose,Loose,1
tigpr,datasail_like_group_balance,tigpr:Loose:1059,Loose,Loose,1
tigpr,datasail_like_group_balance,tigpr:Loose:1060,Loose,Interlayer_bonding_deficiency,0
tigpr,datasail_like_group_balance,tigpr:Loose:1064,Loose,Loose,1
tigpr,datasail_like_group_balance,tigpr:Loose:1074,Loose,Loose,1
tigpr,datasail_like_group_balance,tigpr:Loose:1075,Loose,Loose,1
tigpr,datasail_like_group_balance,tigpr:Loose:1088,Loose,Loose,1
tigpr,datasail_like_group_balance,tigpr:Loose:1093,Loose,Loose,1
tigpr,datasail_like_group_balance,tigpr:Loose:1099,Loose,Loose,1
tigpr,datasail_like_group_balance,tigpr:Loose:1105,Loose,Loose,1
tigpr,datasail_like_group_balance,tigpr:Loose:1108,Loose,Loose,1
tigpr,datasail_like_group_balance,tigpr:Loose:1109,Loose,Loose,1
tigpr,datasail_like_group_balance,tigpr:Loose:1112,Loose,Loose,1
tigpr,datasail_like_group_balance,tigpr:Loose:1113,Loose,Loose,1
tigpr,datasail_like_group_balance,tigpr:Loose:1117,Loose,Loose,1
tigpr,datasail_like_group_balance,tigpr:Loose:1118,Loose,Interlayer_bonding_deficiency,0
tigpr,datasail_like_group_balance,tigpr:Loose:1121,Loose,Loose,1
tigpr,datasail_like_group_balance,tigpr:Loose:1123,Loose,Loose,1
tigpr,datasail_like_group_balance,tigpr:Loose:1128,Loose,Interlayer_bonding_deficiency,0
tigpr,datasail_like_group_balance,tigpr:Loose:1130,Loose,Interlayer_bonding_deficiency,0
tigpr,datasail_like_group_balance,tigpr:Loose:1137,Loose,Loose,1
tigpr,datasail_like_group_balance,tigpr:Loose:1139,Loose,Loose,1
tigpr,datasail_like_group_balance,tigpr:Loose:1141,Loose,Loose,1
tigpr,datasail_like_group_balance,tigpr:Loose:1142,Loose,Interlayer_bonding_deficiency,0
tigpr,datasail_like_group_balance,tigpr:Loose:1149,Loose,Loose,1
tigpr,datasail_like_group_balance,tigpr:Loose:1163,Loose,Loose,1
tigpr,datasail_like_group_balance,tigpr:Loose:1173,Loose,Loose,1
tigpr,datasail_like_group_balance,tigpr:Loose:1179,Loose,Loose,1
tigpr,datasail_like_group_balance,tigpr:Loose:1184,Loose,Loose,1
tigpr,datasail_like_group_balance,tigpr:Loose:1192,Loose,Loose,1
tigpr,datasail_like_group_balance,tigpr:Loose:1199,Loose,Loose,1
tigpr,datasail_like_group_balance,tigpr:Loose:1202,Loose,Interlayer_bonding_deficiency,0
tigpr,datasail_like_group_balance,tigpr:Loose:1203,Loose,Loose,1
tigpr,datasail_like_group_balance,tigpr:Loose:1204,Loose,Loose,1
tigpr,datasail_like_group_balance,tigpr:Loose:1205,Loose,Loose,1
tigpr,datasail_like_group_balance,tigpr:Loose:1220,Loose,Loose,1
tigpr,datasail_like_group_balance,tigpr:Loose:1229,Loose,Loose,1
tigpr,datasail_like_group_balance,tigpr:Loose:1231,Loose,Loose,1
tigpr,datasail_like_group_balance,tigpr:Loose:1234,Loose,Interlayer_bonding_deficiency,0
tigpr,datasail_like_group_balance,tigpr:Loose:1238,Loose,Loose,1
tigpr,datasail_like_group_balance,tigpr:Loose:1244,Loose,Interlayer_bonding_deficiency,0
tigpr,datasail_like_group_balance,tigpr:Loose:1245,Loose,Loose,1
tigpr,datasail_like_group_balance,tigpr:Loose:1249,Loose,Loose,1
tigpr,datasail_like_group_balance,tigpr:Loose:1256,Loose,Interlayer_bonding_deficiency,0
tigpr,datasail_like_group_balance,tigpr:Loose:1259,Loose,Loose,1
tigpr,datasail_like_group_balance,tigpr:Loose:1262,Loose,Loose,1
tigpr,datasail_like_group_balance,tigpr:Loose:1263,Loose,Loose,1
tigpr,datasail_like_group_balance,tigpr:Loose:1275,Loose,Loose,1
tigpr,datasail_like_group_balance,tigpr:Loose:1282,Loose,Loose,1
tigpr,datasail_like_group_balance,tigpr:Loose:1285,Loose,Interlayer_bonding_deficiency,0
tigpr,datasail_like_group_balance,tigpr:Loose:1287,Loose,Loose,1
tigpr,datasail_like_group_balance,tigpr:Loose:1288,Loose,Interlayer_bonding_deficiency,0
tigpr,datasail_like_group_balance,tigpr:Loose:1301,Loose,Loose,1
tigpr,datasail_like_group_balance,tigpr:Loose:1304,Loose,Loose,1
tigpr,datasail_like_group_balance,tigpr:Loose:1305,Loose,Interlayer_bonding_deficiency,0
tigpr,datasail_like_group_balance,tigpr:Loose:1310,Loose,Loose,1
tigpr,datasail_like_group_balance,tigpr:Loose:1314,Loose,Loose,1
tigpr,datasail_like_group_balance,tigpr:Loose:1321,Loose,Loose,1
tigpr,datasail_like_group_balance,tigpr:Loose:1331,Loose,Loose,1
tigpr,datasail_like_group_balance,tigpr:Loose:1350,Loose,Interlayer_bonding_deficiency,0
tigpr,datasail_like_group_balance,tigpr:Loose:1351,Loose,Interlayer_bonding_deficiency,0
tigpr,datasail_like_group_balance,tigpr:Loose:1360,Loose,Interlayer_bonding_deficiency,0
tigpr,datasail_like_group_balance,tigpr:Loose:1363,Loose,Interlayer_bonding_deficiency,0
tigpr,datasail_like_group_balance,tigpr:Loose:1368,Loose,Loose,1
tigpr,datasail_like_group_balance,tigpr:Loose:1370,Loose,Loose,1
tigpr,datasail_like_group_balance,tigpr:Loose:1375,Loose,Interlayer_bonding_deficiency,0
tigpr,datasail_like_group_balance,tigpr:Loose:1390,Loose,Interlayer_bonding_deficiency,0
tigpr,datasail_like_group_balance,tigpr:Loose:1396,Loose,Loose,1
tigpr,datasail_like_group_balance,tigpr:Loose:1397,Loose,Loose,1
tigpr,datasail_like_group_balance,tigpr:Loose:1398,Loose,Loose,1
tigpr,datasail_like_group_balance,tigpr:Loose:1402,Loose,Interlayer_bonding_deficiency,0
tigpr,datasail_like_group_balance,tigpr:Loose:1405,Loose,Loose,1
tigpr,datasail_like_group_balance,tigpr:Loose:1415,Loose,Loose,1
tigpr,datasail_like_group_balance,tigpr:Loose:1420,Loose,Loose,1
tigpr,datasail_like_group_balance,tigpr:Loose:1425,Loose,Loose,1
tigpr,datasail_like_group_balance,tigpr:Loose:1429,Loose,Loose,1
tigpr,datasail_like_group_balance,tigpr:Loose:1433,Loose,Loose,1
tigpr,datasail_like_group_balance,tigpr:Loose:1434,Loose,Loose,1
tigpr,datasail_like_group_balance,tigpr:Loose:1436,Loose,Loose,1
tigpr,datasail_like_group_balance,tigpr:Loose:1438,Loose,Loose,1
tigpr,datasail_like_group_balance,tigpr:Loose:1455,Loose,Loose,1
tigpr,datasail_like_group_balance,tigpr:Loose:1459,Loose,Loose,1
tigpr,datasail_like_group_balance,tigpr:Loose:1471,Loose,Interlayer_bonding_deficiency,0
tigpr,datasail_like_group_balance,tigpr:Loose:1473,Loose,Interlayer_bonding_deficiency,0
tigpr,datasail_like_group_balance,tigpr:Loose:1474,Loose,Interlayer_bonding_deficiency,0
tigpr,datasail_like_group_balance,tigpr:Loose:1483,Loose,Interlayer_bonding_deficiency,0
tigpr,datasail_like_group_balance,tigpr:Loose:1488,Loose,Interlayer_bonding_deficiency,0
tigpr,datasail_like_group_balance,tigpr:Loose:1494,Loose,Loose,1
tigpr,datasail_like_group_balance,tigpr:Loose:1508,Loose,Interlayer_bonding_deficiency,0
tigpr,datasail_like_group_balance,tigpr:Loose:1509,Loose,Loose,1
tigpr,datasail_like_group_balance,tigpr:Loose:1514,Loose,Void,0
tigpr,datasail_like_group_balance,tigpr:Loose:1517,Loose,Interlayer_bonding_deficiency,0
tigpr,datasail_like_group_balance,tigpr:Loose:1519,Loose,Interlayer_bonding_deficiency,0
tigpr,datasail_like_group_balance,tigpr:Loose:1545,Loose,Loose,1
tigpr,datasail_like_group_balance,tigpr:Loose:1556,Loose,Loose,1
tigpr,datasail_like_group_balance,tigpr:Loose:1558,Loose,Loose,1
tigpr,datasail_like_group_balance,tigpr:Loose:1564,Loose,Loose,1
tigpr,datasail_like_group_balance,tigpr:Loose:1572,Loose,Loose,1
tigpr,datasail_like_group_balance,tigpr:Loose:1586,Loose,Loose,1
tigpr,datasail_like_group_balance,tigpr:Loose:1589,Loose,Loose,1
tigpr,datasail_like_group_balance,tigpr:Loose:1631,Loose,Interlayer_bonding_deficiency,0
tigpr,datasail_like_group_balance,tigpr:Loose:1633,Loose,Interlayer_bonding_deficiency,0
tigpr,datasail_like_group_balance,tigpr:Loose:1636,Loose,Loose,1
tigpr,datasail_like_group_balance,tigpr:Loose:1638,Loose,Interlayer_bonding_deficiency,0
tigpr,datasail_like_group_balance,tigpr:Loose:1641,Loose,Loose,1
tigpr,datasail_like_group_balance,tigpr:Loose:1645,Loose,Loose,1
tigpr,datasail_like_group_balance,tigpr:Loose:1661,Loose,Loose,1
tigpr,datasail_like_group_balance,tigpr:Loose:1667,Loose,Interlayer_bonding_deficiency,0
tigpr,datasail_like_group_balance,tigpr:Loose:1680,Loose,Loose,1
tigpr,datasail_like_group_balance,tigpr:Loose:1686,Loose,Interlayer_bonding_deficiency,0
tigpr,datasail_like_group_balance,tigpr:Loose:1693,Loose,Loose,1
tigpr,datasail_like_group_balance,tigpr:Loose:1694,Loose,Loose,1
tigpr,datasail_like_group_balance,tigpr:Loose:1696,Loose,Loose,1
tigpr,datasail_like_group_balance,tigpr:Loose:1707,Loose,Loose,1
tigpr,datasail_like_group_balance,tigpr:Loose:1722,Loose,Interlayer_bonding_deficiency,0
tigpr,datasail_like_group_balance,tigpr:Loose:1729,Loose,Interlayer_bonding_deficiency,0
tigpr,datasail_like_group_balance,tigpr:Loose:1731,Loose,Interlayer_bonding_deficiency,0
tigpr,datasail_like_group_balance,tigpr:Loose:1747,Loose,Loose,1
tigpr,datasail_like_group_balance,tigpr:Loose:1758,Loose,Loose,1
tigpr,datasail_like_group_balance,tigpr:Loose:1773,Loose,Loose,1
tigpr,datasail_like_group_balance,tigpr:Loose:1779,Loose,Loose,1
tigpr,datasail_like_group_balance,tigpr:Loose:1780,Loose,Loose,1
tigpr,datasail_like_group_balance,tigpr:Loose:1782,Loose,Loose,1
tigpr,datasail_like_group_balance,tigpr:Loose:1801,Loose,Loose,1
tigpr,datasail_like_group_balance,tigpr:Loose:1814,Loose,Interlayer_bonding_deficiency,0
tigpr,datasail_like_group_balance,tigpr:Loose:1837,Loose,Loose,1
tigpr,datasail_like_group_balance,tigpr:Loose:1848,Loose,Loose,1
tigpr,datasail_like_group_balance,tigpr:Loose:1851,Loose,Loose,1
tigpr,datasail_like_group_balance,tigpr:Loose:1871,Loose,Loose,1
tigpr,datasail_like_group_balance,tigpr:Loose:1879,Loose,Loose,1
tigpr,datasail_like_group_balance,tigpr:Loose:1887,Loose,Interlayer_bonding_deficiency,0
tigpr,datasail_like_group_balance,tigpr:Loose:1888,Loose,Loose,1
tigpr,datasail_like_group_balance,tigpr:Loose:1893,Loose,Loose,1
tigpr,datasail_like_group_balance,tigpr:Loose:1897,Loose,Loose,1
tigpr,datasail_like_group_balance,tigpr:Loose:1898,Loose,Interlayer_bonding_deficiency,0
tigpr,datasail_like_group_balance,tigpr:Loose:1900,Loose,Interlayer_bonding_deficiency,0
tigpr,datasail_like_group_balance,tigpr:Loose:1905,Loose,Interlayer_bonding_deficiency,0
tigpr,datasail_like_group_balance,tigpr:Loose:1908,Loose,Loose,1
tigpr,datasail_like_group_balance,tigpr:Loose:1909,Loose,Loose,1
tigpr,datasail_like_group_balance,tigpr:Loose:1920,Loose,Interlayer_bonding_deficiency,0
tigpr,datasail_like_group_balance,tigpr:Loose:1945,Loose,Interlayer_bonding_deficiency,0
tigpr,datasail_like_group_balance,tigpr:Loose:1946,Loose,Loose,1
tigpr,datasail_like_group_balance,tigpr:Loose:1947,Loose,Loose,1
tigpr,datasail_like_group_balance,tigpr:Loose:1952,Loose,Interlayer_bonding_deficiency,0
tigpr,datasail_like_group_balance,tigpr:Loose:1958,Loose,Loose,1
tigpr,datasail_like_group_balance,tigpr:Loose:1978,Loose,Interlayer_bonding_deficiency,0
tigpr,datasail_like_group_balance,tigpr:Loose:1981,Loose,Loose,1
tigpr,datasail_like_group_balance,tigpr:Loose:1994,Loose,Interlayer_bonding_deficiency,0
tigpr,datasail_like_group_balance,tigpr:Loose:1996,Loose,Loose,1
tigpr,datasail_like_group_balance,tigpr:Loose:2005,Loose,Loose,1
tigpr,datasail_like_group_balance,tigpr:Loose:2006,Loose,Loose,1
tigpr,datasail_like_group_balance,tigpr:Loose:2026,Loose,Loose,1
tigpr,datasail_like_group_balance,tigpr:Loose:2035,Loose,Loose,1
tigpr,datasail_like_group_balance,tigpr:Loose:2036,Loose,Loose,1
tigpr,datasail_like_group_balance,tigpr:Loose:2039,Loose,Loose,1
tigpr,datasail_like_group_balance,tigpr:Loose:2044,Loose,Loose,1
tigpr,datasail_like_group_balance,tigpr:Loose:2047,Loose,Loose,1
tigpr,datasail_like_group_balance,tigpr:Loose:2054,Loose,Loose,1
tigpr,datasail_like_group_balance,tigpr:Loose:2057,Loose,Loose,1
tigpr,datasail_like_group_balance,tigpr:Loose:2058,Loose,Loose,1
tigpr,datasail_like_group_balance,tigpr:Loose:2060,Loose,Loose,1
tigpr,datasail_like_group_balance,tigpr:Loose:2063,Loose,Interlayer_bonding_deficiency,0
tigpr,datasail_like_group_balance,tigpr:Loose:2078,Loose,Loose,1
tigpr,datasail_like_group_balance,tigpr:Loose:2099,Loose,Loose,1
tigpr,datasail_like_group_balance,tigpr:No_damage:13,No_damage,Void,0
tigpr,datasail_like_group_balance,tigpr:No_damage:15,No_damage,No_damage,1
tigpr,datasail_like_group_balance,tigpr:No_damage:40,No_damage,Loose,0
tigpr,datasail_like_group_balance,tigpr:No_damage:48,No_damage,No_damage,1
tigpr,datasail_like_group_balance,tigpr:No_damage:51,No_damage,Interlayer_bonding_deficiency,0
tigpr,datasail_like_group_balance,tigpr:No_damage:52,No_damage,Loose,0
tigpr,datasail_like_group_balance,tigpr:No_damage:54,No_damage,No_damage,1
tigpr,datasail_like_group_balance,tigpr:No_damage:71,No_damage,No_damage,1
tigpr,datasail_like_group_balance,tigpr:No_damage:72,No_damage,No_damage,1
tigpr,datasail_like_group_balance,tigpr:No_damage:76,No_damage,No_damage,1
tigpr,datasail_like_group_balance,tigpr:No_damage:77,No_damage,No_damage,1
tigpr,datasail_like_group_balance,tigpr:No_damage:94,No_damage,No_damage,1
tigpr,datasail_like_group_balance,tigpr:No_damage:101,No_damage,No_damage,1
tigpr,datasail_like_group_balance,tigpr:No_damage:107,No_damage,No_damage,1
tigpr,datasail_like_group_balance,tigpr:No_damage:110,No_damage,No_damage,1
tigpr,datasail_like_group_balance,tigpr:No_damage:111,No_damage,Interlayer_bonding_deficiency,0
tigpr,datasail_like_group_balance,tigpr:No_damage:124,No_damage,No_damage,1
tigpr,datasail_like_group_balance,tigpr:No_damage:128,No_damage,Interlayer_bonding_deficiency,0
tigpr,datasail_like_group_balance,tigpr:No_damage:140,No_damage,Interlayer_bonding_deficiency,0
tigpr,datasail_like_group_balance,tigpr:No_damage:159,No_damage,No_damage,1
tigpr,datasail_like_group_balance,tigpr:No_damage:171,No_damage,Interlayer_bonding_deficiency,0
tigpr,datasail_like_group_balance,tigpr:No_damage:172,No_damage,No_damage,1
tigpr,datasail_like_group_balance,tigpr:No_damage:188,No_damage,No_damage,1
tigpr,datasail_like_group_balance,tigpr:No_damage:190,No_damage,No_damage,1
tigpr,datasail_like_group_balance,tigpr:No_damage:193,No_damage,No_damage,1
tigpr,datasail_like_group_balance,tigpr:No_damage:195,No_damage,No_damage,1
tigpr,datasail_like_group_balance,tigpr:No_damage:199,No_damage,No_damage,1
tigpr,datasail_like_group_balance,tigpr:No_damage:217,No_damage,No_damage,1
tigpr,datasail_like_group_balance,tigpr:No_damage:231,No_damage,No_damage,1
tigpr,datasail_like_group_balance,tigpr:No_damage:235,No_damage,No_damage,1
tigpr,datasail_like_group_balance,tigpr:No_damage:240,No_damage,No_damage,1
tigpr,datasail_like_group_balance,tigpr:No_damage:254,No_damage,Interlayer_bonding_deficiency,0
tigpr,datasail_like_group_balance,tigpr:No_damage:259,No_damage,No_damage,1
tigpr,datasail_like_group_balance,tigpr:No_damage:269,No_damage,Interlayer_bonding_deficiency,0
tigpr,datasail_like_group_balance,tigpr:No_damage:274,No_damage,No_damage,1
tigpr,datasail_like_group_balance,tigpr:No_damage:280,No_damage,No_damage,1
tigpr,datasail_like_group_balance,tigpr:No_damage:283,No_damage,No_damage,1
tigpr,datasail_like_group_balance,tigpr:No_damage:303,No_damage,No_damage,1
tigpr,datasail_like_group_balance,tigpr:No_damage:319,No_damage,No_damage,1
tigpr,datasail_like_group_balance,tigpr:No_damage:321,No_damage,Interlayer_bonding_deficiency,0
tigpr,datasail_like_group_balance,tigpr:No_damage:329,No_damage,No_damage,1
tigpr,datasail_like_group_balance,tigpr:No_damage:331,No_damage,No_damage,1
tigpr,datasail_like_group_balance,tigpr:No_damage:332,No_damage,Interlayer_bonding_deficiency,0
tigpr,datasail_like_group_balance,tigpr:No_damage:337,No_damage,Interlayer_bonding_deficiency,0
tigpr,datasail_like_group_balance,tigpr:No_damage:339,No_damage,Interlayer_bonding_deficiency,0
tigpr,datasail_like_group_balance,tigpr:No_damage:343,No_damage,No_damage,1
tigpr,datasail_like_group_balance,tigpr:No_damage:349,No_damage,No_damage,1
tigpr,datasail_like_group_balance,tigpr:No_damage:354,No_damage,Interlayer_bonding_deficiency,0
tigpr,datasail_like_group_balance,tigpr:No_damage:374,No_damage,No_damage,1
tigpr,datasail_like_group_balance,tigpr:No_damage:378,No_damage,No_damage,1
tigpr,datasail_like_group_balance,tigpr:No_damage:381,No_damage,No_damage,1
tigpr,datasail_like_group_balance,tigpr:No_damage:382,No_damage,No_damage,1
tigpr,datasail_like_group_balance,tigpr:No_damage:387,No_damage,No_damage,1
tigpr,datasail_like_group_balance,tigpr:No_damage:392,No_damage,No_damage,1
tigpr,datasail_like_group_balance,tigpr:No_damage:397,No_damage,No_damage,1
tigpr,datasail_like_group_balance,tigpr:No_damage:401,No_damage,No_damage,1
tigpr,datasail_like_group_balance,tigpr:No_damage:410,No_damage,Interlayer_bonding_deficiency,0
tigpr,datasail_like_group_balance,tigpr:No_damage:411,No_damage,No_damage,1
tigpr,datasail_like_group_balance,tigpr:No_damage:412,No_damage,No_damage,1
tigpr,datasail_like_group_balance,tigpr:No_damage:416,No_damage,Interlayer_bonding_deficiency,0
tigpr,datasail_like_group_balance,tigpr:No_damage:423,No_damage,Interlayer_bonding_deficiency,0
tigpr,datasail_like_group_balance,tigpr:No_damage:427,No_damage,Interlayer_bonding_deficiency,0
tigpr,datasail_like_group_balance,tigpr:No_damage:432,No_damage,No_damage,1
tigpr,datasail_like_group_balance,tigpr:No_damage:438,No_damage,Loose,0
tigpr,datasail_like_group_balance,tigpr:No_damage:444,No_damage,No_damage,1
tigpr,datasail_like_group_balance,tigpr:No_damage:448,No_damage,No_damage,1
tigpr,datasail_like_group_balance,tigpr:No_damage:453,No_damage,Interlayer_bonding_deficiency,0
tigpr,datasail_like_group_balance,tigpr:No_damage:455,No_damage,No_damage,1
tigpr,datasail_like_group_balance,tigpr:No_damage:458,No_damage,Interlayer_bonding_deficiency,0
tigpr,datasail_like_group_balance,tigpr:No_damage:459,No_damage,Interlayer_bonding_deficiency,0
tigpr,datasail_like_group_balance,tigpr:No_damage:469,No_damage,No_damage,1
tigpr,datasail_like_group_balance,tigpr:No_damage:473,No_damage,Loose,0
tigpr,datasail_like_group_balance,tigpr:No_damage:475,No_damage,No_damage,1
tigpr,datasail_like_group_balance,tigpr:No_damage:480,No_damage,No_damage,1
tigpr,datasail_like_group_balance,tigpr:No_damage:486,No_damage,No_damage,1
tigpr,datasail_like_group_balance,tigpr:No_damage:491,No_damage,No_damage,1
tigpr,datasail_like_group_balance,tigpr:No_damage:492,No_damage,No_damage,1
tigpr,datasail_like_group_balance,tigpr:No_damage:506,No_damage,Interlayer_bonding_deficiency,0
tigpr,datasail_like_group_balance,tigpr:No_damage:515,No_damage,No_damage,1
tigpr,datasail_like_group_balance,tigpr:No_damage:518,No_damage,No_damage,1
tigpr,datasail_like_group_balance,tigpr:No_damage:522,No_damage,Interlayer_bonding_deficiency,0
tigpr,datasail_like_group_balance,tigpr:No_damage:527,No_damage,Loose,0
tigpr,datasail_like_group_balance,tigpr:No_damage:531,No_damage,No_damage,1
tigpr,datasail_like_group_balance,tigpr:No_damage:535,No_damage,No_damage,1
tigpr,datasail_like_group_balance,tigpr:No_damage:544,No_damage,No_damage,1
tigpr,datasail_like_group_balance,tigpr:No_damage:549,No_damage,No_damage,1
tigpr,datasail_like_group_balance,tigpr:No_damage:550,No_damage,No_damage,1
tigpr,datasail_like_group_balance,tigpr:No_damage:552,No_damage,No_damage,1
tigpr,datasail_like_group_balance,tigpr:No_damage:556,No_damage,No_damage,1
tigpr,datasail_like_group_balance,tigpr:No_damage:557,No_damage,No_damage,1
tigpr,datasail_like_group_balance,tigpr:No_damage:568,No_damage,No_damage,1
tigpr,datasail_like_group_balance,tigpr:No_damage:573,No_damage,No_damage,1
tigpr,datasail_like_group_balance,tigpr:No_damage:595,No_damage,No_damage,1
tigpr,datasail_like_group_balance,tigpr:No_damage:599,No_damage,No_damage,1
tigpr,datasail_like_group_balance,tigpr:No_damage:604,No_damage,No_damage,1
tigpr,datasail_like_group_balance,tigpr:No_damage:607,No_damage,No_damage,1
tigpr,datasail_like_group_balance,tigpr:No_damage:613,No_damage,No_damage,1
tigpr,datasail_like_group_balance,tigpr:No_damage:618,No_damage,No_damage,1
tigpr,datasail_like_group_balance,tigpr:No_damage:623,No_damage,Interlayer_bonding_deficiency,0
tigpr,datasail_like_group_balance,tigpr:No_damage:635,No_damage,No_damage,1
tigpr,datasail_like_group_balance,tigpr:No_damage:642,No_damage,No_damage,1
tigpr,datasail_like_group_balance,tigpr:No_damage:647,No_damage,Interlayer_bonding_deficiency,0
tigpr,datasail_like_group_balance,tigpr:No_damage:661,No_damage,No_damage,1
tigpr,datasail_like_group_balance,tigpr:No_damage:664,No_damage,No_damage,1
tigpr,datasail_like_group_balance,tigpr:No_damage:665,No_damage,No_damage,1
tigpr,datasail_like_group_balance,tigpr:No_damage:673,No_damage,Interlayer_bonding_deficiency,0
tigpr,datasail_like_group_balance,tigpr:No_damage:677,No_damage,No_damage,1
tigpr,datasail_like_group_balance,tigpr:No_damage:696,No_damage,No_damage,1
tigpr,datasail_like_group_balance,tigpr:No_damage:705,No_damage,No_damage,1
tigpr,datasail_like_group_balance,tigpr:No_damage:708,No_damage,No_damage,1
tigpr,datasail_like_group_balance,tigpr:No_damage:713,No_damage,No_damage,1
tigpr,datasail_like_group_balance,tigpr:No_damage:717,No_damage,No_damage,1
tigpr,datasail_like_group_balance,tigpr:No_damage:729,No_damage,No_damage,1
tigpr,datasail_like_group_balance,tigpr:No_damage:738,No_damage,No_damage,1
tigpr,datasail_like_group_balance,tigpr:No_damage:740,No_damage,No_damage,1
tigpr,datasail_like_group_balance,tigpr:No_damage:760,No_damage,No_damage,1
tigpr,datasail_like_group_balance,tigpr:No_damage:763,No_damage,No_damage,1
tigpr,datasail_like_group_balance,tigpr:No_damage:775,No_damage,No_damage,1
tigpr,datasail_like_group_balance,tigpr:No_damage:777,No_damage,No_damage,1
tigpr,datasail_like_group_balance,tigpr:No_damage:789,No_damage,No_damage,1
tigpr,datasail_like_group_balance,tigpr:No_damage:793,No_damage,No_damage,1
tigpr,datasail_like_group_balance,tigpr:No_damage:795,No_damage,No_damage,1
tigpr,datasail_like_group_balance,tigpr:No_damage:800,No_damage,No_damage,1
tigpr,datasail_like_group_balance,tigpr:No_damage:817,No_damage,No_damage,1
tigpr,datasail_like_group_balance,tigpr:No_damage:826,No_damage,No_damage,1
tigpr,datasail_like_group_balance,tigpr:No_damage:827,No_damage,No_damage,1
tigpr,datasail_like_group_balance,tigpr:No_damage:830,No_damage,Interlayer_bonding_deficiency,0
tigpr,datasail_like_group_balance,tigpr:No_damage:832,No_damage,No_damage,1
tigpr,datasail_like_group_balance,tigpr:No_damage:838,No_damage,No_damage,1
tigpr,datasail_like_group_balance,tigpr:No_damage:846,No_damage,No_damage,1
tigpr,datasail_like_group_balance,tigpr:No_damage:847,No_damage,No_damage,1
tigpr,datasail_like_group_balance,tigpr:No_damage:852,No_damage,No_damage,1
tigpr,datasail_like_group_balance,tigpr:No_damage:858,No_damage,Interlayer_bonding_deficiency,0
tigpr,datasail_like_group_balance,tigpr:No_damage:860,No_damage,No_damage,1
tigpr,datasail_like_group_balance,tigpr:No_damage:862,No_damage,No_damage,1
tigpr,datasail_like_group_balance,tigpr:No_damage:870,No_damage,No_damage,1
tigpr,datasail_like_group_balance,tigpr:No_damage:881,No_damage,No_damage,1
tigpr,datasail_like_group_balance,tigpr:No_damage:883,No_damage,No_damage,1
tigpr,datasail_like_group_balance,tigpr:No_damage:885,No_damage,No_damage,1
tigpr,datasail_like_group_balance,tigpr:No_damage:907,No_damage,No_damage,1
tigpr,datasail_like_group_balance,tigpr:No_damage:910,No_damage,No_damage,1
tigpr,datasail_like_group_balance,tigpr:No_damage:925,No_damage,No_damage,1
tigpr,datasail_like_group_balance,tigpr:No_damage:936,No_damage,No_damage,1
tigpr,datasail_like_group_balance,tigpr:No_damage:939,No_damage,No_damage,1
tigpr,datasail_like_group_balance,tigpr:No_damage:952,No_damage,Interlayer_bonding_deficiency,0
tigpr,datasail_like_group_balance,tigpr:No_damage:961,No_damage,Interlayer_bonding_deficiency,0
tigpr,datasail_like_group_balance,tigpr:No_damage:967,No_damage,No_damage,1
tigpr,datasail_like_group_balance,tigpr:No_damage:974,No_damage,No_damage,1
tigpr,datasail_like_group_balance,tigpr:No_damage:977,No_damage,No_damage,1
tigpr,datasail_like_group_balance,tigpr:No_damage:978,No_damage,No_damage,1
tigpr,datasail_like_group_balance,tigpr:No_damage:987,No_damage,No_damage,1
tigpr,datasail_like_group_balance,tigpr:No_damage:998,No_damage,No_damage,1
tigpr,datasail_like_group_balance,tigpr:No_damage:1003,No_damage,No_damage,1
tigpr,datasail_like_group_balance,tigpr:No_damage:1018,No_damage,No_damage,1
tigpr,datasail_like_group_balance,tigpr:No_damage:1026,No_damage,No_damage,1
tigpr,datasail_like_group_balance,tigpr:No_damage:1031,No_damage,No_damage,1
tigpr,datasail_like_group_balance,tigpr:No_damage:1033,No_damage,No_damage,1
tigpr,datasail_like_group_balance,tigpr:No_damage:1057,No_damage,No_damage,1
tigpr,datasail_like_group_balance,tigpr:No_damage:1058,No_damage,No_damage,1
tigpr,datasail_like_group_balance,tigpr:No_damage:1070,No_damage,No_damage,1
tigpr,datasail_like_group_balance,tigpr:No_damage:1075,No_damage,No_damage,1
tigpr,datasail_like_group_balance,tigpr:No_damage:1076,No_damage,No_damage,1
tigpr,datasail_like_group_balance,tigpr:No_damage:1080,No_damage,No_damage,1
tigpr,datasail_like_group_balance,tigpr:No_damage:1081,No_damage,No_damage,1
tigpr,datasail_like_group_balance,tigpr:No_damage:1087,No_damage,No_damage,1
tigpr,datasail_like_group_balance,tigpr:No_damage:1100,No_damage,No_damage,1
tigpr,datasail_like_group_balance,tigpr:No_damage:1101,No_damage,No_damage,1
tigpr,datasail_like_group_balance,tigpr:No_damage:1107,No_damage,No_damage,1
tigpr,datasail_like_group_balance,tigpr:No_damage:1108,No_damage,No_damage,1
tigpr,datasail_like_group_balance,tigpr:No_damage:1112,No_damage,No_damage,1
tigpr,datasail_like_group_balance,tigpr:No_damage:1117,No_damage,No_damage,1
tigpr,datasail_like_group_balance,tigpr:No_damage:1118,No_damage,No_damage,1
tigpr,datasail_like_group_balance,tigpr:No_damage:1126,No_damage,No_damage,1
tigpr,datasail_like_group_balance,tigpr:No_damage:1127,No_damage,No_damage,1
tigpr,datasail_like_group_balance,tigpr:No_damage:1134,No_damage,No_damage,1
tigpr,datasail_like_group_balance,tigpr:No_damage:1160,No_damage,No_damage,1
tigpr,datasail_like_group_balance,tigpr:No_damage:1161,No_damage,No_damage,1
tigpr,datasail_like_group_balance,tigpr:No_damage:1165,No_damage,No_damage,1
tigpr,datasail_like_group_balance,tigpr:No_damage:1175,No_damage,No_damage,1
tigpr,datasail_like_group_balance,tigpr:No_damage:1179,No_damage,No_damage,1
tigpr,datasail_like_group_balance,tigpr:No_damage:1194,No_damage,No_damage,1
tigpr,datasail_like_group_balance,tigpr:No_damage:1196,No_damage,No_damage,1
tigpr,datasail_like_group_balance,tigpr:No_damage:1217,No_damage,No_damage,1
tigpr,datasail_like_group_balance,tigpr:No_damage:1224,No_damage,No_damage,1
tigpr,datasail_like_group_balance,tigpr:No_damage:1228,No_damage,No_damage,1
tigpr,datasail_like_group_balance,tigpr:No_damage:1229,No_damage,No_damage,1
tigpr,datasail_like_group_balance,tigpr:No_damage:1230,No_damage,No_damage,1
tigpr,datasail_like_group_balance,tigpr:No_damage:1234,No_damage,No_damage,1
tigpr,datasail_like_group_balance,tigpr:No_damage:1244,No_damage,No_damage,1
tigpr,datasail_like_group_balance,tigpr:No_damage:1249,No_damage,No_damage,1
tigpr,datasail_like_group_balance,tigpr:No_damage:1252,No_damage,No_damage,1
tigpr,datasail_like_group_balance,tigpr:No_damage:1256,No_damage,No_damage,1
tigpr,datasail_like_group_balance,tigpr:No_damage:1263,No_damage,No_damage,1
tigpr,datasail_like_group_balance,tigpr:No_damage:1266,No_damage,No_damage,1
tigpr,datasail_like_group_balance,tigpr:No_damage:1275,No_damage,No_damage,1
tigpr,datasail_like_group_balance,tigpr:No_damage:1277,No_damage,No_damage,1
tigpr,datasail_like_group_balance,tigpr:No_damage:1281,No_damage,No_damage,1
tigpr,datasail_like_group_balance,tigpr:No_damage:1287,No_damage,No_damage,1
tigpr,datasail_like_group_balance,tigpr:No_damage:1288,No_damage,No_damage,1
tigpr,datasail_like_group_balance,tigpr:No_damage:1291,No_damage,No_damage,1
tigpr,datasail_like_group_balance,tigpr:No_damage:1293,No_damage,No_damage,1
tigpr,datasail_like_group_balance,tigpr:No_damage:1300,No_damage,No_damage,1
tigpr,datasail_like_group_balance,tigpr:No_damage:1307,No_damage,No_damage,1
tigpr,datasail_like_group_balance,tigpr:No_damage:1326,No_damage,No_damage,1
tigpr,datasail_like_group_balance,tigpr:No_damage:1330,No_damage,No_damage,1
tigpr,datasail_like_group_balance,tigpr:No_damage:1346,No_damage,No_damage,1
tigpr,datasail_like_group_balance,tigpr:No_damage:1347,No_damage,No_damage,1
tigpr,datasail_like_group_balance,tigpr:No_damage:1349,No_damage,No_damage,1
tigpr,datasail_like_group_balance,tigpr:No_damage:1350,No_damage,No_damage,1
tigpr,datasail_like_group_balance,tigpr:No_damage:1362,No_damage,No_damage,1
tigpr,datasail_like_group_balance,tigpr:No_damage:1364,No_damage,No_damage,1
tigpr,datasail_like_group_balance,tigpr:No_damage:1387,No_damage,No_damage,1
tigpr,datasail_like_group_balance,tigpr:No_damage:1390,No_damage,No_damage,1
tigpr,datasail_like_group_balance,tigpr:No_damage:1391,No_damage,No_damage,1
tigpr,datasail_like_group_balance,tigpr:No_damage:1393,No_damage,No_damage,1
tigpr,datasail_like_group_balance,tigpr:No_damage:1401,No_damage,No_damage,1
tigpr,datasail_like_group_balance,tigpr:No_damage:1419,No_damage,No_damage,1
tigpr,datasail_like_group_balance,tigpr:No_damage:1420,No_damage,No_damage,1
tigpr,datasail_like_group_balance,tigpr:No_damage:1445,No_damage,No_damage,1
tigpr,datasail_like_group_balance,tigpr:No_damage:1447,No_damage,No_damage,1
tigpr,datasail_like_group_balance,tigpr:No_damage:1448,No_damage,No_damage,1
tigpr,datasail_like_group_balance,tigpr:No_damage:1464,No_damage,No_damage,1
tigpr,datasail_like_group_balance,tigpr:No_damage:1488,No_damage,No_damage,1
tigpr,datasail_like_group_balance,tigpr:No_damage:1489,No_damage,No_damage,1
tigpr,datasail_like_group_balance,tigpr:No_damage:1496,No_damage,Interlayer_bonding_deficiency,0
tigpr,datasail_like_group_balance,tigpr:No_damage:1509,No_damage,No_damage,1
tigpr,datasail_like_group_balance,tigpr:No_damage:1511,No_damage,No_damage,1
tigpr,datasail_like_group_balance,tigpr:No_damage:1512,No_damage,No_damage,1
tigpr,datasail_like_group_balance,tigpr:Void:2,Void,Void,1
tigpr,datasail_like_group_balance,tigpr:Void:16,Void,Crack,0
tigpr,datasail_like_group_balance,tigpr:Void:17,Void,Crack,0
tigpr,datasail_like_group_balance,tigpr:Void:30,Void,Void,1
tigpr,datasail_like_group_balance,tigpr:Void:31,Void,Interlayer_bonding_deficiency,0
tigpr,datasail_like_group_balance,tigpr:Void:32,Void,Interlayer_bonding_deficiency,0
tigpr,datasail_like_group_balance,tigpr:Void:40,Void,Crack,0
tigpr,datasail_like_group_balance,tigpr:Void:44,Void,Crack,0
tigpr,datasail_like_group_balance,tigpr:Void:69,Void,Interlayer_bonding_deficiency,0
tigpr,datasail_like_group_balance,tigpr:Void:70,Void,Interlayer_bonding_deficiency,0
tigpr,datasail_like_group_balance,tigpr:Void:71,Void,Void,1
tigpr,datasail_like_group_balance,tigpr:Void:78,Void,Crack,0
tigpr,datasail_like_group_balance,tigpr:Void:84,Void,Void,1
tigpr,datasail_like_group_balance,tigpr:Void:85,Void,Void,1
tigpr,datasail_like_group_balance,tigpr:Void:94,Void,Crack,0
tigpr,datasail_like_group_balance,tigpr:Void:111,Void,No_damage,0
tigpr,datasail_like_group_balance,tigpr:Void:122,Void,Crack,0
tigpr,datasail_like_group_balance,tigpr:Void:123,Void,Crack,0
tigpr,datasail_like_group_balance,tigpr:Void:130,Void,Void,1
tigpr,datasail_like_group_balance,tigpr:Void:131,Void,Void,1
tigpr,datasail_like_group_balance,tigpr:Void:136,Void,Crack,0
tigpr,datasail_like_group_balance,tigpr:Void:156,Void,Void,1
tigpr,datasail_like_group_balance,tigpr:Void:157,Void,Void,1
tigpr,datasail_like_group_balance,tigpr:Void:158,Void,Crack,0
tigpr,datasail_like_group_balance,tigpr:Void:174,Void,Void,1
tigpr,datasail_like_group_balance,tigpr:Void:197,Void,Interlayer_bonding_deficiency,0
tigpr,datasail_like_group_balance,tigpr:Void:198,Void,Interlayer_bonding_deficiency,0
tigpr,datasail_like_group_balance,tigpr:Void:207,Void,Interlayer_bonding_deficiency,0
tigpr,datasail_like_group_balance,tigpr:Void:208,Void,Interlayer_bonding_deficiency,0
tigpr,datasail_like_group_balance,tigpr:Void:223,Void,Interlayer_bonding_deficiency,0
tigpr,datasail_like_group_balance,tigpr:Void:225,Void,Interlayer_bonding_deficiency,0
tigpr,datasail_like_group_balance,tigpr:Void:233,Void,Interlayer_bonding_deficiency,0
tigpr,datasail_like_group_balance,tigpr:Void:235,Void,Interlayer_bonding_deficiency,0
tigpr,datasail_like_group_balance,tigpr:Void:240,Void,Loose,0
tigpr,datasail_like_group_balance,tigpr:Void:241,Void,Interlayer_bonding_deficiency,0
tigpr,datasail_like_group_balance,tigpr:Void:242,Void,Interlayer_bonding_deficiency,0
tigpr,datasail_like_group_balance,tigpr:Void:258,Void,Crack,0
tigpr,datasail_like_group_balance,tigpr:Void:259,Void,Crack,0
tigpr,datasail_like_group_balance,tigpr:Void:284,Void,Void,1
tigpr,datasail_like_group_balance,tigpr:Void:285,Void,Void,1
tigpr,datasail_like_group_balance,tigpr:Void:292,Void,Crack,0
tigpr,datasail_like_group_balance,tigpr:Void:293,Void,Void,1
tigpr,datasail_like_group_balance,tigpr:Void:294,Void,Void,1
tigpr,datasail_like_group_balance,tigpr:Void:299,Void,Interlayer_bonding_deficiency,0
tigpr,datasail_like_group_balance,tigpr:Void:302,Void,Crack,0
zenodo_14637589,random_stratified_70_15_15,zenodo_14637589_00016,pipe,pipe,1
zenodo_14637589,random_stratified_70_15_15,zenodo_14637589_00018,pipe,pipe,1
zenodo_14637589,random_stratified_70_15_15,zenodo_14637589_00019,pipe,pipe,1
zenodo_14637589,random_stratified_70_15_15,zenodo_14637589_00024,pipe,pipe,1
zenodo_14637589,random_stratified_70_15_15,zenodo_14637589_00036,pipe,pipe,1
zenodo_14637589,random_stratified_70_15_15,zenodo_14637589_00046,pipe,pipe,1
zenodo_14637589,random_stratified_70_15_15,zenodo_14637589_00051,pipe,pipe,1
zenodo_14637589,random_stratified_70_15_15,zenodo_14637589_00058,pipe,tunnel,0
zenodo_14637589,random_stratified_70_15_15,zenodo_14637589_00060,pipe,pipe,1
zenodo_14637589,random_stratified_70_15_15,zenodo_14637589_00063,pipe,pipe,1
zenodo_14637589,random_stratified_70_15_15,zenodo_14637589_00071,pipe,pipe,1
zenodo_14637589,random_stratified_70_15_15,zenodo_14637589_00074,pipe,pipe,1
zenodo_14637589,random_stratified_70_15_15,zenodo_14637589_00077,pipe,pipe,1
zenodo_14637589,random_stratified_70_15_15,zenodo_14637589_00078,pipe,rebar,0
zenodo_14637589,random_stratified_70_15_15,zenodo_14637589_00085,pipe,pipe,1
zenodo_14637589,random_stratified_70_15_15,zenodo_14637589_00104,pipe,pipe,1
zenodo_14637589,random_stratified_70_15_15,zenodo_14637589_00106,pipe,pipe,1
zenodo_14637589,random_stratified_70_15_15,zenodo_14637589_00119,pipe,pipe,1
zenodo_14637589,random_stratified_70_15_15,zenodo_14637589_00120,pipe,tunnel,0
zenodo_14637589,random_stratified_70_15_15,zenodo_14637589_00126,pipe,pipe,1
zenodo_14637589,random_stratified_70_15_15,zenodo_14637589_00129,pipe,pipe,1
zenodo_14637589,random_stratified_70_15_15,zenodo_14637589_00135,pipe,pipe,1
zenodo_14637589,random_stratified_70_15_15,zenodo_14637589_00138,pipe,pipe,1
zenodo_14637589,random_stratified_70_15_15,zenodo_14637589_00142,pipe,pipe,1
zenodo_14637589,random_stratified_70_15_15,zenodo_14637589_00145,pipe,pipe,1
zenodo_14637589,random_stratified_70_15_15,zenodo_14637589_00147,pipe,pipe,1
zenodo_14637589,random_stratified_70_15_15,zenodo_14637589_00163,pipe,pipe,1
zenodo_14637589,random_stratified_70_15_15,zenodo_14637589_00172,pipe,pipe,1
zenodo_14637589,random_stratified_70_15_15,zenodo_14637589_00179,pipe,pipe,1
zenodo_14637589,random_stratified_70_15_15,zenodo_14637589_00186,pipe,pipe,1
zenodo_14637589,random_stratified_70_15_15,zenodo_14637589_00191,pipe,pipe,1
zenodo_14637589,random_stratified_70_15_15,zenodo_14637589_00197,pipe,pipe,1
zenodo_14637589,random_stratified_70_15_15,zenodo_14637589_00202,pipe,pipe,1
zenodo_14637589,random_stratified_70_15_15,zenodo_14637589_00203,pipe,pipe,1
zenodo_14637589,random_stratified_70_15_15,zenodo_14637589_00211,pipe,pipe,1
zenodo_14637589,random_stratified_70_15_15,zenodo_14637589_00218,pipe,pipe,1
zenodo_14637589,random_stratified_70_15_15,zenodo_14637589_00223,pipe,pipe,1
zenodo_14637589,random_stratified_70_15_15,zenodo_14637589_00226,pipe,pipe,1
zenodo_14637589,random_stratified_70_15_15,zenodo_14637589_00239,pipe,pipe,1
zenodo_14637589,random_stratified_70_15_15,zenodo_14637589_00240,pipe,pipe,1
zenodo_14637589,random_stratified_70_15_15,zenodo_14637589_00254,pipe,pipe,1
zenodo_14637589,random_stratified_70_15_15,zenodo_14637589_00256,pipe,pipe,1
zenodo_14637589,random_stratified_70_15_15,zenodo_14637589_00259,pipe,pipe,1
zenodo_14637589,random_stratified_70_15_15,zenodo_14637589_00290,pipe,pipe,1
zenodo_14637589,random_stratified_70_15_15,zenodo_14637589_00300,pipe,pipe,1
zenodo_14637589,random_stratified_70_15_15,zenodo_14637589_00305,pipe,pipe,1
zenodo_14637589,random_stratified_70_15_15,zenodo_14637589_00306,pipe,pipe,1
zenodo_14637589,random_stratified_70_15_15,zenodo_14637589_00325,pipe,pipe,1
zenodo_14637589,random_stratified_70_15_15,zenodo_14637589_00326,pipe,pipe,1
zenodo_14637589,random_stratified_70_15_15,zenodo_14637589_00331,pipe,pipe,1
zenodo_14637589,random_stratified_70_15_15,zenodo_14637589_00333,pipe,pipe,1
zenodo_14637589,random_stratified_70_15_15,zenodo_14637589_00338,pipe,pipe,1
zenodo_14637589,random_stratified_70_15_15,zenodo_14637589_00348,pipe,pipe,1
zenodo_14637589,random_stratified_70_15_15,zenodo_14637589_00351,pipe,pipe,1
zenodo_14637589,random_stratified_70_15_15,zenodo_14637589_00352,pipe,pipe,1
zenodo_14637589,random_stratified_70_15_15,zenodo_14637589_00353,pipe,pipe,1
zenodo_14637589,random_stratified_70_15_15,zenodo_14637589_00357,pipe,pipe,1
zenodo_14637589,random_stratified_70_15_15,zenodo_14637589_00360,pipe,pipe,1
zenodo_14637589,random_stratified_70_15_15,zenodo_14637589_00365,pipe,pipe,1
zenodo_14637589,random_stratified_70_15_15,zenodo_14637589_00367,pipe,tunnel,0
zenodo_14637589,random_stratified_70_15_15,zenodo_14637589_00383,pipe,pipe,1
zenodo_14637589,random_stratified_70_15_15,zenodo_14637589_00384,pipe,pipe,1
zenodo_14637589,random_stratified_70_15_15,zenodo_14637589_00391,pipe,pipe,1
zenodo_14637589,random_stratified_70_15_15,zenodo_14637589_00407,pipe,pipe,1
zenodo_14637589,random_stratified_70_15_15,zenodo_14637589_00409,pipe,pipe,1
zenodo_14637589,random_stratified_70_15_15,zenodo_14637589_00410,pipe,pipe,1
zenodo_14637589,random_stratified_70_15_15,zenodo_14637589_00421,pipe,tunnel,0
zenodo_14637589,random_stratified_70_15_15,zenodo_14637589_00429,pipe,rebar,0
zenodo_14637589,random_stratified_70_15_15,zenodo_14637589_00434,pipe,pipe,1
zenodo_14637589,random_stratified_70_15_15,zenodo_14637589_00439,pipe,pipe,1
zenodo_14637589,random_stratified_70_15_15,zenodo_14637589_00440,pipe,pipe,1
zenodo_14637589,random_stratified_70_15_15,zenodo_14637589_00445,pipe,pipe,1
zenodo_14637589,random_stratified_70_15_15,zenodo_14637589_00447,pipe,pipe,1
zenodo_14637589,random_stratified_70_15_15,zenodo_14637589_00459,pipe,pipe,1
zenodo_14637589,random_stratified_70_15_15,zenodo_14637589_00473,pipe,pipe,1
zenodo_14637589,random_stratified_70_15_15,zenodo_14637589_00477,pipe,tunnel,0
zenodo_14637589,random_stratified_70_15_15,zenodo_14637589_00483,pipe,pipe,1
zenodo_14637589,random_stratified_70_15_15,zenodo_14637589_00487,pipe,pipe,1
zenodo_14637589,random_stratified_70_15_15,zenodo_14637589_00490,pipe,pipe,1
zenodo_14637589,random_stratified_70_15_15,zenodo_14637589_00503,pipe,pipe,1
zenodo_14637589,random_stratified_70_15_15,zenodo_14637589_00508,pipe,pipe,1
zenodo_14637589,random_stratified_70_15_15,zenodo_14637589_00510,pipe,pipe,1
zenodo_14637589,random_stratified_70_15_15,zenodo_14637589_00523,pipe,pipe,1
zenodo_14637589,random_stratified_70_15_15,zenodo_14637589_00567,rebar,rebar,1
zenodo_14637589,random_stratified_70_15_15,zenodo_14637589_00570,rebar,rebar,1
zenodo_14637589,random_stratified_70_15_15,zenodo_14637589_00582,rebar,rebar,1
zenodo_14637589,random_stratified_70_15_15,zenodo_14637589_00589,rebar,rebar,1
zenodo_14637589,random_stratified_70_15_15,zenodo_14637589_00597,rebar,rebar,1
zenodo_14637589,random_stratified_70_15_15,zenodo_14637589_00613,rebar,pipe,0
zenodo_14637589,random_stratified_70_15_15,zenodo_14637589_00614,rebar,rebar,1
zenodo_14637589,random_stratified_70_15_15,zenodo_14637589_00618,rebar,rebar,1
zenodo_14637589,random_stratified_70_15_15,zenodo_14637589_00623,rebar,pipe,0
zenodo_14637589,random_stratified_70_15_15,zenodo_14637589_00624,rebar,rebar,1
zenodo_14637589,random_stratified_70_15_15,zenodo_14637589_00626,rebar,rebar,1
zenodo_14637589,random_stratified_70_15_15,zenodo_14637589_00627,rebar,rebar,1
zenodo_14637589,random_stratified_70_15_15,zenodo_14637589_00632,rebar,rebar,1
zenodo_14637589,random_stratified_70_15_15,zenodo_14637589_00646,rebar,rebar,1
zenodo_14637589,random_stratified_70_15_15,zenodo_14637589_00652,rebar,rebar,1
zenodo_14637589,random_stratified_70_15_15,zenodo_14637589_00657,rebar,rebar,1
zenodo_14637589,random_stratified_70_15_15,zenodo_14637589_00660,rebar,rebar,1
zenodo_14637589,random_stratified_70_15_15,zenodo_14637589_00665,rebar,rebar,1
zenodo_14637589,random_stratified_70_15_15,zenodo_14637589_00673,rebar,rebar,1
zenodo_14637589,random_stratified_70_15_15,zenodo_14637589_00681,rebar,rebar,1
zenodo_14637589,random_stratified_70_15_15,zenodo_14637589_00687,rebar,rebar,1
zenodo_14637589,random_stratified_70_15_15,zenodo_14637589_00688,rebar,rebar,1
zenodo_14637589,random_stratified_70_15_15,zenodo_14637589_00691,rebar,rebar,1
zenodo_14637589,random_stratified_70_15_15,zenodo_14637589_00698,rebar,rebar,1
zenodo_14637589,random_stratified_70_15_15,zenodo_14637589_00699,rebar,rebar,1
zenodo_14637589,random_stratified_70_15_15,zenodo_14637589_00708,rebar,rebar,1
zenodo_14637589,random_stratified_70_15_15,zenodo_14637589_00712,rebar,rebar,1
zenodo_14637589,random_stratified_70_15_15,zenodo_14637589_00715,rebar,rebar,1
zenodo_14637589,random_stratified_70_15_15,zenodo_14637589_00717,rebar,pipe,0
zenodo_14637589,random_stratified_70_15_15,zenodo_14637589_00740,rebar,rebar,1
zenodo_14637589,random_stratified_70_15_15,zenodo_14637589_00747,rebar,rebar,1
zenodo_14637589,random_stratified_70_15_15,zenodo_14637589_00761,rebar,rebar,1
zenodo_14637589,random_stratified_70_15_15,zenodo_14637589_00766,rebar,rebar,1
zenodo_14637589,random_stratified_70_15_15,zenodo_14637589_00776,tunnel,tunnel,1
zenodo_14637589,random_stratified_70_15_15,zenodo_14637589_00778,tunnel,tunnel,1
zenodo_14637589,random_stratified_70_15_15,zenodo_14637589_00796,tunnel,pipe,0
zenodo_14637589,random_stratified_70_15_15,zenodo_14637589_00812,tunnel,pipe,0
zenodo_14637589,random_stratified_70_15_15,zenodo_14637589_00829,tunnel,pipe,0
zenodo_14637589,random_stratified_70_15_15,zenodo_14637589_00832,tunnel,tunnel,1
zenodo_14637589,random_stratified_70_15_15,zenodo_14637589_00836,tunnel,tunnel,1
zenodo_14637589,random_stratified_70_15_15,zenodo_14637589_00846,tunnel,tunnel,1
zenodo_14637589,random_stratified_70_15_15,zenodo_14637589_00857,tunnel,tunnel,1
zenodo_14637589,random_stratified_70_15_15,zenodo_14637589_00858,tunnel,tunnel,1
zenodo_14637589,random_stratified_70_15_15,zenodo_14637589_00860,tunnel,tunnel,1
zenodo_14637589,random_stratified_70_15_15,zenodo_14637589_00872,tunnel,tunnel,1
zenodo_14637589,random_stratified_70_15_15,zenodo_14637589_00873,tunnel,tunnel,1
zenodo_14637589,random_stratified_70_15_15,zenodo_14637589_00878,tunnel,tunnel,1
zenodo_14637589,random_stratified_70_15_15,zenodo_14637589_00889,tunnel,tunnel,1
zenodo_14637589,random_stratified_70_15_15,zenodo_14637589_00890,tunnel,tunnel,1
zenodo_14637589,random_stratified_70_15_15,zenodo_14637589_00891,tunnel,tunnel,1
zenodo_14637589,random_stratified_70_15_15,zenodo_14637589_00898,tunnel,tunnel,1
zenodo_14637589,random_stratified_70_15_15,zenodo_14637589_00904,tunnel,tunnel,1
zenodo_14637589,random_stratified_70_15_15,zenodo_14637589_00905,tunnel,tunnel,1
zenodo_14637589,random_stratified_70_15_15,zenodo_14637589_00911,tunnel,tunnel,1
zenodo_14637589,random_stratified_70_15_15,zenodo_14637589_00912,tunnel,tunnel,1
zenodo_14637589,existing_fold_p2,zenodo_14637589_00000,pipe,pipe,1
zenodo_14637589,existing_fold_p2,zenodo_14637589_00001,pipe,pipe,1
zenodo_14637589,existing_fold_p2,zenodo_14637589_00002,pipe,pipe,1
zenodo_14637589,existing_fold_p2,zenodo_14637589_00003,pipe,pipe,1
zenodo_14637589,existing_fold_p2,zenodo_14637589_00004,pipe,pipe,1
zenodo_14637589,existing_fold_p2,zenodo_14637589_00005,pipe,pipe,1
zenodo_14637589,existing_fold_p2,zenodo_14637589_00006,pipe,pipe,1
zenodo_14637589,existing_fold_p2,zenodo_14637589_00007,pipe,pipe,1
zenodo_14637589,existing_fold_p2,zenodo_14637589_00046,pipe,tunnel,0
zenodo_14637589,existing_fold_p2,zenodo_14637589_00047,pipe,tunnel,0
zenodo_14637589,existing_fold_p2,zenodo_14637589_00048,pipe,tunnel,0
zenodo_14637589,existing_fold_p2,zenodo_14637589_00049,pipe,tunnel,0
zenodo_14637589,existing_fold_p2,zenodo_14637589_00050,pipe,tunnel,0
zenodo_14637589,existing_fold_p2,zenodo_14637589_00051,pipe,tunnel,0
zenodo_14637589,existing_fold_p2,zenodo_14637589_00052,pipe,tunnel,0
zenodo_14637589,existing_fold_p2,zenodo_14637589_00053,pipe,tunnel,0
zenodo_14637589,existing_fold_p2,zenodo_14637589_00069,pipe,pipe,1
zenodo_14637589,existing_fold_p2,zenodo_14637589_00070,pipe,pipe,1
zenodo_14637589,existing_fold_p2,zenodo_14637589_00071,pipe,tunnel,0
zenodo_14637589,existing_fold_p2,zenodo_14637589_00072,pipe,tunnel,0
zenodo_14637589,existing_fold_p2,zenodo_14637589_00073,pipe,pipe,1
zenodo_14637589,existing_fold_p2,zenodo_14637589_00083,pipe,pipe,1
zenodo_14637589,existing_fold_p2,zenodo_14637589_00084,pipe,tunnel,0
zenodo_14637589,existing_fold_p2,zenodo_14637589_00085,pipe,pipe,1
zenodo_14637589,existing_fold_p2,zenodo_14637589_00086,pipe,tunnel,0
zenodo_14637589,existing_fold_p2,zenodo_14637589_00087,pipe,pipe,1
zenodo_14637589,existing_fold_p2,zenodo_14637589_00088,pipe,pipe,1
zenodo_14637589,existing_fold_p2,zenodo_14637589_00089,pipe,pipe,1
zenodo_14637589,existing_fold_p2,zenodo_14637589_00090,pipe,pipe,1
zenodo_14637589,existing_fold_p2,zenodo_14637589_00091,pipe,pipe,1
zenodo_14637589,existing_fold_p2,zenodo_14637589_00092,pipe,pipe,1
zenodo_14637589,existing_fold_p2,zenodo_14637589_00093,pipe,pipe,1
zenodo_14637589,existing_fold_p2,zenodo_14637589_00094,pipe,tunnel,0
zenodo_14637589,existing_fold_p2,zenodo_14637589_00095,pipe,pipe,1
zenodo_14637589,existing_fold_p2,zenodo_14637589_00096,pipe,pipe,1
zenodo_14637589,existing_fold_p2,zenodo_14637589_00097,pipe,pipe,1
zenodo_14637589,existing_fold_p2,zenodo_14637589_00098,pipe,pipe,1
zenodo_14637589,existing_fold_p2,zenodo_14637589_00099,pipe,pipe,1
zenodo_14637589,existing_fold_p2,zenodo_14637589_00100,pipe,tunnel,0
zenodo_14637589,existing_fold_p2,zenodo_14637589_00101,pipe,pipe,1
zenodo_14637589,existing_fold_p2,zenodo_14637589_00102,pipe,pipe,1
zenodo_14637589,existing_fold_p2,zenodo_14637589_00103,pipe,pipe,1
zenodo_14637589,existing_fold_p2,zenodo_14637589_00104,pipe,pipe,1
zenodo_14637589,existing_fold_p2,zenodo_14637589_00105,pipe,pipe,1
zenodo_14637589,existing_fold_p2,zenodo_14637589_00106,pipe,pipe,1
zenodo_14637589,existing_fold_p2,zenodo_14637589_00107,pipe,pipe,1
zenodo_14637589,existing_fold_p2,zenodo_14637589_00108,pipe,pipe,1
zenodo_14637589,existing_fold_p2,zenodo_14637589_00487,pipe,pipe,1
zenodo_14637589,existing_fold_p2,zenodo_14637589_00488,pipe,pipe,1
zenodo_14637589,existing_fold_p2,zenodo_14637589_00489,pipe,pipe,1
zenodo_14637589,existing_fold_p2,zenodo_14637589_00490,pipe,pipe,1
zenodo_14637589,existing_fold_p2,zenodo_14637589_00491,pipe,pipe,1
zenodo_14637589,existing_fold_p2,zenodo_14637589_00492,pipe,pipe,1
zenodo_14637589,existing_fold_p2,zenodo_14637589_00493,pipe,pipe,1
zenodo_14637589,existing_fold_p2,zenodo_14637589_00494,pipe,pipe,1
zenodo_14637589,existing_fold_p2,zenodo_14637589_00495,pipe,pipe,1
zenodo_14637589,existing_fold_p2,zenodo_14637589_00496,pipe,pipe,1
zenodo_14637589,existing_fold_p2,zenodo_14637589_00497,pipe,pipe,1
zenodo_14637589,existing_fold_p2,zenodo_14637589_00498,pipe,pipe,1
zenodo_14637589,existing_fold_p2,zenodo_14637589_00499,pipe,pipe,1
zenodo_14637589,existing_fold_p2,zenodo_14637589_00500,pipe,pipe,1
zenodo_14637589,existing_fold_p2,zenodo_14637589_00501,pipe,pipe,1
zenodo_14637589,existing_fold_p2,zenodo_14637589_00502,pipe,pipe,1
zenodo_14637589,existing_fold_p2,zenodo_14637589_00503,pipe,pipe,1
zenodo_14637589,existing_fold_p2,zenodo_14637589_00504,pipe,pipe,1
zenodo_14637589,existing_fold_p2,zenodo_14637589_00505,pipe,pipe,1
zenodo_14637589,existing_fold_p2,zenodo_14637589_00506,pipe,pipe,1
zenodo_14637589,existing_fold_p2,zenodo_14637589_00507,pipe,pipe,1
zenodo_14637589,existing_fold_p2,zenodo_14637589_00508,pipe,pipe,1
zenodo_14637589,existing_fold_p2,zenodo_14637589_00509,pipe,pipe,1
zenodo_14637589,existing_fold_p2,zenodo_14637589_00510,pipe,pipe,1
zenodo_14637589,existing_fold_p2,zenodo_14637589_00511,pipe,pipe,1
zenodo_14637589,existing_fold_p2,zenodo_14637589_00512,pipe,pipe,1
zenodo_14637589,existing_fold_p2,zenodo_14637589_00513,pipe,pipe,1
zenodo_14637589,existing_fold_p2,zenodo_14637589_00514,pipe,pipe,1
zenodo_14637589,existing_fold_p2,zenodo_14637589_00515,pipe,pipe,1
zenodo_14637589,existing_fold_p2,zenodo_14637589_00516,pipe,pipe,1
zenodo_14637589,existing_fold_p2,zenodo_14637589_00517,pipe,pipe,1
zenodo_14637589,existing_fold_p2,zenodo_14637589_00518,pipe,pipe,1
zenodo_14637589,existing_fold_p2,zenodo_14637589_00519,pipe,tunnel,0
zenodo_14637589,existing_fold_p2,zenodo_14637589_00520,pipe,pipe,1
zenodo_14637589,existing_fold_p2,zenodo_14637589_00521,pipe,pipe,1
zenodo_14637589,existing_fold_p2,zenodo_14637589_00522,pipe,pipe,1
zenodo_14637589,existing_fold_p2,zenodo_14637589_00523,pipe,pipe,1
zenodo_14637589,existing_fold_p2,zenodo_14637589_00524,pipe,pipe,1
zenodo_14637589,existing_fold_p2,zenodo_14637589_00525,pipe,pipe,1
zenodo_14637589,existing_fold_p2,zenodo_14637589_00526,pipe,pipe,1
zenodo_14637589,existing_fold_p2,zenodo_14637589_00527,pipe,pipe,1
zenodo_14637589,existing_fold_p2,zenodo_14637589_00528,pipe,pipe,1
zenodo_14637589,existing_fold_p2,zenodo_14637589_00529,pipe,pipe,1
zenodo_14637589,existing_fold_p2,zenodo_14637589_00530,pipe,tunnel,0
zenodo_14637589,existing_fold_p2,zenodo_14637589_00531,pipe,tunnel,0
zenodo_14637589,existing_fold_p2,zenodo_14637589_00532,pipe,tunnel,0
zenodo_14637589,existing_fold_p2,zenodo_14637589_00533,pipe,tunnel,0
zenodo_14637589,existing_fold_p2,zenodo_14637589_00534,pipe,pipe,1
zenodo_14637589,existing_fold_p2,zenodo_14637589_00535,pipe,pipe,1
zenodo_14637589,existing_fold_p2,zenodo_14637589_00536,pipe,pipe,1
zenodo_14637589,existing_fold_p2,zenodo_14637589_00537,pipe,pipe,1
zenodo_14637589,existing_fold_p2,zenodo_14637589_00538,pipe,pipe,1
zenodo_14637589,existing_fold_p2,zenodo_14637589_00539,pipe,pipe,1
zenodo_14637589,existing_fold_p2,zenodo_14637589_00540,pipe,pipe,1
zenodo_14637589,existing_fold_p2,zenodo_14637589_00541,pipe,pipe,1
zenodo_14637589,existing_fold_p2,zenodo_14637589_00542,pipe,pipe,1
zenodo_14637589,existing_fold_p2,zenodo_14637589_00543,pipe,pipe,1
zenodo_14637589,existing_fold_p2,zenodo_14637589_00544,pipe,pipe,1
zenodo_14637589,existing_fold_p2,zenodo_14637589_00545,pipe,pipe,1
zenodo_14637589,existing_fold_p2,zenodo_14637589_00546,pipe,pipe,1
zenodo_14637589,existing_fold_p2,zenodo_14637589_00547,pipe,pipe,1
zenodo_14637589,existing_fold_p2,zenodo_14637589_00548,pipe,pipe,1
zenodo_14637589,existing_fold_p2,zenodo_14637589_00549,pipe,pipe,1
zenodo_14637589,existing_fold_p2,zenodo_14637589_00550,pipe,pipe,1
zenodo_14637589,existing_fold_p2,zenodo_14637589_00551,pipe,pipe,1
zenodo_14637589,existing_fold_p2,zenodo_14637589_00552,pipe,pipe,1
zenodo_14637589,existing_fold_p2,zenodo_14637589_00688,rebar,rebar,1
zenodo_14637589,existing_fold_p2,zenodo_14637589_00689,rebar,rebar,1
zenodo_14637589,existing_fold_p2,zenodo_14637589_00690,rebar,rebar,1
zenodo_14637589,existing_fold_p2,zenodo_14637589_00691,rebar,rebar,1
zenodo_14637589,existing_fold_p2,zenodo_14637589_00692,rebar,rebar,1
zenodo_14637589,existing_fold_p2,zenodo_14637589_00693,rebar,rebar,1
zenodo_14637589,existing_fold_p2,zenodo_14637589_00694,rebar,rebar,1
zenodo_14637589,existing_fold_p2,zenodo_14637589_00695,rebar,rebar,1
zenodo_14637589,existing_fold_p2,zenodo_14637589_00696,rebar,rebar,1
zenodo_14637589,existing_fold_p2,zenodo_14637589_00697,rebar,rebar,1
zenodo_14637589,existing_fold_p2,zenodo_14637589_00698,rebar,rebar,1
zenodo_14637589,existing_fold_p2,zenodo_14637589_00699,rebar,rebar,1
zenodo_14637589,existing_fold_p2,zenodo_14637589_00700,rebar,rebar,1
zenodo_14637589,existing_fold_p2,zenodo_14637589_00701,rebar,rebar,1
zenodo_14637589,existing_fold_p2,zenodo_14637589_00702,rebar,rebar,1
zenodo_14637589,existing_fold_p2,zenodo_14637589_00703,rebar,rebar,1
zenodo_14637589,existing_fold_p2,zenodo_14637589_00704,rebar,rebar,1
zenodo_14637589,existing_fold_p2,zenodo_14637589_00705,rebar,rebar,1
zenodo_14637589,existing_fold_p2,zenodo_14637589_00706,rebar,rebar,1
zenodo_14637589,existing_fold_p2,zenodo_14637589_00707,rebar,rebar,1
zenodo_14637589,existing_fold_p2,zenodo_14637589_00708,rebar,rebar,1
zenodo_14637589,existing_fold_p2,zenodo_14637589_00742,rebar,rebar,1
zenodo_14637589,existing_fold_p2,zenodo_14637589_00743,rebar,rebar,1
zenodo_14637589,existing_fold_p2,zenodo_14637589_00744,rebar,rebar,1
zenodo_14637589,existing_fold_p2,zenodo_14637589_00745,rebar,rebar,1
zenodo_14637589,existing_fold_p2,zenodo_14637589_00746,rebar,rebar,1
zenodo_14637589,existing_fold_p2,zenodo_14637589_00747,rebar,rebar,1
zenodo_14637589,existing_fold_p2,zenodo_14637589_00748,rebar,rebar,1
zenodo_14637589,existing_fold_p2,zenodo_14637589_00749,rebar,rebar,1
zenodo_14637589,existing_fold_p2,zenodo_14637589_00750,rebar,rebar,1
zenodo_14637589,existing_fold_p2,zenodo_14637589_00751,rebar,rebar,1
zenodo_14637589,existing_fold_p2,zenodo_14637589_00752,rebar,rebar,1
zenodo_14637589,existing_fold_p2,zenodo_14637589_00753,rebar,rebar,1
zenodo_14637589,existing_fold_p2,zenodo_14637589_00754,rebar,rebar,1
zenodo_14637589,existing_fold_p2,zenodo_14637589_00755,rebar,rebar,1
zenodo_14637589,existing_fold_p2,zenodo_14637589_00756,rebar,rebar,1
zenodo_14637589,existing_fold_p2,zenodo_14637589_00757,rebar,rebar,1
zenodo_14637589,existing_fold_p2,zenodo_14637589_00758,rebar,rebar,1
zenodo_14637589,existing_fold_p2,zenodo_14637589_00759,rebar,rebar,1
zenodo_14637589,existing_fold_p2,zenodo_14637589_00760,rebar,rebar,1
zenodo_14637589,existing_fold_p2,zenodo_14637589_00761,rebar,rebar,1
zenodo_14637589,existing_fold_p2,zenodo_14637589_00762,rebar,rebar,1
zenodo_14637589,existing_fold_p2,zenodo_14637589_00763,rebar,rebar,1
zenodo_14637589,existing_fold_p2,zenodo_14637589_00764,rebar,rebar,1
zenodo_14637589,existing_fold_p2,zenodo_14637589_00765,rebar,rebar,1
zenodo_14637589,existing_fold_p2,zenodo_14637589_00766,rebar,rebar,1
zenodo_14637589,existing_fold_p2,zenodo_14637589_00767,rebar,rebar,1
zenodo_14637589,existing_fold_p2,zenodo_14637589_00768,rebar,pipe,0
zenodo_14637589,existing_fold_p2,zenodo_14637589_00769,rebar,pipe,0
zenodo_14637589,existing_fold_p2,zenodo_14637589_00818,tunnel,tunnel,1
zenodo_14637589,existing_fold_p2,zenodo_14637589_00819,tunnel,pipe,0
zenodo_14637589,existing_fold_p2,zenodo_14637589_00820,tunnel,pipe,0
zenodo_14637589,existing_fold_p2,zenodo_14637589_00821,tunnel,pipe,0
zenodo_14637589,existing_fold_p2,zenodo_14637589_00822,tunnel,tunnel,1
zenodo_14637589,existing_fold_p2,zenodo_14637589_00823,tunnel,tunnel,1
zenodo_14637589,existing_fold_p2,zenodo_14637589_00824,tunnel,pipe,0
zenodo_14637589,existing_fold_p2,zenodo_14637589_00825,tunnel,tunnel,1
zenodo_14637589,existing_fold_p2,zenodo_14637589_00826,tunnel,tunnel,1
zenodo_14637589,existing_fold_p2,zenodo_14637589_00827,tunnel,pipe,0
zenodo_14637589,existing_fold_p2,zenodo_14637589_00828,tunnel,tunnel,1
zenodo_14637589,existing_fold_p2,zenodo_14637589_00829,tunnel,pipe,0
zenodo_14637589,existing_fold_p2,zenodo_14637589_00830,tunnel,tunnel,1
zenodo_14637589,existing_fold_p2,zenodo_14637589_00831,tunnel,pipe,0
zenodo_14637589,existing_fold_p2,zenodo_14637589_00832,tunnel,tunnel,1
zenodo_14637589,existing_fold_p2,zenodo_14637589_00833,tunnel,tunnel,1
zenodo_14637589,existing_fold_p2,zenodo_14637589_00834,tunnel,tunnel,1
zenodo_14637589,existing_fold_p2,zenodo_14637589_00835,tunnel,tunnel,1
zenodo_14637589,existing_fold_p2,zenodo_14637589_00836,tunnel,tunnel,1
zenodo_14637589,existing_fold_p2,zenodo_14637589_00837,tunnel,tunnel,1
zenodo_14637589,existing_fold_p2,zenodo_14637589_00838,tunnel,tunnel,1
zenodo_14637589,existing_fold_p2,zenodo_14637589_00839,tunnel,tunnel,1
zenodo_14637589,existing_fold_p2,zenodo_14637589_00840,tunnel,tunnel,1
zenodo_14637589,existing_fold_p2,zenodo_14637589_00841,tunnel,tunnel,1
zenodo_14637589,existing_fold_p2,zenodo_14637589_00842,tunnel,tunnel,1
zenodo_14637589,existing_fold_p2,zenodo_14637589_00843,tunnel,tunnel,1
zenodo_14637589,existing_fold_p2,zenodo_14637589_00844,tunnel,tunnel,1
zenodo_14637589,existing_fold_p2,zenodo_14637589_00845,tunnel,tunnel,1
zenodo_14637589,existing_fold_p2,zenodo_14637589_00846,tunnel,tunnel,1
zenodo_14637589,existing_fold_p2,zenodo_14637589_00847,tunnel,tunnel,1
zenodo_14637589,existing_fold_p2,zenodo_14637589_00848,tunnel,tunnel,1
zenodo_14637589,existing_fold_p2,zenodo_14637589_00849,tunnel,tunnel,1
zenodo_14637589,existing_fold_p2,zenodo_14637589_00850,tunnel,tunnel,1
zenodo_14637589,existing_fold_p2,zenodo_14637589_00851,tunnel,tunnel,1
zenodo_14637589,existing_fold_p2,zenodo_14637589_00852,tunnel,tunnel,1
zenodo_14637589,existing_fold_p2,zenodo_14637589_00853,tunnel,tunnel,1
zenodo_14637589,existing_fold_p2,zenodo_14637589_00854,tunnel,tunnel,1
zenodo_14637589,existing_fold_p2,zenodo_14637589_00855,tunnel,tunnel,1
zenodo_14637589,existing_fold_p2,zenodo_14637589_00856,tunnel,tunnel,1
zenodo_14637589,existing_fold_p2,zenodo_14637589_00857,tunnel,tunnel,1
zenodo_14637589,existing_fold_p2,zenodo_14637589_00858,tunnel,tunnel,1
zenodo_14637589,existing_fold_p2,zenodo_14637589_00859,tunnel,tunnel,1
zenodo_14637589,existing_fold_p2,zenodo_14637589_00860,tunnel,tunnel,1
zenodo_14637589,existing_fold_p2,zenodo_14637589_00861,tunnel,tunnel,1
zenodo_14637589,existing_fold_p2,zenodo_14637589_00862,tunnel,pipe,0
zenodo_14637589,existing_fold_p2,zenodo_14637589_00863,tunnel,tunnel,1
zenodo_14637589,existing_fold_p2,zenodo_14637589_00864,tunnel,pipe,0
zenodo_14637589,existing_fold_p2,zenodo_14637589_00865,tunnel,tunnel,1
zenodo_14637589,source_group_holdout_70_15_15,zenodo_14637589_00000,pipe,pipe,1
zenodo_14637589,source_group_holdout_70_15_15,zenodo_14637589_00001,pipe,pipe,1
zenodo_14637589,source_group_holdout_70_15_15,zenodo_14637589_00002,pipe,pipe,1
zenodo_14637589,source_group_holdout_70_15_15,zenodo_14637589_00003,pipe,pipe,1
zenodo_14637589,source_group_holdout_70_15_15,zenodo_14637589_00004,pipe,pipe,1
zenodo_14637589,source_group_holdout_70_15_15,zenodo_14637589_00005,pipe,pipe,1
zenodo_14637589,source_group_holdout_70_15_15,zenodo_14637589_00006,pipe,pipe,1
zenodo_14637589,source_group_holdout_70_15_15,zenodo_14637589_00007,pipe,pipe,1
zenodo_14637589,source_group_holdout_70_15_15,zenodo_14637589_00046,pipe,tunnel,0
zenodo_14637589,source_group_holdout_70_15_15,zenodo_14637589_00047,pipe,tunnel,0
zenodo_14637589,source_group_holdout_70_15_15,zenodo_14637589_00048,pipe,tunnel,0
zenodo_14637589,source_group_holdout_70_15_15,zenodo_14637589_00049,pipe,tunnel,0
zenodo_14637589,source_group_holdout_70_15_15,zenodo_14637589_00050,pipe,tunnel,0
zenodo_14637589,source_group_holdout_70_15_15,zenodo_14637589_00051,pipe,tunnel,0
zenodo_14637589,source_group_holdout_70_15_15,zenodo_14637589_00052,pipe,tunnel,0
zenodo_14637589,source_group_holdout_70_15_15,zenodo_14637589_00053,pipe,tunnel,0
zenodo_14637589,source_group_holdout_70_15_15,zenodo_14637589_00069,pipe,pipe,1
zenodo_14637589,source_group_holdout_70_15_15,zenodo_14637589_00070,pipe,pipe,1
zenodo_14637589,source_group_holdout_70_15_15,zenodo_14637589_00071,pipe,tunnel,0
zenodo_14637589,source_group_holdout_70_15_15,zenodo_14637589_00072,pipe,tunnel,0
zenodo_14637589,source_group_holdout_70_15_15,zenodo_14637589_00073,pipe,pipe,1
zenodo_14637589,source_group_holdout_70_15_15,zenodo_14637589_00083,pipe,tunnel,0
zenodo_14637589,source_group_holdout_70_15_15,zenodo_14637589_00084,pipe,tunnel,0
zenodo_14637589,source_group_holdout_70_15_15,zenodo_14637589_00085,pipe,tunnel,0
zenodo_14637589,source_group_holdout_70_15_15,zenodo_14637589_00086,pipe,tunnel,0
zenodo_14637589,source_group_holdout_70_15_15,zenodo_14637589_00087,pipe,pipe,1
zenodo_14637589,source_group_holdout_70_15_15,zenodo_14637589_00088,pipe,pipe,1
zenodo_14637589,source_group_holdout_70_15_15,zenodo_14637589_00089,pipe,pipe,1
zenodo_14637589,source_group_holdout_70_15_15,zenodo_14637589_00090,pipe,pipe,1
zenodo_14637589,source_group_holdout_70_15_15,zenodo_14637589_00091,pipe,pipe,1
zenodo_14637589,source_group_holdout_70_15_15,zenodo_14637589_00092,pipe,pipe,1
zenodo_14637589,source_group_holdout_70_15_15,zenodo_14637589_00093,pipe,pipe,1
zenodo_14637589,source_group_holdout_70_15_15,zenodo_14637589_00094,pipe,tunnel,0
zenodo_14637589,source_group_holdout_70_15_15,zenodo_14637589_00095,pipe,tunnel,0
zenodo_14637589,source_group_holdout_70_15_15,zenodo_14637589_00096,pipe,tunnel,0
zenodo_14637589,source_group_holdout_70_15_15,zenodo_14637589_00097,pipe,tunnel,0
zenodo_14637589,source_group_holdout_70_15_15,zenodo_14637589_00098,pipe,tunnel,0
zenodo_14637589,source_group_holdout_70_15_15,zenodo_14637589_00099,pipe,tunnel,0
zenodo_14637589,source_group_holdout_70_15_15,zenodo_14637589_00100,pipe,tunnel,0
zenodo_14637589,source_group_holdout_70_15_15,zenodo_14637589_00101,pipe,tunnel,0
zenodo_14637589,source_group_holdout_70_15_15,zenodo_14637589_00102,pipe,tunnel,0
zenodo_14637589,source_group_holdout_70_15_15,zenodo_14637589_00103,pipe,tunnel,0
zenodo_14637589,source_group_holdout_70_15_15,zenodo_14637589_00104,pipe,pipe,1
zenodo_14637589,source_group_holdout_70_15_15,zenodo_14637589_00105,pipe,pipe,1
zenodo_14637589,source_group_holdout_70_15_15,zenodo_14637589_00106,pipe,pipe,1
zenodo_14637589,source_group_holdout_70_15_15,zenodo_14637589_00107,pipe,pipe,1
zenodo_14637589,source_group_holdout_70_15_15,zenodo_14637589_00108,pipe,tunnel,0
zenodo_14637589,source_group_holdout_70_15_15,zenodo_14637589_00487,pipe,pipe,1
zenodo_14637589,source_group_holdout_70_15_15,zenodo_14637589_00488,pipe,pipe,1
zenodo_14637589,source_group_holdout_70_15_15,zenodo_14637589_00489,pipe,pipe,1
zenodo_14637589,source_group_holdout_70_15_15,zenodo_14637589_00490,pipe,pipe,1
zenodo_14637589,source_group_holdout_70_15_15,zenodo_14637589_00491,pipe,pipe,1
zenodo_14637589,source_group_holdout_70_15_15,zenodo_14637589_00492,pipe,pipe,1
zenodo_14637589,source_group_holdout_70_15_15,zenodo_14637589_00493,pipe,pipe,1
zenodo_14637589,source_group_holdout_70_15_15,zenodo_14637589_00494,pipe,pipe,1
zenodo_14637589,source_group_holdout_70_15_15,zenodo_14637589_00495,pipe,pipe,1
zenodo_14637589,source_group_holdout_70_15_15,zenodo_14637589_00496,pipe,pipe,1
zenodo_14637589,source_group_holdout_70_15_15,zenodo_14637589_00497,pipe,pipe,1
zenodo_14637589,source_group_holdout_70_15_15,zenodo_14637589_00498,pipe,pipe,1
zenodo_14637589,source_group_holdout_70_15_15,zenodo_14637589_00499,pipe,pipe,1
zenodo_14637589,source_group_holdout_70_15_15,zenodo_14637589_00500,pipe,pipe,1
zenodo_14637589,source_group_holdout_70_15_15,zenodo_14637589_00501,pipe,pipe,1
zenodo_14637589,source_group_holdout_70_15_15,zenodo_14637589_00502,pipe,pipe,1
zenodo_14637589,source_group_holdout_70_15_15,zenodo_14637589_00503,pipe,pipe,1
zenodo_14637589,source_group_holdout_70_15_15,zenodo_14637589_00504,pipe,pipe,1
zenodo_14637589,source_group_holdout_70_15_15,zenodo_14637589_00505,pipe,pipe,1
zenodo_14637589,source_group_holdout_70_15_15,zenodo_14637589_00506,pipe,pipe,1
zenodo_14637589,source_group_holdout_70_15_15,zenodo_14637589_00507,pipe,pipe,1
zenodo_14637589,source_group_holdout_70_15_15,zenodo_14637589_00508,pipe,pipe,1
zenodo_14637589,source_group_holdout_70_15_15,zenodo_14637589_00509,pipe,pipe,1
zenodo_14637589,source_group_holdout_70_15_15,zenodo_14637589_00510,pipe,pipe,1
zenodo_14637589,source_group_holdout_70_15_15,zenodo_14637589_00511,pipe,pipe,1
zenodo_14637589,source_group_holdout_70_15_15,zenodo_14637589_00512,pipe,pipe,1
zenodo_14637589,source_group_holdout_70_15_15,zenodo_14637589_00513,pipe,pipe,1
zenodo_14637589,source_group_holdout_70_15_15,zenodo_14637589_00514,pipe,pipe,1
zenodo_14637589,source_group_holdout_70_15_15,zenodo_14637589_00515,pipe,pipe,1
zenodo_14637589,source_group_holdout_70_15_15,zenodo_14637589_00516,pipe,pipe,1
zenodo_14637589,source_group_holdout_70_15_15,zenodo_14637589_00517,pipe,pipe,1
zenodo_14637589,source_group_holdout_70_15_15,zenodo_14637589_00518,pipe,pipe,1
zenodo_14637589,source_group_holdout_70_15_15,zenodo_14637589_00519,pipe,tunnel,0
zenodo_14637589,source_group_holdout_70_15_15,zenodo_14637589_00520,pipe,pipe,1
zenodo_14637589,source_group_holdout_70_15_15,zenodo_14637589_00521,pipe,pipe,1
zenodo_14637589,source_group_holdout_70_15_15,zenodo_14637589_00522,pipe,pipe,1
zenodo_14637589,source_group_holdout_70_15_15,zenodo_14637589_00523,pipe,pipe,1
zenodo_14637589,source_group_holdout_70_15_15,zenodo_14637589_00524,pipe,pipe,1
zenodo_14637589,source_group_holdout_70_15_15,zenodo_14637589_00525,pipe,pipe,1
zenodo_14637589,source_group_holdout_70_15_15,zenodo_14637589_00526,pipe,pipe,1
zenodo_14637589,source_group_holdout_70_15_15,zenodo_14637589_00527,pipe,pipe,1
zenodo_14637589,source_group_holdout_70_15_15,zenodo_14637589_00528,pipe,pipe,1
zenodo_14637589,source_group_holdout_70_15_15,zenodo_14637589_00529,pipe,tunnel,0
zenodo_14637589,source_group_holdout_70_15_15,zenodo_14637589_00530,pipe,tunnel,0
zenodo_14637589,source_group_holdout_70_15_15,zenodo_14637589_00531,pipe,tunnel,0
zenodo_14637589,source_group_holdout_70_15_15,zenodo_14637589_00532,pipe,tunnel,0
zenodo_14637589,source_group_holdout_70_15_15,zenodo_14637589_00533,pipe,tunnel,0
zenodo_14637589,source_group_holdout_70_15_15,zenodo_14637589_00534,pipe,pipe,1
zenodo_14637589,source_group_holdout_70_15_15,zenodo_14637589_00535,pipe,tunnel,0
zenodo_14637589,source_group_holdout_70_15_15,zenodo_14637589_00536,pipe,pipe,1
zenodo_14637589,source_group_holdout_70_15_15,zenodo_14637589_00537,pipe,pipe,1
zenodo_14637589,source_group_holdout_70_15_15,zenodo_14637589_00538,pipe,pipe,1
zenodo_14637589,source_group_holdout_70_15_15,zenodo_14637589_00539,pipe,pipe,1
zenodo_14637589,source_group_holdout_70_15_15,zenodo_14637589_00540,pipe,pipe,1
zenodo_14637589,source_group_holdout_70_15_15,zenodo_14637589_00541,pipe,pipe,1
zenodo_14637589,source_group_holdout_70_15_15,zenodo_14637589_00542,pipe,pipe,1
zenodo_14637589,source_group_holdout_70_15_15,zenodo_14637589_00543,pipe,pipe,1
zenodo_14637589,source_group_holdout_70_15_15,zenodo_14637589_00544,pipe,pipe,1
zenodo_14637589,source_group_holdout_70_15_15,zenodo_14637589_00545,pipe,pipe,1
zenodo_14637589,source_group_holdout_70_15_15,zenodo_14637589_00546,pipe,pipe,1
zenodo_14637589,source_group_holdout_70_15_15,zenodo_14637589_00547,pipe,pipe,1
zenodo_14637589,source_group_holdout_70_15_15,zenodo_14637589_00548,pipe,pipe,1
zenodo_14637589,source_group_holdout_70_15_15,zenodo_14637589_00549,pipe,pipe,1
zenodo_14637589,source_group_holdout_70_15_15,zenodo_14637589_00550,pipe,pipe,1
zenodo_14637589,source_group_holdout_70_15_15,zenodo_14637589_00551,pipe,pipe,1
zenodo_14637589,source_group_holdout_70_15_15,zenodo_14637589_00552,pipe,pipe,1
zenodo_14637589,source_group_holdout_70_15_15,zenodo_14637589_00688,rebar,rebar,1
zenodo_14637589,source_group_holdout_70_15_15,zenodo_14637589_00689,rebar,rebar,1
zenodo_14637589,source_group_holdout_70_15_15,zenodo_14637589_00690,rebar,rebar,1
zenodo_14637589,source_group_holdout_70_15_15,zenodo_14637589_00691,rebar,rebar,1
zenodo_14637589,source_group_holdout_70_15_15,zenodo_14637589_00692,rebar,rebar,1
zenodo_14637589,source_group_holdout_70_15_15,zenodo_14637589_00693,rebar,rebar,1
zenodo_14637589,source_group_holdout_70_15_15,zenodo_14637589_00694,rebar,rebar,1
zenodo_14637589,source_group_holdout_70_15_15,zenodo_14637589_00695,rebar,rebar,1
zenodo_14637589,source_group_holdout_70_15_15,zenodo_14637589_00696,rebar,rebar,1
zenodo_14637589,source_group_holdout_70_15_15,zenodo_14637589_00697,rebar,rebar,1
zenodo_14637589,source_group_holdout_70_15_15,zenodo_14637589_00698,rebar,rebar,1
zenodo_14637589,source_group_holdout_70_15_15,zenodo_14637589_00699,rebar,rebar,1
zenodo_14637589,source_group_holdout_70_15_15,zenodo_14637589_00700,rebar,rebar,1
zenodo_14637589,source_group_holdout_70_15_15,zenodo_14637589_00701,rebar,rebar,1
zenodo_14637589,source_group_holdout_70_15_15,zenodo_14637589_00702,rebar,rebar,1
zenodo_14637589,source_group_holdout_70_15_15,zenodo_14637589_00703,rebar,rebar,1
zenodo_14637589,source_group_holdout_70_15_15,zenodo_14637589_00704,rebar,rebar,1
zenodo_14637589,source_group_holdout_70_15_15,zenodo_14637589_00705,rebar,rebar,1
zenodo_14637589,source_group_holdout_70_15_15,zenodo_14637589_00706,rebar,rebar,1
zenodo_14637589,source_group_holdout_70_15_15,zenodo_14637589_00707,rebar,rebar,1
zenodo_14637589,source_group_holdout_70_15_15,zenodo_14637589_00708,rebar,rebar,1
zenodo_14637589,source_group_holdout_70_15_15,zenodo_14637589_00742,rebar,rebar,1
zenodo_14637589,source_group_holdout_70_15_15,zenodo_14637589_00743,rebar,rebar,1
zenodo_14637589,source_group_holdout_70_15_15,zenodo_14637589_00744,rebar,rebar,1
zenodo_14637589,source_group_holdout_70_15_15,zenodo_14637589_00745,rebar,rebar,1
zenodo_14637589,source_group_holdout_70_15_15,zenodo_14637589_00746,rebar,rebar,1
zenodo_14637589,source_group_holdout_70_15_15,zenodo_14637589_00747,rebar,rebar,1
zenodo_14637589,source_group_holdout_70_15_15,zenodo_14637589_00748,rebar,rebar,1
zenodo_14637589,source_group_holdout_70_15_15,zenodo_14637589_00749,rebar,rebar,1
zenodo_14637589,source_group_holdout_70_15_15,zenodo_14637589_00750,rebar,rebar,1
zenodo_14637589,source_group_holdout_70_15_15,zenodo_14637589_00751,rebar,rebar,1
zenodo_14637589,source_group_holdout_70_15_15,zenodo_14637589_00752,rebar,rebar,1
zenodo_14637589,source_group_holdout_70_15_15,zenodo_14637589_00753,rebar,rebar,1
zenodo_14637589,source_group_holdout_70_15_15,zenodo_14637589_00754,rebar,rebar,1
zenodo_14637589,source_group_holdout_70_15_15,zenodo_14637589_00755,rebar,rebar,1
zenodo_14637589,source_group_holdout_70_15_15,zenodo_14637589_00756,rebar,rebar,1
zenodo_14637589,source_group_holdout_70_15_15,zenodo_14637589_00757,rebar,rebar,1
zenodo_14637589,source_group_holdout_70_15_15,zenodo_14637589_00758,rebar,rebar,1
zenodo_14637589,source_group_holdout_70_15_15,zenodo_14637589_00759,rebar,rebar,1
zenodo_14637589,source_group_holdout_70_15_15,zenodo_14637589_00760,rebar,rebar,1
zenodo_14637589,source_group_holdout_70_15_15,zenodo_14637589_00761,rebar,rebar,1
zenodo_14637589,source_group_holdout_70_15_15,zenodo_14637589_00762,rebar,rebar,1
zenodo_14637589,source_group_holdout_70_15_15,zenodo_14637589_00763,rebar,rebar,1
zenodo_14637589,source_group_holdout_70_15_15,zenodo_14637589_00764,rebar,rebar,1
zenodo_14637589,source_group_holdout_70_15_15,zenodo_14637589_00765,rebar,rebar,1
zenodo_14637589,source_group_holdout_70_15_15,zenodo_14637589_00766,rebar,rebar,1
zenodo_14637589,source_group_holdout_70_15_15,zenodo_14637589_00767,rebar,rebar,1
zenodo_14637589,source_group_holdout_70_15_15,zenodo_14637589_00768,rebar,pipe,0
zenodo_14637589,source_group_holdout_70_15_15,zenodo_14637589_00769,rebar,pipe,0
zenodo_14637589,source_group_holdout_70_15_15,zenodo_14637589_00818,tunnel,tunnel,1
zenodo_14637589,source_group_holdout_70_15_15,zenodo_14637589_00819,tunnel,pipe,0
zenodo_14637589,source_group_holdout_70_15_15,zenodo_14637589_00820,tunnel,tunnel,1
zenodo_14637589,source_group_holdout_70_15_15,zenodo_14637589_00821,tunnel,pipe,0
zenodo_14637589,source_group_holdout_70_15_15,zenodo_14637589_00822,tunnel,tunnel,1
zenodo_14637589,source_group_holdout_70_15_15,zenodo_14637589_00823,tunnel,tunnel,1
zenodo_14637589,source_group_holdout_70_15_15,zenodo_14637589_00824,tunnel,tunnel,1
zenodo_14637589,source_group_holdout_70_15_15,zenodo_14637589_00825,tunnel,tunnel,1
zenodo_14637589,source_group_holdout_70_15_15,zenodo_14637589_00826,tunnel,tunnel,1
zenodo_14637589,source_group_holdout_70_15_15,zenodo_14637589_00827,tunnel,pipe,0
zenodo_14637589,source_group_holdout_70_15_15,zenodo_14637589_00828,tunnel,tunnel,1
zenodo_14637589,source_group_holdout_70_15_15,zenodo_14637589_00829,tunnel,pipe,0
zenodo_14637589,source_group_holdout_70_15_15,zenodo_14637589_00830,tunnel,tunnel,1
zenodo_14637589,source_group_holdout_70_15_15,zenodo_14637589_00831,tunnel,pipe,0
zenodo_14637589,source_group_holdout_70_15_15,zenodo_14637589_00832,tunnel,tunnel,1
zenodo_14637589,source_group_holdout_70_15_15,zenodo_14637589_00833,tunnel,tunnel,1
zenodo_14637589,source_group_holdout_70_15_15,zenodo_14637589_00834,tunnel,tunnel,1
zenodo_14637589,source_group_holdout_70_15_15,zenodo_14637589_00835,tunnel,tunnel,1
zenodo_14637589,source_group_holdout_70_15_15,zenodo_14637589_00836,tunnel,tunnel,1
zenodo_14637589,source_group_holdout_70_15_15,zenodo_14637589_00837,tunnel,tunnel,1
zenodo_14637589,source_group_holdout_70_15_15,zenodo_14637589_00838,tunnel,tunnel,1
zenodo_14637589,source_group_holdout_70_15_15,zenodo_14637589_00839,tunnel,tunnel,1
zenodo_14637589,source_group_holdout_70_15_15,zenodo_14637589_00840,tunnel,tunnel,1
zenodo_14637589,source_group_holdout_70_15_15,zenodo_14637589_00841,tunnel,tunnel,1
zenodo_14637589,source_group_holdout_70_15_15,zenodo_14637589_00842,tunnel,tunnel,1
zenodo_14637589,source_group_holdout_70_15_15,zenodo_14637589_00843,tunnel,tunnel,1
zenodo_14637589,source_group_holdout_70_15_15,zenodo_14637589_00844,tunnel,tunnel,1
zenodo_14637589,source_group_holdout_70_15_15,zenodo_14637589_00845,tunnel,tunnel,1
zenodo_14637589,source_group_holdout_70_15_15,zenodo_14637589_00846,tunnel,tunnel,1
zenodo_14637589,source_group_holdout_70_15_15,zenodo_14637589_00847,tunnel,tunnel,1
zenodo_14637589,source_group_holdout_70_15_15,zenodo_14637589_00848,tunnel,tunnel,1
zenodo_14637589,source_group_holdout_70_15_15,zenodo_14637589_00849,tunnel,tunnel,1
zenodo_14637589,source_group_holdout_70_15_15,zenodo_14637589_00850,tunnel,tunnel,1
zenodo_14637589,source_group_holdout_70_15_15,zenodo_14637589_00851,tunnel,tunnel,1
zenodo_14637589,source_group_holdout_70_15_15,zenodo_14637589_00852,tunnel,tunnel,1
zenodo_14637589,source_group_holdout_70_15_15,zenodo_14637589_00853,tunnel,tunnel,1
zenodo_14637589,source_group_holdout_70_15_15,zenodo_14637589_00854,tunnel,tunnel,1
zenodo_14637589,source_group_holdout_70_15_15,zenodo_14637589_00855,tunnel,tunnel,1
zenodo_14637589,source_group_holdout_70_15_15,zenodo_14637589_00856,tunnel,tunnel,1
zenodo_14637589,source_group_holdout_70_15_15,zenodo_14637589_00857,tunnel,tunnel,1
zenodo_14637589,source_group_holdout_70_15_15,zenodo_14637589_00858,tunnel,tunnel,1
zenodo_14637589,source_group_holdout_70_15_15,zenodo_14637589_00859,tunnel,tunnel,1
zenodo_14637589,source_group_holdout_70_15_15,zenodo_14637589_00860,tunnel,tunnel,1
zenodo_14637589,source_group_holdout_70_15_15,zenodo_14637589_00861,tunnel,tunnel,1
zenodo_14637589,source_group_holdout_70_15_15,zenodo_14637589_00862,tunnel,pipe,0
zenodo_14637589,source_group_holdout_70_15_15,zenodo_14637589_00863,tunnel,tunnel,1
zenodo_14637589,source_group_holdout_70_15_15,zenodo_14637589_00864,tunnel,pipe,0
zenodo_14637589,source_group_holdout_70_15_15,zenodo_14637589_00865,tunnel,tunnel,1
zenodo_14637589,provenance_size_holdout_p4,zenodo_14637589_00112,pipe,pipe,1
zenodo_14637589,provenance_size_holdout_p4,zenodo_14637589_00113,pipe,pipe,1
zenodo_14637589,provenance_size_holdout_p4,zenodo_14637589_00114,pipe,pipe,1
zenodo_14637589,provenance_size_holdout_p4,zenodo_14637589_00115,pipe,tunnel,0
zenodo_14637589,provenance_size_holdout_p4,zenodo_14637589_00116,pipe,pipe,1
zenodo_14637589,provenance_size_holdout_p4,zenodo_14637589_00117,pipe,rebar,0
zenodo_14637589,provenance_size_holdout_p4,zenodo_14637589_00118,pipe,pipe,1
zenodo_14637589,provenance_size_holdout_p4,zenodo_14637589_00119,pipe,tunnel,0
zenodo_14637589,provenance_size_holdout_p4,zenodo_14637589_00120,pipe,tunnel,0
zenodo_14637589,provenance_size_holdout_p4,zenodo_14637589_00121,pipe,tunnel,0
zenodo_14637589,provenance_size_holdout_p4,zenodo_14637589_00122,pipe,pipe,1
zenodo_14637589,provenance_size_holdout_p4,zenodo_14637589_00123,pipe,tunnel,0
zenodo_14637589,provenance_size_holdout_p4,zenodo_14637589_00124,pipe,pipe,1
zenodo_14637589,provenance_size_holdout_p4,zenodo_14637589_00125,pipe,rebar,0
zenodo_14637589,provenance_size_holdout_p4,zenodo_14637589_00126,pipe,pipe,1
zenodo_14637589,provenance_size_holdout_p4,zenodo_14637589_00127,pipe,pipe,1
zenodo_14637589,provenance_size_holdout_p4,zenodo_14637589_00128,pipe,pipe,1
zenodo_14637589,provenance_size_holdout_p4,zenodo_14637589_00129,pipe,pipe,1
zenodo_14637589,provenance_size_holdout_p4,zenodo_14637589_00130,pipe,pipe,1
zenodo_14637589,provenance_size_holdout_p4,zenodo_14637589_00131,pipe,pipe,1
zenodo_14637589,provenance_size_holdout_p4,zenodo_14637589_00132,pipe,pipe,1
zenodo_14637589,provenance_size_holdout_p4,zenodo_14637589_00133,pipe,pipe,1
zenodo_14637589,provenance_size_holdout_p4,zenodo_14637589_00134,pipe,pipe,1
zenodo_14637589,provenance_size_holdout_p4,zenodo_14637589_00135,pipe,pipe,1
zenodo_14637589,provenance_size_holdout_p4,zenodo_14637589_00136,pipe,pipe,1
zenodo_14637589,provenance_size_holdout_p4,zenodo_14637589_00137,pipe,pipe,1
zenodo_14637589,provenance_size_holdout_p4,zenodo_14637589_00138,pipe,pipe,1
zenodo_14637589,provenance_size_holdout_p4,zenodo_14637589_00139,pipe,pipe,1
zenodo_14637589,provenance_size_holdout_p4,zenodo_14637589_00140,pipe,pipe,1
zenodo_14637589,provenance_size_holdout_p4,zenodo_14637589_00141,pipe,pipe,1
zenodo_14637589,provenance_size_holdout_p4,zenodo_14637589_00142,pipe,pipe,1
zenodo_14637589,provenance_size_holdout_p4,zenodo_14637589_00143,pipe,pipe,1
zenodo_14637589,provenance_size_holdout_p4,zenodo_14637589_00144,pipe,pipe,1
zenodo_14637589,provenance_size_holdout_p4,zenodo_14637589_00145,pipe,pipe,1
zenodo_14637589,provenance_size_holdout_p4,zenodo_14637589_00146,pipe,pipe,1
zenodo_14637589,provenance_size_holdout_p4,zenodo_14637589_00147,pipe,pipe,1
zenodo_14637589,provenance_size_holdout_p4,zenodo_14637589_00148,pipe,pipe,1
zenodo_14637589,provenance_size_holdout_p4,zenodo_14637589_00149,pipe,pipe,1
zenodo_14637589,provenance_size_holdout_p4,zenodo_14637589_00150,pipe,pipe,1
zenodo_14637589,provenance_size_holdout_p4,zenodo_14637589_00151,pipe,pipe,1
zenodo_14637589,provenance_size_holdout_p4,zenodo_14637589_00152,pipe,pipe,1
zenodo_14637589,provenance_size_holdout_p4,zenodo_14637589_00153,pipe,pipe,1
zenodo_14637589,provenance_size_holdout_p4,zenodo_14637589_00154,pipe,pipe,1
zenodo_14637589,provenance_size_holdout_p4,zenodo_14637589_00155,pipe,pipe,1
zenodo_14637589,provenance_size_holdout_p4,zenodo_14637589_00156,pipe,pipe,1
zenodo_14637589,provenance_size_holdout_p4,zenodo_14637589_00157,pipe,pipe,1
zenodo_14637589,provenance_size_holdout_p4,zenodo_14637589_00158,pipe,pipe,1
zenodo_14637589,provenance_size_holdout_p4,zenodo_14637589_00159,pipe,pipe,1
zenodo_14637589,provenance_size_holdout_p4,zenodo_14637589_00160,pipe,pipe,1
zenodo_14637589,provenance_size_holdout_p4,zenodo_14637589_00161,pipe,pipe,1
zenodo_14637589,provenance_size_holdout_p4,zenodo_14637589_00162,pipe,pipe,1
zenodo_14637589,provenance_size_holdout_p4,zenodo_14637589_00163,pipe,pipe,1
zenodo_14637589,provenance_size_holdout_p4,zenodo_14637589_00164,pipe,pipe,1
zenodo_14637589,provenance_size_holdout_p4,zenodo_14637589_00165,pipe,pipe,1
zenodo_14637589,provenance_size_holdout_p4,zenodo_14637589_00166,pipe,pipe,1
zenodo_14637589,provenance_size_holdout_p4,zenodo_14637589_00167,pipe,pipe,1
zenodo_14637589,provenance_size_holdout_p4,zenodo_14637589_00168,pipe,pipe,1
zenodo_14637589,provenance_size_holdout_p4,zenodo_14637589_00169,pipe,pipe,1
zenodo_14637589,provenance_size_holdout_p4,zenodo_14637589_00170,pipe,pipe,1
zenodo_14637589,provenance_size_holdout_p4,zenodo_14637589_00171,pipe,pipe,1
zenodo_14637589,provenance_size_holdout_p4,zenodo_14637589_00172,pipe,pipe,1
zenodo_14637589,provenance_size_holdout_p4,zenodo_14637589_00173,pipe,pipe,1
zenodo_14637589,provenance_size_holdout_p4,zenodo_14637589_00174,pipe,pipe,1
zenodo_14637589,provenance_size_holdout_p4,zenodo_14637589_00175,pipe,pipe,1
zenodo_14637589,provenance_size_holdout_p4,zenodo_14637589_00176,pipe,pipe,1
zenodo_14637589,provenance_size_holdout_p4,zenodo_14637589_00177,pipe,pipe,1
zenodo_14637589,provenance_size_holdout_p4,zenodo_14637589_00178,pipe,pipe,1
zenodo_14637589,provenance_size_holdout_p4,zenodo_14637589_00179,pipe,pipe,1
zenodo_14637589,provenance_size_holdout_p4,zenodo_14637589_00180,pipe,pipe,1
zenodo_14637589,provenance_size_holdout_p4,zenodo_14637589_00181,pipe,pipe,1
zenodo_14637589,provenance_size_holdout_p4,zenodo_14637589_00182,pipe,pipe,1
zenodo_14637589,provenance_size_holdout_p4,zenodo_14637589_00183,pipe,pipe,1
zenodo_14637589,provenance_size_holdout_p4,zenodo_14637589_00184,pipe,pipe,1
zenodo_14637589,provenance_size_holdout_p4,zenodo_14637589_00185,pipe,pipe,1
zenodo_14637589,provenance_size_holdout_p4,zenodo_14637589_00186,pipe,pipe,1
zenodo_14637589,provenance_size_holdout_p4,zenodo_14637589_00187,pipe,pipe,1
zenodo_14637589,provenance_size_holdout_p4,zenodo_14637589_00188,pipe,pipe,1
zenodo_14637589,provenance_size_holdout_p4,zenodo_14637589_00189,pipe,pipe,1
zenodo_14637589,provenance_size_holdout_p4,zenodo_14637589_00190,pipe,pipe,1
zenodo_14637589,provenance_size_holdout_p4,zenodo_14637589_00191,pipe,pipe,1
zenodo_14637589,provenance_size_holdout_p4,zenodo_14637589_00192,pipe,pipe,1
zenodo_14637589,provenance_size_holdout_p4,zenodo_14637589_00193,pipe,pipe,1
zenodo_14637589,provenance_size_holdout_p4,zenodo_14637589_00194,pipe,pipe,1
zenodo_14637589,provenance_size_holdout_p4,zenodo_14637589_00195,pipe,pipe,1
zenodo_14637589,provenance_size_holdout_p4,zenodo_14637589_00196,pipe,pipe,1
zenodo_14637589,provenance_size_holdout_p4,zenodo_14637589_00197,pipe,pipe,1
zenodo_14637589,provenance_size_holdout_p4,zenodo_14637589_00198,pipe,pipe,1
zenodo_14637589,provenance_size_holdout_p4,zenodo_14637589_00199,pipe,pipe,1
zenodo_14637589,provenance_size_holdout_p4,zenodo_14637589_00200,pipe,pipe,1
zenodo_14637589,provenance_size_holdout_p4,zenodo_14637589_00201,pipe,pipe,1
zenodo_14637589,provenance_size_holdout_p4,zenodo_14637589_00202,pipe,pipe,1
zenodo_14637589,provenance_size_holdout_p4,zenodo_14637589_00203,pipe,pipe,1
zenodo_14637589,provenance_size_holdout_p4,zenodo_14637589_00204,pipe,pipe,1
zenodo_14637589,provenance_size_holdout_p4,zenodo_14637589_00205,pipe,pipe,1
zenodo_14637589,provenance_size_holdout_p4,zenodo_14637589_00206,pipe,pipe,1
zenodo_14637589,provenance_size_holdout_p4,zenodo_14637589_00207,pipe,pipe,1
zenodo_14637589,provenance_size_holdout_p4,zenodo_14637589_00208,pipe,pipe,1
zenodo_14637589,provenance_size_holdout_p4,zenodo_14637589_00209,pipe,pipe,1
zenodo_14637589,provenance_size_holdout_p4,zenodo_14637589_00210,pipe,pipe,1
zenodo_14637589,provenance_size_holdout_p4,zenodo_14637589_00211,pipe,pipe,1
zenodo_14637589,provenance_size_holdout_p4,zenodo_14637589_00212,pipe,pipe,1
zenodo_14637589,provenance_size_holdout_p4,zenodo_14637589_00213,pipe,pipe,1
zenodo_14637589,provenance_size_holdout_p4,zenodo_14637589_00214,pipe,pipe,1
zenodo_14637589,provenance_size_holdout_p4,zenodo_14637589_00215,pipe,pipe,1
zenodo_14637589,provenance_size_holdout_p4,zenodo_14637589_00216,pipe,pipe,1
zenodo_14637589,provenance_size_holdout_p4,zenodo_14637589_00217,pipe,pipe,1
zenodo_14637589,provenance_size_holdout_p4,zenodo_14637589_00218,pipe,pipe,1
zenodo_14637589,provenance_size_holdout_p4,zenodo_14637589_00219,pipe,pipe,1
zenodo_14637589,provenance_size_holdout_p4,zenodo_14637589_00220,pipe,pipe,1
zenodo_14637589,provenance_size_holdout_p4,zenodo_14637589_00221,pipe,pipe,1
zenodo_14637589,provenance_size_holdout_p4,zenodo_14637589_00222,pipe,pipe,1
zenodo_14637589,provenance_size_holdout_p4,zenodo_14637589_00223,pipe,pipe,1
zenodo_14637589,provenance_size_holdout_p4,zenodo_14637589_00224,pipe,pipe,1
zenodo_14637589,provenance_size_holdout_p4,zenodo_14637589_00225,pipe,pipe,1
zenodo_14637589,provenance_size_holdout_p4,zenodo_14637589_00226,pipe,pipe,1
zenodo_14637589,provenance_size_holdout_p4,zenodo_14637589_00227,pipe,pipe,1
zenodo_14637589,provenance_size_holdout_p4,zenodo_14637589_00228,pipe,pipe,1
zenodo_14637589,provenance_size_holdout_p4,zenodo_14637589_00229,pipe,pipe,1
zenodo_14637589,provenance_size_holdout_p4,zenodo_14637589_00230,pipe,pipe,1
zenodo_14637589,provenance_size_holdout_p4,zenodo_14637589_00231,pipe,pipe,1
zenodo_14637589,provenance_size_holdout_p4,zenodo_14637589_00232,pipe,pipe,1
zenodo_14637589,provenance_size_holdout_p4,zenodo_14637589_00233,pipe,pipe,1
zenodo_14637589,provenance_size_holdout_p4,zenodo_14637589_00234,pipe,pipe,1
zenodo_14637589,provenance_size_holdout_p4,zenodo_14637589_00235,pipe,pipe,1
zenodo_14637589,provenance_size_holdout_p4,zenodo_14637589_00236,pipe,pipe,1
zenodo_14637589,provenance_size_holdout_p4,zenodo_14637589_00237,pipe,pipe,1
zenodo_14637589,provenance_size_holdout_p4,zenodo_14637589_00238,pipe,pipe,1
zenodo_14637589,provenance_size_holdout_p4,zenodo_14637589_00239,pipe,pipe,1
zenodo_14637589,provenance_size_holdout_p4,zenodo_14637589_00240,pipe,pipe,1
zenodo_14637589,provenance_size_holdout_p4,zenodo_14637589_00241,pipe,pipe,1
zenodo_14637589,provenance_size_holdout_p4,zenodo_14637589_00242,pipe,pipe,1
zenodo_14637589,provenance_size_holdout_p4,zenodo_14637589_00243,pipe,pipe,1
zenodo_14637589,provenance_size_holdout_p4,zenodo_14637589_00244,pipe,pipe,1
zenodo_14637589,provenance_size_holdout_p4,zenodo_14637589_00245,pipe,pipe,1
zenodo_14637589,provenance_size_holdout_p4,zenodo_14637589_00246,pipe,pipe,1
zenodo_14637589,provenance_size_holdout_p4,zenodo_14637589_00247,pipe,pipe,1
zenodo_14637589,provenance_size_holdout_p4,zenodo_14637589_00248,pipe,pipe,1
zenodo_14637589,provenance_size_holdout_p4,zenodo_14637589_00249,pipe,tunnel,0
zenodo_14637589,provenance_size_holdout_p4,zenodo_14637589_00250,pipe,pipe,1
zenodo_14637589,provenance_size_holdout_p4,zenodo_14637589_00251,pipe,pipe,1
zenodo_14637589,provenance_size_holdout_p4,zenodo_14637589_00252,pipe,pipe,1
zenodo_14637589,provenance_size_holdout_p4,zenodo_14637589_00253,pipe,pipe,1
zenodo_14637589,provenance_size_holdout_p4,zenodo_14637589_00254,pipe,pipe,1
zenodo_14637589,provenance_size_holdout_p4,zenodo_14637589_00255,pipe,pipe,1
zenodo_14637589,provenance_size_holdout_p4,zenodo_14637589_00256,pipe,pipe,1
zenodo_14637589,provenance_size_holdout_p4,zenodo_14637589_00257,pipe,pipe,1
zenodo_14637589,provenance_size_holdout_p4,zenodo_14637589_00258,pipe,pipe,1
zenodo_14637589,provenance_size_holdout_p4,zenodo_14637589_00259,pipe,pipe,1
zenodo_14637589,provenance_size_holdout_p4,zenodo_14637589_00260,pipe,pipe,1
zenodo_14637589,provenance_size_holdout_p4,zenodo_14637589_00261,pipe,pipe,1
zenodo_14637589,provenance_size_holdout_p4,zenodo_14637589_00262,pipe,pipe,1
zenodo_14637589,provenance_size_holdout_p4,zenodo_14637589_00263,pipe,pipe,1
zenodo_14637589,provenance_size_holdout_p4,zenodo_14637589_00264,pipe,pipe,1
zenodo_14637589,provenance_size_holdout_p4,zenodo_14637589_00265,pipe,pipe,1
zenodo_14637589,provenance_size_holdout_p4,zenodo_14637589_00266,pipe,pipe,1
zenodo_14637589,provenance_size_holdout_p4,zenodo_14637589_00267,pipe,pipe,1
zenodo_14637589,provenance_size_holdout_p4,zenodo_14637589_00268,pipe,pipe,1
zenodo_14637589,provenance_size_holdout_p4,zenodo_14637589_00269,pipe,pipe,1
zenodo_14637589,provenance_size_holdout_p4,zenodo_14637589_00270,pipe,pipe,1
zenodo_14637589,provenance_size_holdout_p4,zenodo_14637589_00271,pipe,pipe,1
zenodo_14637589,provenance_size_holdout_p4,zenodo_14637589_00272,pipe,pipe,1
zenodo_14637589,provenance_size_holdout_p4,zenodo_14637589_00273,pipe,pipe,1
zenodo_14637589,provenance_size_holdout_p4,zenodo_14637589_00274,pipe,pipe,1
zenodo_14637589,provenance_size_holdout_p4,zenodo_14637589_00275,pipe,pipe,1
zenodo_14637589,provenance_size_holdout_p4,zenodo_14637589_00276,pipe,pipe,1
zenodo_14637589,provenance_size_holdout_p4,zenodo_14637589_00277,pipe,pipe,1
zenodo_14637589,provenance_size_holdout_p4,zenodo_14637589_00278,pipe,pipe,1
zenodo_14637589,provenance_size_holdout_p4,zenodo_14637589_00279,pipe,pipe,1
zenodo_14637589,provenance_size_holdout_p4,zenodo_14637589_00280,pipe,pipe,1
zenodo_14637589,provenance_size_holdout_p4,zenodo_14637589_00281,pipe,pipe,1
zenodo_14637589,provenance_size_holdout_p4,zenodo_14637589_00282,pipe,pipe,1
zenodo_14637589,provenance_size_holdout_p4,zenodo_14637589_00283,pipe,pipe,1
zenodo_14637589,provenance_size_holdout_p4,zenodo_14637589_00284,pipe,pipe,1
zenodo_14637589,provenance_size_holdout_p4,zenodo_14637589_00285,pipe,pipe,1
zenodo_14637589,provenance_size_holdout_p4,zenodo_14637589_00286,pipe,pipe,1
zenodo_14637589,provenance_size_holdout_p4,zenodo_14637589_00287,pipe,pipe,1
zenodo_14637589,provenance_size_holdout_p4,zenodo_14637589_00288,pipe,pipe,1
zenodo_14637589,provenance_size_holdout_p4,zenodo_14637589_00289,pipe,pipe,1
zenodo_14637589,provenance_size_holdout_p4,zenodo_14637589_00290,pipe,pipe,1
zenodo_14637589,provenance_size_holdout_p4,zenodo_14637589_00291,pipe,pipe,1
zenodo_14637589,provenance_size_holdout_p4,zenodo_14637589_00292,pipe,pipe,1
zenodo_14637589,provenance_size_holdout_p4,zenodo_14637589_00293,pipe,pipe,1
zenodo_14637589,provenance_size_holdout_p4,zenodo_14637589_00294,pipe,pipe,1
zenodo_14637589,provenance_size_holdout_p4,zenodo_14637589_00295,pipe,pipe,1
zenodo_14637589,provenance_size_holdout_p4,zenodo_14637589_00296,pipe,pipe,1
zenodo_14637589,provenance_size_holdout_p4,zenodo_14637589_00297,pipe,pipe,1
zenodo_14637589,provenance_size_holdout_p4,zenodo_14637589_00298,pipe,pipe,1
zenodo_14637589,provenance_size_holdout_p4,zenodo_14637589_00299,pipe,pipe,1
zenodo_14637589,provenance_size_holdout_p4,zenodo_14637589_00300,pipe,pipe,1
zenodo_14637589,provenance_size_holdout_p4,zenodo_14637589_00301,pipe,pipe,1
zenodo_14637589,provenance_size_holdout_p4,zenodo_14637589_00302,pipe,pipe,1
zenodo_14637589,provenance_size_holdout_p4,zenodo_14637589_00303,pipe,pipe,1
zenodo_14637589,provenance_size_holdout_p4,zenodo_14637589_00304,pipe,pipe,1
zenodo_14637589,provenance_size_holdout_p4,zenodo_14637589_00305,pipe,pipe,1
zenodo_14637589,provenance_size_holdout_p4,zenodo_14637589_00306,pipe,pipe,1
zenodo_14637589,provenance_size_holdout_p4,zenodo_14637589_00307,pipe,pipe,1
zenodo_14637589,provenance_size_holdout_p4,zenodo_14637589_00308,pipe,pipe,1
zenodo_14637589,provenance_size_holdout_p4,zenodo_14637589_00309,pipe,pipe,1
zenodo_14637589,provenance_size_holdout_p4,zenodo_14637589_00310,pipe,pipe,1
zenodo_14637589,provenance_size_holdout_p4,zenodo_14637589_00311,pipe,pipe,1
zenodo_14637589,provenance_size_holdout_p4,zenodo_14637589_00312,pipe,pipe,1
zenodo_14637589,provenance_size_holdout_p4,zenodo_14637589_00313,pipe,pipe,1
zenodo_14637589,provenance_size_holdout_p4,zenodo_14637589_00314,pipe,pipe,1
zenodo_14637589,provenance_size_holdout_p4,zenodo_14637589_00315,pipe,pipe,1
zenodo_14637589,provenance_size_holdout_p4,zenodo_14637589_00316,pipe,pipe,1
zenodo_14637589,provenance_size_holdout_p4,zenodo_14637589_00317,pipe,pipe,1
zenodo_14637589,provenance_size_holdout_p4,zenodo_14637589_00318,pipe,pipe,1
zenodo_14637589,provenance_size_holdout_p4,zenodo_14637589_00319,pipe,pipe,1
zenodo_14637589,provenance_size_holdout_p4,zenodo_14637589_00320,pipe,pipe,1
zenodo_14637589,provenance_size_holdout_p4,zenodo_14637589_00321,pipe,pipe,1
zenodo_14637589,provenance_size_holdout_p4,zenodo_14637589_00322,pipe,pipe,1
zenodo_14637589,provenance_size_holdout_p4,zenodo_14637589_00323,pipe,pipe,1
zenodo_14637589,provenance_size_holdout_p4,zenodo_14637589_00324,pipe,pipe,1
zenodo_14637589,provenance_size_holdout_p4,zenodo_14637589_00325,pipe,pipe,1
zenodo_14637589,provenance_size_holdout_p4,zenodo_14637589_00326,pipe,pipe,1
zenodo_14637589,provenance_size_holdout_p4,zenodo_14637589_00327,pipe,pipe,1
zenodo_14637589,provenance_size_holdout_p4,zenodo_14637589_00328,pipe,pipe,1
zenodo_14637589,provenance_size_holdout_p4,zenodo_14637589_00329,pipe,pipe,1
zenodo_14637589,provenance_size_holdout_p4,zenodo_14637589_00330,pipe,pipe,1
zenodo_14637589,provenance_size_holdout_p4,zenodo_14637589_00331,pipe,pipe,1
zenodo_14637589,provenance_size_holdout_p4,zenodo_14637589_00332,pipe,pipe,1
zenodo_14637589,provenance_size_holdout_p4,zenodo_14637589_00333,pipe,pipe,1
zenodo_14637589,provenance_size_holdout_p4,zenodo_14637589_00334,pipe,pipe,1
zenodo_14637589,provenance_size_holdout_p4,zenodo_14637589_00335,pipe,pipe,1
zenodo_14637589,provenance_size_holdout_p4,zenodo_14637589_00336,pipe,pipe,1
zenodo_14637589,provenance_size_holdout_p4,zenodo_14637589_00337,pipe,pipe,1
zenodo_14637589,provenance_size_holdout_p4,zenodo_14637589_00338,pipe,pipe,1
zenodo_14637589,provenance_size_holdout_p4,zenodo_14637589_00339,pipe,pipe,1
zenodo_14637589,provenance_size_holdout_p4,zenodo_14637589_00340,pipe,pipe,1
zenodo_14637589,provenance_size_holdout_p4,zenodo_14637589_00341,pipe,pipe,1
zenodo_14637589,provenance_size_holdout_p4,zenodo_14637589_00342,pipe,pipe,1
zenodo_14637589,provenance_size_holdout_p4,zenodo_14637589_00343,pipe,pipe,1
zenodo_14637589,provenance_size_holdout_p4,zenodo_14637589_00344,pipe,pipe,1
zenodo_14637589,provenance_size_holdout_p4,zenodo_14637589_00345,pipe,pipe,1
zenodo_14637589,provenance_size_holdout_p4,zenodo_14637589_00346,pipe,pipe,1
zenodo_14637589,provenance_size_holdout_p4,zenodo_14637589_00347,pipe,pipe,1
zenodo_14637589,provenance_size_holdout_p4,zenodo_14637589_00348,pipe,pipe,1
zenodo_14637589,provenance_size_holdout_p4,zenodo_14637589_00349,pipe,pipe,1
zenodo_14637589,provenance_size_holdout_p4,zenodo_14637589_00350,pipe,pipe,1
zenodo_14637589,provenance_size_holdout_p4,zenodo_14637589_00351,pipe,pipe,1
zenodo_14637589,provenance_size_holdout_p4,zenodo_14637589_00352,pipe,pipe,1
zenodo_14637589,provenance_size_holdout_p4,zenodo_14637589_00353,pipe,pipe,1
zenodo_14637589,provenance_size_holdout_p4,zenodo_14637589_00354,pipe,pipe,1
zenodo_14637589,provenance_size_holdout_p4,zenodo_14637589_00355,pipe,pipe,1
zenodo_14637589,provenance_size_holdout_p4,zenodo_14637589_00356,pipe,pipe,1
zenodo_14637589,provenance_size_holdout_p4,zenodo_14637589_00357,pipe,pipe,1
zenodo_14637589,provenance_size_holdout_p4,zenodo_14637589_00358,pipe,pipe,1
zenodo_14637589,provenance_size_holdout_p4,zenodo_14637589_00359,pipe,pipe,1
zenodo_14637589,provenance_size_holdout_p4,zenodo_14637589_00360,pipe,pipe,1
zenodo_14637589,provenance_size_holdout_p4,zenodo_14637589_00361,pipe,pipe,1
zenodo_14637589,provenance_size_holdout_p4,zenodo_14637589_00362,pipe,pipe,1
zenodo_14637589,provenance_size_holdout_p4,zenodo_14637589_00363,pipe,pipe,1
zenodo_14637589,provenance_size_holdout_p4,zenodo_14637589_00364,pipe,pipe,1
zenodo_14637589,provenance_size_holdout_p4,zenodo_14637589_00365,pipe,pipe,1
zenodo_14637589,provenance_size_holdout_p4,zenodo_14637589_00366,pipe,pipe,1
zenodo_14637589,provenance_size_holdout_p4,zenodo_14637589_00367,pipe,tunnel,0
zenodo_14637589,provenance_size_holdout_p4,zenodo_14637589_00368,pipe,pipe,1
zenodo_14637589,provenance_size_holdout_p4,zenodo_14637589_00369,pipe,tunnel,0
zenodo_14637589,provenance_size_holdout_p4,zenodo_14637589_00370,pipe,pipe,1
zenodo_14637589,provenance_size_holdout_p4,zenodo_14637589_00371,pipe,pipe,1
zenodo_14637589,provenance_size_holdout_p4,zenodo_14637589_00372,pipe,pipe,1
zenodo_14637589,provenance_size_holdout_p4,zenodo_14637589_00373,pipe,pipe,1
zenodo_14637589,provenance_size_holdout_p4,zenodo_14637589_00374,pipe,pipe,1
zenodo_14637589,provenance_size_holdout_p4,zenodo_14637589_00375,pipe,pipe,1
zenodo_14637589,provenance_size_holdout_p4,zenodo_14637589_00376,pipe,pipe,1
zenodo_14637589,provenance_size_holdout_p4,zenodo_14637589_00377,pipe,pipe,1
zenodo_14637589,provenance_size_holdout_p4,zenodo_14637589_00378,pipe,pipe,1
zenodo_14637589,provenance_size_holdout_p4,zenodo_14637589_00379,pipe,pipe,1
zenodo_14637589,provenance_size_holdout_p4,zenodo_14637589_00380,pipe,pipe,1
zenodo_14637589,provenance_size_holdout_p4,zenodo_14637589_00381,pipe,pipe,1
zenodo_14637589,provenance_size_holdout_p4,zenodo_14637589_00382,pipe,pipe,1
zenodo_14637589,provenance_size_holdout_p4,zenodo_14637589_00383,pipe,pipe,1
zenodo_14637589,provenance_size_holdout_p4,zenodo_14637589_00384,pipe,pipe,1
zenodo_14637589,provenance_size_holdout_p4,zenodo_14637589_00385,pipe,pipe,1
zenodo_14637589,provenance_size_holdout_p4,zenodo_14637589_00386,pipe,pipe,1
zenodo_14637589,provenance_size_holdout_p4,zenodo_14637589_00387,pipe,pipe,1
zenodo_14637589,provenance_size_holdout_p4,zenodo_14637589_00388,pipe,pipe,1
zenodo_14637589,provenance_size_holdout_p4,zenodo_14637589_00389,pipe,pipe,1
zenodo_14637589,provenance_size_holdout_p4,zenodo_14637589_00390,pipe,pipe,1
zenodo_14637589,provenance_size_holdout_p4,zenodo_14637589_00391,pipe,pipe,1
zenodo_14637589,provenance_size_holdout_p4,zenodo_14637589_00392,pipe,pipe,1
zenodo_14637589,provenance_size_holdout_p4,zenodo_14637589_00393,pipe,pipe,1
zenodo_14637589,provenance_size_holdout_p4,zenodo_14637589_00394,pipe,pipe,1
zenodo_14637589,provenance_size_holdout_p4,zenodo_14637589_00395,pipe,pipe,1
zenodo_14637589,provenance_size_holdout_p4,zenodo_14637589_00396,pipe,pipe,1
zenodo_14637589,provenance_size_holdout_p4,zenodo_14637589_00397,pipe,pipe,1
zenodo_14637589,provenance_size_holdout_p4,zenodo_14637589_00398,pipe,pipe,1
zenodo_14637589,provenance_size_holdout_p4,zenodo_14637589_00399,pipe,pipe,1
zenodo_14637589,provenance_size_holdout_p4,zenodo_14637589_00400,pipe,pipe,1
zenodo_14637589,provenance_size_holdout_p4,zenodo_14637589_00401,pipe,pipe,1
zenodo_14637589,provenance_size_holdout_p4,zenodo_14637589_00402,pipe,pipe,1
zenodo_14637589,provenance_size_holdout_p4,zenodo_14637589_00403,pipe,pipe,1
zenodo_14637589,provenance_size_holdout_p4,zenodo_14637589_00404,pipe,pipe,1
zenodo_14637589,provenance_size_holdout_p4,zenodo_14637589_00405,pipe,pipe,1
zenodo_14637589,provenance_size_holdout_p4,zenodo_14637589_00406,pipe,pipe,1
zenodo_14637589,provenance_size_holdout_p4,zenodo_14637589_00407,pipe,pipe,1
zenodo_14637589,provenance_size_holdout_p4,zenodo_14637589_00408,pipe,pipe,1
zenodo_14637589,provenance_size_holdout_p4,zenodo_14637589_00409,pipe,pipe,1
zenodo_14637589,provenance_size_holdout_p4,zenodo_14637589_00410,pipe,pipe,1
zenodo_14637589,provenance_size_holdout_p4,zenodo_14637589_00411,pipe,pipe,1
zenodo_14637589,provenance_size_holdout_p4,zenodo_14637589_00412,pipe,pipe,1
zenodo_14637589,provenance_size_holdout_p4,zenodo_14637589_00413,pipe,pipe,1
zenodo_14637589,provenance_size_holdout_p4,zenodo_14637589_00414,pipe,pipe,1
zenodo_14637589,provenance_size_holdout_p4,zenodo_14637589_00415,pipe,pipe,1
zenodo_14637589,provenance_size_holdout_p4,zenodo_14637589_00416,pipe,pipe,1
zenodo_14637589,provenance_size_holdout_p4,zenodo_14637589_00417,pipe,pipe,1
zenodo_14637589,provenance_size_holdout_p4,zenodo_14637589_00418,pipe,pipe,1
zenodo_14637589,provenance_size_holdout_p4,zenodo_14637589_00419,pipe,tunnel,0
zenodo_14637589,provenance_size_holdout_p4,zenodo_14637589_00420,pipe,pipe,1
zenodo_14637589,provenance_size_holdout_p4,zenodo_14637589_00421,pipe,pipe,1
zenodo_14637589,provenance_size_holdout_p4,zenodo_14637589_00422,pipe,pipe,1
zenodo_14637589,provenance_size_holdout_p4,zenodo_14637589_00423,pipe,pipe,1
zenodo_14637589,provenance_size_holdout_p4,zenodo_14637589_00424,pipe,pipe,1
zenodo_14637589,provenance_size_holdout_p4,zenodo_14637589_00425,pipe,pipe,1
zenodo_14637589,provenance_size_holdout_p4,zenodo_14637589_00426,pipe,pipe,1
zenodo_14637589,provenance_size_holdout_p4,zenodo_14637589_00427,pipe,pipe,1
zenodo_14637589,provenance_size_holdout_p4,zenodo_14637589_00428,pipe,pipe,1
zenodo_14637589,provenance_size_holdout_p4,zenodo_14637589_00429,pipe,pipe,1
zenodo_14637589,provenance_size_holdout_p4,zenodo_14637589_00430,pipe,pipe,1
zenodo_14637589,provenance_size_holdout_p4,zenodo_14637589_00431,pipe,pipe,1
zenodo_14637589,provenance_size_holdout_p4,zenodo_14637589_00432,pipe,pipe,1
zenodo_14637589,provenance_size_holdout_p4,zenodo_14637589_00433,pipe,pipe,1
zenodo_14637589,provenance_size_holdout_p4,zenodo_14637589_00434,pipe,pipe,1
zenodo_14637589,provenance_size_holdout_p4,zenodo_14637589_00435,pipe,pipe,1
zenodo_14637589,provenance_size_holdout_p4,zenodo_14637589_00436,pipe,pipe,1
zenodo_14637589,provenance_size_holdout_p4,zenodo_14637589_00437,pipe,pipe,1
zenodo_14637589,provenance_size_holdout_p4,zenodo_14637589_00438,pipe,pipe,1
zenodo_14637589,provenance_size_holdout_p4,zenodo_14637589_00439,pipe,pipe,1
zenodo_14637589,provenance_size_holdout_p4,zenodo_14637589_00440,pipe,pipe,1
zenodo_14637589,provenance_size_holdout_p4,zenodo_14637589_00441,pipe,pipe,1
zenodo_14637589,provenance_size_holdout_p4,zenodo_14637589_00442,pipe,pipe,1
zenodo_14637589,provenance_size_holdout_p4,zenodo_14637589_00443,pipe,pipe,1
zenodo_14637589,provenance_size_holdout_p4,zenodo_14637589_00444,pipe,pipe,1
zenodo_14637589,provenance_size_holdout_p4,zenodo_14637589_00445,pipe,pipe,1
zenodo_14637589,provenance_size_holdout_p4,zenodo_14637589_00446,pipe,tunnel,0
zenodo_14637589,provenance_size_holdout_p4,zenodo_14637589_00447,pipe,pipe,1
zenodo_14637589,provenance_size_holdout_p4,zenodo_14637589_00448,pipe,pipe,1
zenodo_14637589,provenance_size_holdout_p4,zenodo_14637589_00449,pipe,pipe,1
zenodo_14637589,provenance_size_holdout_p4,zenodo_14637589_00450,pipe,pipe,1
zenodo_14637589,provenance_size_holdout_p4,zenodo_14637589_00451,pipe,pipe,1
zenodo_14637589,provenance_size_holdout_p4,zenodo_14637589_00452,pipe,pipe,1
zenodo_14637589,provenance_size_holdout_p4,zenodo_14637589_00453,pipe,pipe,1
zenodo_14637589,provenance_size_holdout_p4,zenodo_14637589_00454,pipe,pipe,1
zenodo_14637589,provenance_size_holdout_p4,zenodo_14637589_00455,pipe,pipe,1
zenodo_14637589,provenance_size_holdout_p4,zenodo_14637589_00456,pipe,pipe,1
zenodo_14637589,provenance_size_holdout_p4,zenodo_14637589_00457,pipe,pipe,1
zenodo_14637589,provenance_size_holdout_p4,zenodo_14637589_00458,pipe,pipe,1
zenodo_14637589,provenance_size_holdout_p4,zenodo_14637589_00459,pipe,pipe,1
zenodo_14637589,provenance_size_holdout_p4,zenodo_14637589_00553,rebar,pipe,0
zenodo_14637589,provenance_size_holdout_p4,zenodo_14637589_00554,rebar,pipe,0
zenodo_14637589,provenance_size_holdout_p4,zenodo_14637589_00555,rebar,pipe,0
zenodo_14637589,provenance_size_holdout_p4,zenodo_14637589_00556,rebar,pipe,0
zenodo_14637589,provenance_size_holdout_p4,zenodo_14637589_00557,rebar,pipe,0
zenodo_14637589,provenance_size_holdout_p4,zenodo_14637589_00558,rebar,pipe,0
zenodo_14637589,provenance_size_holdout_p4,zenodo_14637589_00559,rebar,pipe,0
zenodo_14637589,provenance_size_holdout_p4,zenodo_14637589_00560,rebar,pipe,0
zenodo_14637589,provenance_size_holdout_p4,zenodo_14637589_00561,rebar,pipe,0
zenodo_14637589,provenance_size_holdout_p4,zenodo_14637589_00562,rebar,pipe,0
zenodo_14637589,provenance_size_holdout_p4,zenodo_14637589_00563,rebar,pipe,0
zenodo_14637589,provenance_size_holdout_p4,zenodo_14637589_00564,rebar,pipe,0
zenodo_14637589,provenance_size_holdout_p4,zenodo_14637589_00565,rebar,pipe,0
zenodo_14637589,provenance_size_holdout_p4,zenodo_14637589_00566,rebar,pipe,0
zenodo_14637589,provenance_size_holdout_p4,zenodo_14637589_00567,rebar,pipe,0
zenodo_14637589,provenance_size_holdout_p4,zenodo_14637589_00568,rebar,pipe,0
zenodo_14637589,provenance_size_holdout_p4,zenodo_14637589_00569,rebar,pipe,0
zenodo_14637589,provenance_size_holdout_p4,zenodo_14637589_00570,rebar,pipe,0
zenodo_14637589,provenance_size_holdout_p4,zenodo_14637589_00571,rebar,pipe,0
zenodo_14637589,provenance_size_holdout_p4,zenodo_14637589_00572,rebar,pipe,0
zenodo_14637589,provenance_size_holdout_p4,zenodo_14637589_00573,rebar,pipe,0
zenodo_14637589,provenance_size_holdout_p4,zenodo_14637589_00574,rebar,pipe,0
zenodo_14637589,provenance_size_holdout_p4,zenodo_14637589_00575,rebar,pipe,0
zenodo_14637589,provenance_size_holdout_p4,zenodo_14637589_00576,rebar,pipe,0
zenodo_14637589,provenance_size_holdout_p4,zenodo_14637589_00577,rebar,pipe,0
zenodo_14637589,provenance_size_holdout_p4,zenodo_14637589_00578,rebar,pipe,0
zenodo_14637589,provenance_size_holdout_p4,zenodo_14637589_00579,rebar,pipe,0
zenodo_14637589,provenance_size_holdout_p4,zenodo_14637589_00580,rebar,pipe,0
zenodo_14637589,provenance_size_holdout_p4,zenodo_14637589_00581,rebar,pipe,0
zenodo_14637589,provenance_size_holdout_p4,zenodo_14637589_00582,rebar,pipe,0
zenodo_14637589,provenance_size_holdout_p4,zenodo_14637589_00583,rebar,pipe,0
zenodo_14637589,provenance_size_holdout_p4,zenodo_14637589_00584,rebar,pipe,0
zenodo_14637589,provenance_size_holdout_p4,zenodo_14637589_00585,rebar,pipe,0
zenodo_14637589,provenance_size_holdout_p4,zenodo_14637589_00586,rebar,pipe,0
zenodo_14637589,provenance_size_holdout_p4,zenodo_14637589_00587,rebar,pipe,0
zenodo_14637589,provenance_size_holdout_p4,zenodo_14637589_00588,rebar,pipe,0
zenodo_14637589,provenance_size_holdout_p4,zenodo_14637589_00589,rebar,pipe,0
zenodo_14637589,provenance_size_holdout_p4,zenodo_14637589_00590,rebar,pipe,0
zenodo_14637589,provenance_size_holdout_p4,zenodo_14637589_00591,rebar,pipe,0
zenodo_14637589,provenance_size_holdout_p4,zenodo_14637589_00592,rebar,pipe,0
zenodo_14637589,provenance_size_holdout_p4,zenodo_14637589_00593,rebar,pipe,0
zenodo_14637589,provenance_size_holdout_p4,zenodo_14637589_00594,rebar,pipe,0
zenodo_14637589,provenance_size_holdout_p4,zenodo_14637589_00595,rebar,pipe,0
zenodo_14637589,provenance_size_holdout_p4,zenodo_14637589_00596,rebar,pipe,0
zenodo_14637589,provenance_size_holdout_p4,zenodo_14637589_00597,rebar,pipe,0
zenodo_14637589,provenance_size_holdout_p4,zenodo_14637589_00598,rebar,pipe,0
zenodo_14637589,provenance_size_holdout_p4,zenodo_14637589_00599,rebar,pipe,0
zenodo_14637589,provenance_size_holdout_p4,zenodo_14637589_00600,rebar,pipe,0
zenodo_14637589,provenance_size_holdout_p4,zenodo_14637589_00601,rebar,pipe,0
zenodo_14637589,provenance_size_holdout_p4,zenodo_14637589_00602,rebar,pipe,0
zenodo_14637589,provenance_size_holdout_p4,zenodo_14637589_00603,rebar,pipe,0
zenodo_14637589,provenance_size_holdout_p4,zenodo_14637589_00604,rebar,pipe,0
zenodo_14637589,provenance_size_holdout_p4,zenodo_14637589_00605,rebar,pipe,0
zenodo_14637589,provenance_size_holdout_p4,zenodo_14637589_00606,rebar,pipe,0
zenodo_14637589,provenance_size_holdout_p4,zenodo_14637589_00607,rebar,pipe,0
zenodo_14637589,provenance_size_holdout_p4,zenodo_14637589_00608,rebar,pipe,0
zenodo_14637589,provenance_size_holdout_p4,zenodo_14637589_00609,rebar,pipe,0
zenodo_14637589,provenance_size_holdout_p4,zenodo_14637589_00610,rebar,pipe,0
zenodo_14637589,provenance_size_holdout_p4,zenodo_14637589_00611,rebar,pipe,0
zenodo_14637589,provenance_size_holdout_p4,zenodo_14637589_00612,rebar,pipe,0
zenodo_14637589,provenance_size_holdout_p4,zenodo_14637589_00613,rebar,pipe,0
zenodo_14637589,provenance_size_holdout_p4,zenodo_14637589_00614,rebar,pipe,0
zenodo_14637589,provenance_size_holdout_p4,zenodo_14637589_00615,rebar,pipe,0
zenodo_14637589,provenance_size_holdout_p4,zenodo_14637589_00616,rebar,pipe,0
zenodo_14637589,provenance_size_holdout_p4,zenodo_14637589_00617,rebar,pipe,0
zenodo_14637589,provenance_size_holdout_p4,zenodo_14637589_00618,rebar,pipe,0
zenodo_14637589,provenance_size_holdout_p4,zenodo_14637589_00619,rebar,pipe,0
zenodo_14637589,provenance_size_holdout_p4,zenodo_14637589_00620,rebar,pipe,0
zenodo_14637589,provenance_size_holdout_p4,zenodo_14637589_00621,rebar,pipe,0
zenodo_14637589,provenance_size_holdout_p4,zenodo_14637589_00622,rebar,pipe,0
zenodo_14637589,provenance_size_holdout_p4,zenodo_14637589_00623,rebar,pipe,0
zenodo_14637589,provenance_size_holdout_p4,zenodo_14637589_00624,rebar,pipe,0
zenodo_14637589,provenance_size_holdout_p4,zenodo_14637589_00625,rebar,pipe,0
zenodo_14637589,provenance_size_holdout_p4,zenodo_14637589_00626,rebar,pipe,0
zenodo_14637589,provenance_size_holdout_p4,zenodo_14637589_00627,rebar,pipe,0
zenodo_14637589,provenance_size_holdout_p4,zenodo_14637589_00628,rebar,pipe,0
zenodo_14637589,provenance_size_holdout_p4,zenodo_14637589_00629,rebar,pipe,0
zenodo_14637589,provenance_size_holdout_p4,zenodo_14637589_00630,rebar,pipe,0
zenodo_14637589,provenance_size_holdout_p4,zenodo_14637589_00631,rebar,pipe,0
zenodo_14637589,provenance_size_holdout_p4,zenodo_14637589_00632,rebar,pipe,0
zenodo_14637589,provenance_size_holdout_p4,zenodo_14637589_00633,rebar,pipe,0
zenodo_14637589,provenance_size_holdout_p4,zenodo_14637589_00634,rebar,pipe,0
zenodo_14637589,provenance_size_holdout_p4,zenodo_14637589_00635,rebar,pipe,0
zenodo_14637589,provenance_size_holdout_p4,zenodo_14637589_00636,rebar,pipe,0
zenodo_14637589,provenance_size_holdout_p4,zenodo_14637589_00637,rebar,pipe,0
zenodo_14637589,provenance_size_holdout_p4,zenodo_14637589_00638,rebar,pipe,0
zenodo_14637589,provenance_size_holdout_p4,zenodo_14637589_00639,rebar,pipe,0
zenodo_14637589,provenance_size_holdout_p4,zenodo_14637589_00640,rebar,pipe,0
zenodo_14637589,provenance_size_holdout_p4,zenodo_14637589_00641,rebar,rebar,1
zenodo_14637589,provenance_size_holdout_p4,zenodo_14637589_00642,rebar,pipe,0
zenodo_14637589,provenance_size_holdout_p4,zenodo_14637589_00643,rebar,pipe,0
zenodo_14637589,provenance_size_holdout_p4,zenodo_14637589_00644,rebar,pipe,0
zenodo_14637589,provenance_size_holdout_p4,zenodo_14637589_00645,rebar,pipe,0
zenodo_14637589,provenance_size_holdout_p4,zenodo_14637589_00646,rebar,pipe,0
zenodo_14637589,provenance_size_holdout_p4,zenodo_14637589_00647,rebar,pipe,0
zenodo_14637589,provenance_size_holdout_p4,zenodo_14637589_00648,rebar,pipe,0
zenodo_14637589,provenance_size_holdout_p4,zenodo_14637589_00649,rebar,pipe,0
zenodo_14637589,provenance_size_holdout_p4,zenodo_14637589_00650,rebar,pipe,0
zenodo_14637589,provenance_size_holdout_p4,zenodo_14637589_00651,rebar,pipe,0
zenodo_14637589,provenance_size_holdout_p4,zenodo_14637589_00652,rebar,pipe,0
zenodo_14637589,provenance_size_holdout_p4,zenodo_14637589_00653,rebar,pipe,0
zenodo_14637589,provenance_size_holdout_p4,zenodo_14637589_00654,rebar,pipe,0
zenodo_14637589,provenance_size_holdout_p4,zenodo_14637589_00655,rebar,pipe,0
zenodo_14637589,provenance_size_holdout_p4,zenodo_14637589_00656,rebar,pipe,0
zenodo_14637589,provenance_size_holdout_p4,zenodo_14637589_00657,rebar,pipe,0
zenodo_14637589,provenance_size_holdout_p4,zenodo_14637589_00658,rebar,pipe,0
zenodo_14637589,provenance_size_holdout_p4,zenodo_14637589_00659,rebar,pipe,0
zenodo_14637589,provenance_size_holdout_p4,zenodo_14637589_00660,rebar,pipe,0
zenodo_14637589,provenance_size_holdout_p4,zenodo_14637589_00661,rebar,pipe,0
zenodo_14637589,provenance_size_holdout_p4,zenodo_14637589_00662,rebar,pipe,0
zenodo_14637589,provenance_size_holdout_p4,zenodo_14637589_00663,rebar,pipe,0
zenodo_14637589,provenance_size_holdout_p4,zenodo_14637589_00664,rebar,pipe,0
zenodo_14637589,provenance_size_holdout_p4,zenodo_14637589_00665,rebar,pipe,0
zenodo_14637589,provenance_size_holdout_p4,zenodo_14637589_00666,rebar,pipe,0
zenodo_14637589,provenance_size_holdout_p4,zenodo_14637589_00667,rebar,pipe,0
zenodo_14637589,provenance_size_holdout_p4,zenodo_14637589_00668,rebar,pipe,0
zenodo_14637589,provenance_size_holdout_p4,zenodo_14637589_00669,rebar,pipe,0
zenodo_14637589,provenance_size_holdout_p4,zenodo_14637589_00670,rebar,pipe,0
zenodo_14637589,provenance_size_holdout_p4,zenodo_14637589_00671,rebar,pipe,0
zenodo_14637589,provenance_size_holdout_p4,zenodo_14637589_00672,rebar,pipe,0
zenodo_14637589,provenance_size_holdout_p4,zenodo_14637589_00673,rebar,pipe,0
zenodo_14637589,provenance_size_holdout_p4,zenodo_14637589_00674,rebar,pipe,0
zenodo_14637589,provenance_size_holdout_p4,zenodo_14637589_00675,rebar,pipe,0
zenodo_14637589,provenance_size_holdout_p4,zenodo_14637589_00676,rebar,pipe,0
zenodo_14637589,provenance_size_holdout_p4,zenodo_14637589_00677,rebar,pipe,0
zenodo_14637589,provenance_size_holdout_p4,zenodo_14637589_00678,rebar,pipe,0
zenodo_14637589,provenance_size_holdout_p4,zenodo_14637589_00679,rebar,pipe,0
zenodo_14637589,provenance_size_holdout_p4,zenodo_14637589_00680,rebar,pipe,0
zenodo_14637589,provenance_size_holdout_p4,zenodo_14637589_00681,rebar,pipe,0
zenodo_14637589,provenance_size_holdout_p4,zenodo_14637589_00682,rebar,rebar,1
zenodo_14637589,provenance_size_holdout_p4,zenodo_14637589_00683,rebar,pipe,0
zenodo_14637589,provenance_size_holdout_p4,zenodo_14637589_00684,rebar,pipe,0
zenodo_14637589,provenance_size_holdout_p4,zenodo_14637589_00685,rebar,pipe,0
zenodo_14637589,provenance_size_holdout_p4,zenodo_14637589_00686,rebar,pipe,0
zenodo_14637589,provenance_size_holdout_p4,zenodo_14637589_00687,rebar,pipe,0
zenodo_14637589,provenance_size_holdout_p4,zenodo_14637589_00818,tunnel,pipe,0
zenodo_14637589,provenance_size_holdout_p4,zenodo_14637589_00819,tunnel,pipe,0
zenodo_14637589,provenance_size_holdout_p4,zenodo_14637589_00820,tunnel,tunnel,1
zenodo_14637589,provenance_size_holdout_p4,zenodo_14637589_00821,tunnel,pipe,0
zenodo_14637589,provenance_size_holdout_p4,zenodo_14637589_00822,tunnel,tunnel,1
zenodo_14637589,provenance_size_holdout_p4,zenodo_14637589_00823,tunnel,pipe,0
zenodo_14637589,provenance_size_holdout_p4,zenodo_14637589_00824,tunnel,tunnel,1
zenodo_14637589,provenance_size_holdout_p4,zenodo_14637589_00825,tunnel,tunnel,1
zenodo_14637589,provenance_size_holdout_p4,zenodo_14637589_00826,tunnel,tunnel,1
zenodo_14637589,provenance_size_holdout_p4,zenodo_14637589_00827,tunnel,pipe,0
zenodo_14637589,provenance_size_holdout_p4,zenodo_14637589_00828,tunnel,tunnel,1
zenodo_14637589,provenance_size_holdout_p4,zenodo_14637589_00829,tunnel,tunnel,1
zenodo_14637589,provenance_size_holdout_p4,zenodo_14637589_00830,tunnel,tunnel,1
zenodo_14637589,provenance_size_holdout_p4,zenodo_14637589_00831,tunnel,pipe,0
zenodo_14637589,provenance_size_holdout_p4,zenodo_14637589_00832,tunnel,tunnel,1
zenodo_14637589,provenance_size_holdout_p4,zenodo_14637589_00833,tunnel,tunnel,1
zenodo_14637589,provenance_size_holdout_p4,zenodo_14637589_00834,tunnel,tunnel,1
zenodo_14637589,provenance_size_holdout_p4,zenodo_14637589_00835,tunnel,tunnel,1
zenodo_14637589,provenance_size_holdout_p4,zenodo_14637589_00836,tunnel,tunnel,1
zenodo_14637589,provenance_size_holdout_p4,zenodo_14637589_00837,tunnel,tunnel,1
zenodo_14637589,provenance_size_holdout_p4,zenodo_14637589_00838,tunnel,tunnel,1
zenodo_14637589,provenance_size_holdout_p4,zenodo_14637589_00839,tunnel,pipe,0
zenodo_14637589,provenance_size_holdout_p4,zenodo_14637589_00840,tunnel,tunnel,1
zenodo_14637589,provenance_size_holdout_p4,zenodo_14637589_00841,tunnel,tunnel,1
zenodo_14637589,provenance_size_holdout_p4,zenodo_14637589_00842,tunnel,tunnel,1
zenodo_14637589,provenance_size_holdout_p4,zenodo_14637589_00843,tunnel,tunnel,1
zenodo_14637589,provenance_size_holdout_p4,zenodo_14637589_00844,tunnel,tunnel,1
zenodo_14637589,provenance_size_holdout_p4,zenodo_14637589_00845,tunnel,tunnel,1
zenodo_14637589,provenance_size_holdout_p4,zenodo_14637589_00846,tunnel,tunnel,1
zenodo_14637589,provenance_size_holdout_p4,zenodo_14637589_00847,tunnel,tunnel,1
zenodo_14637589,provenance_size_holdout_p4,zenodo_14637589_00848,tunnel,tunnel,1
zenodo_14637589,provenance_size_holdout_p4,zenodo_14637589_00849,tunnel,tunnel,1
zenodo_14637589,provenance_size_holdout_p4,zenodo_14637589_00850,tunnel,tunnel,1
zenodo_14637589,provenance_size_holdout_p4,zenodo_14637589_00851,tunnel,tunnel,1
zenodo_14637589,provenance_size_holdout_p4,zenodo_14637589_00852,tunnel,tunnel,1
zenodo_14637589,provenance_size_holdout_p4,zenodo_14637589_00853,tunnel,tunnel,1
zenodo_14637589,provenance_size_holdout_p4,zenodo_14637589_00854,tunnel,tunnel,1
zenodo_14637589,provenance_size_holdout_p4,zenodo_14637589_00855,tunnel,tunnel,1
zenodo_14637589,provenance_size_holdout_p4,zenodo_14637589_00856,tunnel,tunnel,1
zenodo_14637589,provenance_size_holdout_p4,zenodo_14637589_00857,tunnel,tunnel,1
zenodo_14637589,provenance_size_holdout_p4,zenodo_14637589_00858,tunnel,tunnel,1
zenodo_14637589,provenance_size_holdout_p4,zenodo_14637589_00859,tunnel,tunnel,1
zenodo_14637589,provenance_size_holdout_p4,zenodo_14637589_00860,tunnel,tunnel,1
zenodo_14637589,provenance_size_holdout_p4,zenodo_14637589_00861,tunnel,tunnel,1
zenodo_14637589,provenance_size_holdout_p4,zenodo_14637589_00862,tunnel,pipe,0
zenodo_14637589,provenance_size_holdout_p4,zenodo_14637589_00863,tunnel,pipe,0
zenodo_14637589,provenance_size_holdout_p4,zenodo_14637589_00864,tunnel,pipe,0
zenodo_14637589,provenance_size_holdout_p4,zenodo_14637589_00865,tunnel,tunnel,1
zenodo_14637589,datasail_like_group_balance,zenodo_14637589_00000,pipe,pipe,1
zenodo_14637589,datasail_like_group_balance,zenodo_14637589_00001,pipe,pipe,1
zenodo_14637589,datasail_like_group_balance,zenodo_14637589_00002,pipe,pipe,1
zenodo_14637589,datasail_like_group_balance,zenodo_14637589_00003,pipe,pipe,1
zenodo_14637589,datasail_like_group_balance,zenodo_14637589_00004,pipe,pipe,1
zenodo_14637589,datasail_like_group_balance,zenodo_14637589_00005,pipe,pipe,1
zenodo_14637589,datasail_like_group_balance,zenodo_14637589_00006,pipe,pipe,1
zenodo_14637589,datasail_like_group_balance,zenodo_14637589_00007,pipe,pipe,1
zenodo_14637589,datasail_like_group_balance,zenodo_14637589_00046,pipe,tunnel,0
zenodo_14637589,datasail_like_group_balance,zenodo_14637589_00047,pipe,tunnel,0
zenodo_14637589,datasail_like_group_balance,zenodo_14637589_00048,pipe,tunnel,0
zenodo_14637589,datasail_like_group_balance,zenodo_14637589_00049,pipe,tunnel,0
zenodo_14637589,datasail_like_group_balance,zenodo_14637589_00050,pipe,tunnel,0
zenodo_14637589,datasail_like_group_balance,zenodo_14637589_00051,pipe,tunnel,0
zenodo_14637589,datasail_like_group_balance,zenodo_14637589_00052,pipe,tunnel,0
zenodo_14637589,datasail_like_group_balance,zenodo_14637589_00053,pipe,tunnel,0
zenodo_14637589,datasail_like_group_balance,zenodo_14637589_00069,pipe,pipe,1
zenodo_14637589,datasail_like_group_balance,zenodo_14637589_00070,pipe,pipe,1
zenodo_14637589,datasail_like_group_balance,zenodo_14637589_00071,pipe,tunnel,0
zenodo_14637589,datasail_like_group_balance,zenodo_14637589_00072,pipe,tunnel,0
zenodo_14637589,datasail_like_group_balance,zenodo_14637589_00073,pipe,pipe,1
zenodo_14637589,datasail_like_group_balance,zenodo_14637589_00083,pipe,tunnel,0
zenodo_14637589,datasail_like_group_balance,zenodo_14637589_00084,pipe,tunnel,0
zenodo_14637589,datasail_like_group_balance,zenodo_14637589_00085,pipe,tunnel,0
zenodo_14637589,datasail_like_group_balance,zenodo_14637589_00086,pipe,tunnel,0
zenodo_14637589,datasail_like_group_balance,zenodo_14637589_00087,pipe,pipe,1
zenodo_14637589,datasail_like_group_balance,zenodo_14637589_00088,pipe,pipe,1
zenodo_14637589,datasail_like_group_balance,zenodo_14637589_00089,pipe,pipe,1
zenodo_14637589,datasail_like_group_balance,zenodo_14637589_00090,pipe,pipe,1
zenodo_14637589,datasail_like_group_balance,zenodo_14637589_00091,pipe,pipe,1
zenodo_14637589,datasail_like_group_balance,zenodo_14637589_00092,pipe,pipe,1
zenodo_14637589,datasail_like_group_balance,zenodo_14637589_00093,pipe,pipe,1
zenodo_14637589,datasail_like_group_balance,zenodo_14637589_00094,pipe,tunnel,0
zenodo_14637589,datasail_like_group_balance,zenodo_14637589_00095,pipe,tunnel,0
zenodo_14637589,datasail_like_group_balance,zenodo_14637589_00096,pipe,tunnel,0
zenodo_14637589,datasail_like_group_balance,zenodo_14637589_00097,pipe,tunnel,0
zenodo_14637589,datasail_like_group_balance,zenodo_14637589_00098,pipe,tunnel,0
zenodo_14637589,datasail_like_group_balance,zenodo_14637589_00099,pipe,tunnel,0
zenodo_14637589,datasail_like_group_balance,zenodo_14637589_00100,pipe,tunnel,0
zenodo_14637589,datasail_like_group_balance,zenodo_14637589_00101,pipe,tunnel,0
zenodo_14637589,datasail_like_group_balance,zenodo_14637589_00102,pipe,tunnel,0
zenodo_14637589,datasail_like_group_balance,zenodo_14637589_00103,pipe,tunnel,0
zenodo_14637589,datasail_like_group_balance,zenodo_14637589_00104,pipe,pipe,1
zenodo_14637589,datasail_like_group_balance,zenodo_14637589_00105,pipe,pipe,1
zenodo_14637589,datasail_like_group_balance,zenodo_14637589_00106,pipe,pipe,1
zenodo_14637589,datasail_like_group_balance,zenodo_14637589_00107,pipe,pipe,1
zenodo_14637589,datasail_like_group_balance,zenodo_14637589_00108,pipe,tunnel,0
zenodo_14637589,datasail_like_group_balance,zenodo_14637589_00487,pipe,pipe,1
zenodo_14637589,datasail_like_group_balance,zenodo_14637589_00488,pipe,pipe,1
zenodo_14637589,datasail_like_group_balance,zenodo_14637589_00489,pipe,pipe,1
zenodo_14637589,datasail_like_group_balance,zenodo_14637589_00490,pipe,pipe,1
zenodo_14637589,datasail_like_group_balance,zenodo_14637589_00491,pipe,pipe,1
zenodo_14637589,datasail_like_group_balance,zenodo_14637589_00492,pipe,pipe,1
zenodo_14637589,datasail_like_group_balance,zenodo_14637589_00493,pipe,pipe,1
zenodo_14637589,datasail_like_group_balance,zenodo_14637589_00494,pipe,pipe,1
zenodo_14637589,datasail_like_group_balance,zenodo_14637589_00495,pipe,pipe,1
zenodo_14637589,datasail_like_group_balance,zenodo_14637589_00496,pipe,pipe,1
zenodo_14637589,datasail_like_group_balance,zenodo_14637589_00497,pipe,pipe,1
zenodo_14637589,datasail_like_group_balance,zenodo_14637589_00498,pipe,pipe,1
zenodo_14637589,datasail_like_group_balance,zenodo_14637589_00499,pipe,pipe,1
zenodo_14637589,datasail_like_group_balance,zenodo_14637589_00500,pipe,pipe,1
zenodo_14637589,datasail_like_group_balance,zenodo_14637589_00501,pipe,pipe,1
zenodo_14637589,datasail_like_group_balance,zenodo_14637589_00502,pipe,pipe,1
zenodo_14637589,datasail_like_group_balance,zenodo_14637589_00503,pipe,pipe,1
zenodo_14637589,datasail_like_group_balance,zenodo_14637589_00504,pipe,pipe,1
zenodo_14637589,datasail_like_group_balance,zenodo_14637589_00505,pipe,pipe,1
zenodo_14637589,datasail_like_group_balance,zenodo_14637589_00506,pipe,pipe,1
zenodo_14637589,datasail_like_group_balance,zenodo_14637589_00507,pipe,pipe,1
zenodo_14637589,datasail_like_group_balance,zenodo_14637589_00508,pipe,pipe,1
zenodo_14637589,datasail_like_group_balance,zenodo_14637589_00509,pipe,pipe,1
zenodo_14637589,datasail_like_group_balance,zenodo_14637589_00510,pipe,pipe,1
zenodo_14637589,datasail_like_group_balance,zenodo_14637589_00511,pipe,pipe,1
zenodo_14637589,datasail_like_group_balance,zenodo_14637589_00512,pipe,pipe,1
zenodo_14637589,datasail_like_group_balance,zenodo_14637589_00513,pipe,pipe,1
zenodo_14637589,datasail_like_group_balance,zenodo_14637589_00514,pipe,pipe,1
zenodo_14637589,datasail_like_group_balance,zenodo_14637589_00515,pipe,pipe,1
zenodo_14637589,datasail_like_group_balance,zenodo_14637589_00516,pipe,pipe,1
zenodo_14637589,datasail_like_group_balance,zenodo_14637589_00517,pipe,pipe,1
zenodo_14637589,datasail_like_group_balance,zenodo_14637589_00518,pipe,pipe,1
zenodo_14637589,datasail_like_group_balance,zenodo_14637589_00519,pipe,tunnel,0
zenodo_14637589,datasail_like_group_balance,zenodo_14637589_00520,pipe,pipe,1
zenodo_14637589,datasail_like_group_balance,zenodo_14637589_00521,pipe,pipe,1
zenodo_14637589,datasail_like_group_balance,zenodo_14637589_00522,pipe,pipe,1
zenodo_14637589,datasail_like_group_balance,zenodo_14637589_00523,pipe,pipe,1
zenodo_14637589,datasail_like_group_balance,zenodo_14637589_00524,pipe,pipe,1
zenodo_14637589,datasail_like_group_balance,zenodo_14637589_00525,pipe,pipe,1
zenodo_14637589,datasail_like_group_balance,zenodo_14637589_00526,pipe,pipe,1
zenodo_14637589,datasail_like_group_balance,zenodo_14637589_00527,pipe,pipe,1
zenodo_14637589,datasail_like_group_balance,zenodo_14637589_00528,pipe,pipe,1
zenodo_14637589,datasail_like_group_balance,zenodo_14637589_00529,pipe,tunnel,0
zenodo_14637589,datasail_like_group_balance,zenodo_14637589_00530,pipe,tunnel,0
zenodo_14637589,datasail_like_group_balance,zenodo_14637589_00531,pipe,tunnel,0
zenodo_14637589,datasail_like_group_balance,zenodo_14637589_00532,pipe,tunnel,0
zenodo_14637589,datasail_like_group_balance,zenodo_14637589_00533,pipe,tunnel,0
zenodo_14637589,datasail_like_group_balance,zenodo_14637589_00534,pipe,pipe,1
zenodo_14637589,datasail_like_group_balance,zenodo_14637589_00535,pipe,tunnel,0
zenodo_14637589,datasail_like_group_balance,zenodo_14637589_00536,pipe,pipe,1
zenodo_14637589,datasail_like_group_balance,zenodo_14637589_00537,pipe,pipe,1
zenodo_14637589,datasail_like_group_balance,zenodo_14637589_00538,pipe,pipe,1
zenodo_14637589,datasail_like_group_balance,zenodo_14637589_00539,pipe,pipe,1
zenodo_14637589,datasail_like_group_balance,zenodo_14637589_00540,pipe,pipe,1
zenodo_14637589,datasail_like_group_balance,zenodo_14637589_00541,pipe,pipe,1
zenodo_14637589,datasail_like_group_balance,zenodo_14637589_00542,pipe,pipe,1
zenodo_14637589,datasail_like_group_balance,zenodo_14637589_00543,pipe,pipe,1
zenodo_14637589,datasail_like_group_balance,zenodo_14637589_00544,pipe,pipe,1
zenodo_14637589,datasail_like_group_balance,zenodo_14637589_00545,pipe,pipe,1
zenodo_14637589,datasail_like_group_balance,zenodo_14637589_00546,pipe,pipe,1
zenodo_14637589,datasail_like_group_balance,zenodo_14637589_00547,pipe,pipe,1
zenodo_14637589,datasail_like_group_balance,zenodo_14637589_00548,pipe,pipe,1
zenodo_14637589,datasail_like_group_balance,zenodo_14637589_00549,pipe,pipe,1
zenodo_14637589,datasail_like_group_balance,zenodo_14637589_00550,pipe,pipe,1
zenodo_14637589,datasail_like_group_balance,zenodo_14637589_00551,pipe,pipe,1
zenodo_14637589,datasail_like_group_balance,zenodo_14637589_00552,pipe,pipe,1
zenodo_14637589,datasail_like_group_balance,zenodo_14637589_00688,rebar,rebar,1
zenodo_14637589,datasail_like_group_balance,zenodo_14637589_00689,rebar,rebar,1
zenodo_14637589,datasail_like_group_balance,zenodo_14637589_00690,rebar,rebar,1
zenodo_14637589,datasail_like_group_balance,zenodo_14637589_00691,rebar,rebar,1
zenodo_14637589,datasail_like_group_balance,zenodo_14637589_00692,rebar,rebar,1
zenodo_14637589,datasail_like_group_balance,zenodo_14637589_00693,rebar,rebar,1
zenodo_14637589,datasail_like_group_balance,zenodo_14637589_00694,rebar,rebar,1
zenodo_14637589,datasail_like_group_balance,zenodo_14637589_00695,rebar,rebar,1
zenodo_14637589,datasail_like_group_balance,zenodo_14637589_00696,rebar,rebar,1
zenodo_14637589,datasail_like_group_balance,zenodo_14637589_00697,rebar,rebar,1
zenodo_14637589,datasail_like_group_balance,zenodo_14637589_00698,rebar,rebar,1
zenodo_14637589,datasail_like_group_balance,zenodo_14637589_00699,rebar,rebar,1
zenodo_14637589,datasail_like_group_balance,zenodo_14637589_00700,rebar,rebar,1
zenodo_14637589,datasail_like_group_balance,zenodo_14637589_00701,rebar,rebar,1
zenodo_14637589,datasail_like_group_balance,zenodo_14637589_00702,rebar,rebar,1
zenodo_14637589,datasail_like_group_balance,zenodo_14637589_00703,rebar,rebar,1
zenodo_14637589,datasail_like_group_balance,zenodo_14637589_00704,rebar,rebar,1
zenodo_14637589,datasail_like_group_balance,zenodo_14637589_00705,rebar,rebar,1
zenodo_14637589,datasail_like_group_balance,zenodo_14637589_00706,rebar,rebar,1
zenodo_14637589,datasail_like_group_balance,zenodo_14637589_00707,rebar,rebar,1
zenodo_14637589,datasail_like_group_balance,zenodo_14637589_00708,rebar,rebar,1
zenodo_14637589,datasail_like_group_balance,zenodo_14637589_00742,rebar,rebar,1
zenodo_14637589,datasail_like_group_balance,zenodo_14637589_00743,rebar,rebar,1
zenodo_14637589,datasail_like_group_balance,zenodo_14637589_00744,rebar,rebar,1
zenodo_14637589,datasail_like_group_balance,zenodo_14637589_00745,rebar,rebar,1
zenodo_14637589,datasail_like_group_balance,zenodo_14637589_00746,rebar,rebar,1
zenodo_14637589,datasail_like_group_balance,zenodo_14637589_00747,rebar,rebar,1
zenodo_14637589,datasail_like_group_balance,zenodo_14637589_00748,rebar,rebar,1
zenodo_14637589,datasail_like_group_balance,zenodo_14637589_00749,rebar,rebar,1
zenodo_14637589,datasail_like_group_balance,zenodo_14637589_00750,rebar,rebar,1
zenodo_14637589,datasail_like_group_balance,zenodo_14637589_00751,rebar,rebar,1
zenodo_14637589,datasail_like_group_balance,zenodo_14637589_00752,rebar,rebar,1
zenodo_14637589,datasail_like_group_balance,zenodo_14637589_00753,rebar,rebar,1
zenodo_14637589,datasail_like_group_balance,zenodo_14637589_00754,rebar,rebar,1
zenodo_14637589,datasail_like_group_balance,zenodo_14637589_00755,rebar,rebar,1
zenodo_14637589,datasail_like_group_balance,zenodo_14637589_00756,rebar,rebar,1
zenodo_14637589,datasail_like_group_balance,zenodo_14637589_00757,rebar,rebar,1
zenodo_14637589,datasail_like_group_balance,zenodo_14637589_00758,rebar,rebar,1
zenodo_14637589,datasail_like_group_balance,zenodo_14637589_00759,rebar,rebar,1
zenodo_14637589,datasail_like_group_balance,zenodo_14637589_00760,rebar,rebar,1
zenodo_14637589,datasail_like_group_balance,zenodo_14637589_00761,rebar,rebar,1
zenodo_14637589,datasail_like_group_balance,zenodo_14637589_00762,rebar,rebar,1
zenodo_14637589,datasail_like_group_balance,zenodo_14637589_00763,rebar,rebar,1
zenodo_14637589,datasail_like_group_balance,zenodo_14637589_00764,rebar,rebar,1
zenodo_14637589,datasail_like_group_balance,zenodo_14637589_00765,rebar,rebar,1
zenodo_14637589,datasail_like_group_balance,zenodo_14637589_00766,rebar,rebar,1
zenodo_14637589,datasail_like_group_balance,zenodo_14637589_00767,rebar,rebar,1
zenodo_14637589,datasail_like_group_balance,zenodo_14637589_00768,rebar,pipe,0
zenodo_14637589,datasail_like_group_balance,zenodo_14637589_00769,rebar,pipe,0
zenodo_14637589,datasail_like_group_balance,zenodo_14637589_00818,tunnel,tunnel,1
zenodo_14637589,datasail_like_group_balance,zenodo_14637589_00819,tunnel,pipe,0
zenodo_14637589,datasail_like_group_balance,zenodo_14637589_00820,tunnel,tunnel,1
zenodo_14637589,datasail_like_group_balance,zenodo_14637589_00821,tunnel,pipe,0
zenodo_14637589,datasail_like_group_balance,zenodo_14637589_00822,tunnel,tunnel,1
zenodo_14637589,datasail_like_group_balance,zenodo_14637589_00823,tunnel,tunnel,1
zenodo_14637589,datasail_like_group_balance,zenodo_14637589_00824,tunnel,tunnel,1
zenodo_14637589,datasail_like_group_balance,zenodo_14637589_00825,tunnel,tunnel,1
zenodo_14637589,datasail_like_group_balance,zenodo_14637589_00826,tunnel,tunnel,1
zenodo_14637589,datasail_like_group_balance,zenodo_14637589_00827,tunnel,pipe,0
zenodo_14637589,datasail_like_group_balance,zenodo_14637589_00828,tunnel,tunnel,1
zenodo_14637589,datasail_like_group_balance,zenodo_14637589_00829,tunnel,pipe,0
zenodo_14637589,datasail_like_group_balance,zenodo_14637589_00830,tunnel,tunnel,1
zenodo_14637589,datasail_like_group_balance,zenodo_14637589_00831,tunnel,pipe,0
zenodo_14637589,datasail_like_group_balance,zenodo_14637589_00832,tunnel,tunnel,1
zenodo_14637589,datasail_like_group_balance,zenodo_14637589_00833,tunnel,tunnel,1
zenodo_14637589,datasail_like_group_balance,zenodo_14637589_00834,tunnel,tunnel,1
zenodo_14637589,datasail_like_group_balance,zenodo_14637589_00835,tunnel,tunnel,1
zenodo_14637589,datasail_like_group_balance,zenodo_14637589_00836,tunnel,tunnel,1
zenodo_14637589,datasail_like_group_balance,zenodo_14637589_00837,tunnel,tunnel,1
zenodo_14637589,datasail_like_group_balance,zenodo_14637589_00838,tunnel,tunnel,1
zenodo_14637589,datasail_like_group_balance,zenodo_14637589_00839,tunnel,tunnel,1
zenodo_14637589,datasail_like_group_balance,zenodo_14637589_00840,tunnel,tunnel,1
zenodo_14637589,datasail_like_group_balance,zenodo_14637589_00841,tunnel,tunnel,1
zenodo_14637589,datasail_like_group_balance,zenodo_14637589_00842,tunnel,tunnel,1
zenodo_14637589,datasail_like_group_balance,zenodo_14637589_00843,tunnel,tunnel,1
zenodo_14637589,datasail_like_group_balance,zenodo_14637589_00844,tunnel,tunnel,1
zenodo_14637589,datasail_like_group_balance,zenodo_14637589_00845,tunnel,tunnel,1
zenodo_14637589,datasail_like_group_balance,zenodo_14637589_00846,tunnel,tunnel,1
zenodo_14637589,datasail_like_group_balance,zenodo_14637589_00847,tunnel,tunnel,1
zenodo_14637589,datasail_like_group_balance,zenodo_14637589_00848,tunnel,tunnel,1
zenodo_14637589,datasail_like_group_balance,zenodo_14637589_00849,tunnel,tunnel,1
zenodo_14637589,datasail_like_group_balance,zenodo_14637589_00850,tunnel,tunnel,1
zenodo_14637589,datasail_like_group_balance,zenodo_14637589_00851,tunnel,tunnel,1
zenodo_14637589,datasail_like_group_balance,zenodo_14637589_00852,tunnel,tunnel,1
zenodo_14637589,datasail_like_group_balance,zenodo_14637589_00853,tunnel,tunnel,1
zenodo_14637589,datasail_like_group_balance,zenodo_14637589_00854,tunnel,tunnel,1
zenodo_14637589,datasail_like_group_balance,zenodo_14637589_00855,tunnel,tunnel,1
zenodo_14637589,datasail_like_group_balance,zenodo_14637589_00856,tunnel,tunnel,1
zenodo_14637589,datasail_like_group_balance,zenodo_14637589_00857,tunnel,tunnel,1
zenodo_14637589,datasail_like_group_balance,zenodo_14637589_00858,tunnel,tunnel,1
zenodo_14637589,datasail_like_group_balance,zenodo_14637589_00859,tunnel,tunnel,1
zenodo_14637589,datasail_like_group_balance,zenodo_14637589_00860,tunnel,tunnel,1
zenodo_14637589,datasail_like_group_balance,zenodo_14637589_00861,tunnel,tunnel,1
zenodo_14637589,datasail_like_group_balance,zenodo_14637589_00862,tunnel,pipe,0
zenodo_14637589,datasail_like_group_balance,zenodo_14637589_00863,tunnel,tunnel,1
zenodo_14637589,datasail_like_group_balance,zenodo_14637589_00864,tunnel,pipe,0
zenodo_14637589,datasail_like_group_balance,zenodo_14637589_00865,tunnel,tunnel,1
deepmask_gpr,random_stratified_70_15_15,deepmask_gpr::cavities::1,cavity,intact,0
deepmask_gpr,random_stratified_70_15_15,deepmask_gpr::cavities::10,cavity,cavity,1
deepmask_gpr,random_stratified_70_15_15,deepmask_gpr::cavities::12,cavity,cavity,1
deepmask_gpr,random_stratified_70_15_15,deepmask_gpr::cavities::18,cavity,cavity,1
deepmask_gpr,random_stratified_70_15_15,deepmask_gpr::cavities::25,cavity,cavity,1
deepmask_gpr,random_stratified_70_15_15,deepmask_gpr::cavities::26,cavity,cavity,1
deepmask_gpr,random_stratified_70_15_15,deepmask_gpr::cavities::28,cavity,cavity,1
deepmask_gpr,random_stratified_70_15_15,deepmask_gpr::cavities::3,cavity,cavity,1
deepmask_gpr,random_stratified_70_15_15,deepmask_gpr::cavities::35,cavity,cavity,1
deepmask_gpr,random_stratified_70_15_15,deepmask_gpr::cavities::4,cavity,cavity,1
deepmask_gpr,random_stratified_70_15_15,deepmask_gpr::cavities::49,cavity,cavity,1
deepmask_gpr,random_stratified_70_15_15,deepmask_gpr::cavities::53,cavity,cavity,1
deepmask_gpr,random_stratified_70_15_15,deepmask_gpr::cavities::56,cavity,cavity,1
deepmask_gpr,random_stratified_70_15_15,deepmask_gpr::cavities::60,cavity,cavity,1
deepmask_gpr,random_stratified_70_15_15,deepmask_gpr::cavities::63,cavity,cavity,1
deepmask_gpr,random_stratified_70_15_15,deepmask_gpr::cavities::64,cavity,cavity,1
deepmask_gpr,random_stratified_70_15_15,deepmask_gpr::cavities::66,cavity,cavity,1
deepmask_gpr,random_stratified_70_15_15,deepmask_gpr::cavities::67,cavity,cavity,1
deepmask_gpr,random_stratified_70_15_15,deepmask_gpr::cavities::69,cavity,cavity,1
deepmask_gpr,random_stratified_70_15_15,deepmask_gpr::cavities::76,cavity,cavity,1
deepmask_gpr,random_stratified_70_15_15,deepmask_gpr::augmented_cavities::11_aug_8,cavity,utility,0
deepmask_gpr,random_stratified_70_15_15,deepmask_gpr::augmented_cavities::11_aug_9,cavity,cavity,1
deepmask_gpr,random_stratified_70_15_15,deepmask_gpr::augmented_cavities::12_aug_7,cavity,cavity,1
deepmask_gpr,random_stratified_70_15_15,deepmask_gpr::augmented_cavities::14_aug_11,cavity,intact,0
deepmask_gpr,random_stratified_70_15_15,deepmask_gpr::augmented_cavities::14_aug_13,cavity,utility,0
deepmask_gpr,random_stratified_70_15_15,deepmask_gpr::augmented_cavities::15_aug_11,cavity,utility,0
deepmask_gpr,random_stratified_70_15_15,deepmask_gpr::augmented_cavities::15_aug_8,cavity,cavity,1
deepmask_gpr,random_stratified_70_15_15,deepmask_gpr::augmented_cavities::17_aug_10,cavity,cavity,1
deepmask_gpr,random_stratified_70_15_15,deepmask_gpr::augmented_cavities::18_aug_11,cavity,cavity,1
deepmask_gpr,random_stratified_70_15_15,deepmask_gpr::augmented_cavities::18_aug_9,cavity,cavity,1
deepmask_gpr,random_stratified_70_15_15,deepmask_gpr::augmented_cavities::19_aug_7,cavity,cavity,1
deepmask_gpr,random_stratified_70_15_15,deepmask_gpr::augmented_cavities::19_aug_8,cavity,utility,0
deepmask_gpr,random_stratified_70_15_15,deepmask_gpr::augmented_cavities::21_aug_7,cavity,cavity,1
deepmask_gpr,random_stratified_70_15_15,deepmask_gpr::augmented_cavities::22_aug_7,cavity,cavity,1
deepmask_gpr,random_stratified_70_15_15,deepmask_gpr::augmented_cavities::22_aug_8,cavity,cavity,1
deepmask_gpr,random_stratified_70_15_15,deepmask_gpr::augmented_cavities::24_aug_8,cavity,cavity,1
deepmask_gpr,random_stratified_70_15_15,deepmask_gpr::augmented_cavities::25_aug_7,cavity,cavity,1
deepmask_gpr,random_stratified_70_15_15,deepmask_gpr::augmented_cavities::26_aug_12,cavity,cavity,1
deepmask_gpr,random_stratified_70_15_15,deepmask_gpr::augmented_cavities::28_aug_7,cavity,cavity,1
deepmask_gpr,random_stratified_70_15_15,deepmask_gpr::augmented_cavities::2_aug_7,cavity,intact,0
deepmask_gpr,random_stratified_70_15_15,deepmask_gpr::augmented_cavities::30_aug_8,cavity,cavity,1
deepmask_gpr,random_stratified_70_15_15,deepmask_gpr::augmented_cavities::31_aug_8,cavity,cavity,1
deepmask_gpr,random_stratified_70_15_15,deepmask_gpr::augmented_cavities::32_aug_7,cavity,cavity,1
deepmask_gpr,random_stratified_70_15_15,deepmask_gpr::augmented_cavities::32_aug_9,cavity,cavity,1
deepmask_gpr,random_stratified_70_15_15,deepmask_gpr::augmented_cavities::33_aug_11,cavity,cavity,1
deepmask_gpr,random_stratified_70_15_15,deepmask_gpr::augmented_cavities::34_aug_12,cavity,cavity,1
deepmask_gpr,random_stratified_70_15_15,deepmask_gpr::augmented_cavities::36_aug_10,cavity,cavity,1
deepmask_gpr,random_stratified_70_15_15,deepmask_gpr::augmented_cavities::36_aug_11,cavity,cavity,1
deepmask_gpr,random_stratified_70_15_15,deepmask_gpr::augmented_cavities::38_aug_13,cavity,cavity,1
deepmask_gpr,random_stratified_70_15_15,deepmask_gpr::augmented_cavities::3_aug_12,cavity,cavity,1
deepmask_gpr,random_stratified_70_15_15,deepmask_gpr::augmented_cavities::3_aug_8,cavity,cavity,1
deepmask_gpr,random_stratified_70_15_15,deepmask_gpr::augmented_cavities::42_aug_10,cavity,cavity,1
deepmask_gpr,random_stratified_70_15_15,deepmask_gpr::augmented_cavities::43_aug_8,cavity,cavity,1
deepmask_gpr,random_stratified_70_15_15,deepmask_gpr::augmented_cavities::44_aug_10,cavity,cavity,1
deepmask_gpr,random_stratified_70_15_15,deepmask_gpr::augmented_cavities::45_aug_11,cavity,utility,0
deepmask_gpr,random_stratified_70_15_15,deepmask_gpr::augmented_cavities::46_aug_13,cavity,cavity,1
deepmask_gpr,random_stratified_70_15_15,deepmask_gpr::augmented_cavities::47_aug_11,cavity,cavity,1
deepmask_gpr,random_stratified_70_15_15,deepmask_gpr::augmented_cavities::49_aug_10,cavity,cavity,1
deepmask_gpr,random_stratified_70_15_15,deepmask_gpr::augmented_cavities::49_aug_12,cavity,cavity,1
deepmask_gpr,random_stratified_70_15_15,deepmask_gpr::augmented_cavities::50_aug_10,cavity,cavity,1
deepmask_gpr,random_stratified_70_15_15,deepmask_gpr::augmented_cavities::50_aug_11,cavity,cavity,1
deepmask_gpr,random_stratified_70_15_15,deepmask_gpr::augmented_cavities::50_aug_7,cavity,cavity,1
deepmask_gpr,random_stratified_70_15_15,deepmask_gpr::augmented_cavities::50_aug_9,cavity,utility,0
deepmask_gpr,random_stratified_70_15_15,deepmask_gpr::augmented_cavities::51_aug_9,cavity,intact,0
deepmask_gpr,random_stratified_70_15_15,deepmask_gpr::augmented_cavities::54_aug_7,cavity,cavity,1
deepmask_gpr,random_stratified_70_15_15,deepmask_gpr::augmented_cavities::55_aug_12,cavity,cavity,1
deepmask_gpr,random_stratified_70_15_15,deepmask_gpr::augmented_cavities::55_aug_8,cavity,cavity,1
deepmask_gpr,random_stratified_70_15_15,deepmask_gpr::augmented_cavities::56_aug_13,cavity,cavity,1
deepmask_gpr,random_stratified_70_15_15,deepmask_gpr::augmented_cavities::56_aug_8,cavity,cavity,1
deepmask_gpr,random_stratified_70_15_15,deepmask_gpr::augmented_cavities::60_aug_11,cavity,utility,0
deepmask_gpr,random_stratified_70_15_15,deepmask_gpr::augmented_cavities::60_aug_8,cavity,cavity,1
deepmask_gpr,random_stratified_70_15_15,deepmask_gpr::augmented_cavities::61_aug_8,cavity,utility,0
deepmask_gpr,random_stratified_70_15_15,deepmask_gpr::augmented_cavities::62_aug_8,cavity,cavity,1
deepmask_gpr,random_stratified_70_15_15,deepmask_gpr::augmented_cavities::65_aug_11,cavity,utility,0
deepmask_gpr,random_stratified_70_15_15,deepmask_gpr::augmented_cavities::65_aug_13,cavity,cavity,1
deepmask_gpr,random_stratified_70_15_15,deepmask_gpr::augmented_cavities::65_aug_7,cavity,cavity,1
deepmask_gpr,random_stratified_70_15_15,deepmask_gpr::augmented_cavities::65_aug_8,cavity,cavity,1
deepmask_gpr,random_stratified_70_15_15,deepmask_gpr::augmented_cavities::66_aug_8,cavity,utility,0
deepmask_gpr,random_stratified_70_15_15,deepmask_gpr::augmented_cavities::67_aug_9,cavity,cavity,1
deepmask_gpr,random_stratified_70_15_15,deepmask_gpr::augmented_cavities::68_aug_12,cavity,cavity,1
deepmask_gpr,random_stratified_70_15_15,deepmask_gpr::augmented_cavities::69_aug_11,cavity,utility,0
deepmask_gpr,random_stratified_70_15_15,deepmask_gpr::augmented_cavities::70_aug_12,cavity,cavity,1
deepmask_gpr,random_stratified_70_15_15,deepmask_gpr::augmented_cavities::71_aug_11,cavity,intact,0
deepmask_gpr,random_stratified_70_15_15,deepmask_gpr::augmented_cavities::71_aug_13,cavity,intact,0
deepmask_gpr,random_stratified_70_15_15,deepmask_gpr::augmented_cavities::72_aug_13,cavity,cavity,1
deepmask_gpr,random_stratified_70_15_15,deepmask_gpr::augmented_cavities::72_aug_7,cavity,cavity,1
deepmask_gpr,random_stratified_70_15_15,deepmask_gpr::augmented_cavities::73_aug_11,cavity,intact,0
deepmask_gpr,random_stratified_70_15_15,deepmask_gpr::augmented_cavities::73_aug_9,cavity,intact,0
deepmask_gpr,random_stratified_70_15_15,deepmask_gpr::augmented_cavities::74_aug_12,cavity,cavity,1
deepmask_gpr,random_stratified_70_15_15,deepmask_gpr::augmented_cavities::75_aug_12,cavity,cavity,1
deepmask_gpr,random_stratified_70_15_15,deepmask_gpr::augmented_cavities::77_aug_7,cavity,cavity,1
deepmask_gpr,random_stratified_70_15_15,deepmask_gpr::augmented_cavities::77_aug_9,cavity,cavity,1
deepmask_gpr,random_stratified_70_15_15,deepmask_gpr::augmented_cavities::79_aug_10,cavity,cavity,1
deepmask_gpr,random_stratified_70_15_15,deepmask_gpr::augmented_cavities::79_aug_11,cavity,cavity,1
deepmask_gpr,random_stratified_70_15_15,deepmask_gpr::augmented_cavities::80_aug_7,cavity,cavity,1
deepmask_gpr,random_stratified_70_15_15,deepmask_gpr::intact::20 (2),intact,intact,1
deepmask_gpr,random_stratified_70_15_15,deepmask_gpr::intact::25 (2),intact,intact,1
deepmask_gpr,random_stratified_70_15_15,deepmask_gpr::intact::28,intact,intact,1
deepmask_gpr,random_stratified_70_15_15,deepmask_gpr::intact::3,intact,intact,1
deepmask_gpr,random_stratified_70_15_15,deepmask_gpr::intact::31 (2),intact,intact,1
deepmask_gpr,random_stratified_70_15_15,deepmask_gpr::intact::36,intact,intact,1
deepmask_gpr,random_stratified_70_15_15,deepmask_gpr::augmented_intact::1 (2)_aug_11,intact,intact,1
deepmask_gpr,random_stratified_70_15_15,deepmask_gpr::augmented_intact::10 (2)_aug_5,intact,intact,1
deepmask_gpr,random_stratified_70_15_15,deepmask_gpr::augmented_intact::10_aug_11,intact,intact,1
deepmask_gpr,random_stratified_70_15_15,deepmask_gpr::augmented_intact::10_aug_12,intact,intact,1
deepmask_gpr,random_stratified_70_15_15,deepmask_gpr::augmented_intact::11_aug_4,intact,intact,1
deepmask_gpr,random_stratified_70_15_15,deepmask_gpr::augmented_intact::12 (2)_aug_1,intact,intact,1
deepmask_gpr,random_stratified_70_15_15,deepmask_gpr::augmented_intact::12 (2)_aug_11,intact,intact,1
deepmask_gpr,random_stratified_70_15_15,deepmask_gpr::augmented_intact::12 (2)_aug_8,intact,intact,1
deepmask_gpr,random_stratified_70_15_15,deepmask_gpr::augmented_intact::13 (2)_aug_1,intact,intact,1
deepmask_gpr,random_stratified_70_15_15,deepmask_gpr::augmented_intact::13 (2)_aug_10,intact,intact,1
deepmask_gpr,random_stratified_70_15_15,deepmask_gpr::augmented_intact::13 (2)_aug_7,intact,intact,1
deepmask_gpr,random_stratified_70_15_15,deepmask_gpr::augmented_intact::13 (2)_aug_8,intact,intact,1
deepmask_gpr,random_stratified_70_15_15,deepmask_gpr::augmented_intact::13_aug_1,intact,intact,1
deepmask_gpr,random_stratified_70_15_15,deepmask_gpr::augmented_intact::13_aug_8,intact,intact,1
deepmask_gpr,random_stratified_70_15_15,deepmask_gpr::augmented_intact::14_aug_5,intact,intact,1
deepmask_gpr,random_stratified_70_15_15,deepmask_gpr::augmented_intact::14_aug_6,intact,intact,1
deepmask_gpr,random_stratified_70_15_15,deepmask_gpr::augmented_intact::14_aug_7,intact,intact,1
deepmask_gpr,random_stratified_70_15_15,deepmask_gpr::augmented_intact::15 (2)_aug_5,intact,intact,1
deepmask_gpr,random_stratified_70_15_15,deepmask_gpr::augmented_intact::15 (2)_aug_6,intact,intact,1
deepmask_gpr,random_stratified_70_15_15,deepmask_gpr::augmented_intact::15_aug_12,intact,intact,1
deepmask_gpr,random_stratified_70_15_15,deepmask_gpr::augmented_intact::15_aug_4,intact,intact,1
deepmask_gpr,random_stratified_70_15_15,deepmask_gpr::augmented_intact::16 (2)_aug_8,intact,intact,1
deepmask_gpr,random_stratified_70_15_15,deepmask_gpr::augmented_intact::16 (2)_aug_9,intact,intact,1
deepmask_gpr,random_stratified_70_15_15,deepmask_gpr::augmented_intact::16_aug_1,intact,intact,1
deepmask_gpr,random_stratified_70_15_15,deepmask_gpr::augmented_intact::16_aug_8,intact,intact,1
deepmask_gpr,random_stratified_70_15_15,deepmask_gpr::augmented_intact::17 (2)_aug_3,intact,intact,1
deepmask_gpr,random_stratified_70_15_15,deepmask_gpr::augmented_intact::17 (2)_aug_9,intact,intact,1
deepmask_gpr,random_stratified_70_15_15,deepmask_gpr::augmented_intact::17_aug_10,intact,intact,1
deepmask_gpr,random_stratified_70_15_15,deepmask_gpr::augmented_intact::17_aug_12,intact,intact,1
deepmask_gpr,random_stratified_70_15_15,deepmask_gpr::augmented_intact::17_aug_2,intact,intact,1
deepmask_gpr,random_stratified_70_15_15,deepmask_gpr::augmented_intact::18 (2)_aug_10,intact,intact,1
deepmask_gpr,random_stratified_70_15_15,deepmask_gpr::augmented_intact::18 (2)_aug_6,intact,intact,1
deepmask_gpr,random_stratified_70_15_15,deepmask_gpr::augmented_intact::18 (2)_aug_7,intact,intact,1
deepmask_gpr,random_stratified_70_15_15,deepmask_gpr::augmented_intact::18 (2)_aug_8,intact,intact,1
deepmask_gpr,random_stratified_70_15_15,deepmask_gpr::augmented_intact::18_aug_2,intact,intact,1
deepmask_gpr,random_stratified_70_15_15,deepmask_gpr::augmented_intact::18_aug_8,intact,intact,1
deepmask_gpr,random_stratified_70_15_15,deepmask_gpr::augmented_intact::19 (2)_aug_10,intact,intact,1
deepmask_gpr,random_stratified_70_15_15,deepmask_gpr::augmented_intact::19 (2)_aug_11,intact,intact,1
deepmask_gpr,random_stratified_70_15_15,deepmask_gpr::augmented_intact::19 (2)_aug_6,intact,intact,1
deepmask_gpr,random_stratified_70_15_15,deepmask_gpr::augmented_intact::19 (2)_aug_7,intact,intact,1
deepmask_gpr,random_stratified_70_15_15,deepmask_gpr::augmented_intact::1_aug_12,intact,intact,1
deepmask_gpr,random_stratified_70_15_15,deepmask_gpr::augmented_intact::1_aug_7,intact,intact,1
deepmask_gpr,random_stratified_70_15_15,deepmask_gpr::augmented_intact::2 (2)_aug_7,intact,intact,1
deepmask_gpr,random_stratified_70_15_15,deepmask_gpr::augmented_intact::2 (2)_aug_8,intact,intact,1
deepmask_gpr,random_stratified_70_15_15,deepmask_gpr::augmented_intact::2 (2)_aug_9,intact,intact,1
deepmask_gpr,random_stratified_70_15_15,deepmask_gpr::augmented_intact::20 (2)_aug_12,intact,intact,1
deepmask_gpr,random_stratified_70_15_15,deepmask_gpr::augmented_intact::20 (2)_aug_2,intact,intact,1
deepmask_gpr,random_stratified_70_15_15,deepmask_gpr::augmented_intact::20 (2)_aug_3,intact,intact,1
deepmask_gpr,random_stratified_70_15_15,deepmask_gpr::augmented_intact::20 (2)_aug_5,intact,intact,1
deepmask_gpr,random_stratified_70_15_15,deepmask_gpr::augmented_intact::20_aug_1,intact,intact,1
deepmask_gpr,random_stratified_70_15_15,deepmask_gpr::augmented_intact::20_aug_12,intact,intact,1
deepmask_gpr,random_stratified_70_15_15,deepmask_gpr::augmented_intact::20_aug_3,intact,intact,1
deepmask_gpr,random_stratified_70_15_15,deepmask_gpr::augmented_intact::21 (2)_aug_10,intact,intact,1
deepmask_gpr,random_stratified_70_15_15,deepmask_gpr::augmented_intact::21_aug_11,intact,intact,1
deepmask_gpr,random_stratified_70_15_15,deepmask_gpr::augmented_intact::21_aug_3,intact,intact,1
deepmask_gpr,random_stratified_70_15_15,deepmask_gpr::augmented_intact::21_aug_4,intact,intact,1
deepmask_gpr,random_stratified_70_15_15,deepmask_gpr::augmented_intact::21_aug_5,intact,intact,1
deepmask_gpr,random_stratified_70_15_15,deepmask_gpr::augmented_intact::23_aug_5,intact,intact,1
deepmask_gpr,random_stratified_70_15_15,deepmask_gpr::augmented_intact::23_aug_6,intact,intact,1
deepmask_gpr,random_stratified_70_15_15,deepmask_gpr::augmented_intact::23_aug_9,intact,intact,1
deepmask_gpr,random_stratified_70_15_15,deepmask_gpr::augmented_intact::25_aug_10,intact,intact,1
deepmask_gpr,random_stratified_70_15_15,deepmask_gpr::augmented_intact::25_aug_7,intact,intact,1
deepmask_gpr,random_stratified_70_15_15,deepmask_gpr::augmented_intact::26 (2)_aug_12,intact,intact,1
deepmask_gpr,random_stratified_70_15_15,deepmask_gpr::augmented_intact::26 (2)_aug_4,intact,cavity,0
deepmask_gpr,random_stratified_70_15_15,deepmask_gpr::augmented_intact::26_aug_10,intact,intact,1
deepmask_gpr,random_stratified_70_15_15,deepmask_gpr::augmented_intact::27 (2)_aug_11,intact,intact,1
deepmask_gpr,random_stratified_70_15_15,deepmask_gpr::augmented_intact::27 (2)_aug_12,intact,intact,1
deepmask_gpr,random_stratified_70_15_15,deepmask_gpr::augmented_intact::27 (2)_aug_9,intact,intact,1
deepmask_gpr,random_stratified_70_15_15,deepmask_gpr::augmented_intact::27_aug_12,intact,intact,1
deepmask_gpr,random_stratified_70_15_15,deepmask_gpr::augmented_intact::27_aug_4,intact,intact,1
deepmask_gpr,random_stratified_70_15_15,deepmask_gpr::augmented_intact::28 (2)_aug_11,intact,intact,1
deepmask_gpr,random_stratified_70_15_15,deepmask_gpr::augmented_intact::28 (2)_aug_3,intact,intact,1
deepmask_gpr,random_stratified_70_15_15,deepmask_gpr::augmented_intact::28 (2)_aug_5,intact,intact,1
deepmask_gpr,random_stratified_70_15_15,deepmask_gpr::augmented_intact::28_aug_5,intact,intact,1
deepmask_gpr,random_stratified_70_15_15,deepmask_gpr::augmented_intact::2_aug_2,intact,intact,1
deepmask_gpr,random_stratified_70_15_15,deepmask_gpr::augmented_intact::31 (2)_aug_1,intact,utility,0
deepmask_gpr,random_stratified_70_15_15,deepmask_gpr::augmented_intact::31 (2)_aug_7,intact,intact,1
deepmask_gpr,random_stratified_70_15_15,deepmask_gpr::augmented_intact::32_aug_2,intact,intact,1
deepmask_gpr,random_stratified_70_15_15,deepmask_gpr::augmented_intact::32_aug_4,intact,cavity,0
deepmask_gpr,random_stratified_70_15_15,deepmask_gpr::augmented_intact::32_aug_5,intact,intact,1
deepmask_gpr,random_stratified_70_15_15,deepmask_gpr::augmented_intact::36 (2)_aug_11,intact,intact,1
deepmask_gpr,random_stratified_70_15_15,deepmask_gpr::augmented_intact::36 (2)_aug_4,intact,utility,0
deepmask_gpr,random_stratified_70_15_15,deepmask_gpr::augmented_intact::36_aug_10,intact,utility,0
deepmask_gpr,random_stratified_70_15_15,deepmask_gpr::augmented_intact::36_aug_11,intact,intact,1
deepmask_gpr,random_stratified_70_15_15,deepmask_gpr::augmented_intact::37_aug_2,intact,intact,1
deepmask_gpr,random_stratified_70_15_15,deepmask_gpr::augmented_intact::38 (2)_aug_11,intact,intact,1
deepmask_gpr,random_stratified_70_15_15,deepmask_gpr::augmented_intact::38 (2)_aug_3,intact,intact,1
deepmask_gpr,random_stratified_70_15_15,deepmask_gpr::augmented_intact::38 (2)_aug_7,intact,intact,1
deepmask_gpr,random_stratified_70_15_15,deepmask_gpr::augmented_intact::38_aug_12,intact,intact,1
deepmask_gpr,random_stratified_70_15_15,deepmask_gpr::augmented_intact::38_aug_2,intact,intact,1
deepmask_gpr,random_stratified_70_15_15,deepmask_gpr::augmented_intact::39 (2)_aug_10,intact,utility,0
deepmask_gpr,random_stratified_70_15_15,deepmask_gpr::augmented_intact::39_aug_6,intact,intact,1
deepmask_gpr,random_stratified_70_15_15,deepmask_gpr::augmented_intact::4 (2)_aug_4,intact,intact,1
deepmask_gpr,random_stratified_70_15_15,deepmask_gpr::augmented_intact::40 (2)_aug_6,intact,intact,1
deepmask_gpr,random_stratified_70_15_15,deepmask_gpr::augmented_intact::40 (2)_aug_7,intact,cavity,0
deepmask_gpr,random_stratified_70_15_15,deepmask_gpr::augmented_intact::40_aug_7,intact,intact,1
deepmask_gpr,random_stratified_70_15_15,deepmask_gpr::augmented_intact::41 (2)_aug_1,intact,intact,1
deepmask_gpr,random_stratified_70_15_15,deepmask_gpr::augmented_intact::41 (2)_aug_11,intact,cavity,0
deepmask_gpr,random_stratified_70_15_15,deepmask_gpr::augmented_intact::41 (2)_aug_6,intact,intact,1
deepmask_gpr,random_stratified_70_15_15,deepmask_gpr::augmented_intact::42 (2)_aug_3,intact,intact,1
deepmask_gpr,random_stratified_70_15_15,deepmask_gpr::augmented_intact::42 (2)_aug_5,intact,intact,1
deepmask_gpr,random_stratified_70_15_15,deepmask_gpr::augmented_intact::42_aug_10,intact,intact,1
deepmask_gpr,random_stratified_70_15_15,deepmask_gpr::augmented_intact::43 (2)_aug_10,intact,intact,1
deepmask_gpr,random_stratified_70_15_15,deepmask_gpr::augmented_intact::43 (2)_aug_7,intact,intact,1
deepmask_gpr,random_stratified_70_15_15,deepmask_gpr::augmented_intact::43 (2)_aug_9,intact,intact,1
deepmask_gpr,random_stratified_70_15_15,deepmask_gpr::augmented_intact::43_aug_1,intact,intact,1
deepmask_gpr,random_stratified_70_15_15,deepmask_gpr::augmented_intact::43_aug_2,intact,intact,1
deepmask_gpr,random_stratified_70_15_15,deepmask_gpr::augmented_intact::43_aug_3,intact,intact,1
deepmask_gpr,random_stratified_70_15_15,deepmask_gpr::augmented_intact::43_aug_5,intact,intact,1
deepmask_gpr,random_stratified_70_15_15,deepmask_gpr::augmented_intact::44 (2)_aug_1,intact,intact,1
deepmask_gpr,random_stratified_70_15_15,deepmask_gpr::augmented_intact::44 (2)_aug_3,intact,intact,1
deepmask_gpr,random_stratified_70_15_15,deepmask_gpr::augmented_intact::44_aug_1,intact,intact,1
deepmask_gpr,random_stratified_70_15_15,deepmask_gpr::augmented_intact::44_aug_2,intact,intact,1
deepmask_gpr,random_stratified_70_15_15,deepmask_gpr::augmented_intact::44_aug_4,intact,cavity,0
deepmask_gpr,random_stratified_70_15_15,deepmask_gpr::augmented_intact::45 (2)_aug_11,intact,intact,1
deepmask_gpr,random_stratified_70_15_15,deepmask_gpr::augmented_intact::45 (2)_aug_12,intact,intact,1
deepmask_gpr,random_stratified_70_15_15,deepmask_gpr::augmented_intact::45 (2)_aug_4,intact,cavity,0
deepmask_gpr,random_stratified_70_15_15,deepmask_gpr::augmented_intact::45 (2)_aug_6,intact,intact,1
deepmask_gpr,random_stratified_70_15_15,deepmask_gpr::augmented_intact::45_aug_1,intact,intact,1
deepmask_gpr,random_stratified_70_15_15,deepmask_gpr::augmented_intact::45_aug_11,intact,intact,1
deepmask_gpr,random_stratified_70_15_15,deepmask_gpr::augmented_intact::4_aug_1,intact,intact,1
deepmask_gpr,random_stratified_70_15_15,deepmask_gpr::augmented_intact::5 (2)_aug_1,intact,intact,1
deepmask_gpr,random_stratified_70_15_15,deepmask_gpr::augmented_intact::5 (2)_aug_5,intact,intact,1
deepmask_gpr,random_stratified_70_15_15,deepmask_gpr::augmented_intact::5 (2)_aug_8,intact,intact,1
deepmask_gpr,random_stratified_70_15_15,deepmask_gpr::augmented_intact::5_aug_8,intact,intact,1
deepmask_gpr,random_stratified_70_15_15,deepmask_gpr::augmented_intact::6 (2)_aug_5,intact,intact,1
deepmask_gpr,random_stratified_70_15_15,deepmask_gpr::augmented_intact::6 (2)_aug_7,intact,intact,1
deepmask_gpr,random_stratified_70_15_15,deepmask_gpr::augmented_intact::6_aug_7,intact,intact,1
deepmask_gpr,random_stratified_70_15_15,deepmask_gpr::augmented_intact::6_aug_9,intact,intact,1
deepmask_gpr,random_stratified_70_15_15,deepmask_gpr::augmented_intact::7 (2)_aug_2,intact,intact,1
deepmask_gpr,random_stratified_70_15_15,deepmask_gpr::augmented_intact::7 (2)_aug_5,intact,intact,1
deepmask_gpr,random_stratified_70_15_15,deepmask_gpr::augmented_intact::7 (2)_aug_8,intact,intact,1
deepmask_gpr,random_stratified_70_15_15,deepmask_gpr::augmented_intact::7 (2)_aug_9,intact,intact,1
deepmask_gpr,random_stratified_70_15_15,deepmask_gpr::augmented_intact::8 (2)_aug_1,intact,intact,1
deepmask_gpr,random_stratified_70_15_15,deepmask_gpr::augmented_intact::8 (2)_aug_2,intact,intact,1
deepmask_gpr,random_stratified_70_15_15,deepmask_gpr::augmented_intact::8 (2)_aug_6,intact,intact,1
deepmask_gpr,random_stratified_70_15_15,deepmask_gpr::augmented_intact::8_aug_9,intact,intact,1
deepmask_gpr,random_stratified_70_15_15,deepmask_gpr::augmented_intact::9 (2)_aug_6,intact,intact,1
deepmask_gpr,random_stratified_70_15_15,deepmask_gpr::augmented_intact::9_aug_2,intact,intact,1
deepmask_gpr,random_stratified_70_15_15,deepmask_gpr::augmented_intact::9_aug_7,intact,intact,1
deepmask_gpr,random_stratified_70_15_15,deepmask_gpr::Utilities::012,utility,utility,1
deepmask_gpr,random_stratified_70_15_15,deepmask_gpr::Utilities::018,utility,utility,1
deepmask_gpr,random_stratified_70_15_15,deepmask_gpr::Utilities::024,utility,utility,1
deepmask_gpr,random_stratified_70_15_15,deepmask_gpr::Utilities::028,utility,utility,1
deepmask_gpr,random_stratified_70_15_15,deepmask_gpr::Utilities::060,utility,utility,1
deepmask_gpr,random_stratified_70_15_15,deepmask_gpr::Utilities::061,utility,utility,1
deepmask_gpr,random_stratified_70_15_15,deepmask_gpr::Utilities::063,utility,utility,1
deepmask_gpr,random_stratified_70_15_15,deepmask_gpr::Utilities::065,utility,utility,1
deepmask_gpr,random_stratified_70_15_15,deepmask_gpr::Utilities::075,utility,utility,1
deepmask_gpr,random_stratified_70_15_15,deepmask_gpr::Utilities::098,utility,utility,1
deepmask_gpr,random_stratified_70_15_15,deepmask_gpr::Utilities::141,utility,utility,1
deepmask_gpr,random_stratified_70_15_15,deepmask_gpr::Utilities::176,utility,utility,1
deepmask_gpr,random_stratified_70_15_15,deepmask_gpr::Utilities::214,utility,utility,1
deepmask_gpr,random_stratified_70_15_15,deepmask_gpr::Utilities::225,utility,utility,1
deepmask_gpr,random_stratified_70_15_15,deepmask_gpr::Utilities::234,utility,cavity,0
deepmask_gpr,random_stratified_70_15_15,deepmask_gpr::Utilities::242,utility,utility,1
deepmask_gpr,random_stratified_70_15_15,deepmask_gpr::Utilities::263,utility,utility,1
deepmask_gpr,random_stratified_70_15_15,deepmask_gpr::augmented_utilities::001_aug_5,utility,utility,1
deepmask_gpr,random_stratified_70_15_15,deepmask_gpr::augmented_utilities::004_aug_4,utility,utility,1
deepmask_gpr,random_stratified_70_15_15,deepmask_gpr::augmented_utilities::007_aug_1,utility,utility,1
deepmask_gpr,random_stratified_70_15_15,deepmask_gpr::augmented_utilities::007_aug_6,utility,utility,1
deepmask_gpr,random_stratified_70_15_15,deepmask_gpr::augmented_utilities::008_aug_4,utility,utility,1
deepmask_gpr,random_stratified_70_15_15,deepmask_gpr::augmented_utilities::011_aug_2,utility,utility,1
deepmask_gpr,random_stratified_70_15_15,deepmask_gpr::augmented_utilities::011_aug_3,utility,utility,1
deepmask_gpr,random_stratified_70_15_15,deepmask_gpr::augmented_utilities::012_aug_3,utility,cavity,0
deepmask_gpr,random_stratified_70_15_15,deepmask_gpr::augmented_utilities::012_aug_4,utility,utility,1
deepmask_gpr,random_stratified_70_15_15,deepmask_gpr::augmented_utilities::013_aug_5,utility,utility,1
deepmask_gpr,random_stratified_70_15_15,deepmask_gpr::augmented_utilities::014_aug_5,utility,utility,1
deepmask_gpr,random_stratified_70_15_15,deepmask_gpr::augmented_utilities::014_aug_6,utility,utility,1
deepmask_gpr,random_stratified_70_15_15,deepmask_gpr::augmented_utilities::016_aug_4,utility,utility,1
deepmask_gpr,random_stratified_70_15_15,deepmask_gpr::augmented_utilities::018_aug_6,utility,utility,1
deepmask_gpr,random_stratified_70_15_15,deepmask_gpr::augmented_utilities::028_aug_6,utility,utility,1
deepmask_gpr,random_stratified_70_15_15,deepmask_gpr::augmented_utilities::029_aug_2,utility,utility,1
deepmask_gpr,random_stratified_70_15_15,deepmask_gpr::augmented_utilities::029_aug_3,utility,utility,1
deepmask_gpr,random_stratified_70_15_15,deepmask_gpr::augmented_utilities::030_aug_1,utility,intact,0
deepmask_gpr,random_stratified_70_15_15,deepmask_gpr::augmented_utilities::030_aug_4,utility,utility,1
deepmask_gpr,random_stratified_70_15_15,deepmask_gpr::augmented_utilities::031_aug_2,utility,utility,1
deepmask_gpr,random_stratified_70_15_15,deepmask_gpr::augmented_utilities::032_aug_5,utility,utility,1
deepmask_gpr,random_stratified_70_15_15,deepmask_gpr::augmented_utilities::033_aug_1,utility,utility,1
deepmask_gpr,random_stratified_70_15_15,deepmask_gpr::augmented_utilities::034_aug_3,utility,utility,1
deepmask_gpr,random_stratified_70_15_15,deepmask_gpr::augmented_utilities::040_aug_3,utility,utility,1
deepmask_gpr,random_stratified_70_15_15,deepmask_gpr::augmented_utilities::040_aug_6,utility,utility,1
deepmask_gpr,random_stratified_70_15_15,deepmask_gpr::augmented_utilities::042_aug_3,utility,utility,1
deepmask_gpr,random_stratified_70_15_15,deepmask_gpr::augmented_utilities::044_aug_3,utility,cavity,0
deepmask_gpr,random_stratified_70_15_15,deepmask_gpr::augmented_utilities::060_aug_2,utility,intact,0
deepmask_gpr,random_stratified_70_15_15,deepmask_gpr::augmented_utilities::061_aug_3,utility,utility,1
deepmask_gpr,random_stratified_70_15_15,deepmask_gpr::augmented_utilities::061_aug_5,utility,utility,1
deepmask_gpr,random_stratified_70_15_15,deepmask_gpr::augmented_utilities::062_aug_1,utility,utility,1
deepmask_gpr,random_stratified_70_15_15,deepmask_gpr::augmented_utilities::063_aug_2,utility,utility,1
deepmask_gpr,random_stratified_70_15_15,deepmask_gpr::augmented_utilities::064_aug_1,utility,intact,0
deepmask_gpr,random_stratified_70_15_15,deepmask_gpr::augmented_utilities::064_aug_3,utility,utility,1
deepmask_gpr,random_stratified_70_15_15,deepmask_gpr::augmented_utilities::064_aug_4,utility,utility,1
deepmask_gpr,random_stratified_70_15_15,deepmask_gpr::augmented_utilities::065_aug_2,utility,utility,1
deepmask_gpr,random_stratified_70_15_15,deepmask_gpr::augmented_utilities::075_aug_1,utility,utility,1
deepmask_gpr,random_stratified_70_15_15,deepmask_gpr::augmented_utilities::083_aug_6,utility,utility,1
deepmask_gpr,random_stratified_70_15_15,deepmask_gpr::augmented_utilities::091_aug_5,utility,utility,1
deepmask_gpr,random_stratified_70_15_15,deepmask_gpr::augmented_utilities::098_aug_3,utility,utility,1
deepmask_gpr,random_stratified_70_15_15,deepmask_gpr::augmented_utilities::098_aug_4,utility,utility,1
deepmask_gpr,random_stratified_70_15_15,deepmask_gpr::augmented_utilities::101_aug_1,utility,cavity,0
deepmask_gpr,random_stratified_70_15_15,deepmask_gpr::augmented_utilities::103_aug_6,utility,utility,1
deepmask_gpr,random_stratified_70_15_15,deepmask_gpr::augmented_utilities::105_aug_1,utility,utility,1
deepmask_gpr,random_stratified_70_15_15,deepmask_gpr::augmented_utilities::105_aug_4,utility,utility,1
deepmask_gpr,random_stratified_70_15_15,deepmask_gpr::augmented_utilities::107_aug_3,utility,utility,1
deepmask_gpr,random_stratified_70_15_15,deepmask_gpr::augmented_utilities::110_aug_5,utility,utility,1
deepmask_gpr,random_stratified_70_15_15,deepmask_gpr::augmented_utilities::113_aug_3,utility,utility,1
deepmask_gpr,random_stratified_70_15_15,deepmask_gpr::augmented_utilities::113_aug_6,utility,utility,1
deepmask_gpr,random_stratified_70_15_15,deepmask_gpr::augmented_utilities::115_aug_4,utility,utility,1
deepmask_gpr,random_stratified_70_15_15,deepmask_gpr::augmented_utilities::121_aug_4,utility,utility,1
deepmask_gpr,random_stratified_70_15_15,deepmask_gpr::augmented_utilities::125_aug_6,utility,utility,1
deepmask_gpr,random_stratified_70_15_15,deepmask_gpr::augmented_utilities::128_aug_1,utility,intact,0
deepmask_gpr,random_stratified_70_15_15,deepmask_gpr::augmented_utilities::132_aug_6,utility,utility,1
deepmask_gpr,random_stratified_70_15_15,deepmask_gpr::augmented_utilities::133_aug_3,utility,utility,1
deepmask_gpr,random_stratified_70_15_15,deepmask_gpr::augmented_utilities::139_aug_3,utility,intact,0
deepmask_gpr,random_stratified_70_15_15,deepmask_gpr::augmented_utilities::139_aug_4,utility,intact,0
deepmask_gpr,random_stratified_70_15_15,deepmask_gpr::augmented_utilities::142_aug_2,utility,utility,1
deepmask_gpr,random_stratified_70_15_15,deepmask_gpr::augmented_utilities::142_aug_3,utility,cavity,0
deepmask_gpr,random_stratified_70_15_15,deepmask_gpr::augmented_utilities::146_aug_4,utility,utility,1
deepmask_gpr,random_stratified_70_15_15,deepmask_gpr::augmented_utilities::146_aug_5,utility,utility,1
deepmask_gpr,random_stratified_70_15_15,deepmask_gpr::augmented_utilities::147_aug_3,utility,utility,1
deepmask_gpr,random_stratified_70_15_15,deepmask_gpr::augmented_utilities::150_aug_3,utility,utility,1
deepmask_gpr,random_stratified_70_15_15,deepmask_gpr::augmented_utilities::151_aug_3,utility,utility,1
deepmask_gpr,random_stratified_70_15_15,deepmask_gpr::augmented_utilities::152_aug_5,utility,utility,1
deepmask_gpr,random_stratified_70_15_15,deepmask_gpr::augmented_utilities::153_aug_5,utility,utility,1
deepmask_gpr,random_stratified_70_15_15,deepmask_gpr::augmented_utilities::155_aug_5,utility,utility,1
deepmask_gpr,random_stratified_70_15_15,deepmask_gpr::augmented_utilities::157_aug_4,utility,utility,1
deepmask_gpr,random_stratified_70_15_15,deepmask_gpr::augmented_utilities::159_aug_2,utility,utility,1
deepmask_gpr,random_stratified_70_15_15,deepmask_gpr::augmented_utilities::159_aug_6,utility,utility,1
deepmask_gpr,random_stratified_70_15_15,deepmask_gpr::augmented_utilities::161_aug_4,utility,utility,1
deepmask_gpr,random_stratified_70_15_15,deepmask_gpr::augmented_utilities::164_aug_4,utility,utility,1
deepmask_gpr,random_stratified_70_15_15,deepmask_gpr::augmented_utilities::168_aug_1,utility,utility,1
deepmask_gpr,random_stratified_70_15_15,deepmask_gpr::augmented_utilities::168_aug_3,utility,utility,1
deepmask_gpr,random_stratified_70_15_15,deepmask_gpr::augmented_utilities::168_aug_5,utility,utility,1
deepmask_gpr,random_stratified_70_15_15,deepmask_gpr::augmented_utilities::170_aug_1,utility,utility,1
deepmask_gpr,random_stratified_70_15_15,deepmask_gpr::augmented_utilities::170_aug_3,utility,utility,1
deepmask_gpr,random_stratified_70_15_15,deepmask_gpr::augmented_utilities::173_aug_5,utility,utility,1
deepmask_gpr,random_stratified_70_15_15,deepmask_gpr::augmented_utilities::175_aug_5,utility,utility,1
deepmask_gpr,random_stratified_70_15_15,deepmask_gpr::augmented_utilities::176_aug_6,utility,utility,1
deepmask_gpr,random_stratified_70_15_15,deepmask_gpr::augmented_utilities::177_aug_5,utility,utility,1
deepmask_gpr,random_stratified_70_15_15,deepmask_gpr::augmented_utilities::181_aug_1,utility,utility,1
deepmask_gpr,random_stratified_70_15_15,deepmask_gpr::augmented_utilities::186_aug_2,utility,utility,1
deepmask_gpr,random_stratified_70_15_15,deepmask_gpr::augmented_utilities::186_aug_3,utility,utility,1
deepmask_gpr,random_stratified_70_15_15,deepmask_gpr::augmented_utilities::190_aug_5,utility,utility,1
deepmask_gpr,random_stratified_70_15_15,deepmask_gpr::augmented_utilities::192_aug_5,utility,intact,0
deepmask_gpr,random_stratified_70_15_15,deepmask_gpr::augmented_utilities::194_aug_4,utility,cavity,0
deepmask_gpr,random_stratified_70_15_15,deepmask_gpr::augmented_utilities::194_aug_6,utility,utility,1
deepmask_gpr,random_stratified_70_15_15,deepmask_gpr::augmented_utilities::195_aug_2,utility,utility,1
deepmask_gpr,random_stratified_70_15_15,deepmask_gpr::augmented_utilities::195_aug_4,utility,utility,1
deepmask_gpr,random_stratified_70_15_15,deepmask_gpr::augmented_utilities::201_aug_3,utility,utility,1
deepmask_gpr,random_stratified_70_15_15,deepmask_gpr::augmented_utilities::201_aug_4,utility,utility,1
deepmask_gpr,random_stratified_70_15_15,deepmask_gpr::augmented_utilities::204_aug_5,utility,utility,1
deepmask_gpr,random_stratified_70_15_15,deepmask_gpr::augmented_utilities::204_aug_6,utility,utility,1
deepmask_gpr,random_stratified_70_15_15,deepmask_gpr::augmented_utilities::208_aug_6,utility,utility,1
deepmask_gpr,random_stratified_70_15_15,deepmask_gpr::augmented_utilities::210_aug_6,utility,utility,1
deepmask_gpr,random_stratified_70_15_15,deepmask_gpr::augmented_utilities::214_aug_4,utility,utility,1
deepmask_gpr,random_stratified_70_15_15,deepmask_gpr::augmented_utilities::222_aug_5,utility,utility,1
deepmask_gpr,random_stratified_70_15_15,deepmask_gpr::augmented_utilities::228_aug_4,utility,utility,1
deepmask_gpr,random_stratified_70_15_15,deepmask_gpr::augmented_utilities::228_aug_6,utility,utility,1
deepmask_gpr,random_stratified_70_15_15,deepmask_gpr::augmented_utilities::229_aug_2,utility,utility,1
deepmask_gpr,random_stratified_70_15_15,deepmask_gpr::augmented_utilities::232_aug_5,utility,utility,1
deepmask_gpr,random_stratified_70_15_15,deepmask_gpr::augmented_utilities::234_aug_5,utility,utility,1
deepmask_gpr,random_stratified_70_15_15,deepmask_gpr::augmented_utilities::239_aug_4,utility,utility,1
deepmask_gpr,random_stratified_70_15_15,deepmask_gpr::augmented_utilities::245_aug_2,utility,utility,1
deepmask_gpr,random_stratified_70_15_15,deepmask_gpr::augmented_utilities::248_aug_3,utility,utility,1
deepmask_gpr,random_stratified_70_15_15,deepmask_gpr::augmented_utilities::248_aug_6,utility,utility,1
deepmask_gpr,random_stratified_70_15_15,deepmask_gpr::augmented_utilities::251_aug_2,utility,utility,1
deepmask_gpr,random_stratified_70_15_15,deepmask_gpr::augmented_utilities::251_aug_5,utility,utility,1
deepmask_gpr,random_stratified_70_15_15,deepmask_gpr::augmented_utilities::263_aug_1,utility,utility,1
deepmask_gpr,random_stratified_70_15_15,deepmask_gpr::augmented_utilities::268_aug_4,utility,utility,1
deepmask_gpr,random_stratified_70_15_15,deepmask_gpr::augmented_utilities::281_aug_3,utility,utility,1
deepmask_gpr,random_stratified_70_15_15,deepmask_gpr::augmented_utilities::281_aug_6,utility,utility,1
deepmask_gpr,random_stratified_70_15_15,deepmask_gpr::augmented_utilities::289_aug_3,utility,utility,1
deepmask_gpr,random_stratified_70_15_15,deepmask_gpr::augmented_utilities::297_aug_1,utility,utility,1
deepmask_gpr,random_stratified_70_15_15,deepmask_gpr::augmented_utilities::297_aug_2,utility,utility,1
deepmask_gpr,random_stratified_70_15_15,deepmask_gpr::augmented_utilities::297_aug_4,utility,utility,1
deepmask_gpr,random_stratified_70_15_15,deepmask_gpr::augmented_utilities::304_aug_3,utility,utility,1
deepmask_gpr,random_stratified_70_15_15,deepmask_gpr::augmented_utilities::308_aug_4,utility,cavity,0
deepmask_gpr,random_stratified_70_15_15,deepmask_gpr::augmented_utilities::308_aug_5,utility,utility,1
deepmask_gpr,random_stratified_70_15_15,deepmask_gpr::augmented_utilities::308_aug_6,utility,utility,1
deepmask_gpr,existing_fold_p2,deepmask_gpr::cavities::1,cavity,intact,0
deepmask_gpr,existing_fold_p2,deepmask_gpr::cavities::10,cavity,cavity,1
deepmask_gpr,existing_fold_p2,deepmask_gpr::cavities::18,cavity,utility,0
deepmask_gpr,existing_fold_p2,deepmask_gpr::cavities::19,cavity,utility,0
deepmask_gpr,existing_fold_p2,deepmask_gpr::cavities::20,cavity,utility,0
deepmask_gpr,existing_fold_p2,deepmask_gpr::cavities::21,cavity,utility,0
deepmask_gpr,existing_fold_p2,deepmask_gpr::cavities::34,cavity,cavity,1
deepmask_gpr,existing_fold_p2,deepmask_gpr::cavities::46,cavity,utility,0
deepmask_gpr,existing_fold_p2,deepmask_gpr::cavities::5,cavity,cavity,1
deepmask_gpr,existing_fold_p2,deepmask_gpr::cavities::53,cavity,cavity,1
deepmask_gpr,existing_fold_p2,deepmask_gpr::cavities::56,cavity,cavity,1
deepmask_gpr,existing_fold_p2,deepmask_gpr::cavities::58,cavity,cavity,1
deepmask_gpr,existing_fold_p2,deepmask_gpr::cavities::62,cavity,cavity,1
deepmask_gpr,existing_fold_p2,deepmask_gpr::cavities::65,cavity,cavity,1
deepmask_gpr,existing_fold_p2,deepmask_gpr::cavities::7,cavity,utility,0
deepmask_gpr,existing_fold_p2,deepmask_gpr::cavities::79,cavity,cavity,1
deepmask_gpr,existing_fold_p2,deepmask_gpr::augmented_cavities::10_aug_10,cavity,cavity,1
deepmask_gpr,existing_fold_p2,deepmask_gpr::augmented_cavities::10_aug_11,cavity,cavity,1
deepmask_gpr,existing_fold_p2,deepmask_gpr::augmented_cavities::10_aug_12,cavity,cavity,1
deepmask_gpr,existing_fold_p2,deepmask_gpr::augmented_cavities::10_aug_13,cavity,cavity,1
deepmask_gpr,existing_fold_p2,deepmask_gpr::augmented_cavities::10_aug_7,cavity,cavity,1
deepmask_gpr,existing_fold_p2,deepmask_gpr::augmented_cavities::10_aug_8,cavity,cavity,1
deepmask_gpr,existing_fold_p2,deepmask_gpr::augmented_cavities::10_aug_9,cavity,cavity,1
deepmask_gpr,existing_fold_p2,deepmask_gpr::augmented_cavities::18_aug_10,cavity,cavity,1
deepmask_gpr,existing_fold_p2,deepmask_gpr::augmented_cavities::18_aug_11,cavity,utility,0
deepmask_gpr,existing_fold_p2,deepmask_gpr::augmented_cavities::18_aug_12,cavity,cavity,1
deepmask_gpr,existing_fold_p2,deepmask_gpr::augmented_cavities::18_aug_13,cavity,utility,0
deepmask_gpr,existing_fold_p2,deepmask_gpr::augmented_cavities::18_aug_7,cavity,cavity,1
deepmask_gpr,existing_fold_p2,deepmask_gpr::augmented_cavities::18_aug_8,cavity,utility,0
deepmask_gpr,existing_fold_p2,deepmask_gpr::augmented_cavities::18_aug_9,cavity,utility,0
deepmask_gpr,existing_fold_p2,deepmask_gpr::augmented_cavities::19_aug_10,cavity,cavity,1
deepmask_gpr,existing_fold_p2,deepmask_gpr::augmented_cavities::19_aug_11,cavity,utility,0
deepmask_gpr,existing_fold_p2,deepmask_gpr::augmented_cavities::19_aug_12,cavity,utility,0
deepmask_gpr,existing_fold_p2,deepmask_gpr::augmented_cavities::19_aug_13,cavity,utility,0
deepmask_gpr,existing_fold_p2,deepmask_gpr::augmented_cavities::19_aug_7,cavity,utility,0
deepmask_gpr,existing_fold_p2,deepmask_gpr::augmented_cavities::19_aug_8,cavity,utility,0
deepmask_gpr,existing_fold_p2,deepmask_gpr::augmented_cavities::19_aug_9,cavity,cavity,1
deepmask_gpr,existing_fold_p2,deepmask_gpr::augmented_cavities::1_aug_10,cavity,cavity,1
deepmask_gpr,existing_fold_p2,deepmask_gpr::augmented_cavities::1_aug_11,cavity,cavity,1
deepmask_gpr,existing_fold_p2,deepmask_gpr::augmented_cavities::1_aug_12,cavity,intact,0
deepmask_gpr,existing_fold_p2,deepmask_gpr::augmented_cavities::1_aug_13,cavity,intact,0
deepmask_gpr,existing_fold_p2,deepmask_gpr::augmented_cavities::1_aug_7,cavity,intact,0
deepmask_gpr,existing_fold_p2,deepmask_gpr::augmented_cavities::1_aug_8,cavity,intact,0
deepmask_gpr,existing_fold_p2,deepmask_gpr::augmented_cavities::1_aug_9,cavity,intact,0
deepmask_gpr,existing_fold_p2,deepmask_gpr::augmented_cavities::20_aug_10,cavity,cavity,1
deepmask_gpr,existing_fold_p2,deepmask_gpr::augmented_cavities::20_aug_11,cavity,cavity,1
deepmask_gpr,existing_fold_p2,deepmask_gpr::augmented_cavities::20_aug_12,cavity,cavity,1
deepmask_gpr,existing_fold_p2,deepmask_gpr::augmented_cavities::20_aug_13,cavity,utility,0
deepmask_gpr,existing_fold_p2,deepmask_gpr::augmented_cavities::20_aug_7,cavity,intact,0
deepmask_gpr,existing_fold_p2,deepmask_gpr::augmented_cavities::20_aug_8,cavity,cavity,1
deepmask_gpr,existing_fold_p2,deepmask_gpr::augmented_cavities::20_aug_9,cavity,cavity,1
deepmask_gpr,existing_fold_p2,deepmask_gpr::augmented_cavities::21_aug_10,cavity,cavity,1
deepmask_gpr,existing_fold_p2,deepmask_gpr::augmented_cavities::21_aug_11,cavity,utility,0
deepmask_gpr,existing_fold_p2,deepmask_gpr::augmented_cavities::21_aug_12,cavity,cavity,1
deepmask_gpr,existing_fold_p2,deepmask_gpr::augmented_cavities::21_aug_13,cavity,utility,0
deepmask_gpr,existing_fold_p2,deepmask_gpr::augmented_cavities::21_aug_7,cavity,cavity,1
deepmask_gpr,existing_fold_p2,deepmask_gpr::augmented_cavities::21_aug_8,cavity,utility,0
deepmask_gpr,existing_fold_p2,deepmask_gpr::augmented_cavities::21_aug_9,cavity,intact,0
deepmask_gpr,existing_fold_p2,deepmask_gpr::augmented_cavities::34_aug_10,cavity,cavity,1
deepmask_gpr,existing_fold_p2,deepmask_gpr::augmented_cavities::34_aug_11,cavity,cavity,1
deepmask_gpr,existing_fold_p2,deepmask_gpr::augmented_cavities::34_aug_12,cavity,cavity,1
deepmask_gpr,existing_fold_p2,deepmask_gpr::augmented_cavities::34_aug_13,cavity,cavity,1
deepmask_gpr,existing_fold_p2,deepmask_gpr::augmented_cavities::34_aug_7,cavity,cavity,1
deepmask_gpr,existing_fold_p2,deepmask_gpr::augmented_cavities::34_aug_8,cavity,cavity,1
deepmask_gpr,existing_fold_p2,deepmask_gpr::augmented_cavities::34_aug_9,cavity,cavity,1
deepmask_gpr,existing_fold_p2,deepmask_gpr::augmented_cavities::46_aug_10,cavity,utility,0
deepmask_gpr,existing_fold_p2,deepmask_gpr::augmented_cavities::46_aug_11,cavity,utility,0
deepmask_gpr,existing_fold_p2,deepmask_gpr::augmented_cavities::46_aug_12,cavity,utility,0
deepmask_gpr,existing_fold_p2,deepmask_gpr::augmented_cavities::46_aug_13,cavity,utility,0
deepmask_gpr,existing_fold_p2,deepmask_gpr::augmented_cavities::46_aug_7,cavity,utility,0
deepmask_gpr,existing_fold_p2,deepmask_gpr::augmented_cavities::46_aug_8,cavity,utility,0
deepmask_gpr,existing_fold_p2,deepmask_gpr::augmented_cavities::46_aug_9,cavity,utility,0
deepmask_gpr,existing_fold_p2,deepmask_gpr::augmented_cavities::53_aug_10,cavity,cavity,1
deepmask_gpr,existing_fold_p2,deepmask_gpr::augmented_cavities::53_aug_11,cavity,cavity,1
deepmask_gpr,existing_fold_p2,deepmask_gpr::augmented_cavities::53_aug_12,cavity,cavity,1
deepmask_gpr,existing_fold_p2,deepmask_gpr::augmented_cavities::53_aug_13,cavity,cavity,1
deepmask_gpr,existing_fold_p2,deepmask_gpr::augmented_cavities::53_aug_7,cavity,cavity,1
deepmask_gpr,existing_fold_p2,deepmask_gpr::augmented_cavities::53_aug_8,cavity,utility,0
deepmask_gpr,existing_fold_p2,deepmask_gpr::augmented_cavities::53_aug_9,cavity,cavity,1
deepmask_gpr,existing_fold_p2,deepmask_gpr::augmented_cavities::56_aug_10,cavity,cavity,1
deepmask_gpr,existing_fold_p2,deepmask_gpr::augmented_cavities::56_aug_11,cavity,cavity,1
deepmask_gpr,existing_fold_p2,deepmask_gpr::augmented_cavities::56_aug_12,cavity,cavity,1
deepmask_gpr,existing_fold_p2,deepmask_gpr::augmented_cavities::56_aug_13,cavity,cavity,1
deepmask_gpr,existing_fold_p2,deepmask_gpr::augmented_cavities::56_aug_7,cavity,cavity,1
deepmask_gpr,existing_fold_p2,deepmask_gpr::augmented_cavities::56_aug_8,cavity,cavity,1
deepmask_gpr,existing_fold_p2,deepmask_gpr::augmented_cavities::56_aug_9,cavity,cavity,1
deepmask_gpr,existing_fold_p2,deepmask_gpr::augmented_cavities::58_aug_10,cavity,cavity,1
deepmask_gpr,existing_fold_p2,deepmask_gpr::augmented_cavities::58_aug_11,cavity,cavity,1
deepmask_gpr,existing_fold_p2,deepmask_gpr::augmented_cavities::58_aug_12,cavity,cavity,1
deepmask_gpr,existing_fold_p2,deepmask_gpr::augmented_cavities::58_aug_13,cavity,intact,0
deepmask_gpr,existing_fold_p2,deepmask_gpr::augmented_cavities::58_aug_7,cavity,cavity,1
deepmask_gpr,existing_fold_p2,deepmask_gpr::augmented_cavities::58_aug_8,cavity,intact,0
deepmask_gpr,existing_fold_p2,deepmask_gpr::augmented_cavities::58_aug_9,cavity,cavity,1
deepmask_gpr,existing_fold_p2,deepmask_gpr::augmented_cavities::5_aug_10,cavity,cavity,1
deepmask_gpr,existing_fold_p2,deepmask_gpr::augmented_cavities::5_aug_11,cavity,utility,0
deepmask_gpr,existing_fold_p2,deepmask_gpr::augmented_cavities::5_aug_12,cavity,intact,0
deepmask_gpr,existing_fold_p2,deepmask_gpr::augmented_cavities::5_aug_13,cavity,cavity,1
deepmask_gpr,existing_fold_p2,deepmask_gpr::augmented_cavities::5_aug_7,cavity,cavity,1
deepmask_gpr,existing_fold_p2,deepmask_gpr::augmented_cavities::5_aug_8,cavity,cavity,1
deepmask_gpr,existing_fold_p2,deepmask_gpr::augmented_cavities::5_aug_9,cavity,cavity,1
deepmask_gpr,existing_fold_p2,deepmask_gpr::augmented_cavities::62_aug_10,cavity,cavity,1
deepmask_gpr,existing_fold_p2,deepmask_gpr::augmented_cavities::62_aug_11,cavity,cavity,1
deepmask_gpr,existing_fold_p2,deepmask_gpr::augmented_cavities::62_aug_12,cavity,cavity,1
deepmask_gpr,existing_fold_p2,deepmask_gpr::augmented_cavities::62_aug_13,cavity,cavity,1
deepmask_gpr,existing_fold_p2,deepmask_gpr::augmented_cavities::62_aug_7,cavity,cavity,1
deepmask_gpr,existing_fold_p2,deepmask_gpr::augmented_cavities::62_aug_8,cavity,cavity,1
deepmask_gpr,existing_fold_p2,deepmask_gpr::augmented_cavities::62_aug_9,cavity,cavity,1
deepmask_gpr,existing_fold_p2,deepmask_gpr::augmented_cavities::65_aug_10,cavity,cavity,1
deepmask_gpr,existing_fold_p2,deepmask_gpr::augmented_cavities::65_aug_11,cavity,cavity,1
deepmask_gpr,existing_fold_p2,deepmask_gpr::augmented_cavities::65_aug_12,cavity,cavity,1
deepmask_gpr,existing_fold_p2,deepmask_gpr::augmented_cavities::65_aug_13,cavity,cavity,1
deepmask_gpr,existing_fold_p2,deepmask_gpr::augmented_cavities::65_aug_7,cavity,cavity,1
deepmask_gpr,existing_fold_p2,deepmask_gpr::augmented_cavities::65_aug_8,cavity,cavity,1
deepmask_gpr,existing_fold_p2,deepmask_gpr::augmented_cavities::65_aug_9,cavity,utility,0
deepmask_gpr,existing_fold_p2,deepmask_gpr::augmented_cavities::79_aug_10,cavity,cavity,1
deepmask_gpr,existing_fold_p2,deepmask_gpr::augmented_cavities::79_aug_11,cavity,cavity,1
deepmask_gpr,existing_fold_p2,deepmask_gpr::augmented_cavities::79_aug_12,cavity,cavity,1
deepmask_gpr,existing_fold_p2,deepmask_gpr::augmented_cavities::79_aug_13,cavity,cavity,1
deepmask_gpr,existing_fold_p2,deepmask_gpr::augmented_cavities::79_aug_7,cavity,cavity,1
deepmask_gpr,existing_fold_p2,deepmask_gpr::augmented_cavities::79_aug_8,cavity,utility,0
deepmask_gpr,existing_fold_p2,deepmask_gpr::augmented_cavities::79_aug_9,cavity,cavity,1
deepmask_gpr,existing_fold_p2,deepmask_gpr::augmented_cavities::7_aug_10,cavity,intact,0
deepmask_gpr,existing_fold_p2,deepmask_gpr::augmented_cavities::7_aug_11,cavity,cavity,1
deepmask_gpr,existing_fold_p2,deepmask_gpr::augmented_cavities::7_aug_12,cavity,intact,0
deepmask_gpr,existing_fold_p2,deepmask_gpr::augmented_cavities::7_aug_13,cavity,utility,0
deepmask_gpr,existing_fold_p2,deepmask_gpr::augmented_cavities::7_aug_7,cavity,intact,0
deepmask_gpr,existing_fold_p2,deepmask_gpr::augmented_cavities::7_aug_8,cavity,cavity,1
deepmask_gpr,existing_fold_p2,deepmask_gpr::augmented_cavities::7_aug_9,cavity,cavity,1
deepmask_gpr,existing_fold_p2,deepmask_gpr::intact::1 (2),intact,intact,1
deepmask_gpr,existing_fold_p2,deepmask_gpr::intact::13,intact,intact,1
deepmask_gpr,existing_fold_p2,deepmask_gpr::intact::14 (2),intact,intact,1
deepmask_gpr,existing_fold_p2,deepmask_gpr::intact::16,intact,intact,1
deepmask_gpr,existing_fold_p2,deepmask_gpr::intact::18 (2),intact,intact,1
deepmask_gpr,existing_fold_p2,deepmask_gpr::intact::23,intact,intact,1
deepmask_gpr,existing_fold_p2,deepmask_gpr::intact::25 (2),intact,intact,1
deepmask_gpr,existing_fold_p2,deepmask_gpr::intact::36,intact,intact,1
deepmask_gpr,existing_fold_p2,deepmask_gpr::intact::43 (2),intact,intact,1
deepmask_gpr,existing_fold_p2,deepmask_gpr::intact::45 (2),intact,intact,1
deepmask_gpr,existing_fold_p2,deepmask_gpr::intact::45,intact,intact,1
deepmask_gpr,existing_fold_p2,deepmask_gpr::intact::5,intact,intact,1
deepmask_gpr,existing_fold_p2,deepmask_gpr::intact::6,intact,intact,1
deepmask_gpr,existing_fold_p2,deepmask_gpr::intact::7,intact,intact,1
deepmask_gpr,existing_fold_p2,deepmask_gpr::intact::8 (2),intact,intact,1
deepmask_gpr,existing_fold_p2,deepmask_gpr::augmented_intact::1 (2)_aug_1,intact,intact,1
deepmask_gpr,existing_fold_p2,deepmask_gpr::augmented_intact::1 (2)_aug_10,intact,intact,1
deepmask_gpr,existing_fold_p2,deepmask_gpr::augmented_intact::1 (2)_aug_11,intact,intact,1
deepmask_gpr,existing_fold_p2,deepmask_gpr::augmented_intact::1 (2)_aug_12,intact,intact,1
deepmask_gpr,existing_fold_p2,deepmask_gpr::augmented_intact::1 (2)_aug_2,intact,intact,1
deepmask_gpr,existing_fold_p2,deepmask_gpr::augmented_intact::1 (2)_aug_3,intact,intact,1
deepmask_gpr,existing_fold_p2,deepmask_gpr::augmented_intact::1 (2)_aug_4,intact,intact,1
deepmask_gpr,existing_fold_p2,deepmask_gpr::augmented_intact::1 (2)_aug_5,intact,intact,1
deepmask_gpr,existing_fold_p2,deepmask_gpr::augmented_intact::1 (2)_aug_6,intact,intact,1
deepmask_gpr,existing_fold_p2,deepmask_gpr::augmented_intact::1 (2)_aug_7,intact,intact,1
deepmask_gpr,existing_fold_p2,deepmask_gpr::augmented_intact::1 (2)_aug_8,intact,intact,1
deepmask_gpr,existing_fold_p2,deepmask_gpr::augmented_intact::1 (2)_aug_9,intact,intact,1
deepmask_gpr,existing_fold_p2,deepmask_gpr::augmented_intact::13_aug_1,intact,intact,1
deepmask_gpr,existing_fold_p2,deepmask_gpr::augmented_intact::13_aug_10,intact,intact,1
deepmask_gpr,existing_fold_p2,deepmask_gpr::augmented_intact::13_aug_11,intact,intact,1
deepmask_gpr,existing_fold_p2,deepmask_gpr::augmented_intact::13_aug_12,intact,intact,1
deepmask_gpr,existing_fold_p2,deepmask_gpr::augmented_intact::13_aug_2,intact,intact,1
deepmask_gpr,existing_fold_p2,deepmask_gpr::augmented_intact::13_aug_3,intact,intact,1
deepmask_gpr,existing_fold_p2,deepmask_gpr::augmented_intact::13_aug_4,intact,intact,1
deepmask_gpr,existing_fold_p2,deepmask_gpr::augmented_intact::13_aug_5,intact,intact,1
deepmask_gpr,existing_fold_p2,deepmask_gpr::augmented_intact::13_aug_6,intact,intact,1
deepmask_gpr,existing_fold_p2,deepmask_gpr::augmented_intact::13_aug_7,intact,intact,1
deepmask_gpr,existing_fold_p2,deepmask_gpr::augmented_intact::13_aug_8,intact,intact,1
deepmask_gpr,existing_fold_p2,deepmask_gpr::augmented_intact::13_aug_9,intact,intact,1
deepmask_gpr,existing_fold_p2,deepmask_gpr::augmented_intact::14 (2)_aug_1,intact,intact,1
deepmask_gpr,existing_fold_p2,deepmask_gpr::augmented_intact::14 (2)_aug_10,intact,intact,1
deepmask_gpr,existing_fold_p2,deepmask_gpr::augmented_intact::14 (2)_aug_11,intact,intact,1
deepmask_gpr,existing_fold_p2,deepmask_gpr::augmented_intact::14 (2)_aug_12,intact,intact,1
deepmask_gpr,existing_fold_p2,deepmask_gpr::augmented_intact::14 (2)_aug_2,intact,intact,1
deepmask_gpr,existing_fold_p2,deepmask_gpr::augmented_intact::14 (2)_aug_3,intact,intact,1
deepmask_gpr,existing_fold_p2,deepmask_gpr::augmented_intact::14 (2)_aug_4,intact,intact,1
deepmask_gpr,existing_fold_p2,deepmask_gpr::augmented_intact::14 (2)_aug_5,intact,intact,1
deepmask_gpr,existing_fold_p2,deepmask_gpr::augmented_intact::14 (2)_aug_6,intact,intact,1
deepmask_gpr,existing_fold_p2,deepmask_gpr::augmented_intact::14 (2)_aug_7,intact,intact,1
deepmask_gpr,existing_fold_p2,deepmask_gpr::augmented_intact::14 (2)_aug_8,intact,intact,1
deepmask_gpr,existing_fold_p2,deepmask_gpr::augmented_intact::14 (2)_aug_9,intact,intact,1
deepmask_gpr,existing_fold_p2,deepmask_gpr::augmented_intact::16_aug_1,intact,intact,1
deepmask_gpr,existing_fold_p2,deepmask_gpr::augmented_intact::16_aug_10,intact,intact,1
deepmask_gpr,existing_fold_p2,deepmask_gpr::augmented_intact::16_aug_11,intact,intact,1
deepmask_gpr,existing_fold_p2,deepmask_gpr::augmented_intact::16_aug_12,intact,intact,1
deepmask_gpr,existing_fold_p2,deepmask_gpr::augmented_intact::16_aug_2,intact,intact,1
deepmask_gpr,existing_fold_p2,deepmask_gpr::augmented_intact::16_aug_3,intact,intact,1
deepmask_gpr,existing_fold_p2,deepmask_gpr::augmented_intact::16_aug_4,intact,intact,1
deepmask_gpr,existing_fold_p2,deepmask_gpr::augmented_intact::16_aug_5,intact,intact,1
deepmask_gpr,existing_fold_p2,deepmask_gpr::augmented_intact::16_aug_6,intact,intact,1
deepmask_gpr,existing_fold_p2,deepmask_gpr::augmented_intact::16_aug_7,intact,intact,1
deepmask_gpr,existing_fold_p2,deepmask_gpr::augmented_intact::16_aug_8,intact,intact,1
deepmask_gpr,existing_fold_p2,deepmask_gpr::augmented_intact::16_aug_9,intact,intact,1
deepmask_gpr,existing_fold_p2,deepmask_gpr::augmented_intact::18 (2)_aug_1,intact,intact,1
deepmask_gpr,existing_fold_p2,deepmask_gpr::augmented_intact::18 (2)_aug_10,intact,intact,1
deepmask_gpr,existing_fold_p2,deepmask_gpr::augmented_intact::18 (2)_aug_11,intact,intact,1
deepmask_gpr,existing_fold_p2,deepmask_gpr::augmented_intact::18 (2)_aug_12,intact,intact,1
deepmask_gpr,existing_fold_p2,deepmask_gpr::augmented_intact::18 (2)_aug_2,intact,intact,1
deepmask_gpr,existing_fold_p2,deepmask_gpr::augmented_intact::18 (2)_aug_3,intact,intact,1
deepmask_gpr,existing_fold_p2,deepmask_gpr::augmented_intact::18 (2)_aug_4,intact,intact,1
deepmask_gpr,existing_fold_p2,deepmask_gpr::augmented_intact::18 (2)_aug_5,intact,intact,1
deepmask_gpr,existing_fold_p2,deepmask_gpr::augmented_intact::18 (2)_aug_6,intact,intact,1
deepmask_gpr,existing_fold_p2,deepmask_gpr::augmented_intact::18 (2)_aug_7,intact,intact,1
deepmask_gpr,existing_fold_p2,deepmask_gpr::augmented_intact::18 (2)_aug_8,intact,intact,1
deepmask_gpr,existing_fold_p2,deepmask_gpr::augmented_intact::18 (2)_aug_9,intact,intact,1
deepmask_gpr,existing_fold_p2,deepmask_gpr::augmented_intact::23_aug_1,intact,intact,1
deepmask_gpr,existing_fold_p2,deepmask_gpr::augmented_intact::23_aug_10,intact,intact,1
deepmask_gpr,existing_fold_p2,deepmask_gpr::augmented_intact::23_aug_11,intact,intact,1
deepmask_gpr,existing_fold_p2,deepmask_gpr::augmented_intact::23_aug_12,intact,intact,1
deepmask_gpr,existing_fold_p2,deepmask_gpr::augmented_intact::23_aug_2,intact,intact,1
deepmask_gpr,existing_fold_p2,deepmask_gpr::augmented_intact::23_aug_3,intact,intact,1
deepmask_gpr,existing_fold_p2,deepmask_gpr::augmented_intact::23_aug_4,intact,intact,1
deepmask_gpr,existing_fold_p2,deepmask_gpr::augmented_intact::23_aug_5,intact,intact,1
deepmask_gpr,existing_fold_p2,deepmask_gpr::augmented_intact::23_aug_6,intact,intact,1
deepmask_gpr,existing_fold_p2,deepmask_gpr::augmented_intact::23_aug_7,intact,intact,1
deepmask_gpr,existing_fold_p2,deepmask_gpr::augmented_intact::23_aug_8,intact,intact,1
deepmask_gpr,existing_fold_p2,deepmask_gpr::augmented_intact::23_aug_9,intact,intact,1
deepmask_gpr,existing_fold_p2,deepmask_gpr::augmented_intact::25 (2)_aug_1,intact,cavity,0
deepmask_gpr,existing_fold_p2,deepmask_gpr::augmented_intact::25 (2)_aug_10,intact,cavity,0
deepmask_gpr,existing_fold_p2,deepmask_gpr::augmented_intact::25 (2)_aug_11,intact,intact,1
deepmask_gpr,existing_fold_p2,deepmask_gpr::augmented_intact::25 (2)_aug_12,intact,intact,1
deepmask_gpr,existing_fold_p2,deepmask_gpr::augmented_intact::25 (2)_aug_2,intact,cavity,0
deepmask_gpr,existing_fold_p2,deepmask_gpr::augmented_intact::25 (2)_aug_3,intact,cavity,0
deepmask_gpr,existing_fold_p2,deepmask_gpr::augmented_intact::25 (2)_aug_4,intact,intact,1
deepmask_gpr,existing_fold_p2,deepmask_gpr::augmented_intact::25 (2)_aug_5,intact,cavity,0
deepmask_gpr,existing_fold_p2,deepmask_gpr::augmented_intact::25 (2)_aug_6,intact,intact,1
deepmask_gpr,existing_fold_p2,deepmask_gpr::augmented_intact::25 (2)_aug_7,intact,intact,1
deepmask_gpr,existing_fold_p2,deepmask_gpr::augmented_intact::25 (2)_aug_8,intact,cavity,0
deepmask_gpr,existing_fold_p2,deepmask_gpr::augmented_intact::25 (2)_aug_9,intact,cavity,0
deepmask_gpr,existing_fold_p2,deepmask_gpr::augmented_intact::36_aug_1,intact,intact,1
deepmask_gpr,existing_fold_p2,deepmask_gpr::augmented_intact::36_aug_10,intact,utility,0
deepmask_gpr,existing_fold_p2,deepmask_gpr::augmented_intact::36_aug_11,intact,intact,1
deepmask_gpr,existing_fold_p2,deepmask_gpr::augmented_intact::36_aug_12,intact,intact,1
deepmask_gpr,existing_fold_p2,deepmask_gpr::augmented_intact::36_aug_2,intact,intact,1
deepmask_gpr,existing_fold_p2,deepmask_gpr::augmented_intact::36_aug_3,intact,intact,1
deepmask_gpr,existing_fold_p2,deepmask_gpr::augmented_intact::36_aug_4,intact,utility,0
deepmask_gpr,existing_fold_p2,deepmask_gpr::augmented_intact::36_aug_5,intact,utility,0
deepmask_gpr,existing_fold_p2,deepmask_gpr::augmented_intact::36_aug_6,intact,intact,1
deepmask_gpr,existing_fold_p2,deepmask_gpr::augmented_intact::36_aug_7,intact,cavity,0
deepmask_gpr,existing_fold_p2,deepmask_gpr::augmented_intact::36_aug_8,intact,utility,0
deepmask_gpr,existing_fold_p2,deepmask_gpr::augmented_intact::36_aug_9,intact,intact,1
deepmask_gpr,existing_fold_p2,deepmask_gpr::augmented_intact::43 (2)_aug_1,intact,intact,1
deepmask_gpr,existing_fold_p2,deepmask_gpr::augmented_intact::43 (2)_aug_10,intact,utility,0
deepmask_gpr,existing_fold_p2,deepmask_gpr::augmented_intact::43 (2)_aug_11,intact,intact,1
deepmask_gpr,existing_fold_p2,deepmask_gpr::augmented_intact::43 (2)_aug_12,intact,intact,1
deepmask_gpr,existing_fold_p2,deepmask_gpr::augmented_intact::43 (2)_aug_2,intact,intact,1
deepmask_gpr,existing_fold_p2,deepmask_gpr::augmented_intact::43 (2)_aug_3,intact,intact,1
deepmask_gpr,existing_fold_p2,deepmask_gpr::augmented_intact::43 (2)_aug_4,intact,cavity,0
deepmask_gpr,existing_fold_p2,deepmask_gpr::augmented_intact::43 (2)_aug_5,intact,cavity,0
deepmask_gpr,existing_fold_p2,deepmask_gpr::augmented_intact::43 (2)_aug_6,intact,cavity,0
deepmask_gpr,existing_fold_p2,deepmask_gpr::augmented_intact::43 (2)_aug_7,intact,intact,1
deepmask_gpr,existing_fold_p2,deepmask_gpr::augmented_intact::43 (2)_aug_8,intact,utility,0
deepmask_gpr,existing_fold_p2,deepmask_gpr::augmented_intact::43 (2)_aug_9,intact,intact,1
deepmask_gpr,existing_fold_p2,deepmask_gpr::augmented_intact::45 (2)_aug_1,intact,intact,1
deepmask_gpr,existing_fold_p2,deepmask_gpr::augmented_intact::45 (2)_aug_10,intact,intact,1
deepmask_gpr,existing_fold_p2,deepmask_gpr::augmented_intact::45 (2)_aug_11,intact,intact,1
deepmask_gpr,existing_fold_p2,deepmask_gpr::augmented_intact::45 (2)_aug_12,intact,cavity,0
deepmask_gpr,existing_fold_p2,deepmask_gpr::augmented_intact::45 (2)_aug_2,intact,intact,1
deepmask_gpr,existing_fold_p2,deepmask_gpr::augmented_intact::45 (2)_aug_3,intact,cavity,0
deepmask_gpr,existing_fold_p2,deepmask_gpr::augmented_intact::45 (2)_aug_4,intact,cavity,0
deepmask_gpr,existing_fold_p2,deepmask_gpr::augmented_intact::45 (2)_aug_5,intact,intact,1
deepmask_gpr,existing_fold_p2,deepmask_gpr::augmented_intact::45 (2)_aug_6,intact,cavity,0
deepmask_gpr,existing_fold_p2,deepmask_gpr::augmented_intact::45 (2)_aug_7,intact,intact,1
deepmask_gpr,existing_fold_p2,deepmask_gpr::augmented_intact::45 (2)_aug_8,intact,cavity,0
deepmask_gpr,existing_fold_p2,deepmask_gpr::augmented_intact::45 (2)_aug_9,intact,intact,1
deepmask_gpr,existing_fold_p2,deepmask_gpr::augmented_intact::45_aug_1,intact,intact,1
deepmask_gpr,existing_fold_p2,deepmask_gpr::augmented_intact::45_aug_10,intact,intact,1
deepmask_gpr,existing_fold_p2,deepmask_gpr::augmented_intact::45_aug_11,intact,cavity,0
deepmask_gpr,existing_fold_p2,deepmask_gpr::augmented_intact::45_aug_12,intact,intact,1
deepmask_gpr,existing_fold_p2,deepmask_gpr::augmented_intact::45_aug_2,intact,intact,1
deepmask_gpr,existing_fold_p2,deepmask_gpr::augmented_intact::45_aug_3,intact,intact,1
deepmask_gpr,existing_fold_p2,deepmask_gpr::augmented_intact::45_aug_4,intact,intact,1
deepmask_gpr,existing_fold_p2,deepmask_gpr::augmented_intact::45_aug_5,intact,intact,1
deepmask_gpr,existing_fold_p2,deepmask_gpr::augmented_intact::45_aug_6,intact,intact,1
deepmask_gpr,existing_fold_p2,deepmask_gpr::augmented_intact::45_aug_7,intact,intact,1
deepmask_gpr,existing_fold_p2,deepmask_gpr::augmented_intact::45_aug_8,intact,cavity,0
deepmask_gpr,existing_fold_p2,deepmask_gpr::augmented_intact::45_aug_9,intact,cavity,0
deepmask_gpr,existing_fold_p2,deepmask_gpr::augmented_intact::5_aug_1,intact,intact,1
deepmask_gpr,existing_fold_p2,deepmask_gpr::augmented_intact::5_aug_10,intact,intact,1
deepmask_gpr,existing_fold_p2,deepmask_gpr::augmented_intact::5_aug_11,intact,intact,1
deepmask_gpr,existing_fold_p2,deepmask_gpr::augmented_intact::5_aug_12,intact,intact,1
deepmask_gpr,existing_fold_p2,deepmask_gpr::augmented_intact::5_aug_2,intact,intact,1
deepmask_gpr,existing_fold_p2,deepmask_gpr::augmented_intact::5_aug_3,intact,intact,1
deepmask_gpr,existing_fold_p2,deepmask_gpr::augmented_intact::5_aug_4,intact,intact,1
deepmask_gpr,existing_fold_p2,deepmask_gpr::augmented_intact::5_aug_5,intact,intact,1
deepmask_gpr,existing_fold_p2,deepmask_gpr::augmented_intact::5_aug_6,intact,intact,1
deepmask_gpr,existing_fold_p2,deepmask_gpr::augmented_intact::5_aug_7,intact,intact,1
deepmask_gpr,existing_fold_p2,deepmask_gpr::augmented_intact::5_aug_8,intact,intact,1
deepmask_gpr,existing_fold_p2,deepmask_gpr::augmented_intact::5_aug_9,intact,intact,1
deepmask_gpr,existing_fold_p2,deepmask_gpr::augmented_intact::6_aug_1,intact,intact,1
deepmask_gpr,existing_fold_p2,deepmask_gpr::augmented_intact::6_aug_10,intact,intact,1
deepmask_gpr,existing_fold_p2,deepmask_gpr::augmented_intact::6_aug_11,intact,intact,1
deepmask_gpr,existing_fold_p2,deepmask_gpr::augmented_intact::6_aug_12,intact,intact,1
deepmask_gpr,existing_fold_p2,deepmask_gpr::augmented_intact::6_aug_2,intact,intact,1
deepmask_gpr,existing_fold_p2,deepmask_gpr::augmented_intact::6_aug_3,intact,intact,1
deepmask_gpr,existing_fold_p2,deepmask_gpr::augmented_intact::6_aug_4,intact,intact,1
deepmask_gpr,existing_fold_p2,deepmask_gpr::augmented_intact::6_aug_5,intact,intact,1
deepmask_gpr,existing_fold_p2,deepmask_gpr::augmented_intact::6_aug_6,intact,intact,1
deepmask_gpr,existing_fold_p2,deepmask_gpr::augmented_intact::6_aug_7,intact,intact,1
deepmask_gpr,existing_fold_p2,deepmask_gpr::augmented_intact::6_aug_8,intact,intact,1
deepmask_gpr,existing_fold_p2,deepmask_gpr::augmented_intact::6_aug_9,intact,intact,1
deepmask_gpr,existing_fold_p2,deepmask_gpr::augmented_intact::7_aug_1,intact,intact,1
deepmask_gpr,existing_fold_p2,deepmask_gpr::augmented_intact::7_aug_10,intact,intact,1
deepmask_gpr,existing_fold_p2,deepmask_gpr::augmented_intact::7_aug_11,intact,intact,1
deepmask_gpr,existing_fold_p2,deepmask_gpr::augmented_intact::7_aug_12,intact,intact,1
deepmask_gpr,existing_fold_p2,deepmask_gpr::augmented_intact::7_aug_2,intact,intact,1
deepmask_gpr,existing_fold_p2,deepmask_gpr::augmented_intact::7_aug_3,intact,intact,1
deepmask_gpr,existing_fold_p2,deepmask_gpr::augmented_intact::7_aug_4,intact,intact,1
deepmask_gpr,existing_fold_p2,deepmask_gpr::augmented_intact::7_aug_5,intact,intact,1
deepmask_gpr,existing_fold_p2,deepmask_gpr::augmented_intact::7_aug_6,intact,intact,1
deepmask_gpr,existing_fold_p2,deepmask_gpr::augmented_intact::7_aug_7,intact,intact,1
deepmask_gpr,existing_fold_p2,deepmask_gpr::augmented_intact::7_aug_8,intact,intact,1
deepmask_gpr,existing_fold_p2,deepmask_gpr::augmented_intact::7_aug_9,intact,intact,1
deepmask_gpr,existing_fold_p2,deepmask_gpr::augmented_intact::8 (2)_aug_1,intact,intact,1
deepmask_gpr,existing_fold_p2,deepmask_gpr::augmented_intact::8 (2)_aug_10,intact,intact,1
deepmask_gpr,existing_fold_p2,deepmask_gpr::augmented_intact::8 (2)_aug_11,intact,intact,1
deepmask_gpr,existing_fold_p2,deepmask_gpr::augmented_intact::8 (2)_aug_12,intact,intact,1
deepmask_gpr,existing_fold_p2,deepmask_gpr::augmented_intact::8 (2)_aug_2,intact,intact,1
deepmask_gpr,existing_fold_p2,deepmask_gpr::augmented_intact::8 (2)_aug_3,intact,intact,1
deepmask_gpr,existing_fold_p2,deepmask_gpr::augmented_intact::8 (2)_aug_4,intact,intact,1
deepmask_gpr,existing_fold_p2,deepmask_gpr::augmented_intact::8 (2)_aug_5,intact,intact,1
deepmask_gpr,existing_fold_p2,deepmask_gpr::augmented_intact::8 (2)_aug_6,intact,intact,1
deepmask_gpr,existing_fold_p2,deepmask_gpr::augmented_intact::8 (2)_aug_7,intact,intact,1
deepmask_gpr,existing_fold_p2,deepmask_gpr::augmented_intact::8 (2)_aug_8,intact,intact,1
deepmask_gpr,existing_fold_p2,deepmask_gpr::augmented_intact::8 (2)_aug_9,intact,intact,1
deepmask_gpr,existing_fold_p2,deepmask_gpr::Utilities::012,utility,cavity,0
deepmask_gpr,existing_fold_p2,deepmask_gpr::Utilities::015,utility,utility,1
deepmask_gpr,existing_fold_p2,deepmask_gpr::Utilities::028,utility,utility,1
deepmask_gpr,existing_fold_p2,deepmask_gpr::Utilities::046,utility,utility,1
deepmask_gpr,existing_fold_p2,deepmask_gpr::Utilities::055,utility,utility,1
deepmask_gpr,existing_fold_p2,deepmask_gpr::Utilities::059,utility,utility,1
deepmask_gpr,existing_fold_p2,deepmask_gpr::Utilities::061,utility,utility,1
deepmask_gpr,existing_fold_p2,deepmask_gpr::Utilities::063,utility,utility,1
deepmask_gpr,existing_fold_p2,deepmask_gpr::Utilities::075,utility,utility,1
deepmask_gpr,existing_fold_p2,deepmask_gpr::Utilities::101,utility,utility,1
deepmask_gpr,existing_fold_p2,deepmask_gpr::Utilities::125,utility,utility,1
deepmask_gpr,existing_fold_p2,deepmask_gpr::Utilities::129,utility,intact,0
deepmask_gpr,existing_fold_p2,deepmask_gpr::Utilities::141,utility,utility,1
deepmask_gpr,existing_fold_p2,deepmask_gpr::Utilities::142,utility,cavity,0
deepmask_gpr,existing_fold_p2,deepmask_gpr::Utilities::151,utility,utility,1
deepmask_gpr,existing_fold_p2,deepmask_gpr::Utilities::156,utility,utility,1
deepmask_gpr,existing_fold_p2,deepmask_gpr::Utilities::170,utility,utility,1
deepmask_gpr,existing_fold_p2,deepmask_gpr::Utilities::177,utility,utility,1
deepmask_gpr,existing_fold_p2,deepmask_gpr::Utilities::179,utility,utility,1
deepmask_gpr,existing_fold_p2,deepmask_gpr::Utilities::185,utility,cavity,0
deepmask_gpr,existing_fold_p2,deepmask_gpr::Utilities::195,utility,utility,1
deepmask_gpr,existing_fold_p2,deepmask_gpr::Utilities::209,utility,utility,1
deepmask_gpr,existing_fold_p2,deepmask_gpr::Utilities::215,utility,utility,1
deepmask_gpr,existing_fold_p2,deepmask_gpr::Utilities::222,utility,utility,1
deepmask_gpr,existing_fold_p2,deepmask_gpr::Utilities::232,utility,utility,1
deepmask_gpr,existing_fold_p2,deepmask_gpr::Utilities::233,utility,utility,1
deepmask_gpr,existing_fold_p2,deepmask_gpr::Utilities::242,utility,utility,1
deepmask_gpr,existing_fold_p2,deepmask_gpr::augmented_utilities::012_aug_1,utility,cavity,0
deepmask_gpr,existing_fold_p2,deepmask_gpr::augmented_utilities::012_aug_2,utility,cavity,0
deepmask_gpr,existing_fold_p2,deepmask_gpr::augmented_utilities::012_aug_3,utility,cavity,0
deepmask_gpr,existing_fold_p2,deepmask_gpr::augmented_utilities::012_aug_4,utility,cavity,0
deepmask_gpr,existing_fold_p2,deepmask_gpr::augmented_utilities::012_aug_5,utility,cavity,0
deepmask_gpr,existing_fold_p2,deepmask_gpr::augmented_utilities::012_aug_6,utility,cavity,0
deepmask_gpr,existing_fold_p2,deepmask_gpr::augmented_utilities::015_aug_1,utility,utility,1
deepmask_gpr,existing_fold_p2,deepmask_gpr::augmented_utilities::015_aug_2,utility,utility,1
deepmask_gpr,existing_fold_p2,deepmask_gpr::augmented_utilities::015_aug_3,utility,utility,1
deepmask_gpr,existing_fold_p2,deepmask_gpr::augmented_utilities::015_aug_4,utility,utility,1
deepmask_gpr,existing_fold_p2,deepmask_gpr::augmented_utilities::015_aug_5,utility,utility,1
deepmask_gpr,existing_fold_p2,deepmask_gpr::augmented_utilities::015_aug_6,utility,utility,1
deepmask_gpr,existing_fold_p2,deepmask_gpr::augmented_utilities::028_aug_1,utility,cavity,0
deepmask_gpr,existing_fold_p2,deepmask_gpr::augmented_utilities::028_aug_2,utility,utility,1
deepmask_gpr,existing_fold_p2,deepmask_gpr::augmented_utilities::028_aug_3,utility,utility,1
deepmask_gpr,existing_fold_p2,deepmask_gpr::augmented_utilities::028_aug_4,utility,utility,1
deepmask_gpr,existing_fold_p2,deepmask_gpr::augmented_utilities::028_aug_5,utility,utility,1
deepmask_gpr,existing_fold_p2,deepmask_gpr::augmented_utilities::028_aug_6,utility,utility,1
deepmask_gpr,existing_fold_p2,deepmask_gpr::augmented_utilities::046_aug_1,utility,cavity,0
deepmask_gpr,existing_fold_p2,deepmask_gpr::augmented_utilities::046_aug_2,utility,utility,1
deepmask_gpr,existing_fold_p2,deepmask_gpr::augmented_utilities::046_aug_3,utility,cavity,0
deepmask_gpr,existing_fold_p2,deepmask_gpr::augmented_utilities::046_aug_4,utility,utility,1
deepmask_gpr,existing_fold_p2,deepmask_gpr::augmented_utilities::046_aug_5,utility,cavity,0
deepmask_gpr,existing_fold_p2,deepmask_gpr::augmented_utilities::046_aug_6,utility,utility,1
deepmask_gpr,existing_fold_p2,deepmask_gpr::augmented_utilities::055_aug_1,utility,utility,1
deepmask_gpr,existing_fold_p2,deepmask_gpr::augmented_utilities::055_aug_2,utility,utility,1
deepmask_gpr,existing_fold_p2,deepmask_gpr::augmented_utilities::055_aug_3,utility,utility,1
deepmask_gpr,existing_fold_p2,deepmask_gpr::augmented_utilities::055_aug_4,utility,utility,1
deepmask_gpr,existing_fold_p2,deepmask_gpr::augmented_utilities::055_aug_5,utility,utility,1
deepmask_gpr,existing_fold_p2,deepmask_gpr::augmented_utilities::055_aug_6,utility,utility,1
deepmask_gpr,existing_fold_p2,deepmask_gpr::augmented_utilities::059_aug_1,utility,cavity,0
deepmask_gpr,existing_fold_p2,deepmask_gpr::augmented_utilities::059_aug_2,utility,utility,1
deepmask_gpr,existing_fold_p2,deepmask_gpr::augmented_utilities::059_aug_3,utility,utility,1
deepmask_gpr,existing_fold_p2,deepmask_gpr::augmented_utilities::059_aug_4,utility,utility,1
deepmask_gpr,existing_fold_p2,deepmask_gpr::augmented_utilities::059_aug_5,utility,utility,1
deepmask_gpr,existing_fold_p2,deepmask_gpr::augmented_utilities::059_aug_6,utility,utility,1
deepmask_gpr,existing_fold_p2,deepmask_gpr::augmented_utilities::061_aug_1,utility,utility,1
deepmask_gpr,existing_fold_p2,deepmask_gpr::augmented_utilities::061_aug_2,utility,utility,1
deepmask_gpr,existing_fold_p2,deepmask_gpr::augmented_utilities::061_aug_3,utility,utility,1
deepmask_gpr,existing_fold_p2,deepmask_gpr::augmented_utilities::061_aug_4,utility,utility,1
deepmask_gpr,existing_fold_p2,deepmask_gpr::augmented_utilities::061_aug_5,utility,utility,1
deepmask_gpr,existing_fold_p2,deepmask_gpr::augmented_utilities::061_aug_6,utility,utility,1
deepmask_gpr,existing_fold_p2,deepmask_gpr::augmented_utilities::063_aug_1,utility,utility,1
deepmask_gpr,existing_fold_p2,deepmask_gpr::augmented_utilities::063_aug_2,utility,utility,1
deepmask_gpr,existing_fold_p2,deepmask_gpr::augmented_utilities::063_aug_3,utility,utility,1
deepmask_gpr,existing_fold_p2,deepmask_gpr::augmented_utilities::063_aug_4,utility,utility,1
deepmask_gpr,existing_fold_p2,deepmask_gpr::augmented_utilities::063_aug_5,utility,utility,1
deepmask_gpr,existing_fold_p2,deepmask_gpr::augmented_utilities::063_aug_6,utility,utility,1
deepmask_gpr,existing_fold_p2,deepmask_gpr::augmented_utilities::075_aug_1,utility,utility,1
deepmask_gpr,existing_fold_p2,deepmask_gpr::augmented_utilities::075_aug_2,utility,utility,1
deepmask_gpr,existing_fold_p2,deepmask_gpr::augmented_utilities::075_aug_3,utility,utility,1
deepmask_gpr,existing_fold_p2,deepmask_gpr::augmented_utilities::075_aug_4,utility,utility,1
deepmask_gpr,existing_fold_p2,deepmask_gpr::augmented_utilities::075_aug_5,utility,utility,1
deepmask_gpr,existing_fold_p2,deepmask_gpr::augmented_utilities::075_aug_6,utility,utility,1
deepmask_gpr,existing_fold_p2,deepmask_gpr::augmented_utilities::101_aug_1,utility,cavity,0
deepmask_gpr,existing_fold_p2,deepmask_gpr::augmented_utilities::101_aug_2,utility,utility,1
deepmask_gpr,existing_fold_p2,deepmask_gpr::augmented_utilities::101_aug_3,utility,utility,1
deepmask_gpr,existing_fold_p2,deepmask_gpr::augmented_utilities::101_aug_4,utility,utility,1
deepmask_gpr,existing_fold_p2,deepmask_gpr::augmented_utilities::101_aug_5,utility,utility,1
deepmask_gpr,existing_fold_p2,deepmask_gpr::augmented_utilities::101_aug_6,utility,utility,1
deepmask_gpr,existing_fold_p2,deepmask_gpr::augmented_utilities::125_aug_1,utility,intact,0
deepmask_gpr,existing_fold_p2,deepmask_gpr::augmented_utilities::125_aug_2,utility,intact,0
deepmask_gpr,existing_fold_p2,deepmask_gpr::augmented_utilities::125_aug_3,utility,cavity,0
deepmask_gpr,existing_fold_p2,deepmask_gpr::augmented_utilities::125_aug_4,utility,intact,0
deepmask_gpr,existing_fold_p2,deepmask_gpr::augmented_utilities::125_aug_5,utility,cavity,0
deepmask_gpr,existing_fold_p2,deepmask_gpr::augmented_utilities::125_aug_6,utility,utility,1
deepmask_gpr,existing_fold_p2,deepmask_gpr::augmented_utilities::129_aug_1,utility,intact,0
deepmask_gpr,existing_fold_p2,deepmask_gpr::augmented_utilities::129_aug_2,utility,intact,0
deepmask_gpr,existing_fold_p2,deepmask_gpr::augmented_utilities::129_aug_3,utility,intact,0
deepmask_gpr,existing_fold_p2,deepmask_gpr::augmented_utilities::129_aug_4,utility,intact,0
deepmask_gpr,existing_fold_p2,deepmask_gpr::augmented_utilities::129_aug_5,utility,intact,0
deepmask_gpr,existing_fold_p2,deepmask_gpr::augmented_utilities::129_aug_6,utility,intact,0
deepmask_gpr,existing_fold_p2,deepmask_gpr::augmented_utilities::141_aug_1,utility,utility,1
deepmask_gpr,existing_fold_p2,deepmask_gpr::augmented_utilities::141_aug_2,utility,utility,1
deepmask_gpr,existing_fold_p2,deepmask_gpr::augmented_utilities::141_aug_3,utility,utility,1
deepmask_gpr,existing_fold_p2,deepmask_gpr::augmented_utilities::141_aug_4,utility,utility,1
deepmask_gpr,existing_fold_p2,deepmask_gpr::augmented_utilities::141_aug_5,utility,cavity,0
deepmask_gpr,existing_fold_p2,deepmask_gpr::augmented_utilities::141_aug_6,utility,utility,1
deepmask_gpr,existing_fold_p2,deepmask_gpr::augmented_utilities::142_aug_1,utility,cavity,0
deepmask_gpr,existing_fold_p2,deepmask_gpr::augmented_utilities::142_aug_2,utility,cavity,0
deepmask_gpr,existing_fold_p2,deepmask_gpr::augmented_utilities::142_aug_3,utility,cavity,0
deepmask_gpr,existing_fold_p2,deepmask_gpr::augmented_utilities::142_aug_4,utility,utility,1
deepmask_gpr,existing_fold_p2,deepmask_gpr::augmented_utilities::142_aug_5,utility,cavity,0
deepmask_gpr,existing_fold_p2,deepmask_gpr::augmented_utilities::142_aug_6,utility,utility,1
deepmask_gpr,existing_fold_p2,deepmask_gpr::augmented_utilities::151_aug_1,utility,utility,1
deepmask_gpr,existing_fold_p2,deepmask_gpr::augmented_utilities::151_aug_2,utility,utility,1
deepmask_gpr,existing_fold_p2,deepmask_gpr::augmented_utilities::151_aug_3,utility,utility,1
deepmask_gpr,existing_fold_p2,deepmask_gpr::augmented_utilities::151_aug_4,utility,utility,1
deepmask_gpr,existing_fold_p2,deepmask_gpr::augmented_utilities::151_aug_5,utility,utility,1
deepmask_gpr,existing_fold_p2,deepmask_gpr::augmented_utilities::151_aug_6,utility,utility,1
deepmask_gpr,existing_fold_p2,deepmask_gpr::augmented_utilities::156_aug_1,utility,utility,1
deepmask_gpr,existing_fold_p2,deepmask_gpr::augmented_utilities::156_aug_2,utility,utility,1
deepmask_gpr,existing_fold_p2,deepmask_gpr::augmented_utilities::156_aug_3,utility,utility,1
deepmask_gpr,existing_fold_p2,deepmask_gpr::augmented_utilities::156_aug_4,utility,utility,1
deepmask_gpr,existing_fold_p2,deepmask_gpr::augmented_utilities::156_aug_5,utility,utility,1
deepmask_gpr,existing_fold_p2,deepmask_gpr::augmented_utilities::156_aug_6,utility,utility,1
deepmask_gpr,existing_fold_p2,deepmask_gpr::augmented_utilities::170_aug_1,utility,utility,1
deepmask_gpr,existing_fold_p2,deepmask_gpr::augmented_utilities::170_aug_2,utility,utility,1
deepmask_gpr,existing_fold_p2,deepmask_gpr::augmented_utilities::170_aug_3,utility,utility,1
deepmask_gpr,existing_fold_p2,deepmask_gpr::augmented_utilities::170_aug_4,utility,utility,1
deepmask_gpr,existing_fold_p2,deepmask_gpr::augmented_utilities::170_aug_5,utility,utility,1
deepmask_gpr,existing_fold_p2,deepmask_gpr::augmented_utilities::170_aug_6,utility,utility,1
deepmask_gpr,existing_fold_p2,deepmask_gpr::augmented_utilities::177_aug_1,utility,cavity,0
deepmask_gpr,existing_fold_p2,deepmask_gpr::augmented_utilities::177_aug_2,utility,utility,1
deepmask_gpr,existing_fold_p2,deepmask_gpr::augmented_utilities::177_aug_3,utility,utility,1
deepmask_gpr,existing_fold_p2,deepmask_gpr::augmented_utilities::177_aug_4,utility,utility,1
deepmask_gpr,existing_fold_p2,deepmask_gpr::augmented_utilities::177_aug_5,utility,utility,1
deepmask_gpr,existing_fold_p2,deepmask_gpr::augmented_utilities::177_aug_6,utility,utility,1
deepmask_gpr,existing_fold_p2,deepmask_gpr::augmented_utilities::179_aug_1,utility,intact,0
deepmask_gpr,existing_fold_p2,deepmask_gpr::augmented_utilities::179_aug_2,utility,utility,1
deepmask_gpr,existing_fold_p2,deepmask_gpr::augmented_utilities::179_aug_3,utility,cavity,0
deepmask_gpr,existing_fold_p2,deepmask_gpr::augmented_utilities::179_aug_4,utility,utility,1
deepmask_gpr,existing_fold_p2,deepmask_gpr::augmented_utilities::179_aug_5,utility,utility,1
deepmask_gpr,existing_fold_p2,deepmask_gpr::augmented_utilities::179_aug_6,utility,utility,1
deepmask_gpr,existing_fold_p2,deepmask_gpr::augmented_utilities::185_aug_1,utility,cavity,0
deepmask_gpr,existing_fold_p2,deepmask_gpr::augmented_utilities::185_aug_2,utility,utility,1
deepmask_gpr,existing_fold_p2,deepmask_gpr::augmented_utilities::185_aug_3,utility,utility,1
deepmask_gpr,existing_fold_p2,deepmask_gpr::augmented_utilities::185_aug_4,utility,cavity,0
deepmask_gpr,existing_fold_p2,deepmask_gpr::augmented_utilities::185_aug_5,utility,cavity,0
deepmask_gpr,existing_fold_p2,deepmask_gpr::augmented_utilities::185_aug_6,utility,cavity,0
deepmask_gpr,existing_fold_p2,deepmask_gpr::augmented_utilities::195_aug_1,utility,cavity,0
deepmask_gpr,existing_fold_p2,deepmask_gpr::augmented_utilities::195_aug_2,utility,utility,1
deepmask_gpr,existing_fold_p2,deepmask_gpr::augmented_utilities::195_aug_3,utility,cavity,0
deepmask_gpr,existing_fold_p2,deepmask_gpr::augmented_utilities::195_aug_4,utility,cavity,0
deepmask_gpr,existing_fold_p2,deepmask_gpr::augmented_utilities::195_aug_5,utility,cavity,0
deepmask_gpr,existing_fold_p2,deepmask_gpr::augmented_utilities::195_aug_6,utility,utility,1
deepmask_gpr,existing_fold_p2,deepmask_gpr::augmented_utilities::209_aug_1,utility,utility,1
deepmask_gpr,existing_fold_p2,deepmask_gpr::augmented_utilities::209_aug_2,utility,utility,1
deepmask_gpr,existing_fold_p2,deepmask_gpr::augmented_utilities::209_aug_3,utility,utility,1
deepmask_gpr,existing_fold_p2,deepmask_gpr::augmented_utilities::209_aug_4,utility,utility,1
deepmask_gpr,existing_fold_p2,deepmask_gpr::augmented_utilities::209_aug_5,utility,utility,1
deepmask_gpr,existing_fold_p2,deepmask_gpr::augmented_utilities::209_aug_6,utility,utility,1
deepmask_gpr,existing_fold_p2,deepmask_gpr::augmented_utilities::215_aug_1,utility,utility,1
deepmask_gpr,existing_fold_p2,deepmask_gpr::augmented_utilities::215_aug_2,utility,utility,1
deepmask_gpr,existing_fold_p2,deepmask_gpr::augmented_utilities::215_aug_3,utility,utility,1
deepmask_gpr,existing_fold_p2,deepmask_gpr::augmented_utilities::215_aug_4,utility,utility,1
deepmask_gpr,existing_fold_p2,deepmask_gpr::augmented_utilities::215_aug_5,utility,utility,1
deepmask_gpr,existing_fold_p2,deepmask_gpr::augmented_utilities::215_aug_6,utility,utility,1
deepmask_gpr,existing_fold_p2,deepmask_gpr::augmented_utilities::222_aug_1,utility,utility,1
deepmask_gpr,existing_fold_p2,deepmask_gpr::augmented_utilities::222_aug_2,utility,utility,1
deepmask_gpr,existing_fold_p2,deepmask_gpr::augmented_utilities::222_aug_3,utility,utility,1
deepmask_gpr,existing_fold_p2,deepmask_gpr::augmented_utilities::222_aug_4,utility,utility,1
deepmask_gpr,existing_fold_p2,deepmask_gpr::augmented_utilities::222_aug_5,utility,utility,1
deepmask_gpr,existing_fold_p2,deepmask_gpr::augmented_utilities::222_aug_6,utility,utility,1
deepmask_gpr,existing_fold_p2,deepmask_gpr::augmented_utilities::232_aug_1,utility,utility,1
deepmask_gpr,existing_fold_p2,deepmask_gpr::augmented_utilities::232_aug_2,utility,utility,1
deepmask_gpr,existing_fold_p2,deepmask_gpr::augmented_utilities::232_aug_3,utility,utility,1
deepmask_gpr,existing_fold_p2,deepmask_gpr::augmented_utilities::232_aug_4,utility,utility,1
deepmask_gpr,existing_fold_p2,deepmask_gpr::augmented_utilities::232_aug_5,utility,utility,1
deepmask_gpr,existing_fold_p2,deepmask_gpr::augmented_utilities::232_aug_6,utility,utility,1
deepmask_gpr,existing_fold_p2,deepmask_gpr::augmented_utilities::233_aug_1,utility,utility,1
deepmask_gpr,existing_fold_p2,deepmask_gpr::augmented_utilities::233_aug_2,utility,utility,1
deepmask_gpr,existing_fold_p2,deepmask_gpr::augmented_utilities::233_aug_3,utility,utility,1
deepmask_gpr,existing_fold_p2,deepmask_gpr::augmented_utilities::233_aug_4,utility,utility,1
deepmask_gpr,existing_fold_p2,deepmask_gpr::augmented_utilities::233_aug_5,utility,utility,1
deepmask_gpr,existing_fold_p2,deepmask_gpr::augmented_utilities::233_aug_6,utility,utility,1
deepmask_gpr,existing_fold_p2,deepmask_gpr::augmented_utilities::242_aug_1,utility,utility,1
deepmask_gpr,existing_fold_p2,deepmask_gpr::augmented_utilities::242_aug_2,utility,utility,1
deepmask_gpr,existing_fold_p2,deepmask_gpr::augmented_utilities::242_aug_3,utility,utility,1
deepmask_gpr,existing_fold_p2,deepmask_gpr::augmented_utilities::242_aug_4,utility,utility,1
deepmask_gpr,existing_fold_p2,deepmask_gpr::augmented_utilities::242_aug_5,utility,utility,1
deepmask_gpr,existing_fold_p2,deepmask_gpr::augmented_utilities::242_aug_6,utility,utility,1
deepmask_gpr,source_group_holdout_70_15_15,deepmask_gpr::cavities::1,cavity,intact,0
deepmask_gpr,source_group_holdout_70_15_15,deepmask_gpr::cavities::10,cavity,cavity,1
deepmask_gpr,source_group_holdout_70_15_15,deepmask_gpr::cavities::18,cavity,utility,0
deepmask_gpr,source_group_holdout_70_15_15,deepmask_gpr::cavities::19,cavity,utility,0
deepmask_gpr,source_group_holdout_70_15_15,deepmask_gpr::cavities::21,cavity,utility,0
deepmask_gpr,source_group_holdout_70_15_15,deepmask_gpr::cavities::34,cavity,cavity,1
deepmask_gpr,source_group_holdout_70_15_15,deepmask_gpr::cavities::46,cavity,utility,0
deepmask_gpr,source_group_holdout_70_15_15,deepmask_gpr::cavities::53,cavity,cavity,1
deepmask_gpr,source_group_holdout_70_15_15,deepmask_gpr::cavities::56,cavity,cavity,1
deepmask_gpr,source_group_holdout_70_15_15,deepmask_gpr::cavities::58,cavity,intact,0
deepmask_gpr,source_group_holdout_70_15_15,deepmask_gpr::cavities::62,cavity,cavity,1
deepmask_gpr,source_group_holdout_70_15_15,deepmask_gpr::cavities::7,cavity,utility,0
deepmask_gpr,source_group_holdout_70_15_15,deepmask_gpr::augmented_cavities::10_aug_10,cavity,cavity,1
deepmask_gpr,source_group_holdout_70_15_15,deepmask_gpr::augmented_cavities::10_aug_11,cavity,cavity,1
deepmask_gpr,source_group_holdout_70_15_15,deepmask_gpr::augmented_cavities::10_aug_12,cavity,cavity,1
deepmask_gpr,source_group_holdout_70_15_15,deepmask_gpr::augmented_cavities::10_aug_13,cavity,cavity,1
deepmask_gpr,source_group_holdout_70_15_15,deepmask_gpr::augmented_cavities::10_aug_7,cavity,cavity,1
deepmask_gpr,source_group_holdout_70_15_15,deepmask_gpr::augmented_cavities::10_aug_8,cavity,cavity,1
deepmask_gpr,source_group_holdout_70_15_15,deepmask_gpr::augmented_cavities::10_aug_9,cavity,cavity,1
deepmask_gpr,source_group_holdout_70_15_15,deepmask_gpr::augmented_cavities::18_aug_10,cavity,cavity,1
deepmask_gpr,source_group_holdout_70_15_15,deepmask_gpr::augmented_cavities::18_aug_11,cavity,cavity,1
deepmask_gpr,source_group_holdout_70_15_15,deepmask_gpr::augmented_cavities::18_aug_12,cavity,cavity,1
deepmask_gpr,source_group_holdout_70_15_15,deepmask_gpr::augmented_cavities::18_aug_13,cavity,utility,0
deepmask_gpr,source_group_holdout_70_15_15,deepmask_gpr::augmented_cavities::18_aug_7,cavity,cavity,1
deepmask_gpr,source_group_holdout_70_15_15,deepmask_gpr::augmented_cavities::18_aug_8,cavity,utility,0
deepmask_gpr,source_group_holdout_70_15_15,deepmask_gpr::augmented_cavities::18_aug_9,cavity,cavity,1
deepmask_gpr,source_group_holdout_70_15_15,deepmask_gpr::augmented_cavities::19_aug_10,cavity,cavity,1
deepmask_gpr,source_group_holdout_70_15_15,deepmask_gpr::augmented_cavities::19_aug_11,cavity,utility,0
deepmask_gpr,source_group_holdout_70_15_15,deepmask_gpr::augmented_cavities::19_aug_12,cavity,utility,0
deepmask_gpr,source_group_holdout_70_15_15,deepmask_gpr::augmented_cavities::19_aug_13,cavity,utility,0
deepmask_gpr,source_group_holdout_70_15_15,deepmask_gpr::augmented_cavities::19_aug_7,cavity,utility,0
deepmask_gpr,source_group_holdout_70_15_15,deepmask_gpr::augmented_cavities::19_aug_8,cavity,utility,0
deepmask_gpr,source_group_holdout_70_15_15,deepmask_gpr::augmented_cavities::19_aug_9,cavity,cavity,1
deepmask_gpr,source_group_holdout_70_15_15,deepmask_gpr::augmented_cavities::1_aug_10,cavity,cavity,1
deepmask_gpr,source_group_holdout_70_15_15,deepmask_gpr::augmented_cavities::1_aug_11,cavity,intact,0
deepmask_gpr,source_group_holdout_70_15_15,deepmask_gpr::augmented_cavities::1_aug_12,cavity,cavity,1
deepmask_gpr,source_group_holdout_70_15_15,deepmask_gpr::augmented_cavities::1_aug_13,cavity,intact,0
deepmask_gpr,source_group_holdout_70_15_15,deepmask_gpr::augmented_cavities::1_aug_7,cavity,intact,0
deepmask_gpr,source_group_holdout_70_15_15,deepmask_gpr::augmented_cavities::1_aug_8,cavity,intact,0
deepmask_gpr,source_group_holdout_70_15_15,deepmask_gpr::augmented_cavities::1_aug_9,cavity,intact,0
deepmask_gpr,source_group_holdout_70_15_15,deepmask_gpr::augmented_cavities::21_aug_10,cavity,cavity,1
deepmask_gpr,source_group_holdout_70_15_15,deepmask_gpr::augmented_cavities::21_aug_11,cavity,utility,0
deepmask_gpr,source_group_holdout_70_15_15,deepmask_gpr::augmented_cavities::21_aug_12,cavity,cavity,1
deepmask_gpr,source_group_holdout_70_15_15,deepmask_gpr::augmented_cavities::21_aug_13,cavity,utility,0
deepmask_gpr,source_group_holdout_70_15_15,deepmask_gpr::augmented_cavities::21_aug_7,cavity,cavity,1
deepmask_gpr,source_group_holdout_70_15_15,deepmask_gpr::augmented_cavities::21_aug_8,cavity,utility,0
deepmask_gpr,source_group_holdout_70_15_15,deepmask_gpr::augmented_cavities::21_aug_9,cavity,utility,0
deepmask_gpr,source_group_holdout_70_15_15,deepmask_gpr::augmented_cavities::34_aug_10,cavity,cavity,1
deepmask_gpr,source_group_holdout_70_15_15,deepmask_gpr::augmented_cavities::34_aug_11,cavity,cavity,1
deepmask_gpr,source_group_holdout_70_15_15,deepmask_gpr::augmented_cavities::34_aug_12,cavity,cavity,1
deepmask_gpr,source_group_holdout_70_15_15,deepmask_gpr::augmented_cavities::34_aug_13,cavity,cavity,1
deepmask_gpr,source_group_holdout_70_15_15,deepmask_gpr::augmented_cavities::34_aug_7,cavity,cavity,1
deepmask_gpr,source_group_holdout_70_15_15,deepmask_gpr::augmented_cavities::34_aug_8,cavity,cavity,1
deepmask_gpr,source_group_holdout_70_15_15,deepmask_gpr::augmented_cavities::34_aug_9,cavity,cavity,1
deepmask_gpr,source_group_holdout_70_15_15,deepmask_gpr::augmented_cavities::46_aug_10,cavity,utility,0
deepmask_gpr,source_group_holdout_70_15_15,deepmask_gpr::augmented_cavities::46_aug_11,cavity,utility,0
deepmask_gpr,source_group_holdout_70_15_15,deepmask_gpr::augmented_cavities::46_aug_12,cavity,utility,0
deepmask_gpr,source_group_holdout_70_15_15,deepmask_gpr::augmented_cavities::46_aug_13,cavity,utility,0
deepmask_gpr,source_group_holdout_70_15_15,deepmask_gpr::augmented_cavities::46_aug_7,cavity,utility,0
deepmask_gpr,source_group_holdout_70_15_15,deepmask_gpr::augmented_cavities::46_aug_8,cavity,utility,0
deepmask_gpr,source_group_holdout_70_15_15,deepmask_gpr::augmented_cavities::46_aug_9,cavity,utility,0
deepmask_gpr,source_group_holdout_70_15_15,deepmask_gpr::augmented_cavities::53_aug_10,cavity,utility,0
deepmask_gpr,source_group_holdout_70_15_15,deepmask_gpr::augmented_cavities::53_aug_11,cavity,cavity,1
deepmask_gpr,source_group_holdout_70_15_15,deepmask_gpr::augmented_cavities::53_aug_12,cavity,cavity,1
deepmask_gpr,source_group_holdout_70_15_15,deepmask_gpr::augmented_cavities::53_aug_13,cavity,cavity,1
deepmask_gpr,source_group_holdout_70_15_15,deepmask_gpr::augmented_cavities::53_aug_7,cavity,cavity,1
deepmask_gpr,source_group_holdout_70_15_15,deepmask_gpr::augmented_cavities::53_aug_8,cavity,cavity,1
deepmask_gpr,source_group_holdout_70_15_15,deepmask_gpr::augmented_cavities::53_aug_9,cavity,utility,0
deepmask_gpr,source_group_holdout_70_15_15,deepmask_gpr::augmented_cavities::56_aug_10,cavity,cavity,1
deepmask_gpr,source_group_holdout_70_15_15,deepmask_gpr::augmented_cavities::56_aug_11,cavity,cavity,1
deepmask_gpr,source_group_holdout_70_15_15,deepmask_gpr::augmented_cavities::56_aug_12,cavity,cavity,1
deepmask_gpr,source_group_holdout_70_15_15,deepmask_gpr::augmented_cavities::56_aug_13,cavity,cavity,1
deepmask_gpr,source_group_holdout_70_15_15,deepmask_gpr::augmented_cavities::56_aug_7,cavity,cavity,1
deepmask_gpr,source_group_holdout_70_15_15,deepmask_gpr::augmented_cavities::56_aug_8,cavity,cavity,1
deepmask_gpr,source_group_holdout_70_15_15,deepmask_gpr::augmented_cavities::56_aug_9,cavity,cavity,1
deepmask_gpr,source_group_holdout_70_15_15,deepmask_gpr::augmented_cavities::58_aug_10,cavity,cavity,1
deepmask_gpr,source_group_holdout_70_15_15,deepmask_gpr::augmented_cavities::58_aug_11,cavity,cavity,1
deepmask_gpr,source_group_holdout_70_15_15,deepmask_gpr::augmented_cavities::58_aug_12,cavity,cavity,1
deepmask_gpr,source_group_holdout_70_15_15,deepmask_gpr::augmented_cavities::58_aug_13,cavity,intact,0
deepmask_gpr,source_group_holdout_70_15_15,deepmask_gpr::augmented_cavities::58_aug_7,cavity,cavity,1
deepmask_gpr,source_group_holdout_70_15_15,deepmask_gpr::augmented_cavities::58_aug_8,cavity,intact,0
deepmask_gpr,source_group_holdout_70_15_15,deepmask_gpr::augmented_cavities::58_aug_9,cavity,cavity,1
deepmask_gpr,source_group_holdout_70_15_15,deepmask_gpr::augmented_cavities::62_aug_10,cavity,cavity,1
deepmask_gpr,source_group_holdout_70_15_15,deepmask_gpr::augmented_cavities::62_aug_11,cavity,cavity,1
deepmask_gpr,source_group_holdout_70_15_15,deepmask_gpr::augmented_cavities::62_aug_12,cavity,cavity,1
deepmask_gpr,source_group_holdout_70_15_15,deepmask_gpr::augmented_cavities::62_aug_13,cavity,cavity,1
deepmask_gpr,source_group_holdout_70_15_15,deepmask_gpr::augmented_cavities::62_aug_7,cavity,cavity,1
deepmask_gpr,source_group_holdout_70_15_15,deepmask_gpr::augmented_cavities::62_aug_8,cavity,cavity,1
deepmask_gpr,source_group_holdout_70_15_15,deepmask_gpr::augmented_cavities::62_aug_9,cavity,cavity,1
deepmask_gpr,source_group_holdout_70_15_15,deepmask_gpr::augmented_cavities::7_aug_10,cavity,cavity,1
deepmask_gpr,source_group_holdout_70_15_15,deepmask_gpr::augmented_cavities::7_aug_11,cavity,utility,0
deepmask_gpr,source_group_holdout_70_15_15,deepmask_gpr::augmented_cavities::7_aug_12,cavity,intact,0
deepmask_gpr,source_group_holdout_70_15_15,deepmask_gpr::augmented_cavities::7_aug_13,cavity,utility,0
deepmask_gpr,source_group_holdout_70_15_15,deepmask_gpr::augmented_cavities::7_aug_7,cavity,intact,0
deepmask_gpr,source_group_holdout_70_15_15,deepmask_gpr::augmented_cavities::7_aug_8,cavity,cavity,1
deepmask_gpr,source_group_holdout_70_15_15,deepmask_gpr::augmented_cavities::7_aug_9,cavity,cavity,1
deepmask_gpr,source_group_holdout_70_15_15,deepmask_gpr::intact::1 (2),intact,intact,1
deepmask_gpr,source_group_holdout_70_15_15,deepmask_gpr::intact::13,intact,intact,1
deepmask_gpr,source_group_holdout_70_15_15,deepmask_gpr::intact::14 (2),intact,intact,1
deepmask_gpr,source_group_holdout_70_15_15,deepmask_gpr::intact::16,intact,intact,1
deepmask_gpr,source_group_holdout_70_15_15,deepmask_gpr::intact::18 (2),intact,intact,1
deepmask_gpr,source_group_holdout_70_15_15,deepmask_gpr::intact::23,intact,intact,1
deepmask_gpr,source_group_holdout_70_15_15,deepmask_gpr::intact::25 (2),intact,intact,1
deepmask_gpr,source_group_holdout_70_15_15,deepmask_gpr::intact::45 (2),intact,intact,1
deepmask_gpr,source_group_holdout_70_15_15,deepmask_gpr::intact::45,intact,intact,1
deepmask_gpr,source_group_holdout_70_15_15,deepmask_gpr::intact::6,intact,intact,1
deepmask_gpr,source_group_holdout_70_15_15,deepmask_gpr::intact::7,intact,intact,1
deepmask_gpr,source_group_holdout_70_15_15,deepmask_gpr::intact::8 (2),intact,intact,1
deepmask_gpr,source_group_holdout_70_15_15,deepmask_gpr::augmented_intact::1 (2)_aug_1,intact,intact,1
deepmask_gpr,source_group_holdout_70_15_15,deepmask_gpr::augmented_intact::1 (2)_aug_10,intact,intact,1
deepmask_gpr,source_group_holdout_70_15_15,deepmask_gpr::augmented_intact::1 (2)_aug_11,intact,intact,1
deepmask_gpr,source_group_holdout_70_15_15,deepmask_gpr::augmented_intact::1 (2)_aug_12,intact,intact,1
deepmask_gpr,source_group_holdout_70_15_15,deepmask_gpr::augmented_intact::1 (2)_aug_2,intact,intact,1
deepmask_gpr,source_group_holdout_70_15_15,deepmask_gpr::augmented_intact::1 (2)_aug_3,intact,intact,1
deepmask_gpr,source_group_holdout_70_15_15,deepmask_gpr::augmented_intact::1 (2)_aug_4,intact,intact,1
deepmask_gpr,source_group_holdout_70_15_15,deepmask_gpr::augmented_intact::1 (2)_aug_5,intact,intact,1
deepmask_gpr,source_group_holdout_70_15_15,deepmask_gpr::augmented_intact::1 (2)_aug_6,intact,intact,1
deepmask_gpr,source_group_holdout_70_15_15,deepmask_gpr::augmented_intact::1 (2)_aug_7,intact,intact,1
deepmask_gpr,source_group_holdout_70_15_15,deepmask_gpr::augmented_intact::1 (2)_aug_8,intact,intact,1
deepmask_gpr,source_group_holdout_70_15_15,deepmask_gpr::augmented_intact::1 (2)_aug_9,intact,intact,1
deepmask_gpr,source_group_holdout_70_15_15,deepmask_gpr::augmented_intact::13_aug_1,intact,intact,1
deepmask_gpr,source_group_holdout_70_15_15,deepmask_gpr::augmented_intact::13_aug_10,intact,intact,1
deepmask_gpr,source_group_holdout_70_15_15,deepmask_gpr::augmented_intact::13_aug_11,intact,intact,1
deepmask_gpr,source_group_holdout_70_15_15,deepmask_gpr::augmented_intact::13_aug_12,intact,intact,1
deepmask_gpr,source_group_holdout_70_15_15,deepmask_gpr::augmented_intact::13_aug_2,intact,intact,1
deepmask_gpr,source_group_holdout_70_15_15,deepmask_gpr::augmented_intact::13_aug_3,intact,intact,1
deepmask_gpr,source_group_holdout_70_15_15,deepmask_gpr::augmented_intact::13_aug_4,intact,intact,1
deepmask_gpr,source_group_holdout_70_15_15,deepmask_gpr::augmented_intact::13_aug_5,intact,intact,1
deepmask_gpr,source_group_holdout_70_15_15,deepmask_gpr::augmented_intact::13_aug_6,intact,intact,1
deepmask_gpr,source_group_holdout_70_15_15,deepmask_gpr::augmented_intact::13_aug_7,intact,intact,1
deepmask_gpr,source_group_holdout_70_15_15,deepmask_gpr::augmented_intact::13_aug_8,intact,intact,1
deepmask_gpr,source_group_holdout_70_15_15,deepmask_gpr::augmented_intact::13_aug_9,intact,intact,1
deepmask_gpr,source_group_holdout_70_15_15,deepmask_gpr::augmented_intact::14 (2)_aug_1,intact,intact,1
deepmask_gpr,source_group_holdout_70_15_15,deepmask_gpr::augmented_intact::14 (2)_aug_10,intact,intact,1
deepmask_gpr,source_group_holdout_70_15_15,deepmask_gpr::augmented_intact::14 (2)_aug_11,intact,intact,1
deepmask_gpr,source_group_holdout_70_15_15,deepmask_gpr::augmented_intact::14 (2)_aug_12,intact,intact,1
deepmask_gpr,source_group_holdout_70_15_15,deepmask_gpr::augmented_intact::14 (2)_aug_2,intact,intact,1
deepmask_gpr,source_group_holdout_70_15_15,deepmask_gpr::augmented_intact::14 (2)_aug_3,intact,intact,1
deepmask_gpr,source_group_holdout_70_15_15,deepmask_gpr::augmented_intact::14 (2)_aug_4,intact,intact,1
deepmask_gpr,source_group_holdout_70_15_15,deepmask_gpr::augmented_intact::14 (2)_aug_5,intact,intact,1
deepmask_gpr,source_group_holdout_70_15_15,deepmask_gpr::augmented_intact::14 (2)_aug_6,intact,intact,1
deepmask_gpr,source_group_holdout_70_15_15,deepmask_gpr::augmented_intact::14 (2)_aug_7,intact,intact,1
deepmask_gpr,source_group_holdout_70_15_15,deepmask_gpr::augmented_intact::14 (2)_aug_8,intact,intact,1
deepmask_gpr,source_group_holdout_70_15_15,deepmask_gpr::augmented_intact::14 (2)_aug_9,intact,intact,1
deepmask_gpr,source_group_holdout_70_15_15,deepmask_gpr::augmented_intact::16_aug_1,intact,intact,1
deepmask_gpr,source_group_holdout_70_15_15,deepmask_gpr::augmented_intact::16_aug_10,intact,intact,1
deepmask_gpr,source_group_holdout_70_15_15,deepmask_gpr::augmented_intact::16_aug_11,intact,intact,1
deepmask_gpr,source_group_holdout_70_15_15,deepmask_gpr::augmented_intact::16_aug_12,intact,intact,1
deepmask_gpr,source_group_holdout_70_15_15,deepmask_gpr::augmented_intact::16_aug_2,intact,intact,1
deepmask_gpr,source_group_holdout_70_15_15,deepmask_gpr::augmented_intact::16_aug_3,intact,intact,1
deepmask_gpr,source_group_holdout_70_15_15,deepmask_gpr::augmented_intact::16_aug_4,intact,intact,1
deepmask_gpr,source_group_holdout_70_15_15,deepmask_gpr::augmented_intact::16_aug_5,intact,intact,1
deepmask_gpr,source_group_holdout_70_15_15,deepmask_gpr::augmented_intact::16_aug_6,intact,intact,1
deepmask_gpr,source_group_holdout_70_15_15,deepmask_gpr::augmented_intact::16_aug_7,intact,intact,1
deepmask_gpr,source_group_holdout_70_15_15,deepmask_gpr::augmented_intact::16_aug_8,intact,intact,1
deepmask_gpr,source_group_holdout_70_15_15,deepmask_gpr::augmented_intact::16_aug_9,intact,intact,1
deepmask_gpr,source_group_holdout_70_15_15,deepmask_gpr::augmented_intact::18 (2)_aug_1,intact,intact,1
deepmask_gpr,source_group_holdout_70_15_15,deepmask_gpr::augmented_intact::18 (2)_aug_10,intact,intact,1
deepmask_gpr,source_group_holdout_70_15_15,deepmask_gpr::augmented_intact::18 (2)_aug_11,intact,intact,1
deepmask_gpr,source_group_holdout_70_15_15,deepmask_gpr::augmented_intact::18 (2)_aug_12,intact,intact,1
deepmask_gpr,source_group_holdout_70_15_15,deepmask_gpr::augmented_intact::18 (2)_aug_2,intact,intact,1
deepmask_gpr,source_group_holdout_70_15_15,deepmask_gpr::augmented_intact::18 (2)_aug_3,intact,intact,1
deepmask_gpr,source_group_holdout_70_15_15,deepmask_gpr::augmented_intact::18 (2)_aug_4,intact,intact,1
deepmask_gpr,source_group_holdout_70_15_15,deepmask_gpr::augmented_intact::18 (2)_aug_5,intact,intact,1
deepmask_gpr,source_group_holdout_70_15_15,deepmask_gpr::augmented_intact::18 (2)_aug_6,intact,intact,1
deepmask_gpr,source_group_holdout_70_15_15,deepmask_gpr::augmented_intact::18 (2)_aug_7,intact,intact,1
deepmask_gpr,source_group_holdout_70_15_15,deepmask_gpr::augmented_intact::18 (2)_aug_8,intact,intact,1
deepmask_gpr,source_group_holdout_70_15_15,deepmask_gpr::augmented_intact::18 (2)_aug_9,intact,intact,1
deepmask_gpr,source_group_holdout_70_15_15,deepmask_gpr::augmented_intact::23_aug_1,intact,intact,1
deepmask_gpr,source_group_holdout_70_15_15,deepmask_gpr::augmented_intact::23_aug_10,intact,intact,1
deepmask_gpr,source_group_holdout_70_15_15,deepmask_gpr::augmented_intact::23_aug_11,intact,intact,1
deepmask_gpr,source_group_holdout_70_15_15,deepmask_gpr::augmented_intact::23_aug_12,intact,intact,1
deepmask_gpr,source_group_holdout_70_15_15,deepmask_gpr::augmented_intact::23_aug_2,intact,intact,1
deepmask_gpr,source_group_holdout_70_15_15,deepmask_gpr::augmented_intact::23_aug_3,intact,intact,1
deepmask_gpr,source_group_holdout_70_15_15,deepmask_gpr::augmented_intact::23_aug_4,intact,intact,1
deepmask_gpr,source_group_holdout_70_15_15,deepmask_gpr::augmented_intact::23_aug_5,intact,intact,1
deepmask_gpr,source_group_holdout_70_15_15,deepmask_gpr::augmented_intact::23_aug_6,intact,intact,1
deepmask_gpr,source_group_holdout_70_15_15,deepmask_gpr::augmented_intact::23_aug_7,intact,intact,1
deepmask_gpr,source_group_holdout_70_15_15,deepmask_gpr::augmented_intact::23_aug_8,intact,intact,1
deepmask_gpr,source_group_holdout_70_15_15,deepmask_gpr::augmented_intact::23_aug_9,intact,intact,1
deepmask_gpr,source_group_holdout_70_15_15,deepmask_gpr::augmented_intact::25 (2)_aug_1,intact,cavity,0
deepmask_gpr,source_group_holdout_70_15_15,deepmask_gpr::augmented_intact::25 (2)_aug_10,intact,cavity,0
deepmask_gpr,source_group_holdout_70_15_15,deepmask_gpr::augmented_intact::25 (2)_aug_11,intact,intact,1
deepmask_gpr,source_group_holdout_70_15_15,deepmask_gpr::augmented_intact::25 (2)_aug_12,intact,intact,1
deepmask_gpr,source_group_holdout_70_15_15,deepmask_gpr::augmented_intact::25 (2)_aug_2,intact,cavity,0
deepmask_gpr,source_group_holdout_70_15_15,deepmask_gpr::augmented_intact::25 (2)_aug_3,intact,cavity,0
deepmask_gpr,source_group_holdout_70_15_15,deepmask_gpr::augmented_intact::25 (2)_aug_4,intact,intact,1
deepmask_gpr,source_group_holdout_70_15_15,deepmask_gpr::augmented_intact::25 (2)_aug_5,intact,cavity,0
deepmask_gpr,source_group_holdout_70_15_15,deepmask_gpr::augmented_intact::25 (2)_aug_6,intact,intact,1
deepmask_gpr,source_group_holdout_70_15_15,deepmask_gpr::augmented_intact::25 (2)_aug_7,intact,intact,1
deepmask_gpr,source_group_holdout_70_15_15,deepmask_gpr::augmented_intact::25 (2)_aug_8,intact,cavity,0
deepmask_gpr,source_group_holdout_70_15_15,deepmask_gpr::augmented_intact::25 (2)_aug_9,intact,cavity,0
deepmask_gpr,source_group_holdout_70_15_15,deepmask_gpr::augmented_intact::45 (2)_aug_1,intact,intact,1
deepmask_gpr,source_group_holdout_70_15_15,deepmask_gpr::augmented_intact::45 (2)_aug_10,intact,intact,1
deepmask_gpr,source_group_holdout_70_15_15,deepmask_gpr::augmented_intact::45 (2)_aug_11,intact,intact,1
deepmask_gpr,source_group_holdout_70_15_15,deepmask_gpr::augmented_intact::45 (2)_aug_12,intact,cavity,0
deepmask_gpr,source_group_holdout_70_15_15,deepmask_gpr::augmented_intact::45 (2)_aug_2,intact,intact,1
deepmask_gpr,source_group_holdout_70_15_15,deepmask_gpr::augmented_intact::45 (2)_aug_3,intact,utility,0
deepmask_gpr,source_group_holdout_70_15_15,deepmask_gpr::augmented_intact::45 (2)_aug_4,intact,cavity,0
deepmask_gpr,source_group_holdout_70_15_15,deepmask_gpr::augmented_intact::45 (2)_aug_5,intact,intact,1
deepmask_gpr,source_group_holdout_70_15_15,deepmask_gpr::augmented_intact::45 (2)_aug_6,intact,cavity,0
deepmask_gpr,source_group_holdout_70_15_15,deepmask_gpr::augmented_intact::45 (2)_aug_7,intact,intact,1
deepmask_gpr,source_group_holdout_70_15_15,deepmask_gpr::augmented_intact::45 (2)_aug_8,intact,cavity,0
deepmask_gpr,source_group_holdout_70_15_15,deepmask_gpr::augmented_intact::45 (2)_aug_9,intact,intact,1
deepmask_gpr,source_group_holdout_70_15_15,deepmask_gpr::augmented_intact::45_aug_1,intact,intact,1
deepmask_gpr,source_group_holdout_70_15_15,deepmask_gpr::augmented_intact::45_aug_10,intact,intact,1
deepmask_gpr,source_group_holdout_70_15_15,deepmask_gpr::augmented_intact::45_aug_11,intact,cavity,0
deepmask_gpr,source_group_holdout_70_15_15,deepmask_gpr::augmented_intact::45_aug_12,intact,cavity,0
deepmask_gpr,source_group_holdout_70_15_15,deepmask_gpr::augmented_intact::45_aug_2,intact,intact,1
deepmask_gpr,source_group_holdout_70_15_15,deepmask_gpr::augmented_intact::45_aug_3,intact,cavity,0
deepmask_gpr,source_group_holdout_70_15_15,deepmask_gpr::augmented_intact::45_aug_4,intact,intact,1
deepmask_gpr,source_group_holdout_70_15_15,deepmask_gpr::augmented_intact::45_aug_5,intact,intact,1
deepmask_gpr,source_group_holdout_70_15_15,deepmask_gpr::augmented_intact::45_aug_6,intact,intact,1
deepmask_gpr,source_group_holdout_70_15_15,deepmask_gpr::augmented_intact::45_aug_7,intact,intact,1
deepmask_gpr,source_group_holdout_70_15_15,deepmask_gpr::augmented_intact::45_aug_8,intact,cavity,0
deepmask_gpr,source_group_holdout_70_15_15,deepmask_gpr::augmented_intact::45_aug_9,intact,cavity,0
deepmask_gpr,source_group_holdout_70_15_15,deepmask_gpr::augmented_intact::6_aug_1,intact,intact,1
deepmask_gpr,source_group_holdout_70_15_15,deepmask_gpr::augmented_intact::6_aug_10,intact,intact,1
deepmask_gpr,source_group_holdout_70_15_15,deepmask_gpr::augmented_intact::6_aug_11,intact,intact,1
deepmask_gpr,source_group_holdout_70_15_15,deepmask_gpr::augmented_intact::6_aug_12,intact,intact,1
deepmask_gpr,source_group_holdout_70_15_15,deepmask_gpr::augmented_intact::6_aug_2,intact,intact,1
deepmask_gpr,source_group_holdout_70_15_15,deepmask_gpr::augmented_intact::6_aug_3,intact,intact,1
deepmask_gpr,source_group_holdout_70_15_15,deepmask_gpr::augmented_intact::6_aug_4,intact,intact,1
deepmask_gpr,source_group_holdout_70_15_15,deepmask_gpr::augmented_intact::6_aug_5,intact,intact,1
deepmask_gpr,source_group_holdout_70_15_15,deepmask_gpr::augmented_intact::6_aug_6,intact,intact,1
deepmask_gpr,source_group_holdout_70_15_15,deepmask_gpr::augmented_intact::6_aug_7,intact,intact,1
deepmask_gpr,source_group_holdout_70_15_15,deepmask_gpr::augmented_intact::6_aug_8,intact,intact,1
deepmask_gpr,source_group_holdout_70_15_15,deepmask_gpr::augmented_intact::6_aug_9,intact,intact,1
deepmask_gpr,source_group_holdout_70_15_15,deepmask_gpr::augmented_intact::7_aug_1,intact,intact,1
deepmask_gpr,source_group_holdout_70_15_15,deepmask_gpr::augmented_intact::7_aug_10,intact,intact,1
deepmask_gpr,source_group_holdout_70_15_15,deepmask_gpr::augmented_intact::7_aug_11,intact,intact,1
deepmask_gpr,source_group_holdout_70_15_15,deepmask_gpr::augmented_intact::7_aug_12,intact,intact,1
deepmask_gpr,source_group_holdout_70_15_15,deepmask_gpr::augmented_intact::7_aug_2,intact,intact,1
deepmask_gpr,source_group_holdout_70_15_15,deepmask_gpr::augmented_intact::7_aug_3,intact,intact,1
deepmask_gpr,source_group_holdout_70_15_15,deepmask_gpr::augmented_intact::7_aug_4,intact,intact,1
deepmask_gpr,source_group_holdout_70_15_15,deepmask_gpr::augmented_intact::7_aug_5,intact,intact,1
deepmask_gpr,source_group_holdout_70_15_15,deepmask_gpr::augmented_intact::7_aug_6,intact,intact,1
deepmask_gpr,source_group_holdout_70_15_15,deepmask_gpr::augmented_intact::7_aug_7,intact,intact,1
deepmask_gpr,source_group_holdout_70_15_15,deepmask_gpr::augmented_intact::7_aug_8,intact,intact,1
deepmask_gpr,source_group_holdout_70_15_15,deepmask_gpr::augmented_intact::7_aug_9,intact,intact,1
deepmask_gpr,source_group_holdout_70_15_15,deepmask_gpr::augmented_intact::8 (2)_aug_1,intact,intact,1
deepmask_gpr,source_group_holdout_70_15_15,deepmask_gpr::augmented_intact::8 (2)_aug_10,intact,intact,1
deepmask_gpr,source_group_holdout_70_15_15,deepmask_gpr::augmented_intact::8 (2)_aug_11,intact,intact,1
deepmask_gpr,source_group_holdout_70_15_15,deepmask_gpr::augmented_intact::8 (2)_aug_12,intact,intact,1
deepmask_gpr,source_group_holdout_70_15_15,deepmask_gpr::augmented_intact::8 (2)_aug_2,intact,intact,1
deepmask_gpr,source_group_holdout_70_15_15,deepmask_gpr::augmented_intact::8 (2)_aug_3,intact,intact,1
deepmask_gpr,source_group_holdout_70_15_15,deepmask_gpr::augmented_intact::8 (2)_aug_4,intact,intact,1
deepmask_gpr,source_group_holdout_70_15_15,deepmask_gpr::augmented_intact::8 (2)_aug_5,intact,intact,1
deepmask_gpr,source_group_holdout_70_15_15,deepmask_gpr::augmented_intact::8 (2)_aug_6,intact,intact,1
deepmask_gpr,source_group_holdout_70_15_15,deepmask_gpr::augmented_intact::8 (2)_aug_7,intact,intact,1
deepmask_gpr,source_group_holdout_70_15_15,deepmask_gpr::augmented_intact::8 (2)_aug_8,intact,intact,1
deepmask_gpr,source_group_holdout_70_15_15,deepmask_gpr::augmented_intact::8 (2)_aug_9,intact,intact,1
deepmask_gpr,source_group_holdout_70_15_15,deepmask_gpr::Utilities::012,utility,cavity,0
deepmask_gpr,source_group_holdout_70_15_15,deepmask_gpr::Utilities::028,utility,utility,1
deepmask_gpr,source_group_holdout_70_15_15,deepmask_gpr::Utilities::055,utility,utility,1
deepmask_gpr,source_group_holdout_70_15_15,deepmask_gpr::Utilities::059,utility,utility,1
deepmask_gpr,source_group_holdout_70_15_15,deepmask_gpr::Utilities::061,utility,utility,1
deepmask_gpr,source_group_holdout_70_15_15,deepmask_gpr::Utilities::063,utility,utility,1
deepmask_gpr,source_group_holdout_70_15_15,deepmask_gpr::Utilities::101,utility,utility,1
deepmask_gpr,source_group_holdout_70_15_15,deepmask_gpr::Utilities::125,utility,cavity,0
deepmask_gpr,source_group_holdout_70_15_15,deepmask_gpr::Utilities::129,utility,intact,0
deepmask_gpr,source_group_holdout_70_15_15,deepmask_gpr::Utilities::141,utility,utility,1
deepmask_gpr,source_group_holdout_70_15_15,deepmask_gpr::Utilities::151,utility,utility,1
deepmask_gpr,source_group_holdout_70_15_15,deepmask_gpr::Utilities::156,utility,utility,1
deepmask_gpr,source_group_holdout_70_15_15,deepmask_gpr::Utilities::177,utility,utility,1
deepmask_gpr,source_group_holdout_70_15_15,deepmask_gpr::Utilities::185,utility,cavity,0
deepmask_gpr,source_group_holdout_70_15_15,deepmask_gpr::Utilities::195,utility,utility,1
deepmask_gpr,source_group_holdout_70_15_15,deepmask_gpr::Utilities::209,utility,utility,1
deepmask_gpr,source_group_holdout_70_15_15,deepmask_gpr::Utilities::215,utility,utility,1
deepmask_gpr,source_group_holdout_70_15_15,deepmask_gpr::Utilities::232,utility,utility,1
deepmask_gpr,source_group_holdout_70_15_15,deepmask_gpr::Utilities::233,utility,utility,1
deepmask_gpr,source_group_holdout_70_15_15,deepmask_gpr::Utilities::242,utility,utility,1
deepmask_gpr,source_group_holdout_70_15_15,deepmask_gpr::augmented_utilities::012_aug_1,utility,utility,1
deepmask_gpr,source_group_holdout_70_15_15,deepmask_gpr::augmented_utilities::012_aug_2,utility,utility,1
deepmask_gpr,source_group_holdout_70_15_15,deepmask_gpr::augmented_utilities::012_aug_3,utility,cavity,0
deepmask_gpr,source_group_holdout_70_15_15,deepmask_gpr::augmented_utilities::012_aug_4,utility,cavity,0
deepmask_gpr,source_group_holdout_70_15_15,deepmask_gpr::augmented_utilities::012_aug_5,utility,cavity,0
deepmask_gpr,source_group_holdout_70_15_15,deepmask_gpr::augmented_utilities::012_aug_6,utility,cavity,0
deepmask_gpr,source_group_holdout_70_15_15,deepmask_gpr::augmented_utilities::028_aug_1,utility,utility,1
deepmask_gpr,source_group_holdout_70_15_15,deepmask_gpr::augmented_utilities::028_aug_2,utility,utility,1
deepmask_gpr,source_group_holdout_70_15_15,deepmask_gpr::augmented_utilities::028_aug_3,utility,utility,1
deepmask_gpr,source_group_holdout_70_15_15,deepmask_gpr::augmented_utilities::028_aug_4,utility,utility,1
deepmask_gpr,source_group_holdout_70_15_15,deepmask_gpr::augmented_utilities::028_aug_5,utility,utility,1
deepmask_gpr,source_group_holdout_70_15_15,deepmask_gpr::augmented_utilities::028_aug_6,utility,utility,1
deepmask_gpr,source_group_holdout_70_15_15,deepmask_gpr::augmented_utilities::055_aug_1,utility,utility,1
deepmask_gpr,source_group_holdout_70_15_15,deepmask_gpr::augmented_utilities::055_aug_2,utility,utility,1
deepmask_gpr,source_group_holdout_70_15_15,deepmask_gpr::augmented_utilities::055_aug_3,utility,utility,1
deepmask_gpr,source_group_holdout_70_15_15,deepmask_gpr::augmented_utilities::055_aug_4,utility,utility,1
deepmask_gpr,source_group_holdout_70_15_15,deepmask_gpr::augmented_utilities::055_aug_5,utility,utility,1
deepmask_gpr,source_group_holdout_70_15_15,deepmask_gpr::augmented_utilities::055_aug_6,utility,utility,1
deepmask_gpr,source_group_holdout_70_15_15,deepmask_gpr::augmented_utilities::059_aug_1,utility,utility,1
deepmask_gpr,source_group_holdout_70_15_15,deepmask_gpr::augmented_utilities::059_aug_2,utility,utility,1
deepmask_gpr,source_group_holdout_70_15_15,deepmask_gpr::augmented_utilities::059_aug_3,utility,utility,1
deepmask_gpr,source_group_holdout_70_15_15,deepmask_gpr::augmented_utilities::059_aug_4,utility,utility,1
deepmask_gpr,source_group_holdout_70_15_15,deepmask_gpr::augmented_utilities::059_aug_5,utility,utility,1
deepmask_gpr,source_group_holdout_70_15_15,deepmask_gpr::augmented_utilities::059_aug_6,utility,utility,1
deepmask_gpr,source_group_holdout_70_15_15,deepmask_gpr::augmented_utilities::061_aug_1,utility,utility,1
deepmask_gpr,source_group_holdout_70_15_15,deepmask_gpr::augmented_utilities::061_aug_2,utility,utility,1
deepmask_gpr,source_group_holdout_70_15_15,deepmask_gpr::augmented_utilities::061_aug_3,utility,utility,1
deepmask_gpr,source_group_holdout_70_15_15,deepmask_gpr::augmented_utilities::061_aug_4,utility,utility,1
deepmask_gpr,source_group_holdout_70_15_15,deepmask_gpr::augmented_utilities::061_aug_5,utility,utility,1
deepmask_gpr,source_group_holdout_70_15_15,deepmask_gpr::augmented_utilities::061_aug_6,utility,utility,1
deepmask_gpr,source_group_holdout_70_15_15,deepmask_gpr::augmented_utilities::063_aug_1,utility,utility,1
deepmask_gpr,source_group_holdout_70_15_15,deepmask_gpr::augmented_utilities::063_aug_2,utility,utility,1
deepmask_gpr,source_group_holdout_70_15_15,deepmask_gpr::augmented_utilities::063_aug_3,utility,utility,1
deepmask_gpr,source_group_holdout_70_15_15,deepmask_gpr::augmented_utilities::063_aug_4,utility,utility,1
deepmask_gpr,source_group_holdout_70_15_15,deepmask_gpr::augmented_utilities::063_aug_5,utility,utility,1
deepmask_gpr,source_group_holdout_70_15_15,deepmask_gpr::augmented_utilities::063_aug_6,utility,utility,1
deepmask_gpr,source_group_holdout_70_15_15,deepmask_gpr::augmented_utilities::101_aug_1,utility,cavity,0
deepmask_gpr,source_group_holdout_70_15_15,deepmask_gpr::augmented_utilities::101_aug_2,utility,utility,1
deepmask_gpr,source_group_holdout_70_15_15,deepmask_gpr::augmented_utilities::101_aug_3,utility,utility,1
deepmask_gpr,source_group_holdout_70_15_15,deepmask_gpr::augmented_utilities::101_aug_4,utility,utility,1
deepmask_gpr,source_group_holdout_70_15_15,deepmask_gpr::augmented_utilities::101_aug_5,utility,utility,1
deepmask_gpr,source_group_holdout_70_15_15,deepmask_gpr::augmented_utilities::101_aug_6,utility,utility,1
deepmask_gpr,source_group_holdout_70_15_15,deepmask_gpr::augmented_utilities::125_aug_1,utility,intact,0
deepmask_gpr,source_group_holdout_70_15_15,deepmask_gpr::augmented_utilities::125_aug_2,utility,intact,0
deepmask_gpr,source_group_holdout_70_15_15,deepmask_gpr::augmented_utilities::125_aug_3,utility,cavity,0
deepmask_gpr,source_group_holdout_70_15_15,deepmask_gpr::augmented_utilities::125_aug_4,utility,intact,0
deepmask_gpr,source_group_holdout_70_15_15,deepmask_gpr::augmented_utilities::125_aug_5,utility,cavity,0
deepmask_gpr,source_group_holdout_70_15_15,deepmask_gpr::augmented_utilities::125_aug_6,utility,cavity,0
deepmask_gpr,source_group_holdout_70_15_15,deepmask_gpr::augmented_utilities::129_aug_1,utility,intact,0
deepmask_gpr,source_group_holdout_70_15_15,deepmask_gpr::augmented_utilities::129_aug_2,utility,intact,0
deepmask_gpr,source_group_holdout_70_15_15,deepmask_gpr::augmented_utilities::129_aug_3,utility,intact,0
deepmask_gpr,source_group_holdout_70_15_15,deepmask_gpr::augmented_utilities::129_aug_4,utility,intact,0
deepmask_gpr,source_group_holdout_70_15_15,deepmask_gpr::augmented_utilities::129_aug_5,utility,intact,0
deepmask_gpr,source_group_holdout_70_15_15,deepmask_gpr::augmented_utilities::129_aug_6,utility,intact,0
deepmask_gpr,source_group_holdout_70_15_15,deepmask_gpr::augmented_utilities::141_aug_1,utility,utility,1
deepmask_gpr,source_group_holdout_70_15_15,deepmask_gpr::augmented_utilities::141_aug_2,utility,utility,1
deepmask_gpr,source_group_holdout_70_15_15,deepmask_gpr::augmented_utilities::141_aug_3,utility,utility,1
deepmask_gpr,source_group_holdout_70_15_15,deepmask_gpr::augmented_utilities::141_aug_4,utility,utility,1
deepmask_gpr,source_group_holdout_70_15_15,deepmask_gpr::augmented_utilities::141_aug_5,utility,cavity,0
deepmask_gpr,source_group_holdout_70_15_15,deepmask_gpr::augmented_utilities::141_aug_6,utility,utility,1
deepmask_gpr,source_group_holdout_70_15_15,deepmask_gpr::augmented_utilities::151_aug_1,utility,utility,1
deepmask_gpr,source_group_holdout_70_15_15,deepmask_gpr::augmented_utilities::151_aug_2,utility,utility,1
deepmask_gpr,source_group_holdout_70_15_15,deepmask_gpr::augmented_utilities::151_aug_3,utility,utility,1
deepmask_gpr,source_group_holdout_70_15_15,deepmask_gpr::augmented_utilities::151_aug_4,utility,utility,1
deepmask_gpr,source_group_holdout_70_15_15,deepmask_gpr::augmented_utilities::151_aug_5,utility,utility,1
deepmask_gpr,source_group_holdout_70_15_15,deepmask_gpr::augmented_utilities::151_aug_6,utility,utility,1
deepmask_gpr,source_group_holdout_70_15_15,deepmask_gpr::augmented_utilities::156_aug_1,utility,utility,1
deepmask_gpr,source_group_holdout_70_15_15,deepmask_gpr::augmented_utilities::156_aug_2,utility,utility,1
deepmask_gpr,source_group_holdout_70_15_15,deepmask_gpr::augmented_utilities::156_aug_3,utility,utility,1
deepmask_gpr,source_group_holdout_70_15_15,deepmask_gpr::augmented_utilities::156_aug_4,utility,utility,1
deepmask_gpr,source_group_holdout_70_15_15,deepmask_gpr::augmented_utilities::156_aug_5,utility,utility,1
deepmask_gpr,source_group_holdout_70_15_15,deepmask_gpr::augmented_utilities::156_aug_6,utility,utility,1
deepmask_gpr,source_group_holdout_70_15_15,deepmask_gpr::augmented_utilities::177_aug_1,utility,cavity,0
deepmask_gpr,source_group_holdout_70_15_15,deepmask_gpr::augmented_utilities::177_aug_2,utility,utility,1
deepmask_gpr,source_group_holdout_70_15_15,deepmask_gpr::augmented_utilities::177_aug_3,utility,utility,1
deepmask_gpr,source_group_holdout_70_15_15,deepmask_gpr::augmented_utilities::177_aug_4,utility,utility,1
deepmask_gpr,source_group_holdout_70_15_15,deepmask_gpr::augmented_utilities::177_aug_5,utility,utility,1
deepmask_gpr,source_group_holdout_70_15_15,deepmask_gpr::augmented_utilities::177_aug_6,utility,utility,1
deepmask_gpr,source_group_holdout_70_15_15,deepmask_gpr::augmented_utilities::185_aug_1,utility,cavity,0
deepmask_gpr,source_group_holdout_70_15_15,deepmask_gpr::augmented_utilities::185_aug_2,utility,utility,1
deepmask_gpr,source_group_holdout_70_15_15,deepmask_gpr::augmented_utilities::185_aug_3,utility,utility,1
deepmask_gpr,source_group_holdout_70_15_15,deepmask_gpr::augmented_utilities::185_aug_4,utility,cavity,0
deepmask_gpr,source_group_holdout_70_15_15,deepmask_gpr::augmented_utilities::185_aug_5,utility,cavity,0
deepmask_gpr,source_group_holdout_70_15_15,deepmask_gpr::augmented_utilities::185_aug_6,utility,cavity,0
deepmask_gpr,source_group_holdout_70_15_15,deepmask_gpr::augmented_utilities::195_aug_1,utility,cavity,0
deepmask_gpr,source_group_holdout_70_15_15,deepmask_gpr::augmented_utilities::195_aug_2,utility,utility,1
deepmask_gpr,source_group_holdout_70_15_15,deepmask_gpr::augmented_utilities::195_aug_3,utility,cavity,0
deepmask_gpr,source_group_holdout_70_15_15,deepmask_gpr::augmented_utilities::195_aug_4,utility,cavity,0
deepmask_gpr,source_group_holdout_70_15_15,deepmask_gpr::augmented_utilities::195_aug_5,utility,cavity,0
deepmask_gpr,source_group_holdout_70_15_15,deepmask_gpr::augmented_utilities::195_aug_6,utility,utility,1
deepmask_gpr,source_group_holdout_70_15_15,deepmask_gpr::augmented_utilities::209_aug_1,utility,utility,1
deepmask_gpr,source_group_holdout_70_15_15,deepmask_gpr::augmented_utilities::209_aug_2,utility,utility,1
deepmask_gpr,source_group_holdout_70_15_15,deepmask_gpr::augmented_utilities::209_aug_3,utility,utility,1
deepmask_gpr,source_group_holdout_70_15_15,deepmask_gpr::augmented_utilities::209_aug_4,utility,utility,1
deepmask_gpr,source_group_holdout_70_15_15,deepmask_gpr::augmented_utilities::209_aug_5,utility,utility,1
deepmask_gpr,source_group_holdout_70_15_15,deepmask_gpr::augmented_utilities::209_aug_6,utility,utility,1
deepmask_gpr,source_group_holdout_70_15_15,deepmask_gpr::augmented_utilities::215_aug_1,utility,utility,1
deepmask_gpr,source_group_holdout_70_15_15,deepmask_gpr::augmented_utilities::215_aug_2,utility,utility,1
deepmask_gpr,source_group_holdout_70_15_15,deepmask_gpr::augmented_utilities::215_aug_3,utility,utility,1
deepmask_gpr,source_group_holdout_70_15_15,deepmask_gpr::augmented_utilities::215_aug_4,utility,utility,1
deepmask_gpr,source_group_holdout_70_15_15,deepmask_gpr::augmented_utilities::215_aug_5,utility,utility,1
deepmask_gpr,source_group_holdout_70_15_15,deepmask_gpr::augmented_utilities::215_aug_6,utility,utility,1
deepmask_gpr,source_group_holdout_70_15_15,deepmask_gpr::augmented_utilities::232_aug_1,utility,utility,1
deepmask_gpr,source_group_holdout_70_15_15,deepmask_gpr::augmented_utilities::232_aug_2,utility,utility,1
deepmask_gpr,source_group_holdout_70_15_15,deepmask_gpr::augmented_utilities::232_aug_3,utility,utility,1
deepmask_gpr,source_group_holdout_70_15_15,deepmask_gpr::augmented_utilities::232_aug_4,utility,utility,1
deepmask_gpr,source_group_holdout_70_15_15,deepmask_gpr::augmented_utilities::232_aug_5,utility,utility,1
deepmask_gpr,source_group_holdout_70_15_15,deepmask_gpr::augmented_utilities::232_aug_6,utility,utility,1
deepmask_gpr,source_group_holdout_70_15_15,deepmask_gpr::augmented_utilities::233_aug_1,utility,utility,1
deepmask_gpr,source_group_holdout_70_15_15,deepmask_gpr::augmented_utilities::233_aug_2,utility,utility,1
deepmask_gpr,source_group_holdout_70_15_15,deepmask_gpr::augmented_utilities::233_aug_3,utility,utility,1
deepmask_gpr,source_group_holdout_70_15_15,deepmask_gpr::augmented_utilities::233_aug_4,utility,utility,1
deepmask_gpr,source_group_holdout_70_15_15,deepmask_gpr::augmented_utilities::233_aug_5,utility,utility,1
deepmask_gpr,source_group_holdout_70_15_15,deepmask_gpr::augmented_utilities::233_aug_6,utility,utility,1
deepmask_gpr,source_group_holdout_70_15_15,deepmask_gpr::augmented_utilities::242_aug_1,utility,utility,1
deepmask_gpr,source_group_holdout_70_15_15,deepmask_gpr::augmented_utilities::242_aug_2,utility,utility,1
deepmask_gpr,source_group_holdout_70_15_15,deepmask_gpr::augmented_utilities::242_aug_3,utility,utility,1
deepmask_gpr,source_group_holdout_70_15_15,deepmask_gpr::augmented_utilities::242_aug_4,utility,utility,1
deepmask_gpr,source_group_holdout_70_15_15,deepmask_gpr::augmented_utilities::242_aug_5,utility,utility,1
deepmask_gpr,source_group_holdout_70_15_15,deepmask_gpr::augmented_utilities::242_aug_6,utility,utility,1
deepmask_gpr,provenance_size_holdout_p4,deepmask_gpr::cavities::1,cavity,intact,0
deepmask_gpr,provenance_size_holdout_p4,deepmask_gpr::cavities::10,cavity,cavity,1
deepmask_gpr,provenance_size_holdout_p4,deepmask_gpr::cavities::18,cavity,utility,0
deepmask_gpr,provenance_size_holdout_p4,deepmask_gpr::cavities::19,cavity,utility,0
deepmask_gpr,provenance_size_holdout_p4,deepmask_gpr::cavities::20,cavity,utility,0
deepmask_gpr,provenance_size_holdout_p4,deepmask_gpr::cavities::21,cavity,utility,0
deepmask_gpr,provenance_size_holdout_p4,deepmask_gpr::cavities::34,cavity,cavity,1
deepmask_gpr,provenance_size_holdout_p4,deepmask_gpr::cavities::46,cavity,utility,0
deepmask_gpr,provenance_size_holdout_p4,deepmask_gpr::cavities::5,cavity,cavity,1
deepmask_gpr,provenance_size_holdout_p4,deepmask_gpr::cavities::53,cavity,cavity,1
deepmask_gpr,provenance_size_holdout_p4,deepmask_gpr::cavities::56,cavity,cavity,1
deepmask_gpr,provenance_size_holdout_p4,deepmask_gpr::cavities::58,cavity,cavity,1
deepmask_gpr,provenance_size_holdout_p4,deepmask_gpr::cavities::62,cavity,cavity,1
deepmask_gpr,provenance_size_holdout_p4,deepmask_gpr::cavities::65,cavity,cavity,1
deepmask_gpr,provenance_size_holdout_p4,deepmask_gpr::cavities::7,cavity,utility,0
deepmask_gpr,provenance_size_holdout_p4,deepmask_gpr::cavities::79,cavity,cavity,1
deepmask_gpr,provenance_size_holdout_p4,deepmask_gpr::augmented_cavities::10_aug_10,cavity,cavity,1
deepmask_gpr,provenance_size_holdout_p4,deepmask_gpr::augmented_cavities::10_aug_11,cavity,cavity,1
deepmask_gpr,provenance_size_holdout_p4,deepmask_gpr::augmented_cavities::10_aug_12,cavity,cavity,1
deepmask_gpr,provenance_size_holdout_p4,deepmask_gpr::augmented_cavities::10_aug_13,cavity,cavity,1
deepmask_gpr,provenance_size_holdout_p4,deepmask_gpr::augmented_cavities::10_aug_7,cavity,cavity,1
deepmask_gpr,provenance_size_holdout_p4,deepmask_gpr::augmented_cavities::10_aug_8,cavity,cavity,1
deepmask_gpr,provenance_size_holdout_p4,deepmask_gpr::augmented_cavities::10_aug_9,cavity,cavity,1
deepmask_gpr,provenance_size_holdout_p4,deepmask_gpr::augmented_cavities::18_aug_10,cavity,cavity,1
deepmask_gpr,provenance_size_holdout_p4,deepmask_gpr::augmented_cavities::18_aug_11,cavity,utility,0
deepmask_gpr,provenance_size_holdout_p4,deepmask_gpr::augmented_cavities::18_aug_12,cavity,cavity,1
deepmask_gpr,provenance_size_holdout_p4,deepmask_gpr::augmented_cavities::18_aug_13,cavity,utility,0
deepmask_gpr,provenance_size_holdout_p4,deepmask_gpr::augmented_cavities::18_aug_7,cavity,cavity,1
deepmask_gpr,provenance_size_holdout_p4,deepmask_gpr::augmented_cavities::18_aug_8,cavity,utility,0
deepmask_gpr,provenance_size_holdout_p4,deepmask_gpr::augmented_cavities::18_aug_9,cavity,utility,0
deepmask_gpr,provenance_size_holdout_p4,deepmask_gpr::augmented_cavities::19_aug_10,cavity,cavity,1
deepmask_gpr,provenance_size_holdout_p4,deepmask_gpr::augmented_cavities::19_aug_11,cavity,utility,0
deepmask_gpr,provenance_size_holdout_p4,deepmask_gpr::augmented_cavities::19_aug_12,cavity,utility,0
deepmask_gpr,provenance_size_holdout_p4,deepmask_gpr::augmented_cavities::19_aug_13,cavity,utility,0
deepmask_gpr,provenance_size_holdout_p4,deepmask_gpr::augmented_cavities::19_aug_7,cavity,utility,0
deepmask_gpr,provenance_size_holdout_p4,deepmask_gpr::augmented_cavities::19_aug_8,cavity,utility,0
deepmask_gpr,provenance_size_holdout_p4,deepmask_gpr::augmented_cavities::19_aug_9,cavity,cavity,1
deepmask_gpr,provenance_size_holdout_p4,deepmask_gpr::augmented_cavities::1_aug_10,cavity,cavity,1
deepmask_gpr,provenance_size_holdout_p4,deepmask_gpr::augmented_cavities::1_aug_11,cavity,cavity,1
deepmask_gpr,provenance_size_holdout_p4,deepmask_gpr::augmented_cavities::1_aug_12,cavity,intact,0
deepmask_gpr,provenance_size_holdout_p4,deepmask_gpr::augmented_cavities::1_aug_13,cavity,intact,0
deepmask_gpr,provenance_size_holdout_p4,deepmask_gpr::augmented_cavities::1_aug_7,cavity,intact,0
deepmask_gpr,provenance_size_holdout_p4,deepmask_gpr::augmented_cavities::1_aug_8,cavity,intact,0
deepmask_gpr,provenance_size_holdout_p4,deepmask_gpr::augmented_cavities::1_aug_9,cavity,intact,0
deepmask_gpr,provenance_size_holdout_p4,deepmask_gpr::augmented_cavities::20_aug_10,cavity,cavity,1
deepmask_gpr,provenance_size_holdout_p4,deepmask_gpr::augmented_cavities::20_aug_11,cavity,cavity,1
deepmask_gpr,provenance_size_holdout_p4,deepmask_gpr::augmented_cavities::20_aug_12,cavity,cavity,1
deepmask_gpr,provenance_size_holdout_p4,deepmask_gpr::augmented_cavities::20_aug_13,cavity,utility,0
deepmask_gpr,provenance_size_holdout_p4,deepmask_gpr::augmented_cavities::20_aug_7,cavity,intact,0
deepmask_gpr,provenance_size_holdout_p4,deepmask_gpr::augmented_cavities::20_aug_8,cavity,cavity,1
deepmask_gpr,provenance_size_holdout_p4,deepmask_gpr::augmented_cavities::20_aug_9,cavity,cavity,1
deepmask_gpr,provenance_size_holdout_p4,deepmask_gpr::augmented_cavities::21_aug_10,cavity,cavity,1
deepmask_gpr,provenance_size_holdout_p4,deepmask_gpr::augmented_cavities::21_aug_11,cavity,utility,0
deepmask_gpr,provenance_size_holdout_p4,deepmask_gpr::augmented_cavities::21_aug_12,cavity,cavity,1
deepmask_gpr,provenance_size_holdout_p4,deepmask_gpr::augmented_cavities::21_aug_13,cavity,utility,0
deepmask_gpr,provenance_size_holdout_p4,deepmask_gpr::augmented_cavities::21_aug_7,cavity,cavity,1
deepmask_gpr,provenance_size_holdout_p4,deepmask_gpr::augmented_cavities::21_aug_8,cavity,utility,0
deepmask_gpr,provenance_size_holdout_p4,deepmask_gpr::augmented_cavities::21_aug_9,cavity,intact,0
deepmask_gpr,provenance_size_holdout_p4,deepmask_gpr::augmented_cavities::34_aug_10,cavity,cavity,1
deepmask_gpr,provenance_size_holdout_p4,deepmask_gpr::augmented_cavities::34_aug_11,cavity,cavity,1
deepmask_gpr,provenance_size_holdout_p4,deepmask_gpr::augmented_cavities::34_aug_12,cavity,cavity,1
deepmask_gpr,provenance_size_holdout_p4,deepmask_gpr::augmented_cavities::34_aug_13,cavity,cavity,1
deepmask_gpr,provenance_size_holdout_p4,deepmask_gpr::augmented_cavities::34_aug_7,cavity,cavity,1
deepmask_gpr,provenance_size_holdout_p4,deepmask_gpr::augmented_cavities::34_aug_8,cavity,cavity,1
deepmask_gpr,provenance_size_holdout_p4,deepmask_gpr::augmented_cavities::34_aug_9,cavity,cavity,1
deepmask_gpr,provenance_size_holdout_p4,deepmask_gpr::augmented_cavities::46_aug_10,cavity,utility,0
deepmask_gpr,provenance_size_holdout_p4,deepmask_gpr::augmented_cavities::46_aug_11,cavity,utility,0
deepmask_gpr,provenance_size_holdout_p4,deepmask_gpr::augmented_cavities::46_aug_12,cavity,utility,0
deepmask_gpr,provenance_size_holdout_p4,deepmask_gpr::augmented_cavities::46_aug_13,cavity,utility,0
deepmask_gpr,provenance_size_holdout_p4,deepmask_gpr::augmented_cavities::46_aug_7,cavity,utility,0
deepmask_gpr,provenance_size_holdout_p4,deepmask_gpr::augmented_cavities::46_aug_8,cavity,utility,0
deepmask_gpr,provenance_size_holdout_p4,deepmask_gpr::augmented_cavities::46_aug_9,cavity,utility,0
deepmask_gpr,provenance_size_holdout_p4,deepmask_gpr::augmented_cavities::53_aug_10,cavity,cavity,1
deepmask_gpr,provenance_size_holdout_p4,deepmask_gpr::augmented_cavities::53_aug_11,cavity,cavity,1
deepmask_gpr,provenance_size_holdout_p4,deepmask_gpr::augmented_cavities::53_aug_12,cavity,cavity,1
deepmask_gpr,provenance_size_holdout_p4,deepmask_gpr::augmented_cavities::53_aug_13,cavity,cavity,1
deepmask_gpr,provenance_size_holdout_p4,deepmask_gpr::augmented_cavities::53_aug_7,cavity,cavity,1
deepmask_gpr,provenance_size_holdout_p4,deepmask_gpr::augmented_cavities::53_aug_8,cavity,utility,0
deepmask_gpr,provenance_size_holdout_p4,deepmask_gpr::augmented_cavities::53_aug_9,cavity,cavity,1
deepmask_gpr,provenance_size_holdout_p4,deepmask_gpr::augmented_cavities::56_aug_10,cavity,cavity,1
deepmask_gpr,provenance_size_holdout_p4,deepmask_gpr::augmented_cavities::56_aug_11,cavity,cavity,1
deepmask_gpr,provenance_size_holdout_p4,deepmask_gpr::augmented_cavities::56_aug_12,cavity,cavity,1
deepmask_gpr,provenance_size_holdout_p4,deepmask_gpr::augmented_cavities::56_aug_13,cavity,cavity,1
deepmask_gpr,provenance_size_holdout_p4,deepmask_gpr::augmented_cavities::56_aug_7,cavity,cavity,1
deepmask_gpr,provenance_size_holdout_p4,deepmask_gpr::augmented_cavities::56_aug_8,cavity,cavity,1
deepmask_gpr,provenance_size_holdout_p4,deepmask_gpr::augmented_cavities::56_aug_9,cavity,cavity,1
deepmask_gpr,provenance_size_holdout_p4,deepmask_gpr::augmented_cavities::58_aug_10,cavity,cavity,1
deepmask_gpr,provenance_size_holdout_p4,deepmask_gpr::augmented_cavities::58_aug_11,cavity,cavity,1
deepmask_gpr,provenance_size_holdout_p4,deepmask_gpr::augmented_cavities::58_aug_12,cavity,cavity,1
deepmask_gpr,provenance_size_holdout_p4,deepmask_gpr::augmented_cavities::58_aug_13,cavity,intact,0
deepmask_gpr,provenance_size_holdout_p4,deepmask_gpr::augmented_cavities::58_aug_7,cavity,cavity,1
deepmask_gpr,provenance_size_holdout_p4,deepmask_gpr::augmented_cavities::58_aug_8,cavity,intact,0
deepmask_gpr,provenance_size_holdout_p4,deepmask_gpr::augmented_cavities::58_aug_9,cavity,cavity,1
deepmask_gpr,provenance_size_holdout_p4,deepmask_gpr::augmented_cavities::5_aug_10,cavity,cavity,1
deepmask_gpr,provenance_size_holdout_p4,deepmask_gpr::augmented_cavities::5_aug_11,cavity,utility,0
deepmask_gpr,provenance_size_holdout_p4,deepmask_gpr::augmented_cavities::5_aug_12,cavity,intact,0
deepmask_gpr,provenance_size_holdout_p4,deepmask_gpr::augmented_cavities::5_aug_13,cavity,cavity,1
deepmask_gpr,provenance_size_holdout_p4,deepmask_gpr::augmented_cavities::5_aug_7,cavity,cavity,1
deepmask_gpr,provenance_size_holdout_p4,deepmask_gpr::augmented_cavities::5_aug_8,cavity,cavity,1
deepmask_gpr,provenance_size_holdout_p4,deepmask_gpr::augmented_cavities::5_aug_9,cavity,cavity,1
deepmask_gpr,provenance_size_holdout_p4,deepmask_gpr::augmented_cavities::62_aug_10,cavity,cavity,1
deepmask_gpr,provenance_size_holdout_p4,deepmask_gpr::augmented_cavities::62_aug_11,cavity,cavity,1
deepmask_gpr,provenance_size_holdout_p4,deepmask_gpr::augmented_cavities::62_aug_12,cavity,cavity,1
deepmask_gpr,provenance_size_holdout_p4,deepmask_gpr::augmented_cavities::62_aug_13,cavity,cavity,1
deepmask_gpr,provenance_size_holdout_p4,deepmask_gpr::augmented_cavities::62_aug_7,cavity,cavity,1
deepmask_gpr,provenance_size_holdout_p4,deepmask_gpr::augmented_cavities::62_aug_8,cavity,cavity,1
deepmask_gpr,provenance_size_holdout_p4,deepmask_gpr::augmented_cavities::62_aug_9,cavity,cavity,1
deepmask_gpr,provenance_size_holdout_p4,deepmask_gpr::augmented_cavities::65_aug_10,cavity,cavity,1
deepmask_gpr,provenance_size_holdout_p4,deepmask_gpr::augmented_cavities::65_aug_11,cavity,cavity,1
deepmask_gpr,provenance_size_holdout_p4,deepmask_gpr::augmented_cavities::65_aug_12,cavity,cavity,1
deepmask_gpr,provenance_size_holdout_p4,deepmask_gpr::augmented_cavities::65_aug_13,cavity,cavity,1
deepmask_gpr,provenance_size_holdout_p4,deepmask_gpr::augmented_cavities::65_aug_7,cavity,cavity,1
deepmask_gpr,provenance_size_holdout_p4,deepmask_gpr::augmented_cavities::65_aug_8,cavity,cavity,1
deepmask_gpr,provenance_size_holdout_p4,deepmask_gpr::augmented_cavities::65_aug_9,cavity,utility,0
deepmask_gpr,provenance_size_holdout_p4,deepmask_gpr::augmented_cavities::79_aug_10,cavity,cavity,1
deepmask_gpr,provenance_size_holdout_p4,deepmask_gpr::augmented_cavities::79_aug_11,cavity,cavity,1
deepmask_gpr,provenance_size_holdout_p4,deepmask_gpr::augmented_cavities::79_aug_12,cavity,cavity,1
deepmask_gpr,provenance_size_holdout_p4,deepmask_gpr::augmented_cavities::79_aug_13,cavity,cavity,1
deepmask_gpr,provenance_size_holdout_p4,deepmask_gpr::augmented_cavities::79_aug_7,cavity,cavity,1
deepmask_gpr,provenance_size_holdout_p4,deepmask_gpr::augmented_cavities::79_aug_8,cavity,utility,0
deepmask_gpr,provenance_size_holdout_p4,deepmask_gpr::augmented_cavities::79_aug_9,cavity,cavity,1
deepmask_gpr,provenance_size_holdout_p4,deepmask_gpr::augmented_cavities::7_aug_10,cavity,intact,0
deepmask_gpr,provenance_size_holdout_p4,deepmask_gpr::augmented_cavities::7_aug_11,cavity,cavity,1
deepmask_gpr,provenance_size_holdout_p4,deepmask_gpr::augmented_cavities::7_aug_12,cavity,intact,0
deepmask_gpr,provenance_size_holdout_p4,deepmask_gpr::augmented_cavities::7_aug_13,cavity,utility,0
deepmask_gpr,provenance_size_holdout_p4,deepmask_gpr::augmented_cavities::7_aug_7,cavity,intact,0
deepmask_gpr,provenance_size_holdout_p4,deepmask_gpr::augmented_cavities::7_aug_8,cavity,cavity,1
deepmask_gpr,provenance_size_holdout_p4,deepmask_gpr::augmented_cavities::7_aug_9,cavity,cavity,1
deepmask_gpr,provenance_size_holdout_p4,deepmask_gpr::intact::1 (2),intact,intact,1
deepmask_gpr,provenance_size_holdout_p4,deepmask_gpr::intact::13,intact,intact,1
deepmask_gpr,provenance_size_holdout_p4,deepmask_gpr::intact::14 (2),intact,intact,1
deepmask_gpr,provenance_size_holdout_p4,deepmask_gpr::intact::16,intact,intact,1
deepmask_gpr,provenance_size_holdout_p4,deepmask_gpr::intact::18 (2),intact,intact,1
deepmask_gpr,provenance_size_holdout_p4,deepmask_gpr::intact::23,intact,intact,1
deepmask_gpr,provenance_size_holdout_p4,deepmask_gpr::intact::25 (2),intact,intact,1
deepmask_gpr,provenance_size_holdout_p4,deepmask_gpr::intact::36,intact,intact,1
deepmask_gpr,provenance_size_holdout_p4,deepmask_gpr::intact::43 (2),intact,intact,1
deepmask_gpr,provenance_size_holdout_p4,deepmask_gpr::intact::45 (2),intact,intact,1
deepmask_gpr,provenance_size_holdout_p4,deepmask_gpr::intact::45,intact,intact,1
deepmask_gpr,provenance_size_holdout_p4,deepmask_gpr::intact::5,intact,intact,1
deepmask_gpr,provenance_size_holdout_p4,deepmask_gpr::intact::6,intact,intact,1
deepmask_gpr,provenance_size_holdout_p4,deepmask_gpr::intact::7,intact,intact,1
deepmask_gpr,provenance_size_holdout_p4,deepmask_gpr::intact::8 (2),intact,intact,1
deepmask_gpr,provenance_size_holdout_p4,deepmask_gpr::augmented_intact::1 (2)_aug_1,intact,intact,1
deepmask_gpr,provenance_size_holdout_p4,deepmask_gpr::augmented_intact::1 (2)_aug_10,intact,intact,1
deepmask_gpr,provenance_size_holdout_p4,deepmask_gpr::augmented_intact::1 (2)_aug_11,intact,intact,1
deepmask_gpr,provenance_size_holdout_p4,deepmask_gpr::augmented_intact::1 (2)_aug_12,intact,intact,1
deepmask_gpr,provenance_size_holdout_p4,deepmask_gpr::augmented_intact::1 (2)_aug_2,intact,intact,1
deepmask_gpr,provenance_size_holdout_p4,deepmask_gpr::augmented_intact::1 (2)_aug_3,intact,intact,1
deepmask_gpr,provenance_size_holdout_p4,deepmask_gpr::augmented_intact::1 (2)_aug_4,intact,intact,1
deepmask_gpr,provenance_size_holdout_p4,deepmask_gpr::augmented_intact::1 (2)_aug_5,intact,intact,1
deepmask_gpr,provenance_size_holdout_p4,deepmask_gpr::augmented_intact::1 (2)_aug_6,intact,intact,1
deepmask_gpr,provenance_size_holdout_p4,deepmask_gpr::augmented_intact::1 (2)_aug_7,intact,intact,1
deepmask_gpr,provenance_size_holdout_p4,deepmask_gpr::augmented_intact::1 (2)_aug_8,intact,intact,1
deepmask_gpr,provenance_size_holdout_p4,deepmask_gpr::augmented_intact::1 (2)_aug_9,intact,intact,1
deepmask_gpr,provenance_size_holdout_p4,deepmask_gpr::augmented_intact::13_aug_1,intact,intact,1
deepmask_gpr,provenance_size_holdout_p4,deepmask_gpr::augmented_intact::13_aug_10,intact,intact,1
deepmask_gpr,provenance_size_holdout_p4,deepmask_gpr::augmented_intact::13_aug_11,intact,intact,1
deepmask_gpr,provenance_size_holdout_p4,deepmask_gpr::augmented_intact::13_aug_12,intact,intact,1
deepmask_gpr,provenance_size_holdout_p4,deepmask_gpr::augmented_intact::13_aug_2,intact,intact,1
deepmask_gpr,provenance_size_holdout_p4,deepmask_gpr::augmented_intact::13_aug_3,intact,intact,1
deepmask_gpr,provenance_size_holdout_p4,deepmask_gpr::augmented_intact::13_aug_4,intact,intact,1
deepmask_gpr,provenance_size_holdout_p4,deepmask_gpr::augmented_intact::13_aug_5,intact,intact,1
deepmask_gpr,provenance_size_holdout_p4,deepmask_gpr::augmented_intact::13_aug_6,intact,intact,1
deepmask_gpr,provenance_size_holdout_p4,deepmask_gpr::augmented_intact::13_aug_7,intact,intact,1
deepmask_gpr,provenance_size_holdout_p4,deepmask_gpr::augmented_intact::13_aug_8,intact,intact,1
deepmask_gpr,provenance_size_holdout_p4,deepmask_gpr::augmented_intact::13_aug_9,intact,intact,1
deepmask_gpr,provenance_size_holdout_p4,deepmask_gpr::augmented_intact::14 (2)_aug_1,intact,intact,1
deepmask_gpr,provenance_size_holdout_p4,deepmask_gpr::augmented_intact::14 (2)_aug_10,intact,intact,1
deepmask_gpr,provenance_size_holdout_p4,deepmask_gpr::augmented_intact::14 (2)_aug_11,intact,intact,1
deepmask_gpr,provenance_size_holdout_p4,deepmask_gpr::augmented_intact::14 (2)_aug_12,intact,intact,1
deepmask_gpr,provenance_size_holdout_p4,deepmask_gpr::augmented_intact::14 (2)_aug_2,intact,intact,1
deepmask_gpr,provenance_size_holdout_p4,deepmask_gpr::augmented_intact::14 (2)_aug_3,intact,intact,1
deepmask_gpr,provenance_size_holdout_p4,deepmask_gpr::augmented_intact::14 (2)_aug_4,intact,intact,1
deepmask_gpr,provenance_size_holdout_p4,deepmask_gpr::augmented_intact::14 (2)_aug_5,intact,intact,1
deepmask_gpr,provenance_size_holdout_p4,deepmask_gpr::augmented_intact::14 (2)_aug_6,intact,intact,1
deepmask_gpr,provenance_size_holdout_p4,deepmask_gpr::augmented_intact::14 (2)_aug_7,intact,intact,1
deepmask_gpr,provenance_size_holdout_p4,deepmask_gpr::augmented_intact::14 (2)_aug_8,intact,intact,1
deepmask_gpr,provenance_size_holdout_p4,deepmask_gpr::augmented_intact::14 (2)_aug_9,intact,intact,1
deepmask_gpr,provenance_size_holdout_p4,deepmask_gpr::augmented_intact::16_aug_1,intact,intact,1
deepmask_gpr,provenance_size_holdout_p4,deepmask_gpr::augmented_intact::16_aug_10,intact,intact,1
deepmask_gpr,provenance_size_holdout_p4,deepmask_gpr::augmented_intact::16_aug_11,intact,intact,1
deepmask_gpr,provenance_size_holdout_p4,deepmask_gpr::augmented_intact::16_aug_12,intact,intact,1
deepmask_gpr,provenance_size_holdout_p4,deepmask_gpr::augmented_intact::16_aug_2,intact,intact,1
deepmask_gpr,provenance_size_holdout_p4,deepmask_gpr::augmented_intact::16_aug_3,intact,intact,1
deepmask_gpr,provenance_size_holdout_p4,deepmask_gpr::augmented_intact::16_aug_4,intact,intact,1
deepmask_gpr,provenance_size_holdout_p4,deepmask_gpr::augmented_intact::16_aug_5,intact,intact,1
deepmask_gpr,provenance_size_holdout_p4,deepmask_gpr::augmented_intact::16_aug_6,intact,intact,1
deepmask_gpr,provenance_size_holdout_p4,deepmask_gpr::augmented_intact::16_aug_7,intact,intact,1
deepmask_gpr,provenance_size_holdout_p4,deepmask_gpr::augmented_intact::16_aug_8,intact,intact,1
deepmask_gpr,provenance_size_holdout_p4,deepmask_gpr::augmented_intact::16_aug_9,intact,intact,1
deepmask_gpr,provenance_size_holdout_p4,deepmask_gpr::augmented_intact::18 (2)_aug_1,intact,intact,1
deepmask_gpr,provenance_size_holdout_p4,deepmask_gpr::augmented_intact::18 (2)_aug_10,intact,intact,1
deepmask_gpr,provenance_size_holdout_p4,deepmask_gpr::augmented_intact::18 (2)_aug_11,intact,intact,1
deepmask_gpr,provenance_size_holdout_p4,deepmask_gpr::augmented_intact::18 (2)_aug_12,intact,intact,1
deepmask_gpr,provenance_size_holdout_p4,deepmask_gpr::augmented_intact::18 (2)_aug_2,intact,intact,1
deepmask_gpr,provenance_size_holdout_p4,deepmask_gpr::augmented_intact::18 (2)_aug_3,intact,intact,1
deepmask_gpr,provenance_size_holdout_p4,deepmask_gpr::augmented_intact::18 (2)_aug_4,intact,intact,1
deepmask_gpr,provenance_size_holdout_p4,deepmask_gpr::augmented_intact::18 (2)_aug_5,intact,intact,1
deepmask_gpr,provenance_size_holdout_p4,deepmask_gpr::augmented_intact::18 (2)_aug_6,intact,intact,1
deepmask_gpr,provenance_size_holdout_p4,deepmask_gpr::augmented_intact::18 (2)_aug_7,intact,intact,1
deepmask_gpr,provenance_size_holdout_p4,deepmask_gpr::augmented_intact::18 (2)_aug_8,intact,intact,1
deepmask_gpr,provenance_size_holdout_p4,deepmask_gpr::augmented_intact::18 (2)_aug_9,intact,intact,1
deepmask_gpr,provenance_size_holdout_p4,deepmask_gpr::augmented_intact::23_aug_1,intact,intact,1
deepmask_gpr,provenance_size_holdout_p4,deepmask_gpr::augmented_intact::23_aug_10,intact,intact,1
deepmask_gpr,provenance_size_holdout_p4,deepmask_gpr::augmented_intact::23_aug_11,intact,intact,1
deepmask_gpr,provenance_size_holdout_p4,deepmask_gpr::augmented_intact::23_aug_12,intact,intact,1
deepmask_gpr,provenance_size_holdout_p4,deepmask_gpr::augmented_intact::23_aug_2,intact,intact,1
deepmask_gpr,provenance_size_holdout_p4,deepmask_gpr::augmented_intact::23_aug_3,intact,intact,1
deepmask_gpr,provenance_size_holdout_p4,deepmask_gpr::augmented_intact::23_aug_4,intact,intact,1
deepmask_gpr,provenance_size_holdout_p4,deepmask_gpr::augmented_intact::23_aug_5,intact,intact,1
deepmask_gpr,provenance_size_holdout_p4,deepmask_gpr::augmented_intact::23_aug_6,intact,intact,1
deepmask_gpr,provenance_size_holdout_p4,deepmask_gpr::augmented_intact::23_aug_7,intact,intact,1
deepmask_gpr,provenance_size_holdout_p4,deepmask_gpr::augmented_intact::23_aug_8,intact,intact,1
deepmask_gpr,provenance_size_holdout_p4,deepmask_gpr::augmented_intact::23_aug_9,intact,intact,1
deepmask_gpr,provenance_size_holdout_p4,deepmask_gpr::augmented_intact::25 (2)_aug_1,intact,cavity,0
deepmask_gpr,provenance_size_holdout_p4,deepmask_gpr::augmented_intact::25 (2)_aug_10,intact,cavity,0
deepmask_gpr,provenance_size_holdout_p4,deepmask_gpr::augmented_intact::25 (2)_aug_11,intact,intact,1
deepmask_gpr,provenance_size_holdout_p4,deepmask_gpr::augmented_intact::25 (2)_aug_12,intact,intact,1
deepmask_gpr,provenance_size_holdout_p4,deepmask_gpr::augmented_intact::25 (2)_aug_2,intact,cavity,0
deepmask_gpr,provenance_size_holdout_p4,deepmask_gpr::augmented_intact::25 (2)_aug_3,intact,cavity,0
deepmask_gpr,provenance_size_holdout_p4,deepmask_gpr::augmented_intact::25 (2)_aug_4,intact,intact,1
deepmask_gpr,provenance_size_holdout_p4,deepmask_gpr::augmented_intact::25 (2)_aug_5,intact,cavity,0
deepmask_gpr,provenance_size_holdout_p4,deepmask_gpr::augmented_intact::25 (2)_aug_6,intact,intact,1
deepmask_gpr,provenance_size_holdout_p4,deepmask_gpr::augmented_intact::25 (2)_aug_7,intact,intact,1
deepmask_gpr,provenance_size_holdout_p4,deepmask_gpr::augmented_intact::25 (2)_aug_8,intact,cavity,0
deepmask_gpr,provenance_size_holdout_p4,deepmask_gpr::augmented_intact::25 (2)_aug_9,intact,cavity,0
deepmask_gpr,provenance_size_holdout_p4,deepmask_gpr::augmented_intact::36_aug_1,intact,intact,1
deepmask_gpr,provenance_size_holdout_p4,deepmask_gpr::augmented_intact::36_aug_10,intact,utility,0
deepmask_gpr,provenance_size_holdout_p4,deepmask_gpr::augmented_intact::36_aug_11,intact,intact,1
deepmask_gpr,provenance_size_holdout_p4,deepmask_gpr::augmented_intact::36_aug_12,intact,intact,1
deepmask_gpr,provenance_size_holdout_p4,deepmask_gpr::augmented_intact::36_aug_2,intact,intact,1
deepmask_gpr,provenance_size_holdout_p4,deepmask_gpr::augmented_intact::36_aug_3,intact,intact,1
deepmask_gpr,provenance_size_holdout_p4,deepmask_gpr::augmented_intact::36_aug_4,intact,utility,0
deepmask_gpr,provenance_size_holdout_p4,deepmask_gpr::augmented_intact::36_aug_5,intact,utility,0
deepmask_gpr,provenance_size_holdout_p4,deepmask_gpr::augmented_intact::36_aug_6,intact,intact,1
deepmask_gpr,provenance_size_holdout_p4,deepmask_gpr::augmented_intact::36_aug_7,intact,cavity,0
deepmask_gpr,provenance_size_holdout_p4,deepmask_gpr::augmented_intact::36_aug_8,intact,utility,0
deepmask_gpr,provenance_size_holdout_p4,deepmask_gpr::augmented_intact::36_aug_9,intact,intact,1
deepmask_gpr,provenance_size_holdout_p4,deepmask_gpr::augmented_intact::43 (2)_aug_1,intact,intact,1
deepmask_gpr,provenance_size_holdout_p4,deepmask_gpr::augmented_intact::43 (2)_aug_10,intact,utility,0
deepmask_gpr,provenance_size_holdout_p4,deepmask_gpr::augmented_intact::43 (2)_aug_11,intact,intact,1
deepmask_gpr,provenance_size_holdout_p4,deepmask_gpr::augmented_intact::43 (2)_aug_12,intact,intact,1
deepmask_gpr,provenance_size_holdout_p4,deepmask_gpr::augmented_intact::43 (2)_aug_2,intact,intact,1
deepmask_gpr,provenance_size_holdout_p4,deepmask_gpr::augmented_intact::43 (2)_aug_3,intact,intact,1
deepmask_gpr,provenance_size_holdout_p4,deepmask_gpr::augmented_intact::43 (2)_aug_4,intact,cavity,0
deepmask_gpr,provenance_size_holdout_p4,deepmask_gpr::augmented_intact::43 (2)_aug_5,intact,cavity,0
deepmask_gpr,provenance_size_holdout_p4,deepmask_gpr::augmented_intact::43 (2)_aug_6,intact,cavity,0
deepmask_gpr,provenance_size_holdout_p4,deepmask_gpr::augmented_intact::43 (2)_aug_7,intact,intact,1
deepmask_gpr,provenance_size_holdout_p4,deepmask_gpr::augmented_intact::43 (2)_aug_8,intact,utility,0
deepmask_gpr,provenance_size_holdout_p4,deepmask_gpr::augmented_intact::43 (2)_aug_9,intact,intact,1
deepmask_gpr,provenance_size_holdout_p4,deepmask_gpr::augmented_intact::45 (2)_aug_1,intact,intact,1
deepmask_gpr,provenance_size_holdout_p4,deepmask_gpr::augmented_intact::45 (2)_aug_10,intact,intact,1
deepmask_gpr,provenance_size_holdout_p4,deepmask_gpr::augmented_intact::45 (2)_aug_11,intact,intact,1
deepmask_gpr,provenance_size_holdout_p4,deepmask_gpr::augmented_intact::45 (2)_aug_12,intact,cavity,0
deepmask_gpr,provenance_size_holdout_p4,deepmask_gpr::augmented_intact::45 (2)_aug_2,intact,intact,1
deepmask_gpr,provenance_size_holdout_p4,deepmask_gpr::augmented_intact::45 (2)_aug_3,intact,cavity,0
deepmask_gpr,provenance_size_holdout_p4,deepmask_gpr::augmented_intact::45 (2)_aug_4,intact,cavity,0
deepmask_gpr,provenance_size_holdout_p4,deepmask_gpr::augmented_intact::45 (2)_aug_5,intact,intact,1
deepmask_gpr,provenance_size_holdout_p4,deepmask_gpr::augmented_intact::45 (2)_aug_6,intact,cavity,0
deepmask_gpr,provenance_size_holdout_p4,deepmask_gpr::augmented_intact::45 (2)_aug_7,intact,intact,1
deepmask_gpr,provenance_size_holdout_p4,deepmask_gpr::augmented_intact::45 (2)_aug_8,intact,cavity,0
deepmask_gpr,provenance_size_holdout_p4,deepmask_gpr::augmented_intact::45 (2)_aug_9,intact,intact,1
deepmask_gpr,provenance_size_holdout_p4,deepmask_gpr::augmented_intact::45_aug_1,intact,intact,1
deepmask_gpr,provenance_size_holdout_p4,deepmask_gpr::augmented_intact::45_aug_10,intact,intact,1
deepmask_gpr,provenance_size_holdout_p4,deepmask_gpr::augmented_intact::45_aug_11,intact,cavity,0
deepmask_gpr,provenance_size_holdout_p4,deepmask_gpr::augmented_intact::45_aug_12,intact,intact,1
deepmask_gpr,provenance_size_holdout_p4,deepmask_gpr::augmented_intact::45_aug_2,intact,intact,1
deepmask_gpr,provenance_size_holdout_p4,deepmask_gpr::augmented_intact::45_aug_3,intact,intact,1
deepmask_gpr,provenance_size_holdout_p4,deepmask_gpr::augmented_intact::45_aug_4,intact,intact,1
deepmask_gpr,provenance_size_holdout_p4,deepmask_gpr::augmented_intact::45_aug_5,intact,intact,1
deepmask_gpr,provenance_size_holdout_p4,deepmask_gpr::augmented_intact::45_aug_6,intact,intact,1
deepmask_gpr,provenance_size_holdout_p4,deepmask_gpr::augmented_intact::45_aug_7,intact,intact,1
deepmask_gpr,provenance_size_holdout_p4,deepmask_gpr::augmented_intact::45_aug_8,intact,cavity,0
deepmask_gpr,provenance_size_holdout_p4,deepmask_gpr::augmented_intact::45_aug_9,intact,cavity,0
deepmask_gpr,provenance_size_holdout_p4,deepmask_gpr::augmented_intact::5_aug_1,intact,intact,1
deepmask_gpr,provenance_size_holdout_p4,deepmask_gpr::augmented_intact::5_aug_10,intact,intact,1
deepmask_gpr,provenance_size_holdout_p4,deepmask_gpr::augmented_intact::5_aug_11,intact,intact,1
deepmask_gpr,provenance_size_holdout_p4,deepmask_gpr::augmented_intact::5_aug_12,intact,intact,1
deepmask_gpr,provenance_size_holdout_p4,deepmask_gpr::augmented_intact::5_aug_2,intact,intact,1
deepmask_gpr,provenance_size_holdout_p4,deepmask_gpr::augmented_intact::5_aug_3,intact,intact,1
deepmask_gpr,provenance_size_holdout_p4,deepmask_gpr::augmented_intact::5_aug_4,intact,intact,1
deepmask_gpr,provenance_size_holdout_p4,deepmask_gpr::augmented_intact::5_aug_5,intact,intact,1
deepmask_gpr,provenance_size_holdout_p4,deepmask_gpr::augmented_intact::5_aug_6,intact,intact,1
deepmask_gpr,provenance_size_holdout_p4,deepmask_gpr::augmented_intact::5_aug_7,intact,intact,1
deepmask_gpr,provenance_size_holdout_p4,deepmask_gpr::augmented_intact::5_aug_8,intact,intact,1
deepmask_gpr,provenance_size_holdout_p4,deepmask_gpr::augmented_intact::5_aug_9,intact,intact,1
deepmask_gpr,provenance_size_holdout_p4,deepmask_gpr::augmented_intact::6_aug_1,intact,intact,1
deepmask_gpr,provenance_size_holdout_p4,deepmask_gpr::augmented_intact::6_aug_10,intact,intact,1
deepmask_gpr,provenance_size_holdout_p4,deepmask_gpr::augmented_intact::6_aug_11,intact,intact,1
deepmask_gpr,provenance_size_holdout_p4,deepmask_gpr::augmented_intact::6_aug_12,intact,intact,1
deepmask_gpr,provenance_size_holdout_p4,deepmask_gpr::augmented_intact::6_aug_2,intact,intact,1
deepmask_gpr,provenance_size_holdout_p4,deepmask_gpr::augmented_intact::6_aug_3,intact,intact,1
deepmask_gpr,provenance_size_holdout_p4,deepmask_gpr::augmented_intact::6_aug_4,intact,intact,1
deepmask_gpr,provenance_size_holdout_p4,deepmask_gpr::augmented_intact::6_aug_5,intact,intact,1
deepmask_gpr,provenance_size_holdout_p4,deepmask_gpr::augmented_intact::6_aug_6,intact,intact,1
deepmask_gpr,provenance_size_holdout_p4,deepmask_gpr::augmented_intact::6_aug_7,intact,intact,1
deepmask_gpr,provenance_size_holdout_p4,deepmask_gpr::augmented_intact::6_aug_8,intact,intact,1
deepmask_gpr,provenance_size_holdout_p4,deepmask_gpr::augmented_intact::6_aug_9,intact,intact,1
deepmask_gpr,provenance_size_holdout_p4,deepmask_gpr::augmented_intact::7_aug_1,intact,intact,1
deepmask_gpr,provenance_size_holdout_p4,deepmask_gpr::augmented_intact::7_aug_10,intact,intact,1
deepmask_gpr,provenance_size_holdout_p4,deepmask_gpr::augmented_intact::7_aug_11,intact,intact,1
deepmask_gpr,provenance_size_holdout_p4,deepmask_gpr::augmented_intact::7_aug_12,intact,intact,1
deepmask_gpr,provenance_size_holdout_p4,deepmask_gpr::augmented_intact::7_aug_2,intact,intact,1
deepmask_gpr,provenance_size_holdout_p4,deepmask_gpr::augmented_intact::7_aug_3,intact,intact,1
deepmask_gpr,provenance_size_holdout_p4,deepmask_gpr::augmented_intact::7_aug_4,intact,intact,1
deepmask_gpr,provenance_size_holdout_p4,deepmask_gpr::augmented_intact::7_aug_5,intact,intact,1
deepmask_gpr,provenance_size_holdout_p4,deepmask_gpr::augmented_intact::7_aug_6,intact,intact,1
deepmask_gpr,provenance_size_holdout_p4,deepmask_gpr::augmented_intact::7_aug_7,intact,intact,1
deepmask_gpr,provenance_size_holdout_p4,deepmask_gpr::augmented_intact::7_aug_8,intact,intact,1
deepmask_gpr,provenance_size_holdout_p4,deepmask_gpr::augmented_intact::7_aug_9,intact,intact,1
deepmask_gpr,provenance_size_holdout_p4,deepmask_gpr::augmented_intact::8 (2)_aug_1,intact,intact,1
deepmask_gpr,provenance_size_holdout_p4,deepmask_gpr::augmented_intact::8 (2)_aug_10,intact,intact,1
deepmask_gpr,provenance_size_holdout_p4,deepmask_gpr::augmented_intact::8 (2)_aug_11,intact,intact,1
deepmask_gpr,provenance_size_holdout_p4,deepmask_gpr::augmented_intact::8 (2)_aug_12,intact,intact,1
deepmask_gpr,provenance_size_holdout_p4,deepmask_gpr::augmented_intact::8 (2)_aug_2,intact,intact,1
deepmask_gpr,provenance_size_holdout_p4,deepmask_gpr::augmented_intact::8 (2)_aug_3,intact,intact,1
deepmask_gpr,provenance_size_holdout_p4,deepmask_gpr::augmented_intact::8 (2)_aug_4,intact,intact,1
deepmask_gpr,provenance_size_holdout_p4,deepmask_gpr::augmented_intact::8 (2)_aug_5,intact,intact,1
deepmask_gpr,provenance_size_holdout_p4,deepmask_gpr::augmented_intact::8 (2)_aug_6,intact,intact,1
deepmask_gpr,provenance_size_holdout_p4,deepmask_gpr::augmented_intact::8 (2)_aug_7,intact,intact,1
deepmask_gpr,provenance_size_holdout_p4,deepmask_gpr::augmented_intact::8 (2)_aug_8,intact,intact,1
deepmask_gpr,provenance_size_holdout_p4,deepmask_gpr::augmented_intact::8 (2)_aug_9,intact,intact,1
deepmask_gpr,provenance_size_holdout_p4,deepmask_gpr::Utilities::012,utility,cavity,0
deepmask_gpr,provenance_size_holdout_p4,deepmask_gpr::Utilities::015,utility,utility,1
deepmask_gpr,provenance_size_holdout_p4,deepmask_gpr::Utilities::028,utility,utility,1
deepmask_gpr,provenance_size_holdout_p4,deepmask_gpr::Utilities::046,utility,utility,1
deepmask_gpr,provenance_size_holdout_p4,deepmask_gpr::Utilities::055,utility,utility,1
deepmask_gpr,provenance_size_holdout_p4,deepmask_gpr::Utilities::059,utility,utility,1
deepmask_gpr,provenance_size_holdout_p4,deepmask_gpr::Utilities::061,utility,utility,1
deepmask_gpr,provenance_size_holdout_p4,deepmask_gpr::Utilities::063,utility,utility,1
deepmask_gpr,provenance_size_holdout_p4,deepmask_gpr::Utilities::075,utility,utility,1
deepmask_gpr,provenance_size_holdout_p4,deepmask_gpr::Utilities::101,utility,utility,1
deepmask_gpr,provenance_size_holdout_p4,deepmask_gpr::Utilities::125,utility,utility,1
deepmask_gpr,provenance_size_holdout_p4,deepmask_gpr::Utilities::129,utility,intact,0
deepmask_gpr,provenance_size_holdout_p4,deepmask_gpr::Utilities::141,utility,utility,1
deepmask_gpr,provenance_size_holdout_p4,deepmask_gpr::Utilities::142,utility,cavity,0
deepmask_gpr,provenance_size_holdout_p4,deepmask_gpr::Utilities::151,utility,utility,1
deepmask_gpr,provenance_size_holdout_p4,deepmask_gpr::Utilities::156,utility,utility,1
deepmask_gpr,provenance_size_holdout_p4,deepmask_gpr::Utilities::170,utility,utility,1
deepmask_gpr,provenance_size_holdout_p4,deepmask_gpr::Utilities::177,utility,utility,1
deepmask_gpr,provenance_size_holdout_p4,deepmask_gpr::Utilities::179,utility,utility,1
deepmask_gpr,provenance_size_holdout_p4,deepmask_gpr::Utilities::185,utility,cavity,0
deepmask_gpr,provenance_size_holdout_p4,deepmask_gpr::Utilities::195,utility,utility,1
deepmask_gpr,provenance_size_holdout_p4,deepmask_gpr::Utilities::209,utility,utility,1
deepmask_gpr,provenance_size_holdout_p4,deepmask_gpr::Utilities::215,utility,utility,1
deepmask_gpr,provenance_size_holdout_p4,deepmask_gpr::Utilities::222,utility,utility,1
deepmask_gpr,provenance_size_holdout_p4,deepmask_gpr::Utilities::232,utility,utility,1
deepmask_gpr,provenance_size_holdout_p4,deepmask_gpr::Utilities::233,utility,utility,1
deepmask_gpr,provenance_size_holdout_p4,deepmask_gpr::Utilities::242,utility,utility,1
deepmask_gpr,provenance_size_holdout_p4,deepmask_gpr::augmented_utilities::012_aug_1,utility,cavity,0
deepmask_gpr,provenance_size_holdout_p4,deepmask_gpr::augmented_utilities::012_aug_2,utility,cavity,0
deepmask_gpr,provenance_size_holdout_p4,deepmask_gpr::augmented_utilities::012_aug_3,utility,cavity,0
deepmask_gpr,provenance_size_holdout_p4,deepmask_gpr::augmented_utilities::012_aug_4,utility,cavity,0
deepmask_gpr,provenance_size_holdout_p4,deepmask_gpr::augmented_utilities::012_aug_5,utility,cavity,0
deepmask_gpr,provenance_size_holdout_p4,deepmask_gpr::augmented_utilities::012_aug_6,utility,cavity,0
deepmask_gpr,provenance_size_holdout_p4,deepmask_gpr::augmented_utilities::015_aug_1,utility,utility,1
deepmask_gpr,provenance_size_holdout_p4,deepmask_gpr::augmented_utilities::015_aug_2,utility,utility,1
deepmask_gpr,provenance_size_holdout_p4,deepmask_gpr::augmented_utilities::015_aug_3,utility,utility,1
deepmask_gpr,provenance_size_holdout_p4,deepmask_gpr::augmented_utilities::015_aug_4,utility,utility,1
deepmask_gpr,provenance_size_holdout_p4,deepmask_gpr::augmented_utilities::015_aug_5,utility,utility,1
deepmask_gpr,provenance_size_holdout_p4,deepmask_gpr::augmented_utilities::015_aug_6,utility,utility,1
deepmask_gpr,provenance_size_holdout_p4,deepmask_gpr::augmented_utilities::028_aug_1,utility,cavity,0
deepmask_gpr,provenance_size_holdout_p4,deepmask_gpr::augmented_utilities::028_aug_2,utility,utility,1
deepmask_gpr,provenance_size_holdout_p4,deepmask_gpr::augmented_utilities::028_aug_3,utility,utility,1
deepmask_gpr,provenance_size_holdout_p4,deepmask_gpr::augmented_utilities::028_aug_4,utility,utility,1
deepmask_gpr,provenance_size_holdout_p4,deepmask_gpr::augmented_utilities::028_aug_5,utility,utility,1
deepmask_gpr,provenance_size_holdout_p4,deepmask_gpr::augmented_utilities::028_aug_6,utility,utility,1
deepmask_gpr,provenance_size_holdout_p4,deepmask_gpr::augmented_utilities::046_aug_1,utility,cavity,0
deepmask_gpr,provenance_size_holdout_p4,deepmask_gpr::augmented_utilities::046_aug_2,utility,utility,1
deepmask_gpr,provenance_size_holdout_p4,deepmask_gpr::augmented_utilities::046_aug_3,utility,cavity,0
deepmask_gpr,provenance_size_holdout_p4,deepmask_gpr::augmented_utilities::046_aug_4,utility,utility,1
deepmask_gpr,provenance_size_holdout_p4,deepmask_gpr::augmented_utilities::046_aug_5,utility,cavity,0
deepmask_gpr,provenance_size_holdout_p4,deepmask_gpr::augmented_utilities::046_aug_6,utility,utility,1
deepmask_gpr,provenance_size_holdout_p4,deepmask_gpr::augmented_utilities::055_aug_1,utility,utility,1
deepmask_gpr,provenance_size_holdout_p4,deepmask_gpr::augmented_utilities::055_aug_2,utility,utility,1
deepmask_gpr,provenance_size_holdout_p4,deepmask_gpr::augmented_utilities::055_aug_3,utility,utility,1
deepmask_gpr,provenance_size_holdout_p4,deepmask_gpr::augmented_utilities::055_aug_4,utility,utility,1
deepmask_gpr,provenance_size_holdout_p4,deepmask_gpr::augmented_utilities::055_aug_5,utility,utility,1
deepmask_gpr,provenance_size_holdout_p4,deepmask_gpr::augmented_utilities::055_aug_6,utility,utility,1
deepmask_gpr,provenance_size_holdout_p4,deepmask_gpr::augmented_utilities::059_aug_1,utility,cavity,0
deepmask_gpr,provenance_size_holdout_p4,deepmask_gpr::augmented_utilities::059_aug_2,utility,utility,1
deepmask_gpr,provenance_size_holdout_p4,deepmask_gpr::augmented_utilities::059_aug_3,utility,utility,1
deepmask_gpr,provenance_size_holdout_p4,deepmask_gpr::augmented_utilities::059_aug_4,utility,utility,1
deepmask_gpr,provenance_size_holdout_p4,deepmask_gpr::augmented_utilities::059_aug_5,utility,utility,1
deepmask_gpr,provenance_size_holdout_p4,deepmask_gpr::augmented_utilities::059_aug_6,utility,utility,1
deepmask_gpr,provenance_size_holdout_p4,deepmask_gpr::augmented_utilities::061_aug_1,utility,utility,1
deepmask_gpr,provenance_size_holdout_p4,deepmask_gpr::augmented_utilities::061_aug_2,utility,utility,1
deepmask_gpr,provenance_size_holdout_p4,deepmask_gpr::augmented_utilities::061_aug_3,utility,utility,1
deepmask_gpr,provenance_size_holdout_p4,deepmask_gpr::augmented_utilities::061_aug_4,utility,utility,1
deepmask_gpr,provenance_size_holdout_p4,deepmask_gpr::augmented_utilities::061_aug_5,utility,utility,1
deepmask_gpr,provenance_size_holdout_p4,deepmask_gpr::augmented_utilities::061_aug_6,utility,utility,1
deepmask_gpr,provenance_size_holdout_p4,deepmask_gpr::augmented_utilities::063_aug_1,utility,utility,1
deepmask_gpr,provenance_size_holdout_p4,deepmask_gpr::augmented_utilities::063_aug_2,utility,utility,1
deepmask_gpr,provenance_size_holdout_p4,deepmask_gpr::augmented_utilities::063_aug_3,utility,utility,1
deepmask_gpr,provenance_size_holdout_p4,deepmask_gpr::augmented_utilities::063_aug_4,utility,utility,1
deepmask_gpr,provenance_size_holdout_p4,deepmask_gpr::augmented_utilities::063_aug_5,utility,utility,1
deepmask_gpr,provenance_size_holdout_p4,deepmask_gpr::augmented_utilities::063_aug_6,utility,utility,1
deepmask_gpr,provenance_size_holdout_p4,deepmask_gpr::augmented_utilities::075_aug_1,utility,utility,1
deepmask_gpr,provenance_size_holdout_p4,deepmask_gpr::augmented_utilities::075_aug_2,utility,utility,1
deepmask_gpr,provenance_size_holdout_p4,deepmask_gpr::augmented_utilities::075_aug_3,utility,utility,1
deepmask_gpr,provenance_size_holdout_p4,deepmask_gpr::augmented_utilities::075_aug_4,utility,utility,1
deepmask_gpr,provenance_size_holdout_p4,deepmask_gpr::augmented_utilities::075_aug_5,utility,utility,1
deepmask_gpr,provenance_size_holdout_p4,deepmask_gpr::augmented_utilities::075_aug_6,utility,utility,1
deepmask_gpr,provenance_size_holdout_p4,deepmask_gpr::augmented_utilities::101_aug_1,utility,cavity,0
deepmask_gpr,provenance_size_holdout_p4,deepmask_gpr::augmented_utilities::101_aug_2,utility,utility,1
deepmask_gpr,provenance_size_holdout_p4,deepmask_gpr::augmented_utilities::101_aug_3,utility,utility,1
deepmask_gpr,provenance_size_holdout_p4,deepmask_gpr::augmented_utilities::101_aug_4,utility,utility,1
deepmask_gpr,provenance_size_holdout_p4,deepmask_gpr::augmented_utilities::101_aug_5,utility,utility,1
deepmask_gpr,provenance_size_holdout_p4,deepmask_gpr::augmented_utilities::101_aug_6,utility,utility,1
deepmask_gpr,provenance_size_holdout_p4,deepmask_gpr::augmented_utilities::125_aug_1,utility,intact,0
deepmask_gpr,provenance_size_holdout_p4,deepmask_gpr::augmented_utilities::125_aug_2,utility,intact,0
deepmask_gpr,provenance_size_holdout_p4,deepmask_gpr::augmented_utilities::125_aug_3,utility,cavity,0
deepmask_gpr,provenance_size_holdout_p4,deepmask_gpr::augmented_utilities::125_aug_4,utility,intact,0
deepmask_gpr,provenance_size_holdout_p4,deepmask_gpr::augmented_utilities::125_aug_5,utility,cavity,0
deepmask_gpr,provenance_size_holdout_p4,deepmask_gpr::augmented_utilities::125_aug_6,utility,utility,1
deepmask_gpr,provenance_size_holdout_p4,deepmask_gpr::augmented_utilities::129_aug_1,utility,intact,0
deepmask_gpr,provenance_size_holdout_p4,deepmask_gpr::augmented_utilities::129_aug_2,utility,intact,0
deepmask_gpr,provenance_size_holdout_p4,deepmask_gpr::augmented_utilities::129_aug_3,utility,intact,0
deepmask_gpr,provenance_size_holdout_p4,deepmask_gpr::augmented_utilities::129_aug_4,utility,intact,0
deepmask_gpr,provenance_size_holdout_p4,deepmask_gpr::augmented_utilities::129_aug_5,utility,intact,0
deepmask_gpr,provenance_size_holdout_p4,deepmask_gpr::augmented_utilities::129_aug_6,utility,intact,0
deepmask_gpr,provenance_size_holdout_p4,deepmask_gpr::augmented_utilities::141_aug_1,utility,utility,1
deepmask_gpr,provenance_size_holdout_p4,deepmask_gpr::augmented_utilities::141_aug_2,utility,utility,1
deepmask_gpr,provenance_size_holdout_p4,deepmask_gpr::augmented_utilities::141_aug_3,utility,utility,1
deepmask_gpr,provenance_size_holdout_p4,deepmask_gpr::augmented_utilities::141_aug_4,utility,utility,1
deepmask_gpr,provenance_size_holdout_p4,deepmask_gpr::augmented_utilities::141_aug_5,utility,cavity,0
deepmask_gpr,provenance_size_holdout_p4,deepmask_gpr::augmented_utilities::141_aug_6,utility,utility,1
deepmask_gpr,provenance_size_holdout_p4,deepmask_gpr::augmented_utilities::142_aug_1,utility,cavity,0
deepmask_gpr,provenance_size_holdout_p4,deepmask_gpr::augmented_utilities::142_aug_2,utility,cavity,0
deepmask_gpr,provenance_size_holdout_p4,deepmask_gpr::augmented_utilities::142_aug_3,utility,cavity,0
deepmask_gpr,provenance_size_holdout_p4,deepmask_gpr::augmented_utilities::142_aug_4,utility,utility,1
deepmask_gpr,provenance_size_holdout_p4,deepmask_gpr::augmented_utilities::142_aug_5,utility,cavity,0
deepmask_gpr,provenance_size_holdout_p4,deepmask_gpr::augmented_utilities::142_aug_6,utility,utility,1
deepmask_gpr,provenance_size_holdout_p4,deepmask_gpr::augmented_utilities::151_aug_1,utility,utility,1
deepmask_gpr,provenance_size_holdout_p4,deepmask_gpr::augmented_utilities::151_aug_2,utility,utility,1
deepmask_gpr,provenance_size_holdout_p4,deepmask_gpr::augmented_utilities::151_aug_3,utility,utility,1
deepmask_gpr,provenance_size_holdout_p4,deepmask_gpr::augmented_utilities::151_aug_4,utility,utility,1
deepmask_gpr,provenance_size_holdout_p4,deepmask_gpr::augmented_utilities::151_aug_5,utility,utility,1
deepmask_gpr,provenance_size_holdout_p4,deepmask_gpr::augmented_utilities::151_aug_6,utility,utility,1
deepmask_gpr,provenance_size_holdout_p4,deepmask_gpr::augmented_utilities::156_aug_1,utility,utility,1
deepmask_gpr,provenance_size_holdout_p4,deepmask_gpr::augmented_utilities::156_aug_2,utility,utility,1
deepmask_gpr,provenance_size_holdout_p4,deepmask_gpr::augmented_utilities::156_aug_3,utility,utility,1
deepmask_gpr,provenance_size_holdout_p4,deepmask_gpr::augmented_utilities::156_aug_4,utility,utility,1
deepmask_gpr,provenance_size_holdout_p4,deepmask_gpr::augmented_utilities::156_aug_5,utility,utility,1
deepmask_gpr,provenance_size_holdout_p4,deepmask_gpr::augmented_utilities::156_aug_6,utility,utility,1
deepmask_gpr,provenance_size_holdout_p4,deepmask_gpr::augmented_utilities::170_aug_1,utility,utility,1
deepmask_gpr,provenance_size_holdout_p4,deepmask_gpr::augmented_utilities::170_aug_2,utility,utility,1
deepmask_gpr,provenance_size_holdout_p4,deepmask_gpr::augmented_utilities::170_aug_3,utility,utility,1
deepmask_gpr,provenance_size_holdout_p4,deepmask_gpr::augmented_utilities::170_aug_4,utility,utility,1
deepmask_gpr,provenance_size_holdout_p4,deepmask_gpr::augmented_utilities::170_aug_5,utility,utility,1
deepmask_gpr,provenance_size_holdout_p4,deepmask_gpr::augmented_utilities::170_aug_6,utility,utility,1
deepmask_gpr,provenance_size_holdout_p4,deepmask_gpr::augmented_utilities::177_aug_1,utility,cavity,0
deepmask_gpr,provenance_size_holdout_p4,deepmask_gpr::augmented_utilities::177_aug_2,utility,utility,1
deepmask_gpr,provenance_size_holdout_p4,deepmask_gpr::augmented_utilities::177_aug_3,utility,utility,1
deepmask_gpr,provenance_size_holdout_p4,deepmask_gpr::augmented_utilities::177_aug_4,utility,utility,1
deepmask_gpr,provenance_size_holdout_p4,deepmask_gpr::augmented_utilities::177_aug_5,utility,utility,1
deepmask_gpr,provenance_size_holdout_p4,deepmask_gpr::augmented_utilities::177_aug_6,utility,utility,1
deepmask_gpr,provenance_size_holdout_p4,deepmask_gpr::augmented_utilities::179_aug_1,utility,intact,0
deepmask_gpr,provenance_size_holdout_p4,deepmask_gpr::augmented_utilities::179_aug_2,utility,utility,1
deepmask_gpr,provenance_size_holdout_p4,deepmask_gpr::augmented_utilities::179_aug_3,utility,cavity,0
deepmask_gpr,provenance_size_holdout_p4,deepmask_gpr::augmented_utilities::179_aug_4,utility,utility,1
deepmask_gpr,provenance_size_holdout_p4,deepmask_gpr::augmented_utilities::179_aug_5,utility,utility,1
deepmask_gpr,provenance_size_holdout_p4,deepmask_gpr::augmented_utilities::179_aug_6,utility,utility,1
deepmask_gpr,provenance_size_holdout_p4,deepmask_gpr::augmented_utilities::185_aug_1,utility,cavity,0
deepmask_gpr,provenance_size_holdout_p4,deepmask_gpr::augmented_utilities::185_aug_2,utility,utility,1
deepmask_gpr,provenance_size_holdout_p4,deepmask_gpr::augmented_utilities::185_aug_3,utility,utility,1
deepmask_gpr,provenance_size_holdout_p4,deepmask_gpr::augmented_utilities::185_aug_4,utility,cavity,0
deepmask_gpr,provenance_size_holdout_p4,deepmask_gpr::augmented_utilities::185_aug_5,utility,cavity,0
deepmask_gpr,provenance_size_holdout_p4,deepmask_gpr::augmented_utilities::185_aug_6,utility,cavity,0
deepmask_gpr,provenance_size_holdout_p4,deepmask_gpr::augmented_utilities::195_aug_1,utility,cavity,0
deepmask_gpr,provenance_size_holdout_p4,deepmask_gpr::augmented_utilities::195_aug_2,utility,utility,1
deepmask_gpr,provenance_size_holdout_p4,deepmask_gpr::augmented_utilities::195_aug_3,utility,cavity,0
deepmask_gpr,provenance_size_holdout_p4,deepmask_gpr::augmented_utilities::195_aug_4,utility,cavity,0
deepmask_gpr,provenance_size_holdout_p4,deepmask_gpr::augmented_utilities::195_aug_5,utility,cavity,0
deepmask_gpr,provenance_size_holdout_p4,deepmask_gpr::augmented_utilities::195_aug_6,utility,utility,1
deepmask_gpr,provenance_size_holdout_p4,deepmask_gpr::augmented_utilities::209_aug_1,utility,utility,1
deepmask_gpr,provenance_size_holdout_p4,deepmask_gpr::augmented_utilities::209_aug_2,utility,utility,1
deepmask_gpr,provenance_size_holdout_p4,deepmask_gpr::augmented_utilities::209_aug_3,utility,utility,1
deepmask_gpr,provenance_size_holdout_p4,deepmask_gpr::augmented_utilities::209_aug_4,utility,utility,1
deepmask_gpr,provenance_size_holdout_p4,deepmask_gpr::augmented_utilities::209_aug_5,utility,utility,1
deepmask_gpr,provenance_size_holdout_p4,deepmask_gpr::augmented_utilities::209_aug_6,utility,utility,1
deepmask_gpr,provenance_size_holdout_p4,deepmask_gpr::augmented_utilities::215_aug_1,utility,utility,1
deepmask_gpr,provenance_size_holdout_p4,deepmask_gpr::augmented_utilities::215_aug_2,utility,utility,1
deepmask_gpr,provenance_size_holdout_p4,deepmask_gpr::augmented_utilities::215_aug_3,utility,utility,1
deepmask_gpr,provenance_size_holdout_p4,deepmask_gpr::augmented_utilities::215_aug_4,utility,utility,1
deepmask_gpr,provenance_size_holdout_p4,deepmask_gpr::augmented_utilities::215_aug_5,utility,utility,1
deepmask_gpr,provenance_size_holdout_p4,deepmask_gpr::augmented_utilities::215_aug_6,utility,utility,1
deepmask_gpr,provenance_size_holdout_p4,deepmask_gpr::augmented_utilities::222_aug_1,utility,utility,1
deepmask_gpr,provenance_size_holdout_p4,deepmask_gpr::augmented_utilities::222_aug_2,utility,utility,1
deepmask_gpr,provenance_size_holdout_p4,deepmask_gpr::augmented_utilities::222_aug_3,utility,utility,1
deepmask_gpr,provenance_size_holdout_p4,deepmask_gpr::augmented_utilities::222_aug_4,utility,utility,1
deepmask_gpr,provenance_size_holdout_p4,deepmask_gpr::augmented_utilities::222_aug_5,utility,utility,1
deepmask_gpr,provenance_size_holdout_p4,deepmask_gpr::augmented_utilities::222_aug_6,utility,utility,1
deepmask_gpr,provenance_size_holdout_p4,deepmask_gpr::augmented_utilities::232_aug_1,utility,utility,1
deepmask_gpr,provenance_size_holdout_p4,deepmask_gpr::augmented_utilities::232_aug_2,utility,utility,1
deepmask_gpr,provenance_size_holdout_p4,deepmask_gpr::augmented_utilities::232_aug_3,utility,utility,1
deepmask_gpr,provenance_size_holdout_p4,deepmask_gpr::augmented_utilities::232_aug_4,utility,utility,1
deepmask_gpr,provenance_size_holdout_p4,deepmask_gpr::augmented_utilities::232_aug_5,utility,utility,1
deepmask_gpr,provenance_size_holdout_p4,deepmask_gpr::augmented_utilities::232_aug_6,utility,utility,1
deepmask_gpr,provenance_size_holdout_p4,deepmask_gpr::augmented_utilities::233_aug_1,utility,utility,1
deepmask_gpr,provenance_size_holdout_p4,deepmask_gpr::augmented_utilities::233_aug_2,utility,utility,1
deepmask_gpr,provenance_size_holdout_p4,deepmask_gpr::augmented_utilities::233_aug_3,utility,utility,1
deepmask_gpr,provenance_size_holdout_p4,deepmask_gpr::augmented_utilities::233_aug_4,utility,utility,1
deepmask_gpr,provenance_size_holdout_p4,deepmask_gpr::augmented_utilities::233_aug_5,utility,utility,1
deepmask_gpr,provenance_size_holdout_p4,deepmask_gpr::augmented_utilities::233_aug_6,utility,utility,1
deepmask_gpr,provenance_size_holdout_p4,deepmask_gpr::augmented_utilities::242_aug_1,utility,utility,1
deepmask_gpr,provenance_size_holdout_p4,deepmask_gpr::augmented_utilities::242_aug_2,utility,utility,1
deepmask_gpr,provenance_size_holdout_p4,deepmask_gpr::augmented_utilities::242_aug_3,utility,utility,1
deepmask_gpr,provenance_size_holdout_p4,deepmask_gpr::augmented_utilities::242_aug_4,utility,utility,1
deepmask_gpr,provenance_size_holdout_p4,deepmask_gpr::augmented_utilities::242_aug_5,utility,utility,1
deepmask_gpr,provenance_size_holdout_p4,deepmask_gpr::augmented_utilities::242_aug_6,utility,utility,1
deepmask_gpr,datasail_like_group_balance,deepmask_gpr::cavities::1,cavity,intact,0
deepmask_gpr,datasail_like_group_balance,deepmask_gpr::cavities::10,cavity,cavity,1
deepmask_gpr,datasail_like_group_balance,deepmask_gpr::cavities::18,cavity,utility,0
deepmask_gpr,datasail_like_group_balance,deepmask_gpr::cavities::19,cavity,utility,0
deepmask_gpr,datasail_like_group_balance,deepmask_gpr::cavities::21,cavity,utility,0
deepmask_gpr,datasail_like_group_balance,deepmask_gpr::cavities::34,cavity,cavity,1
deepmask_gpr,datasail_like_group_balance,deepmask_gpr::cavities::46,cavity,utility,0
deepmask_gpr,datasail_like_group_balance,deepmask_gpr::cavities::53,cavity,cavity,1
deepmask_gpr,datasail_like_group_balance,deepmask_gpr::cavities::56,cavity,cavity,1
deepmask_gpr,datasail_like_group_balance,deepmask_gpr::cavities::58,cavity,intact,0
deepmask_gpr,datasail_like_group_balance,deepmask_gpr::cavities::62,cavity,cavity,1
deepmask_gpr,datasail_like_group_balance,deepmask_gpr::cavities::7,cavity,utility,0
deepmask_gpr,datasail_like_group_balance,deepmask_gpr::augmented_cavities::10_aug_10,cavity,cavity,1
deepmask_gpr,datasail_like_group_balance,deepmask_gpr::augmented_cavities::10_aug_11,cavity,cavity,1
deepmask_gpr,datasail_like_group_balance,deepmask_gpr::augmented_cavities::10_aug_12,cavity,cavity,1
deepmask_gpr,datasail_like_group_balance,deepmask_gpr::augmented_cavities::10_aug_13,cavity,cavity,1
deepmask_gpr,datasail_like_group_balance,deepmask_gpr::augmented_cavities::10_aug_7,cavity,cavity,1
deepmask_gpr,datasail_like_group_balance,deepmask_gpr::augmented_cavities::10_aug_8,cavity,cavity,1
deepmask_gpr,datasail_like_group_balance,deepmask_gpr::augmented_cavities::10_aug_9,cavity,cavity,1
deepmask_gpr,datasail_like_group_balance,deepmask_gpr::augmented_cavities::18_aug_10,cavity,cavity,1
deepmask_gpr,datasail_like_group_balance,deepmask_gpr::augmented_cavities::18_aug_11,cavity,cavity,1
deepmask_gpr,datasail_like_group_balance,deepmask_gpr::augmented_cavities::18_aug_12,cavity,cavity,1
deepmask_gpr,datasail_like_group_balance,deepmask_gpr::augmented_cavities::18_aug_13,cavity,utility,0
deepmask_gpr,datasail_like_group_balance,deepmask_gpr::augmented_cavities::18_aug_7,cavity,cavity,1
deepmask_gpr,datasail_like_group_balance,deepmask_gpr::augmented_cavities::18_aug_8,cavity,utility,0
deepmask_gpr,datasail_like_group_balance,deepmask_gpr::augmented_cavities::18_aug_9,cavity,cavity,1
deepmask_gpr,datasail_like_group_balance,deepmask_gpr::augmented_cavities::19_aug_10,cavity,cavity,1
deepmask_gpr,datasail_like_group_balance,deepmask_gpr::augmented_cavities::19_aug_11,cavity,utility,0
deepmask_gpr,datasail_like_group_balance,deepmask_gpr::augmented_cavities::19_aug_12,cavity,utility,0
deepmask_gpr,datasail_like_group_balance,deepmask_gpr::augmented_cavities::19_aug_13,cavity,utility,0
deepmask_gpr,datasail_like_group_balance,deepmask_gpr::augmented_cavities::19_aug_7,cavity,utility,0
deepmask_gpr,datasail_like_group_balance,deepmask_gpr::augmented_cavities::19_aug_8,cavity,utility,0
deepmask_gpr,datasail_like_group_balance,deepmask_gpr::augmented_cavities::19_aug_9,cavity,cavity,1
deepmask_gpr,datasail_like_group_balance,deepmask_gpr::augmented_cavities::1_aug_10,cavity,cavity,1
deepmask_gpr,datasail_like_group_balance,deepmask_gpr::augmented_cavities::1_aug_11,cavity,intact,0
deepmask_gpr,datasail_like_group_balance,deepmask_gpr::augmented_cavities::1_aug_12,cavity,cavity,1
deepmask_gpr,datasail_like_group_balance,deepmask_gpr::augmented_cavities::1_aug_13,cavity,intact,0
deepmask_gpr,datasail_like_group_balance,deepmask_gpr::augmented_cavities::1_aug_7,cavity,intact,0
deepmask_gpr,datasail_like_group_balance,deepmask_gpr::augmented_cavities::1_aug_8,cavity,intact,0
deepmask_gpr,datasail_like_group_balance,deepmask_gpr::augmented_cavities::1_aug_9,cavity,intact,0
deepmask_gpr,datasail_like_group_balance,deepmask_gpr::augmented_cavities::21_aug_10,cavity,cavity,1
deepmask_gpr,datasail_like_group_balance,deepmask_gpr::augmented_cavities::21_aug_11,cavity,utility,0
deepmask_gpr,datasail_like_group_balance,deepmask_gpr::augmented_cavities::21_aug_12,cavity,cavity,1
deepmask_gpr,datasail_like_group_balance,deepmask_gpr::augmented_cavities::21_aug_13,cavity,utility,0
deepmask_gpr,datasail_like_group_balance,deepmask_gpr::augmented_cavities::21_aug_7,cavity,cavity,1
deepmask_gpr,datasail_like_group_balance,deepmask_gpr::augmented_cavities::21_aug_8,cavity,utility,0
deepmask_gpr,datasail_like_group_balance,deepmask_gpr::augmented_cavities::21_aug_9,cavity,utility,0
deepmask_gpr,datasail_like_group_balance,deepmask_gpr::augmented_cavities::34_aug_10,cavity,cavity,1
deepmask_gpr,datasail_like_group_balance,deepmask_gpr::augmented_cavities::34_aug_11,cavity,cavity,1
deepmask_gpr,datasail_like_group_balance,deepmask_gpr::augmented_cavities::34_aug_12,cavity,cavity,1
deepmask_gpr,datasail_like_group_balance,deepmask_gpr::augmented_cavities::34_aug_13,cavity,cavity,1
deepmask_gpr,datasail_like_group_balance,deepmask_gpr::augmented_cavities::34_aug_7,cavity,cavity,1
deepmask_gpr,datasail_like_group_balance,deepmask_gpr::augmented_cavities::34_aug_8,cavity,cavity,1
deepmask_gpr,datasail_like_group_balance,deepmask_gpr::augmented_cavities::34_aug_9,cavity,cavity,1
deepmask_gpr,datasail_like_group_balance,deepmask_gpr::augmented_cavities::46_aug_10,cavity,utility,0
deepmask_gpr,datasail_like_group_balance,deepmask_gpr::augmented_cavities::46_aug_11,cavity,utility,0
deepmask_gpr,datasail_like_group_balance,deepmask_gpr::augmented_cavities::46_aug_12,cavity,utility,0
deepmask_gpr,datasail_like_group_balance,deepmask_gpr::augmented_cavities::46_aug_13,cavity,utility,0
deepmask_gpr,datasail_like_group_balance,deepmask_gpr::augmented_cavities::46_aug_7,cavity,utility,0
deepmask_gpr,datasail_like_group_balance,deepmask_gpr::augmented_cavities::46_aug_8,cavity,utility,0
deepmask_gpr,datasail_like_group_balance,deepmask_gpr::augmented_cavities::46_aug_9,cavity,utility,0
deepmask_gpr,datasail_like_group_balance,deepmask_gpr::augmented_cavities::53_aug_10,cavity,utility,0
deepmask_gpr,datasail_like_group_balance,deepmask_gpr::augmented_cavities::53_aug_11,cavity,cavity,1
deepmask_gpr,datasail_like_group_balance,deepmask_gpr::augmented_cavities::53_aug_12,cavity,cavity,1
deepmask_gpr,datasail_like_group_balance,deepmask_gpr::augmented_cavities::53_aug_13,cavity,cavity,1
deepmask_gpr,datasail_like_group_balance,deepmask_gpr::augmented_cavities::53_aug_7,cavity,cavity,1
deepmask_gpr,datasail_like_group_balance,deepmask_gpr::augmented_cavities::53_aug_8,cavity,cavity,1
deepmask_gpr,datasail_like_group_balance,deepmask_gpr::augmented_cavities::53_aug_9,cavity,utility,0
deepmask_gpr,datasail_like_group_balance,deepmask_gpr::augmented_cavities::56_aug_10,cavity,cavity,1
deepmask_gpr,datasail_like_group_balance,deepmask_gpr::augmented_cavities::56_aug_11,cavity,cavity,1
deepmask_gpr,datasail_like_group_balance,deepmask_gpr::augmented_cavities::56_aug_12,cavity,cavity,1
deepmask_gpr,datasail_like_group_balance,deepmask_gpr::augmented_cavities::56_aug_13,cavity,cavity,1
deepmask_gpr,datasail_like_group_balance,deepmask_gpr::augmented_cavities::56_aug_7,cavity,cavity,1
deepmask_gpr,datasail_like_group_balance,deepmask_gpr::augmented_cavities::56_aug_8,cavity,cavity,1
deepmask_gpr,datasail_like_group_balance,deepmask_gpr::augmented_cavities::56_aug_9,cavity,cavity,1
deepmask_gpr,datasail_like_group_balance,deepmask_gpr::augmented_cavities::58_aug_10,cavity,cavity,1
deepmask_gpr,datasail_like_group_balance,deepmask_gpr::augmented_cavities::58_aug_11,cavity,cavity,1
deepmask_gpr,datasail_like_group_balance,deepmask_gpr::augmented_cavities::58_aug_12,cavity,cavity,1
deepmask_gpr,datasail_like_group_balance,deepmask_gpr::augmented_cavities::58_aug_13,cavity,intact,0
deepmask_gpr,datasail_like_group_balance,deepmask_gpr::augmented_cavities::58_aug_7,cavity,cavity,1
deepmask_gpr,datasail_like_group_balance,deepmask_gpr::augmented_cavities::58_aug_8,cavity,intact,0
deepmask_gpr,datasail_like_group_balance,deepmask_gpr::augmented_cavities::58_aug_9,cavity,cavity,1
deepmask_gpr,datasail_like_group_balance,deepmask_gpr::augmented_cavities::62_aug_10,cavity,cavity,1
deepmask_gpr,datasail_like_group_balance,deepmask_gpr::augmented_cavities::62_aug_11,cavity,cavity,1
deepmask_gpr,datasail_like_group_balance,deepmask_gpr::augmented_cavities::62_aug_12,cavity,cavity,1
deepmask_gpr,datasail_like_group_balance,deepmask_gpr::augmented_cavities::62_aug_13,cavity,cavity,1
deepmask_gpr,datasail_like_group_balance,deepmask_gpr::augmented_cavities::62_aug_7,cavity,cavity,1
deepmask_gpr,datasail_like_group_balance,deepmask_gpr::augmented_cavities::62_aug_8,cavity,cavity,1
deepmask_gpr,datasail_like_group_balance,deepmask_gpr::augmented_cavities::62_aug_9,cavity,cavity,1
deepmask_gpr,datasail_like_group_balance,deepmask_gpr::augmented_cavities::7_aug_10,cavity,cavity,1
deepmask_gpr,datasail_like_group_balance,deepmask_gpr::augmented_cavities::7_aug_11,cavity,utility,0
deepmask_gpr,datasail_like_group_balance,deepmask_gpr::augmented_cavities::7_aug_12,cavity,intact,0
deepmask_gpr,datasail_like_group_balance,deepmask_gpr::augmented_cavities::7_aug_13,cavity,utility,0
deepmask_gpr,datasail_like_group_balance,deepmask_gpr::augmented_cavities::7_aug_7,cavity,intact,0
deepmask_gpr,datasail_like_group_balance,deepmask_gpr::augmented_cavities::7_aug_8,cavity,cavity,1
deepmask_gpr,datasail_like_group_balance,deepmask_gpr::augmented_cavities::7_aug_9,cavity,cavity,1
deepmask_gpr,datasail_like_group_balance,deepmask_gpr::intact::1 (2),intact,intact,1
deepmask_gpr,datasail_like_group_balance,deepmask_gpr::intact::13,intact,intact,1
deepmask_gpr,datasail_like_group_balance,deepmask_gpr::intact::14 (2),intact,intact,1
deepmask_gpr,datasail_like_group_balance,deepmask_gpr::intact::16,intact,intact,1
deepmask_gpr,datasail_like_group_balance,deepmask_gpr::intact::18 (2),intact,intact,1
deepmask_gpr,datasail_like_group_balance,deepmask_gpr::intact::23,intact,intact,1
deepmask_gpr,datasail_like_group_balance,deepmask_gpr::intact::25 (2),intact,intact,1
deepmask_gpr,datasail_like_group_balance,deepmask_gpr::intact::45 (2),intact,intact,1
deepmask_gpr,datasail_like_group_balance,deepmask_gpr::intact::45,intact,intact,1
deepmask_gpr,datasail_like_group_balance,deepmask_gpr::intact::6,intact,intact,1
deepmask_gpr,datasail_like_group_balance,deepmask_gpr::intact::7,intact,intact,1
deepmask_gpr,datasail_like_group_balance,deepmask_gpr::intact::8 (2),intact,intact,1
deepmask_gpr,datasail_like_group_balance,deepmask_gpr::augmented_intact::1 (2)_aug_1,intact,intact,1
deepmask_gpr,datasail_like_group_balance,deepmask_gpr::augmented_intact::1 (2)_aug_10,intact,intact,1
deepmask_gpr,datasail_like_group_balance,deepmask_gpr::augmented_intact::1 (2)_aug_11,intact,intact,1
deepmask_gpr,datasail_like_group_balance,deepmask_gpr::augmented_intact::1 (2)_aug_12,intact,intact,1
deepmask_gpr,datasail_like_group_balance,deepmask_gpr::augmented_intact::1 (2)_aug_2,intact,intact,1
deepmask_gpr,datasail_like_group_balance,deepmask_gpr::augmented_intact::1 (2)_aug_3,intact,intact,1
deepmask_gpr,datasail_like_group_balance,deepmask_gpr::augmented_intact::1 (2)_aug_4,intact,intact,1
deepmask_gpr,datasail_like_group_balance,deepmask_gpr::augmented_intact::1 (2)_aug_5,intact,intact,1
deepmask_gpr,datasail_like_group_balance,deepmask_gpr::augmented_intact::1 (2)_aug_6,intact,intact,1
deepmask_gpr,datasail_like_group_balance,deepmask_gpr::augmented_intact::1 (2)_aug_7,intact,intact,1
deepmask_gpr,datasail_like_group_balance,deepmask_gpr::augmented_intact::1 (2)_aug_8,intact,intact,1
deepmask_gpr,datasail_like_group_balance,deepmask_gpr::augmented_intact::1 (2)_aug_9,intact,intact,1
deepmask_gpr,datasail_like_group_balance,deepmask_gpr::augmented_intact::13_aug_1,intact,intact,1
deepmask_gpr,datasail_like_group_balance,deepmask_gpr::augmented_intact::13_aug_10,intact,intact,1
deepmask_gpr,datasail_like_group_balance,deepmask_gpr::augmented_intact::13_aug_11,intact,intact,1
deepmask_gpr,datasail_like_group_balance,deepmask_gpr::augmented_intact::13_aug_12,intact,intact,1
deepmask_gpr,datasail_like_group_balance,deepmask_gpr::augmented_intact::13_aug_2,intact,intact,1
deepmask_gpr,datasail_like_group_balance,deepmask_gpr::augmented_intact::13_aug_3,intact,intact,1
deepmask_gpr,datasail_like_group_balance,deepmask_gpr::augmented_intact::13_aug_4,intact,intact,1
deepmask_gpr,datasail_like_group_balance,deepmask_gpr::augmented_intact::13_aug_5,intact,intact,1
deepmask_gpr,datasail_like_group_balance,deepmask_gpr::augmented_intact::13_aug_6,intact,intact,1
deepmask_gpr,datasail_like_group_balance,deepmask_gpr::augmented_intact::13_aug_7,intact,intact,1
deepmask_gpr,datasail_like_group_balance,deepmask_gpr::augmented_intact::13_aug_8,intact,intact,1
deepmask_gpr,datasail_like_group_balance,deepmask_gpr::augmented_intact::13_aug_9,intact,intact,1
deepmask_gpr,datasail_like_group_balance,deepmask_gpr::augmented_intact::14 (2)_aug_1,intact,intact,1
deepmask_gpr,datasail_like_group_balance,deepmask_gpr::augmented_intact::14 (2)_aug_10,intact,intact,1
deepmask_gpr,datasail_like_group_balance,deepmask_gpr::augmented_intact::14 (2)_aug_11,intact,intact,1
deepmask_gpr,datasail_like_group_balance,deepmask_gpr::augmented_intact::14 (2)_aug_12,intact,intact,1
deepmask_gpr,datasail_like_group_balance,deepmask_gpr::augmented_intact::14 (2)_aug_2,intact,intact,1
deepmask_gpr,datasail_like_group_balance,deepmask_gpr::augmented_intact::14 (2)_aug_3,intact,intact,1
deepmask_gpr,datasail_like_group_balance,deepmask_gpr::augmented_intact::14 (2)_aug_4,intact,intact,1
deepmask_gpr,datasail_like_group_balance,deepmask_gpr::augmented_intact::14 (2)_aug_5,intact,intact,1
deepmask_gpr,datasail_like_group_balance,deepmask_gpr::augmented_intact::14 (2)_aug_6,intact,intact,1
deepmask_gpr,datasail_like_group_balance,deepmask_gpr::augmented_intact::14 (2)_aug_7,intact,intact,1
deepmask_gpr,datasail_like_group_balance,deepmask_gpr::augmented_intact::14 (2)_aug_8,intact,intact,1
deepmask_gpr,datasail_like_group_balance,deepmask_gpr::augmented_intact::14 (2)_aug_9,intact,intact,1
deepmask_gpr,datasail_like_group_balance,deepmask_gpr::augmented_intact::16_aug_1,intact,intact,1
deepmask_gpr,datasail_like_group_balance,deepmask_gpr::augmented_intact::16_aug_10,intact,intact,1
deepmask_gpr,datasail_like_group_balance,deepmask_gpr::augmented_intact::16_aug_11,intact,intact,1
deepmask_gpr,datasail_like_group_balance,deepmask_gpr::augmented_intact::16_aug_12,intact,intact,1
deepmask_gpr,datasail_like_group_balance,deepmask_gpr::augmented_intact::16_aug_2,intact,intact,1
deepmask_gpr,datasail_like_group_balance,deepmask_gpr::augmented_intact::16_aug_3,intact,intact,1
deepmask_gpr,datasail_like_group_balance,deepmask_gpr::augmented_intact::16_aug_4,intact,intact,1
deepmask_gpr,datasail_like_group_balance,deepmask_gpr::augmented_intact::16_aug_5,intact,intact,1
deepmask_gpr,datasail_like_group_balance,deepmask_gpr::augmented_intact::16_aug_6,intact,intact,1
deepmask_gpr,datasail_like_group_balance,deepmask_gpr::augmented_intact::16_aug_7,intact,intact,1
deepmask_gpr,datasail_like_group_balance,deepmask_gpr::augmented_intact::16_aug_8,intact,intact,1
deepmask_gpr,datasail_like_group_balance,deepmask_gpr::augmented_intact::16_aug_9,intact,intact,1
deepmask_gpr,datasail_like_group_balance,deepmask_gpr::augmented_intact::18 (2)_aug_1,intact,intact,1
deepmask_gpr,datasail_like_group_balance,deepmask_gpr::augmented_intact::18 (2)_aug_10,intact,intact,1
deepmask_gpr,datasail_like_group_balance,deepmask_gpr::augmented_intact::18 (2)_aug_11,intact,intact,1
deepmask_gpr,datasail_like_group_balance,deepmask_gpr::augmented_intact::18 (2)_aug_12,intact,intact,1
deepmask_gpr,datasail_like_group_balance,deepmask_gpr::augmented_intact::18 (2)_aug_2,intact,intact,1
deepmask_gpr,datasail_like_group_balance,deepmask_gpr::augmented_intact::18 (2)_aug_3,intact,intact,1
deepmask_gpr,datasail_like_group_balance,deepmask_gpr::augmented_intact::18 (2)_aug_4,intact,intact,1
deepmask_gpr,datasail_like_group_balance,deepmask_gpr::augmented_intact::18 (2)_aug_5,intact,intact,1
deepmask_gpr,datasail_like_group_balance,deepmask_gpr::augmented_intact::18 (2)_aug_6,intact,intact,1
deepmask_gpr,datasail_like_group_balance,deepmask_gpr::augmented_intact::18 (2)_aug_7,intact,intact,1
deepmask_gpr,datasail_like_group_balance,deepmask_gpr::augmented_intact::18 (2)_aug_8,intact,intact,1
deepmask_gpr,datasail_like_group_balance,deepmask_gpr::augmented_intact::18 (2)_aug_9,intact,intact,1
deepmask_gpr,datasail_like_group_balance,deepmask_gpr::augmented_intact::23_aug_1,intact,intact,1
deepmask_gpr,datasail_like_group_balance,deepmask_gpr::augmented_intact::23_aug_10,intact,intact,1
deepmask_gpr,datasail_like_group_balance,deepmask_gpr::augmented_intact::23_aug_11,intact,intact,1
deepmask_gpr,datasail_like_group_balance,deepmask_gpr::augmented_intact::23_aug_12,intact,intact,1
deepmask_gpr,datasail_like_group_balance,deepmask_gpr::augmented_intact::23_aug_2,intact,intact,1
deepmask_gpr,datasail_like_group_balance,deepmask_gpr::augmented_intact::23_aug_3,intact,intact,1
deepmask_gpr,datasail_like_group_balance,deepmask_gpr::augmented_intact::23_aug_4,intact,intact,1
deepmask_gpr,datasail_like_group_balance,deepmask_gpr::augmented_intact::23_aug_5,intact,intact,1
deepmask_gpr,datasail_like_group_balance,deepmask_gpr::augmented_intact::23_aug_6,intact,intact,1
deepmask_gpr,datasail_like_group_balance,deepmask_gpr::augmented_intact::23_aug_7,intact,intact,1
deepmask_gpr,datasail_like_group_balance,deepmask_gpr::augmented_intact::23_aug_8,intact,intact,1
deepmask_gpr,datasail_like_group_balance,deepmask_gpr::augmented_intact::23_aug_9,intact,intact,1
deepmask_gpr,datasail_like_group_balance,deepmask_gpr::augmented_intact::25 (2)_aug_1,intact,cavity,0
deepmask_gpr,datasail_like_group_balance,deepmask_gpr::augmented_intact::25 (2)_aug_10,intact,cavity,0
deepmask_gpr,datasail_like_group_balance,deepmask_gpr::augmented_intact::25 (2)_aug_11,intact,intact,1
deepmask_gpr,datasail_like_group_balance,deepmask_gpr::augmented_intact::25 (2)_aug_12,intact,intact,1
deepmask_gpr,datasail_like_group_balance,deepmask_gpr::augmented_intact::25 (2)_aug_2,intact,cavity,0
deepmask_gpr,datasail_like_group_balance,deepmask_gpr::augmented_intact::25 (2)_aug_3,intact,cavity,0
deepmask_gpr,datasail_like_group_balance,deepmask_gpr::augmented_intact::25 (2)_aug_4,intact,intact,1
deepmask_gpr,datasail_like_group_balance,deepmask_gpr::augmented_intact::25 (2)_aug_5,intact,cavity,0
deepmask_gpr,datasail_like_group_balance,deepmask_gpr::augmented_intact::25 (2)_aug_6,intact,intact,1
deepmask_gpr,datasail_like_group_balance,deepmask_gpr::augmented_intact::25 (2)_aug_7,intact,intact,1
deepmask_gpr,datasail_like_group_balance,deepmask_gpr::augmented_intact::25 (2)_aug_8,intact,cavity,0
deepmask_gpr,datasail_like_group_balance,deepmask_gpr::augmented_intact::25 (2)_aug_9,intact,cavity,0
deepmask_gpr,datasail_like_group_balance,deepmask_gpr::augmented_intact::45 (2)_aug_1,intact,intact,1
deepmask_gpr,datasail_like_group_balance,deepmask_gpr::augmented_intact::45 (2)_aug_10,intact,intact,1
deepmask_gpr,datasail_like_group_balance,deepmask_gpr::augmented_intact::45 (2)_aug_11,intact,intact,1
deepmask_gpr,datasail_like_group_balance,deepmask_gpr::augmented_intact::45 (2)_aug_12,intact,cavity,0
deepmask_gpr,datasail_like_group_balance,deepmask_gpr::augmented_intact::45 (2)_aug_2,intact,intact,1
deepmask_gpr,datasail_like_group_balance,deepmask_gpr::augmented_intact::45 (2)_aug_3,intact,utility,0
deepmask_gpr,datasail_like_group_balance,deepmask_gpr::augmented_intact::45 (2)_aug_4,intact,cavity,0
deepmask_gpr,datasail_like_group_balance,deepmask_gpr::augmented_intact::45 (2)_aug_5,intact,intact,1
deepmask_gpr,datasail_like_group_balance,deepmask_gpr::augmented_intact::45 (2)_aug_6,intact,cavity,0
deepmask_gpr,datasail_like_group_balance,deepmask_gpr::augmented_intact::45 (2)_aug_7,intact,intact,1
deepmask_gpr,datasail_like_group_balance,deepmask_gpr::augmented_intact::45 (2)_aug_8,intact,cavity,0
deepmask_gpr,datasail_like_group_balance,deepmask_gpr::augmented_intact::45 (2)_aug_9,intact,intact,1
deepmask_gpr,datasail_like_group_balance,deepmask_gpr::augmented_intact::45_aug_1,intact,intact,1
deepmask_gpr,datasail_like_group_balance,deepmask_gpr::augmented_intact::45_aug_10,intact,intact,1
deepmask_gpr,datasail_like_group_balance,deepmask_gpr::augmented_intact::45_aug_11,intact,cavity,0
deepmask_gpr,datasail_like_group_balance,deepmask_gpr::augmented_intact::45_aug_12,intact,cavity,0
deepmask_gpr,datasail_like_group_balance,deepmask_gpr::augmented_intact::45_aug_2,intact,intact,1
deepmask_gpr,datasail_like_group_balance,deepmask_gpr::augmented_intact::45_aug_3,intact,cavity,0
deepmask_gpr,datasail_like_group_balance,deepmask_gpr::augmented_intact::45_aug_4,intact,intact,1
deepmask_gpr,datasail_like_group_balance,deepmask_gpr::augmented_intact::45_aug_5,intact,intact,1
deepmask_gpr,datasail_like_group_balance,deepmask_gpr::augmented_intact::45_aug_6,intact,intact,1
deepmask_gpr,datasail_like_group_balance,deepmask_gpr::augmented_intact::45_aug_7,intact,intact,1
deepmask_gpr,datasail_like_group_balance,deepmask_gpr::augmented_intact::45_aug_8,intact,cavity,0
deepmask_gpr,datasail_like_group_balance,deepmask_gpr::augmented_intact::45_aug_9,intact,cavity,0
deepmask_gpr,datasail_like_group_balance,deepmask_gpr::augmented_intact::6_aug_1,intact,intact,1
deepmask_gpr,datasail_like_group_balance,deepmask_gpr::augmented_intact::6_aug_10,intact,intact,1
deepmask_gpr,datasail_like_group_balance,deepmask_gpr::augmented_intact::6_aug_11,intact,intact,1
deepmask_gpr,datasail_like_group_balance,deepmask_gpr::augmented_intact::6_aug_12,intact,intact,1
deepmask_gpr,datasail_like_group_balance,deepmask_gpr::augmented_intact::6_aug_2,intact,intact,1
deepmask_gpr,datasail_like_group_balance,deepmask_gpr::augmented_intact::6_aug_3,intact,intact,1
deepmask_gpr,datasail_like_group_balance,deepmask_gpr::augmented_intact::6_aug_4,intact,intact,1
deepmask_gpr,datasail_like_group_balance,deepmask_gpr::augmented_intact::6_aug_5,intact,intact,1
deepmask_gpr,datasail_like_group_balance,deepmask_gpr::augmented_intact::6_aug_6,intact,intact,1
deepmask_gpr,datasail_like_group_balance,deepmask_gpr::augmented_intact::6_aug_7,intact,intact,1
deepmask_gpr,datasail_like_group_balance,deepmask_gpr::augmented_intact::6_aug_8,intact,intact,1
deepmask_gpr,datasail_like_group_balance,deepmask_gpr::augmented_intact::6_aug_9,intact,intact,1
deepmask_gpr,datasail_like_group_balance,deepmask_gpr::augmented_intact::7_aug_1,intact,intact,1
deepmask_gpr,datasail_like_group_balance,deepmask_gpr::augmented_intact::7_aug_10,intact,intact,1
deepmask_gpr,datasail_like_group_balance,deepmask_gpr::augmented_intact::7_aug_11,intact,intact,1
deepmask_gpr,datasail_like_group_balance,deepmask_gpr::augmented_intact::7_aug_12,intact,intact,1
deepmask_gpr,datasail_like_group_balance,deepmask_gpr::augmented_intact::7_aug_2,intact,intact,1
deepmask_gpr,datasail_like_group_balance,deepmask_gpr::augmented_intact::7_aug_3,intact,intact,1
deepmask_gpr,datasail_like_group_balance,deepmask_gpr::augmented_intact::7_aug_4,intact,intact,1
deepmask_gpr,datasail_like_group_balance,deepmask_gpr::augmented_intact::7_aug_5,intact,intact,1
deepmask_gpr,datasail_like_group_balance,deepmask_gpr::augmented_intact::7_aug_6,intact,intact,1
deepmask_gpr,datasail_like_group_balance,deepmask_gpr::augmented_intact::7_aug_7,intact,intact,1
deepmask_gpr,datasail_like_group_balance,deepmask_gpr::augmented_intact::7_aug_8,intact,intact,1
deepmask_gpr,datasail_like_group_balance,deepmask_gpr::augmented_intact::7_aug_9,intact,intact,1
deepmask_gpr,datasail_like_group_balance,deepmask_gpr::augmented_intact::8 (2)_aug_1,intact,intact,1
deepmask_gpr,datasail_like_group_balance,deepmask_gpr::augmented_intact::8 (2)_aug_10,intact,intact,1
deepmask_gpr,datasail_like_group_balance,deepmask_gpr::augmented_intact::8 (2)_aug_11,intact,intact,1
deepmask_gpr,datasail_like_group_balance,deepmask_gpr::augmented_intact::8 (2)_aug_12,intact,intact,1
deepmask_gpr,datasail_like_group_balance,deepmask_gpr::augmented_intact::8 (2)_aug_2,intact,intact,1
deepmask_gpr,datasail_like_group_balance,deepmask_gpr::augmented_intact::8 (2)_aug_3,intact,intact,1
deepmask_gpr,datasail_like_group_balance,deepmask_gpr::augmented_intact::8 (2)_aug_4,intact,intact,1
deepmask_gpr,datasail_like_group_balance,deepmask_gpr::augmented_intact::8 (2)_aug_5,intact,intact,1
deepmask_gpr,datasail_like_group_balance,deepmask_gpr::augmented_intact::8 (2)_aug_6,intact,intact,1
deepmask_gpr,datasail_like_group_balance,deepmask_gpr::augmented_intact::8 (2)_aug_7,intact,intact,1
deepmask_gpr,datasail_like_group_balance,deepmask_gpr::augmented_intact::8 (2)_aug_8,intact,intact,1
deepmask_gpr,datasail_like_group_balance,deepmask_gpr::augmented_intact::8 (2)_aug_9,intact,intact,1
deepmask_gpr,datasail_like_group_balance,deepmask_gpr::Utilities::012,utility,cavity,0
deepmask_gpr,datasail_like_group_balance,deepmask_gpr::Utilities::028,utility,utility,1
deepmask_gpr,datasail_like_group_balance,deepmask_gpr::Utilities::055,utility,utility,1
deepmask_gpr,datasail_like_group_balance,deepmask_gpr::Utilities::059,utility,utility,1
deepmask_gpr,datasail_like_group_balance,deepmask_gpr::Utilities::061,utility,utility,1
deepmask_gpr,datasail_like_group_balance,deepmask_gpr::Utilities::063,utility,utility,1
deepmask_gpr,datasail_like_group_balance,deepmask_gpr::Utilities::101,utility,utility,1
deepmask_gpr,datasail_like_group_balance,deepmask_gpr::Utilities::125,utility,cavity,0
deepmask_gpr,datasail_like_group_balance,deepmask_gpr::Utilities::129,utility,intact,0
deepmask_gpr,datasail_like_group_balance,deepmask_gpr::Utilities::141,utility,utility,1
deepmask_gpr,datasail_like_group_balance,deepmask_gpr::Utilities::151,utility,utility,1
deepmask_gpr,datasail_like_group_balance,deepmask_gpr::Utilities::156,utility,utility,1
deepmask_gpr,datasail_like_group_balance,deepmask_gpr::Utilities::177,utility,utility,1
deepmask_gpr,datasail_like_group_balance,deepmask_gpr::Utilities::185,utility,cavity,0
deepmask_gpr,datasail_like_group_balance,deepmask_gpr::Utilities::195,utility,utility,1
deepmask_gpr,datasail_like_group_balance,deepmask_gpr::Utilities::209,utility,utility,1
deepmask_gpr,datasail_like_group_balance,deepmask_gpr::Utilities::215,utility,utility,1
deepmask_gpr,datasail_like_group_balance,deepmask_gpr::Utilities::232,utility,utility,1
deepmask_gpr,datasail_like_group_balance,deepmask_gpr::Utilities::233,utility,utility,1
deepmask_gpr,datasail_like_group_balance,deepmask_gpr::Utilities::242,utility,utility,1
deepmask_gpr,datasail_like_group_balance,deepmask_gpr::augmented_utilities::012_aug_1,utility,utility,1
deepmask_gpr,datasail_like_group_balance,deepmask_gpr::augmented_utilities::012_aug_2,utility,utility,1
deepmask_gpr,datasail_like_group_balance,deepmask_gpr::augmented_utilities::012_aug_3,utility,cavity,0
deepmask_gpr,datasail_like_group_balance,deepmask_gpr::augmented_utilities::012_aug_4,utility,cavity,0
deepmask_gpr,datasail_like_group_balance,deepmask_gpr::augmented_utilities::012_aug_5,utility,cavity,0
deepmask_gpr,datasail_like_group_balance,deepmask_gpr::augmented_utilities::012_aug_6,utility,cavity,0
deepmask_gpr,datasail_like_group_balance,deepmask_gpr::augmented_utilities::028_aug_1,utility,utility,1
deepmask_gpr,datasail_like_group_balance,deepmask_gpr::augmented_utilities::028_aug_2,utility,utility,1
deepmask_gpr,datasail_like_group_balance,deepmask_gpr::augmented_utilities::028_aug_3,utility,utility,1
deepmask_gpr,datasail_like_group_balance,deepmask_gpr::augmented_utilities::028_aug_4,utility,utility,1
deepmask_gpr,datasail_like_group_balance,deepmask_gpr::augmented_utilities::028_aug_5,utility,utility,1
deepmask_gpr,datasail_like_group_balance,deepmask_gpr::augmented_utilities::028_aug_6,utility,utility,1
deepmask_gpr,datasail_like_group_balance,deepmask_gpr::augmented_utilities::055_aug_1,utility,utility,1
deepmask_gpr,datasail_like_group_balance,deepmask_gpr::augmented_utilities::055_aug_2,utility,utility,1
deepmask_gpr,datasail_like_group_balance,deepmask_gpr::augmented_utilities::055_aug_3,utility,utility,1
deepmask_gpr,datasail_like_group_balance,deepmask_gpr::augmented_utilities::055_aug_4,utility,utility,1
deepmask_gpr,datasail_like_group_balance,deepmask_gpr::augmented_utilities::055_aug_5,utility,utility,1
deepmask_gpr,datasail_like_group_balance,deepmask_gpr::augmented_utilities::055_aug_6,utility,utility,1
deepmask_gpr,datasail_like_group_balance,deepmask_gpr::augmented_utilities::059_aug_1,utility,utility,1
deepmask_gpr,datasail_like_group_balance,deepmask_gpr::augmented_utilities::059_aug_2,utility,utility,1
deepmask_gpr,datasail_like_group_balance,deepmask_gpr::augmented_utilities::059_aug_3,utility,utility,1
deepmask_gpr,datasail_like_group_balance,deepmask_gpr::augmented_utilities::059_aug_4,utility,utility,1
deepmask_gpr,datasail_like_group_balance,deepmask_gpr::augmented_utilities::059_aug_5,utility,utility,1
deepmask_gpr,datasail_like_group_balance,deepmask_gpr::augmented_utilities::059_aug_6,utility,utility,1
deepmask_gpr,datasail_like_group_balance,deepmask_gpr::augmented_utilities::061_aug_1,utility,utility,1
deepmask_gpr,datasail_like_group_balance,deepmask_gpr::augmented_utilities::061_aug_2,utility,utility,1
deepmask_gpr,datasail_like_group_balance,deepmask_gpr::augmented_utilities::061_aug_3,utility,utility,1
deepmask_gpr,datasail_like_group_balance,deepmask_gpr::augmented_utilities::061_aug_4,utility,utility,1
deepmask_gpr,datasail_like_group_balance,deepmask_gpr::augmented_utilities::061_aug_5,utility,utility,1
deepmask_gpr,datasail_like_group_balance,deepmask_gpr::augmented_utilities::061_aug_6,utility,utility,1
deepmask_gpr,datasail_like_group_balance,deepmask_gpr::augmented_utilities::063_aug_1,utility,utility,1
deepmask_gpr,datasail_like_group_balance,deepmask_gpr::augmented_utilities::063_aug_2,utility,utility,1
deepmask_gpr,datasail_like_group_balance,deepmask_gpr::augmented_utilities::063_aug_3,utility,utility,1
deepmask_gpr,datasail_like_group_balance,deepmask_gpr::augmented_utilities::063_aug_4,utility,utility,1
deepmask_gpr,datasail_like_group_balance,deepmask_gpr::augmented_utilities::063_aug_5,utility,utility,1
deepmask_gpr,datasail_like_group_balance,deepmask_gpr::augmented_utilities::063_aug_6,utility,utility,1
deepmask_gpr,datasail_like_group_balance,deepmask_gpr::augmented_utilities::101_aug_1,utility,cavity,0
deepmask_gpr,datasail_like_group_balance,deepmask_gpr::augmented_utilities::101_aug_2,utility,utility,1
deepmask_gpr,datasail_like_group_balance,deepmask_gpr::augmented_utilities::101_aug_3,utility,utility,1
deepmask_gpr,datasail_like_group_balance,deepmask_gpr::augmented_utilities::101_aug_4,utility,utility,1
deepmask_gpr,datasail_like_group_balance,deepmask_gpr::augmented_utilities::101_aug_5,utility,utility,1
deepmask_gpr,datasail_like_group_balance,deepmask_gpr::augmented_utilities::101_aug_6,utility,utility,1
deepmask_gpr,datasail_like_group_balance,deepmask_gpr::augmented_utilities::125_aug_1,utility,intact,0
deepmask_gpr,datasail_like_group_balance,deepmask_gpr::augmented_utilities::125_aug_2,utility,intact,0
deepmask_gpr,datasail_like_group_balance,deepmask_gpr::augmented_utilities::125_aug_3,utility,cavity,0
deepmask_gpr,datasail_like_group_balance,deepmask_gpr::augmented_utilities::125_aug_4,utility,intact,0
deepmask_gpr,datasail_like_group_balance,deepmask_gpr::augmented_utilities::125_aug_5,utility,cavity,0
deepmask_gpr,datasail_like_group_balance,deepmask_gpr::augmented_utilities::125_aug_6,utility,cavity,0
deepmask_gpr,datasail_like_group_balance,deepmask_gpr::augmented_utilities::129_aug_1,utility,intact,0
deepmask_gpr,datasail_like_group_balance,deepmask_gpr::augmented_utilities::129_aug_2,utility,intact,0
deepmask_gpr,datasail_like_group_balance,deepmask_gpr::augmented_utilities::129_aug_3,utility,intact,0
deepmask_gpr,datasail_like_group_balance,deepmask_gpr::augmented_utilities::129_aug_4,utility,intact,0
deepmask_gpr,datasail_like_group_balance,deepmask_gpr::augmented_utilities::129_aug_5,utility,intact,0
deepmask_gpr,datasail_like_group_balance,deepmask_gpr::augmented_utilities::129_aug_6,utility,intact,0
deepmask_gpr,datasail_like_group_balance,deepmask_gpr::augmented_utilities::141_aug_1,utility,utility,1
deepmask_gpr,datasail_like_group_balance,deepmask_gpr::augmented_utilities::141_aug_2,utility,utility,1
deepmask_gpr,datasail_like_group_balance,deepmask_gpr::augmented_utilities::141_aug_3,utility,utility,1
deepmask_gpr,datasail_like_group_balance,deepmask_gpr::augmented_utilities::141_aug_4,utility,utility,1
deepmask_gpr,datasail_like_group_balance,deepmask_gpr::augmented_utilities::141_aug_5,utility,cavity,0
deepmask_gpr,datasail_like_group_balance,deepmask_gpr::augmented_utilities::141_aug_6,utility,utility,1
deepmask_gpr,datasail_like_group_balance,deepmask_gpr::augmented_utilities::151_aug_1,utility,utility,1
deepmask_gpr,datasail_like_group_balance,deepmask_gpr::augmented_utilities::151_aug_2,utility,utility,1
deepmask_gpr,datasail_like_group_balance,deepmask_gpr::augmented_utilities::151_aug_3,utility,utility,1
deepmask_gpr,datasail_like_group_balance,deepmask_gpr::augmented_utilities::151_aug_4,utility,utility,1
deepmask_gpr,datasail_like_group_balance,deepmask_gpr::augmented_utilities::151_aug_5,utility,utility,1
deepmask_gpr,datasail_like_group_balance,deepmask_gpr::augmented_utilities::151_aug_6,utility,utility,1
deepmask_gpr,datasail_like_group_balance,deepmask_gpr::augmented_utilities::156_aug_1,utility,utility,1
deepmask_gpr,datasail_like_group_balance,deepmask_gpr::augmented_utilities::156_aug_2,utility,utility,1
deepmask_gpr,datasail_like_group_balance,deepmask_gpr::augmented_utilities::156_aug_3,utility,utility,1
deepmask_gpr,datasail_like_group_balance,deepmask_gpr::augmented_utilities::156_aug_4,utility,utility,1
deepmask_gpr,datasail_like_group_balance,deepmask_gpr::augmented_utilities::156_aug_5,utility,utility,1
deepmask_gpr,datasail_like_group_balance,deepmask_gpr::augmented_utilities::156_aug_6,utility,utility,1
deepmask_gpr,datasail_like_group_balance,deepmask_gpr::augmented_utilities::177_aug_1,utility,cavity,0
deepmask_gpr,datasail_like_group_balance,deepmask_gpr::augmented_utilities::177_aug_2,utility,utility,1
deepmask_gpr,datasail_like_group_balance,deepmask_gpr::augmented_utilities::177_aug_3,utility,utility,1
deepmask_gpr,datasail_like_group_balance,deepmask_gpr::augmented_utilities::177_aug_4,utility,utility,1
deepmask_gpr,datasail_like_group_balance,deepmask_gpr::augmented_utilities::177_aug_5,utility,utility,1
deepmask_gpr,datasail_like_group_balance,deepmask_gpr::augmented_utilities::177_aug_6,utility,utility,1
deepmask_gpr,datasail_like_group_balance,deepmask_gpr::augmented_utilities::185_aug_1,utility,cavity,0
deepmask_gpr,datasail_like_group_balance,deepmask_gpr::augmented_utilities::185_aug_2,utility,utility,1
deepmask_gpr,datasail_like_group_balance,deepmask_gpr::augmented_utilities::185_aug_3,utility,utility,1
deepmask_gpr,datasail_like_group_balance,deepmask_gpr::augmented_utilities::185_aug_4,utility,cavity,0
deepmask_gpr,datasail_like_group_balance,deepmask_gpr::augmented_utilities::185_aug_5,utility,cavity,0
deepmask_gpr,datasail_like_group_balance,deepmask_gpr::augmented_utilities::185_aug_6,utility,cavity,0
deepmask_gpr,datasail_like_group_balance,deepmask_gpr::augmented_utilities::195_aug_1,utility,cavity,0
deepmask_gpr,datasail_like_group_balance,deepmask_gpr::augmented_utilities::195_aug_2,utility,utility,1
deepmask_gpr,datasail_like_group_balance,deepmask_gpr::augmented_utilities::195_aug_3,utility,cavity,0
deepmask_gpr,datasail_like_group_balance,deepmask_gpr::augmented_utilities::195_aug_4,utility,cavity,0
deepmask_gpr,datasail_like_group_balance,deepmask_gpr::augmented_utilities::195_aug_5,utility,cavity,0
deepmask_gpr,datasail_like_group_balance,deepmask_gpr::augmented_utilities::195_aug_6,utility,utility,1
deepmask_gpr,datasail_like_group_balance,deepmask_gpr::augmented_utilities::209_aug_1,utility,utility,1
deepmask_gpr,datasail_like_group_balance,deepmask_gpr::augmented_utilities::209_aug_2,utility,utility,1
deepmask_gpr,datasail_like_group_balance,deepmask_gpr::augmented_utilities::209_aug_3,utility,utility,1
deepmask_gpr,datasail_like_group_balance,deepmask_gpr::augmented_utilities::209_aug_4,utility,utility,1
deepmask_gpr,datasail_like_group_balance,deepmask_gpr::augmented_utilities::209_aug_5,utility,utility,1
deepmask_gpr,datasail_like_group_balance,deepmask_gpr::augmented_utilities::209_aug_6,utility,utility,1
deepmask_gpr,datasail_like_group_balance,deepmask_gpr::augmented_utilities::215_aug_1,utility,utility,1
deepmask_gpr,datasail_like_group_balance,deepmask_gpr::augmented_utilities::215_aug_2,utility,utility,1
deepmask_gpr,datasail_like_group_balance,deepmask_gpr::augmented_utilities::215_aug_3,utility,utility,1
deepmask_gpr,datasail_like_group_balance,deepmask_gpr::augmented_utilities::215_aug_4,utility,utility,1
deepmask_gpr,datasail_like_group_balance,deepmask_gpr::augmented_utilities::215_aug_5,utility,utility,1
deepmask_gpr,datasail_like_group_balance,deepmask_gpr::augmented_utilities::215_aug_6,utility,utility,1
deepmask_gpr,datasail_like_group_balance,deepmask_gpr::augmented_utilities::232_aug_1,utility,utility,1
deepmask_gpr,datasail_like_group_balance,deepmask_gpr::augmented_utilities::232_aug_2,utility,utility,1
deepmask_gpr,datasail_like_group_balance,deepmask_gpr::augmented_utilities::232_aug_3,utility,utility,1
deepmask_gpr,datasail_like_group_balance,deepmask_gpr::augmented_utilities::232_aug_4,utility,utility,1
deepmask_gpr,datasail_like_group_balance,deepmask_gpr::augmented_utilities::232_aug_5,utility,utility,1
deepmask_gpr,datasail_like_group_balance,deepmask_gpr::augmented_utilities::232_aug_6,utility,utility,1
deepmask_gpr,datasail_like_group_balance,deepmask_gpr::augmented_utilities::233_aug_1,utility,utility,1
deepmask_gpr,datasail_like_group_balance,deepmask_gpr::augmented_utilities::233_aug_2,utility,utility,1
deepmask_gpr,datasail_like_group_balance,deepmask_gpr::augmented_utilities::233_aug_3,utility,utility,1
deepmask_gpr,datasail_like_group_balance,deepmask_gpr::augmented_utilities::233_aug_4,utility,utility,1
deepmask_gpr,datasail_like_group_balance,deepmask_gpr::augmented_utilities::233_aug_5,utility,utility,1
deepmask_gpr,datasail_like_group_balance,deepmask_gpr::augmented_utilities::233_aug_6,utility,utility,1
deepmask_gpr,datasail_like_group_balance,deepmask_gpr::augmented_utilities::242_aug_1,utility,utility,1
deepmask_gpr,datasail_like_group_balance,deepmask_gpr::augmented_utilities::242_aug_2,utility,utility,1
deepmask_gpr,datasail_like_group_balance,deepmask_gpr::augmented_utilities::242_aug_3,utility,utility,1
deepmask_gpr,datasail_like_group_balance,deepmask_gpr::augmented_utilities::242_aug_4,utility,utility,1
deepmask_gpr,datasail_like_group_balance,deepmask_gpr::augmented_utilities::242_aug_5,utility,utility,1
deepmask_gpr,datasail_like_group_balance,deepmask_gpr::augmented_utilities::242_aug_6,utility,utility,1
