sample_tag,split_role,project_id,activity_id,member,variant,png_path,pearson_r,mae,rmse,top_band_mae,bottom_band_mae,border_mae,center_mae
train__013__013_1__Path1,train,013,013.1,013/013.1/Radargrams/Path1.sgy,original,rendered/original/train__013__013_1__Path1__original.png,1.0,0.0,0.0,0.0,0.0,0.0,0.0
train__013__013_1__Path1,train,013,013.1,013/013.1/Radargrams/Path1.sgy,log_clip,rendered/log_clip/train__013__013_1__Path1__log_clip.png,0.5630618595262287,0.23745164275169373,0.24893997609615326,0.2484017312526703,0.1658003032207489,0.21704848110675812,0.24447892606258392
train__013__013_1__Path1,train,013,013.1,013/013.1/Radargrams/Path1.sgy,zscore_clip,rendered/zscore_clip/train__013__013_1__Path1__zscore_clip.png,0.9697041765940603,0.020530225709080696,0.04745718836784363,0.02819652110338211,0.0008349016425199807,0.01759527251124382,0.021474367007613182
train__013__013_1__Path1,train,013,013.1,013/013.1/Radargrams/Path1.sgy,amplitude_jitter,rendered/amplitude_jitter/train__013__013_1__Path1__amplitude_jitter.png,0.9999999999999682,1.5073544190613575e-08,2.6453935930703665e-08,1.3670057086301313e-08,1.56153081576349e-08,1.5205843695298427e-08,1.5025538147028783e-08
train__013__013_1__Path1,train,013,013.1,013/013.1/Radargrams/Path1.sgy,remove_top_band,rendered/remove_top_band/train__013__013_1__Path1__remove_top_band.png,0.9648524628719118,0.0045241243205964565,0.0234460961073637,0.09651465713977814,0.0,0.01713056117296219,0.00041146037983708084
train__013__013_1__Path1,train,013,013.1,013/013.1/Radargrams/Path1.sgy,remove_bottom_band,rendered/remove_bottom_band/train__013__013_1__Path1__remove_bottom_band.png,0.999991542424459,5.2395615057321265e-05,0.00035649805795401335,0.0,0.0011177731212228537,0.00018806062871590257,3.7202530620561447e-06
train__013__013_1__Path1,train,013,013.1,013/013.1/Radargrams/Path1.sgy,remove_border,rendered/remove_border/train__013__013_1__Path1__remove_border.png,0.8737102041667577,0.007505342364311218,0.04214315488934517,0.02596864104270935,0.0007943559903651476,0.026903923600912094,0.0
train__013__013_1__Path1,train,013,013.1,013/013.1/Radargrams/Path1.sgy,time_reverse,rendered/time_reverse/train__013__013_1__Path1__time_reverse.png,-0.0009323971618124844,0.06166496500372887,0.1225505843758583,0.03027329221367836,0.03027329035103321,0.05292532965540886,0.06420992314815521
train__013__013_2__Path1,train,013,013.2,013/013.2/Radargrams/Path1.sgy,original,rendered/original/train__013__013_2__Path1__original.png,1.0,0.0,0.0,0.0,0.0,0.0,0.0
train__013__013_2__Path1,train,013,013.2,013/013.2/Radargrams/Path1.sgy,log_clip,rendered/log_clip/train__013__013_2__Path1__log_clip.png,0.5630618595262287,0.23745164275169373,0.24893997609615326,0.2484017312526703,0.1658003032207489,0.21704848110675812,0.24447892606258392
train__013__013_2__Path1,train,013,013.2,013/013.2/Radargrams/Path1.sgy,zscore_clip,rendered/zscore_clip/train__013__013_2__Path1__zscore_clip.png,0.9697041765940603,0.020530225709080696,0.04745718836784363,0.02819652110338211,0.0008349016425199807,0.01759527251124382,0.021474367007613182
train__013__013_2__Path1,train,013,013.2,013/013.2/Radargrams/Path1.sgy,amplitude_jitter,rendered/amplitude_jitter/train__013__013_2__Path1__amplitude_jitter.png,0.9999999999999682,1.5073544190613575e-08,2.6453935930703665e-08,1.3670057086301313e-08,1.56153081576349e-08,1.5205843695298427e-08,1.5025538147028783e-08
train__013__013_2__Path1,train,013,013.2,013/013.2/Radargrams/Path1.sgy,remove_top_band,rendered/remove_top_band/train__013__013_2__Path1__remove_top_band.png,0.9648524628719118,0.0045241243205964565,0.0234460961073637,0.09651465713977814,0.0,0.01713056117296219,0.00041146037983708084
train__013__013_2__Path1,train,013,013.2,013/013.2/Radargrams/Path1.sgy,remove_bottom_band,rendered/remove_bottom_band/train__013__013_2__Path1__remove_bottom_band.png,0.999991542424459,5.2395615057321265e-05,0.00035649805795401335,0.0,0.0011177731212228537,0.00018806062871590257,3.7202530620561447e-06
train__013__013_2__Path1,train,013,013.2,013/013.2/Radargrams/Path1.sgy,remove_border,rendered/remove_border/train__013__013_2__Path1__remove_border.png,0.8737102041667577,0.007505342364311218,0.04214315488934517,0.02596864104270935,0.0007943559903651476,0.026903923600912094,0.0
train__013__013_2__Path1,train,013,013.2,013/013.2/Radargrams/Path1.sgy,time_reverse,rendered/time_reverse/train__013__013_2__Path1__time_reverse.png,-0.0009323971618124844,0.06166496500372887,0.1225505843758583,0.03027329221367836,0.03027329035103321,0.05292532965540886,0.06420992314815521
train__013__013_3__Path1,train,013,013.3,013/013.3/Radargrams/Path1.sgy,original,rendered/original/train__013__013_3__Path1__original.png,0.9999999999999998,0.0,0.0,0.0,0.0,0.0,0.0
train__013__013_3__Path1,train,013,013.3,013/013.3/Radargrams/Path1.sgy,log_clip,rendered/log_clip/train__013__013_3__Path1__log_clip.png,0.5858877274277332,0.23264910280704498,0.24504685401916504,0.24295394122600555,0.14389581978321075,0.20282860100269318,0.2366081327199936
train__013__013_3__Path1,train,013,013.3,013/013.3/Radargrams/Path1.sgy,zscore_clip,rendered/zscore_clip/train__013__013_3__Path1__zscore_clip.png,0.9662440332601674,0.030630823224782944,0.06859008967876434,0.05127904191613197,0.0007133877370506525,0.02771000936627388,0.03100338950753212
train__013__013_3__Path1,train,013,013.3,013/013.3/Radargrams/Path1.sgy,amplitude_jitter,rendered/amplitude_jitter/train__013__013_3__Path1__amplitude_jitter.png,0.9999999999999364,2.9686185953892164e-08,3.8173780581018946e-08,2.9264111134352788e-08,3.077055765743353e-08,2.9826956904344115e-08,2.9660855105362316e-08
train__013__013_3__Path1,train,013,013.3,013/013.3/Radargrams/Path1.sgy,remove_top_band,rendered/remove_top_band/train__013__013_3__Path1__remove_top_band.png,0.9266906612691478,0.005047914106398821,0.025639880448579788,0.10768883675336838,0.0,0.04325885325670242,0.0
train__013__013_3__Path1,train,013,013.3,013/013.3/Radargrams/Path1.sgy,remove_bottom_band,rendered/remove_bottom_band/train__013__013_3__Path1__remove_bottom_band.png,0.9999960230988068,2.8639235097216442e-05,0.0001838051393860951,0.0,0.000610970426350832,0.0002443221164867282,0.0
train__013__013_3__Path1,train,013,013.3,013/013.3/Radargrams/Path1.sgy,remove_border,rendered/remove_border/train__013__013_3__Path1__remove_border.png,0.9620225174009005,0.0023756653536111116,0.017849087715148926,0.03292297571897507,0.0004575737111736089,0.020075568929314613,0.0
train__013__013_3__Path1,train,013,013.3,013/013.3/Radargrams/Path1.sgy,time_reverse,rendered/time_reverse/train__013__013_3__Path1__time_reverse.png,0.000696379774101337,0.04830413684248924,0.09213700145483017,0.03303774818778038,0.03303774818778038,0.03947391360998154,0.049447186291217804
train__013__013_4__Path1,train,013,013.4,013/013.4/Radargrams/Path1.sgy,original,rendered/original/train__013__013_4__Path1__original.png,1.0,0.0,0.0,0.0,0.0,0.0,0.0
train__013__013_4__Path1,train,013,013.4,013/013.4/Radargrams/Path1.sgy,log_clip,rendered/log_clip/train__013__013_4__Path1__log_clip.png,0.6266151675512602,0.2164003849029541,0.23197317123413086,0.248408243060112,0.12321967631578445,0.19669215381145477,0.2194611132144928
train__013__013_4__Path1,train,013,013.4,013/013.4/Radargrams/Path1.sgy,zscore_clip,rendered/zscore_clip/train__013__013_4__Path1__zscore_clip.png,0.9693721413079147,0.030777955427765846,0.07025925815105438,0.03348560258746147,0.0003877316485159099,0.022534925490617752,0.03211551159620285
train__013__013_4__Path1,train,013,013.4,013/013.4/Radargrams/Path1.sgy,amplitude_jitter,rendered/amplitude_jitter/train__013__013_4__Path1__amplitude_jitter.png,0.9999999999999515,1.493517842732217e-08,2.6389360030520947e-08,1.5410602571819254e-08,1.2332727727937254e-08,1.4021120264828824e-08,1.506950297880394e-08
train__013__013_4__Path1,train,013,013.4,013/013.4/Radargrams/Path1.sgy,remove_top_band,rendered/remove_top_band/train__013__013_4__Path1__remove_top_band.png,0.9477335498220473,0.004617125727236271,0.02334374561905861,0.09849866479635239,0.0,0.03368518128991127,0.0
train__013__013_4__Path1,train,013,013.4,013/013.4/Radargrams/Path1.sgy,remove_bottom_band,rendered/remove_bottom_band/train__013__013_4__Path1__remove_bottom_band.png,0.9999988225748895,1.7237642168765888e-05,0.00010775921691674739,0.0,0.00036773638566955924,0.00012236135080456734,0.0
train__013__013_4__Path1,train,013,013.4,013/013.4/Radargrams/Path1.sgy,remove_border,rendered/remove_border/train__013__013_4__Path1__remove_border.png,0.9623494154665289,0.0026184243615716696,0.01908252201974392,0.02431977353990078,0.00028009572997689247,0.018567195162177086,0.0
train__013__013_4__Path1,train,013,013.4,013/013.4/Radargrams/Path1.sgy,time_reverse,rendered/time_reverse/train__013__013_4__Path1__time_reverse.png,-0.000757436567294422,0.05406377837061882,0.09920039772987366,0.024265844374895096,0.024265844374895096,0.036609258502721786,0.056878264993429184
train__013__013_5__Path1,train,013,013.5,013/013.5/Radargrams/Path1.sgy,original,rendered/original/train__013__013_5__Path1__original.png,1.0,0.0,0.0,0.0,0.0,0.0,0.0
train__013__013_5__Path1,train,013,013.5,013/013.5/Radargrams/Path1.sgy,log_clip,rendered/log_clip/train__013__013_5__Path1__log_clip.png,0.6153877802437675,0.2113974690437317,0.23000475764274597,0.24094054102897644,0.11121004074811935,0.18525591492652893,0.21982620656490326
train__013__013_5__Path1,train,013,013.5,013/013.5/Radargrams/Path1.sgy,zscore_clip,rendered/zscore_clip/train__013__013_5__Path1__zscore_clip.png,0.9691408961765976,0.04213908314704895,0.06527043879032135,0.045737266540527344,0.022881250828504562,0.03450077772140503,0.04461284354329109
train__013__013_5__Path1,train,013,013.5,013/013.5/Radargrams/Path1.sgy,amplitude_jitter,rendered/amplitude_jitter/train__013__013_5__Path1__amplitude_jitter.png,0.9999999999999486,1.4393751968100332e-08,2.8436350163474344e-08,1.4806611048356899e-08,1.3211858274075894e-08,1.4169597051250094e-08,1.44729286333245e-08
train__013__013_5__Path1,train,013,013.5,013/013.5/Radargrams/Path1.sgy,remove_top_band,rendered/remove_top_band/train__013__013_5__Path1__remove_top_band.png,0.9444366179580892,0.005452646873891354,0.026243265718221664,0.11632313579320908,0.0,0.018046163022518158,0.0017379887867718935
train__013__013_5__Path1,train,013,013.5,013/013.5/Radargrams/Path1.sgy,remove_bottom_band,rendered/remove_bottom_band/train__013__013_5__Path1__remove_bottom_band.png,0.9999993426918927,1.430200609320309e-05,8.658407750772312e-05,0.0,0.00030510948272421956,5.173785029910505e-05,3.4969284570252057e-06
train__013__013_5__Path1,train,013,013.5,013/013.5/Radargrams/Path1.sgy,remove_border,rendered/remove_border/train__013__013_5__Path1__remove_border.png,0.9163747419633076,0.010788892395794392,0.03099408745765686,0.014694839715957642,0.00662147207185626,0.022354301065206528,0.006668367888778448
train__013__013_5__Path1,train,013,013.5,013/013.5/Radargrams/Path1.sgy,time_reverse,rendered/time_reverse/train__013__013_5__Path1__time_reverse.png,-0.0010261101940775555,0.05628303065896034,0.10684913396835327,0.01918748952448368,0.01918748952448368,0.03489716351032257,0.06304408609867096
train__013__013_6__Path1,train,013,013.6,013/013.6/Radargrams/Path1.sgy,original,rendered/original/train__013__013_6__Path1__original.png,1.0,0.0,0.0,0.0,0.0,0.0,0.0
train__013__013_6__Path1,train,013,013.6,013/013.6/Radargrams/Path1.sgy,log_clip,rendered/log_clip/train__013__013_6__Path1__log_clip.png,0.5948428396963601,0.24100007116794586,0.2518724203109741,0.23482193052768707,0.1551717221736908,0.20569685101509094,0.24605633318424225
train__013__013_6__Path1,train,013,013.6,013/013.6/Radargrams/Path1.sgy,zscore_clip,rendered/zscore_clip/train__013__013_6__Path1__zscore_clip.png,0.9701354965901363,0.030156275257468224,0.06565012037754059,0.024718431755900383,0.000786936201620847,0.017723871394991875,0.03196198120713234
train__013__013_6__Path1,train,013,013.6,013/013.6/Radargrams/Path1.sgy,amplitude_jitter,rendered/amplitude_jitter/train__013__013_6__Path1__amplitude_jitter.png,0.9999999999999528,2.041649693751424e-08,3.0635622039199006e-08,1.986336783943443e-08,1.8087481734596622e-08,1.945298144789831e-08,2.0554804081029943e-08
train__013__013_6__Path1,train,013,013.6,013/013.6/Radargrams/Path1.sgy,remove_top_band,rendered/remove_top_band/train__013__013_6__Path1__remove_top_band.png,0.946446500644517,0.00509059289470315,0.02460688352584839,0.10859931260347366,0.0,0.04041304439306259,0.0
train__013__013_6__Path1,train,013,013.6,013/013.6/Radargrams/Path1.sgy,remove_bottom_band,rendered/remove_bottom_band/train__013__013_6__Path1__remove_bottom_band.png,0.9999945807705883,3.846372783300467e-05,0.00023801927454769611,0.0,0.0008205595659092069,0.00029805913800373673,0.0
train__013__013_6__Path1,train,013,013.6,013/013.6/Radargrams/Path1.sgy,remove_border,rendered/remove_border/train__013__013_6__Path1__remove_border.png,0.9725928338773296,0.0020232449751347303,0.016829142346978188,0.0189385823905468,0.0006027128547430038,0.01570858061313629,0.0
train__013__013_6__Path1,train,013,013.6,013/013.6/Radargrams/Path1.sgy,time_reverse,rendered/time_reverse/train__013__013_6__Path1__time_reverse.png,-0.00044723972231224424,0.055975526571273804,0.10225319117307663,0.01900889351963997,0.01900889351963997,0.030673380941152573,0.05964214727282524
train__02__02_1__Path1,train,02,02.1,02/02.1/Radargrams/Path1.sgy,original,rendered/original/train__02__02_1__Path1__original.png,1.0,0.0,0.0,0.0,0.0,0.0,0.0
train__02__02_1__Path1,train,02,02.1,02/02.1/Radargrams/Path1.sgy,log_clip,rendered/log_clip/train__02__02_1__Path1__log_clip.png,0.5692002544868211,0.20950092375278473,0.22495874762535095,0.27808818221092224,0.10890910774469376,0.20275357365608215,0.2114756852388382
train__02__02_1__Path1,train,02,02.1,02/02.1/Radargrams/Path1.sgy,zscore_clip,rendered/zscore_clip/train__02__02_1__Path1__zscore_clip.png,0.9607103797394573,0.02297361008822918,0.05815591663122177,0.05799519270658493,0.00042992268572561443,0.025570323690772057,0.022186201065778732
train__02__02_1__Path1,train,02,02.1,02/02.1/Radargrams/Path1.sgy,amplitude_jitter,rendered/amplitude_jitter/train__02__02_1__Path1__amplitude_jitter.png,0.9999999999999581,1.3337634996446468e-08,2.4395161446477687e-08,1.3317326796880025e-08,8.734517109587614e-09,1.246957381795255e-08,1.3609412263804188e-08
train__02__02_1__Path1,train,02,02.1,02/02.1/Radargrams/Path1.sgy,remove_top_band,rendered/remove_top_band/train__02__02_1__Path1__remove_top_band.png,0.9670793939007055,0.0031054250430315733,0.01828388310968876,0.0662490651011467,0.0,0.013432307168841362,0.0
train__02__02_1__Path1,train,02,02.1,02/02.1/Radargrams/Path1.sgy,remove_bottom_band,rendered/remove_bottom_band/train__02__02_1__Path1__remove_bottom_band.png,0.9999992124916436,1.3892951756133698e-05,8.94058175617829e-05,0.0,0.00029638296109624207,5.585572216659784e-05,0.0
train__02__02_1__Path1,train,02,02.1,02/02.1/Radargrams/Path1.sgy,remove_border,rendered/remove_border/train__02__02_1__Path1__remove_border.png,0.8994005053876187,0.005874862894415855,0.031160036101937294,0.043247636407613754,0.00020858236530330032,0.022776862606406212,0.0
train__02__02_1__Path1,train,02,02.1,02/02.1/Radargrams/Path1.sgy,time_reverse,rendered/time_reverse/train__02__02_1__Path1__time_reverse.png,8.900071236527061e-05,0.04709576815366745,0.10074001550674438,0.04332742094993591,0.04332742094993591,0.0450529083609581,0.04781302064657211
train__02__02_2__Path1,train,02,02.2,02/02.2/Radargrams/Path1.sgy,original,rendered/original/train__02__02_2__Path1__original.png,1.0,0.0,0.0,0.0,0.0,0.0,0.0
train__02__02_2__Path1,train,02,02.2,02/02.2/Radargrams/Path1.sgy,log_clip,rendered/log_clip/train__02__02_2__Path1__log_clip.png,0.5645956671199315,0.21473053097724915,0.230986088514328,0.2449445128440857,0.09893105924129486,0.2024783045053482,0.21788974106311798
train__02__02_2__Path1,train,02,02.2,02/02.2/Radargrams/Path1.sgy,zscore_clip,rendered/zscore_clip/train__02__02_2__Path1__zscore_clip.png,0.9685013430540058,0.022661298513412476,0.051766641438007355,0.045340072363615036,0.0039121308363974094,0.02294202335178852,0.022621892392635345
train__02__02_2__Path1,train,02,02.2,02/02.2/Radargrams/Path1.sgy,amplitude_jitter,rendered/amplitude_jitter/train__02__02_2__Path1__amplitude_jitter.png,0.9999999999999364,2.9117739330786208e-08,4.021677924015421e-08,3.086669053686819e-08,3.165814632666297e-08,2.9579464211337836e-08,2.895107265032948e-08
train__02__02_2__Path1,train,02,02.2,02/02.2/Radargrams/Path1.sgy,remove_top_band,rendered/remove_top_band/train__02__02_2__Path1__remove_top_band.png,0.9396943719362708,0.005549738183617592,0.02781599760055542,0.11839441955089569,0.0,0.02387078106403351,0.0
train__02__02_2__Path1,train,02,02.2,02/02.2/Radargrams/Path1.sgy,remove_bottom_band,rendered/remove_bottom_band/train__02__02_2__Path1__remove_bottom_band.png,0.9999997777176683,8.638791769044474e-06,5.2051342208869755e-05,0.0,0.00018429422925692052,3.6505196476355195e-05,0.0
train__02__02_2__Path1,train,02,02.2,02/02.2/Radargrams/Path1.sgy,remove_border,rendered/remove_border/train__02__02_2__Path1__remove_border.png,0.8984134026292199,0.014415867626667023,0.035866424441337585,0.04555981978774071,0.009068010374903679,0.029985317960381508,0.009097539819777012
train__02__02_2__Path1,train,02,02.2,02/02.2/Radargrams/Path1.sgy,time_reverse,rendered/time_reverse/train__02__02_2__Path1__time_reverse.png,-0.00018537728226959154,0.052266545593738556,0.11039561778306961,0.036556217819452286,0.036556221544742584,0.04633430764079094,0.05409516766667366
train__02__02_3__Path1,train,02,02.3,02/02.3/Radargrams/Path1.sgy,original,rendered/original/train__02__02_3__Path1__original.png,1.0,0.0,0.0,0.0,0.0,0.0,0.0
train__02__02_3__Path1,train,02,02.3,02/02.3/Radargrams/Path1.sgy,log_clip,rendered/log_clip/train__02__02_3__Path1__log_clip.png,0.5722689312354646,0.2022956907749176,0.22099816799163818,0.2837822437286377,0.08526372164487839,0.19086706638336182,0.204646497964859
train__02__02_3__Path1,train,02,02.3,02/02.3/Radargrams/Path1.sgy,zscore_clip,rendered/zscore_clip/train__02__02_3__Path1__zscore_clip.png,0.9623332567159409,0.024854594841599464,0.059220656752586365,0.07711561024188995,0.003091811668127775,0.03271616995334625,0.02337121218442917
train__02__02_3__Path1,train,02,02.3,02/02.3/Radargrams/Path1.sgy,amplitude_jitter,rendered/amplitude_jitter/train__02__02_3__Path1__amplitude_jitter.png,0.9999999999999094,2.873956894688945e-08,4.002816567094669e-08,2.7321013007508554e-08,2.832994638879427e-08,2.821753852799702e-08,2.8850148936498954e-08
train__02__02_3__Path1,train,02,02.3,02/02.3/Radargrams/Path1.sgy,remove_top_band,rendered/remove_top_band/train__02__02_3__Path1__remove_top_band.png,0.9216480142204014,0.004617707803845406,0.02723819576203823,0.09851109981536865,0.0,0.028597036376595497,0.0
train__02__02_3__Path1,train,02,02.3,02/02.3/Radargrams/Path1.sgy,remove_bottom_band,rendered/remove_bottom_band/train__02__02_3__Path1__remove_bottom_band.png,0.9999997792431,6.908929208293557e-06,4.45885380031541e-05,0.0,0.0001473904849262908,4.268351403879933e-05,0.0
train__02__02_3__Path1,train,02,02.3,02/02.3/Radargrams/Path1.sgy,remove_border,rendered/remove_border/train__02__02_3__Path1__remove_border.png,0.9334122800845981,0.004017822444438934,0.024088574573397636,0.05329662188887596,0.00010997007484547794,0.024051450192928314,0.0
train__02__02_3__Path1,train,02,02.3,02/02.3/Radargrams/Path1.sgy,time_reverse,rendered/time_reverse/train__02__02_3__Path1__time_reverse.png,-7.053150002462557e-05,0.04402313753962517,0.09489799290895462,0.05330954119563103,0.05330953747034073,0.04778173938393593,0.043501220643520355
train__02__02_4__Path1,train,02,02.4,02/02.4/Radargrams/Path1.sgy,original,rendered/original/train__02__02_4__Path1__original.png,1.0,0.0,0.0,0.0,0.0,0.0,0.0
train__02__02_4__Path1,train,02,02.4,02/02.4/Radargrams/Path1.sgy,log_clip,rendered/log_clip/train__02__02_4__Path1__log_clip.png,0.5645956671199315,0.21473053097724915,0.230986088514328,0.2449445128440857,0.09893105924129486,0.2024783045053482,0.21788974106311798
train__02__02_4__Path1,train,02,02.4,02/02.4/Radargrams/Path1.sgy,zscore_clip,rendered/zscore_clip/train__02__02_4__Path1__zscore_clip.png,0.9685013430540058,0.022661298513412476,0.051766641438007355,0.045340072363615036,0.0039121308363974094,0.02294202335178852,0.022621892392635345
train__02__02_4__Path1,train,02,02.4,02/02.4/Radargrams/Path1.sgy,amplitude_jitter,rendered/amplitude_jitter/train__02__02_4__Path1__amplitude_jitter.png,0.9999999999999364,2.9117739330786208e-08,4.021677924015421e-08,3.086669053686819e-08,3.165814632666297e-08,2.9579464211337836e-08,2.895107265032948e-08
train__02__02_4__Path1,train,02,02.4,02/02.4/Radargrams/Path1.sgy,remove_top_band,rendered/remove_top_band/train__02__02_4__Path1__remove_top_band.png,0.9396943719362708,0.005549738183617592,0.02781599760055542,0.11839441955089569,0.0,0.02387078106403351,0.0
train__02__02_4__Path1,train,02,02.4,02/02.4/Radargrams/Path1.sgy,remove_bottom_band,rendered/remove_bottom_band/train__02__02_4__Path1__remove_bottom_band.png,0.9999997777176683,8.638791769044474e-06,5.2051342208869755e-05,0.0,0.00018429422925692052,3.6505196476355195e-05,0.0
train__02__02_4__Path1,train,02,02.4,02/02.4/Radargrams/Path1.sgy,remove_border,rendered/remove_border/train__02__02_4__Path1__remove_border.png,0.8984134026292199,0.014415867626667023,0.035866424441337585,0.04555981978774071,0.009068010374903679,0.029985317960381508,0.009097539819777012
train__02__02_4__Path1,train,02,02.4,02/02.4/Radargrams/Path1.sgy,time_reverse,rendered/time_reverse/train__02__02_4__Path1__time_reverse.png,-0.00018537728226959154,0.052266545593738556,0.11039561778306961,0.036556217819452286,0.036556221544742584,0.04633430764079094,0.05409516766667366
train__02__02_5__Path1,train,02,02.5,02/02.5/Radargrams/Path1.sgy,original,rendered/original/train__02__02_5__Path1__original.png,0.9999999999999998,0.0,0.0,0.0,0.0,0.0,0.0
train__02__02_5__Path1,train,02,02.5,02/02.5/Radargrams/Path1.sgy,log_clip,rendered/log_clip/train__02__02_5__Path1__log_clip.png,0.5897485218609484,0.1848374456167221,0.20600275695323944,0.24178656935691833,0.10603531450033188,0.19373850524425507,0.1814689040184021
train__02__02_5__Path1,train,02,02.5,02/02.5/Radargrams/Path1.sgy,zscore_clip,rendered/zscore_clip/train__02__02_5__Path1__zscore_clip.png,0.9661628196360158,0.017673751339316368,0.04868556931614876,0.12361656129360199,0.00026815658202394843,0.02971356175839901,0.014173065312206745
train__02__02_5__Path1,train,02,02.5,02/02.5/Radargrams/Path1.sgy,amplitude_jitter,rendered/amplitude_jitter/train__02__02_5__Path1__amplitude_jitter.png,0.9999999999999737,9.627039609938493e-09,1.9565664644005665e-08,1.3902075046701157e-08,8.861127831494287e-09,1.0186245624765888e-08,9.456044836042565e-09
train__02__02_5__Path1,train,02,02.5,02/02.5/Radargrams/Path1.sgy,remove_top_band,rendered/remove_top_band/train__02__02_5__Path1__remove_top_band.png,0.6609832800568078,0.011373787187039852,0.06501035392284393,0.24264082312583923,0.0,0.0356544591486454,0.004187749698758125
train__02__02_5__Path1,train,02,02.5,02/02.5/Radargrams/Path1.sgy,remove_bottom_band,rendered/remove_bottom_band/train__02__02_5__Path1__remove_bottom_band.png,0.9999995946413253,1.1991318388027139e-05,7.420729525620118e-05,0.0,0.0002558147825766355,4.2460749682504684e-05,3.194333658029791e-06
train__02__02_5__Path1,train,02,02.5,02/02.5/Radargrams/Path1.sgy,remove_border,rendered/remove_border/train__02__02_5__Path1__remove_border.png,0.7955065371728979,0.009951027110219002,0.04992619901895523,0.14471851289272308,0.00016633803898002952,0.04116680473089218,0.0
train__02__02_5__Path1,train,02,02.5,02/02.5/Radargrams/Path1.sgy,time_reverse,rendered/time_reverse/train__02__02_5__Path1__time_reverse.png,0.0013338663195419937,0.052268967032432556,0.1164250299334526,0.19014212489128113,0.19014212489128113,0.08195704966783524,0.043703485280275345
train__02__02_6__Path1,train,02,02.6,02/02.6/Radargrams/Path1.sgy,original,rendered/original/train__02__02_6__Path1__original.png,0.9999999999999999,0.0,0.0,0.0,0.0,0.0,0.0
train__02__02_6__Path1,train,02,02.6,02/02.6/Radargrams/Path1.sgy,log_clip,rendered/log_clip/train__02__02_6__Path1__log_clip.png,0.6060189165007942,0.20036299526691437,0.2279197722673416,0.23206613957881927,0.10173923522233963,0.2022261768579483,0.19943000376224518
train__02__02_6__Path1,train,02,02.6,02/02.6/Radargrams/Path1.sgy,zscore_clip,rendered/zscore_clip/train__02__02_6__Path1__zscore_clip.png,0.9654312867246867,0.07887763530015945,0.08405091613531113,0.10506793856620789,0.07375068962574005,0.07919205725193024,0.07883072644472122
train__02__02_6__Path1,train,02,02.6,02/02.6/Radargrams/Path1.sgy,amplitude_jitter,rendered/amplitude_jitter/train__02__02_6__Path1__amplitude_jitter.png,0.999999999999949,2.161100276509842e-08,3.564702666380981e-08,2.161961809576951e-08,2.2392679710492303e-08,2.1316349574362903e-08,2.17907825117436e-08
train__02__02_6__Path1,train,02,02.6,02/02.6/Radargrams/Path1.sgy,remove_top_band,rendered/remove_top_band/train__02__02_6__Path1__remove_top_band.png,0.7019760657318381,0.022811993956565857,0.06824306398630142,0.245154470205307,0.011867381632328033,0.03780160844326019,0.018444953486323357
train__02__02_6__Path1,train,02,02.6,02/02.6/Radargrams/Path1.sgy,remove_bottom_band,rendered/remove_bottom_band/train__02__02_6__Path1__remove_bottom_band.png,0.9999997735439726,9.912271707435139e-06,6.040870357537642e-05,0.0,0.00021146179642528296,3.7831399822607636e-05,1.985950575544848e-06
train__02__02_6__Path1,train,02,02.6,02/02.6/Radargrams/Path1.sgy,remove_border,rendered/remove_border/train__02__02_6__Path1__remove_border.png,0.8161405397609791,0.05766759067773819,0.0706942155957222,0.13219372928142548,0.051463447511196136,0.07782629877328873,0.051128603518009186
train__02__02_6__Path1,train,02,02.6,02/02.6/Radargrams/Path1.sgy,time_reverse,rendered/time_reverse/train__02__02_6__Path1__time_reverse.png,0.0006743748507482796,0.06241155043244362,0.1267271637916565,0.20596566796302795,0.20596566796302795,0.08512459695339203,0.05585373565554619
train__02__02_7__Path1,train,02,02.7,02/02.7/Radargrams/Path1.sgy,original,rendered/original/train__02__02_7__Path1__original.png,1.0,0.0,0.0,0.0,0.0,0.0,0.0
train__02__02_7__Path1,train,02,02.7,02/02.7/Radargrams/Path1.sgy,log_clip,rendered/log_clip/train__02__02_7__Path1__log_clip.png,0.6123559303328269,0.18561047315597534,0.21079881489276886,0.25769445300102234,0.10238920897245407,0.18170690536499023,0.18643653392791748
train__02__02_7__Path1,train,02,02.7,02/02.7/Radargrams/Path1.sgy,zscore_clip,rendered/zscore_clip/train__02__02_7__Path1__zscore_clip.png,0.9580769782204425,0.05685838311910629,0.07746608555316925,0.16435950994491577,0.03958326578140259,0.07632438838481903,0.05231773853302002
train__02__02_7__Path1,train,02,02.7,02/02.7/Radargrams/Path1.sgy,amplitude_jitter,rendered/amplitude_jitter/train__02__02_7__Path1__amplitude_jitter.png,0.9999999999998919,2.7056618279175382e-08,3.9905593496314395e-08,2.5688981608595896e-08,2.5097948608276965e-08,2.613498928383251e-08,2.726557646326455e-08
train__02__02_7__Path1,train,02,02.7,02/02.7/Radargrams/Path1.sgy,remove_top_band,rendered/remove_top_band/train__02__02_7__Path1__remove_top_band.png,0.48138714022091583,0.08317826688289642,0.10280290991067886,0.2673954665660858,0.07370869070291519,0.1226927638053894,0.07413055002689362
train__02__02_7__Path1,train,02,02.7,02/02.7/Radargrams/Path1.sgy,remove_bottom_band,rendered/remove_bottom_band/train__02__02_7__Path1__remove_bottom_band.png,0.9999997365632249,7.581918453070102e-06,4.57030619145371e-05,0.0,0.00016174759366549551,3.932078107027337e-05,0.0
train__02__02_7__Path1,train,02,02.7,02/02.7/Radargrams/Path1.sgy,remove_border,rendered/remove_border/train__02__02_7__Path1__remove_border.png,0.6215408646889692,0.03281658515334129,0.0567200630903244,0.1778477281332016,0.0230976864695549,0.06634525954723358,0.025045011192560196
train__02__02_7__Path1,train,02,02.7,02/02.7/Radargrams/Path1.sgy,time_reverse,rendered/time_reverse/train__02__02_7__Path1__time_reverse.png,0.0005905549247886713,0.042354438453912735,0.08858750760555267,0.17338182032108307,0.17338183522224426,0.10032058507204056,0.029118860140442848
train__04__04_1__Path1,train,04,04.1,04/04.1/Radargrams/Path1.sgy,original,rendered/original/train__04__04_1__Path1__original.png,0.9999999999999998,0.0,0.0,0.0,0.0,0.0,0.0
train__04__04_1__Path1,train,04,04.1,04/04.1/Radargrams/Path1.sgy,log_clip,rendered/log_clip/train__04__04_1__Path1__log_clip.png,0.5781950906266835,0.22643335163593292,0.24089087545871735,0.22661466896533966,0.11548144370317459,0.21165968477725983,0.23069670796394348
train__04__04_1__Path1,train,04,04.1,04/04.1/Radargrams/Path1.sgy,zscore_clip,rendered/zscore_clip/train__04__04_1__Path1__zscore_clip.png,0.9691748858110504,0.023235591128468513,0.05368240922689438,0.005139781627804041,0.0002309468836756423,0.018224520608782768,0.02460300363600254
train__04__04_1__Path1,train,04,04.1,04/04.1/Radargrams/Path1.sgy,amplitude_jitter,rendered/amplitude_jitter/train__04__04_1__Path1__amplitude_jitter.png,0.9999999999999614,1.5007008968837e-08,2.6457279034275416e-08,1.4136366743855433e-08,1.2680789751584598e-08,1.4688265714823956e-08,1.5129408836855873e-08
train__04__04_1__Path1,train,04,04.1,04/04.1/Radargrams/Path1.sgy,remove_top_band,rendered/remove_top_band/train__04__04_1__Path1__remove_top_band.png,0.98432835527865,0.0030495927203446627,0.014565526507794857,0.06505797803401947,0.0,0.009409350343048573,0.0013109074207022786
train__04__04_1__Path1,train,04,04.1,04/04.1/Radargrams/Path1.sgy,remove_bottom_band,rendered/remove_bottom_band/train__04__04_1__Path1__remove_bottom_band.png,0.9999996095104955,1.2182290447526611e-05,7.051306602079421e-05,0.0,0.0002598888531792909,3.7018980947323143e-05,5.357163900043815e-06
train__04__04_1__Path1,train,04,04.1,04/04.1/Radargrams/Path1.sgy,remove_border,rendered/remove_border/train__04__04_1__Path1__remove_border.png,0.8960447809409022,0.005834012292325497,0.035389725118875504,0.0017266628565266728,0.00015924934996291995,0.02272162400186062,0.0
train__04__04_1__Path1,train,04,04.1,04/04.1/Radargrams/Path1.sgy,time_reverse,rendered/time_reverse/train__04__04_1__Path1__time_reverse.png,0.001381156577021058,0.05704793334007263,0.11265348643064499,0.004734164569526911,0.004734164569526911,0.04405568912625313,0.06062793731689453
train__04__04_2__Path1,train,04,04.2,04/04.2/Radargrams/Path1.sgy,original,rendered/original/train__04__04_2__Path1__original.png,1.0,0.0,0.0,0.0,0.0,0.0,0.0
train__04__04_2__Path1,train,04,04.2,04/04.2/Radargrams/Path1.sgy,log_clip,rendered/log_clip/train__04__04_2__Path1__log_clip.png,0.5515086228768116,0.226558655500412,0.24001744389533997,0.25663766264915466,0.13266414403915405,0.2147270292043686,0.22982670366764069
train__04__04_2__Path1,train,04,04.2,04/04.2/Radargrams/Path1.sgy,zscore_clip,rendered/zscore_clip/train__04__04_2__Path1__zscore_clip.png,0.9635173294975142,0.024691779166460037,0.05208652839064598,0.019040929153561592,0.006331039126962423,0.01972186751663685,0.02609115280210972
train__04__04_2__Path1,train,04,04.2,04/04.2/Radargrams/Path1.sgy,amplitude_jitter,rendered/amplitude_jitter/train__04__04_2__Path1__amplitude_jitter.png,0.9999999999999476,1.466301835506556e-08,2.8299123044916996e-08,1.3578763891075596e-08,1.4772147061137275e-08,1.4510919577048753e-08,1.4725427988082629e-08
train__04__04_2__Path1,train,04,04.2,04/04.2/Radargrams/Path1.sgy,remove_top_band,rendered/remove_top_band/train__04__04_2__Path1__remove_top_band.png,0.9936132789416119,0.0014968718169257045,0.008698813617229462,0.0319332629442215,0.0,0.003698035841807723,0.0008907001465559006
train__04__04_2__Path1,train,04,04.2,04/04.2/Radargrams/Path1.sgy,remove_bottom_band,rendered/remove_bottom_band/train__04__04_2__Path1__remove_bottom_band.png,0.9999986819414066,2.0203946405672468e-05,0.00012411357602104545,0.0,0.0004310175427235663,5.791353032691404e-05,1.0067602488561533e-05
train__04__04_2__Path1,train,04,04.2,04/04.2/Radargrams/Path1.sgy,remove_border,rendered/remove_border/train__04__04_2__Path1__remove_border.png,0.9006930170724001,0.004922892432659864,0.032936010509729385,0.0029214220121502876,0.00021156456205062568,0.019473228603601456,0.0
train__04__04_2__Path1,train,04,04.2,04/04.2/Radargrams/Path1.sgy,time_reverse,rendered/time_reverse/train__04__04_2__Path1__time_reverse.png,0.000994901675628004,0.05107756331562996,0.10715775936841965,0.010604951530694962,0.010604952462017536,0.03803052753210068,0.054695188999176025
train__04__04_3__Path1,train,04,04.3,04/04.3/Radargrams/Path1.sgy,original,rendered/original/train__04__04_3__Path1__original.png,1.0,0.0,0.0,0.0,0.0,0.0,0.0
train__04__04_3__Path1,train,04,04.3,04/04.3/Radargrams/Path1.sgy,log_clip,rendered/log_clip/train__04__04_3__Path1__log_clip.png,0.577319407645028,0.21179617941379547,0.22783303260803223,0.2622471749782562,0.11466573923826218,0.20023317635059357,0.2149161398410797
train__04__04_3__Path1,train,04,04.3,04/04.3/Radargrams/Path1.sgy,zscore_clip,rendered/zscore_clip/train__04__04_3__Path1__zscore_clip.png,0.9706239307071667,0.018273135647177696,0.046672701835632324,0.024131983518600464,0.0004451741115190089,0.014966805465519428,0.019144436344504356
train__04__04_3__Path1,train,04,04.3,04/04.3/Radargrams/Path1.sgy,amplitude_jitter,rendered/amplitude_jitter/train__04__04_3__Path1__amplitude_jitter.png,0.9999999999999671,1.923626058442096e-08,2.9313696359167807e-08,2.108844476822469e-08,1.3946510613038754e-08,1.828732543174283e-08,1.9610535417768915e-08
train__04__04_3__Path1,train,04,04.3,04/04.3/Radargrams/Path1.sgy,remove_top_band,rendered/remove_top_band/train__04__04_3__Path1__remove_top_band.png,0.9690488663427334,0.004329569637775421,0.02246653474867344,0.09236415475606918,0.0,0.011169533245265484,0.0022510611452162266
train__04__04_3__Path1,train,04,04.3,04/04.3/Radargrams/Path1.sgy,remove_bottom_band,rendered/remove_bottom_band/train__04__04_3__Path1__remove_bottom_band.png,0.9999996251611954,1.2165064617875032e-05,7.663514406885952e-05,0.0,0.00025952138821594417,3.463516986812465e-05,5.716018677048851e-06
train__04__04_3__Path1,train,04,04.3,04/04.3/Radargrams/Path1.sgy,remove_border,rendered/remove_border/train__04__04_3__Path1__remove_border.png,0.9194524208101664,0.00546447467058897,0.03473657742142677,0.007365518249571323,0.00015278850332833827,0.020853467285633087,0.0
train__04__04_3__Path1,train,04,04.3,04/04.3/Radargrams/Path1.sgy,time_reverse,rendered/time_reverse/train__04__04_3__Path1__time_reverse.png,-0.0005890479218035926,0.06001000478863716,0.12497219443321228,0.026731271296739578,0.026731271296739578,0.04114941135048866,0.0656224861741066
train__04__04_4__Path1,train,04,04.4,04/04.4/Radargrams/Path1.sgy,original,rendered/original/train__04__04_4__Path1__original.png,0.9999999999999999,0.0,0.0,0.0,0.0,0.0,0.0
train__04__04_4__Path1,train,04,04.4,04/04.4/Radargrams/Path1.sgy,log_clip,rendered/log_clip/train__04__04_4__Path1__log_clip.png,0.5935178812449413,0.21285668015480042,0.2296053022146225,0.25197088718414307,0.10392311215400696,0.19590038061141968,0.2174694985151291
train__04__04_4__Path1,train,04,04.4,04/04.4/Radargrams/Path1.sgy,zscore_clip,rendered/zscore_clip/train__04__04_4__Path1__zscore_clip.png,0.9717271909863522,0.02139546349644661,0.052029840648174286,0.023996694013476372,0.00016432740085292608,0.01625974290072918,0.022791441529989243
train__04__04_4__Path1,train,04,04.4,04/04.4/Radargrams/Path1.sgy,amplitude_jitter,rendered/amplitude_jitter/train__04__04_4__Path1__amplitude_jitter.png,0.9999999999999748,8.57565662926163e-09,1.949187300454014e-08,8.299786635745932e-09,4.534439490555542e-09,7.7861779246291e-09,8.792854444550358e-09
train__04__04_4__Path1,train,04,04.4,04/04.4/Radargrams/Path1.sgy,remove_top_band,rendered/remove_top_band/train__04__04_4__Path1__remove_top_band.png,0.9650598662203694,0.00450925063341856,0.02282574214041233,0.09619734436273575,0.0,0.011958915740251541,0.002507701050490141
train__04__04_4__Path1,train,04,04.4,04/04.4/Radargrams/Path1.sgy,remove_bottom_band,rendered/remove_bottom_band/train__04__04_4__Path1__remove_bottom_band.png,0.9999997176519597,1.0397839105280582e-05,6.330305768642575e-05,0.0,0.0002218205772805959,3.0915794923203066e-05,5.1347519729461055e-06
train__04__04_4__Path1,train,04,04.4,04/04.4/Radargrams/Path1.sgy,remove_border,rendered/remove_border/train__04__04_4__Path1__remove_border.png,0.9166846053308431,0.005374085158109665,0.03365489840507507,0.0055686780251562595,0.0001030303246807307,0.021342195570468903,0.0
train__04__04_4__Path1,train,04,04.4,04/04.4/Radargrams/Path1.sgy,time_reverse,rendered/time_reverse/train__04__04_4__Path1__time_reverse.png,0.0003591108315468868,0.05991971865296364,0.1190822571516037,0.024484382942318916,0.024484382942318916,0.04218556359410286,0.06493149697780609
train__04__04_5__Path1,train,04,04.5,04/04.5/Radargrams/Path1.sgy,original,rendered/original/train__04__04_5__Path1__original.png,1.0,0.0,0.0,0.0,0.0,0.0,0.0
train__04__04_5__Path1,train,04,04.5,04/04.5/Radargrams/Path1.sgy,log_clip,rendered/log_clip/train__04__04_5__Path1__log_clip.png,0.56596345696471,0.2112272083759308,0.22818699479103088,0.25615498423576355,0.10407508909702301,0.1995212733745575,0.21478745341300964
train__04__04_5__Path1,train,04,04.5,04/04.5/Radargrams/Path1.sgy,zscore_clip,rendered/zscore_clip/train__04__04_5__Path1__zscore_clip.png,0.963897753063987,0.01981341280043125,0.04893701896071434,0.028052909299731255,0.00021297841158229858,0.01486644335091114,0.02130909636616707
train__04__04_5__Path1,train,04,04.5,04/04.5/Radargrams/Path1.sgy,amplitude_jitter,rendered/amplitude_jitter/train__04__04_5__Path1__amplitude_jitter.png,0.9999999999999672,8.575733012605724e-09,1.9442305543293514e-08,9.058274130779864e-09,4.139211640108442e-09,7.955946124127422e-09,8.783568539172393e-09
train__04__04_5__Path1,train,04,04.5,04/04.5/Radargrams/Path1.sgy,remove_top_band,rendered/remove_top_band/train__04__04_5__Path1__remove_top_band.png,0.9692241429592274,0.003828414948657155,0.020149175077676773,0.08167285472154617,0.0,0.011538959108293056,0.0014436410274356604
train__04__04_5__Path1,train,04,04.5,04/04.5/Radargrams/Path1.sgy,remove_bottom_band,rendered/remove_bottom_band/train__04__04_5__Path1__remove_bottom_band.png,0.9999997170715837,9.600775229046121e-06,5.9937810874544084e-05,0.0,0.00020481653336901218,3.559065589797683e-05,1.6613108755336725e-06
train__04__04_5__Path1,train,04,04.5,04/04.5/Radargrams/Path1.sgy,remove_border,rendered/remove_border/train__04__04_5__Path1__remove_border.png,0.8995721900908372,0.005369436461478472,0.03478100523352623,0.010633866302669048,0.00015519163571298122,0.020014474168419838,0.0
train__04__04_5__Path1,train,04,04.5,04/04.5/Radargrams/Path1.sgy,time_reverse,rendered/time_reverse/train__04__04_5__Path1__time_reverse.png,0.0006806858530822657,0.05306776612997055,0.11257560551166534,0.025577733293175697,0.025577731430530548,0.039644256234169006,0.05705004930496216
train__04__04_6__Path1,train,04,04.6,04/04.6/Radargrams/Path1.sgy,original,rendered/original/train__04__04_6__Path1__original.png,1.0,0.0,0.0,0.0,0.0,0.0,0.0
train__04__04_6__Path1,train,04,04.6,04/04.6/Radargrams/Path1.sgy,log_clip,rendered/log_clip/train__04__04_6__Path1__log_clip.png,0.5706053618825883,0.21236538887023926,0.2293190062046051,0.2535874545574188,0.08993484079837799,0.19510763883590698,0.21795183420181274
train__04__04_6__Path1,train,04,04.6,04/04.6/Radargrams/Path1.sgy,zscore_clip,rendered/zscore_clip/train__04__04_6__Path1__zscore_clip.png,0.9657307107202306,0.020441098138689995,0.05027260258793831,0.030004244297742844,0.00015316493227146566,0.015150017105042934,0.02216719649732113
train__04__04_6__Path1,train,04,04.6,04/04.6/Radargrams/Path1.sgy,amplitude_jitter,rendered/amplitude_jitter/train__04__04_6__Path1__amplitude_jitter.png,0.9999999999999707,8.516964022931006e-09,1.93790192781762e-08,9.002785184009099e-09,2.7119644308015722e-09,7.422779280119585e-09,8.87403306393253e-09
train__04__04_6__Path1,train,04,04.6,04/04.6/Radargrams/Path1.sgy,remove_top_band,rendered/remove_top_band/train__04__04_6__Path1__remove_top_band.png,0.9615836201046589,0.004289067350327969,0.022623468190431595,0.09150010347366333,0.0,0.013689318671822548,0.0012484821490943432
train__04__04_6__Path1,train,04,04.6,04/04.6/Radargrams/Path1.sgy,remove_bottom_band,rendered/remove_bottom_band/train__04__04_6__Path1__remove_bottom_band.png,0.9999998276379444,8.117782272165641e-06,4.691098365583457e-05,0.0,0.00017317934543825686,3.0909304769011214e-05,1.0827287724168855e-06
train__04__04_6__Path1,train,04,04.6,04/04.6/Radargrams/Path1.sgy,remove_border,rendered/remove_border/train__04__04_6__Path1__remove_border.png,0.8997999110483262,0.005458578933030367,0.03485899046063423,0.014820808544754982,0.000107513704278972,0.01987690106034279,0.0
train__04__04_6__Path1,train,04,04.6,04/04.6/Radargrams/Path1.sgy,time_reverse,rendered/time_reverse/train__04__04_6__Path1__time_reverse.png,0.00033649472697977516,0.053999289870262146,0.11296266317367554,0.027536092326045036,0.027536092326045036,0.03928321599960327,0.05870432034134865
train__04__04_7__Path1,train,04,04.7,04/04.7/Radargrams/Path1.sgy,original,rendered/original/train__04__04_7__Path1__original.png,1.0,0.0,0.0,0.0,0.0,0.0,0.0
train__04__04_7__Path1,train,04,04.7,04/04.7/Radargrams/Path1.sgy,log_clip,rendered/log_clip/train__04__04_7__Path1__log_clip.png,0.5948106538154937,0.2095971256494522,0.22526372969150543,0.2546851336956024,0.10673999041318893,0.1965435892343521,0.2135682851076126
train__04__04_7__Path1,train,04,04.7,04/04.7/Radargrams/Path1.sgy,zscore_clip,rendered/zscore_clip/train__04__04_7__Path1__zscore_clip.png,0.9707910980444813,0.022747347131371498,0.056356433779001236,0.023378495126962662,0.00023425911786034703,0.016705919057130814,0.024661995470523834
train__04__04_7__Path1,train,04,04.7,04/04.7/Radargrams/Path1.sgy,amplitude_jitter,rendered/amplitude_jitter/train__04__04_7__Path1__amplitude_jitter.png,0.999999999999962,1.9276876983553848e-08,2.9308250049098206e-08,1.993264575617104e-08,1.4789870661502391e-08,1.871577737233565e-08,1.9468783918341614e-08
train__04__04_7__Path1,train,04,04.7,04/04.7/Radargrams/Path1.sgy,remove_top_band,rendered/remove_top_band/train__04__04_7__Path1__remove_top_band.png,0.973681396201691,0.0033660600893199444,0.018408488482236862,0.07180927693843842,0.0,0.010624460875988007,0.0010234215296804905
train__04__04_7__Path1,train,04,04.7,04/04.7/Radargrams/Path1.sgy,remove_bottom_band,rendered/remove_bottom_band/train__04__04_7__Path1__remove_bottom_band.png,0.9999990227033572,1.458816223021131e-05,0.00011009687295882031,0.0,0.0003112141275778413,5.5174430599436164e-05,1.943770939760725e-06
train__04__04_7__Path1,train,04,04.7,04/04.7/Radargrams/Path1.sgy,remove_border,rendered/remove_border/train__04__04_7__Path1__remove_border.png,0.9141738785855299,0.0052868970669806,0.03188399225473404,0.01028755959123373,0.00019163214892614633,0.01914769969880581,0.0
train__04__04_7__Path1,train,04,04.7,04/04.7/Radargrams/Path1.sgy,time_reverse,rendered/time_reverse/train__04__04_7__Path1__time_reverse.png,-0.0003742788440953795,0.05491165071725845,0.11126348376274109,0.020954255014657974,0.020954255014657974,0.037868160754442215,0.06039315462112427
train__04__04_8__Path1,train,04,04.8,04/04.8/Radargrams/Path1.sgy,original,rendered/original/train__04__04_8__Path1__original.png,1.0,0.0,0.0,0.0,0.0,0.0,0.0
train__04__04_8__Path1,train,04,04.8,04/04.8/Radargrams/Path1.sgy,log_clip,rendered/log_clip/train__04__04_8__Path1__log_clip.png,0.5754326540369243,0.20825737714767456,0.22682510316371918,0.2580985426902771,0.10451716184616089,0.20175768435001373,0.20962370932102203
train__04__04_8__Path1,train,04,04.8,04/04.8/Radargrams/Path1.sgy,zscore_clip,rendered/zscore_clip/train__04__04_8__Path1__zscore_clip.png,0.9739081424426914,0.01609012484550476,0.04124344140291214,0.007552196271717548,0.000569680705666542,0.013133796863257885,0.016835156828165054
train__04__04_8__Path1,train,04,04.8,04/04.8/Radargrams/Path1.sgy,amplitude_jitter,rendered/amplitude_jitter/train__04__04_8__Path1__amplitude_jitter.png,0.9999999999999758,1.0682172479903329e-08,2.1949675854671113e-08,9.231222897199132e-09,1.1347687234319892e-08,1.0786406434704077e-08,1.0627054791711998e-08
train__04__04_8__Path1,train,04,04.8,04/04.8/Radargrams/Path1.sgy,remove_top_band,rendered/remove_top_band/train__04__04_8__Path1__remove_top_band.png,0.982119093031561,0.003806324442848563,0.018233511596918106,0.08120159059762955,0.0,0.011911259032785892,0.0017031171591952443
train__04__04_8__Path1,train,04,04.8,04/04.8/Radargrams/Path1.sgy,remove_bottom_band,rendered/remove_bottom_band/train__04__04_8__Path1__remove_bottom_band.png,0.9999997589962359,1.1227860341023188e-05,6.558387394761667e-05,0.0,0.00023952768242452294,3.602318247430958e-05,4.221521066938294e-06
train__04__04_8__Path1,train,04,04.8,04/04.8/Radargrams/Path1.sgy,remove_border,rendered/remove_border/train__04__04_8__Path1__remove_border.png,0.9144557185286363,0.005674674641340971,0.0378299355506897,0.002695063129067421,0.000136725211632438,0.02299744263291359,0.0
train__04__04_8__Path1,train,04,04.8,04/04.8/Radargrams/Path1.sgy,time_reverse,rendered/time_reverse/train__04__04_8__Path1__time_reverse.png,-0.0002623441245693082,0.06305906921625137,0.13221758604049683,0.0089185805991292,0.0089185805991292,0.04543384537100792,0.06788354367017746
train__05__05_1__Path1,train,05,05.1,05/05.1/Radargrams/Path1.sgy,original,rendered/original/train__05__05_1__Path1__original.png,1.0,0.0,0.0,0.0,0.0,0.0,0.0
train__05__05_1__Path1,train,05,05.1,05/05.1/Radargrams/Path1.sgy,log_clip,rendered/log_clip/train__05__05_1__Path1__log_clip.png,0.5752459403505603,0.20533940196037292,0.22289206087589264,0.2646394968032837,0.10385803133249283,0.18563063442707062,0.2075367122888565
train__05__05_1__Path1,train,05,05.1,05/05.1/Radargrams/Path1.sgy,zscore_clip,rendered/zscore_clip/train__05__05_1__Path1__zscore_clip.png,0.9754851355080968,0.016193656250834465,0.04149366542696953,0.030511585995554924,0.0014079074608162045,0.016156865283846855,0.016197869554162025
train__05__05_1__Path1,train,05,05.1,05/05.1/Radargrams/Path1.sgy,amplitude_jitter,rendered/amplitude_jitter/train__05__05_1__Path1__amplitude_jitter.png,0.9999999999999631,2.9682071911452113e-08,3.816522919919407e-08,3.043883367581657e-08,2.9133419232607594e-08,2.97732150045249e-08,2.9670898626932285e-08
train__05__05_1__Path1,train,05,05.1,05/05.1/Radargrams/Path1.sgy,remove_top_band,rendered/remove_top_band/train__05__05_1__Path1__remove_top_band.png,0.9475775238775513,0.0061997659504413605,0.03087140992283821,0.13226167857646942,0.0,0.061747513711452484,0.0
train__05__05_1__Path1,train,05,05.1,05/05.1/Radargrams/Path1.sgy,remove_bottom_band,rendered/remove_bottom_band/train__05__05_1__Path1__remove_bottom_band.png,0.9999997449461285,1.0462563295732252e-05,6.628665869357064e-05,0.0,0.00022320135030895472,0.00010418084275443107,0.0
train__05__05_1__Path1,train,05,05.1,05/05.1/Radargrams/Path1.sgy,remove_border,rendered/remove_border/train__05__05_1__Path1__remove_border.png,0.9861187047724088,0.001947581535205245,0.015485284850001335,0.03643012419342995,0.00017158598348032683,0.01940387301146984,0.0
train__05__05_1__Path1,train,05,05.1,05/05.1/Radargrams/Path1.sgy,time_reverse,rendered/time_reverse/train__05__05_1__Path1__time_reverse.png,-0.00025780832161265897,0.0613403357565403,0.13111817836761475,0.036479219794273376,0.036479223519563675,0.038639750331640244,0.0638713464140892
train__05__05_10__Path1,train,05,05.10,05/05.10/Radargrams/Path1.sgy,original,rendered/original/train__05__05_10__Path1__original.png,1.0,0.0,0.0,0.0,0.0,0.0,0.0
train__05__05_10__Path1,train,05,05.10,05/05.10/Radargrams/Path1.sgy,log_clip,rendered/log_clip/train__05__05_10__Path1__log_clip.png,0.5769331966526139,0.19206567108631134,0.21293902397155762,0.2432938814163208,0.07888410985469818,0.16494569182395935,0.195517435669899
train__05__05_10__Path1,train,05,05.10,05/05.10/Radargrams/Path1.sgy,zscore_clip,rendered/zscore_clip/train__05__05_10__Path1__zscore_clip.png,0.9645562471006245,0.017750129103660583,0.04678782820701599,0.04085388779640198,0.00013896104064770043,0.020025843754410744,0.017459215596318245
train__05__05_10__Path1,train,05,05.10,05/05.10/Radargrams/Path1.sgy,amplitude_jitter,rendered/amplitude_jitter/train__05__05_10__Path1__amplitude_jitter.png,0.999999999999963,1.3615547800327477e-08,2.496166118248766e-08,1.280358041810814e-08,8.898844328086852e-09,1.1348683770506796e-08,1.3903801665549054e-08
train__05__05_10__Path1,train,05,05.10,05/05.10/Radargrams/Path1.sgy,remove_top_band,rendered/remove_top_band/train__05__05_10__Path1__remove_top_band.png,0.9556713120331978,0.004699231591075659,0.024578388780355453,0.10025027394294739,0.0,0.04188022017478943,0.0
train__05__05_10__Path1,train,05,05.10,05/05.10/Radargrams/Path1.sgy,remove_bottom_band,rendered/remove_bottom_band/train__05__05_10__Path1__remove_bottom_band.png,0.9999999142842959,5.027356110076653e-06,3.362351344549097e-05,0.0,0.00010725027095759287,4.4561449612956494e-05,0.0
train__05__05_10__Path1,train,05,05.10,05/05.10/Radargrams/Path1.sgy,remove_border,rendered/remove_border/train__05__05_10__Path1__remove_border.png,0.9752120391891217,0.0023260845337063074,0.01804395765066147,0.03871232271194458,9.435848915018141e-05,0.020534655079245567,0.0
train__05__05_10__Path1,train,05,05.10,05/05.10/Radargrams/Path1.sgy,time_reverse,rendered/time_reverse/train__05__05_10__Path1__time_reverse.png,6.27525745964526e-05,0.0519535094499588,0.11477051675319672,0.038685377687215805,0.038685377687215805,0.04092390835285187,0.0533515028655529
train__05__05_2__Path1,train,05,05.2,05/05.2/Radargrams/Path1.sgy,original,rendered/original/train__05__05_2__Path1__original.png,1.0,0.0,0.0,0.0,0.0,0.0,0.0
train__05__05_2__Path1,train,05,05.2,05/05.2/Radargrams/Path1.sgy,log_clip,rendered/log_clip/train__05__05_2__Path1__log_clip.png,0.5898179786612452,0.19185492396354675,0.21282480657100677,0.2619043290615082,0.10260677337646484,0.18231436610221863,0.19291706383228302
train__05__05_2__Path1,train,05,05.2,05/05.2/Radargrams/Path1.sgy,zscore_clip,rendered/zscore_clip/train__05__05_2__Path1__zscore_clip.png,0.9755241649716839,0.015796886757016182,0.04224100336432457,0.03231322020292282,0.0008413014002144337,0.01647034101188183,0.015722353011369705
train__05__05_2__Path1,train,05,05.2,05/05.2/Radargrams/Path1.sgy,amplitude_jitter,rendered/amplitude_jitter/train__05__05_2__Path1__amplitude_jitter.png,0.9999999999999795,2.1187952725654213e-08,3.15650652282784e-08,1.8581886251922697e-08,1.9519077909535554e-08,1.9214621005403387e-08,2.1411389994341334e-08
train__05__05_2__Path1,train,05,05.2,05/05.2/Radargrams/Path1.sgy,remove_top_band,rendered/remove_top_band/train__05__05_2__Path1__remove_top_band.png,0.9475017690778403,0.005997752770781517,0.030715977773070335,0.12795205414295197,0.0,0.059015754610300064,0.0
train__05__05_2__Path1,train,05,05.2,05/05.2/Radargrams/Path1.sgy,remove_bottom_band,rendered/remove_bottom_band/train__05__05_2__Path1__remove_bottom_band.png,0.9999998827321679,7.819535312592052e-06,4.48333375970833e-05,0.0,0.0001668167533352971,7.694607484154403e-05,0.0
train__05__05_2__Path1,train,05,05.2,05/05.2/Radargrams/Path1.sgy,remove_border,rendered/remove_border/train__05__05_2__Path1__remove_border.png,0.9855889824284255,0.002072361297905445,0.015733134001493454,0.03928876668214798,0.0001525098632555455,0.020453600212931633,0.0
train__05__05_2__Path1,train,05,05.2,05/05.2/Radargrams/Path1.sgy,time_reverse,rendered/time_reverse/train__05__05_2__Path1__time_reverse.png,-0.00036008958524805847,0.060504570603370667,0.1307353973388672,0.03934130072593689,0.03934130072593689,0.040789421647787094,0.06273055076599121
train__05__05_3__Path1,train,05,05.3,05/05.3/Radargrams/Path1.sgy,original,rendered/original/train__05__05_3__Path1__original.png,1.0,0.0,0.0,0.0,0.0,0.0,0.0
train__05__05_3__Path1,train,05,05.3,05/05.3/Radargrams/Path1.sgy,log_clip,rendered/log_clip/train__05__05_3__Path1__log_clip.png,0.5899847054197641,0.1896989792585373,0.2104513943195343,0.26223763823509216,0.08941051363945007,0.17692877352237701,0.1911688894033432
train__05__05_3__Path1,train,05,05.3,05/05.3/Radargrams/Path1.sgy,zscore_clip,rendered/zscore_clip/train__05__05_3__Path1__zscore_clip.png,0.9738283155326973,0.01614418253302574,0.04408154636621475,0.03100745566189289,0.0004015181621070951,0.015754958614706993,0.016189148649573326
train__05__05_3__Path1,train,05,05.3,05/05.3/Radargrams/Path1.sgy,amplitude_jitter,rendered/amplitude_jitter/train__05__05_3__Path1__amplitude_jitter.png,0.9999999999999752,1.4009045479213e-08,2.549186106648449e-08,1.2866731680105659e-08,9.587600047211708e-09,1.1468410221482372e-08,1.4300751693951952e-08
train__05__05_3__Path1,train,05,05.3,05/05.3/Radargrams/Path1.sgy,remove_top_band,rendered/remove_top_band/train__05__05_3__Path1__remove_top_band.png,0.9526752137064273,0.0055833663791418076,0.02823598124086857,0.1191118136048317,0.0,0.054194141179323196,0.0
train__05__05_3__Path1,train,05,05.3,05/05.3/Radargrams/Path1.sgy,remove_bottom_band,rendered/remove_bottom_band/train__05__05_3__Path1__remove_bottom_band.png,0.9999999140249335,6.346041573124239e-06,3.721423854585737e-05,0.0,0.00013538221537601203,6.164574006106704e-05,0.0
train__05__05_3__Path1,train,05,05.3,05/05.3/Radargrams/Path1.sgy,remove_border,rendered/remove_border/train__05__05_3__Path1__remove_border.png,0.9839966103780015,0.0019586600828915834,0.01603739708662033,0.03548391908407211,0.00011358203482814133,0.018987830728292465,0.0
train__05__05_3__Path1,train,05,05.3,05/05.3/Radargrams/Path1.sgy,time_reverse,rendered/time_reverse/train__05__05_3__Path1__time_reverse.png,-5.08626058183525e-05,0.0579373724758625,0.12661957740783691,0.03552505746483803,0.03552505373954773,0.0378788560628891,0.0602414570748806
train__05__05_4__Path1,train,05,05.4,05/05.4/Radargrams/Path1.sgy,original,rendered/original/train__05__05_4__Path1__original.png,1.0,0.0,0.0,0.0,0.0,0.0,0.0
train__05__05_4__Path1,train,05,05.4,05/05.4/Radargrams/Path1.sgy,log_clip,rendered/log_clip/train__05__05_4__Path1__log_clip.png,0.5771003340572098,0.19659481942653656,0.21584831178188324,0.2628290355205536,0.10118091851472855,0.1966971904039383,0.1962449550628662
train__05__05_4__Path1,train,05,05.4,05/05.4/Radargrams/Path1.sgy,zscore_clip,rendered/zscore_clip/train__05__05_4__Path1__zscore_clip.png,0.9657625323820671,0.017819784581661224,0.04716886207461357,0.03954215347766876,0.00016714635421521962,0.01902184821665287,0.017407501116394997
train__05__05_4__Path1,train,05,05.4,05/05.4/Radargrams/Path1.sgy,amplitude_jitter,rendered/amplitude_jitter/train__05__05_4__Path1__amplitude_jitter.png,0.9999999999999662,1.3932546671924229e-08,2.539429466708043e-08,1.4174002416211806e-08,9.592902472377318e-09,1.3204164872604451e-08,1.4161241068677555e-08
train__05__05_4__Path1,train,05,05.4,05/05.4/Radargrams/Path1.sgy,remove_top_band,rendered/remove_top_band/train__05__05_4__Path1__remove_top_band.png,0.9476878608090422,0.005201514810323715,0.027455074712634087,0.11096564680337906,0.0,0.020398179069161415,0.00047901523066684604
train__05__05_4__Path1,train,05,05.4,05/05.4/Radargrams/Path1.sgy,remove_bottom_band,rendered/remove_bottom_band/train__05__05_4__Path1__remove_bottom_band.png,0.9999998828388508,7.153094429668272e-06,4.0229504520539194e-05,0.0,0.00015259934298228472,2.945074811577797e-05,3.2805738214847224e-07
train__05__05_4__Path1,train,05,05.4,05/05.4/Radargrams/Path1.sgy,remove_border,rendered/remove_border/train__05__05_4__Path1__remove_border.png,0.885510278924983,0.0068524982780218124,0.038628820329904556,0.03641700744628906,0.00013871236296836287,0.02531338296830654,0.0
train__05__05_4__Path1,train,05,05.4,05/05.4/Radargrams/Path1.sgy,time_reverse,rendered/time_reverse/train__05__05_4__Path1__time_reverse.png,-6.405731396378623e-05,0.053831446915864944,0.11751275509595871,0.039289504289627075,0.039289504289627075,0.05027194693684578,0.054885927587747574
train__05__05_5__Path1,train,05,05.5,05/05.5/Radargrams/Path1.sgy,original,rendered/original/train__05__05_5__Path1__original.png,1.0,0.0,0.0,0.0,0.0,0.0,0.0
train__05__05_5__Path1,train,05,05.5,05/05.5/Radargrams/Path1.sgy,log_clip,rendered/log_clip/train__05__05_5__Path1__log_clip.png,0.5854822858734156,0.2053920328617096,0.2238428145647049,0.26078227162361145,0.10228317230939865,0.18268242478370667,0.20805737376213074
train__05__05_5__Path1,train,05,05.5,05/05.5/Radargrams/Path1.sgy,zscore_clip,rendered/zscore_clip/train__05__05_5__Path1__zscore_clip.png,0.9657350969962031,0.021586980670690536,0.053034648299217224,0.04508953168988228,0.0002550568606238812,0.022431306540966034,0.021488167345523834
train__05__05_5__Path1,train,05,05.5,05/05.5/Radargrams/Path1.sgy,amplitude_jitter,rendered/amplitude_jitter/train__05__05_5__Path1__amplitude_jitter.png,0.9999999999999565,1.4129423853148637e-08,2.5530178859867192e-08,1.4929632641269563e-08,1.0103968328678548e-08,1.2617383582380626e-08,1.4306524853680003e-08
train__05__05_5__Path1,train,05,05.5,05/05.5/Radargrams/Path1.sgy,remove_top_band,rendered/remove_top_band/train__05__05_5__Path1__remove_top_band.png,0.9520276376196432,0.004610068164765835,0.02452513389289379,0.09834811836481094,0.0,0.04399646446108818,0.0
train__05__05_5__Path1,train,05,05.5,05/05.5/Radargrams/Path1.sgy,remove_bottom_band,rendered/remove_bottom_band/train__05__05_5__Path1__remove_bottom_band.png,0.9999996843025054,9.896094525174703e-06,6.210462015587837e-05,0.0,0.00021111669775564224,9.407591278431937e-05,0.0
train__05__05_5__Path1,train,05,05.5,05/05.5/Radargrams/Path1.sgy,remove_border,rendered/remove_border/train__05__05_5__Path1__remove_border.png,0.9789648224896589,0.0021759953815490007,0.016010550782084465,0.039661068469285965,0.0001678705302765593,0.020698001608252525,0.0
train__05__05_5__Path1,train,05,05.5,05/05.5/Radargrams/Path1.sgy,time_reverse,rendered/time_reverse/train__05__05_5__Path1__time_reverse.png,-7.802298768685356e-05,0.05344349890947342,0.11043921858072281,0.039721645414829254,0.039721645414829254,0.041266534477472305,0.054871171712875366
train__05__05_6__Path1,train,05,05.6,05/05.6/Radargrams/Path1.sgy,original,rendered/original/train__05__05_6__Path1__original.png,1.0,0.0,0.0,0.0,0.0,0.0,0.0
train__05__05_6__Path1,train,05,05.6,05/05.6/Radargrams/Path1.sgy,log_clip,rendered/log_clip/train__05__05_6__Path1__log_clip.png,0.5850927252811329,0.19835834205150604,0.21856622397899628,0.26217007637023926,0.09128857403993607,0.17870672047138214,0.2007816582918167
train__05__05_6__Path1,train,05,05.6,05/05.6/Radargrams/Path1.sgy,zscore_clip,rendered/zscore_clip/train__05__05_6__Path1__zscore_clip.png,0.971835944353396,0.017276795580983162,0.042889587581157684,0.0329192690551281,0.001584489131346345,0.017305888235569,0.017271243035793304
train__05__05_6__Path1,train,05,05.6,05/05.6/Radargrams/Path1.sgy,amplitude_jitter,rendered/amplitude_jitter/train__05__05_6__Path1__amplitude_jitter.png,0.9999999999999689,2.154793854458603e-08,3.197167330881712e-08,2.0363826180869182e-08,1.862052911860701e-08,1.972600216504361e-08,2.1771727531927354e-08
train__05__05_6__Path1,train,05,05.6,05/05.6/Radargrams/Path1.sgy,remove_top_band,rendered/remove_top_band/train__05__05_6__Path1__remove_top_band.png,0.9505853970574568,0.005743867252022028,0.028897766023874283,0.1225358322262764,0.0,0.05255405977368355,0.0
train__05__05_6__Path1,train,05,05.6,05/05.6/Radargrams/Path1.sgy,remove_bottom_band,rendered/remove_bottom_band/train__05__05_6__Path1__remove_bottom_band.png,0.999999846244904,7.484309207939077e-06,4.980473386240192e-05,0.0,0.0001596652582520619,6.83767138980329e-05,0.0
train__05__05_6__Path1,train,05,05.6,05/05.6/Radargrams/Path1.sgy,remove_border,rendered/remove_border/train__05__05_6__Path1__remove_border.png,0.981036259475702,0.002209332538768649,0.01744743064045906,0.03642769902944565,0.00013465025404002517,0.020093748345971107,0.0
train__05__05_6__Path1,train,05,05.6,05/05.6/Radargrams/Path1.sgy,time_reverse,rendered/time_reverse/train__05__05_6__Path1__time_reverse.png,-0.0005063745927918117,0.05980053171515465,0.12675757706165314,0.036464590579271317,0.036464594304561615,0.04006420448422432,0.0622217133641243
train__05__05_7__Path1,train,05,05.7,05/05.7/Radargrams/Path1.sgy,original,rendered/original/train__05__05_7__Path1__original.png,1.0,0.0,0.0,0.0,0.0,0.0,0.0
train__05__05_7__Path1,train,05,05.7,05/05.7/Radargrams/Path1.sgy,log_clip,rendered/log_clip/train__05__05_7__Path1__log_clip.png,0.5813109717799971,0.20045499503612518,0.21931414306163788,0.275967001914978,0.11570783704519272,0.19762639701366425,0.2010989487171173
train__05__05_7__Path1,train,05,05.7,05/05.7/Radargrams/Path1.sgy,zscore_clip,rendered/zscore_clip/train__05__05_7__Path1__zscore_clip.png,0.9732962871751197,0.023856472223997116,0.04371843859553337,0.04191001132130623,0.011255287565290928,0.02548186480998993,0.023251041769981384
train__05__05_7__Path1,train,05,05.7,05/05.7/Radargrams/Path1.sgy,amplitude_jitter,rendered/amplitude_jitter/train__05__05_7__Path1__amplitude_jitter.png,0.9999999999999672,1.0981350939687218e-08,2.475128013657013e-08,1.0914727788247092e-08,1.098934010457242e-08,1.0898626001676348e-08,1.0994838817168784e-08
train__05__05_7__Path1,train,05,05.7,05/05.7/Radargrams/Path1.sgy,remove_top_band,rendered/remove_top_band/train__05__05_7__Path1__remove_top_band.png,0.9435810495455251,0.0064384546130895615,0.03164977207779884,0.13735370337963104,0.0,0.025002745911478996,0.00037010220694355667
train__05__05_7__Path1,train,05,05.7,05/05.7/Radargrams/Path1.sgy,remove_bottom_band,rendered/remove_bottom_band/train__05__05_7__Path1__remove_bottom_band.png,0.9999996989899043,1.1909273780474905e-05,7.133393955882639e-05,0.0,0.00025406450731679797,4.471643842407502e-05,8.906435482458619e-07
train__05__05_7__Path1,train,05,05.7,05/05.7/Radargrams/Path1.sgy,remove_border,rendered/remove_border/train__05__05_7__Path1__remove_border.png,0.9016227665345115,0.0163109228014946,0.04113404452800751,0.044846661388874054,0.009863010607659817,0.033029500395059586,0.009992598555982113
train__05__05_7__Path1,train,05,05.7,05/05.7/Radargrams/Path1.sgy,time_reverse,rendered/time_reverse/train__05__05_7__Path1__time_reverse.png,-0.0006938559321303847,0.06051129102706909,0.12941423058509827,0.037295907735824585,0.037295907735824585,0.05022292584180832,0.06391286849975586
train__05__05_8__Path1,train,05,05.8,05/05.8/Radargrams/Path1.sgy,original,rendered/original/train__05__05_8__Path1__original.png,1.0,0.0,0.0,0.0,0.0,0.0,0.0
train__05__05_8__Path1,train,05,05.8,05/05.8/Radargrams/Path1.sgy,log_clip,rendered/log_clip/train__05__05_8__Path1__log_clip.png,0.56164237340734,0.2026790827512741,0.22113032639026642,0.25700923800468445,0.10053063929080963,0.18171505630016327,0.20522089302539825
train__05__05_8__Path1,train,05,05.8,05/05.8/Radargrams/Path1.sgy,zscore_clip,rendered/zscore_clip/train__05__05_8__Path1__zscore_clip.png,0.9650413242964598,0.017145022749900818,0.044617485255002975,0.039973970502614975,0.0006649747374467552,0.01994914561510086,0.01680789701640606
train__05__05_8__Path1,train,05,05.8,05/05.8/Radargrams/Path1.sgy,amplitude_jitter,rendered/amplitude_jitter/train__05__05_8__Path1__amplitude_jitter.png,0.9999999999999664,1.4195977726672027e-08,2.5613571708049676e-08,1.5657860785722733e-08,9.949550516807903e-09,1.2996345333249337e-08,1.434213547923946e-08
train__05__05_8__Path1,train,05,05.8,05/05.8/Radargrams/Path1.sgy,remove_top_band,rendered/remove_top_band/train__05__05_8__Path1__remove_top_band.png,0.9651082367404037,0.004087057430297136,0.022337354719638824,0.08719056099653244,0.0,0.03808911517262459,0.0
train__05__05_8__Path1,train,05,05.8,05/05.8/Radargrams/Path1.sgy,remove_bottom_band,rendered/remove_bottom_band/train__05__05_8__Path1__remove_bottom_band.png,0.9999997529098751,8.91942090675002e-06,5.8819477999350056e-05,0.0,0.00019028098904527724,8.311268902616575e-05,0.0
train__05__05_8__Path1,train,05,05.8,05/05.8/Radargrams/Path1.sgy,remove_border,rendered/remove_border/train__05__05_8__Path1__remove_border.png,0.9790792554606313,0.002260052366182208,0.017101962119340897,0.03987334296107292,0.00016166204295586795,0.020991120487451553,0.0
train__05__05_8__Path1,train,05,05.8,05/05.8/Radargrams/Path1.sgy,time_reverse,rendered/time_reverse/train__05__05_8__Path1__time_reverse.png,-0.00020843522402167922,0.05348758399486542,0.11827532202005386,0.039837781339883804,0.039837781339883804,0.04175126180052757,0.05490085110068321
train__05__05_9__Path1,train,05,05.9,05/05.9/Radargrams/Path1.sgy,original,rendered/original/train__05__05_9__Path1__original.png,1.0,0.0,0.0,0.0,0.0,0.0,0.0
train__05__05_9__Path1,train,05,05.9,05/05.9/Radargrams/Path1.sgy,log_clip,rendered/log_clip/train__05__05_9__Path1__log_clip.png,0.5866180741277915,0.19273214042186737,0.2129218578338623,0.25758281350135803,0.09838958084583282,0.18027053773403168,0.19423070549964905
train__05__05_9__Path1,train,05,05.9,05/05.9/Radargrams/Path1.sgy,zscore_clip,rendered/zscore_clip/train__05__05_9__Path1__zscore_clip.png,0.9650026550693954,0.02010612189769745,0.05298522114753723,0.03564295172691345,0.0007253210060298443,0.01858261227607727,0.02028900384902954
train__05__05_9__Path1,train,05,05.9,05/05.9/Radargrams/Path1.sgy,amplitude_jitter,rendered/amplitude_jitter/train__05__05_9__Path1__amplitude_jitter.png,0.9999999999999527,2.1364206403973185e-08,3.1728838223443745e-08,2.008577659751154e-08,1.917868708289916e-08,1.986603948012089e-08,2.1544497741388113e-08
train__05__05_9__Path1,train,05,05.9,05/05.9/Radargrams/Path1.sgy,remove_top_band,rendered/remove_top_band/train__05__05_9__Path1__remove_top_band.png,0.9279602025990896,0.006220714654773474,0.031014572829008102,0.1327085793018341,0.0,0.05708464980125427,0.0
train__05__05_9__Path1,train,05,05.9,05/05.9/Radargrams/Path1.sgy,remove_bottom_band,rendered/remove_bottom_band/train__05__05_9__Path1__remove_bottom_band.png,0.9999962025817546,1.606066507520154e-05,0.0002168464270653203,0.0,0.00034262752160429955,0.00014576080138795078,0.0
train__05__05_9__Path1,train,05,05.9,05/05.9/Radargrams/Path1.sgy,remove_border,rendered/remove_border/train__05__05_9__Path1__remove_border.png,0.982855835662967,0.0018709424184635282,0.014577074907720089,0.031351394951343536,0.000258034240687266,0.017104292288422585,0.0
train__05__05_9__Path1,train,05,05.9,05/05.9/Radargrams/Path1.sgy,time_reverse,rendered/time_reverse/train__05__05_9__Path1__time_reverse.png,0.00028051539888459913,0.05126594752073288,0.11126210540533066,0.03141538053750992,0.03141538053750992,0.033974140882492065,0.05337384715676308
train__06__06_1__Path1,train,06,06.1,06/06.1/Radargrams/Path1.sgy,original,rendered/original/train__06__06_1__Path1__original.png,1.0,0.0,0.0,0.0,0.0,0.0,0.0
train__06__06_1__Path1,train,06,06.1,06/06.1/Radargrams/Path1.sgy,log_clip,rendered/log_clip/train__06__06_1__Path1__log_clip.png,0.5801782190430927,0.19525904953479767,0.21619516611099243,0.24855302274227142,0.09402944892644882,0.1840190589427948,0.19910764694213867
train__06__06_1__Path1,train,06,06.1,06/06.1/Radargrams/Path1.sgy,zscore_clip,rendered/zscore_clip/train__06__06_1__Path1__zscore_clip.png,0.9674342926007569,0.017650917172431946,0.04597121477127075,0.0777568519115448,0.0006699564983136952,0.024645712226629257,0.01543787308037281
train__06__06_1__Path1,train,06,06.1,06/06.1/Radargrams/Path1.sgy,amplitude_jitter,rendered/amplitude_jitter/train__06__06_1__Path1__amplitude_jitter.png,0.9999999999999621,2.1355997859018316e-08,3.18137445276534e-08,2.4153516520186713e-08,1.7443124278315736e-08,2.1345192280364245e-08,2.1356719059895113e-08
train__06__06_1__Path1,train,06,06.1,06/06.1/Radargrams/Path1.sgy,remove_top_band,rendered/remove_top_band/train__06__06_1__Path1__remove_top_band.png,0.7107155626453044,0.010472343303263187,0.0635053962469101,0.2234099954366684,0.0,0.04404763504862785,0.0
train__06__06_1__Path1,train,06,06.1,06/06.1/Radargrams/Path1.sgy,remove_bottom_band,rendered/remove_bottom_band/train__06__06_1__Path1__remove_bottom_band.png,0.9999997370770745,1.022734068101272e-05,6.210093852132559e-05,0.0,0.00021818325330968946,4.5704673539148644e-05,0.0
train__06__06_1__Path1,train,06,06.1,06/06.1/Radargrams/Path1.sgy,remove_border,rendered/remove_border/train__06__06_1__Path1__remove_border.png,0.7675081123285707,0.010599066503345966,0.05441328138113022,0.14005744457244873,0.00014053047925699502,0.04202520102262497,0.0
train__06__06_1__Path1,train,06,06.1,06/06.1/Radargrams/Path1.sgy,time_reverse,rendered/time_reverse/train__06__06_1__Path1__time_reverse.png,-0.000214104056517544,0.05534439906477928,0.11991292983293533,0.14006738364696503,0.14006736874580383,0.08375696837902069,0.046524204313755035
train__06__06_2__Path1,train,06,06.2,06/06.2/Radargrams/Path1.sgy,original,rendered/original/train__06__06_2__Path1__original.png,1.0,0.0,0.0,0.0,0.0,0.0,0.0
train__06__06_2__Path1,train,06,06.2,06/06.2/Radargrams/Path1.sgy,log_clip,rendered/log_clip/train__06__06_2__Path1__log_clip.png,0.5948600962356564,0.19442397356033325,0.21591731905937195,0.24650108814239502,0.09772393852472305,0.19813598692417145,0.1927323341369629
train__06__06_2__Path1,train,06,06.2,06/06.2/Radargrams/Path1.sgy,zscore_clip,rendered/zscore_clip/train__06__06_2__Path1__zscore_clip.png,0.9695725603195343,0.018080169335007668,0.045801397413015366,0.028913944959640503,0.000863139342982322,0.01812652312219143,0.01792946830391884
train__06__06_2__Path1,train,06,06.2,06/06.2/Radargrams/Path1.sgy,amplitude_jitter,rendered/amplitude_jitter/train__06__06_2__Path1__amplitude_jitter.png,0.9999999999999715,1.3586265446008383e-08,2.4840717927077094e-08,1.3097904982828368e-08,9.604770312421351e-09,1.3322932090886752e-08,1.3628998374315415e-08
train__06__06_2__Path1,train,06,06.2,06/06.2/Radargrams/Path1.sgy,remove_top_band,rendered/remove_top_band/train__06__06_2__Path1__remove_top_band.png,0.9514519304769119,0.0055417087860405445,0.02808265946805477,0.11822311580181122,0.0,0.021665578708052635,0.00043451294186525047
train__06__06_2__Path1,train,06,06.2,06/06.2/Radargrams/Path1.sgy,remove_bottom_band,rendered/remove_bottom_band/train__06__06_2__Path1__remove_bottom_band.png,0.9999995956705011,1.0695282981032506e-05,7.888182153692469e-05,0.0,0.00022816604177933186,4.902670480078086e-05,4.920525498164352e-07
train__06__06_2__Path1,train,06,06.2,06/06.2/Radargrams/Path1.sgy,remove_border,rendered/remove_border/train__06__06_2__Path1__remove_border.png,0.8663670827186201,0.007900734432041645,0.04380492493510246,0.02726101502776146,0.00017367392138112336,0.028083834797143936,0.0
train__06__06_2__Path1,train,06,06.2,06/06.2/Radargrams/Path1.sgy,time_reverse,rendered/time_reverse/train__06__06_2__Path1__time_reverse.png,-0.0002352909348395002,0.05906547233462334,0.12403418868780136,0.031165407970547676,0.031165409833192825,0.0556400790810585,0.05962193384766579
train__06__06_3__Path1,train,06,06.3,06/06.3/Radargrams/Path1.sgy,original,rendered/original/train__06__06_3__Path1__original.png,1.0,0.0,0.0,0.0,0.0,0.0,0.0
train__06__06_3__Path1,train,06,06.3,06/06.3/Radargrams/Path1.sgy,log_clip,rendered/log_clip/train__06__06_3__Path1__log_clip.png,0.5948621903315722,0.20361894369125366,0.2227276861667633,0.24179258942604065,0.09105436503887177,0.18442173302173615,0.21026097238063812
train__06__06_3__Path1,train,06,06.3,06/06.3/Radargrams/Path1.sgy,zscore_clip,rendered/zscore_clip/train__06__06_3__Path1__zscore_clip.png,0.9700966501018408,0.019791968166828156,0.04890812188386917,0.08079441636800766,0.0006844342569820583,0.025527335703372955,0.01809086836874485
train__06__06_3__Path1,train,06,06.3,06/06.3/Radargrams/Path1.sgy,amplitude_jitter,rendered/amplitude_jitter/train__06__06_3__Path1__amplitude_jitter.png,0.9999999999999654,2.0138958944926344e-08,3.004863913247391e-08,2.6151537824148363e-08,2.0638108111370457e-08,2.101602447623918e-08,1.992263598538102e-08
train__06__06_3__Path1,train,06,06.3,06/06.3/Radargrams/Path1.sgy,remove_top_band,rendered/remove_top_band/train__06__06_3__Path1__remove_top_band.png,0.6937742043323787,0.010994508862495422,0.06595365703105927,0.23454952239990234,0.0,0.044995374977588654,0.0
train__06__06_3__Path1,train,06,06.3,06/06.3/Radargrams/Path1.sgy,remove_bottom_band,rendered/remove_bottom_band/train__06__06_3__Path1__remove_bottom_band.png,0.9999998466878735,7.745001312287059e-06,4.76812019769568e-05,0.0,0.00016522670921403915,3.284298873040825e-05,0.0
train__06__06_3__Path1,train,06,06.3,06/06.3/Radargrams/Path1.sgy,remove_border,rendered/remove_border/train__06__06_3__Path1__remove_border.png,0.7619371710501336,0.011083971709012985,0.05568541958928108,0.1488189548254013,0.00012868165504187346,0.04309606924653053,0.0
train__06__06_3__Path1,train,06,06.3,06/06.3/Radargrams/Path1.sgy,time_reverse,rendered/time_reverse/train__06__06_3__Path1__time_reverse.png,-4.584457351473626e-06,0.05963192507624626,0.12139569967985153,0.14883002638816833,0.14883001148700714,0.08586529642343521,0.051287874579429626
train__06__06_4__Path1,train,06,06.4,06/06.4/Radargrams/Path1.sgy,original,rendered/original/train__06__06_4__Path1__original.png,1.0,0.0,0.0,0.0,0.0,0.0,0.0
train__06__06_4__Path1,train,06,06.4,06/06.4/Radargrams/Path1.sgy,log_clip,rendered/log_clip/train__06__06_4__Path1__log_clip.png,0.5835060611955544,0.20724545419216156,0.2255515456199646,0.2598246932029724,0.10522628575563431,0.20239567756652832,0.20905844867229462
train__06__06_4__Path1,train,06,06.4,06/06.4/Radargrams/Path1.sgy,zscore_clip,rendered/zscore_clip/train__06__06_4__Path1__zscore_clip.png,0.9720381375301652,0.01782057248055935,0.044293683022260666,0.0704209953546524,0.0012558457674458623,0.018793756142258644,0.017626231536269188
train__06__06_4__Path1,train,06,06.4,06/06.4/Radargrams/Path1.sgy,amplitude_jitter,rendered/amplitude_jitter/train__06__06_4__Path1__amplitude_jitter.png,0.9999999999999739,1.4090339561789733e-08,2.5465903163990333e-08,1.7337189461841263e-08,9.832323399905363e-09,1.3347584371103949e-08,1.4288740857182347e-08
train__06__06_4__Path1,train,06,06.4,06/06.4/Radargrams/Path1.sgy,remove_top_band,rendered/remove_top_band/train__06__06_4__Path1__remove_top_band.png,0.7786044677369247,0.009823670610785484,0.05979969725012779,0.20957165956497192,0.0,0.022091656923294067,0.006154827773571014
train__06__06_4__Path1,train,06,06.4,06/06.4/Radargrams/Path1.sgy,remove_bottom_band,rendered/remove_bottom_band/train__06__06_4__Path1__remove_bottom_band.png,0.9999996339745875,1.3511690667655785e-05,7.815029675839469e-05,0.0,0.00028824940090999007,4.956789780408144e-05,3.7462232285179198e-06
train__06__06_4__Path1,train,06,06.4,06/06.4/Radargrams/Path1.sgy,remove_border,rendered/remove_border/train__06__06_4__Path1__remove_border.png,0.86717368363357,0.008036487735807896,0.04506080970168114,0.0623246505856514,0.00015385948063340038,0.03166041523218155,0.0
train__06__06_4__Path1,train,06,06.4,06/06.4/Radargrams/Path1.sgy,time_reverse,rendered/time_reverse/train__06__06_4__Path1__time_reverse.png,-0.00026093826787519913,0.06201690807938576,0.1279618740081787,0.12970538437366486,0.12970538437366486,0.06285987794399261,0.06167856976389885
train__06__06_5__Path1,train,06,06.5,06/06.5/Radargrams/Path1.sgy,original,rendered/original/train__06__06_5__Path1__original.png,1.0,0.0,0.0,0.0,0.0,0.0,0.0
train__06__06_5__Path1,train,06,06.5,06/06.5/Radargrams/Path1.sgy,log_clip,rendered/log_clip/train__06__06_5__Path1__log_clip.png,0.5864387498409614,0.20893529057502747,0.22722604870796204,0.24581974744796753,0.10396108031272888,0.20498333871364594,0.2099776268005371
train__06__06_5__Path1,train,06,06.5,06/06.5/Radargrams/Path1.sgy,zscore_clip,rendered/zscore_clip/train__06__06_5__Path1__zscore_clip.png,0.9732846172964441,0.01907120645046234,0.047049470245838165,0.07683230936527252,0.0006754264468327165,0.022009504958987236,0.01820945367217064
train__06__06_5__Path1,train,06,06.5,06/06.5/Radargrams/Path1.sgy,amplitude_jitter,rendered/amplitude_jitter/train__06__06_5__Path1__amplitude_jitter.png,0.9999999999999772,9.616694107705825e-09,2.0312814541512125e-08,1.3285276878605146e-08,7.52222106825684e-09,9.449601101607641e-09,9.656414334813235e-09
train__06__06_5__Path1,train,06,06.5,06/06.5/Radargrams/Path1.sgy,remove_top_band,rendered/remove_top_band/train__06__06_5__Path1__remove_top_band.png,0.6832365663692678,0.01204740535467863,0.07034939527511597,0.2570113241672516,0.0,0.02318192645907402,0.008895973674952984
train__06__06_5__Path1,train,06,06.5,06/06.5/Radargrams/Path1.sgy,remove_bottom_band,rendered/remove_bottom_band/train__06__06_5__Path1__remove_bottom_band.png,0.9999996230604448,1.2260819858056493e-05,7.649964391021058e-05,0.0,0.00026156415697187185,4.0495331631973386e-05,4.819118657906074e-06
train__06__06_5__Path1,train,06,06.5,06/06.5/Radargrams/Path1.sgy,remove_border,rendered/remove_border/train__06__06_5__Path1__remove_border.png,0.896739945619245,0.007294648792594671,0.03889699652791023,0.056346118450164795,0.00012356154911685735,0.03037000074982643,0.0
train__06__06_5__Path1,train,06,06.5,06/06.5/Radargrams/Path1.sgy,time_reverse,rendered/time_reverse/train__06__06_5__Path1__time_reverse.png,5.159163001765882e-05,0.061002351343631744,0.124227374792099,0.1417858898639679,0.1417858898639679,0.06017766892910004,0.06122170761227608
train__06__06_6__Path1,train,06,06.6,06/06.6/Radargrams/Path1.sgy,original,rendered/original/train__06__06_6__Path1__original.png,1.0,0.0,0.0,0.0,0.0,0.0,0.0
train__06__06_6__Path1,train,06,06.6,06/06.6/Radargrams/Path1.sgy,log_clip,rendered/log_clip/train__06__06_6__Path1__log_clip.png,0.582106608782977,0.20734888315200806,0.2255808264017105,0.28557008504867554,0.08962144702672958,0.20202048122882843,0.20884111523628235
train__06__06_6__Path1,train,06,06.6,06/06.6/Radargrams/Path1.sgy,zscore_clip,rendered/zscore_clip/train__06__06_6__Path1__zscore_clip.png,0.9670842641076955,0.022213313728570938,0.054720260202884674,0.06717916578054428,0.0006152060232125223,0.02475818805396557,0.021387405693531036
train__06__06_6__Path1,train,06,06.6,06/06.6/Radargrams/Path1.sgy,amplitude_jitter,rendered/amplitude_jitter/train__06__06_6__Path1__amplitude_jitter.png,0.9999999999999649,8.665654860351424e-09,1.9855367128229773e-08,9.988991855891527e-09,4.603443404249674e-09,8.214501079351066e-09,8.794255101918225e-09
train__06__06_6__Path1,train,06,06.6,06/06.6/Radargrams/Path1.sgy,remove_top_band,rendered/remove_top_band/train__06__06_6__Path1__remove_top_band.png,0.9280170114171633,0.0051436647772789,0.030003879219293594,0.109731525182724,0.0,0.014393366873264313,0.0024847593158483505
train__06__06_6__Path1,train,06,06.6,06/06.6/Radargrams/Path1.sgy,remove_bottom_band,rendered/remove_bottom_band/train__06__06_6__Path1__remove_bottom_band.png,0.9999997866510543,8.01222904556198e-06,5.036652510170825e-05,0.0,0.00017092755297198892,2.7184765713172965e-05,2.2826873191661434e-06
train__06__06_6__Path1,train,06,06.6,06/06.6/Radargrams/Path1.sgy,remove_border,rendered/remove_border/train__06__06_6__Path1__remove_border.png,0.8671554006260782,0.007146760821342468,0.038408610969781876,0.03890965133905411,9.954998677130789e-05,0.027749883010983467,0.0
train__06__06_6__Path1,train,06,06.6,06/06.6/Radargrams/Path1.sgy,time_reverse,rendered/time_reverse/train__06__06_6__Path1__time_reverse.png,0.00022149180238955062,0.052784308791160583,0.10900123417377472,0.05915205180644989,0.05915205180644989,0.055147308856248856,0.05180780589580536
train__07__07_1__Path1,train,07,07.1,07/07.1/Radargrams/Path1.sgy,original,rendered/original/train__07__07_1__Path1__original.png,0.9999999999999998,0.0,0.0,0.0,0.0,0.0,0.0
train__07__07_1__Path1,train,07,07.1,07/07.1/Radargrams/Path1.sgy,log_clip,rendered/log_clip/train__07__07_1__Path1__log_clip.png,0.5621193507117465,0.18792875111103058,0.20845270156860352,0.2684742510318756,0.08098404854536057,0.185228630900383,0.18846143782138824
train__07__07_1__Path1,train,07,07.1,07/07.1/Radargrams/Path1.sgy,zscore_clip,rendered/zscore_clip/train__07__07_1__Path1__zscore_clip.png,0.9636566657239759,0.018668707460165024,0.05098194628953934,0.08932262659072876,0.00020675442647188902,0.015569102019071579,0.019395815208554268
train__07__07_1__Path1,train,07,07.1,07/07.1/Radargrams/Path1.sgy,amplitude_jitter,rendered/amplitude_jitter/train__07__07_1__Path1__amplitude_jitter.png,0.9999999999999626,1.2259811832393552e-08,2.2842090885433208e-08,1.4513109825031734e-08,6.247622419408572e-09,1.1701962954191458e-08,1.2396379034385063e-08
train__07__07_1__Path1,train,07,07.1,07/07.1/Radargrams/Path1.sgy,remove_top_band,rendered/remove_top_band/train__07__07_1__Path1__remove_top_band.png,0.806576026861567,0.00735925417393446,0.045116011053323746,0.1569974422454834,0.0,0.015175610780715942,0.005685569252818823
train__07__07_1__Path1,train,07,07.1,07/07.1/Radargrams/Path1.sgy,remove_bottom_band,rendered/remove_bottom_band/train__07__07_1__Path1__remove_bottom_band.png,0.9999998954503535,5.486936061060987e-06,3.286868741270155e-05,0.0,0.00011705463839462027,1.3247899914858863e-05,3.918593847629381e-06
train__07__07_1__Path1,train,07,07.1,07/07.1/Radargrams/Path1.sgy,remove_border,rendered/remove_border/train__07__07_1__Path1__remove_border.png,0.8632986936260076,0.016465002670884132,0.03835197165608406,0.02813420444726944,0.012415613047778606,0.0315837562084198,0.01241875160485506
train__07__07_1__Path1,train,07,07.1,07/07.1/Radargrams/Path1.sgy,time_reverse,rendered/time_reverse/train__07__07_1__Path1__time_reverse.png,-9.89778638084872e-05,0.043551016598939896,0.10163149982690811,0.0919404998421669,0.0919404923915863,0.044072143733501434,0.04318104311823845
train__07__07_2__Path1,train,07,07.2,07/07.2/Radargrams/Path1.sgy,original,rendered/original/train__07__07_2__Path1__original.png,1.0,0.0,0.0,0.0,0.0,0.0,0.0
train__07__07_2__Path1,train,07,07.2,07/07.2/Radargrams/Path1.sgy,log_clip,rendered/log_clip/train__07__07_2__Path1__log_clip.png,0.5792075840576519,0.19356614351272583,0.21726451814174652,0.2907140851020813,0.09144651889801025,0.18802456557750702,0.19530366361141205
train__07__07_2__Path1,train,07,07.2,07/07.2/Radargrams/Path1.sgy,zscore_clip,rendered/zscore_clip/train__07__07_2__Path1__zscore_clip.png,0.9308890440790749,0.0576895996928215,0.08374886959791183,0.20742765069007874,0.03733130544424057,0.06635807454586029,0.05545956268906593
train__07__07_2__Path1,train,07,07.2,07/07.2/Radargrams/Path1.sgy,amplitude_jitter,rendered/amplitude_jitter/train__07__07_2__Path1__amplitude_jitter.png,0.999999999999922,1.2180922936977367e-08,1.9561339215101725e-08,1.3146311594880444e-08,1.19262892894767e-08,1.2029184759398959e-08,1.2222272971484927e-08
train__07__07_2__Path1,train,07,07.2,07/07.2/Radargrams/Path1.sgy,remove_top_band,rendered/remove_top_band/train__07__07_2__Path1__remove_top_band.png,0.587981031663672,0.11626199632883072,0.12277263402938843,0.2099677324295044,0.11136504262685776,0.11754108220338821,0.11604759097099304
train__07__07_2__Path1,train,07,07.2,07/07.2/Radargrams/Path1.sgy,remove_bottom_band,rendered/remove_bottom_band/train__07__07_2__Path1__remove_bottom_band.png,0.9999997118343813,5.452490768220741e-06,3.645606921054423e-05,0.0,0.00011631980305537581,2.1647518224199302e-05,1.718324369903712e-06
train__07__07_2__Path1,train,07,07.2,07/07.2/Radargrams/Path1.sgy,remove_border,rendered/remove_border/train__07__07_2__Path1__remove_border.png,0.7455611769301912,0.0790921226143837,0.08277599513530731,0.09131284058094025,0.0779259204864502,0.0848594605922699,0.07755424827337265
train__07__07_2__Path1,train,07,07.2,07/07.2/Radargrams/Path1.sgy,time_reverse,rendered/time_reverse/train__07__07_2__Path1__time_reverse.png,-3.346261894153681e-05,0.03156920522451401,0.06750908493995667,0.12813350558280945,0.12813350558280945,0.05022111162543297,0.026892120018601418
train__07__07_3__Path1,train,07,07.3,07/07.3/Radargrams/Path1.sgy,original,rendered/original/train__07__07_3__Path1__original.png,1.0,0.0,0.0,0.0,0.0,0.0,0.0
train__07__07_3__Path1,train,07,07.3,07/07.3/Radargrams/Path1.sgy,log_clip,rendered/log_clip/train__07__07_3__Path1__log_clip.png,0.5749102725054023,0.18396347761154175,0.21036119759082794,0.29220569133758545,0.06998368352651596,0.1824791431427002,0.18416979908943176
train__07__07_3__Path1,train,07,07.3,07/07.3/Radargrams/Path1.sgy,zscore_clip,rendered/zscore_clip/train__07__07_3__Path1__zscore_clip.png,0.923631587693409,0.030822550877928734,0.07645414024591446,0.17809678614139557,0.0014292309060692787,0.0752275139093399,0.024738846346735954
train__07__07_3__Path1,train,07,07.3,07/07.3/Radargrams/Path1.sgy,amplitude_jitter,rendered/amplitude_jitter/train__07__07_3__Path1__amplitude_jitter.png,0.9999999999999043,1.1769185626064882e-08,2.3138767346608802e-08,1.3756982220058944e-08,4.924816998652659e-09,1.0026575125721138e-08,1.20104042267144e-08
train__07__07_3__Path1,train,07,07.3,07/07.3/Radargrams/Path1.sgy,remove_top_band,rendered/remove_top_band/train__07__07_3__Path1__remove_top_band.png,0.567046000949329,0.006592342630028725,0.04109543561935425,0.1406366378068924,0.0,0.05484025552868843,0.0
train__07__07_3__Path1,train,07,07.3,07/07.3/Radargrams/Path1.sgy,remove_bottom_band,rendered/remove_bottom_band/train__07__07_3__Path1__remove_bottom_band.png,0.9999993078087416,6.095306616771268e-06,5.477857121150009e-05,0.0,0.0001300332078244537,5.0751656090142205e-05,0.0
train__07__07_3__Path1,train,07,07.3,07/07.3/Radargrams/Path1.sgy,remove_border,rendered/remove_border/train__07__07_3__Path1__remove_border.png,0.7575913988867634,0.005043479148298502,0.030461464077234268,0.10157488286495209,9.844571468420327e-05,0.04185391962528229,0.0
train__07__07_3__Path1,train,07,07.3,07/07.3/Radargrams/Path1.sgy,time_reverse,rendered/time_reverse/train__07__07_3__Path1__time_reverse.png,-0.00035785373059048827,0.02991439774632454,0.06581195443868637,0.10153815150260925,0.10153815150260925,0.0835573673248291,0.022568682208657265
train__07__07_4__Path1,train,07,07.4,07/07.4/Radargrams/Path1.sgy,original,rendered/original/train__07__07_4__Path1__original.png,1.0,0.0,0.0,0.0,0.0,0.0,0.0
train__07__07_4__Path1,train,07,07.4,07/07.4/Radargrams/Path1.sgy,log_clip,rendered/log_clip/train__07__07_4__Path1__log_clip.png,0.6002358101468773,0.1977287083864212,0.21767674386501312,0.279827743768692,0.08213981240987778,0.19915857911109924,0.19745007157325745
train__07__07_4__Path1,train,07,07.4,07/07.4/Radargrams/Path1.sgy,zscore_clip,rendered/zscore_clip/train__07__07_4__Path1__zscore_clip.png,0.9558059642389918,0.03619825467467308,0.07460197806358337,0.16221529245376587,0.010426506400108337,0.04302610829472542,0.03439422696828842
train__07__07_4__Path1,train,07,07.4,07/07.4/Radargrams/Path1.sgy,amplitude_jitter,rendered/amplitude_jitter/train__07__07_4__Path1__amplitude_jitter.png,0.9999999999999462,3.1114996801306916e-08,3.652373337104109e-08,2.9147162905474033e-08,3.2192716048484726e-08,3.145620652844627e-08,3.103291490447191e-08
train__07__07_4__Path1,train,07,07.4,07/07.4/Radargrams/Path1.sgy,remove_top_band,rendered/remove_top_band/train__07__07_4__Path1__remove_top_band.png,0.5809309204457097,0.08554399013519287,0.09126034379005432,0.14602705836296082,0.08296013623476028,0.08474992960691452,0.08577882498502731
train__07__07_4__Path1,train,07,07.4,07/07.4/Radargrams/Path1.sgy,remove_bottom_band,rendered/remove_bottom_band/train__07__07_4__Path1__remove_bottom_band.png,0.9999997588607158,6.551023943757173e-06,3.987142554251477e-05,0.0,0.0001397551823174581,2.0670233425335027e-05,3.090595782850869e-06
train__07__07_4__Path1,train,07,07.4,07/07.4/Radargrams/Path1.sgy,remove_border,rendered/remove_border/train__07__07_4__Path1__remove_border.png,0.8655298943800219,0.005401269998401403,0.02868078649044037,0.053234875202178955,6.731499161105603e-05,0.023135961964726448,0.0
train__07__07_4__Path1,train,07,07.4,07/07.4/Radargrams/Path1.sgy,time_reverse,rendered/time_reverse/train__07__07_4__Path1__time_reverse.png,-0.00024466908517478344,0.03941914066672325,0.08098691701889038,0.1298466920852661,0.1298466920852661,0.045869480818510056,0.03765710070729256
train__08__08_1__Path1,train,08,08.1,08/08.1/Radarmaps/Path1.sgy,original,rendered/original/train__08__08_1__Path1__original.png,1.0,0.0,0.0,0.0,0.0,0.0,0.0
train__08__08_1__Path1,train,08,08.1,08/08.1/Radarmaps/Path1.sgy,log_clip,rendered/log_clip/train__08__08_1__Path1__log_clip.png,0.5718068727826298,0.20329590141773224,0.22207045555114746,0.18223221600055695,0.10395244508981705,0.14882177114486694,0.2099003940820694
train__08__08_1__Path1,train,08,08.1,08/08.1/Radarmaps/Path1.sgy,zscore_clip,rendered/zscore_clip/train__08__08_1__Path1__zscore_clip.png,0.9681206478003288,0.016378294676542282,0.042318034917116165,0.0019411706598475575,0.0006196290487423539,0.0035847588442265987,0.017934830859303474
train__08__08_1__Path1,train,08,08.1,08/08.1/Radarmaps/Path1.sgy,amplitude_jitter,rendered/amplitude_jitter/train__08__08_1__Path1__amplitude_jitter.png,0.9999999999999669,2.9107400933980898e-08,3.765357803331426e-08,2.454939895812913e-08,3.034671536283895e-08,2.766048368130214e-08,2.928658382472804e-08
train__08__08_1__Path1,train,08,08.1,08/08.1/Radarmaps/Path1.sgy,remove_top_band,rendered/remove_top_band/train__08__08_1__Path1__remove_top_band.png,0.9976737034711975,0.0009704177500680089,0.006151753943413496,0.020702246576547623,0.0,0.008943179622292519,0.0
train__08__08_1__Path1,train,08,08.1,08/08.1/Radarmaps/Path1.sgy,remove_bottom_band,rendered/remove_bottom_band/train__08__08_1__Path1__remove_bottom_band.png,0.9999997584774207,1.0403266969660763e-05,6.215462053660303e-05,0.0,0.00022193635231815279,9.542649058857933e-05,0.0
train__08__08_1__Path1,train,08,08.1,08/08.1/Radarmaps/Path1.sgy,remove_border,rendered/remove_border/train__08__08_1__Path1__remove_border.png,0.9912071528325924,0.0005799418431706727,0.011785618960857391,0.0014509973116219044,0.0001785523782018572,0.0052701691165566444,0.0
train__08__08_1__Path1,train,08,08.1,08/08.1/Radarmaps/Path1.sgy,time_reverse,rendered/time_reverse/train__08__08_1__Path1__time_reverse.png,0.00035689806921737865,0.0583755262196064,0.1259399652481079,0.0015527363866567612,0.0015527363866567612,0.010444415733218193,0.06420666724443436
train__08__08_2__Path1,train,08,08.2,08/08.2/Radargrams/Path1.sgy,original,rendered/original/train__08__08_2__Path1__original.png,1.0,0.0,0.0,0.0,0.0,0.0,0.0
train__08__08_2__Path1,train,08,08.2,08/08.2/Radargrams/Path1.sgy,log_clip,rendered/log_clip/train__08__08_2__Path1__log_clip.png,0.5944534438979635,0.19670291244983673,0.21713058650493622,0.23511020839214325,0.09264113008975983,0.18215025961399078,0.20016305148601532
train__08__08_2__Path1,train,08,08.2,08/08.2/Radargrams/Path1.sgy,zscore_clip,rendered/zscore_clip/train__08__08_2__Path1__zscore_clip.png,0.9477212856167608,0.02572290599346161,0.06458256393671036,0.035361628979444504,0.00017099831893574446,0.022469541057944298,0.026485295966267586
train__08__08_2__Path1,train,08,08.2,08/08.2/Radargrams/Path1.sgy,amplitude_jitter,rendered/amplitude_jitter/train__08__08_2__Path1__amplitude_jitter.png,0.9999999999999591,1.2415481087657554e-08,2.2990198189631883e-08,1.2293162043874872e-08,5.144872083917562e-09,1.0764724223122357e-08,1.280491446209453e-08
train__08__08_2__Path1,train,08,08.2,08/08.2/Radargrams/Path1.sgy,remove_top_band,rendered/remove_top_band/train__08__08_2__Path1__remove_top_band.png,0.9483997027711684,0.0044815330766141415,0.022359246388077736,0.09560604393482208,0.0,0.02387562394142151,0.0
train__08__08_2__Path1,train,08,08.2,08/08.2/Radargrams/Path1.sgy,remove_bottom_band,rendered/remove_bottom_band/train__08__08_2__Path1__remove_bottom_band.png,0.9999997634940633,8.028355296119116e-06,4.689290653914213e-05,0.0,0.00017127157479990274,4.281670771888457e-05,0.0
train__08__08_2__Path1,train,08,08.2,08/08.2/Radargrams/Path1.sgy,remove_border,rendered/remove_border/train__08__08_2__Path1__remove_border.png,0.9126958082901143,0.004019782412797213,0.02764779143035412,0.024094782769680023,0.0001264633028768003,0.01998540759086609,0.0
train__08__08_2__Path1,train,08,08.2,08/08.2/Radargrams/Path1.sgy,time_reverse,rendered/time_reverse/train__08__08_2__Path1__time_reverse.png,-0.00032375897510813475,0.045995187014341354,0.09564092010259628,0.024160729721188545,0.024160729721188545,0.039727870374917984,0.047362666577100754
train__08__08_3__Path1,train,08,08.3,08/08.3/Radargrams/Path1.sgy,original,rendered/original/train__08__08_3__Path1__original.png,1.0,0.0,0.0,0.0,0.0,0.0,0.0
train__08__08_3__Path1,train,08,08.3,08/08.3/Radargrams/Path1.sgy,log_clip,rendered/log_clip/train__08__08_3__Path1__log_clip.png,0.5908755609633143,0.2089979350566864,0.2263900190591812,0.27290624380111694,0.10518625378608704,0.2024822235107422,0.21053534746170044
train__08__08_3__Path1,train,08,08.3,08/08.3/Radargrams/Path1.sgy,zscore_clip,rendered/zscore_clip/train__08__08_3__Path1__zscore_clip.png,0.974294109594495,0.020547248423099518,0.05155043303966522,0.03973876312375069,0.0004948175046592951,0.020546413958072662,0.020537743344902992
train__08__08_3__Path1,train,08,08.3,08/08.3/Radargrams/Path1.sgy,amplitude_jitter,rendered/amplitude_jitter/train__08__08_3__Path1__amplitude_jitter.png,0.9999999999999738,9.592610261677237e-09,2.0587386018178222e-08,1.0631686642170735e-08,3.791030600552858e-09,8.588973088308194e-09,9.856704785704551e-09
train__08__08_3__Path1,train,08,08.3,08/08.3/Radargrams/Path1.sgy,remove_top_band,rendered/remove_top_band/train__08__08_3__Path1__remove_top_band.png,0.9626103510007449,0.004157937131822109,0.0236099474132061,0.08870266377925873,0.0,0.01995079219341278,0.0
train__08__08_3__Path1,train,08,08.3,08/08.3/Radargrams/Path1.sgy,remove_bottom_band,rendered/remove_bottom_band/train__08__08_3__Path1__remove_bottom_band.png,0.999999732370762,1.0694669072108809e-05,6.248273712117225e-05,0.0,0.0002281529305037111,5.0794060371117666e-05,0.0
train__08__08_3__Path1,train,08,08.3,08/08.3/Radargrams/Path1.sgy,remove_border,rendered/remove_border/train__08__08_3__Path1__remove_border.png,0.9159810732916828,0.005964410491287708,0.03427326679229736,0.04144537076354027,0.00017511742771603167,0.026551896706223488,0.0
train__08__08_3__Path1,train,08,08.3,08/08.3/Radargrams/Path1.sgy,time_reverse,rendered/time_reverse/train__08__08_3__Path1__time_reverse.png,3.0133186726892182e-05,0.059514667838811874,0.12072232365608215,0.041505202651023865,0.041505202651023865,0.052639324218034744,0.06127862632274628
train__08__08_4__Path1,train,08,08.4,08/08.4/Radargrams/Path1.sgy,original,rendered/original/train__08__08_4__Path1__original.png,1.0,0.0,0.0,0.0,0.0,0.0,0.0
train__08__08_4__Path1,train,08,08.4,08/08.4/Radargrams/Path1.sgy,log_clip,rendered/log_clip/train__08__08_4__Path1__log_clip.png,0.5777214078725245,0.20133984088897705,0.22154434025287628,0.27949273586273193,0.09603781253099442,0.19366858899593353,0.2036581039428711
train__08__08_4__Path1,train,08,08.4,08/08.4/Radargrams/Path1.sgy,zscore_clip,rendered/zscore_clip/train__08__08_4__Path1__zscore_clip.png,0.9662379158730287,0.01779717579483986,0.04428184777498245,0.03927359730005264,0.0015209275297820568,0.015954306349158287,0.018330272287130356
train__08__08_4__Path1,train,08,08.4,08/08.4/Radargrams/Path1.sgy,amplitude_jitter,rendered/amplitude_jitter/train__08__08_4__Path1__amplitude_jitter.png,0.9999999999999708,1.4121096292285529e-08,2.559425027470752e-08,1.5603738745539886e-08,9.942277223728979e-09,1.3916094054877703e-08,1.4176633200690958e-08
train__08__08_4__Path1,train,08,08.4,08/08.4/Radargrams/Path1.sgy,remove_top_band,rendered/remove_top_band/train__08__08_4__Path1__remove_top_band.png,0.952313505496692,0.005145806819200516,0.02758936583995819,0.10977722704410553,0.0,0.015585998073220253,0.0023661863524466753
train__08__08_4__Path1,train,08,08.4,08/08.4/Radargrams/Path1.sgy,remove_bottom_band,rendered/remove_bottom_band/train__08__08_4__Path1__remove_bottom_band.png,0.9999998391081812,8.497975613863673e-06,4.972755050403066e-05,0.0,0.0001812901464290917,2.9638971682288684e-05,2.948793962787022e-06
train__08__08_4__Path1,train,08,08.4,08/08.4/Radargrams/Path1.sgy,remove_border,rendered/remove_border/train__08__08_4__Path1__remove_border.png,0.8966781257645737,0.0061162905767560005,0.03869584947824478,0.019753869622945786,0.00010653964272933081,0.02442346327006817,0.0
train__08__08_4__Path1,train,08,08.4,08/08.4/Radargrams/Path1.sgy,time_reverse,rendered/time_reverse/train__08__08_4__Path1__time_reverse.png,0.0003648377470422743,0.058234572410583496,0.12358986586332321,0.04242655262351036,0.04242654889822006,0.048455312848091125,0.06101207062602043
train__08__08_5__Path1,train,08,08.5,08/08.5/Radargrams/Path1.sgy,original,rendered/original/train__08__08_5__Path1__original.png,1.0,0.0,0.0,0.0,0.0,0.0,0.0
train__08__08_5__Path1,train,08,08.5,08/08.5/Radargrams/Path1.sgy,log_clip,rendered/log_clip/train__08__08_5__Path1__log_clip.png,0.633855769682081,0.2289075404405594,0.24235765635967255,0.2516426146030426,0.1366102248430252,0.21251198649406433,0.2333442121744156
train__08__08_5__Path1,train,08,08.5,08/08.5/Radargrams/Path1.sgy,zscore_clip,rendered/zscore_clip/train__08__08_5__Path1__zscore_clip.png,0.9831262891493086,0.022089680656790733,0.04868033900856972,0.06091409921646118,0.0004508013662416488,0.02391286939382553,0.021685592830181122
train__08__08_5__Path1,train,08,08.5,08/08.5/Radargrams/Path1.sgy,amplitude_jitter,rendered/amplitude_jitter/train__08__08_5__Path1__amplitude_jitter.png,0.9999999999999772,9.998944783262687e-09,2.156586553780926e-08,1.3419829691940777e-08,4.947089848883479e-09,9.3969401149252e-09,1.017599426944571e-08
train__08__08_5__Path1,train,08,08.5,08/08.5/Radargrams/Path1.sgy,remove_top_band,rendered/remove_top_band/train__08__08_5__Path1__remove_top_band.png,0.7905274358316099,0.010682111606001854,0.06365685164928436,0.22788505256175995,0.0,0.04963691160082817,0.0
train__08__08_5__Path1,train,08,08.5,08/08.5/Radargrams/Path1.sgy,remove_bottom_band,rendered/remove_bottom_band/train__08__08_5__Path1__remove_bottom_band.png,0.9999984768596323,2.968058834085241e-05,0.0001734949619276449,0.0,0.000633185904007405,0.00013204803690314293,0.0
train__08__08_5__Path1,train,08,08.5,08/08.5/Radargrams/Path1.sgy,remove_border,rendered/remove_border/train__08__08_5__Path1__remove_border.png,0.8449424252118045,0.010924636386334896,0.052786242216825485,0.1358032077550888,0.0004099525394849479,0.04813072830438614,0.0
train__08__08_5__Path1,train,08,08.5,08/08.5/Radargrams/Path1.sgy,time_reverse,rendered/time_reverse/train__08__08_5__Path1__time_reverse.png,-0.0008471448909020541,0.08063002675771713,0.1394709199666977,0.13579440116882324,0.13579440116882324,0.09553633630275726,0.0769302248954773
train__08__08_6__Path1,train,08,08.6,08/08.6/Radargrams/Path1.sgy,original,rendered/original/train__08__08_6__Path1__original.png,0.9999999999999999,0.0,0.0,0.0,0.0,0.0,0.0
train__08__08_6__Path1,train,08,08.6,08/08.6/Radargrams/Path1.sgy,log_clip,rendered/log_clip/train__08__08_6__Path1__log_clip.png,0.5706711589458987,0.22249245643615723,0.238993301987648,0.27802351117134094,0.11931126564741135,0.21508483588695526,0.22486945986747742
train__08__08_6__Path1,train,08,08.6,08/08.6/Radargrams/Path1.sgy,zscore_clip,rendered/zscore_clip/train__08__08_6__Path1__zscore_clip.png,0.9722421082113472,0.01665404438972473,0.04015970230102539,0.055297333747148514,0.0010652904165908694,0.017172619700431824,0.01653321087360382
train__08__08_6__Path1,train,08,08.6,08/08.6/Radargrams/Path1.sgy,amplitude_jitter,rendered/amplitude_jitter/train__08__08_6__Path1__amplitude_jitter.png,0.999999999999982,9.342482343299707e-09,2.017214129068634e-08,1.2493519996326086e-08,8.188740352466084e-09,9.376114995518492e-09,9.324923055942236e-09
train__08__08_6__Path1,train,08,08.6,08/08.6/Radargrams/Path1.sgy,remove_top_band,rendered/remove_top_band/train__08__08_6__Path1__remove_top_band.png,0.8405768928706995,0.009670059196650982,0.05532405525445938,0.20629461109638214,0.0,0.02485540322959423,0.005267671309411526
train__08__08_6__Path1,train,08,08.6,08/08.6/Radargrams/Path1.sgy,remove_bottom_band,rendered/remove_bottom_band/train__08__08_6__Path1__remove_bottom_band.png,0.9999994402469186,1.7466287317802198e-05,0.00010156336065847427,0.0,0.0003726141294464469,6.214919994818047e-05,4.049571543873753e-06
train__08__08_6__Path1,train,08,08.6,08/08.6/Radargrams/Path1.sgy,remove_border,rendered/remove_border/train__08__08_6__Path1__remove_border.png,0.8790591377053381,0.00835309736430645,0.04552381485700607,0.05148285627365112,0.000244697934249416,0.03224753960967064,7.6659707701765e-06
train__08__08_6__Path1,train,08,08.6,08/08.6/Radargrams/Path1.sgy,time_reverse,rendered/time_reverse/train__08__08_6__Path1__time_reverse.png,-8.74702200389162e-05,0.06725689023733139,0.13500794768333435,0.09887778759002686,0.09887778759002686,0.06372935324907303,0.06825301796197891
train__08__08_7__Path1,train,08,08.7,08/08.7/Radargrams/Path1.sgy,original,rendered/original/train__08__08_7__Path1__original.png,0.9999999999999998,0.0,0.0,0.0,0.0,0.0,0.0
train__08__08_7__Path1,train,08,08.7,08/08.7/Radargrams/Path1.sgy,log_clip,rendered/log_clip/train__08__08_7__Path1__log_clip.png,0.5606760422851627,0.2107144147157669,0.22759909927845,0.24884994328022003,0.10062926262617111,0.19671277701854706,0.21460813283920288
train__08__08_7__Path1,train,08,08.7,08/08.7/Radargrams/Path1.sgy,zscore_clip,rendered/zscore_clip/train__08__08_7__Path1__zscore_clip.png,0.9663363473008135,0.018829401582479477,0.04796764254570007,0.08362600952386856,0.0007469284464605153,0.028040504083037376,0.016161739826202393
train__08__08_7__Path1,train,08,08.7,08/08.7/Radargrams/Path1.sgy,amplitude_jitter,rendered/amplitude_jitter/train__08__08_7__Path1__amplitude_jitter.png,0.9999999999999661,1.4302806938815138e-08,2.5745668708054836e-08,1.904602342506223e-08,9.87901227489374e-09,1.4061567021883548e-08,1.4384609947626359e-08
train__08__08_7__Path1,train,08,08.7,08/08.7/Radargrams/Path1.sgy,remove_top_band,rendered/remove_top_band/train__08__08_7__Path1__remove_top_band.png,0.7144739591645942,0.014926313422620296,0.06035061553120613,0.2077569216489792,0.005475766956806183,0.04864092543721199,0.0054418290965259075
train__08__08_7__Path1,train,08,08.7,08/08.7/Radargrams/Path1.sgy,remove_bottom_band,rendered/remove_bottom_band/train__08__08_7__Path1__remove_bottom_band.png,0.9999996925076526,1.070300095307175e-05,6.445319013437256e-05,0.0,0.0002283306821482256,4.691130015999079e-05,0.0
train__08__08_7__Path1,train,08,08.7,08/08.7/Radargrams/Path1.sgy,remove_border,rendered/remove_border/train__08__08_7__Path1__remove_border.png,0.7907106757139548,0.014671103097498417,0.050302132964134216,0.13826137781143188,0.005530937109142542,0.04528473690152168,0.0054418290965259075
train__08__08_7__Path1,train,08,08.7,08/08.7/Radargrams/Path1.sgy,time_reverse,rendered/time_reverse/train__08__08_7__Path1__time_reverse.png,-5.201706211092581e-05,0.053837716579437256,0.11602631956338882,0.13759395480155945,0.13759395480155945,0.08419745415449142,0.04524768516421318
train__08__08_8__Path1,train,08,08.8,08/08.8/Radargrams/Path1.sgy,original,rendered/original/train__08__08_8__Path1__original.png,1.0,0.0,0.0,0.0,0.0,0.0,0.0
train__08__08_8__Path1,train,08,08.8,08/08.8/Radargrams/Path1.sgy,log_clip,rendered/log_clip/train__08__08_8__Path1__log_clip.png,0.5865730457109168,0.21366916596889496,0.23147432506084442,0.2534271478652954,0.10796698927879333,0.20291981101036072,0.21722696721553802
train__08__08_8__Path1,train,08,08.8,08/08.8/Radargrams/Path1.sgy,zscore_clip,rendered/zscore_clip/train__08__08_8__Path1__zscore_clip.png,0.9648427633207297,0.021299701184034348,0.05024973675608635,0.09218648821115494,0.0008332786383107305,0.02992747537791729,0.018654637038707733
train__08__08_8__Path1,train,08,08.8,08/08.8/Radargrams/Path1.sgy,amplitude_jitter,rendered/amplitude_jitter/train__08__08_8__Path1__amplitude_jitter.png,0.9999999999999695,1.4288440652876488e-08,2.568849666317874e-08,1.9597830913653524e-08,1.0389754834250198e-08,1.4516339241765763e-08,1.4211174459433096e-08
train__08__08_8__Path1,train,08,08.8,08/08.8/Radargrams/Path1.sgy,remove_top_band,rendered/remove_top_band/train__08__08_8__Path1__remove_top_band.png,0.6575758572400718,0.07847217470407486,0.09246723353862762,0.20081382989883423,0.0730891302227974,0.09757150709629059,0.0724077820777893
train__08__08_8__Path1,train,08,08.8,08/08.8/Radargrams/Path1.sgy,remove_bottom_band,rendered/remove_bottom_band/train__08__08_8__Path1__remove_bottom_band.png,0.9999995465561008,1.3043803846812807e-05,7.955867476994172e-05,0.0,0.0002782678056973964,5.3466410463443026e-05,0.0
train__08__08_8__Path1,train,08,08.8,08/08.8/Radargrams/Path1.sgy,remove_border,rendered/remove_border/train__08__08_8__Path1__remove_border.png,0.734843382993622,0.08619321137666702,0.09528062492609024,0.16529525816440582,0.08059612661600113,0.10454031825065613,0.07975789159536362
train__08__08_8__Path1,train,08,08.8,08/08.8/Radargrams/Path1.sgy,time_reverse,rendered/time_reverse/train__08__08_8__Path1__time_reverse.png,-0.00044240119338056745,0.05909121036529541,0.11779675632715225,0.15681545436382294,0.15681543946266174,0.09207409620285034,0.04828229174017906
train__09__09_1__Path1,train,09,09.1,09/09.1/Radargrams/Path1.sgy,original,rendered/original/train__09__09_1__Path1__original.png,1.0,0.0,0.0,0.0,0.0,0.0,0.0
train__09__09_1__Path1,train,09,09.1,09/09.1/Radargrams/Path1.sgy,log_clip,rendered/log_clip/train__09__09_1__Path1__log_clip.png,0.5885339428112633,0.23530612885951996,0.25035786628723145,0.16064485907554626,0.13990026712417603,0.19286394119262695,0.246939554810524
train__09__09_1__Path1,train,09,09.1,09/09.1/Radargrams/Path1.sgy,zscore_clip,rendered/zscore_clip/train__09__09_1__Path1__zscore_clip.png,0.9469039907849991,0.054875317960977554,0.08108997344970703,0.03802267462015152,0.03096577152609825,0.04036591202020645,0.05912705883383751
train__09__09_1__Path1,train,09,09.1,09/09.1/Radargrams/Path1.sgy,amplitude_jitter,rendered/amplitude_jitter/train__09__09_1__Path1__amplitude_jitter.png,0.9999999999998723,1.8493919284878757e-08,3.252957725408123e-08,2.1201518762836713e-08,2.027417522754149e-08,1.945303829131717e-08,1.825533502142207e-08
train__09__09_1__Path1,train,09,09.1,09/09.1/Radargrams/Path1.sgy,remove_top_band,rendered/remove_top_band/train__09__09_1__Path1__remove_top_band.png,0.997039796369961,0.00062980578513816,0.004149081651121378,0.013435857370495796,0.0,0.0026106906589120626,0.0
train__09__09_1__Path1,train,09,09.1,09/09.1/Radargrams/Path1.sgy,remove_bottom_band,rendered/remove_bottom_band/train__09__09_1__Path1__remove_bottom_band.png,0.9999928854302028,3.371120692463592e-05,0.00020147275063209236,0.0,0.0007191724143922329,0.0001462028594687581,0.0
train__09__09_1__Path1,train,09,09.1,09/09.1/Radargrams/Path1.sgy,remove_border,rendered/remove_border/train__09__09_1__Path1__remove_border.png,0.9827332667962746,0.0018610417610034347,0.009876674972474575,0.0034958268515765667,0.000496758904773742,0.0075540789403021336,0.0
train__09__09_1__Path1,train,09,09.1,09/09.1/Radargrams/Path1.sgy,time_reverse,rendered/time_reverse/train__09__09_1__Path1__time_reverse.png,-0.0020903366298277307,0.040686409920454025,0.07556125521659851,0.0037056885194033384,0.0037056885194033384,0.014300506561994553,0.0484597347676754
train__09__09_2__Path1,train,09,09.2,09/09.2/Radargrams/Path1.sgy,original,rendered/original/train__09__09_2__Path1__original.png,1.0,0.0,0.0,0.0,0.0,0.0,0.0
train__09__09_2__Path1,train,09,09.2,09/09.2/Radargrams/Path1.sgy,log_clip,rendered/log_clip/train__09__09_2__Path1__log_clip.png,0.7010156274428527,0.24474869668483734,0.25536099076271057,0.1952148973941803,0.15491081774234772,0.2072850912809372,0.2518681585788727
train__09__09_2__Path1,train,09,09.2,09/09.2/Radargrams/Path1.sgy,zscore_clip,rendered/zscore_clip/train__09__09_2__Path1__zscore_clip.png,0.983459080877361,0.05861930176615715,0.08961647748947144,0.024503525346517563,0.024799473583698273,0.035220324993133545,0.06319286674261093
train__09__09_2__Path1,train,09,09.2,09/09.2/Radargrams/Path1.sgy,amplitude_jitter,rendered/amplitude_jitter/train__09__09_2__Path1__amplitude_jitter.png,0.9999999999999518,3.2767665913979727e-08,3.923164371144594e-08,3.223848565880871e-08,3.2156112439452045e-08,3.232817036291635e-08,3.285550675968807e-08
train__09__09_2__Path1,train,09,09.2,09/09.2/Radargrams/Path1.sgy,remove_top_band,rendered/remove_top_band/train__09__09_2__Path1__remove_top_band.png,0.9960226666196202,0.000872887612786144,0.005931904073804617,0.018621601164340973,0.0,0.005751507356762886,0.0
train__09__09_2__Path1,train,09,09.2,09/09.2/Radargrams/Path1.sgy,remove_bottom_band,rendered/remove_bottom_band/train__09__09_2__Path1__remove_bottom_band.png,0.999976781871158,7.58102469262667e-05,0.000451688829343766,0.0,0.0016172850737348199,0.0004709468921646476,0.0
train__09__09_2__Path1,train,09,09.2,09/09.2/Radargrams/Path1.sgy,remove_border,rendered/remove_border/train__09__09_2__Path1__remove_border.png,0.9784113668526516,0.002205430530011654,0.013695372268557549,0.004383370280265808,0.0012063473695889115,0.01286878902465105,0.0
train__09__09_2__Path1,train,09,09.2,09/09.2/Radargrams/Path1.sgy,time_reverse,rendered/time_reverse/train__09__09_2__Path1__time_reverse.png,-0.01232701133898079,0.06424953788518906,0.09429217875003815,0.004598349332809448,0.004598349332809448,0.023213466629385948,0.07225833833217621
train__09__09_3__Path1,train,09,09.3,09/09.3/Radargrams/Path1.sgy,original,rendered/original/train__09__09_3__Path1__original.png,1.0,0.0,0.0,0.0,0.0,0.0,0.0
train__09__09_3__Path1,train,09,09.3,09/09.3/Radargrams/Path1.sgy,log_clip,rendered/log_clip/train__09__09_3__Path1__log_clip.png,0.6566184697727496,0.24301017820835114,0.2550762891769409,0.19754481315612793,0.20082372426986694,0.22981855273246765,0.2465156465768814
train__09__09_3__Path1,train,09,09.3,09/09.3/Radargrams/Path1.sgy,zscore_clip,rendered/zscore_clip/train__09__09_3__Path1__zscore_clip.png,0.9690352959977532,0.06487257033586502,0.09025751799345016,0.03807418793439865,0.0388929657638073,0.05633096396923065,0.06733321398496628
train__09__09_3__Path1,train,09,09.3,09/09.3/Radargrams/Path1.sgy,amplitude_jitter,rendered/amplitude_jitter/train__09__09_3__Path1__amplitude_jitter.png,0.9999999999998943,2.6766265648348053e-08,3.935323533710289e-08,2.6596314484095274e-08,2.6656522322809906e-08,2.6623169446793327e-08,2.682337729709161e-08
train__09__09_3__Path1,train,09,09.3,09/09.3/Radargrams/Path1.sgy,remove_top_band,rendered/remove_top_band/train__09__09_3__Path1__remove_top_band.png,0.9946097749976056,0.0009904417674988508,0.0065338341519236565,0.0211294237524271,0.0,0.003628387115895748,0.0003259109507780522
train__09__09_3__Path1,train,09,09.3,09/09.3/Radargrams/Path1.sgy,remove_bottom_band,rendered/remove_bottom_band/train__09__09_3__Path1__remove_bottom_band.png,0.9999239205558501,0.00013314600801095366,0.0007750751101411879,0.0,0.002840448170900345,0.0003643082454800606,6.79028598824516e-05
train__09__09_3__Path1,train,09,09.3,09/09.3/Radargrams/Path1.sgy,remove_border,rendered/remove_border/train__09__09_3__Path1__remove_border.png,0.9196216889112506,0.005250986665487289,0.02460375241935253,0.002498092595487833,0.0016035616863518953,0.020590387284755707,0.0
train__09__09_3__Path1,train,09,09.3,09/09.3/Radargrams/Path1.sgy,time_reverse,rendered/time_reverse/train__09__09_3__Path1__time_reverse.png,-0.0029878050607361605,0.055618591606616974,0.0887129008769989,0.005614644847810268,0.005614644847810268,0.03842499107122421,0.06061871722340584
train__09__09_4__Path1,train,09,09.4,09/09.4/Radargrams/Path1.sgy,original,rendered/original/train__09__09_4__Path1__original.png,1.0,0.0,0.0,0.0,0.0,0.0,0.0
train__09__09_4__Path1,train,09,09.4,09/09.4/Radargrams/Path1.sgy,log_clip,rendered/log_clip/train__09__09_4__Path1__log_clip.png,0.5736832848591841,0.22246785461902618,0.23645201325416565,0.1687457263469696,0.164104625582695,0.17787006497383118,0.22833211719989777
train__09__09_4__Path1,train,09,09.4,09/09.4/Radargrams/Path1.sgy,zscore_clip,rendered/zscore_clip/train__09__09_4__Path1__zscore_clip.png,0.9653632263846026,0.024551259353756905,0.058232877403497696,0.0009688909049145877,0.0008454048656858504,0.0052877385169267654,0.027085527777671814
train__09__09_4__Path1,train,09,09.4,09/09.4/Radargrams/Path1.sgy,amplitude_jitter,rendered/amplitude_jitter/train__09__09_4__Path1__amplitude_jitter.png,0.9999999999999555,8.870554957240984e-09,2.0052803861858592e-08,8.574862597754418e-09,8.704158283023844e-09,8.655024252846033e-09,8.898132008994253e-09
train__09__09_4__Path1,train,09,09.4,09/09.4/Radargrams/Path1.sgy,remove_top_band,rendered/remove_top_band/train__09__09_4__Path1__remove_top_band.png,0.999993664123421,4.4303000322543085e-05,0.00026411202270537615,0.0009451306541450322,0.0,0.00038171096821315587,0.0
train__09__09_4__Path1,train,09,09.4,09/09.4/Radargrams/Path1.sgy,remove_bottom_band,rendered/remove_bottom_band/train__09__09_4__Path1__remove_bottom_band.png,0.9999954055540505,3.6832756450166926e-05,0.000222138682147488,0.0,0.0007857654709368944,0.0003160613705404103,0.0
train__09__09_4__Path1,train,09,09.4,09/09.4/Radargrams/Path1.sgy,remove_border,rendered/remove_border/train__09__09_4__Path1__remove_border.png,0.9875176906890846,0.0006698080105707049,0.011530396528542042,0.0007500542560592294,0.0006640801439061761,0.00563702592626214,0.0
train__09__09_4__Path1,train,09,09.4,09/09.4/Radargrams/Path1.sgy,time_reverse,rendered/time_reverse/train__09__09_4__Path1__time_reverse.png,0.0034402501689343623,0.0504857636988163,0.1033492386341095,0.001249312306754291,0.001249312306754291,0.010786640457808971,0.05570729076862335
train__09__09_5__Path10,train,09,09.5,09/09.5/Radargrams/Path10.sgy,original,rendered/original/train__09__09_5__Path10__original.png,0.9999999999999999,0.0,0.0,0.0,0.0,0.0,0.0
train__09__09_5__Path10,train,09,09.5,09/09.5/Radargrams/Path10.sgy,log_clip,rendered/log_clip/train__09__09_5__Path10__log_clip.png,0.614050836781874,0.23191694915294647,0.2448967695236206,0.12289851903915405,0.14943648874759674,0.19032487273216248,0.241271510720253
train__09__09_5__Path10,train,09,09.5,09/09.5/Radargrams/Path10.sgy,zscore_clip,rendered/zscore_clip/train__09__09_5__Path10__zscore_clip.png,0.9545270480672938,0.047868259251117706,0.07892099767923355,0.02063768170773983,0.02079862728714943,0.035561010241508484,0.05063165724277496
train__09__09_5__Path10,train,09,09.5,09/09.5/Radargrams/Path10.sgy,amplitude_jitter,rendered/amplitude_jitter/train__09__09_5__Path10__amplitude_jitter.png,0.9999999999999087,1.496746904194879e-08,2.9109150645467707e-08,1.2984153308082114e-08,1.377384606371379e-08,1.4313259910636589e-08,1.5133808872747068e-08
train__09__09_5__Path10,train,09,09.5,09/09.5/Radargrams/Path10.sgy,remove_top_band,rendered/remove_top_band/train__09__09_5__Path10__remove_top_band.png,0.9999833391242634,5.885727296117693e-05,0.0003409186901990324,0.0012556217843666673,0.0,0.0003190520510543138,0.0
train__09__09_5__Path10,train,09,09.5,09/09.5/Radargrams/Path10.sgy,remove_bottom_band,rendered/remove_bottom_band/train__09__09_5__Path10__remove_bottom_band.png,0.9999838802450639,5.381356459110975e-05,0.0003349047328811139,0.0,0.0011480228276923299,0.00029299064772203565,0.0
train__09__09_5__Path10,train,09,09.5,09/09.5/Radargrams/Path10.sgy,remove_border,rendered/remove_border/train__09__09_5__Path10__remove_border.png,0.9333147822647109,0.0029542904812842607,0.021177809685468674,0.0004776426940225065,0.0008176587289199233,0.014494631439447403,0.0
train__09__09_5__Path10,train,09,09.5,09/09.5/Radargrams/Path10.sgy,time_reverse,rendered/time_reverse/train__09__09_5__Path10__time_reverse.png,-0.002281816971544048,0.04690730199217796,0.08350737392902374,0.0009611768764443696,0.0009611768764443696,0.027423614636063576,0.05125437304377556
train__09__09_6__Path1,train,09,09.6,09/09.6/Radargrams/Path1.sgy,original,rendered/original/train__09__09_6__Path1__original.png,1.0,0.0,0.0,0.0,0.0,0.0,0.0
train__09__09_6__Path1,train,09,09.6,09/09.6/Radargrams/Path1.sgy,log_clip,rendered/log_clip/train__09__09_6__Path1__log_clip.png,0.4908019961744686,0.22833749651908875,0.24196597933769226,0.15667012333869934,0.12400386482477188,0.1564158946275711,0.23750588297843933
train__09__09_6__Path1,train,09,09.6,09/09.6/Radargrams/Path1.sgy,zscore_clip,rendered/zscore_clip/train__09__09_6__Path1__zscore_clip.png,0.8774938573245618,0.038686495274305344,0.07133572548627853,0.016052616760134697,0.013877459801733494,0.019358888268470764,0.0411650687456131
train__09__09_6__Path1,train,09,09.6,09/09.6/Radargrams/Path1.sgy,amplitude_jitter,rendered/amplitude_jitter/train__09__09_6__Path1__amplitude_jitter.png,0.9999999999998815,2.800179821349502e-08,3.3373101615552514e-08,2.7986718720285353e-08,2.7987303141685516e-08,2.8009841557263826e-08,2.7998737550660735e-08
train__09__09_6__Path1,train,09,09.6,09/09.6/Radargrams/Path1.sgy,remove_top_band,rendered/remove_top_band/train__09__09_6__Path1__remove_top_band.png,0.9867663322511946,0.0006079485756345093,0.006205924786627293,0.012969570234417915,0.0,0.005239828024059534,0.0
train__09__09_6__Path1,train,09,09.6,09/09.6/Radargrams/Path1.sgy,remove_bottom_band,rendered/remove_bottom_band/train__09__09_6__Path1__remove_bottom_band.png,0.9999952431483077,1.906914076243993e-05,0.00011643535253824666,0.0,0.00040680827805772424,0.0001665865129325539,0.0
train__09__09_6__Path1,train,09,09.6,09/09.6/Radargrams/Path1.sgy,remove_border,rendered/remove_border/train__09__09_6__Path1__remove_border.png,0.9964784187706285,0.00030267235706560314,0.0031640417873859406,0.0017645361367613077,0.00027919874992221594,0.002606611233204603,0.0
train__09__09_6__Path1,train,09,09.6,09/09.6/Radargrams/Path1.sgy,time_reverse,rendered/time_reverse/train__09__09_6__Path1__time_reverse.png,0.003571875970395855,0.023164406418800354,0.05326715111732483,0.0018141813343390822,0.0018141813343390822,0.0048186397179961205,0.025519654154777527
train__09__09_7__Path1,train,09,09.7,09/09.7/Radargrams/Path1.sgy,original,rendered/original/train__09__09_7__Path1__original.png,1.0,0.0,0.0,0.0,0.0,0.0,0.0
train__09__09_7__Path1,train,09,09.7,09/09.7/Radargrams/Path1.sgy,log_clip,rendered/log_clip/train__09__09_7__Path1__log_clip.png,0.4908019961744686,0.22833749651908875,0.24196597933769226,0.15667012333869934,0.12400386482477188,0.1564158946275711,0.23750588297843933
train__09__09_7__Path1,train,09,09.7,09/09.7/Radargrams/Path1.sgy,zscore_clip,rendered/zscore_clip/train__09__09_7__Path1__zscore_clip.png,0.8774938573245618,0.038686495274305344,0.07133572548627853,0.016052616760134697,0.013877459801733494,0.019358888268470764,0.0411650687456131
train__09__09_7__Path1,train,09,09.7,09/09.7/Radargrams/Path1.sgy,amplitude_jitter,rendered/amplitude_jitter/train__09__09_7__Path1__amplitude_jitter.png,0.9999999999998815,2.800179821349502e-08,3.3373101615552514e-08,2.7986718720285353e-08,2.7987303141685516e-08,2.8009841557263826e-08,2.7998737550660735e-08
train__09__09_7__Path1,train,09,09.7,09/09.7/Radargrams/Path1.sgy,remove_top_band,rendered/remove_top_band/train__09__09_7__Path1__remove_top_band.png,0.9867663322511946,0.0006079485756345093,0.006205924786627293,0.012969570234417915,0.0,0.005239828024059534,0.0
train__09__09_7__Path1,train,09,09.7,09/09.7/Radargrams/Path1.sgy,remove_bottom_band,rendered/remove_bottom_band/train__09__09_7__Path1__remove_bottom_band.png,0.9999952431483077,1.906914076243993e-05,0.00011643535253824666,0.0,0.00040680827805772424,0.0001665865129325539,0.0
train__09__09_7__Path1,train,09,09.7,09/09.7/Radargrams/Path1.sgy,remove_border,rendered/remove_border/train__09__09_7__Path1__remove_border.png,0.9964784187706285,0.00030267235706560314,0.0031640417873859406,0.0017645361367613077,0.00027919874992221594,0.002606611233204603,0.0
train__09__09_7__Path1,train,09,09.7,09/09.7/Radargrams/Path1.sgy,time_reverse,rendered/time_reverse/train__09__09_7__Path1__time_reverse.png,0.003571875970395855,0.023164406418800354,0.05326715111732483,0.0018141813343390822,0.0018141813343390822,0.0048186397179961205,0.025519654154777527
train__09__09_8__Path1,train,09,09.8,09/09.8/Radargrams/Path1.sgy,original,rendered/original/train__09__09_8__Path1__original.png,1.0,0.0,0.0,0.0,0.0,0.0,0.0
train__09__09_8__Path1,train,09,09.8,09/09.8/Radargrams/Path1.sgy,log_clip,rendered/log_clip/train__09__09_8__Path1__log_clip.png,0.6024936887806662,0.24182924628257751,0.2584727704524994,0.13712681829929352,0.15471340715885162,0.16130682826042175,0.2520042955875397
train__09__09_8__Path1,train,09,09.8,09/09.8/Radargrams/Path1.sgy,zscore_clip,rendered/zscore_clip/train__09__09_8__Path1__zscore_clip.png,0.934668260384912,0.08399850875139236,0.11238496005535126,0.058796778321266174,0.05831950157880783,0.06157364323735237,0.08684754371643066
train__09__09_8__Path1,train,09,09.8,09/09.8/Radargrams/Path1.sgy,amplitude_jitter,rendered/amplitude_jitter/train__09__09_8__Path1__amplitude_jitter.png,0.9999999999998888,1.3640396367975427e-08,2.0620348095690133e-08,1.392466586480623e-08,1.3810430132821239e-08,1.384232639622951e-08,1.3614872784728504e-08
train__09__09_8__Path1,train,09,09.8,09/09.8/Radargrams/Path1.sgy,remove_top_band,rendered/remove_top_band/train__09__09_8__Path1__remove_top_band.png,0.9993644118241746,0.00016073811275418848,0.0012599184410646558,0.0034290796611458063,0.0,0.0014053412014618516,0.0
train__09__09_8__Path1,train,09,09.8,09/09.8/Radargrams/Path1.sgy,remove_bottom_band,rendered/remove_bottom_band/train__09__09_8__Path1__remove_bottom_band.png,0.9999793584040761,3.832611764664762e-05,0.00022692805214319378,0.0,0.0008176238043233752,0.00033960797009058297,0.0
train__09__09_8__Path1,train,09,09.8,09/09.8/Radargrams/Path1.sgy,remove_border,rendered/remove_border/train__09__09_8__Path1__remove_border.png,0.9958876265641331,0.00025112598086707294,0.0031994497403502464,0.00036237045424059033,0.0005828950088471174,0.002190732629969716,0.0
train__09__09_8__Path1,train,09,09.8,09/09.8/Radargrams/Path1.sgy,time_reverse,rendered/time_reverse/train__09__09_8__Path1__time_reverse.png,-0.002402273476241851,0.028159266337752342,0.05000290647149086,0.0007233284995891154,0.0007233285577967763,0.0039913589134812355,0.031230395659804344
train__09__09_9__Path1,train,09,09.9,09/09.9/Radargrams/Path1.sgy,original,rendered/original/train__09__09_9__Path1__original.png,1.0,0.0,0.0,0.0,0.0,0.0,0.0
train__09__09_9__Path1,train,09,09.9,09/09.9/Radargrams/Path1.sgy,log_clip,rendered/log_clip/train__09__09_9__Path1__log_clip.png,0.6588462126001126,0.24351055920124054,0.2548891603946686,0.10927539318799973,0.16708464920520782,0.19597212970256805,0.2558332681655884
train__09__09_9__Path1,train,09,09.9,09/09.9/Radargrams/Path1.sgy,zscore_clip,rendered/zscore_clip/train__09__09_9__Path1__zscore_clip.png,0.9640969076306825,0.04991405829787254,0.09031432121992111,0.0078019145876169205,0.008327113464474678,0.03525441139936447,0.05362110584974289
train__09__09_9__Path1,train,09,09.9,09/09.9/Radargrams/Path1.sgy,amplitude_jitter,rendered/amplitude_jitter/train__09__09_9__Path1__amplitude_jitter.png,0.9999999999999312,2.023988088240003e-08,2.8207136182345494e-08,1.890850320762638e-08,2.0406679013262874e-08,1.9980754828452518e-08,2.029846868367713e-08
train__09__09_9__Path1,train,09,09.9,09/09.9/Radargrams/Path1.sgy,remove_top_band,rendered/remove_top_band/train__09__09_9__Path1__remove_top_band.png,0.9999714047934455,6.762686098227277e-05,0.00040442697354592383,0.001442706328816712,0.0,0.00032766061485745013,0.0
train__09__09_9__Path1,train,09,09.9,09/09.9/Radargrams/Path1.sgy,remove_bottom_band,rendered/remove_bottom_band/train__09__09_9__Path1__remove_bottom_band.png,0.9999504306675613,8.703018829692155e-05,0.0005328810657374561,0.0,0.0018566440558061004,0.0003981879272032529,0.0
train__09__09_9__Path1,train,09,09.9,09/09.9/Radargrams/Path1.sgy,remove_border,rendered/remove_border/train__09__09_9__Path1__remove_border.png,0.9066438690887302,0.003994999919086695,0.022558271884918213,0.00037309835897758603,0.0011548675829544663,0.01700332574546337,0.0
train__09__09_9__Path1,train,09,09.9,09/09.9/Radargrams/Path1.sgy,time_reverse,rendered/time_reverse/train__09__09_9__Path1__time_reverse.png,-0.00609514042992118,0.04728942736983299,0.07584625482559204,0.0012145632645115256,0.0012145632645115256,0.03262010216712952,0.05092925205826759
val__011__011_1__Path1,val,011,011.1,011/011.1/Radargrams/Path1.sgy,original,rendered/original/val__011__011_1__Path1__original.png,1.0,0.0,0.0,0.0,0.0,0.0,0.0
val__011__011_1__Path1,val,011,011.1,011/011.1/Radargrams/Path1.sgy,log_clip,rendered/log_clip/val__011__011_1__Path1__log_clip.png,0.5268215182576956,0.1742342710494995,0.19442638754844666,0.14777176082134247,0.12038024514913559,0.14861378073692322,0.1781066209077835
val__011__011_1__Path1,val,011,011.1,011/011.1/Radargrams/Path1.sgy,zscore_clip,rendered/zscore_clip/val__011__011_1__Path1__zscore_clip.png,0.9303002349911234,0.055723272264003754,0.07451573014259338,0.043099116533994675,0.0426926426589489,0.04723594710230827,0.05700088292360306
val__011__011_1__Path1,val,011,011.1,011/011.1/Radargrams/Path1.sgy,amplitude_jitter,rendered/amplitude_jitter/val__011__011_1__Path1__amplitude_jitter.png,0.9999999999999407,2.9624359854096838e-08,3.3409378374926746e-08,2.8936414153690748e-08,3.2586310538818e-08,3.0245821847074694e-08,2.9529829248531314e-08
val__011__011_1__Path1,val,011,011.1,011/011.1/Radargrams/Path1.sgy,remove_top_band,rendered/remove_top_band/val__011__011_1__Path1__remove_top_band.png,0.999991263630828,3.336822192068212e-05,0.00018951980746351182,0.0007118553621694446,0.0,0.00025501978234387934,0.0
val__011__011_1__Path1,val,011,011.1,011/011.1/Radargrams/Path1.sgy,remove_bottom_band,rendered/remove_bottom_band/val__011__011_1__Path1__remove_bottom_band.png,0.999998839185607,1.1641853234323207e-05,6.909861986059695e-05,0.0,0.0002483595453668386,8.93983815331012e-05,0.0
val__011__011_1__Path1,val,011,011.1,011/011.1/Radargrams/Path1.sgy,remove_border,rendered/remove_border/val__011__011_1__Path1__remove_border.png,0.9634469121557394,0.001000264659523964,0.012144621461629868,0.0007740334258414805,0.00034726576996035874,0.005183729808777571,0.00033941486617550254
val__011__011_1__Path1,val,011,011.1,011/011.1/Radargrams/Path1.sgy,time_reverse,rendered/time_reverse/val__011__011_1__Path1__time_reverse.png,-0.0023063964040687733,0.023313390091061592,0.06416048109531403,0.0008063908899202943,0.0008063908899202943,0.009983872063457966,0.025308603420853615
val__011__011_10__Profile_6395,val,011,011.10,011/011.10/Radargrams/Profile_6395.sgy,original,rendered/original/val__011__011_10__Profile_6395__original.png,1.0,0.0,0.0,0.0,0.0,0.0,0.0
val__011__011_10__Profile_6395,val,011,011.10,011/011.10/Radargrams/Profile_6395.sgy,log_clip,rendered/log_clip/val__011__011_10__Profile_6395__log_clip.png,0.5507784320267817,0.1792176365852356,0.20948199927806854,0.1479325294494629,0.14005154371261597,0.16052411496639252,0.18278439342975616
val__011__011_10__Profile_6395,val,011,011.10,011/011.10/Radargrams/Profile_6395.sgy,zscore_clip,rendered/zscore_clip/val__011__011_10__Profile_6395__zscore_clip.png,0.9336258139592589,0.09935106337070465,0.10632292181253433,0.09254487603902817,0.0922207161784172,0.09540554881095886,0.10011043399572372
val__011__011_10__Profile_6395,val,011,011.10,011/011.10/Radargrams/Profile_6395.sgy,amplitude_jitter,rendered/amplitude_jitter/val__011__011_10__Profile_6395__amplitude_jitter.png,0.999999999999963,1.3944514876129688e-08,2.081305261469879e-08,1.3814617894070125e-08,1.3421392885959449e-08,1.3773998830401979e-08,1.3982488944463967e-08
val__011__011_10__Profile_6395,val,011,011.10,011/011.10/Radargrams/Profile_6395.sgy,remove_top_band,rendered/remove_top_band/val__011__011_10__Profile_6395__remove_top_band.png,0.999993419465135,3.609179475461133e-05,0.00020643314928747714,0.0007699583075009286,0.0,0.00022527604596689343,0.0
val__011__011_10__Profile_6395,val,011,011.10,011/011.10/Radargrams/Profile_6395.sgy,remove_bottom_band,rendered/remove_bottom_band/val__011__011_10__Profile_6395__remove_bottom_band.png,0.9999987595438756,1.540693483548239e-05,8.961358980741352e-05,0.0,0.0003286812570877373,9.563200728734955e-05,0.0
val__011__011_10__Profile_6395,val,011,011.10,011/011.10/Radargrams/Profile_6395.sgy,remove_border,rendered/remove_border/val__011__011_10__Profile_6395__remove_border.png,0.9660679154956328,0.0011831375304609537,0.014691527001559734,0.0007596301147714257,0.0003152998397126794,0.006833537947386503,0.0
val__011__011_10__Profile_6395,val,011,011.10,011/011.10/Radargrams/Profile_6395.sgy,time_reverse,rendered/time_reverse/val__011__011_10__Profile_6395__time_reverse.png,-0.0023899385133499167,0.030517704784870148,0.08053702861070633,0.000933453906327486,0.000933453906327486,0.013444751501083374,0.033809881657361984
val__011__011_11__Profile_6131,val,011,011.11,011/011.11/Radargrams/Profile_6131.sgy,original,rendered/original/val__011__011_11__Profile_6131__original.png,1.0,0.0,0.0,0.0,0.0,0.0,0.0
val__011__011_11__Profile_6131,val,011,011.11,011/011.11/Radargrams/Profile_6131.sgy,log_clip,rendered/log_clip/val__011__011_11__Profile_6131__log_clip.png,0.5309499321164349,0.18277953565120697,0.20570556819438934,0.14282341301441193,0.13096603751182556,0.1618337780237198,0.18716782331466675
val__011__011_11__Profile_6131,val,011,011.11,011/011.11/Radargrams/Profile_6131.sgy,zscore_clip,rendered/zscore_clip/val__011__011_11__Profile_6131__zscore_clip.png,0.934236206738048,0.07421247661113739,0.08792655915021896,0.06316506862640381,0.06289847940206528,0.06974676996469498,0.07512626051902771
val__011__011_11__Profile_6131,val,011,011.11,011/011.11/Radargrams/Profile_6131.sgy,amplitude_jitter,rendered/amplitude_jitter/val__011__011_11__Profile_6131__amplitude_jitter.png,0.9999999999999413,8.793537453755107e-09,1.6489062559799095e-08,9.046421389768966e-09,8.605071322165259e-09,8.783632488018611e-09,8.798716422120378e-09
val__011__011_11__Profile_6131,val,011,011.11,011/011.11/Radargrams/Profile_6131.sgy,remove_top_band,rendered/remove_top_band/val__011__011_11__Profile_6131__remove_top_band.png,0.9999935794522116,2.971764115500264e-05,0.00017252906400244683,0.0006339763640426099,0.0,0.0001705952745396644,0.0
val__011__011_11__Profile_6131,val,011,011.11,011/011.11/Radargrams/Profile_6131.sgy,remove_bottom_band,rendered/remove_bottom_band/val__011__011_11__Profile_6131__remove_bottom_band.png,0.9999984397539674,1.4419396393350326e-05,8.510246698278934e-05,0.0,0.0003076137800235301,8.395465556532145e-05,0.0
val__011__011_11__Profile_6131,val,011,011.11,011/011.11/Radargrams/Profile_6131.sgy,remove_border,rendered/remove_border/val__011__011_11__Profile_6131__remove_border.png,0.9456225758965446,0.0014524548314511776,0.015653293579816818,0.0006247315322980285,0.00029322257614694536,0.007660777773708105,0.0
val__011__011_11__Profile_6131,val,011,011.11,011/011.11/Radargrams/Profile_6131.sgy,time_reverse,rendered/time_reverse/val__011__011_11__Profile_6131__time_reverse.png,-0.00223426460028416,0.025964314118027687,0.06813443452119827,0.0007713880040682852,0.0007713880040682852,0.015041847713291645,0.028222758322954178
val__011__011_12__Profile_6139,val,011,011.12,011/011.12/Radargrams/Profile_6139.sgy,original,rendered/original/val__011__011_12__Profile_6139__original.png,1.0,0.0,0.0,0.0,0.0,0.0,0.0
val__011__011_12__Profile_6139,val,011,011.12,011/011.12/Radargrams/Profile_6139.sgy,log_clip,rendered/log_clip/val__011__011_12__Profile_6139__log_clip.png,0.5507186834690676,0.17672424018383026,0.1981116235256195,0.14274467527866364,0.12123746424913406,0.1441054344177246,0.18149489164352417
val__011__011_12__Profile_6139,val,011,011.12,011/011.12/Radargrams/Profile_6139.sgy,zscore_clip,rendered/zscore_clip/val__011__011_12__Profile_6139__zscore_clip.png,0.9309334034894295,0.06053660064935684,0.0793224647641182,0.04659275710582733,0.04629650339484215,0.05039309337735176,0.06202976405620575
val__011__011_12__Profile_6139,val,011,011.12,011/011.12/Radargrams/Profile_6139.sgy,amplitude_jitter,rendered/amplitude_jitter/val__011__011_12__Profile_6139__amplitude_jitter.png,0.9999999999999476,8.721958266733054e-09,1.6558864501803328e-08,8.426983555409606e-09,8.316331623348105e-09,8.411794816254314e-09,8.76808492478176e-09
val__011__011_12__Profile_6139,val,011,011.12,011/011.12/Radargrams/Profile_6139.sgy,remove_top_band,rendered/remove_top_band/val__011__011_12__Profile_6139__remove_top_band.png,0.9999927399679069,3.0727296689292416e-05,0.00017861979722511023,0.0006555157597176731,0.0,0.0002378636709181592,0.0
val__011__011_12__Profile_6139,val,011,011.12,011/011.12/Radargrams/Profile_6139.sgy,remove_bottom_band,rendered/remove_bottom_band/val__011__011_12__Profile_6139__remove_bottom_band.png,0.9999987081990953,1.2891853657492902e-05,7.536414341302589e-05,0.0,0.00027502619195729494,9.987111843656749e-05,0.0
val__011__011_12__Profile_6139,val,011,011.12,011/011.12/Radargrams/Profile_6139.sgy,remove_border,rendered/remove_border/val__011__011_12__Profile_6139__remove_border.png,0.9860964372002796,0.0004887830000370741,0.007786391768604517,0.0006451110239140689,0.0002612694806884974,0.003675633342936635,0.0
val__011__011_12__Profile_6139,val,011,011.12,011/011.12/Radargrams/Profile_6139.sgy,time_reverse,rendered/time_reverse/val__011__011_12__Profile_6139__time_reverse.png,-0.0020120855952606574,0.02599344030022621,0.066332146525383,0.00076763128163293,0.0007676312234252691,0.007142096292227507,0.028773412108421326
val__011__011_13__Profile_6138,val,011,011.13,011/011.13/Radargrams/Profile_6138.sgy,original,rendered/original/val__011__011_13__Profile_6138__original.png,1.0,0.0,0.0,0.0,0.0,0.0,0.0
val__011__011_13__Profile_6138,val,011,011.13,011/011.13/Radargrams/Profile_6138.sgy,log_clip,rendered/log_clip/val__011__011_13__Profile_6138__log_clip.png,0.5434559658919895,0.1754153072834015,0.20362672209739685,0.14461565017700195,0.1373215913772583,0.14355474710464478,0.17896264791488647
val__011__011_13__Profile_6138,val,011,011.13,011/011.13/Radargrams/Profile_6138.sgy,zscore_clip,rendered/zscore_clip/val__011__011_13__Profile_6138__zscore_clip.png,0.9339888335895542,0.09382545948028564,0.10584238171577454,0.08298587799072266,0.08263175189495087,0.08362026512622833,0.09496208280324936
val__011__011_13__Profile_6138,val,011,011.13,011/011.13/Radargrams/Profile_6138.sgy,amplitude_jitter,rendered/amplitude_jitter/val__011__011_13__Profile_6138__amplitude_jitter.png,0.9999999999999394,6.943229102773785e-09,1.4600797015873468e-08,6.078692216249237e-09,7.529399326244857e-09,6.821497589015735e-09,6.9571295391313015e-09
val__011__011_13__Profile_6138,val,011,011.13,011/011.13/Radargrams/Profile_6138.sgy,remove_top_band,rendered/remove_top_band/val__011__011_13__Profile_6138__remove_top_band.png,0.9999925687674218,2.768273225228768e-05,0.00015800076653249562,0.0005905649741180241,0.0,0.00027638371102511883,0.0
val__011__011_13__Profile_6138,val,011,011.13,011/011.13/Radargrams/Profile_6138.sgy,remove_bottom_band,rendered/remove_bottom_band/val__011__011_13__Profile_6138__remove_bottom_band.png,0.9999987337428878,1.1031233043468092e-05,6.52317248750478e-05,0.0,0.0002353329909965396,0.00010992718307534233,0.0
val__011__011_13__Profile_6138,val,011,011.13,011/011.13/Radargrams/Profile_6138.sgy,remove_border,rendered/remove_border/val__011__011_13__Profile_6138__remove_border.png,0.9963870789084148,0.00011592016380745918,0.0034788253251463175,0.0005817130440846086,0.00022775713296141475,0.001151185017079115,0.0
val__011__011_13__Profile_6138,val,011,011.13,011/011.13/Radargrams/Profile_6138.sgy,time_reverse,rendered/time_reverse/val__011__011_13__Profile_6138__time_reverse.png,-0.0016887359717714947,0.02152760699391365,0.057977572083473206,0.0006796691450290382,0.0006796690868213773,0.0021631496492773294,0.023684361949563026
val__011__011_14__Profile_6161,val,011,011.14,011/011.14/Radargrams/Profile_6161.sgy,original,rendered/original/val__011__011_14__Profile_6161__original.png,1.0,0.0,0.0,0.0,0.0,0.0,0.0
val__011__011_14__Profile_6161,val,011,011.14,011/011.14/Radargrams/Profile_6161.sgy,log_clip,rendered/log_clip/val__011__011_14__Profile_6161__log_clip.png,0.5633671807174662,0.1857035607099533,0.21587331593036652,0.14863228797912598,0.1453395038843155,0.1580520123243332,0.19082681834697723
val__011__011_14__Profile_6161,val,011,011.14,011/011.14/Radargrams/Profile_6161.sgy,zscore_clip,rendered/zscore_clip/val__011__011_14__Profile_6161__zscore_clip.png,0.9304047442921382,0.1034524217247963,0.11473993957042694,0.09264788776636124,0.09245888143777847,0.09661865234375,0.1047324389219284
val__011__011_14__Profile_6161,val,011,011.14,011/011.14/Radargrams/Profile_6161.sgy,amplitude_jitter,rendered/amplitude_jitter/val__011__011_14__Profile_6161__amplitude_jitter.png,0.9999999999999527,8.3667002215293e-09,1.610264810381068e-08,8.226924030907412e-09,8.242373894518096e-09,8.320218292112713e-09,8.373893578550451e-09
val__011__011_14__Profile_6161,val,011,011.14,011/011.14/Radargrams/Profile_6161.sgy,remove_top_band,rendered/remove_top_band/val__011__011_14__Profile_6161__remove_top_band.png,0.9999941386652386,2.7451218556961976e-05,0.00016775906260591,0.0005856259958818555,0.0,0.00017091238987632096,0.0
val__011__011_14__Profile_6161,val,011,011.14,011/011.14/Radargrams/Profile_6161.sgy,remove_bottom_band,rendered/remove_bottom_band/val__011__011_14__Profile_6161__remove_bottom_band.png,0.9999979700771627,1.638770663703326e-05,9.872581722447649e-05,0.0,0.0003496044082567096,0.00010260947601636872,0.0
val__011__011_14__Profile_6161,val,011,011.14,011/011.14/Radargrams/Profile_6161.sgy,remove_border,rendered/remove_border/val__011__011_14__Profile_6161__remove_border.png,0.9630511586675002,0.0009889955399557948,0.013191834092140198,0.0005793628515675664,0.0003401349822524935,0.005885760299861431,0.0
val__011__011_14__Profile_6161,val,011,011.14,011/011.14/Radargrams/Profile_6161.sgy,time_reverse,rendered/time_reverse/val__011__011_14__Profile_6161__time_reverse.png,-0.0011852732915086884,0.028220975771546364,0.06931242346763611,0.0007049818523228168,0.0007049819105304778,0.01150573045015335,0.031345780938863754
val__011__011_15__Profile_6386,val,011,011.15,011/011.15/Radargrams/Profile_6386.sgy,original,rendered/original/val__011__011_15__Profile_6386__original.png,1.0,0.0,0.0,0.0,0.0,0.0,0.0
val__011__011_15__Profile_6386,val,011,011.15,011/011.15/Radargrams/Profile_6386.sgy,log_clip,rendered/log_clip/val__011__011_15__Profile_6386__log_clip.png,0.5339380369600762,0.17025619745254517,0.1930764615535736,0.13983102142810822,0.12200678139925003,0.13346359133720398,0.1743425577878952
val__011__011_15__Profile_6386,val,011,011.15,011/011.15/Radargrams/Profile_6386.sgy,zscore_clip,rendered/zscore_clip/val__011__011_15__Profile_6386__zscore_clip.png,0.9319291164417229,0.06831782311201096,0.08228427171707153,0.0574486069381237,0.05707555264234543,0.05798399820923805,0.06946659833192825
val__011__011_15__Profile_6386,val,011,011.15,011/011.15/Radargrams/Profile_6386.sgy,amplitude_jitter,rendered/amplitude_jitter/val__011__011_15__Profile_6386__amplitude_jitter.png,0.9999999999999393,2.3308054153403646e-08,2.8889537873055815e-08,2.339926474803633e-08,2.2717072667433058e-08,2.3082948885644328e-08,2.3333075915843438e-08
val__011__011_15__Profile_6386,val,011,011.15,011/011.15/Radargrams/Profile_6386.sgy,remove_top_band,rendered/remove_top_band/val__011__011_15__Profile_6386__remove_top_band.png,0.9999934151681111,2.971439425891731e-05,0.0001700176071608439,0.000633907038718462,0.0,0.0002967686450574547,0.0
val__011__011_15__Profile_6386,val,011,011.15,011/011.15/Radargrams/Profile_6386.sgy,remove_bottom_band,rendered/remove_bottom_band/val__011__011_15__Profile_6386__remove_bottom_band.png,0.999998805237751,1.2379567124298774e-05,7.240297418320552e-05,0.0,0.0002640974707901478,0.00012362525740172714,0.0
val__011__011_15__Profile_6386,val,011,011.15,011/011.15/Radargrams/Profile_6386.sgy,remove_border,rendered/remove_border/val__011__011_15__Profile_6386__remove_border.png,0.9970022554417515,0.00011868946603499353,0.003623389406129718,0.0006226793630048633,0.0002556162071414292,0.0011806682450696826,0.0
val__011__011_15__Profile_6386,val,011,011.15,011/011.15/Radargrams/Profile_6386.sgy,time_reverse,rendered/time_reverse/val__011__011_15__Profile_6386__time_reverse.png,-0.0021541937074707044,0.023842746391892433,0.06629925966262817,0.0007841498591005802,0.0007841498591005802,0.0022577987983822823,0.026242192834615707
val__011__011_16__Profile_6447,val,011,011.16,011/011.16/Radargrams/Profile_6447.sgy,original,rendered/original/val__011__011_16__Profile_6447__original.png,1.0,0.0,0.0,0.0,0.0,0.0,0.0
val__011__011_16__Profile_6447,val,011,011.16,011/011.16/Radargrams/Profile_6447.sgy,log_clip,rendered/log_clip/val__011__011_16__Profile_6447__log_clip.png,0.5408654125965193,0.17516590654850006,0.20035968720912933,0.14792826771736145,0.13130593299865723,0.16460275650024414,0.17822147905826569
val__011__011_16__Profile_6447,val,011,011.16,011/011.16/Radargrams/Profile_6447.sgy,zscore_clip,rendered/zscore_clip/val__011__011_16__Profile_6447__zscore_clip.png,0.9370657395126328,0.07991842180490494,0.09060877561569214,0.0704563558101654,0.07011967152357101,0.07662230730056763,0.08090449869632721
val__011__011_16__Profile_6447,val,011,011.16,011/011.16/Radargrams/Profile_6447.sgy,amplitude_jitter,rendered/amplitude_jitter/val__011__011_16__Profile_6447__amplitude_jitter.png,0.9999999999999561,1.1383814779719614e-08,1.8771029175468357e-08,1.1511606778924488e-08,1.0789544369060877e-08,1.1168328484245649e-08,1.1452478965168211e-08
val__011__011_16__Profile_6447,val,011,011.16,011/011.16/Radargrams/Profile_6447.sgy,remove_top_band,rendered/remove_top_band/val__011__011_16__Profile_6447__remove_top_band.png,0.99999316049322,3.3289517887169495e-05,0.00018673299928195775,0.0007101764203980565,0.0,0.00014735871809534729,0.0
val__011__011_16__Profile_6447,val,011,011.16,011/011.16/Radargrams/Profile_6447.sgy,remove_bottom_band,rendered/remove_bottom_band/val__011__011_16__Profile_6447__remove_bottom_band.png,0.9999991704080124,1.1062946214224212e-05,6.506820500362664e-05,0.0,0.0002360095240874216,4.7920053475536406e-05,0.0
val__011__011_16__Profile_6447,val,011,011.16,011/011.16/Radargrams/Profile_6447.sgy,remove_border,rendered/remove_border/val__011__011_16__Profile_6447__remove_border.png,0.8913677643671725,0.002584446221590042,0.022875528782606125,0.000698561139870435,0.00022288998297881335,0.009549252688884735,0.0
val__011__011_16__Profile_6447,val,011,011.16,011/011.16/Radargrams/Profile_6447.sgy,time_reverse,rendered/time_reverse/val__011__011_16__Profile_6447__time_reverse.png,-0.0025599299322396542,0.026035912334918976,0.07146178185939789,0.0007817554869689047,0.0007817554869689047,0.018905261531472206,0.028072573244571686
val__011__011_17__Profile_6409,val,011,011.17,011/011.17/Radargrams/Profile_6409.sgy,original,rendered/original/val__011__011_17__Profile_6409__original.png,1.0,0.0,0.0,0.0,0.0,0.0,0.0
val__011__011_17__Profile_6409,val,011,011.17,011/011.17/Radargrams/Profile_6409.sgy,log_clip,rendered/log_clip/val__011__011_17__Profile_6409__log_clip.png,0.5426668674459105,0.17330142855644226,0.19805103540420532,0.12318041920661926,0.13043458759784698,0.14823614060878754,0.17764195799827576
val__011__011_17__Profile_6409,val,011,011.17,011/011.17/Radargrams/Profile_6409.sgy,zscore_clip,rendered/zscore_clip/val__011__011_17__Profile_6409__zscore_clip.png,0.9297607462292204,0.07589345425367355,0.08851437270641327,0.06507161259651184,0.0650479644536972,0.07007856667041779,0.0769028514623642
val__011__011_17__Profile_6409,val,011,011.17,011/011.17/Radargrams/Profile_6409.sgy,amplitude_jitter,rendered/amplitude_jitter/val__011__011_17__Profile_6409__amplitude_jitter.png,0.9999999999999524,7.742193552928711e-09,1.5518420326543492e-08,5.997951468827978e-09,6.37617070253782e-09,6.777958638792825e-09,7.910534449706574e-09
val__011__011_17__Profile_6409,val,011,011.17,011/011.17/Radargrams/Profile_6409.sgy,remove_top_band,rendered/remove_top_band/val__011__011_17__Profile_6409__remove_top_band.png,0.9999984422519564,1.5123399862204678e-05,8.943569991970435e-05,0.000322632520692423,0.0,0.00010206021397607401,0.0
val__011__011_17__Profile_6409,val,011,011.17,011/011.17/Radargrams/Profile_6409.sgy,remove_bottom_band,rendered/remove_bottom_band/val__011__011_17__Profile_6409__remove_bottom_band.png,0.9999988866536307,1.3060957826382946e-05,7.569594163214788e-05,0.0,0.0002786337863653898,8.738317410461605e-05,0.0
val__011__011_17__Profile_6409,val,011,011.17,011/011.17/Radargrams/Profile_6409.sgy,remove_border,rendered/remove_border/val__011__011_17__Profile_6409__remove_border.png,0.9718281827173479,0.0009130121325142682,0.011940828524529934,0.0003182226500939578,0.00026712153339758515,0.00577381020411849,0.0
val__011__011_17__Profile_6409,val,011,011.17,011/011.17/Radargrams/Profile_6409.sgy,time_reverse,rendered/time_reverse/val__011__011_17__Profile_6409__time_reverse.png,-0.0009761341947631463,0.026678254827857018,0.07168349623680115,0.0004765442863572389,0.00047654431546106935,0.011297483928501606,0.029366029426455498
val__011__011_2__Profile_6063,val,011,011.2,011/011.2/Radargrams/Profile_6063.sgy,original,rendered/original/val__011__011_2__Profile_6063__original.png,1.0,0.0,0.0,0.0,0.0,0.0,0.0
val__011__011_2__Profile_6063,val,011,011.2,011/011.2/Radargrams/Profile_6063.sgy,log_clip,rendered/log_clip/val__011__011_2__Profile_6063__log_clip.png,0.525510942262007,0.1793397217988968,0.21076270937919617,0.13915269076824188,0.1350688338279724,0.15685983002185822,0.18396203219890594
val__011__011_2__Profile_6063,val,011,011.2,011/011.2/Radargrams/Profile_6063.sgy,zscore_clip,rendered/zscore_clip/val__011__011_2__Profile_6063__zscore_clip.png,0.9204353592841665,0.10394812375307083,0.1126309409737587,0.0956071987748146,0.0953204557299614,0.09984083473682404,0.10477979481220245
val__011__011_2__Profile_6063,val,011,011.2,011/011.2/Radargrams/Profile_6063.sgy,amplitude_jitter,rendered/amplitude_jitter/val__011__011_2__Profile_6063__amplitude_jitter.png,0.9999999999999479,7.473627938736627e-09,1.510118785574832e-08,7.32851690443681e-09,7.51396012077521e-09,7.461465223457253e-09,7.475712493487663e-09
val__011__011_2__Profile_6063,val,011,011.2,011/011.2/Radargrams/Profile_6063.sgy,remove_top_band,rendered/remove_top_band/val__011__011_2__Profile_6063__remove_top_band.png,0.999994785147598,2.3252625396708027e-05,0.0001493772433605045,0.00049605593085289,0.0,0.0001368566881865263,0.0
val__011__011_2__Profile_6063,val,011,011.2,011/011.2/Radargrams/Profile_6063.sgy,remove_bottom_band,rendered/remove_bottom_band/val__011__011_2__Profile_6063__remove_bottom_band.png,0.9999986238571227,1.3067260624666233e-05,7.675150845898315e-05,0.0,0.0002787682169582695,7.863721839385107e-05,0.0
val__011__011_2__Profile_6063,val,011,011.2,011/011.2/Radargrams/Profile_6063.sgy,remove_border,rendered/remove_border/val__011__011_2__Profile_6063__remove_border.png,0.961515499955344,0.0010187625885009766,0.012702461332082748,0.0004897562903352082,0.00026574652292765677,0.005540388636291027,0.0
val__011__011_2__Profile_6063,val,011,011.2,011/011.2/Radargrams/Profile_6063.sgy,time_reverse,rendered/time_reverse/val__011__011_2__Profile_6063__time_reverse.png,-0.001018684038951835,0.023679878562688828,0.06541617214679718,0.0006684634718112648,0.0006684634718112648,0.010864309035241604,0.026312170550227165
val__011__011_3__Profile_6026,val,011,011.3,011/011.3/Radargrams/Profile_6026.sgy,original,rendered/original/val__011__011_3__Profile_6026__original.png,0.9999999999999999,0.0,0.0,0.0,0.0,0.0,0.0
val__011__011_3__Profile_6026,val,011,011.3,011/011.3/Radargrams/Profile_6026.sgy,log_clip,rendered/log_clip/val__011__011_3__Profile_6026__log_clip.png,0.5373749568645079,0.18371711671352386,0.21228890120983124,0.15574070811271667,0.13993605971336365,0.1660442054271698,0.1871916800737381
val__011__011_3__Profile_6026,val,011,011.3,011/011.3/Radargrams/Profile_6026.sgy,zscore_clip,rendered/zscore_clip/val__011__011_3__Profile_6026__zscore_clip.png,0.9249038515734185,0.09859376400709152,0.10740607231855392,0.09080879390239716,0.09035860002040863,0.09387774765491486,0.09953753650188446
val__011__011_3__Profile_6026,val,011,011.3,011/011.3/Radargrams/Profile_6026.sgy,amplitude_jitter,rendered/amplitude_jitter/val__011__011_3__Profile_6026__amplitude_jitter.png,0.9999999999999508,1.0598949273799008e-08,1.8066625528945224e-08,1.0231243408043156e-08,1.0151415708037348e-08,1.0360420965582762e-08,1.0645419656896138e-08
val__011__011_3__Profile_6026,val,011,011.3,011/011.3/Radargrams/Profile_6026.sgy,remove_top_band,rendered/remove_top_band/val__011__011_3__Profile_6026__remove_top_band.png,0.9999900857379086,3.919604932889342e-05,0.00022585397528018802,0.0008361825020983815,0.0,0.00023820920614525676,0.0
val__011__011_3__Profile_6026,val,011,011.3,011/011.3/Radargrams/Profile_6026.sgy,remove_bottom_band,rendered/remove_bottom_band/val__011__011_3__Profile_6026__remove_bottom_band.png,0.9999981261867353,1.6805619452497922e-05,9.81497869361192e-05,0.0,0.0003585198428481817,0.00010129666770808399,0.0
val__011__011_3__Profile_6026,val,011,011.3,011/011.3/Radargrams/Profile_6026.sgy,remove_border,rendered/remove_border/val__011__011_3__Profile_6026__remove_border.png,0.9562998416420906,0.0012066017370671034,0.014821819961071014,0.000826128467451781,0.0003506949869915843,0.006750527303665876,0.0
val__011__011_3__Profile_6026,val,011,011.3,011/011.3/Radargrams/Profile_6026.sgy,time_reverse,rendered/time_reverse/val__011__011_3__Profile_6026__time_reverse.png,-0.0018509325374293042,0.02740444242954254,0.07175606489181519,0.0009995166910812259,0.000999516574665904,0.013197570107877254,0.03022579289972782
val__011__011_4__Profile_6625,val,011,011.4,011/011.4/Radargrams/Profile_6625.sgy,original,rendered/original/val__011__011_4__Profile_6625__original.png,0.9999999999999999,0.0,0.0,0.0,0.0,0.0,0.0
val__011__011_4__Profile_6625,val,011,011.4,011/011.4/Radargrams/Profile_6625.sgy,log_clip,rendered/log_clip/val__011__011_4__Profile_6625__log_clip.png,0.6049514189986355,0.1793200522661209,0.200541689991951,0.1375482827425003,0.11834640800952911,0.13867421448230743,0.18472202122211456
val__011__011_4__Profile_6625,val,011,011.4,011/011.4/Radargrams/Profile_6625.sgy,zscore_clip,rendered/zscore_clip/val__011__011_4__Profile_6625__zscore_clip.png,0.9518716441635461,0.06212715059518814,0.08380585163831711,0.04475705698132515,0.0443832203745842,0.0490080825984478,0.0638769343495369
val__011__011_4__Profile_6625,val,011,011.4,011/011.4/Radargrams/Profile_6625.sgy,amplitude_jitter,rendered/amplitude_jitter/val__011__011_4__Profile_6625__amplitude_jitter.png,0.9999999999999298,4.51446950933132e-08,4.9143427105491355e-08,4.515830198670301e-08,4.573088219217425e-08,4.53516797449538e-08,4.511564100084797e-08
val__011__011_4__Profile_6625,val,011,011.4,011/011.4/Radargrams/Profile_6625.sgy,remove_top_band,rendered/remove_top_band/val__011__011_4__Profile_6625__remove_top_band.png,0.9999933805242941,3.2022366212913767e-05,0.00018530996749177575,0.0006831437931396067,0.0,0.0002709925756789744,0.0
val__011__011_4__Profile_6625,val,011,011.4,011/011.4/Radargrams/Profile_6625.sgy,remove_bottom_band,rendered/remove_bottom_band/val__011__011_4__Profile_6625__remove_bottom_band.png,0.999997225755237,2.0097279048059136e-05,0.00011994224041700363,0.0,0.00042874194332398474,0.00016952566511463374,0.0
val__011__011_4__Profile_6625,val,011,011.4,011/011.4/Radargrams/Profile_6625.sgy,remove_border,rendered/remove_border/val__011__011_4__Profile_6625__remove_border.png,0.9882226487833353,0.0004884516820311546,0.0077916947193443775,0.0006754024652764201,0.0004161712131462991,0.004046093672513962,0.0
val__011__011_4__Profile_6625,val,011,011.4,011/011.4/Radargrams/Profile_6625.sgy,time_reverse,rendered/time_reverse/val__011__011_4__Profile_6625__time_reverse.png,-0.0023154536621234523,0.03229861333966255,0.07209290564060211,0.0008620781591162086,0.0008620781591162086,0.007799508050084114,0.03557005524635315
val__011__011_5__Profile_6050,val,011,011.5,011/011.5/Radargrams/Profile_6050.sgy,original,rendered/original/val__011__011_5__Profile_6050__original.png,1.0,0.0,0.0,0.0,0.0,0.0,0.0
val__011__011_5__Profile_6050,val,011,011.5,011/011.5/Radargrams/Profile_6050.sgy,log_clip,rendered/log_clip/val__011__011_5__Profile_6050__log_clip.png,0.5401936504325763,0.1707451045513153,0.1953357756137848,0.14468953013420105,0.12124088406562805,0.1409728080034256,0.17450980842113495
val__011__011_5__Profile_6050,val,011,011.5,011/011.5/Radargrams/Profile_6050.sgy,zscore_clip,rendered/zscore_clip/val__011__011_5__Profile_6050__zscore_clip.png,0.9213818876881796,0.0763348713517189,0.08999275416135788,0.06538379937410355,0.06487905234098434,0.06713267415761948,0.07748819887638092
val__011__011_5__Profile_6050,val,011,011.5,011/011.5/Radargrams/Profile_6050.sgy,amplitude_jitter,rendered/amplitude_jitter/val__011__011_5__Profile_6050__amplitude_jitter.png,0.9999999999999298,9.168934944625562e-09,1.6778500366854132e-08,9.289149005553554e-09,9.3157872527172e-09,9.281425406015842e-09,9.154153879364912e-09
val__011__011_5__Profile_6050,val,011,011.5,011/011.5/Radargrams/Profile_6050.sgy,remove_top_band,rendered/remove_top_band/val__011__011_5__Profile_6050__remove_top_band.png,0.9999913067462795,3.1631472666049376e-05,0.00018604630895424634,0.0006748047890141606,0.0,0.0002865258138626814,0.0
val__011__011_5__Profile_6050,val,011,011.5,011/011.5/Radargrams/Profile_6050.sgy,remove_bottom_band,rendered/remove_bottom_band/val__011__011_5__Profile_6050__remove_bottom_band.png,0.9999983924317776,1.3606580068881158e-05,7.995640044100583e-05,0.0,0.00029027368873357773,0.00012336569488979876,0.0
val__011__011_5__Profile_6050,val,011,011.5,011/011.5/Radargrams/Profile_6050.sgy,remove_border,rendered/remove_border/val__011__011_5__Profile_6050__remove_border.png,0.9853654581300588,0.00032208385528065264,0.007600670680403709,0.0006671276642009616,0.00028104285593144596,0.0028477380983531475,0.0
val__011__011_5__Profile_6050,val,011,011.5,011/011.5/Radargrams/Profile_6050.sgy,time_reverse,rendered/time_reverse/val__011__011_5__Profile_6050__time_reverse.png,-0.002133301472104603,0.023120133206248283,0.06312762200832367,0.0008234260603785515,0.0008234260603785515,0.005539885256439447,0.02532184310257435
val__011__011_6__Profile_6040,val,011,011.6,011/011.6/Radargrams/Profile_6040.sgy,original,rendered/original/val__011__011_6__Profile_6040__original.png,1.0,0.0,0.0,0.0,0.0,0.0,0.0
val__011__011_6__Profile_6040,val,011,011.6,011/011.6/Radargrams/Profile_6040.sgy,log_clip,rendered/log_clip/val__011__011_6__Profile_6040__log_clip.png,0.5314964995730609,0.17974606156349182,0.2044861763715744,0.1446762979030609,0.12558281421661377,0.15355093777179718,0.18378543853759766
val__011__011_6__Profile_6040,val,011,011.6,011/011.6/Radargrams/Profile_6040.sgy,zscore_clip,rendered/zscore_clip/val__011__011_6__Profile_6040__zscore_clip.png,0.9259374575807546,0.0785742774605751,0.09362920373678207,0.06674528121948242,0.0662764459848404,0.07127206027507782,0.07970251888036728
val__011__011_6__Profile_6040,val,011,011.6,011/011.6/Radargrams/Profile_6040.sgy,amplitude_jitter,rendered/amplitude_jitter/val__011__011_6__Profile_6040__amplitude_jitter.png,0.9999999999999308,1.23705605759028e-08,1.9489599267785707e-08,1.2175842556416683e-08,1.2153972051009987e-08,1.2264842474962734e-08,1.2387893377763248e-08
val__011__011_6__Profile_6040,val,011,011.6,011/011.6/Radargrams/Profile_6040.sgy,remove_top_band,rendered/remove_top_band/val__011__011_6__Profile_6040__remove_top_band.png,0.999991257440032,2.9278395231813192e-05,0.0001724972971715033,0.0006246058037504554,0.0,0.00021711473527830094,0.0
val__011__011_6__Profile_6040,val,011,011.6,011/011.6/Radargrams/Profile_6040.sgy,remove_bottom_band,rendered/remove_bottom_band/val__011__011_6__Profile_6040__remove_bottom_band.png,0.9999982199513574,1.3186224350647535e-05,7.783807814121246e-05,0.0,0.00028130612918175757,9.841876453720033e-05,0.0
val__011__011_6__Profile_6040,val,011,011.6,011/011.6/Radargrams/Profile_6040.sgy,remove_border,rendered/remove_border/val__011__011_6__Profile_6040__remove_border.png,0.9815119597455828,0.0006019813590683043,0.00789128988981247,0.0006156135932542384,0.0002680951729416847,0.004291536286473274,0.0
val__011__011_6__Profile_6040,val,011,011.6,011/011.6/Radargrams/Profile_6040.sgy,time_reverse,rendered/time_reverse/val__011__011_6__Profile_6040__time_reverse.png,-0.002050162222146743,0.02214115858078003,0.05836647376418114,0.0007865566294640303,0.0007865567458793521,0.008398710750043392,0.024271083995699883
val__011__011_7__Profile_6037,val,011,011.7,011/011.7/Radargrams/Profile_6037.sgy,original,rendered/original/val__011__011_7__Profile_6037__original.png,1.0,0.0,0.0,0.0,0.0,0.0,0.0
val__011__011_7__Profile_6037,val,011,011.7,011/011.7/Radargrams/Profile_6037.sgy,log_clip,rendered/log_clip/val__011__011_7__Profile_6037__log_clip.png,0.5133003424965082,0.17732392251491547,0.20216430723667145,0.15908700227737427,0.13723917305469513,0.1501845419406891,0.1803213357925415
val__011__011_7__Profile_6037,val,011,011.7,011/011.7/Radargrams/Profile_6037.sgy,zscore_clip,rendered/zscore_clip/val__011__011_7__Profile_6037__zscore_clip.png,0.9320107997419234,0.08314841240644455,0.09125056117773056,0.0755729228258133,0.0750347226858139,0.07593051344156265,0.08394655585289001
val__011__011_7__Profile_6037,val,011,011.7,011/011.7/Radargrams/Profile_6037.sgy,amplitude_jitter,rendered/amplitude_jitter/val__011__011_7__Profile_6037__amplitude_jitter.png,0.9999999999999568,9.020833857675825e-09,1.6612721864817104e-08,8.522305527947083e-09,9.375004772493867e-09,8.966223319362143e-09,9.02689034631976e-09
val__011__011_7__Profile_6037,val,011,011.7,011/011.7/Radargrams/Profile_6037.sgy,remove_top_band,rendered/remove_top_band/val__011__011_7__Profile_6037__remove_top_band.png,0.9999880008046299,4.441185592440888e-05,0.0002535889798309654,0.0009474529651924968,0.0,0.0004460242635104805,0.0
val__011__011_7__Profile_6037,val,011,011.7,011/011.7/Radargrams/Profile_6037.sgy,remove_bottom_band,rendered/remove_bottom_band/val__011__011_7__Profile_6037__remove_bottom_band.png,0.9999975554908036,1.931138467625715e-05,0.00011440974776633084,0.0,0.00041197618702426553,0.00019365601474419236,0.0
val__011__011_7__Profile_6037,val,011,011.7,011/011.7/Radargrams/Profile_6037.sgy,remove_border,rendered/remove_border/val__011__011_7__Profile_6037__remove_border.png,0.9962122347685523,0.00015908539353404194,0.004498729482293129,0.0009377929382026196,0.00040022385655902326,0.0015912014059722424,0.0
val__011__011_7__Profile_6037,val,011,011.7,011/011.7/Radargrams/Profile_6037.sgy,time_reverse,rendered/time_reverse/val__011__011_7__Profile_6037__time_reverse.png,-0.0026112785748188786,0.025337129831314087,0.07326127588748932,0.001161501044407487,0.0011615011608228087,0.0029937417712062597,0.027807647362351418
val__011__011_8__Profile_6611,val,011,011.8,011/011.8/Radargrams/Profile_6611.sgy,original,rendered/original/val__011__011_8__Profile_6611__original.png,0.9999999999999999,0.0,0.0,0.0,0.0,0.0,0.0
val__011__011_8__Profile_6611,val,011,011.8,011/011.8/Radargrams/Profile_6611.sgy,log_clip,rendered/log_clip/val__011__011_8__Profile_6611__log_clip.png,0.5229438170398546,0.1861516833305359,0.21440967917442322,0.14328725636005402,0.1438445895910263,0.15010930597782135,0.19065158069133759
val__011__011_8__Profile_6611,val,011,011.8,011/011.8/Radargrams/Profile_6611.sgy,zscore_clip,rendered/zscore_clip/val__011__011_8__Profile_6611__zscore_clip.png,0.9305542725005493,0.09684901684522629,0.10644640028476715,0.08788174390792847,0.08773042261600494,0.08955852687358856,0.09775941073894501
val__011__011_8__Profile_6611,val,011,011.8,011/011.8/Radargrams/Profile_6611.sgy,amplitude_jitter,rendered/amplitude_jitter/val__011__011_8__Profile_6611__amplitude_jitter.png,0.999999999999945,4.154892607743932e-08,4.4289727441082505e-08,4.1439317755020966e-08,4.209698900581316e-08,4.175588586008416e-08,4.1522817184613814e-08
val__011__011_8__Profile_6611,val,011,011.8,011/011.8/Radargrams/Profile_6611.sgy,remove_top_band,rendered/remove_top_band/val__011__011_8__Profile_6611__remove_top_band.png,0.9999954470642838,2.4017706891754642e-05,0.00014038242807146162,0.0005123777664266527,0.0,0.00021599954925477505,0.0
val__011__011_8__Profile_6611,val,011,011.8,011/011.8/Radargrams/Profile_6611.sgy,remove_bottom_band,rendered/remove_bottom_band/val__011__011_8__Profile_6611__remove_bottom_band.png,0.9999979797751937,1.567219806020148e-05,9.355193469673395e-05,0.0,0.0003343402058817446,0.00014058861415833235,0.0
val__011__011_8__Profile_6611,val,011,011.8,011/011.8/Radargrams/Profile_6611.sgy,remove_border,rendered/remove_border/val__011__011_8__Profile_6611__remove_border.png,0.9872267803268603,0.00031301844865083694,0.0074096256867051125,0.0005053849890828133,0.0003177843173034489,0.002770382445305586,0.0
val__011__011_8__Profile_6611,val,011,011.8,011/011.8/Radargrams/Profile_6611.sgy,time_reverse,rendered/time_reverse/val__011__011_8__Profile_6611__time_reverse.png,-0.001880784874231259,0.024704506620764732,0.0658332034945488,0.0006597426836378872,0.0006597426836378872,0.005324789322912693,0.02712438628077507
val__011__011_9__Profile_6612,val,011,011.9,011/011.9/Radargrams/Profile_6612.sgy,original,rendered/original/val__011__011_9__Profile_6612__original.png,1.0,0.0,0.0,0.0,0.0,0.0,0.0
val__011__011_9__Profile_6612,val,011,011.9,011/011.9/Radargrams/Profile_6612.sgy,log_clip,rendered/log_clip/val__011__011_9__Profile_6612__log_clip.png,0.5697330335954909,0.17804265022277832,0.20060855150222778,0.13828863203525543,0.12168756127357483,0.15961971879005432,0.1827045977115631
val__011__011_9__Profile_6612,val,011,011.9,011/011.9/Radargrams/Profile_6612.sgy,zscore_clip,rendered/zscore_clip/val__011__011_9__Profile_6612__zscore_clip.png,0.9434503042035978,0.06782473623752594,0.08332505077123642,0.05556332692503929,0.05527478829026222,0.06405196338891983,0.06871489435434341
val__011__011_9__Profile_6612,val,011,011.9,011/011.9/Radargrams/Profile_6612.sgy,amplitude_jitter,rendered/amplitude_jitter/val__011__011_9__Profile_6612__amplitude_jitter.png,0.9999999999999445,1.0432066765986292e-08,1.8020127612317083e-08,1.0465801558723342e-08,1.0568710351321897e-08,1.0435785569029576e-08,1.0430894370472288e-08
val__011__011_9__Profile_6612,val,011,011.9,011/011.9/Radargrams/Profile_6612.sgy,remove_top_band,rendered/remove_top_band/val__011__011_9__Profile_6612__remove_top_band.png,0.999995176775806,2.889920688176062e-05,0.00016666973533574492,0.0006165163940750062,0.0,0.00014487891166936606,0.0
val__011__011_9__Profile_6612,val,011,011.9,011/011.9/Radargrams/Profile_6612.sgy,remove_bottom_band,rendered/remove_bottom_band/val__011__011_9__Profile_6612__remove_bottom_band.png,0.9999983429185703,1.6402696928707883e-05,9.766913717612624e-05,0.0,0.00034992420114576817,8.475242066197097e-05,0.0
val__011__011_9__Profile_6612,val,011,011.9,011/011.9/Radargrams/Profile_6612.sgy,remove_border,rendered/remove_border/val__011__011_9__Profile_6612__remove_border.png,0.9050450979713693,0.002532512415200472,0.022817352786660194,0.0006084571941755712,0.00033948427881114185,0.011217755265533924,0.0
val__011__011_9__Profile_6612,val,011,011.9,011/011.9/Radargrams/Profile_6612.sgy,time_reverse,rendered/time_reverse/val__011__011_9__Profile_6612__time_reverse.png,-0.002007588393606831,0.03102945163846016,0.0759459063410759,0.0007716960390098393,0.0007716960390098393,0.022134022787213326,0.03311339393258095
test__010__010_1__Path1,test,010,010.1,010/010.1/Radargrams/Path1.sgy,original,rendered/original/test__010__010_1__Path1__original.png,1.0,0.0,0.0,0.0,0.0,0.0,0.0
test__010__010_1__Path1,test,010,010.1,010/010.1/Radargrams/Path1.sgy,log_clip,rendered/log_clip/test__010__010_1__Path1__log_clip.png,0.5810661816932953,0.20862779021263123,0.22500014305114746,0.18115878105163574,0.12198664993047714,0.1905532330274582,0.21271060407161713
test__010__010_1__Path1,test,010,010.1,010/010.1/Radargrams/Path1.sgy,zscore_clip,rendered/zscore_clip/test__010__010_1__Path1__zscore_clip.png,0.9677707050366295,0.020153772085905075,0.050704967230558395,0.003922967705875635,0.0002944483421742916,0.011535312980413437,0.022137632593512535
test__010__010_1__Path1,test,010,010.1,010/010.1/Radargrams/Path1.sgy,amplitude_jitter,rendered/amplitude_jitter/test__010__010_1__Path1__amplitude_jitter.png,0.999999999999976,8.136690432536398e-09,1.8823993030991915e-08,7.794047185427644e-09,3.528604297642346e-09,7.286623748825605e-09,8.342238899672338e-09
test__010__010_1__Path1,test,010,010.1,010/010.1/Radargrams/Path1.sgy,remove_top_band,rendered/remove_top_band/test__010__010_1__Path1__remove_top_band.png,0.9726865210340716,0.004223748110234737,0.01999339461326599,0.09010662883520126,0.0,0.022142430767416954,0.0
test__010__010_1__Path1,test,010,010.1,010/010.1/Radargrams/Path1.sgy,remove_bottom_band,rendered/remove_bottom_band/test__010__010_1__Path1__remove_bottom_band.png,0.9999989933283049,1.9652927221613936e-05,0.00011715236905729398,0.0,0.0004192624182906002,0.00011106829333584756,0.0
test__010__010_1__Path1,test,010,010.1,010/010.1/Radargrams/Path1.sgy,remove_border,rendered/remove_border/test__010__010_1__Path1__remove_border.png,0.9434753829854968,0.003307970706373453,0.027215484529733658,0.003598693758249283,0.0002820617810357362,0.016061780974268913,0.0
test__010__010_1__Path1,test,010,010.1,010/010.1/Radargrams/Path1.sgy,time_reverse,rendered/time_reverse/test__010__010_1__Path1__time_reverse.png,-0.0006457582900639262,0.05574130266904831,0.1161605641245842,0.0037639932706952095,0.0037639932706952095,0.03161012381315231,0.06127568334341049
test__010__010_10__Path1,test,010,010.10,010/010.10/Radargrams/Path1.sgy,original,rendered/original/test__010__010_10__Path1__original.png,1.0,0.0,0.0,0.0,0.0,0.0,0.0
test__010__010_10__Path1,test,010,010.10,010/010.10/Radargrams/Path1.sgy,log_clip,rendered/log_clip/test__010__010_10__Path1__log_clip.png,0.637215665729012,0.20722389221191406,0.2266538441181183,0.1969645917415619,0.10594600439071655,0.18493521213531494,0.21400494873523712
test__010__010_10__Path1,test,010,010.10,010/010.10/Radargrams/Path1.sgy,zscore_clip,rendered/zscore_clip/test__010__010_10__Path1__zscore_clip.png,0.968124156320274,0.047746747732162476,0.07812607288360596,0.023639768362045288,0.022468693554401398,0.03980976715683937,0.050192367285490036
test__010__010_10__Path1,test,010,010.10,010/010.10/Radargrams/Path1.sgy,amplitude_jitter,rendered/amplitude_jitter/test__010__010_10__Path1__amplitude_jitter.png,0.9999999999999007,2.3266284898681988e-08,3.6619947962890365e-08,2.3637461765702028e-08,2.0956131052685123e-08,2.287090694608196e-08,2.3387132230823227e-08
test__010__010_10__Path1,test,010,010.10,010/010.10/Radargrams/Path1.sgy,remove_top_band,rendered/remove_top_band/test__010__010_10__Path1__remove_top_band.png,0.9902799656465254,0.001548917731270194,0.009002003818750381,0.03304357826709747,0.0,0.006274881307035685,0.00015440584684256464
test__010__010_10__Path1,test,010,010.10,010/010.10/Radargrams/Path1.sgy,remove_bottom_band,rendered/remove_bottom_band/test__010__010_10__Path1__remove_bottom_band.png,0.9999995234795523,1.0747623491624836e-05,6.248267891351134e-05,0.0,0.00022928262478671968,4.0270184399560094e-05,1.128616304413299e-06
test__010__010_10__Path1,test,010,010.10,010/010.10/Radargrams/Path1.sgy,remove_border,rendered/remove_border/test__010__010_10__Path1__remove_border.png,0.9092553510309664,0.00473944004625082,0.02664054185152054,0.001511131995357573,0.0001612800406292081,0.016926391050219536,0.0
test__010__010_10__Path1,test,010,010.10,010/010.10/Radargrams/Path1.sgy,time_reverse,rendered/time_reverse/test__010__010_10__Path1__time_reverse.png,0.0007301062052227488,0.04928590729832649,0.09048087149858475,0.0023388033732771873,0.002338803606107831,0.03338203579187393,0.05425231531262398
test__010__010_11__Path1,test,010,010.11,010/010.11/Radargrams/Path1.sgy,original,rendered/original/test__010__010_11__Path1__original.png,1.0,0.0,0.0,0.0,0.0,0.0,0.0
test__010__010_11__Path1,test,010,010.11,010/010.11/Radargrams/Path1.sgy,log_clip,rendered/log_clip/test__010__010_11__Path1__log_clip.png,0.5534643616239614,0.22477519512176514,0.23963910341262817,0.1886250376701355,0.12876930832862854,0.19017821550369263,0.23165105283260345
test__010__010_11__Path1,test,010,010.11,010/010.11/Radargrams/Path1.sgy,zscore_clip,rendered/zscore_clip/test__010__010_11__Path1__zscore_clip.png,0.9656236309944863,0.018209101632237434,0.04397265985608101,0.0010393118718639016,0.00043384765740484,0.00880227517336607,0.02006261609494686
test__010__010_11__Path1,test,010,010.11,010/010.11/Radargrams/Path1.sgy,amplitude_jitter,rendered/amplitude_jitter/test__010__010_11__Path1__amplitude_jitter.png,0.9999999999999767,1.0394235694377585e-08,2.1787947446227918e-08,1.141853989139463e-08,7.780696975601131e-09,1.018946704789414e-08,1.045150010980933e-08
test__010__010_11__Path1,test,010,010.11,010/010.11/Radargrams/Path1.sgy,remove_top_band,rendered/remove_top_band/test__010__010_11__Path1__remove_top_band.png,0.9987313648516924,0.0005343274679034948,0.004352306481450796,0.011398986913263798,0.0,0.0031377363484352827,0.0
test__010__010_11__Path1,test,010,010.11,010/010.11/Radargrams/Path1.sgy,remove_bottom_band,rendered/remove_bottom_band/test__010__010_11__Path1__remove_bottom_band.png,0.999998850818318,2.1711350200348534e-05,0.00013148447033017874,0.0,0.00046317538362927735,0.00013334458344615996,0.0
test__010__010_11__Path1,test,010,010.11,010/010.11/Radargrams/Path1.sgy,remove_border,rendered/remove_border/test__010__010_11__Path1__remove_border.png,0.9563466159274887,0.0025750708300620317,0.025227343663573265,0.001294054090976715,0.00032295993878506124,0.014481554739177227,0.0
test__010__010_11__Path1,test,010,010.11,010/010.11/Radargrams/Path1.sgy,time_reverse,rendered/time_reverse/test__010__010_11__Path1__time_reverse.png,0.00048263542483586134,0.05832323059439659,0.12205320596694946,0.0011639875592663884,0.0011639876756817102,0.028126440942287445,0.06426279246807098
test__010__010_12__Path1,test,010,010.12,010/010.12/Radargrams/Path1.sgy,original,rendered/original/test__010__010_12__Path1__original.png,1.0,0.0,0.0,0.0,0.0,0.0,0.0
test__010__010_12__Path1,test,010,010.12,010/010.12/Radargrams/Path1.sgy,log_clip,rendered/log_clip/test__010__010_12__Path1__log_clip.png,0.5534643616239614,0.22477519512176514,0.23963910341262817,0.1886250376701355,0.12876930832862854,0.19017821550369263,0.23165105283260345
test__010__010_12__Path1,test,010,010.12,010/010.12/Radargrams/Path1.sgy,zscore_clip,rendered/zscore_clip/test__010__010_12__Path1__zscore_clip.png,0.9656236309944863,0.018209101632237434,0.04397265985608101,0.0010393118718639016,0.00043384765740484,0.00880227517336607,0.02006261609494686
test__010__010_12__Path1,test,010,010.12,010/010.12/Radargrams/Path1.sgy,amplitude_jitter,rendered/amplitude_jitter/test__010__010_12__Path1__amplitude_jitter.png,0.9999999999999767,1.0394235694377585e-08,2.1787947446227918e-08,1.141853989139463e-08,7.780696975601131e-09,1.018946704789414e-08,1.045150010980933e-08
test__010__010_12__Path1,test,010,010.12,010/010.12/Radargrams/Path1.sgy,remove_top_band,rendered/remove_top_band/test__010__010_12__Path1__remove_top_band.png,0.9987313648516924,0.0005343274679034948,0.004352306481450796,0.011398986913263798,0.0,0.0031377363484352827,0.0
test__010__010_12__Path1,test,010,010.12,010/010.12/Radargrams/Path1.sgy,remove_bottom_band,rendered/remove_bottom_band/test__010__010_12__Path1__remove_bottom_band.png,0.999998850818318,2.1711350200348534e-05,0.00013148447033017874,0.0,0.00046317538362927735,0.00013334458344615996,0.0
test__010__010_12__Path1,test,010,010.12,010/010.12/Radargrams/Path1.sgy,remove_border,rendered/remove_border/test__010__010_12__Path1__remove_border.png,0.9563466159274887,0.0025750708300620317,0.025227343663573265,0.001294054090976715,0.00032295993878506124,0.014481554739177227,0.0
test__010__010_12__Path1,test,010,010.12,010/010.12/Radargrams/Path1.sgy,time_reverse,rendered/time_reverse/test__010__010_12__Path1__time_reverse.png,0.00048263542483586134,0.05832323059439659,0.12205320596694946,0.0011639875592663884,0.0011639876756817102,0.028126440942287445,0.06426279246807098
test__010__010_13__Path1,test,010,010.13,010/010.13/Radargrams/Path1.sgy,original,rendered/original/test__010__010_13__Path1__original.png,0.9999999999999999,0.0,0.0,0.0,0.0,0.0,0.0
test__010__010_13__Path1,test,010,010.13,010/010.13/Radargrams/Path1.sgy,log_clip,rendered/log_clip/test__010__010_13__Path1__log_clip.png,0.5636086106334541,0.22776617109775543,0.24139100313186646,0.19801750779151917,0.13647307455539703,0.2185896784067154,0.23021075129508972
test__010__010_13__Path1,test,010,010.13,010/010.13/Radargrams/Path1.sgy,zscore_clip,rendered/zscore_clip/test__010__010_13__Path1__zscore_clip.png,0.9679513551974653,0.019451769068837166,0.046726033091545105,0.001013152883388102,0.00030780755332671106,0.016135942190885544,0.020286690443754196
test__010__010_13__Path1,test,010,010.13,010/010.13/Radargrams/Path1.sgy,amplitude_jitter,rendered/amplitude_jitter/test__010__010_13__Path1__amplitude_jitter.png,0.999999999999972,1.0495170954527566e-08,2.1867485600068903e-08,1.0366843383735613e-08,1.015988271291235e-08,1.0578601106203678e-08,1.049231634908665e-08
test__010__010_13__Path1,test,010,010.13,010/010.13/Radargrams/Path1.sgy,remove_top_band,rendered/remove_top_band/test__010__010_13__Path1__remove_top_band.png,0.9996167423904025,0.000523568014614284,0.002456126967445016,0.011169450357556343,0.0,0.0016372714890167117,0.00023540695838164538
test__010__010_13__Path1,test,010,010.13,010/010.13/Radargrams/Path1.sgy,remove_bottom_band,rendered/remove_bottom_band/test__010__010_13__Path1__remove_bottom_band.png,0.9999989710141108,2.1431125787785277e-05,0.00012441506260074675,0.0,0.0004571973404381424,6.867780030006543e-05,9.545073226036038e-06
test__010__010_13__Path1,test,010,010.13,010/010.13/Radargrams/Path1.sgy,remove_border,rendered/remove_border/test__010__010_13__Path1__remove_border.png,0.9178248270368432,0.005598113872110844,0.034401439130306244,0.0010130632435902953,0.00020916899666190147,0.02263934165239334,0.0
test__010__010_13__Path1,test,010,010.13,010/010.13/Radargrams/Path1.sgy,time_reverse,rendered/time_reverse/test__010__010_13__Path1__time_reverse.png,-0.000657403089095571,0.06050283461809158,0.12259116023778915,0.0012170282425358891,0.0012170282425358891,0.04408388212323189,0.06507019698619843
test__010__010_14__Path1,test,010,010.14,010/010.14/Radargrams/Path1.sgy,original,rendered/original/test__010__010_14__Path1__original.png,1.0,0.0,0.0,0.0,0.0,0.0,0.0
test__010__010_14__Path1,test,010,010.14,010/010.14/Radargrams/Path1.sgy,log_clip,rendered/log_clip/test__010__010_14__Path1__log_clip.png,0.5946760998114429,0.19257934391498566,0.2132791131734848,0.18442828953266144,0.09545755386352539,0.14731241762638092,0.1979709416627884
test__010__010_14__Path1,test,010,010.14,010/010.14/Radargrams/Path1.sgy,zscore_clip,rendered/zscore_clip/test__010__010_14__Path1__zscore_clip.png,0.9718798558681588,0.018062859773635864,0.047385212033987045,0.0007495556492358446,0.0004809599195141345,0.0029589207842946053,0.0198622215539217
test__010__010_14__Path1,test,010,010.14,010/010.14/Radargrams/Path1.sgy,amplitude_jitter,rendered/amplitude_jitter/test__010__010_14__Path1__amplitude_jitter.png,0.9999999999999757,8.325077516246893e-09,1.943174687824012e-08,1.33041879735174e-08,2.115079444919843e-09,7.858385941972301e-09,8.385497629603833e-09
test__010__010_14__Path1,test,010,010.14,010/010.14/Radargrams/Path1.sgy,remove_top_band,rendered/remove_top_band/test__010__010_14__Path1__remove_top_band.png,0.9996722399791024,0.0004616914957296103,0.0022648575250059366,0.009849418886005878,0.0,0.0043462119065225124,0.0
test__010__010_14__Path1,test,010,010.14,010/010.14/Radargrams/Path1.sgy,remove_bottom_band,rendered/remove_bottom_band/test__010__010_14__Path1__remove_bottom_band.png,0.9999997674453518,8.828144018480089e-06,5.931605846853927e-05,0.0,0.00018833373906090856,8.264452480943874e-05,0.0
test__010__010_14__Path1,test,010,010.14,010/010.14/Radargrams/Path1.sgy,remove_border,rendered/remove_border/test__010__010_14__Path1__remove_border.png,0.9935118058393768,0.00045429434976540506,0.009850714355707169,0.0010145282140001655,0.00015245593385770917,0.004216221161186695,0.0
test__010__010_14__Path1,test,010,010.14,010/010.14/Radargrams/Path1.sgy,time_reverse,rendered/time_reverse/test__010__010_14__Path1__time_reverse.png,0.0002571639960317714,0.05750586837530136,0.12247665971517563,0.0009409874910488725,0.0009409874910488725,0.008168946951627731,0.06338424980640411
test__010__010_15__Path1,test,010,010.15,010/010.15/Radargrams/Path1.sgy,original,rendered/original/test__010__010_15__Path1__original.png,1.0,0.0,0.0,0.0,0.0,0.0,0.0
test__010__010_15__Path1,test,010,010.15,010/010.15/Radargrams/Path1.sgy,log_clip,rendered/log_clip/test__010__010_15__Path1__log_clip.png,0.5521175144139858,0.20675073564052582,0.22685334086418152,0.2212798297405243,0.09425387531518936,0.15952973067760468,0.21181079745292664
test__010__010_15__Path1,test,010,010.15,010/010.15/Radargrams/Path1.sgy,zscore_clip,rendered/zscore_clip/test__010__010_15__Path1__zscore_clip.png,0.954769123361241,0.019543981179594994,0.047917455434799194,0.004359451122581959,0.00015480474394280463,0.00282414467073977,0.021334854885935783
test__010__010_15__Path1,test,010,010.15,010/010.15/Radargrams/Path1.sgy,amplitude_jitter,rendered/amplitude_jitter/test__010__010_15__Path1__amplitude_jitter.png,0.9999999999999543,2.1517045922792022e-08,3.182424990200161e-08,2.375270291565812e-08,1.9335443468548874e-08,2.1550674134118708e-08,2.1513193004807363e-08
test__010__010_15__Path1,test,010,010.15,010/010.15/Radargrams/Path1.sgy,remove_top_band,rendered/remove_top_band/test__010__010_15__Path1__remove_top_band.png,0.9912060763145858,0.002039341488853097,0.010309060104191303,0.0435059517621994,0.0,0.02107561007142067,0.0
test__010__010_15__Path1,test,010,010.15,010/010.15/Radargrams/Path1.sgy,remove_bottom_band,rendered/remove_bottom_band/test__010__010_15__Path1__remove_bottom_band.png,0.9999996257644342,1.0555549124546815e-05,6.608100375160575e-05,0.0,0.00022518503828905523,0.00010911109711742029,0.0
test__010__010_15__Path1,test,010,010.15,010/010.15/Radargrams/Path1.sgy,remove_border,rendered/remove_border/test__010__010_15__Path1__remove_border.png,0.9980015035894051,0.00025889204698614776,0.004794381558895111,0.0036127797793596983,0.00013878282334189862,0.002675040392205119,0.0
test__010__010_15__Path1,test,010,010.15,010/010.15/Radargrams/Path1.sgy,time_reverse,rendered/time_reverse/test__010__010_15__Path1__time_reverse.png,-0.0004225570638836679,0.04894784092903137,0.10726110637187958,0.0036972183734178543,0.0036972190719097853,0.005274868570268154,0.05362546443939209
test__010__010_16__Path1,test,010,010.16,010/010.16/Radargrams/Path1.sgy,original,rendered/original/test__010__010_16__Path1__original.png,1.0,0.0,0.0,0.0,0.0,0.0,0.0
test__010__010_16__Path1,test,010,010.16,010/010.16/Radargrams/Path1.sgy,log_clip,rendered/log_clip/test__010__010_16__Path1__log_clip.png,0.5521175144139858,0.20675073564052582,0.22685334086418152,0.2212798297405243,0.09425387531518936,0.15952973067760468,0.21181079745292664
test__010__010_16__Path1,test,010,010.16,010/010.16/Radargrams/Path1.sgy,zscore_clip,rendered/zscore_clip/test__010__010_16__Path1__zscore_clip.png,0.954769123361241,0.019543981179594994,0.047917455434799194,0.004359451122581959,0.00015480474394280463,0.00282414467073977,0.021334854885935783
test__010__010_16__Path1,test,010,010.16,010/010.16/Radargrams/Path1.sgy,amplitude_jitter,rendered/amplitude_jitter/test__010__010_16__Path1__amplitude_jitter.png,0.9999999999999543,2.1517045922792022e-08,3.182424990200161e-08,2.375270291565812e-08,1.9335443468548874e-08,2.1550674134118708e-08,2.1513193004807363e-08
test__010__010_16__Path1,test,010,010.16,010/010.16/Radargrams/Path1.sgy,remove_top_band,rendered/remove_top_band/test__010__010_16__Path1__remove_top_band.png,0.9912060763145858,0.002039341488853097,0.010309060104191303,0.0435059517621994,0.0,0.02107561007142067,0.0
test__010__010_16__Path1,test,010,010.16,010/010.16/Radargrams/Path1.sgy,remove_bottom_band,rendered/remove_bottom_band/test__010__010_16__Path1__remove_bottom_band.png,0.9999996257644342,1.0555549124546815e-05,6.608100375160575e-05,0.0,0.00022518503828905523,0.00010911109711742029,0.0
test__010__010_16__Path1,test,010,010.16,010/010.16/Radargrams/Path1.sgy,remove_border,rendered/remove_border/test__010__010_16__Path1__remove_border.png,0.9980015035894051,0.00025889204698614776,0.004794381558895111,0.0036127797793596983,0.00013878282334189862,0.002675040392205119,0.0
test__010__010_16__Path1,test,010,010.16,010/010.16/Radargrams/Path1.sgy,time_reverse,rendered/time_reverse/test__010__010_16__Path1__time_reverse.png,-0.0004225570638836679,0.04894784092903137,0.10726110637187958,0.0036972183734178543,0.0036972190719097853,0.005274868570268154,0.05362546443939209
test__010__010_17__Path1,test,010,010.17,010/010.17/Radargrams/Path1.sgy,original,rendered/original/test__010__010_17__Path1__original.png,0.9999999999999999,0.0,0.0,0.0,0.0,0.0,0.0
test__010__010_17__Path1,test,010,010.17,010/010.17/Radargrams/Path1.sgy,log_clip,rendered/log_clip/test__010__010_17__Path1__log_clip.png,0.5754360055114576,0.20529727637767792,0.22384540736675262,0.24643419682979584,0.10729792714118958,0.17837294936180115,0.20823657512664795
test__010__010_17__Path1,test,010,010.17,010/010.17/Radargrams/Path1.sgy,zscore_clip,rendered/zscore_clip/test__010__010_17__Path1__zscore_clip.png,0.9711664061936747,0.016373835504055023,0.04188624396920204,0.009178661741316319,0.0007062881486490369,0.0055162422358989716,0.017560062929987907
test__010__010_17__Path1,test,010,010.17,010/010.17/Radargrams/Path1.sgy,amplitude_jitter,rendered/amplitude_jitter/test__010__010_17__Path1__amplitude_jitter.png,0.9999999999999566,2.9155531322544448e-08,3.769899237227037e-08,2.7971495342171693e-08,3.0418405572163465e-08,2.9201764562003518e-08,2.9150685421086564e-08
test__010__010_17__Path1,test,010,010.17,010/010.17/Radargrams/Path1.sgy,remove_top_band,rendered/remove_top_band/test__010__010_17__Path1__remove_top_band.png,0.982535294832938,0.003515158547088504,0.017499372363090515,0.07499004900455475,0.0,0.035635415464639664,0.0
test__010__010_17__Path1,test,010,010.17,010/010.17/Radargrams/Path1.sgy,remove_bottom_band,rendered/remove_bottom_band/test__010__010_17__Path1__remove_bottom_band.png,0.9999995169097846,1.344773863820592e-05,8.999327110359445e-05,0.0,0.0002868850715458393,0.00013663043500855565,0.0
test__010__010_17__Path1,test,010,010.17,010/010.17/Radargrams/Path1.sgy,remove_border,rendered/remove_border/test__010__010_17__Path1__remove_border.png,0.9959390044492797,0.0006406779866665602,0.008211785927414894,0.010104844346642494,0.00019590597366914153,0.006488611456006765,0.0
test__010__010_17__Path1,test,010,010.17,010/010.17/Radargrams/Path1.sgy,time_reverse,rendered/time_reverse/test__010__010_17__Path1__time_reverse.png,-0.0005363341533672311,0.06073477491736412,0.12882068753242493,0.010212802328169346,0.010212806053459644,0.012866029515862465,0.06596565246582031
test__010__010_18__Path1,test,010,010.18,010/010.18/Radargrams/Path1.sgy,original,rendered/original/test__010__010_18__Path1__original.png,1.0,0.0,0.0,0.0,0.0,0.0,0.0
test__010__010_18__Path1,test,010,010.18,010/010.18/Radargrams/Path1.sgy,log_clip,rendered/log_clip/test__010__010_18__Path1__log_clip.png,0.5823052919542053,0.19090536236763,0.21385063230991364,0.2155098021030426,0.08236324787139893,0.1545780748128891,0.19520798325538635
test__010__010_18__Path1,test,010,010.18,010/010.18/Radargrams/Path1.sgy,zscore_clip,rendered/zscore_clip/test__010__010_18__Path1__zscore_clip.png,0.9502696539061263,0.02162967622280121,0.054567113518714905,0.013409588485956192,0.0010253068758174777,0.008684514090418816,0.023151062428951263
test__010__010_18__Path1,test,010,010.18,010/010.18/Radargrams/Path1.sgy,amplitude_jitter,rendered/amplitude_jitter/test__010__010_18__Path1__amplitude_jitter.png,0.9999999999999647,1.323088305582587e-08,2.4421412447850344e-08,1.2561979012559732e-08,8.792857997264036e-09,1.1018435053244957e-08,1.3491536776655266e-08
test__010__010_18__Path1,test,010,010.18,010/010.18/Radargrams/Path1.sgy,remove_top_band,rendered/remove_top_band/test__010__010_18__Path1__remove_top_band.png,0.9713618087645569,0.003758962731808424,0.018306368961930275,0.08019120246171951,0.0,0.035703595727682114,0.0
test__010__010_18__Path1,test,010,010.18,010/010.18/Radargrams/Path1.sgy,remove_bottom_band,rendered/remove_bottom_band/test__010__010_18__Path1__remove_bottom_band.png,0.9999998505747184,6.339866558846552e-06,4.054134478792548e-05,0.0,0.00013525049143936485,6.056158599676564e-05,0.0
test__010__010_18__Path1,test,010,010.18,010/010.18/Radargrams/Path1.sgy,remove_border,rendered/remove_border/test__010__010_18__Path1__remove_border.png,0.986998745471461,0.0008577608969062567,0.011897662654519081,0.009942008182406425,0.00010243950237054378,0.008110432885587215,0.0
test__010__010_18__Path1,test,010,010.18,010/010.18/Radargrams/Path1.sgy,time_reverse,rendered/time_reverse/test__010__010_18__Path1__time_reverse.png,-0.0004173707262177352,0.048307087272405624,0.10463511943817139,0.009974264539778233,0.009974264539778233,0.016120361164212227,0.052086640149354935
test__010__010_19__Path1,test,010,010.19,010/010.19/Radargrams/Path1.sgy,original,rendered/original/test__010__010_19__Path1__original.png,1.0,0.0,0.0,0.0,0.0,0.0,0.0
test__010__010_19__Path1,test,010,010.19,010/010.19/Radargrams/Path1.sgy,log_clip,rendered/log_clip/test__010__010_19__Path1__log_clip.png,0.5741377722149781,0.19602791965007782,0.21584349870681763,0.26376649737358093,0.10746118426322937,0.18902581930160522,0.19697776436805725
test__010__010_19__Path1,test,010,010.19,010/010.19/Radargrams/Path1.sgy,zscore_clip,rendered/zscore_clip/test__010__010_19__Path1__zscore_clip.png,0.9682398426007789,0.0160044115036726,0.042596250772476196,0.02951854094862938,0.0009477145504206419,0.015055076219141483,0.016133563593029976
test__010__010_19__Path1,test,010,010.19,010/010.19/Radargrams/Path1.sgy,amplitude_jitter,rendered/amplitude_jitter/test__010__010_19__Path1__amplitude_jitter.png,0.9999999999999639,2.1499293012539056e-08,3.1892419372070435e-08,2.0486551122189667e-08,1.9919864868711556e-08,2.062243353861959e-08,2.1620307322223198e-08
test__010__010_19__Path1,test,010,010.19,010/010.19/Radargrams/Path1.sgy,remove_top_band,rendered/remove_top_band/test__010__010_19__Path1__remove_top_band.png,0.9657028973716815,0.004603642504662275,0.023782167583703995,0.09821103513240814,0.0,0.03887404128909111,0.0
test__010__010_19__Path1,test,010,010.19,010/010.19/Radargrams/Path1.sgy,remove_bottom_band,rendered/remove_bottom_band/test__010__010_19__Path1__remove_bottom_band.png,0.9999997769882967,1.0191905857936945e-05,5.997170228511095e-05,0.0,0.00021742731041740626,8.619628351880237e-05,0.0
test__010__010_19__Path1,test,010,010.19,010/010.19/Radargrams/Path1.sgy,remove_border,rendered/remove_border/test__010__010_19__Path1__remove_border.png,0.9764973348807814,0.0022763065062463284,0.019231215119361877,0.03264952823519707,0.0001719388528726995,0.019034020602703094,0.0
test__010__010_19__Path1,test,010,010.19,010/010.19/Radargrams/Path1.sgy,time_reverse,rendered/time_reverse/test__010__010_19__Path1__time_reverse.png,-0.00018590263546752533,0.057146135717630386,0.12583588063716888,0.03274088725447655,0.03274088725447655,0.037881989032030106,0.059738751500844955
test__010__010_2__Path1,test,010,010.2,010/010.2/Radargrams/Path1.sgy,original,rendered/original/test__010__010_2__Path1__original.png,1.0,0.0,0.0,0.0,0.0,0.0,0.0
test__010__010_2__Path1,test,010,010.2,010/010.2/Radargrams/Path1.sgy,log_clip,rendered/log_clip/test__010__010_2__Path1__log_clip.png,0.5540187326099324,0.20162180066108704,0.2211829274892807,0.24299991130828857,0.09541947394609451,0.18924449384212494,0.20524507761001587
test__010__010_2__Path1,test,010,010.2,010/010.2/Radargrams/Path1.sgy,zscore_clip,rendered/zscore_clip/test__010__010_2__Path1__zscore_clip.png,0.9512137866447128,0.01853819563984871,0.046406060457229614,0.011485803872346878,0.0013138618087396026,0.013059288263320923,0.02027864381670952
test__010__010_2__Path1,test,010,010.2,010/010.2/Radargrams/Path1.sgy,amplitude_jitter,rendered/amplitude_jitter/test__010__010_2__Path1__amplitude_jitter.png,0.9999999999999686,9.276734935781406e-09,2.0190674021591803e-08,1.1569734503780182e-08,3.714349716688048e-09,8.73929817402086e-09,9.432192804581518e-09
test__010__010_2__Path1,test,010,010.2,010/010.2/Radargrams/Path1.sgy,remove_top_band,rendered/remove_top_band/test__010__010_2__Path1__remove_top_band.png,0.984601680227398,0.00280479877255857,0.014144044369459152,0.059835705906152725,0.0,0.010877342894673347,0.0004653405921999365
test__010__010_2__Path1,test,010,010.2,010/010.2/Radargrams/Path1.sgy,remove_bottom_band,rendered/remove_bottom_band/test__010__010_2__Path1__remove_bottom_band.png,0.9999997817220743,8.826350494928192e-06,5.193492688704282e-05,0.0,0.00018829546752385795,3.4924982173833996e-05,1.105159753933549e-06
test__010__010_2__Path1,test,010,010.2,010/010.2/Radargrams/Path1.sgy,remove_border,rendered/remove_border/test__010__010_2__Path1__remove_border.png,0.9239831538563921,0.004302476067095995,0.030060429126024246,0.005104717332869768,0.0001211041453643702,0.015508159063756466,0.0
test__010__010_2__Path1,test,010,010.2,010/010.2/Radargrams/Path1.sgy,time_reverse,rendered/time_reverse/test__010__010_2__Path1__time_reverse.png,-0.0002775099655211679,0.049836233258247375,0.11117690056562424,0.009299048222601414,0.009299048222601414,0.03071720525622368,0.056065063923597336
test__010__010_20__Path1,test,010,010.20,010/010.20/Radargrams/Path1.sgy,original,rendered/original/test__010__010_20__Path1__original.png,1.0,0.0,0.0,0.0,0.0,0.0,0.0
test__010__010_20__Path1,test,010,010.20,010/010.20/Radargrams/Path1.sgy,log_clip,rendered/log_clip/test__010__010_20__Path1__log_clip.png,0.561227078265966,0.21365220844745636,0.23085208237171173,0.19236290454864502,0.10462616384029388,0.1973353922367096,0.2184114307165146
test__010__010_20__Path1,test,010,010.20,010/010.20/Radargrams/Path1.sgy,zscore_clip,rendered/zscore_clip/test__010__010_20__Path1__zscore_clip.png,0.9635705033541182,0.01836508698761463,0.046286266297101974,0.005146688316017389,0.0003470102383289486,0.013541159220039845,0.019851136952638626
test__010__010_20__Path1,test,010,010.20,010/010.20/Radargrams/Path1.sgy,amplitude_jitter,rendered/amplitude_jitter/test__010__010_20__Path1__amplitude_jitter.png,0.9999999999999697,1.4536038150936292e-08,2.603256632482953e-08,1.1774175412426757e-08,1.1249247755529268e-08,1.3484907412930625e-08,1.4890875199569109e-08
test__010__010_20__Path1,test,010,010.20,010/010.20/Radargrams/Path1.sgy,remove_top_band,rendered/remove_top_band/test__010__010_20__Path1__remove_top_band.png,0.9798869489433242,0.003618205664679408,0.017571719363331795,0.0771883875131607,0.0,0.01345992460846901,0.00047289629583247006
test__010__010_20__Path1,test,010,010.20,010/010.20/Radargrams/Path1.sgy,remove_bottom_band,rendered/remove_bottom_band/test__010__010_20__Path1__remove_bottom_band.png,0.9999996940794217,1.1198099855391774e-05,6.640802894253284e-05,0.0,0.00023889279691502452,4.379135862109251e-05,9.970264045477961e-07
test__010__010_20__Path1,test,010,010.20,010/010.20/Radargrams/Path1.sgy,remove_border,rendered/remove_border/test__010__010_20__Path1__remove_border.png,0.889690117189741,0.006031986325979233,0.038673628121614456,0.002480256836861372,0.00015819155669305474,0.021160626783967018,0.0
test__010__010_20__Path1,test,010,010.20,010/010.20/Radargrams/Path1.sgy,time_reverse,rendered/time_reverse/test__010__010_20__Path1__time_reverse.png,-1.241073847575244e-05,0.056344643235206604,0.11979255825281143,0.004986671265214682,0.004986670799553394,0.04147636145353317,0.06088376045227051
test__010__010_21__Path1,test,010,010.21,010/010.21/Radargrams/Path1.sgy,original,rendered/original/test__010__010_21__Path1__original.png,1.0,0.0,0.0,0.0,0.0,0.0,0.0
test__010__010_21__Path1,test,010,010.21,010/010.21/Radargrams/Path1.sgy,log_clip,rendered/log_clip/test__010__010_21__Path1__log_clip.png,0.5997757047024912,0.19734950363636017,0.22091954946517944,0.20079681277275085,0.064142145216465,0.18607430160045624,0.19986887276172638
test__010__010_21__Path1,test,010,010.21,010/010.21/Radargrams/Path1.sgy,zscore_clip,rendered/zscore_clip/test__010__010_21__Path1__zscore_clip.png,0.9591889063345126,0.027183182537555695,0.06434789299964905,0.013915570452809334,9.32228795136325e-05,0.025280045345425606,0.027515053749084473
test__010__010_21__Path1,test,010,010.21,010/010.21/Radargrams/Path1.sgy,amplitude_jitter,rendered/amplitude_jitter/test__010__010_21__Path1__amplitude_jitter.png,0.9999999999999617,8.574715160136748e-09,1.881364042333189e-08,8.82880168973088e-09,3.452375274548558e-09,7.839103588480612e-09,8.74883276935634e-09
test__010__010_21__Path1,test,010,010.21,010/010.21/Radargrams/Path1.sgy,remove_top_band,rendered/remove_top_band/test__010__010_21__Path1__remove_top_band.png,0.9629358904085505,0.003626952413469553,0.018243486061692238,0.07737498730421066,0.0,0.008888443931937218,0.0023959511891007423
test__010__010_21__Path1,test,010,010.21,010/010.21/Radargrams/Path1.sgy,remove_bottom_band,rendered/remove_bottom_band/test__010__010_21__Path1__remove_bottom_band.png,0.9999999256782293,4.2564938667055685e-06,2.490416773071047e-05,0.0,9.080520976567641e-05,9.468912139709573e-06,3.03360820907983e-06
test__010__010_21__Path1,test,010,010.21,010/010.21/Radargrams/Path1.sgy,remove_border,rendered/remove_border/test__010__010_21__Path1__remove_border.png,0.8987463923351541,0.0046793678775429726,0.02829602360725403,0.0015189191326498985,3.0461684218607843e-05,0.020093724131584167,0.0
test__010__010_21__Path1,test,010,010.21,010/010.21/Radargrams/Path1.sgy,time_reverse,rendered/time_reverse/test__010__010_21__Path1__time_reverse.png,3.276896834316148e-05,0.045199163258075714,0.09126296639442444,0.00879930891096592,0.00879930704832077,0.03981426730751991,0.04641745612025261
test__010__010_22__Path1,test,010,010.22,010/010.22/Radargrams/Path1.sgy,original,rendered/original/test__010__010_22__Path1__original.png,0.9999999999999999,0.0,0.0,0.0,0.0,0.0,0.0
test__010__010_22__Path1,test,010,010.22,010/010.22/Radargrams/Path1.sgy,log_clip,rendered/log_clip/test__010__010_22__Path1__log_clip.png,0.6520399748414379,0.17492885887622833,0.2104928195476532,0.21931278705596924,0.06909696012735367,0.17193172872066498,0.17519880831241608
test__010__010_22__Path1,test,010,010.22,010/010.22/Radargrams/Path1.sgy,zscore_clip,rendered/zscore_clip/test__010__010_22__Path1__zscore_clip.png,0.9627392583160037,0.10189773887395859,0.1181083545088768,0.129045769572258,0.08540819585323334,0.10303442180156708,0.10161656141281128
test__010__010_22__Path1,test,010,010.22,010/010.22/Radargrams/Path1.sgy,amplitude_jitter,rendered/amplitude_jitter/test__010__010_22__Path1__amplitude_jitter.png,0.9999999999998668,1.804406579708484e-08,3.2534309468701395e-08,1.8549838998183077e-08,1.3720049096832554e-08,1.7507003846617408e-08,1.8150183578313772e-08
test__010__010_22__Path1,test,010,010.22,010/010.22/Radargrams/Path1.sgy,remove_top_band,rendered/remove_top_band/test__010__010_22__Path1__remove_top_band.png,0.8908891129481817,0.00512281758710742,0.02564561925828457,0.10928677767515182,0.0,0.026371929794549942,0.0
test__010__010_22__Path1,test,010,010.22,010/010.22/Radargrams/Path1.sgy,remove_bottom_band,rendered/remove_bottom_band/test__010__010_22__Path1__remove_bottom_band.png,0.9999996018955293,7.452504178218078e-06,4.681464270106517e-05,0.0,0.00015898674610070884,3.780777842621319e-05,0.0
test__010__010_22__Path1,test,010,010.22,010/010.22/Radargrams/Path1.sgy,remove_border,rendered/remove_border/test__010__010_22__Path1__remove_border.png,0.927695900747419,0.003044277662411332,0.019498499110341072,0.02045108936727047,0.00011588074994506314,0.014480393379926682,0.0
test__010__010_22__Path1,test,010,010.22,010/010.22/Radargrams/Path1.sgy,time_reverse,rendered/time_reverse/test__010__010_22__Path1__time_reverse.png,-0.00013883904133588554,0.035954881459474564,0.07379871606826782,0.020457962527871132,0.020457960665225983,0.028730014339089394,0.03765692189335823
test__010__010_23__Path1,test,010,010.23,010/010.23/Radargrams/Path1.sgy,original,rendered/original/test__010__010_23__Path1__original.png,0.9999999999999999,0.0,0.0,0.0,0.0,0.0,0.0
test__010__010_23__Path1,test,010,010.23,010/010.23/Radargrams/Path1.sgy,log_clip,rendered/log_clip/test__010__010_23__Path1__log_clip.png,0.6487766510188602,0.17410093545913696,0.20166532695293427,0.2060328871011734,0.07369062304496765,0.16947580873966217,0.1747497171163559
test__010__010_23__Path1,test,010,010.23,010/010.23/Radargrams/Path1.sgy,zscore_clip,rendered/zscore_clip/test__010__010_23__Path1__zscore_clip.png,0.9589844142361744,0.05704156681895256,0.09015031903982162,0.06183900684118271,0.030765241011977196,0.05322658643126488,0.05785693973302841
test__010__010_23__Path1,test,010,010.23,010/010.23/Radargrams/Path1.sgy,amplitude_jitter,rendered/amplitude_jitter/test__010__010_23__Path1__amplitude_jitter.png,0.9999999999998817,9.202296702426338e-09,2.301005608273954e-08,9.95408999671099e-09,6.6056107250744844e-09,8.682837560058942e-09,9.293558811407365e-09
test__010__010_23__Path1,test,010,010.23,010/010.23/Radargrams/Path1.sgy,remove_top_band,rendered/remove_top_band/test__010__010_23__Path1__remove_top_band.png,0.9111507563408078,0.0043993801809847355,0.02148125134408474,0.09385344386100769,0.0,0.024032574146986008,0.0
test__010__010_23__Path1,test,010,010.23,010/010.23/Radargrams/Path1.sgy,remove_bottom_band,rendered/remove_bottom_band/test__010__010_23__Path1__remove_bottom_band.png,0.9999995948608646,7.045282018225407e-06,4.3582705984590575e-05,0.0,0.0001502993400208652,3.8993599446257576e-05,0.0
test__010__010_23__Path1,test,010,010.23,010/010.23/Radargrams/Path1.sgy,remove_border,rendered/remove_border/test__010__010_23__Path1__remove_border.png,0.9307893936235816,0.0026298100128769875,0.017601141706109047,0.012913743034005165,0.00010678800026653334,0.013189377263188362,0.0
test__010__010_23__Path1,test,010,010.23,010/010.23/Radargrams/Path1.sgy,time_reverse,rendered/time_reverse/test__010__010_23__Path1__time_reverse.png,-0.00017197044320443276,0.03365807235240936,0.06806851923465729,0.01292098592966795,0.01292098592966795,0.02613748610019684,0.03528335317969322
test__010__010_24__Path1,test,010,010.24,010/010.24/Radargrams/Path1.sgy,original,rendered/original/test__010__010_24__Path1__original.png,0.9999999999999999,0.0,0.0,0.0,0.0,0.0,0.0
test__010__010_24__Path1,test,010,010.24,010/010.24/Radargrams/Path1.sgy,log_clip,rendered/log_clip/test__010__010_24__Path1__log_clip.png,0.5877252484476122,0.2046385407447815,0.22370459139347076,0.262432724237442,0.10354854166507721,0.18656086921691895,0.206839919090271
test__010__010_24__Path1,test,010,010.24,010/010.24/Radargrams/Path1.sgy,zscore_clip,rendered/zscore_clip/test__010__010_24__Path1__zscore_clip.png,0.9690916799633312,0.019186388701200485,0.04763041064143181,0.02441156841814518,0.0001861235941760242,0.01343622524291277,0.019891487434506416
test__010__010_24__Path1,test,010,010.24,010/010.24/Radargrams/Path1.sgy,amplitude_jitter,rendered/amplitude_jitter/test__010__010_24__Path1__amplitude_jitter.png,0.999999999999978,9.351423635450828e-09,2.027829459905206e-08,1.106202418554858e-08,3.2896840806984073e-09,7.493954790049884e-09,9.577931336934853e-09
test__010__010_24__Path1,test,010,010.24,010/010.24/Radargrams/Path1.sgy,remove_top_band,rendered/remove_top_band/test__010__010_24__Path1__remove_top_band.png,0.966824197264519,0.004430670756846666,0.02251720055937767,0.09452096372842789,0.0,0.040577128529548645,0.0
test__010__010_24__Path1,test,010,010.24,010/010.24/Radargrams/Path1.sgy,remove_bottom_band,rendered/remove_bottom_band/test__010__010_24__Path1__remove_bottom_band.png,0.9999997410948601,1.0159477824345231e-05,6.176919850986451e-05,0.0,0.00021673554147128016,9.299728844780475e-05,0.0
test__010__010_24__Path1,test,010,010.24,010/010.24/Radargrams/Path1.sgy,remove_border,rendered/remove_border/test__010__010_24__Path1__remove_border.png,0.9828895993450538,0.0017228975193575025,0.015766732394695282,0.025391479954123497,0.00016750588838476688,0.015763524919748306,0.0
test__010__010_24__Path1,test,010,010.24,010/010.24/Radargrams/Path1.sgy,time_reverse,rendered/time_reverse/test__010__010_24__Path1__time_reverse.png,-0.00011060702799618918,0.058705564588308334,0.12073095142841339,0.02549120783805847,0.02549120970070362,0.03137750178575516,0.06204868108034134
test__010__010_3__Path1,test,010,010.3,010/010.3/Radargrams/Path1.sgy,original,rendered/original/test__010__010_3__Path1__original.png,1.0,0.0,0.0,0.0,0.0,0.0,0.0
test__010__010_3__Path1,test,010,010.3,010/010.3/Radargrams/Path1.sgy,log_clip,rendered/log_clip/test__010__010_3__Path1__log_clip.png,0.5510542170050347,0.20098447799682617,0.21947087347507477,0.24245432019233704,0.09801676124334335,0.19168363511562347,0.20363494753837585
test__010__010_3__Path1,test,010,010.3,010/010.3/Radargrams/Path1.sgy,zscore_clip,rendered/zscore_clip/test__010__010_3__Path1__zscore_clip.png,0.9488867182217411,0.01846551150083542,0.047879889607429504,0.011161564849317074,0.0013356219278648496,0.01446010172367096,0.01971334218978882
test__010__010_3__Path1,test,010,010.3,010/010.3/Radargrams/Path1.sgy,amplitude_jitter,rendered/amplitude_jitter/test__010__010_3__Path1__amplitude_jitter.png,0.9999999999999545,2.1939550620686532e-08,3.232782930240319e-08,2.2142092603871788e-08,1.8825348391260377e-08,2.139840482584532e-08,2.212479444096971e-08
test__010__010_3__Path1,test,010,010.3,010/010.3/Radargrams/Path1.sgy,remove_top_band,rendered/remove_top_band/test__010__010_3__Path1__remove_top_band.png,0.9843043570020081,0.00285864295437932,0.014181721955537796,0.060984380543231964,0.0,0.011423792690038681,0.00025695041404105723
test__010__010_3__Path1,test,010,010.3,010/010.3/Radargrams/Path1.sgy,remove_bottom_band,rendered/remove_bottom_band/test__010__010_3__Path1__remove_bottom_band.png,0.9999996591803132,9.929075531545095e-06,6.436536205001175e-05,0.0,0.00021182028285693377,3.8437388866441324e-05,4.9532212642589e-07
test__010__010_3__Path1,test,010,010.3,010/010.3/Radargrams/Path1.sgy,remove_border,rendered/remove_border/test__010__010_3__Path1__remove_border.png,0.9161879509278068,0.004685684572905302,0.031241295859217644,0.006617977283895016,0.0001413722347933799,0.016406046226620674,0.0
test__010__010_3__Path1,test,010,010.3,010/010.3/Radargrams/Path1.sgy,time_reverse,rendered/time_reverse/test__010__010_3__Path1__time_reverse.png,8.992499135238273e-05,0.04857214540243149,0.110242560505867,0.008969482034444809,0.008969482034444809,0.03243636712431908,0.053925082087516785
test__010__010_4__Path1,test,010,010.4,010/010.4/Radargrams/Path1.sgy,original,rendered/original/test__010__010_4__Path1__original.png,1.0,0.0,0.0,0.0,0.0,0.0,0.0
test__010__010_4__Path1,test,010,010.4,010/010.4/Radargrams/Path1.sgy,log_clip,rendered/log_clip/test__010__010_4__Path1__log_clip.png,0.5921094314359427,0.2059871405363083,0.22313685715198517,0.18101324141025543,0.11611803621053696,0.15555445849895477,0.21174661815166473
test__010__010_4__Path1,test,010,010.4,010/010.4/Radargrams/Path1.sgy,zscore_clip,rendered/zscore_clip/test__010__010_4__Path1__zscore_clip.png,0.97042743175853,0.020540352910757065,0.05156201124191284,0.0036191304679960012,0.0002468143356963992,0.003452193457633257,0.022486526519060135
test__010__010_4__Path1,test,010,010.4,010/010.4/Radargrams/Path1.sgy,amplitude_jitter,rendered/amplitude_jitter/test__010__010_4__Path1__amplitude_jitter.png,0.9999999999999479,2.1633933755538237e-08,3.209958521210865e-08,1.7694091525299882e-08,2.060252768387727e-08,1.945025651650667e-08,2.1880948608554718e-08
test__010__010_4__Path1,test,010,010.4,010/010.4/Radargrams/Path1.sgy,remove_top_band,rendered/remove_top_band/test__010__010_4__Path1__remove_top_band.png,0.9729600726557005,0.004287117626518011,0.020158676430583,0.0914585143327713,0.0,0.04184025153517723,0.0
test__010__010_4__Path1,test,010,010.4,010/010.4/Radargrams/Path1.sgy,remove_bottom_band,rendered/remove_bottom_band/test__010__010_4__Path1__remove_bottom_band.png,0.9999991164323645,1.624555079615675e-05,0.00011086982704000548,0.0,0.000346571730915457,0.00015914786490611732,0.0
test__010__010_4__Path1,test,010,010.4,010/010.4/Radargrams/Path1.sgy,remove_border,rendered/remove_border/test__010__010_4__Path1__remove_border.png,0.9952027263482587,0.00043645731057040393,0.00813967827707529,0.003519298741593957,0.00025350155192427337,0.004247807897627354,0.0
test__010__010_4__Path1,test,010,010.4,010/010.4/Radargrams/Path1.sgy,time_reverse,rendered/time_reverse/test__010__010_4__Path1__time_reverse.png,-0.0007882056875300428,0.05740131437778473,0.11768576502799988,0.0036190070677548647,0.0036190066020935774,0.008258329704403877,0.06299754232168198
test__010__010_5__Path1,test,010,010.5,010/010.5/Radargrams/Path1.sgy,original,rendered/original/test__010__010_5__Path1__original.png,1.0,0.0,0.0,0.0,0.0,0.0,0.0
test__010__010_5__Path1,test,010,010.5,010/010.5/Radargrams/Path1.sgy,log_clip,rendered/log_clip/test__010__010_5__Path1__log_clip.png,0.6588445773302923,0.2187769114971161,0.23507528007030487,0.19274164736270905,0.13643097877502441,0.19006472826004028,0.22521856427192688
test__010__010_5__Path1,test,010,010.5,010/010.5/Radargrams/Path1.sgy,zscore_clip,rendered/zscore_clip/test__010__010_5__Path1__zscore_clip.png,0.9830409749703405,0.06509239971637726,0.08355040848255157,0.04043356329202652,0.046412788331508636,0.054418765008449554,0.0674908459186554
test__010__010_5__Path1,test,010,010.5,010/010.5/Radargrams/Path1.sgy,amplitude_jitter,rendered/amplitude_jitter/test__010__010_5__Path1__amplitude_jitter.png,0.9999999999999725,2.1851851883525342e-08,2.878497085134768e-08,2.0639062014993215e-08,2.2065828275685817e-08,2.163472068161809e-08,2.190398795676174e-08
test__010__010_5__Path1,test,010,010.5,010/010.5/Radargrams/Path1.sgy,remove_top_band,rendered/remove_top_band/test__010__010_5__Path1__remove_top_band.png,0.9752239456254622,0.0034195950720459223,0.017682936042547226,0.07295136153697968,0.0,0.018992777913808823,0.0
test__010__010_5__Path1,test,010,010.5,010/010.5/Radargrams/Path1.sgy,remove_bottom_band,rendered/remove_bottom_band/test__010__010_5__Path1__remove_bottom_band.png,0.9999986709316031,2.0990692064515315e-05,0.00012617460743058473,0.0,0.00044780143070966005,0.00011373980669304729,0.0
test__010__010_5__Path1,test,010,010.5,010/010.5/Radargrams/Path1.sgy,remove_border,rendered/remove_border/test__010__010_5__Path1__remove_border.png,0.9431568595975223,0.0038098653312772512,0.025637289509177208,0.010385715402662754,0.0002980070421472192,0.019116874784231186,0.0
test__010__010_5__Path1,test,010,010.5,010/010.5/Radargrams/Path1.sgy,time_reverse,rendered/time_reverse/test__010__010_5__Path1__time_reverse.png,-0.0019883507492972972,0.06343713402748108,0.10918515920639038,0.010450372472405434,0.010450372472405434,0.03778086230158806,0.06918849050998688
test__010__010_6__Path1,test,010,010.6,010/010.6/Radargrams/Path1.sgy,original,rendered/original/test__010__010_6__Path1__original.png,1.0,0.0,0.0,0.0,0.0,0.0,0.0
test__010__010_6__Path1,test,010,010.6,010/010.6/Radargrams/Path1.sgy,log_clip,rendered/log_clip/test__010__010_6__Path1__log_clip.png,0.6506593610398195,0.1994176059961319,0.22059674561023712,0.17316843569278717,0.09883224219083786,0.14327897131443024,0.2059594839811325
test__010__010_6__Path1,test,010,010.6,010/010.6/Radargrams/Path1.sgy,zscore_clip,rendered/zscore_clip/test__010__010_6__Path1__zscore_clip.png,0.9735492910435172,0.05839308351278305,0.09591194987297058,0.030078023672103882,0.027854060754179955,0.0323629193007946,0.06142723560333252
test__010__010_6__Path1,test,010,010.6,010/010.6/Radargrams/Path1.sgy,amplitude_jitter,rendered/amplitude_jitter/test__010__010_6__Path1__amplitude_jitter.png,0.9999999999998832,1.0646165726768686e-08,2.4662906383809968e-08,1.2042884911522833e-08,5.950964609979792e-09,9.214716101269005e-09,1.0812944317706297e-08
test__010__010_6__Path1,test,010,010.6,010/010.6/Radargrams/Path1.sgy,remove_top_band,rendered/remove_top_band/test__010__010_6__Path1__remove_top_band.png,0.9796237798190273,0.0017350075067952275,0.009990664198994637,0.03701349347829819,0.0,0.01651017926633358,0.0
test__010__010_6__Path1,test,010,010.6,010/010.6/Radargrams/Path1.sgy,remove_bottom_band,rendered/remove_bottom_band/test__010__010_6__Path1__remove_bottom_band.png,0.9999988299631399,1.0751512490969617e-05,7.385187200270593e-05,0.0,0.00022936559980735183,0.00010239695984637365,0.0
test__010__010_6__Path1,test,010,010.6,010/010.6/Radargrams/Path1.sgy,remove_border,rendered/remove_border/test__010__010_6__Path1__remove_border.png,0.9938707090193282,0.0003250821609981358,0.00533412816002965,0.0019524192903190851,0.00015624593652319163,0.0030861268751323223,0.0
test__010__010_6__Path1,test,010,010.6,010/010.6/Radargrams/Path1.sgy,time_reverse,rendered/time_reverse/test__010__010_6__Path1__time_reverse.png,0.0013803011748508957,0.03695108741521835,0.06818839907646179,0.0019459788454696536,0.0019459788454696536,0.005968359299004078,0.040563423186540604
test__010__010_7__Path1,test,010,010.7,010/010.7/Radargrams/Path1.sgy,original,rendered/original/test__010__010_7__Path1__original.png,1.0,0.0,0.0,0.0,0.0,0.0,0.0
test__010__010_7__Path1,test,010,010.7,010/010.7/Radargrams/Path1.sgy,log_clip,rendered/log_clip/test__010__010_7__Path1__log_clip.png,0.6361218010185884,0.19948185980319977,0.22024112939834595,0.19759535789489746,0.09804943203926086,0.15804213285446167,0.20500092208385468
test__010__010_7__Path1,test,010,010.7,010/010.7/Radargrams/Path1.sgy,zscore_clip,rendered/zscore_clip/test__010__010_7__Path1__zscore_clip.png,0.9536233608756729,0.04109165817499161,0.09339992702007294,0.01305120624601841,0.002190704457461834,0.015392856672406197,0.04450392350554466
test__010__010_7__Path1,test,010,010.7,010/010.7/Radargrams/Path1.sgy,amplitude_jitter,rendered/amplitude_jitter/test__010__010_7__Path1__amplitude_jitter.png,0.9999999999998437,1.4599564224226924e-08,2.8113621652892107e-08,1.4137583548290422e-08,1.517204140100148e-08,1.4644768064897562e-08,1.4588444230412279e-08
test__010__010_7__Path1,test,010,010.7,010/010.7/Radargrams/Path1.sgy,remove_top_band,rendered/remove_top_band/test__010__010_7__Path1__remove_top_band.png,0.9642254010038245,0.0022828644141554832,0.011920120567083359,0.04870110750198364,0.0,0.01965702325105667,0.0
test__010__010_7__Path1,test,010,010.7,010/010.7/Radargrams/Path1.sgy,remove_bottom_band,rendered/remove_bottom_band/test__010__010_7__Path1__remove_bottom_band.png,0.9999989790546266,1.0023913091572467e-05,6.15288590779528e-05,0.0,0.00021384346473496407,8.521517156623304e-05,0.0
test__010__010_7__Path1,test,010,010.7,010/010.7/Radargrams/Path1.sgy,remove_border,rendered/remove_border/test__010__010_7__Path1__remove_border.png,0.9878667256192217,0.00062328897183761,0.0066705080680549145,0.004384630359709263,0.00014751378330402076,0.005216534715145826,0.0
test__010__010_7__Path1,test,010,010.7,010/010.7/Radargrams/Path1.sgy,time_reverse,rendered/time_reverse/test__010__010_7__Path1__time_reverse.png,0.0008776907387808102,0.032380662858486176,0.060696545988321304,0.004399266559630632,0.004399266093969345,0.010265571996569633,0.03532012552022934
test__010__010_8__Path1,test,010,010.8,010/010.8/Radargrams/Path1.sgy,original,rendered/original/test__010__010_8__Path1__original.png,1.0,0.0,0.0,0.0,0.0,0.0,0.0
test__010__010_8__Path1,test,010,010.8,010/010.8/Radargrams/Path1.sgy,log_clip,rendered/log_clip/test__010__010_8__Path1__log_clip.png,0.5707651411542363,0.1871795654296875,0.20893537998199463,0.1768551915884018,0.1018141359090805,0.1742817759513855,0.19074217975139618
test__010__010_8__Path1,test,010,010.8,010/010.8/Radargrams/Path1.sgy,zscore_clip,rendered/zscore_clip/test__010__010_8__Path1__zscore_clip.png,0.9579815805105129,0.016626795753836632,0.04365341365337372,0.0008542657596990466,0.0014564169105142355,0.012820945121347904,0.017706431448459625
test__010__010_8__Path1,test,010,010.8,010/010.8/Radargrams/Path1.sgy,amplitude_jitter,rendered/amplitude_jitter/test__010__010_8__Path1__amplitude_jitter.png,0.9999999999999774,7.637336096877334e-09,1.842101582383293e-08,6.912909800149691e-09,2.4067168258312677e-09,6.91341650593813e-09,7.899159548685475e-09
test__010__010_8__Path1,test,010,010.8,010/010.8/Radargrams/Path1.sgy,remove_top_band,rendered/remove_top_band/test__010__010_8__Path1__remove_top_band.png,0.9997718034611689,0.00038336750003509223,0.0018208696274086833,0.008178507909178734,0.0,0.0013819539453834295,8.032783080125228e-05
test__010__010_8__Path1,test,010,010.8,010/010.8/Radargrams/Path1.sgy,remove_bottom_band,rendered/remove_bottom_band/test__010__010_8__Path1__remove_bottom_band.png,0.9999997147864348,1.1316437849018257e-05,6.360870611388236e-05,0.0,0.00024141735048033297,3.54783478542231e-05,3.903431661456125e-06
test__010__010_8__Path1,test,010,010.8,010/010.8/Radargrams/Path1.sgy,remove_border,rendered/remove_border/test__010__010_8__Path1__remove_border.png,0.9291940138330351,0.004454729147255421,0.03079046681523323,0.0007588115986436605,0.00011604029714362696,0.01651332713663578,0.0
test__010__010_8__Path1,test,010,010.8,010/010.8/Radargrams/Path1.sgy,time_reverse,rendered/time_reverse/test__010__010_8__Path1__time_reverse.png,-0.00032283523152397685,0.05171731114387512,0.11783520877361298,0.0007759594591334462,0.0007759594591334462,0.0327419713139534,0.05760335177183151
test__010__010_9__Path1,test,010,010.9,010/010.9/Radargrams/Path1.sgy,original,rendered/original/test__010__010_9__Path1__original.png,1.0,0.0,0.0,0.0,0.0,0.0,0.0
test__010__010_9__Path1,test,010,010.9,010/010.9/Radargrams/Path1.sgy,log_clip,rendered/log_clip/test__010__010_9__Path1__log_clip.png,0.558968190205433,0.18705250322818756,0.2105126678943634,0.13674293458461761,0.0866987407207489,0.171608567237854,0.1913696825504303
test__010__010_9__Path1,test,010,010.9,010/010.9/Radargrams/Path1.sgy,zscore_clip,rendered/zscore_clip/test__010__010_9__Path1__zscore_clip.png,0.9500355972333162,0.017163239419460297,0.04440386965870857,0.001047057332471013,0.0006816197419539094,0.013864794746041298,0.01805482804775238
test__010__010_9__Path1,test,010,010.9,010/010.9/Radargrams/Path1.sgy,amplitude_jitter,rendered/amplitude_jitter/test__010__010_9__Path1__amplitude_jitter.png,0.9999999999999752,8.413774565951826e-09,1.8494315412453943e-08,8.401981332895048e-09,4.12067757693535e-09,8.012368546417292e-09,8.551986674376622e-09
test__010__010_9__Path1,test,010,010.9,010/010.9/Radargrams/Path1.sgy,remove_top_band,rendered/remove_top_band/test__010__010_9__Path1__remove_top_band.png,0.9998173529955142,0.00018986748182214797,0.0014821687946096063,0.00405050627887249,0.0,0.0007919579511508346,3.283014302724041e-05
test__010__010_9__Path1,test,010,010.9,010/010.9/Radargrams/Path1.sgy,remove_bottom_band,rendered/remove_bottom_band/test__010__010_9__Path1__remove_bottom_band.png,0.9999998712701353,6.601288987440057e-06,3.934482083423063e-05,0.0,0.00014082749839872122,2.352058254473377e-05,1.8149830793845467e-06
test__010__010_9__Path1,test,010,010.9,010/010.9/Radargrams/Path1.sgy,remove_border,rendered/remove_border/test__010__010_9__Path1__remove_border.png,0.9219154798372211,0.004401427693665028,0.02995559759438038,0.00033656053710728884,8.623241592431441e-05,0.0159015953540802,0.0
test__010__010_9__Path1,test,010,010.9,010/010.9/Radargrams/Path1.sgy,time_reverse,rendered/time_reverse/test__010__010_9__Path1__time_reverse.png,-6.976663313695513e-05,0.047237079590559006,0.10935994982719421,0.000596656056586653,0.000596656056586653,0.03145590424537659,0.05217801034450531
