sample_id,rel_path,abs_path,file_sha256,label_placeholder,source_group,asset_track,modality,target_task,notes
tigpr:Crack:101,external_assets/tigpr/extracted/TIGPR/Damage Classification/Crack/101.jpg,<LOCAL_DATA_ROOT>\external_assets\tigpr\extracted\TIGPR\Damage Classification\Crack\101.jpg,c0778f5a5ca8aaacf132f7b67b907454a1694d7ab691e786499d9d634860de73,HELD_OUT,sha256:c0778f5a5ca8aaacf132f7b67b907454a1694d7ab691e786499d9d634860de73,other_external,image,tigpr_damage_classification,synthetic blind-freeze regression row; not real blind external evidence
tigpr:Crack:1028,external_assets/tigpr/extracted/TIGPR/Damage Classification/Crack/1028.jpg,<LOCAL_DATA_ROOT>\external_assets\tigpr\extracted\TIGPR\Damage Classification\Crack\1028.jpg,d5bda760a16ada632fc07a64529eb5dce6bda9d2992aa0c6ce85d0ef9b922992,HELD_OUT,sha256:d5bda760a16ada632fc07a64529eb5dce6bda9d2992aa0c6ce85d0ef9b922992,other_external,image,tigpr_damage_classification,synthetic blind-freeze regression row; not real blind external evidence
tigpr:Crack:107,external_assets/tigpr/extracted/TIGPR/Damage Classification/Crack/107.jpg,<LOCAL_DATA_ROOT>\external_assets\tigpr\extracted\TIGPR\Damage Classification\Crack\107.jpg,dfa18cf53173f9ac8ccb21cc47eed11f2d8979f74740ac549a28a98580af0524,HELD_OUT,sha256:dfa18cf53173f9ac8ccb21cc47eed11f2d8979f74740ac549a28a98580af0524,other_external,image,tigpr_damage_classification,synthetic blind-freeze regression row; not real blind external evidence
tigpr:Crack:1071,external_assets/tigpr/extracted/TIGPR/Damage Classification/Crack/1071.jpg,<LOCAL_DATA_ROOT>\external_assets\tigpr\extracted\TIGPR\Damage Classification\Crack\1071.jpg,4828923aa70654721689a6e5ff4ca83eec0dd7426a2cf0097695dc2c5613af9d,HELD_OUT,sha256:4828923aa70654721689a6e5ff4ca83eec0dd7426a2cf0097695dc2c5613af9d,other_external,image,tigpr_damage_classification,synthetic blind-freeze regression row; not real blind external evidence
tigpr:Crack:1135,external_assets/tigpr/extracted/TIGPR/Damage Classification/Crack/1135.jpg,<LOCAL_DATA_ROOT>\external_assets\tigpr\extracted\TIGPR\Damage Classification\Crack\1135.jpg,1fcfe1441051dc2f66ffaaa3c6c04d3e3b1a378dc75b6f2077726950377ad5b6,HELD_OUT,sha256:1fcfe1441051dc2f66ffaaa3c6c04d3e3b1a378dc75b6f2077726950377ad5b6,other_external,image,tigpr_damage_classification,synthetic blind-freeze regression row; not real blind external evidence
tigpr:Crack:116,external_assets/tigpr/extracted/TIGPR/Damage Classification/Crack/116.jpg,<LOCAL_DATA_ROOT>\external_assets\tigpr\extracted\TIGPR\Damage Classification\Crack\116.jpg,ec6cda766d4c5fd4492a2dddb061297c7481c4fb48d152521520ebfc1ebee57e,HELD_OUT,sha256:ec6cda766d4c5fd4492a2dddb061297c7481c4fb48d152521520ebfc1ebee57e,other_external,image,tigpr_damage_classification,synthetic blind-freeze regression row; not real blind external evidence
tigpr:Crack:1168,external_assets/tigpr/extracted/TIGPR/Damage Classification/Crack/1168.jpg,<LOCAL_DATA_ROOT>\external_assets\tigpr\extracted\TIGPR\Damage Classification\Crack\1168.jpg,33293929e1db78cbfcf6232d77e9cf413aeeb99b3d7b28da4a0c81c2077f0ec1,HELD_OUT,sha256:33293929e1db78cbfcf6232d77e9cf413aeeb99b3d7b28da4a0c81c2077f0ec1,other_external,image,tigpr_damage_classification,synthetic blind-freeze regression row; not real blind external evidence
tigpr:Crack:1176,external_assets/tigpr/extracted/TIGPR/Damage Classification/Crack/1176.jpg,<LOCAL_DATA_ROOT>\external_assets\tigpr\extracted\TIGPR\Damage Classification\Crack\1176.jpg,e34463370a19bb7a06988fd834c87636112333fc2dc18c10f3a479b60976dac5,HELD_OUT,sha256:e34463370a19bb7a06988fd834c87636112333fc2dc18c10f3a479b60976dac5,other_external,image,tigpr_damage_classification,synthetic blind-freeze regression row; not real blind external evidence
tigpr:Crack:120,external_assets/tigpr/extracted/TIGPR/Damage Classification/Crack/120.jpg,<LOCAL_DATA_ROOT>\external_assets\tigpr\extracted\TIGPR\Damage Classification\Crack\120.jpg,8f6f23b9b0c8f691d2a71695c8d8ce63a61dc4f4b248deba2d7a4fe211bf54d5,HELD_OUT,sha256:8f6f23b9b0c8f691d2a71695c8d8ce63a61dc4f4b248deba2d7a4fe211bf54d5,other_external,image,tigpr_damage_classification,synthetic blind-freeze regression row; not real blind external evidence
tigpr:Crack:1209,external_assets/tigpr/extracted/TIGPR/Damage Classification/Crack/1209.jpg,<LOCAL_DATA_ROOT>\external_assets\tigpr\extracted\TIGPR\Damage Classification\Crack\1209.jpg,382210423a29d7b0b451abf9718720a8387c9061bd890d6ce9c36ccb4c0ed6bd,HELD_OUT,sha256:382210423a29d7b0b451abf9718720a8387c9061bd890d6ce9c36ccb4c0ed6bd,other_external,image,tigpr_damage_classification,synthetic blind-freeze regression row; not real blind external evidence
tigpr:Crack:135,external_assets/tigpr/extracted/TIGPR/Damage Classification/Crack/135.jpg,<LOCAL_DATA_ROOT>\external_assets\tigpr\extracted\TIGPR\Damage Classification\Crack\135.jpg,bc9e9f43f2389a98e3974e4aecbebd49811df4dfeb0cb2b39727f492d2e9eccb,HELD_OUT,sha256:bc9e9f43f2389a98e3974e4aecbebd49811df4dfeb0cb2b39727f492d2e9eccb,other_external,image,tigpr_damage_classification,synthetic blind-freeze regression row; not real blind external evidence
tigpr:Crack:147,external_assets/tigpr/extracted/TIGPR/Damage Classification/Crack/147.jpg,<LOCAL_DATA_ROOT>\external_assets\tigpr\extracted\TIGPR\Damage Classification\Crack\147.jpg,fb17d7f3ae80e0c63671c096f20c647232f4c1b17ba46f3cbfc8dffb0fb31a34,HELD_OUT,sha256:fb17d7f3ae80e0c63671c096f20c647232f4c1b17ba46f3cbfc8dffb0fb31a34,other_external,image,tigpr_damage_classification,synthetic blind-freeze regression row; not real blind external evidence
tigpr:Crack:149,external_assets/tigpr/extracted/TIGPR/Damage Classification/Crack/149.jpg,<LOCAL_DATA_ROOT>\external_assets\tigpr\extracted\TIGPR\Damage Classification\Crack\149.jpg,bc9e9f43f2389a98e3974e4aecbebd49811df4dfeb0cb2b39727f492d2e9eccb,HELD_OUT,sha256:bc9e9f43f2389a98e3974e4aecbebd49811df4dfeb0cb2b39727f492d2e9eccb,other_external,image,tigpr_damage_classification,synthetic blind-freeze regression row; not real blind external evidence
tigpr:Crack:208,external_assets/tigpr/extracted/TIGPR/Damage Classification/Crack/208.jpg,<LOCAL_DATA_ROOT>\external_assets\tigpr\extracted\TIGPR\Damage Classification\Crack\208.jpg,c0268f49280b0b94468b43254f45b3a3244a91110a97372a07a99aab2fa82723,HELD_OUT,sha256:c0268f49280b0b94468b43254f45b3a3244a91110a97372a07a99aab2fa82723,other_external,image,tigpr_damage_classification,synthetic blind-freeze regression row; not real blind external evidence
tigpr:Crack:212,external_assets/tigpr/extracted/TIGPR/Damage Classification/Crack/212.jpg,<LOCAL_DATA_ROOT>\external_assets\tigpr\extracted\TIGPR\Damage Classification\Crack\212.jpg,18cb76848847aa4e52e08954eca20a16791def1f6a2e95924a287b78e3e541b1,HELD_OUT,sha256:18cb76848847aa4e52e08954eca20a16791def1f6a2e95924a287b78e3e541b1,other_external,image,tigpr_damage_classification,synthetic blind-freeze regression row; not real blind external evidence
tigpr:Crack:224,external_assets/tigpr/extracted/TIGPR/Damage Classification/Crack/224.jpg,<LOCAL_DATA_ROOT>\external_assets\tigpr\extracted\TIGPR\Damage Classification\Crack\224.jpg,e0dce52be5685c39edd31c137c6754c8cb80465bc5570417a971b0e282d2d595,HELD_OUT,sha256:e0dce52be5685c39edd31c137c6754c8cb80465bc5570417a971b0e282d2d595,other_external,image,tigpr_damage_classification,synthetic blind-freeze regression row; not real blind external evidence
tigpr:Crack:289,external_assets/tigpr/extracted/TIGPR/Damage Classification/Crack/289.jpg,<LOCAL_DATA_ROOT>\external_assets\tigpr\extracted\TIGPR\Damage Classification\Crack\289.jpg,09751c4752fa2b839cb4224af88e11b006546eb97f01fb4eb646cb1ba2e9517c,HELD_OUT,sha256:09751c4752fa2b839cb4224af88e11b006546eb97f01fb4eb646cb1ba2e9517c,other_external,image,tigpr_damage_classification,synthetic blind-freeze regression row; not real blind external evidence
tigpr:Crack:311,external_assets/tigpr/extracted/TIGPR/Damage Classification/Crack/311.jpg,<LOCAL_DATA_ROOT>\external_assets\tigpr\extracted\TIGPR\Damage Classification\Crack\311.jpg,9e2a65c9df6dffc65e5ec4b1fca8b5a479964268ec7c072d8edd633576eab90f,HELD_OUT,sha256:9e2a65c9df6dffc65e5ec4b1fca8b5a479964268ec7c072d8edd633576eab90f,other_external,image,tigpr_damage_classification,synthetic blind-freeze regression row; not real blind external evidence
tigpr:Crack:314,external_assets/tigpr/extracted/TIGPR/Damage Classification/Crack/314.jpg,<LOCAL_DATA_ROOT>\external_assets\tigpr\extracted\TIGPR\Damage Classification\Crack\314.jpg,d05d7d47df41957220d52c53baeee672e94df1cfb61d250d81083c0cb7016230,HELD_OUT,sha256:d05d7d47df41957220d52c53baeee672e94df1cfb61d250d81083c0cb7016230,other_external,image,tigpr_damage_classification,synthetic blind-freeze regression row; not real blind external evidence
tigpr:Crack:318,external_assets/tigpr/extracted/TIGPR/Damage Classification/Crack/318.jpg,<LOCAL_DATA_ROOT>\external_assets\tigpr\extracted\TIGPR\Damage Classification\Crack\318.jpg,6abb378ebbeab349bfae90a102318e0a9095a43b548009c1e540d52329d31350,HELD_OUT,sha256:6abb378ebbeab349bfae90a102318e0a9095a43b548009c1e540d52329d31350,other_external,image,tigpr_damage_classification,synthetic blind-freeze regression row; not real blind external evidence
tigpr:Crack:326,external_assets/tigpr/extracted/TIGPR/Damage Classification/Crack/326.jpg,<LOCAL_DATA_ROOT>\external_assets\tigpr\extracted\TIGPR\Damage Classification\Crack\326.jpg,7bf8871e48155db7aa6a0578c666864e5f6b8f3dfe84a9131df6fe6889d0ba02,HELD_OUT,sha256:7bf8871e48155db7aa6a0578c666864e5f6b8f3dfe84a9131df6fe6889d0ba02,other_external,image,tigpr_damage_classification,synthetic blind-freeze regression row; not real blind external evidence
tigpr:Crack:350,external_assets/tigpr/extracted/TIGPR/Damage Classification/Crack/350.jpg,<LOCAL_DATA_ROOT>\external_assets\tigpr\extracted\TIGPR\Damage Classification\Crack\350.jpg,94bf9080c2c33faa621dd585a918b84fb315ce0a6b68fa90ebb7bcebbcb16275,HELD_OUT,sha256:94bf9080c2c33faa621dd585a918b84fb315ce0a6b68fa90ebb7bcebbcb16275,other_external,image,tigpr_damage_classification,synthetic blind-freeze regression row; not real blind external evidence
tigpr:Crack:402,external_assets/tigpr/extracted/TIGPR/Damage Classification/Crack/402.jpg,<LOCAL_DATA_ROOT>\external_assets\tigpr\extracted\TIGPR\Damage Classification\Crack\402.jpg,99d7537864362c1618489bddef02651a5e00aff960c34c16fd61474370c4998d,HELD_OUT,sha256:99d7537864362c1618489bddef02651a5e00aff960c34c16fd61474370c4998d,other_external,image,tigpr_damage_classification,synthetic blind-freeze regression row; not real blind external evidence
tigpr:Crack:444,external_assets/tigpr/extracted/TIGPR/Damage Classification/Crack/444.jpg,<LOCAL_DATA_ROOT>\external_assets\tigpr\extracted\TIGPR\Damage Classification\Crack\444.jpg,4df40810f545d40d232a4f635662a24aac7d7672ba1f55cb9124a783fb8876da,HELD_OUT,sha256:4df40810f545d40d232a4f635662a24aac7d7672ba1f55cb9124a783fb8876da,other_external,image,tigpr_damage_classification,synthetic blind-freeze regression row; not real blind external evidence
tigpr:Crack:49,external_assets/tigpr/extracted/TIGPR/Damage Classification/Crack/49.jpg,<LOCAL_DATA_ROOT>\external_assets\tigpr\extracted\TIGPR\Damage Classification\Crack\49.jpg,975c5bda70ed5ceb3ef3da5f3fd8e00d06b9e833761efbc28441f1c0d48ef2eb,HELD_OUT,sha256:975c5bda70ed5ceb3ef3da5f3fd8e00d06b9e833761efbc28441f1c0d48ef2eb,other_external,image,tigpr_damage_classification,synthetic blind-freeze regression row; not real blind external evidence
tigpr:Crack:672,external_assets/tigpr/extracted/TIGPR/Damage Classification/Crack/672.jpg,<LOCAL_DATA_ROOT>\external_assets\tigpr\extracted\TIGPR\Damage Classification\Crack\672.jpg,55229577c4c480b84700522b5a4f8b6e0f8d67c0518c8889ac342d9e221b8445,HELD_OUT,sha256:55229577c4c480b84700522b5a4f8b6e0f8d67c0518c8889ac342d9e221b8445,other_external,image,tigpr_damage_classification,synthetic blind-freeze regression row; not real blind external evidence
tigpr:Crack:704,external_assets/tigpr/extracted/TIGPR/Damage Classification/Crack/704.jpg,<LOCAL_DATA_ROOT>\external_assets\tigpr\extracted\TIGPR\Damage Classification\Crack\704.jpg,32dd7efa60c70a26b27129d98f32e37193cca359d69c58dda6c3bd11a7b3f57c,HELD_OUT,sha256:32dd7efa60c70a26b27129d98f32e37193cca359d69c58dda6c3bd11a7b3f57c,other_external,image,tigpr_damage_classification,synthetic blind-freeze regression row; not real blind external evidence
tigpr:Crack:71,external_assets/tigpr/extracted/TIGPR/Damage Classification/Crack/71.jpg,<LOCAL_DATA_ROOT>\external_assets\tigpr\extracted\TIGPR\Damage Classification\Crack\71.jpg,ba6ea8c7fb8d1adc861ff3bbf34c641d72ab7089f50867c0c372ac4fe586c4b4,HELD_OUT,sha256:ba6ea8c7fb8d1adc861ff3bbf34c641d72ab7089f50867c0c372ac4fe586c4b4,other_external,image,tigpr_damage_classification,synthetic blind-freeze regression row; not real blind external evidence
tigpr:Crack:712,external_assets/tigpr/extracted/TIGPR/Damage Classification/Crack/712.jpg,<LOCAL_DATA_ROOT>\external_assets\tigpr\extracted\TIGPR\Damage Classification\Crack\712.jpg,d411fcb0260ca78464f169455fc7790d3f4764eda44f654f5714c856f0ff5957,HELD_OUT,sha256:d411fcb0260ca78464f169455fc7790d3f4764eda44f654f5714c856f0ff5957,other_external,image,tigpr_damage_classification,synthetic blind-freeze regression row; not real blind external evidence
tigpr:Crack:732,external_assets/tigpr/extracted/TIGPR/Damage Classification/Crack/732.jpg,<LOCAL_DATA_ROOT>\external_assets\tigpr\extracted\TIGPR\Damage Classification\Crack\732.jpg,e3ed8c768b29ddbb159306fdc6f313296bb7698873b059e188bb7c3dcab2b377,HELD_OUT,sha256:e3ed8c768b29ddbb159306fdc6f313296bb7698873b059e188bb7c3dcab2b377,other_external,image,tigpr_damage_classification,synthetic blind-freeze regression row; not real blind external evidence
tigpr:Crack:738,external_assets/tigpr/extracted/TIGPR/Damage Classification/Crack/738.jpg,<LOCAL_DATA_ROOT>\external_assets\tigpr\extracted\TIGPR\Damage Classification\Crack\738.jpg,3cbe79e72b37a06e5cfea1f2f9a6553f5243468ef4d97bec4105678c91667e63,HELD_OUT,sha256:3cbe79e72b37a06e5cfea1f2f9a6553f5243468ef4d97bec4105678c91667e63,other_external,image,tigpr_damage_classification,synthetic blind-freeze regression row; not real blind external evidence
tigpr:Crack:741,external_assets/tigpr/extracted/TIGPR/Damage Classification/Crack/741.jpg,<LOCAL_DATA_ROOT>\external_assets\tigpr\extracted\TIGPR\Damage Classification\Crack\741.jpg,be358e8ceab4e0611163c3e9cafdcd43150c318f93990795e286f1ea5d9f9bcb,HELD_OUT,sha256:be358e8ceab4e0611163c3e9cafdcd43150c318f93990795e286f1ea5d9f9bcb,other_external,image,tigpr_damage_classification,synthetic blind-freeze regression row; not real blind external evidence
tigpr:Crack:757,external_assets/tigpr/extracted/TIGPR/Damage Classification/Crack/757.jpg,<LOCAL_DATA_ROOT>\external_assets\tigpr\extracted\TIGPR\Damage Classification\Crack\757.jpg,1e8daea426dff8855c14c7eb1ee768c51fbfe340d1cd29fe57533a261bd4db27,HELD_OUT,sha256:1e8daea426dff8855c14c7eb1ee768c51fbfe340d1cd29fe57533a261bd4db27,other_external,image,tigpr_damage_classification,synthetic blind-freeze regression row; not real blind external evidence
tigpr:Crack:819,external_assets/tigpr/extracted/TIGPR/Damage Classification/Crack/819.jpg,<LOCAL_DATA_ROOT>\external_assets\tigpr\extracted\TIGPR\Damage Classification\Crack\819.jpg,7305bdb57787a1321826e21c78d7557be13674845859873442c2dce73e6f45c1,HELD_OUT,sha256:7305bdb57787a1321826e21c78d7557be13674845859873442c2dce73e6f45c1,other_external,image,tigpr_damage_classification,synthetic blind-freeze regression row; not real blind external evidence
tigpr:Crack:840,external_assets/tigpr/extracted/TIGPR/Damage Classification/Crack/840.jpg,<LOCAL_DATA_ROOT>\external_assets\tigpr\extracted\TIGPR\Damage Classification\Crack\840.jpg,554c8ef05bb722760e0a9e265108a720c144042ae4c631a986174285f1c2e2c8,HELD_OUT,sha256:554c8ef05bb722760e0a9e265108a720c144042ae4c631a986174285f1c2e2c8,other_external,image,tigpr_damage_classification,synthetic blind-freeze regression row; not real blind external evidence
tigpr:Crack:855,external_assets/tigpr/extracted/TIGPR/Damage Classification/Crack/855.jpg,<LOCAL_DATA_ROOT>\external_assets\tigpr\extracted\TIGPR\Damage Classification\Crack\855.jpg,105decdb2aebc0c5dfbfd9d31e0d43fc656b6ebda661200bdf4694ac49ab1b9e,HELD_OUT,sha256:105decdb2aebc0c5dfbfd9d31e0d43fc656b6ebda661200bdf4694ac49ab1b9e,other_external,image,tigpr_damage_classification,synthetic blind-freeze regression row; not real blind external evidence
tigpr:Crack:874,external_assets/tigpr/extracted/TIGPR/Damage Classification/Crack/874.jpg,<LOCAL_DATA_ROOT>\external_assets\tigpr\extracted\TIGPR\Damage Classification\Crack\874.jpg,eb148bd15f9d1216df2af55ba436c61e5fbfb6f886d6ff10028260c8874578b7,HELD_OUT,sha256:eb148bd15f9d1216df2af55ba436c61e5fbfb6f886d6ff10028260c8874578b7,other_external,image,tigpr_damage_classification,synthetic blind-freeze regression row; not real blind external evidence
tigpr:Crack:884,external_assets/tigpr/extracted/TIGPR/Damage Classification/Crack/884.jpg,<LOCAL_DATA_ROOT>\external_assets\tigpr\extracted\TIGPR\Damage Classification\Crack\884.jpg,feec7d688139cc7936c28523743b645d009d746e3fa7d6d1bdc0af7bcfc3f68f,HELD_OUT,sha256:feec7d688139cc7936c28523743b645d009d746e3fa7d6d1bdc0af7bcfc3f68f,other_external,image,tigpr_damage_classification,synthetic blind-freeze regression row; not real blind external evidence
tigpr:Crack:890,external_assets/tigpr/extracted/TIGPR/Damage Classification/Crack/890.jpg,<LOCAL_DATA_ROOT>\external_assets\tigpr\extracted\TIGPR\Damage Classification\Crack\890.jpg,eb26c78648d007e687499adb04c7409c12ea296b911d8bf3062002d2ee1b0f79,HELD_OUT,sha256:eb26c78648d007e687499adb04c7409c12ea296b911d8bf3062002d2ee1b0f79,other_external,image,tigpr_damage_classification,synthetic blind-freeze regression row; not real blind external evidence
tigpr:Crack:912,external_assets/tigpr/extracted/TIGPR/Damage Classification/Crack/912.jpg,<LOCAL_DATA_ROOT>\external_assets\tigpr\extracted\TIGPR\Damage Classification\Crack\912.jpg,0db8245cd1403c6e053f217a1f73759bc514fc783c2b46ab7cb5574ff2eb4d7f,HELD_OUT,sha256:0db8245cd1403c6e053f217a1f73759bc514fc783c2b46ab7cb5574ff2eb4d7f,other_external,image,tigpr_damage_classification,synthetic blind-freeze regression row; not real blind external evidence
tigpr:Crack:917,external_assets/tigpr/extracted/TIGPR/Damage Classification/Crack/917.jpg,<LOCAL_DATA_ROOT>\external_assets\tigpr\extracted\TIGPR\Damage Classification\Crack\917.jpg,b18288fef560777319f2cd879f97f2e7252d51401bffb0518667967966a14f26,HELD_OUT,sha256:b18288fef560777319f2cd879f97f2e7252d51401bffb0518667967966a14f26,other_external,image,tigpr_damage_classification,synthetic blind-freeze regression row; not real blind external evidence
tigpr:Crack:932,external_assets/tigpr/extracted/TIGPR/Damage Classification/Crack/932.jpg,<LOCAL_DATA_ROOT>\external_assets\tigpr\extracted\TIGPR\Damage Classification\Crack\932.jpg,4fdfcbb4905e81d8a616fd918528010885feb8bc7e9125435d713ecd953994ba,HELD_OUT,sha256:4fdfcbb4905e81d8a616fd918528010885feb8bc7e9125435d713ecd953994ba,other_external,image,tigpr_damage_classification,synthetic blind-freeze regression row; not real blind external evidence
tigpr:Crack:945,external_assets/tigpr/extracted/TIGPR/Damage Classification/Crack/945.jpg,<LOCAL_DATA_ROOT>\external_assets\tigpr\extracted\TIGPR\Damage Classification\Crack\945.jpg,139f4ab002efaff33bedc4ba29c035b0edc65d59d0f36e635b6e0fa7a4b52fdd,HELD_OUT,sha256:139f4ab002efaff33bedc4ba29c035b0edc65d59d0f36e635b6e0fa7a4b52fdd,other_external,image,tigpr_damage_classification,synthetic blind-freeze regression row; not real blind external evidence
tigpr:Crack:956,external_assets/tigpr/extracted/TIGPR/Damage Classification/Crack/956.jpg,<LOCAL_DATA_ROOT>\external_assets\tigpr\extracted\TIGPR\Damage Classification\Crack\956.jpg,6098faf71da2fe4b0abb4fe508d4f13156d1f2c69a159ffa98b8064edb9017d1,HELD_OUT,sha256:6098faf71da2fe4b0abb4fe508d4f13156d1f2c69a159ffa98b8064edb9017d1,other_external,image,tigpr_damage_classification,synthetic blind-freeze regression row; not real blind external evidence
tigpr:Crack:972,external_assets/tigpr/extracted/TIGPR/Damage Classification/Crack/972.jpg,<LOCAL_DATA_ROOT>\external_assets\tigpr\extracted\TIGPR\Damage Classification\Crack\972.jpg,24fbfa4b6547eafa1fe61c99cda46fb79f3aa2f47d5343b568515b944580241c,HELD_OUT,sha256:24fbfa4b6547eafa1fe61c99cda46fb79f3aa2f47d5343b568515b944580241c,other_external,image,tigpr_damage_classification,synthetic blind-freeze regression row; not real blind external evidence
tigpr:Crack:979,external_assets/tigpr/extracted/TIGPR/Damage Classification/Crack/979.jpg,<LOCAL_DATA_ROOT>\external_assets\tigpr\extracted\TIGPR\Damage Classification\Crack\979.jpg,f37ed299b6209d3de3fbc87ca154d7ebd74f5ee0f61f78e4ac3218b7b54b6994,HELD_OUT,sha256:f37ed299b6209d3de3fbc87ca154d7ebd74f5ee0f61f78e4ac3218b7b54b6994,other_external,image,tigpr_damage_classification,synthetic blind-freeze regression row; not real blind external evidence
tigpr:Interlayer_bonding_deficiency:1056,external_assets/tigpr/extracted/TIGPR/Damage Classification/Interlayer_bonding_deficiency/1056.jpg,<LOCAL_DATA_ROOT>\external_assets\tigpr\extracted\TIGPR\Damage Classification\Interlayer_bonding_deficiency\1056.jpg,3adf5bd0e96eddd22b6b3bbd98c39b4af1b2827ada4575bd02d2af2d366a516c,HELD_OUT,sha256:3adf5bd0e96eddd22b6b3bbd98c39b4af1b2827ada4575bd02d2af2d366a516c,other_external,image,tigpr_damage_classification,synthetic blind-freeze regression row; not real blind external evidence
tigpr:Interlayer_bonding_deficiency:1108,external_assets/tigpr/extracted/TIGPR/Damage Classification/Interlayer_bonding_deficiency/1108.jpg,<LOCAL_DATA_ROOT>\external_assets\tigpr\extracted\TIGPR\Damage Classification\Interlayer_bonding_deficiency\1108.jpg,8898f83153879ba1cb489d6d2356eab611f7656fb90b113a12cbdb0ab9ed139e,HELD_OUT,sha256:8898f83153879ba1cb489d6d2356eab611f7656fb90b113a12cbdb0ab9ed139e,other_external,image,tigpr_damage_classification,synthetic blind-freeze regression row; not real blind external evidence
tigpr:Interlayer_bonding_deficiency:1113,external_assets/tigpr/extracted/TIGPR/Damage Classification/Interlayer_bonding_deficiency/1113.jpg,<LOCAL_DATA_ROOT>\external_assets\tigpr\extracted\TIGPR\Damage Classification\Interlayer_bonding_deficiency\1113.jpg,e52151bd3cf13a7b4ea1f645bd3a696e99054a05b2da81bfba34a6e1ca3333be,HELD_OUT,sha256:e52151bd3cf13a7b4ea1f645bd3a696e99054a05b2da81bfba34a6e1ca3333be,other_external,image,tigpr_damage_classification,synthetic blind-freeze regression row; not real blind external evidence
tigpr:Interlayer_bonding_deficiency:1119,external_assets/tigpr/extracted/TIGPR/Damage Classification/Interlayer_bonding_deficiency/1119.jpg,<LOCAL_DATA_ROOT>\external_assets\tigpr\extracted\TIGPR\Damage Classification\Interlayer_bonding_deficiency\1119.jpg,a5fe3ce2caf3cd92e50dce20eab227c81797d558f17ad7efc878a5d990d3daf8,HELD_OUT,sha256:a5fe3ce2caf3cd92e50dce20eab227c81797d558f17ad7efc878a5d990d3daf8,other_external,image,tigpr_damage_classification,synthetic blind-freeze regression row; not real blind external evidence
tigpr:Interlayer_bonding_deficiency:1127,external_assets/tigpr/extracted/TIGPR/Damage Classification/Interlayer_bonding_deficiency/1127.jpg,<LOCAL_DATA_ROOT>\external_assets\tigpr\extracted\TIGPR\Damage Classification\Interlayer_bonding_deficiency\1127.jpg,cb0fad3979448dafe31186118b44362773faffcd77a8a2251a5bd742066444cb,HELD_OUT,sha256:cb0fad3979448dafe31186118b44362773faffcd77a8a2251a5bd742066444cb,other_external,image,tigpr_damage_classification,synthetic blind-freeze regression row; not real blind external evidence
tigpr:Interlayer_bonding_deficiency:1130,external_assets/tigpr/extracted/TIGPR/Damage Classification/Interlayer_bonding_deficiency/1130.jpg,<LOCAL_DATA_ROOT>\external_assets\tigpr\extracted\TIGPR\Damage Classification\Interlayer_bonding_deficiency\1130.jpg,a74cb82319a8b5faa747aed78f7083b6e0ecdfa754b3c16ad7970bc927fb78df,HELD_OUT,sha256:a74cb82319a8b5faa747aed78f7083b6e0ecdfa754b3c16ad7970bc927fb78df,other_external,image,tigpr_damage_classification,synthetic blind-freeze regression row; not real blind external evidence
tigpr:Interlayer_bonding_deficiency:1174,external_assets/tigpr/extracted/TIGPR/Damage Classification/Interlayer_bonding_deficiency/1174.jpg,<LOCAL_DATA_ROOT>\external_assets\tigpr\extracted\TIGPR\Damage Classification\Interlayer_bonding_deficiency\1174.jpg,801b9c218a90a936d25eb1162bc6219ef111bdf3b61aa8df2cf47037e499839f,HELD_OUT,sha256:801b9c218a90a936d25eb1162bc6219ef111bdf3b61aa8df2cf47037e499839f,other_external,image,tigpr_damage_classification,synthetic blind-freeze regression row; not real blind external evidence
tigpr:Interlayer_bonding_deficiency:1189,external_assets/tigpr/extracted/TIGPR/Damage Classification/Interlayer_bonding_deficiency/1189.jpg,<LOCAL_DATA_ROOT>\external_assets\tigpr\extracted\TIGPR\Damage Classification\Interlayer_bonding_deficiency\1189.jpg,ae515090c8f3128d904f4c32bdbe4dddd70ac9caa65e118797ddd2e5180aa2db,HELD_OUT,sha256:ae515090c8f3128d904f4c32bdbe4dddd70ac9caa65e118797ddd2e5180aa2db,other_external,image,tigpr_damage_classification,synthetic blind-freeze regression row; not real blind external evidence
tigpr:Interlayer_bonding_deficiency:1191,external_assets/tigpr/extracted/TIGPR/Damage Classification/Interlayer_bonding_deficiency/1191.jpg,<LOCAL_DATA_ROOT>\external_assets\tigpr\extracted\TIGPR\Damage Classification\Interlayer_bonding_deficiency\1191.jpg,f51ea8a23b92bde0016cc3ea7a28b58e78936763a397121203a86d21083a19bf,HELD_OUT,sha256:f51ea8a23b92bde0016cc3ea7a28b58e78936763a397121203a86d21083a19bf,other_external,image,tigpr_damage_classification,synthetic blind-freeze regression row; not real blind external evidence
tigpr:Interlayer_bonding_deficiency:1227,external_assets/tigpr/extracted/TIGPR/Damage Classification/Interlayer_bonding_deficiency/1227.jpg,<LOCAL_DATA_ROOT>\external_assets\tigpr\extracted\TIGPR\Damage Classification\Interlayer_bonding_deficiency\1227.jpg,9ccdad3b2d9cda208906a2498aa5a41e7a3b1f3756a38037701b67c456665d66,HELD_OUT,sha256:9ccdad3b2d9cda208906a2498aa5a41e7a3b1f3756a38037701b67c456665d66,other_external,image,tigpr_damage_classification,synthetic blind-freeze regression row; not real blind external evidence
tigpr:Interlayer_bonding_deficiency:1254,external_assets/tigpr/extracted/TIGPR/Damage Classification/Interlayer_bonding_deficiency/1254.jpg,<LOCAL_DATA_ROOT>\external_assets\tigpr\extracted\TIGPR\Damage Classification\Interlayer_bonding_deficiency\1254.jpg,03de329b551391afd9c18319c9542266f5d0262de17b5a27061e8525afaa509b,HELD_OUT,sha256:03de329b551391afd9c18319c9542266f5d0262de17b5a27061e8525afaa509b,other_external,image,tigpr_damage_classification,synthetic blind-freeze regression row; not real blind external evidence
tigpr:Interlayer_bonding_deficiency:1305,external_assets/tigpr/extracted/TIGPR/Damage Classification/Interlayer_bonding_deficiency/1305.jpg,<LOCAL_DATA_ROOT>\external_assets\tigpr\extracted\TIGPR\Damage Classification\Interlayer_bonding_deficiency\1305.jpg,04e448848ce053c159a996df0fe662a7fd5a018115684a9ac34ea7be8b0f3ad7,HELD_OUT,sha256:04e448848ce053c159a996df0fe662a7fd5a018115684a9ac34ea7be8b0f3ad7,other_external,image,tigpr_damage_classification,synthetic blind-freeze regression row; not real blind external evidence
tigpr:Interlayer_bonding_deficiency:1359,external_assets/tigpr/extracted/TIGPR/Damage Classification/Interlayer_bonding_deficiency/1359.jpg,<LOCAL_DATA_ROOT>\external_assets\tigpr\extracted\TIGPR\Damage Classification\Interlayer_bonding_deficiency\1359.jpg,028d31722c6101694517e3bdcd4f78c4fc55bc9308bbc420bdfdc3a9aa082f7e,HELD_OUT,sha256:028d31722c6101694517e3bdcd4f78c4fc55bc9308bbc420bdfdc3a9aa082f7e,other_external,image,tigpr_damage_classification,synthetic blind-freeze regression row; not real blind external evidence
tigpr:Interlayer_bonding_deficiency:1370,external_assets/tigpr/extracted/TIGPR/Damage Classification/Interlayer_bonding_deficiency/1370.jpg,<LOCAL_DATA_ROOT>\external_assets\tigpr\extracted\TIGPR\Damage Classification\Interlayer_bonding_deficiency\1370.jpg,9f7ecfbc7b4958edd63805c669f59c2e6db9c869a33e2657593a3eaa7a76cbc5,HELD_OUT,sha256:9f7ecfbc7b4958edd63805c669f59c2e6db9c869a33e2657593a3eaa7a76cbc5,other_external,image,tigpr_damage_classification,synthetic blind-freeze regression row; not real blind external evidence
tigpr:Interlayer_bonding_deficiency:1396,external_assets/tigpr/extracted/TIGPR/Damage Classification/Interlayer_bonding_deficiency/1396.jpg,<LOCAL_DATA_ROOT>\external_assets\tigpr\extracted\TIGPR\Damage Classification\Interlayer_bonding_deficiency\1396.jpg,cb9873214db64750c517d93f1072aec5a989956767101dfc217cf3db2836f42e,HELD_OUT,sha256:cb9873214db64750c517d93f1072aec5a989956767101dfc217cf3db2836f42e,other_external,image,tigpr_damage_classification,synthetic blind-freeze regression row; not real blind external evidence
tigpr:Interlayer_bonding_deficiency:1438,external_assets/tigpr/extracted/TIGPR/Damage Classification/Interlayer_bonding_deficiency/1438.jpg,<LOCAL_DATA_ROOT>\external_assets\tigpr\extracted\TIGPR\Damage Classification\Interlayer_bonding_deficiency\1438.jpg,f0465cfd822d1ea135fc5a4df7d4227a4ac101fc14efa941a1ae5aabc248c468,HELD_OUT,sha256:f0465cfd822d1ea135fc5a4df7d4227a4ac101fc14efa941a1ae5aabc248c468,other_external,image,tigpr_damage_classification,synthetic blind-freeze regression row; not real blind external evidence
tigpr:Interlayer_bonding_deficiency:1480,external_assets/tigpr/extracted/TIGPR/Damage Classification/Interlayer_bonding_deficiency/1480.jpg,<LOCAL_DATA_ROOT>\external_assets\tigpr\extracted\TIGPR\Damage Classification\Interlayer_bonding_deficiency\1480.jpg,8efac051edfb6538027145caaa5df7c4ba440f531c40ddefa0dfcc1b6e875d90,HELD_OUT,sha256:8efac051edfb6538027145caaa5df7c4ba440f531c40ddefa0dfcc1b6e875d90,other_external,image,tigpr_damage_classification,synthetic blind-freeze regression row; not real blind external evidence
tigpr:Interlayer_bonding_deficiency:1487,external_assets/tigpr/extracted/TIGPR/Damage Classification/Interlayer_bonding_deficiency/1487.jpg,<LOCAL_DATA_ROOT>\external_assets\tigpr\extracted\TIGPR\Damage Classification\Interlayer_bonding_deficiency\1487.jpg,a939d2b24614fdedde49ecb025c8c530e9c8fe3120355033e0a9870869653e94,HELD_OUT,sha256:a939d2b24614fdedde49ecb025c8c530e9c8fe3120355033e0a9870869653e94,other_external,image,tigpr_damage_classification,synthetic blind-freeze regression row; not real blind external evidence
tigpr:Interlayer_bonding_deficiency:1496,external_assets/tigpr/extracted/TIGPR/Damage Classification/Interlayer_bonding_deficiency/1496.jpg,<LOCAL_DATA_ROOT>\external_assets\tigpr\extracted\TIGPR\Damage Classification\Interlayer_bonding_deficiency\1496.jpg,8482484a82922c832990ec490a91623a56c130dcf149edd452cc790731b7b6ed,HELD_OUT,sha256:8482484a82922c832990ec490a91623a56c130dcf149edd452cc790731b7b6ed,other_external,image,tigpr_damage_classification,synthetic blind-freeze regression row; not real blind external evidence
tigpr:Interlayer_bonding_deficiency:1500,external_assets/tigpr/extracted/TIGPR/Damage Classification/Interlayer_bonding_deficiency/1500.jpg,<LOCAL_DATA_ROOT>\external_assets\tigpr\extracted\TIGPR\Damage Classification\Interlayer_bonding_deficiency\1500.jpg,3f79c86ac28b1c9ba81f1853074a9cad815ccbea84d87aaa6ccdac9fcfc494e7,HELD_OUT,sha256:3f79c86ac28b1c9ba81f1853074a9cad815ccbea84d87aaa6ccdac9fcfc494e7,other_external,image,tigpr_damage_classification,synthetic blind-freeze regression row; not real blind external evidence
tigpr:Interlayer_bonding_deficiency:1512,external_assets/tigpr/extracted/TIGPR/Damage Classification/Interlayer_bonding_deficiency/1512.jpg,<LOCAL_DATA_ROOT>\external_assets\tigpr\extracted\TIGPR\Damage Classification\Interlayer_bonding_deficiency\1512.jpg,fc91fd8555c92d10106226c9a01e055849caf29642f630f7231afb9c50283c81,HELD_OUT,sha256:fc91fd8555c92d10106226c9a01e055849caf29642f630f7231afb9c50283c81,other_external,image,tigpr_damage_classification,synthetic blind-freeze regression row; not real blind external evidence
tigpr:Interlayer_bonding_deficiency:1626,external_assets/tigpr/extracted/TIGPR/Damage Classification/Interlayer_bonding_deficiency/1626.jpg,<LOCAL_DATA_ROOT>\external_assets\tigpr\extracted\TIGPR\Damage Classification\Interlayer_bonding_deficiency\1626.jpg,8ff4f4ceae176423fc9984c90d2bafd91021fae646148ac6949cf797d30607a1,HELD_OUT,sha256:8ff4f4ceae176423fc9984c90d2bafd91021fae646148ac6949cf797d30607a1,other_external,image,tigpr_damage_classification,synthetic blind-freeze regression row; not real blind external evidence
tigpr:Interlayer_bonding_deficiency:1668,external_assets/tigpr/extracted/TIGPR/Damage Classification/Interlayer_bonding_deficiency/1668.jpg,<LOCAL_DATA_ROOT>\external_assets\tigpr\extracted\TIGPR\Damage Classification\Interlayer_bonding_deficiency\1668.jpg,ddcebe5f84b07b5237097a169ebb93c33d2d836d38c30d563eb5fc80dc0deaa0,HELD_OUT,sha256:ddcebe5f84b07b5237097a169ebb93c33d2d836d38c30d563eb5fc80dc0deaa0,other_external,image,tigpr_damage_classification,synthetic blind-freeze regression row; not real blind external evidence
tigpr:Interlayer_bonding_deficiency:1708,external_assets/tigpr/extracted/TIGPR/Damage Classification/Interlayer_bonding_deficiency/1708.jpg,<LOCAL_DATA_ROOT>\external_assets\tigpr\extracted\TIGPR\Damage Classification\Interlayer_bonding_deficiency\1708.jpg,8229b0f69b70c0e9556fe19189740e4bc961f390f529517167ac6e59eea5b2fe,HELD_OUT,sha256:8229b0f69b70c0e9556fe19189740e4bc961f390f529517167ac6e59eea5b2fe,other_external,image,tigpr_damage_classification,synthetic blind-freeze regression row; not real blind external evidence
tigpr:Interlayer_bonding_deficiency:1721,external_assets/tigpr/extracted/TIGPR/Damage Classification/Interlayer_bonding_deficiency/1721.jpg,<LOCAL_DATA_ROOT>\external_assets\tigpr\extracted\TIGPR\Damage Classification\Interlayer_bonding_deficiency\1721.jpg,4e128b90298f8aeede24efc9436956872d668830233a5983192c93f588d65763,HELD_OUT,sha256:4e128b90298f8aeede24efc9436956872d668830233a5983192c93f588d65763,other_external,image,tigpr_damage_classification,synthetic blind-freeze regression row; not real blind external evidence
tigpr:Interlayer_bonding_deficiency:1735,external_assets/tigpr/extracted/TIGPR/Damage Classification/Interlayer_bonding_deficiency/1735.jpg,<LOCAL_DATA_ROOT>\external_assets\tigpr\extracted\TIGPR\Damage Classification\Interlayer_bonding_deficiency\1735.jpg,60acd0db0fd3933b6277111f3255b79cb14b2ac46d13bc3b80f1594c55cbae4a,HELD_OUT,sha256:60acd0db0fd3933b6277111f3255b79cb14b2ac46d13bc3b80f1594c55cbae4a,other_external,image,tigpr_damage_classification,synthetic blind-freeze regression row; not real blind external evidence
tigpr:Interlayer_bonding_deficiency:1764,external_assets/tigpr/extracted/TIGPR/Damage Classification/Interlayer_bonding_deficiency/1764.jpg,<LOCAL_DATA_ROOT>\external_assets\tigpr\extracted\TIGPR\Damage Classification\Interlayer_bonding_deficiency\1764.jpg,cd3911ba3982f4a37c8b4e9c5d3327af0f8f636f0eff57c1dc70d6b7ea9d32eb,HELD_OUT,sha256:cd3911ba3982f4a37c8b4e9c5d3327af0f8f636f0eff57c1dc70d6b7ea9d32eb,other_external,image,tigpr_damage_classification,synthetic blind-freeze regression row; not real blind external evidence
tigpr:Interlayer_bonding_deficiency:1839,external_assets/tigpr/extracted/TIGPR/Damage Classification/Interlayer_bonding_deficiency/1839.jpg,<LOCAL_DATA_ROOT>\external_assets\tigpr\extracted\TIGPR\Damage Classification\Interlayer_bonding_deficiency\1839.jpg,8482c3d6fc1c43af6f1b602d73dfe37035d5d91296d0d8bc95db36f9c1af9a95,HELD_OUT,sha256:8482c3d6fc1c43af6f1b602d73dfe37035d5d91296d0d8bc95db36f9c1af9a95,other_external,image,tigpr_damage_classification,synthetic blind-freeze regression row; not real blind external evidence
tigpr:Interlayer_bonding_deficiency:1863,external_assets/tigpr/extracted/TIGPR/Damage Classification/Interlayer_bonding_deficiency/1863.jpg,<LOCAL_DATA_ROOT>\external_assets\tigpr\extracted\TIGPR\Damage Classification\Interlayer_bonding_deficiency\1863.jpg,8b7d3380982d1790fe03194f5f9af7a13212ea13a283edb2971e32893bf049f1,HELD_OUT,sha256:8b7d3380982d1790fe03194f5f9af7a13212ea13a283edb2971e32893bf049f1,other_external,image,tigpr_damage_classification,synthetic blind-freeze regression row; not real blind external evidence
tigpr:Interlayer_bonding_deficiency:1866,external_assets/tigpr/extracted/TIGPR/Damage Classification/Interlayer_bonding_deficiency/1866.jpg,<LOCAL_DATA_ROOT>\external_assets\tigpr\extracted\TIGPR\Damage Classification\Interlayer_bonding_deficiency\1866.jpg,5b073f4c0812e3c76037c278336c670ccdd12cb57f769d94f220ca88f662fd6e,HELD_OUT,sha256:5b073f4c0812e3c76037c278336c670ccdd12cb57f769d94f220ca88f662fd6e,other_external,image,tigpr_damage_classification,synthetic blind-freeze regression row; not real blind external evidence
tigpr:Interlayer_bonding_deficiency:1876,external_assets/tigpr/extracted/TIGPR/Damage Classification/Interlayer_bonding_deficiency/1876.jpg,<LOCAL_DATA_ROOT>\external_assets\tigpr\extracted\TIGPR\Damage Classification\Interlayer_bonding_deficiency\1876.jpg,7f26258021b6ccad1f496f16eaac8315d154ed87944e939bc373a7279914673b,HELD_OUT,sha256:7f26258021b6ccad1f496f16eaac8315d154ed87944e939bc373a7279914673b,other_external,image,tigpr_damage_classification,synthetic blind-freeze regression row; not real blind external evidence
tigpr:Interlayer_bonding_deficiency:1877,external_assets/tigpr/extracted/TIGPR/Damage Classification/Interlayer_bonding_deficiency/1877.jpg,<LOCAL_DATA_ROOT>\external_assets\tigpr\extracted\TIGPR\Damage Classification\Interlayer_bonding_deficiency\1877.jpg,2ae1ef683600d6e8ddab37f455b1e9a6ea756222a5c9d257c4eb3bf08fbf7b73,HELD_OUT,sha256:2ae1ef683600d6e8ddab37f455b1e9a6ea756222a5c9d257c4eb3bf08fbf7b73,other_external,image,tigpr_damage_classification,synthetic blind-freeze regression row; not real blind external evidence
tigpr:Interlayer_bonding_deficiency:1893,external_assets/tigpr/extracted/TIGPR/Damage Classification/Interlayer_bonding_deficiency/1893.jpg,<LOCAL_DATA_ROOT>\external_assets\tigpr\extracted\TIGPR\Damage Classification\Interlayer_bonding_deficiency\1893.jpg,046f2562c4fe8ce2485dcd4494c5c2c1afa608389d55117f631be19461474c9b,HELD_OUT,sha256:046f2562c4fe8ce2485dcd4494c5c2c1afa608389d55117f631be19461474c9b,other_external,image,tigpr_damage_classification,synthetic blind-freeze regression row; not real blind external evidence
tigpr:Interlayer_bonding_deficiency:1894,external_assets/tigpr/extracted/TIGPR/Damage Classification/Interlayer_bonding_deficiency/1894.jpg,<LOCAL_DATA_ROOT>\external_assets\tigpr\extracted\TIGPR\Damage Classification\Interlayer_bonding_deficiency\1894.jpg,41931dda8fbd0bd26f7aac9c3c528cf126160c0aa662547b4c9880d8c1c9a9e3,HELD_OUT,sha256:41931dda8fbd0bd26f7aac9c3c528cf126160c0aa662547b4c9880d8c1c9a9e3,other_external,image,tigpr_damage_classification,synthetic blind-freeze regression row; not real blind external evidence
tigpr:Interlayer_bonding_deficiency:1906,external_assets/tigpr/extracted/TIGPR/Damage Classification/Interlayer_bonding_deficiency/1906.jpg,<LOCAL_DATA_ROOT>\external_assets\tigpr\extracted\TIGPR\Damage Classification\Interlayer_bonding_deficiency\1906.jpg,c1d1fc3999476b65accb9f4f27fa5bd4866bae7e8031f95a1fdb5f83b614ffb4,HELD_OUT,sha256:c1d1fc3999476b65accb9f4f27fa5bd4866bae7e8031f95a1fdb5f83b614ffb4,other_external,image,tigpr_damage_classification,synthetic blind-freeze regression row; not real blind external evidence
tigpr:Interlayer_bonding_deficiency:1917,external_assets/tigpr/extracted/TIGPR/Damage Classification/Interlayer_bonding_deficiency/1917.jpg,<LOCAL_DATA_ROOT>\external_assets\tigpr\extracted\TIGPR\Damage Classification\Interlayer_bonding_deficiency\1917.jpg,7740c8cd9089c36a50b7a5c425dd49f2ded34e44467dfbc20f88670a7b0828f9,HELD_OUT,sha256:7740c8cd9089c36a50b7a5c425dd49f2ded34e44467dfbc20f88670a7b0828f9,other_external,image,tigpr_damage_classification,synthetic blind-freeze regression row; not real blind external evidence
tigpr:Interlayer_bonding_deficiency:1920,external_assets/tigpr/extracted/TIGPR/Damage Classification/Interlayer_bonding_deficiency/1920.jpg,<LOCAL_DATA_ROOT>\external_assets\tigpr\extracted\TIGPR\Damage Classification\Interlayer_bonding_deficiency\1920.jpg,0e4b79b309391d1a42bebf0fdbe9709cb9d411493857e17b0103e85fa94f1782,HELD_OUT,sha256:0e4b79b309391d1a42bebf0fdbe9709cb9d411493857e17b0103e85fa94f1782,other_external,image,tigpr_damage_classification,synthetic blind-freeze regression row; not real blind external evidence
tigpr:Interlayer_bonding_deficiency:1928,external_assets/tigpr/extracted/TIGPR/Damage Classification/Interlayer_bonding_deficiency/1928.jpg,<LOCAL_DATA_ROOT>\external_assets\tigpr\extracted\TIGPR\Damage Classification\Interlayer_bonding_deficiency\1928.jpg,bf08ac2b1852caa4ebf867611a80859e3f1c3375617bb4bce129160524425546,HELD_OUT,sha256:bf08ac2b1852caa4ebf867611a80859e3f1c3375617bb4bce129160524425546,other_external,image,tigpr_damage_classification,synthetic blind-freeze regression row; not real blind external evidence
tigpr:Interlayer_bonding_deficiency:1936,external_assets/tigpr/extracted/TIGPR/Damage Classification/Interlayer_bonding_deficiency/1936.jpg,<LOCAL_DATA_ROOT>\external_assets\tigpr\extracted\TIGPR\Damage Classification\Interlayer_bonding_deficiency\1936.jpg,f92c963ceb446ea71afc2a149febdbe2f6ce5b30fb2760c09f7d16ba6aa35c4a,HELD_OUT,sha256:f92c963ceb446ea71afc2a149febdbe2f6ce5b30fb2760c09f7d16ba6aa35c4a,other_external,image,tigpr_damage_classification,synthetic blind-freeze regression row; not real blind external evidence
tigpr:Interlayer_bonding_deficiency:1959,external_assets/tigpr/extracted/TIGPR/Damage Classification/Interlayer_bonding_deficiency/1959.jpg,<LOCAL_DATA_ROOT>\external_assets\tigpr\extracted\TIGPR\Damage Classification\Interlayer_bonding_deficiency\1959.jpg,55a1b0faa5f7864019ef11fd8adeff5b1cf72805ef05e480389254680071ea16,HELD_OUT,sha256:55a1b0faa5f7864019ef11fd8adeff5b1cf72805ef05e480389254680071ea16,other_external,image,tigpr_damage_classification,synthetic blind-freeze regression row; not real blind external evidence
tigpr:Interlayer_bonding_deficiency:1978,external_assets/tigpr/extracted/TIGPR/Damage Classification/Interlayer_bonding_deficiency/1978.jpg,<LOCAL_DATA_ROOT>\external_assets\tigpr\extracted\TIGPR\Damage Classification\Interlayer_bonding_deficiency\1978.jpg,7710a4acc3fa6ab7ce19bb5ff71cdb1dc6617889d8b64a5c7227b25305ae8651,HELD_OUT,sha256:7710a4acc3fa6ab7ce19bb5ff71cdb1dc6617889d8b64a5c7227b25305ae8651,other_external,image,tigpr_damage_classification,synthetic blind-freeze regression row; not real blind external evidence
tigpr:Interlayer_bonding_deficiency:1998,external_assets/tigpr/extracted/TIGPR/Damage Classification/Interlayer_bonding_deficiency/1998.jpg,<LOCAL_DATA_ROOT>\external_assets\tigpr\extracted\TIGPR\Damage Classification\Interlayer_bonding_deficiency\1998.jpg,94b955a54768e785dbce6343c9d0a377131843dc62d322bf4317a79afdaddc0b,HELD_OUT,sha256:94b955a54768e785dbce6343c9d0a377131843dc62d322bf4317a79afdaddc0b,other_external,image,tigpr_damage_classification,synthetic blind-freeze regression row; not real blind external evidence
tigpr:Interlayer_bonding_deficiency:201,external_assets/tigpr/extracted/TIGPR/Damage Classification/Interlayer_bonding_deficiency/201.jpg,<LOCAL_DATA_ROOT>\external_assets\tigpr\extracted\TIGPR\Damage Classification\Interlayer_bonding_deficiency\201.jpg,e217007cc3581f9a3fb0db4d9b305d28d25a077b7296eca00c5a49a03ad571ed,HELD_OUT,sha256:e217007cc3581f9a3fb0db4d9b305d28d25a077b7296eca00c5a49a03ad571ed,other_external,image,tigpr_damage_classification,synthetic blind-freeze regression row; not real blind external evidence
tigpr:Interlayer_bonding_deficiency:204,external_assets/tigpr/extracted/TIGPR/Damage Classification/Interlayer_bonding_deficiency/204.jpg,<LOCAL_DATA_ROOT>\external_assets\tigpr\extracted\TIGPR\Damage Classification\Interlayer_bonding_deficiency\204.jpg,0a5373534b0da2a16c4e3264a9d05dc03acd89737f2d4ebf0865025b2d174b8d,HELD_OUT,sha256:0a5373534b0da2a16c4e3264a9d05dc03acd89737f2d4ebf0865025b2d174b8d,other_external,image,tigpr_damage_classification,synthetic blind-freeze regression row; not real blind external evidence
tigpr:Interlayer_bonding_deficiency:205,external_assets/tigpr/extracted/TIGPR/Damage Classification/Interlayer_bonding_deficiency/205.jpg,<LOCAL_DATA_ROOT>\external_assets\tigpr\extracted\TIGPR\Damage Classification\Interlayer_bonding_deficiency\205.jpg,34894bec88d43a74067f51fdf3807964448f4ee4b5cb20cf926e45569f67b760,HELD_OUT,sha256:34894bec88d43a74067f51fdf3807964448f4ee4b5cb20cf926e45569f67b760,other_external,image,tigpr_damage_classification,synthetic blind-freeze regression row; not real blind external evidence
tigpr:Interlayer_bonding_deficiency:206,external_assets/tigpr/extracted/TIGPR/Damage Classification/Interlayer_bonding_deficiency/206.jpg,<LOCAL_DATA_ROOT>\external_assets\tigpr\extracted\TIGPR\Damage Classification\Interlayer_bonding_deficiency\206.jpg,4cf87267ed42fa36c91152562d205364f773b14b13524015a907767fff336e75,HELD_OUT,sha256:4cf87267ed42fa36c91152562d205364f773b14b13524015a907767fff336e75,other_external,image,tigpr_damage_classification,synthetic blind-freeze regression row; not real blind external evidence
tigpr:Interlayer_bonding_deficiency:339,external_assets/tigpr/extracted/TIGPR/Damage Classification/Interlayer_bonding_deficiency/339.jpg,<LOCAL_DATA_ROOT>\external_assets\tigpr\extracted\TIGPR\Damage Classification\Interlayer_bonding_deficiency\339.jpg,8955f1a9dddeadcb1f1c9ef6a1cdbe8e144679632fa1269e0ea0b24c6e0642be,HELD_OUT,sha256:8955f1a9dddeadcb1f1c9ef6a1cdbe8e144679632fa1269e0ea0b24c6e0642be,other_external,image,tigpr_damage_classification,synthetic blind-freeze regression row; not real blind external evidence
tigpr:Interlayer_bonding_deficiency:342,external_assets/tigpr/extracted/TIGPR/Damage Classification/Interlayer_bonding_deficiency/342.jpg,<LOCAL_DATA_ROOT>\external_assets\tigpr\extracted\TIGPR\Damage Classification\Interlayer_bonding_deficiency\342.jpg,05ca6a08e1549daa61f181c7107126a9bb9b0e669cfc47ceac9bc213b6d0fef8,HELD_OUT,sha256:05ca6a08e1549daa61f181c7107126a9bb9b0e669cfc47ceac9bc213b6d0fef8,other_external,image,tigpr_damage_classification,synthetic blind-freeze regression row; not real blind external evidence
tigpr:Interlayer_bonding_deficiency:35,external_assets/tigpr/extracted/TIGPR/Damage Classification/Interlayer_bonding_deficiency/35.jpg,<LOCAL_DATA_ROOT>\external_assets\tigpr\extracted\TIGPR\Damage Classification\Interlayer_bonding_deficiency\35.jpg,f7d625a1c689331612a4f5c7730a6213ab1c27e495b8274732a7be5f7bc1299a,HELD_OUT,sha256:f7d625a1c689331612a4f5c7730a6213ab1c27e495b8274732a7be5f7bc1299a,other_external,image,tigpr_damage_classification,synthetic blind-freeze regression row; not real blind external evidence
tigpr:Interlayer_bonding_deficiency:391,external_assets/tigpr/extracted/TIGPR/Damage Classification/Interlayer_bonding_deficiency/391.jpg,<LOCAL_DATA_ROOT>\external_assets\tigpr\extracted\TIGPR\Damage Classification\Interlayer_bonding_deficiency\391.jpg,26cf9ae3fd080c2079d20075876367594c4528daa28dfe6c565bdeeb5c81489f,HELD_OUT,sha256:26cf9ae3fd080c2079d20075876367594c4528daa28dfe6c565bdeeb5c81489f,other_external,image,tigpr_damage_classification,synthetic blind-freeze regression row; not real blind external evidence
tigpr:Interlayer_bonding_deficiency:446,external_assets/tigpr/extracted/TIGPR/Damage Classification/Interlayer_bonding_deficiency/446.jpg,<LOCAL_DATA_ROOT>\external_assets\tigpr\extracted\TIGPR\Damage Classification\Interlayer_bonding_deficiency\446.jpg,a7899872365c74dc9e4ce8e134d0a316fa83778e22e3de52731fc3737142f9a3,HELD_OUT,sha256:a7899872365c74dc9e4ce8e134d0a316fa83778e22e3de52731fc3737142f9a3,other_external,image,tigpr_damage_classification,synthetic blind-freeze regression row; not real blind external evidence
tigpr:Interlayer_bonding_deficiency:461,external_assets/tigpr/extracted/TIGPR/Damage Classification/Interlayer_bonding_deficiency/461.jpg,<LOCAL_DATA_ROOT>\external_assets\tigpr\extracted\TIGPR\Damage Classification\Interlayer_bonding_deficiency\461.jpg,14dfc95643f6ca841d0a6c199d00e63499d856952919637ec566a25f1704c754,HELD_OUT,sha256:14dfc95643f6ca841d0a6c199d00e63499d856952919637ec566a25f1704c754,other_external,image,tigpr_damage_classification,synthetic blind-freeze regression row; not real blind external evidence
tigpr:Interlayer_bonding_deficiency:480,external_assets/tigpr/extracted/TIGPR/Damage Classification/Interlayer_bonding_deficiency/480.jpg,<LOCAL_DATA_ROOT>\external_assets\tigpr\extracted\TIGPR\Damage Classification\Interlayer_bonding_deficiency\480.jpg,b5961cd4d7cc0043211cad98dbaaaede40c8ebe2685f8fb79e42ef1092838fdb,HELD_OUT,sha256:b5961cd4d7cc0043211cad98dbaaaede40c8ebe2685f8fb79e42ef1092838fdb,other_external,image,tigpr_damage_classification,synthetic blind-freeze regression row; not real blind external evidence
tigpr:Interlayer_bonding_deficiency:497,external_assets/tigpr/extracted/TIGPR/Damage Classification/Interlayer_bonding_deficiency/497.jpg,<LOCAL_DATA_ROOT>\external_assets\tigpr\extracted\TIGPR\Damage Classification\Interlayer_bonding_deficiency\497.jpg,8050ec1403e52bddde32c3af8048f197613d19b5fb5b5105587f091457b2436b,HELD_OUT,sha256:8050ec1403e52bddde32c3af8048f197613d19b5fb5b5105587f091457b2436b,other_external,image,tigpr_damage_classification,synthetic blind-freeze regression row; not real blind external evidence
tigpr:Interlayer_bonding_deficiency:499,external_assets/tigpr/extracted/TIGPR/Damage Classification/Interlayer_bonding_deficiency/499.jpg,<LOCAL_DATA_ROOT>\external_assets\tigpr\extracted\TIGPR\Damage Classification\Interlayer_bonding_deficiency\499.jpg,303da4c324a13f77568c790701935658f25b43fc3bd5f93c63a5a174d005b993,HELD_OUT,sha256:303da4c324a13f77568c790701935658f25b43fc3bd5f93c63a5a174d005b993,other_external,image,tigpr_damage_classification,synthetic blind-freeze regression row; not real blind external evidence
tigpr:Interlayer_bonding_deficiency:503,external_assets/tigpr/extracted/TIGPR/Damage Classification/Interlayer_bonding_deficiency/503.jpg,<LOCAL_DATA_ROOT>\external_assets\tigpr\extracted\TIGPR\Damage Classification\Interlayer_bonding_deficiency\503.jpg,f68b24c5e77c519eadd07912de69b2302a5b05c6ac2edbe7a534361b4670de35,HELD_OUT,sha256:f68b24c5e77c519eadd07912de69b2302a5b05c6ac2edbe7a534361b4670de35,other_external,image,tigpr_damage_classification,synthetic blind-freeze regression row; not real blind external evidence
tigpr:Interlayer_bonding_deficiency:526,external_assets/tigpr/extracted/TIGPR/Damage Classification/Interlayer_bonding_deficiency/526.jpg,<LOCAL_DATA_ROOT>\external_assets\tigpr\extracted\TIGPR\Damage Classification\Interlayer_bonding_deficiency\526.jpg,bfc1ceaf4b949c37186676b2522968e3f8ca3efd3653efed1f1ee3dacd271dbc,HELD_OUT,sha256:bfc1ceaf4b949c37186676b2522968e3f8ca3efd3653efed1f1ee3dacd271dbc,other_external,image,tigpr_damage_classification,synthetic blind-freeze regression row; not real blind external evidence
tigpr:Interlayer_bonding_deficiency:53,external_assets/tigpr/extracted/TIGPR/Damage Classification/Interlayer_bonding_deficiency/53.jpg,<LOCAL_DATA_ROOT>\external_assets\tigpr\extracted\TIGPR\Damage Classification\Interlayer_bonding_deficiency\53.jpg,15028255c88a57fc712d7926b370e8bccfd109dd668ec53129aea6357f068411,HELD_OUT,sha256:15028255c88a57fc712d7926b370e8bccfd109dd668ec53129aea6357f068411,other_external,image,tigpr_damage_classification,synthetic blind-freeze regression row; not real blind external evidence
tigpr:Interlayer_bonding_deficiency:539,external_assets/tigpr/extracted/TIGPR/Damage Classification/Interlayer_bonding_deficiency/539.jpg,<LOCAL_DATA_ROOT>\external_assets\tigpr\extracted\TIGPR\Damage Classification\Interlayer_bonding_deficiency\539.jpg,b7acbc4589fb1155cd3a399722821bc6f865c4fe7aed29cf6cd02d485910ab5d,HELD_OUT,sha256:b7acbc4589fb1155cd3a399722821bc6f865c4fe7aed29cf6cd02d485910ab5d,other_external,image,tigpr_damage_classification,synthetic blind-freeze regression row; not real blind external evidence
tigpr:Interlayer_bonding_deficiency:585,external_assets/tigpr/extracted/TIGPR/Damage Classification/Interlayer_bonding_deficiency/585.jpg,<LOCAL_DATA_ROOT>\external_assets\tigpr\extracted\TIGPR\Damage Classification\Interlayer_bonding_deficiency\585.jpg,c65edb01d10d584c2c7aa93b60afeb1ee11d9a6d3a059e190460bae3edff050c,HELD_OUT,sha256:c65edb01d10d584c2c7aa93b60afeb1ee11d9a6d3a059e190460bae3edff050c,other_external,image,tigpr_damage_classification,synthetic blind-freeze regression row; not real blind external evidence
tigpr:Interlayer_bonding_deficiency:637,external_assets/tigpr/extracted/TIGPR/Damage Classification/Interlayer_bonding_deficiency/637.jpg,<LOCAL_DATA_ROOT>\external_assets\tigpr\extracted\TIGPR\Damage Classification\Interlayer_bonding_deficiency\637.jpg,068defdcf65812948649214a429a0de01de766ecb5bcc0d4756aeea01557583f,HELD_OUT,sha256:068defdcf65812948649214a429a0de01de766ecb5bcc0d4756aeea01557583f,other_external,image,tigpr_damage_classification,synthetic blind-freeze regression row; not real blind external evidence
tigpr:Interlayer_bonding_deficiency:660,external_assets/tigpr/extracted/TIGPR/Damage Classification/Interlayer_bonding_deficiency/660.jpg,<LOCAL_DATA_ROOT>\external_assets\tigpr\extracted\TIGPR\Damage Classification\Interlayer_bonding_deficiency\660.jpg,212c19999e7a423dd792aeaec2b93272b973feb7221131e8fe0504c2a38587d1,HELD_OUT,sha256:212c19999e7a423dd792aeaec2b93272b973feb7221131e8fe0504c2a38587d1,other_external,image,tigpr_damage_classification,synthetic blind-freeze regression row; not real blind external evidence
tigpr:Interlayer_bonding_deficiency:680,external_assets/tigpr/extracted/TIGPR/Damage Classification/Interlayer_bonding_deficiency/680.jpg,<LOCAL_DATA_ROOT>\external_assets\tigpr\extracted\TIGPR\Damage Classification\Interlayer_bonding_deficiency\680.jpg,4cae9b51e76535c95a933982d79774b39dbbdbd0a5c703a05323e47e65ddc99f,HELD_OUT,sha256:4cae9b51e76535c95a933982d79774b39dbbdbd0a5c703a05323e47e65ddc99f,other_external,image,tigpr_damage_classification,synthetic blind-freeze regression row; not real blind external evidence
tigpr:Interlayer_bonding_deficiency:692,external_assets/tigpr/extracted/TIGPR/Damage Classification/Interlayer_bonding_deficiency/692.jpg,<LOCAL_DATA_ROOT>\external_assets\tigpr\extracted\TIGPR\Damage Classification\Interlayer_bonding_deficiency\692.jpg,d359811c199ea5c0176ed5c3aadbb9cafb6f566802f6c6f1d1217f01d1729f98,HELD_OUT,sha256:d359811c199ea5c0176ed5c3aadbb9cafb6f566802f6c6f1d1217f01d1729f98,other_external,image,tigpr_damage_classification,synthetic blind-freeze regression row; not real blind external evidence
tigpr:Interlayer_bonding_deficiency:786,external_assets/tigpr/extracted/TIGPR/Damage Classification/Interlayer_bonding_deficiency/786.jpg,<LOCAL_DATA_ROOT>\external_assets\tigpr\extracted\TIGPR\Damage Classification\Interlayer_bonding_deficiency\786.jpg,25fede7484da7d7d0d9eeb263b16ef4fa43aa531a7593903a36756db452ab696,HELD_OUT,sha256:25fede7484da7d7d0d9eeb263b16ef4fa43aa531a7593903a36756db452ab696,other_external,image,tigpr_damage_classification,synthetic blind-freeze regression row; not real blind external evidence
tigpr:Interlayer_bonding_deficiency:836,external_assets/tigpr/extracted/TIGPR/Damage Classification/Interlayer_bonding_deficiency/836.jpg,<LOCAL_DATA_ROOT>\external_assets\tigpr\extracted\TIGPR\Damage Classification\Interlayer_bonding_deficiency\836.jpg,af2bf9df14f8a2b8442b2d9286bb3dc76a0215719bd44b6dd115015f759b5855,HELD_OUT,sha256:af2bf9df14f8a2b8442b2d9286bb3dc76a0215719bd44b6dd115015f759b5855,other_external,image,tigpr_damage_classification,synthetic blind-freeze regression row; not real blind external evidence
tigpr:Interlayer_bonding_deficiency:894,external_assets/tigpr/extracted/TIGPR/Damage Classification/Interlayer_bonding_deficiency/894.jpg,<LOCAL_DATA_ROOT>\external_assets\tigpr\extracted\TIGPR\Damage Classification\Interlayer_bonding_deficiency\894.jpg,50a9fa987adc8d94f37a0888cb12c795be8073856bd760708381779d827d9832,HELD_OUT,sha256:50a9fa987adc8d94f37a0888cb12c795be8073856bd760708381779d827d9832,other_external,image,tigpr_damage_classification,synthetic blind-freeze regression row; not real blind external evidence
tigpr:Interlayer_bonding_deficiency:940,external_assets/tigpr/extracted/TIGPR/Damage Classification/Interlayer_bonding_deficiency/940.jpg,<LOCAL_DATA_ROOT>\external_assets\tigpr\extracted\TIGPR\Damage Classification\Interlayer_bonding_deficiency\940.jpg,3a542bdedc50bc1447a1d4510c60c000ea1f12d5fa6745c3e68238e4d75fb5c6,HELD_OUT,sha256:3a542bdedc50bc1447a1d4510c60c000ea1f12d5fa6745c3e68238e4d75fb5c6,other_external,image,tigpr_damage_classification,synthetic blind-freeze regression row; not real blind external evidence
tigpr:Interlayer_bonding_deficiency:944,external_assets/tigpr/extracted/TIGPR/Damage Classification/Interlayer_bonding_deficiency/944.jpg,<LOCAL_DATA_ROOT>\external_assets\tigpr\extracted\TIGPR\Damage Classification\Interlayer_bonding_deficiency\944.jpg,8de45aaf5e52749ec3244c4e5ab86235aebc321a73e0aca3ae7b3eb5d4ca6fd7,HELD_OUT,sha256:8de45aaf5e52749ec3244c4e5ab86235aebc321a73e0aca3ae7b3eb5d4ca6fd7,other_external,image,tigpr_damage_classification,synthetic blind-freeze regression row; not real blind external evidence
tigpr:Loose:1008,external_assets/tigpr/extracted/TIGPR/Damage Classification/Loose/1008.jpg,<LOCAL_DATA_ROOT>\external_assets\tigpr\extracted\TIGPR\Damage Classification\Loose\1008.jpg,400025d79f3f114c581a3e0f4cecfa5e44efb6922ec175dbcb0d7f0e3b03490e,HELD_OUT,sha256:400025d79f3f114c581a3e0f4cecfa5e44efb6922ec175dbcb0d7f0e3b03490e,other_external,image,tigpr_damage_classification,synthetic blind-freeze regression row; not real blind external evidence
tigpr:Loose:1013,external_assets/tigpr/extracted/TIGPR/Damage Classification/Loose/1013.jpg,<LOCAL_DATA_ROOT>\external_assets\tigpr\extracted\TIGPR\Damage Classification\Loose\1013.jpg,6b710fe0a35654a0e28580723e37ab5a9dad389136d2888506acb56b8fdf2325,HELD_OUT,sha256:6b710fe0a35654a0e28580723e37ab5a9dad389136d2888506acb56b8fdf2325,other_external,image,tigpr_damage_classification,synthetic blind-freeze regression row; not real blind external evidence
tigpr:Loose:1049,external_assets/tigpr/extracted/TIGPR/Damage Classification/Loose/1049.jpg,<LOCAL_DATA_ROOT>\external_assets\tigpr\extracted\TIGPR\Damage Classification\Loose\1049.jpg,f66e5ec1b4a34592cea7dba14bf3f4391b36050e5e81dd7fe9504b7270b43221,HELD_OUT,sha256:f66e5ec1b4a34592cea7dba14bf3f4391b36050e5e81dd7fe9504b7270b43221,other_external,image,tigpr_damage_classification,synthetic blind-freeze regression row; not real blind external evidence
tigpr:Loose:1051,external_assets/tigpr/extracted/TIGPR/Damage Classification/Loose/1051.jpg,<LOCAL_DATA_ROOT>\external_assets\tigpr\extracted\TIGPR\Damage Classification\Loose\1051.jpg,7d9031ab22e67e8e624f2750d0ffdb964adde9a3e80602d062737f6b00f73e86,HELD_OUT,sha256:7d9031ab22e67e8e624f2750d0ffdb964adde9a3e80602d062737f6b00f73e86,other_external,image,tigpr_damage_classification,synthetic blind-freeze regression row; not real blind external evidence
tigpr:Loose:1059,external_assets/tigpr/extracted/TIGPR/Damage Classification/Loose/1059.jpg,<LOCAL_DATA_ROOT>\external_assets\tigpr\extracted\TIGPR\Damage Classification\Loose\1059.jpg,e9567552d5b5b69048229d9950733a372de2dfb3b070b6cde29407f24b059f38,HELD_OUT,sha256:e9567552d5b5b69048229d9950733a372de2dfb3b070b6cde29407f24b059f38,other_external,image,tigpr_damage_classification,synthetic blind-freeze regression row; not real blind external evidence
tigpr:Loose:1060,external_assets/tigpr/extracted/TIGPR/Damage Classification/Loose/1060.jpg,<LOCAL_DATA_ROOT>\external_assets\tigpr\extracted\TIGPR\Damage Classification\Loose\1060.jpg,98685ea0f1793583d8aeb922117583ec72b23dcb66baa6e07514d5615a6d114d,HELD_OUT,sha256:98685ea0f1793583d8aeb922117583ec72b23dcb66baa6e07514d5615a6d114d,other_external,image,tigpr_damage_classification,synthetic blind-freeze regression row; not real blind external evidence
tigpr:Loose:1118,external_assets/tigpr/extracted/TIGPR/Damage Classification/Loose/1118.jpg,<LOCAL_DATA_ROOT>\external_assets\tigpr\extracted\TIGPR\Damage Classification\Loose\1118.jpg,a0a95929713cd63bba93b0088cfa620486e9a6f32287f6ae5101f4fb09a423c6,HELD_OUT,sha256:a0a95929713cd63bba93b0088cfa620486e9a6f32287f6ae5101f4fb09a423c6,other_external,image,tigpr_damage_classification,synthetic blind-freeze regression row; not real blind external evidence
tigpr:Loose:1128,external_assets/tigpr/extracted/TIGPR/Damage Classification/Loose/1128.jpg,<LOCAL_DATA_ROOT>\external_assets\tigpr\extracted\TIGPR\Damage Classification\Loose\1128.jpg,833b1b83dfd159603733f0453943093ab518a1d051314b84abcc48d00da1a54b,HELD_OUT,sha256:833b1b83dfd159603733f0453943093ab518a1d051314b84abcc48d00da1a54b,other_external,image,tigpr_damage_classification,synthetic blind-freeze regression row; not real blind external evidence
tigpr:Loose:114,external_assets/tigpr/extracted/TIGPR/Damage Classification/Loose/114.jpg,<LOCAL_DATA_ROOT>\external_assets\tigpr\extracted\TIGPR\Damage Classification\Loose\114.jpg,90479bb71fbc872491bbdeec8167f450c3cb7e8c7d453abb5d6d88fb49164148,HELD_OUT,sha256:90479bb71fbc872491bbdeec8167f450c3cb7e8c7d453abb5d6d88fb49164148,other_external,image,tigpr_damage_classification,synthetic blind-freeze regression row; not real blind external evidence
tigpr:Loose:1142,external_assets/tigpr/extracted/TIGPR/Damage Classification/Loose/1142.jpg,<LOCAL_DATA_ROOT>\external_assets\tigpr\extracted\TIGPR\Damage Classification\Loose\1142.jpg,62f9088f4fe115364bee181d05b0c7c8bde283e851e657ea1b34dd5576445d50,HELD_OUT,sha256:62f9088f4fe115364bee181d05b0c7c8bde283e851e657ea1b34dd5576445d50,other_external,image,tigpr_damage_classification,synthetic blind-freeze regression row; not real blind external evidence
tigpr:Loose:1149,external_assets/tigpr/extracted/TIGPR/Damage Classification/Loose/1149.jpg,<LOCAL_DATA_ROOT>\external_assets\tigpr\extracted\TIGPR\Damage Classification\Loose\1149.jpg,16745e8fefd1fe42129a9e0a807c8ca7c07a97edf9b96f64e90902978c7bc40f,HELD_OUT,sha256:16745e8fefd1fe42129a9e0a807c8ca7c07a97edf9b96f64e90902978c7bc40f,other_external,image,tigpr_damage_classification,synthetic blind-freeze regression row; not real blind external evidence
tigpr:Loose:1173,external_assets/tigpr/extracted/TIGPR/Damage Classification/Loose/1173.jpg,<LOCAL_DATA_ROOT>\external_assets\tigpr\extracted\TIGPR\Damage Classification\Loose\1173.jpg,974cbfc761e4127a032077eb3beccdb649820aa4419ae63baddc7483ca3a4a50,HELD_OUT,sha256:974cbfc761e4127a032077eb3beccdb649820aa4419ae63baddc7483ca3a4a50,other_external,image,tigpr_damage_classification,synthetic blind-freeze regression row; not real blind external evidence
tigpr:Loose:1199,external_assets/tigpr/extracted/TIGPR/Damage Classification/Loose/1199.jpg,<LOCAL_DATA_ROOT>\external_assets\tigpr\extracted\TIGPR\Damage Classification\Loose\1199.jpg,402e27d3e36834aff8214aa156a5ba9051cd4e5b81cbff00e0a7876529daddf3,HELD_OUT,sha256:402e27d3e36834aff8214aa156a5ba9051cd4e5b81cbff00e0a7876529daddf3,other_external,image,tigpr_damage_classification,synthetic blind-freeze regression row; not real blind external evidence
tigpr:Loose:1203,external_assets/tigpr/extracted/TIGPR/Damage Classification/Loose/1203.jpg,<LOCAL_DATA_ROOT>\external_assets\tigpr\extracted\TIGPR\Damage Classification\Loose\1203.jpg,c94c0c5dec90a272299ec3d49d39adaa65b9cba7977afaeaea7eb714caf87748,HELD_OUT,sha256:c94c0c5dec90a272299ec3d49d39adaa65b9cba7977afaeaea7eb714caf87748,other_external,image,tigpr_damage_classification,synthetic blind-freeze regression row; not real blind external evidence
tigpr:Loose:1249,external_assets/tigpr/extracted/TIGPR/Damage Classification/Loose/1249.jpg,<LOCAL_DATA_ROOT>\external_assets\tigpr\extracted\TIGPR\Damage Classification\Loose\1249.jpg,133928086b5c277815376143fbf079d9b3c01043cbc941257dcac86b3faad426,HELD_OUT,sha256:133928086b5c277815376143fbf079d9b3c01043cbc941257dcac86b3faad426,other_external,image,tigpr_damage_classification,synthetic blind-freeze regression row; not real blind external evidence
tigpr:Loose:1301,external_assets/tigpr/extracted/TIGPR/Damage Classification/Loose/1301.jpg,<LOCAL_DATA_ROOT>\external_assets\tigpr\extracted\TIGPR\Damage Classification\Loose\1301.jpg,d331b26a91862614059a305213589c160d0b0f3f62a71585c1f788ff4b07cab9,HELD_OUT,sha256:d331b26a91862614059a305213589c160d0b0f3f62a71585c1f788ff4b07cab9,other_external,image,tigpr_damage_classification,synthetic blind-freeze regression row; not real blind external evidence
tigpr:Loose:1314,external_assets/tigpr/extracted/TIGPR/Damage Classification/Loose/1314.jpg,<LOCAL_DATA_ROOT>\external_assets\tigpr\extracted\TIGPR\Damage Classification\Loose\1314.jpg,2dd748f69d3806a279bc6921872edd55133eada04dd7e668164179ebc2019c83,HELD_OUT,sha256:2dd748f69d3806a279bc6921872edd55133eada04dd7e668164179ebc2019c83,other_external,image,tigpr_damage_classification,synthetic blind-freeze regression row; not real blind external evidence
tigpr:Loose:1368,external_assets/tigpr/extracted/TIGPR/Damage Classification/Loose/1368.jpg,<LOCAL_DATA_ROOT>\external_assets\tigpr\extracted\TIGPR\Damage Classification\Loose\1368.jpg,89850a7159519ca4547367ec35818019206cacf93a88212a347c1fb43d241efc,HELD_OUT,sha256:89850a7159519ca4547367ec35818019206cacf93a88212a347c1fb43d241efc,other_external,image,tigpr_damage_classification,synthetic blind-freeze regression row; not real blind external evidence
tigpr:Loose:141,external_assets/tigpr/extracted/TIGPR/Damage Classification/Loose/141.jpg,<LOCAL_DATA_ROOT>\external_assets\tigpr\extracted\TIGPR\Damage Classification\Loose\141.jpg,278d367be845d67533ee949aeeaf43d1770f71b17ba0646f2c384f035cfe03d7,HELD_OUT,sha256:278d367be845d67533ee949aeeaf43d1770f71b17ba0646f2c384f035cfe03d7,other_external,image,tigpr_damage_classification,synthetic blind-freeze regression row; not real blind external evidence
tigpr:Loose:1429,external_assets/tigpr/extracted/TIGPR/Damage Classification/Loose/1429.jpg,<LOCAL_DATA_ROOT>\external_assets\tigpr\extracted\TIGPR\Damage Classification\Loose\1429.jpg,5224fce47880a0e3b144a6a3e370121abd0e68ea239fda8ea870cdfe880eb68f,HELD_OUT,sha256:5224fce47880a0e3b144a6a3e370121abd0e68ea239fda8ea870cdfe880eb68f,other_external,image,tigpr_damage_classification,synthetic blind-freeze regression row; not real blind external evidence
tigpr:Loose:1436,external_assets/tigpr/extracted/TIGPR/Damage Classification/Loose/1436.jpg,<LOCAL_DATA_ROOT>\external_assets\tigpr\extracted\TIGPR\Damage Classification\Loose\1436.jpg,e24a91900e7b2ba5e7443e257a3eb93f0b53533a1b2f6a4801bd96a96b6493df,HELD_OUT,sha256:e24a91900e7b2ba5e7443e257a3eb93f0b53533a1b2f6a4801bd96a96b6493df,other_external,image,tigpr_damage_classification,synthetic blind-freeze regression row; not real blind external evidence
tigpr:Loose:1438,external_assets/tigpr/extracted/TIGPR/Damage Classification/Loose/1438.jpg,<LOCAL_DATA_ROOT>\external_assets\tigpr\extracted\TIGPR\Damage Classification\Loose\1438.jpg,1345753863777b9b62665cdb45a080b189cf4c6c63c653a58ae71d88effcf243,HELD_OUT,sha256:1345753863777b9b62665cdb45a080b189cf4c6c63c653a58ae71d88effcf243,other_external,image,tigpr_damage_classification,synthetic blind-freeze regression row; not real blind external evidence
tigpr:Loose:1471,external_assets/tigpr/extracted/TIGPR/Damage Classification/Loose/1471.jpg,<LOCAL_DATA_ROOT>\external_assets\tigpr\extracted\TIGPR\Damage Classification\Loose\1471.jpg,517419f9cbef333bff4a4fe3cea3f305caf1c7bc7aa0d22793f77d2feb04e827,HELD_OUT,sha256:517419f9cbef333bff4a4fe3cea3f305caf1c7bc7aa0d22793f77d2feb04e827,other_external,image,tigpr_damage_classification,synthetic blind-freeze regression row; not real blind external evidence
tigpr:Loose:1517,external_assets/tigpr/extracted/TIGPR/Damage Classification/Loose/1517.jpg,<LOCAL_DATA_ROOT>\external_assets\tigpr\extracted\TIGPR\Damage Classification\Loose\1517.jpg,e4dfff7c4594a98ae8726d0d738e0188efa851c2da4a2cbcb281335320a8b2b1,HELD_OUT,sha256:e4dfff7c4594a98ae8726d0d738e0188efa851c2da4a2cbcb281335320a8b2b1,other_external,image,tigpr_damage_classification,synthetic blind-freeze regression row; not real blind external evidence
tigpr:Loose:1519,external_assets/tigpr/extracted/TIGPR/Damage Classification/Loose/1519.jpg,<LOCAL_DATA_ROOT>\external_assets\tigpr\extracted\TIGPR\Damage Classification\Loose\1519.jpg,961b7b3c840fb3c78eaf260ad4504677099d5b023503d6602bda90bcf65a4f9b,HELD_OUT,sha256:961b7b3c840fb3c78eaf260ad4504677099d5b023503d6602bda90bcf65a4f9b,other_external,image,tigpr_damage_classification,synthetic blind-freeze regression row; not real blind external evidence
tigpr:Loose:1586,external_assets/tigpr/extracted/TIGPR/Damage Classification/Loose/1586.jpg,<LOCAL_DATA_ROOT>\external_assets\tigpr\extracted\TIGPR\Damage Classification\Loose\1586.jpg,89e2499a2460ed5b46c3f86dd97da18b29b25e296a6e44a8b6aee09157aa82f2,HELD_OUT,sha256:89e2499a2460ed5b46c3f86dd97da18b29b25e296a6e44a8b6aee09157aa82f2,other_external,image,tigpr_damage_classification,synthetic blind-freeze regression row; not real blind external evidence
tigpr:Loose:1636,external_assets/tigpr/extracted/TIGPR/Damage Classification/Loose/1636.jpg,<LOCAL_DATA_ROOT>\external_assets\tigpr\extracted\TIGPR\Damage Classification\Loose\1636.jpg,274472d4ad920202810a8ad04d05f5ab4056bb834e6223415cdd4f6c589104b9,HELD_OUT,sha256:274472d4ad920202810a8ad04d05f5ab4056bb834e6223415cdd4f6c589104b9,other_external,image,tigpr_damage_classification,synthetic blind-freeze regression row; not real blind external evidence
tigpr:Loose:1693,external_assets/tigpr/extracted/TIGPR/Damage Classification/Loose/1693.jpg,<LOCAL_DATA_ROOT>\external_assets\tigpr\extracted\TIGPR\Damage Classification\Loose\1693.jpg,1fb8086b72f436dd828f85b30e1bc726086ab6cb063da7b7ceddb27905a461b0,HELD_OUT,sha256:1fb8086b72f436dd828f85b30e1bc726086ab6cb063da7b7ceddb27905a461b0,other_external,image,tigpr_damage_classification,synthetic blind-freeze regression row; not real blind external evidence
tigpr:Loose:1694,external_assets/tigpr/extracted/TIGPR/Damage Classification/Loose/1694.jpg,<LOCAL_DATA_ROOT>\external_assets\tigpr\extracted\TIGPR\Damage Classification\Loose\1694.jpg,99e0a1440e7c93fcf1d3a42b55b2d11879bb95434206cbc5800563443338bad4,HELD_OUT,sha256:99e0a1440e7c93fcf1d3a42b55b2d11879bb95434206cbc5800563443338bad4,other_external,image,tigpr_damage_classification,synthetic blind-freeze regression row; not real blind external evidence
tigpr:Loose:1779,external_assets/tigpr/extracted/TIGPR/Damage Classification/Loose/1779.jpg,<LOCAL_DATA_ROOT>\external_assets\tigpr\extracted\TIGPR\Damage Classification\Loose\1779.jpg,4cf2ed7aaa3e301ccea71684f69e3df4af408c4787bd161e18d37d08f97a81fd,HELD_OUT,sha256:4cf2ed7aaa3e301ccea71684f69e3df4af408c4787bd161e18d37d08f97a81fd,other_external,image,tigpr_damage_classification,synthetic blind-freeze regression row; not real blind external evidence
tigpr:Loose:1851,external_assets/tigpr/extracted/TIGPR/Damage Classification/Loose/1851.jpg,<LOCAL_DATA_ROOT>\external_assets\tigpr\extracted\TIGPR\Damage Classification\Loose\1851.jpg,ff4e165900cdcfc024e4711fcf39eb6bcbc11a019f53ba0bffbcbb7ba2d39931,HELD_OUT,sha256:ff4e165900cdcfc024e4711fcf39eb6bcbc11a019f53ba0bffbcbb7ba2d39931,other_external,image,tigpr_damage_classification,synthetic blind-freeze regression row; not real blind external evidence
tigpr:Loose:1871,external_assets/tigpr/extracted/TIGPR/Damage Classification/Loose/1871.jpg,<LOCAL_DATA_ROOT>\external_assets\tigpr\extracted\TIGPR\Damage Classification\Loose\1871.jpg,100c32b9a3758bc47129556559a2361cf405211053fb3e62e7d29945714a0aea,HELD_OUT,sha256:100c32b9a3758bc47129556559a2361cf405211053fb3e62e7d29945714a0aea,other_external,image,tigpr_damage_classification,synthetic blind-freeze regression row; not real blind external evidence
tigpr:Loose:1888,external_assets/tigpr/extracted/TIGPR/Damage Classification/Loose/1888.jpg,<LOCAL_DATA_ROOT>\external_assets\tigpr\extracted\TIGPR\Damage Classification\Loose\1888.jpg,872cc0fb841a08dc4c945fa6dbb47b12cf9fe5ed6fd719b85fcfef60e06619ef,HELD_OUT,sha256:872cc0fb841a08dc4c945fa6dbb47b12cf9fe5ed6fd719b85fcfef60e06619ef,other_external,image,tigpr_damage_classification,synthetic blind-freeze regression row; not real blind external evidence
tigpr:Loose:1947,external_assets/tigpr/extracted/TIGPR/Damage Classification/Loose/1947.jpg,<LOCAL_DATA_ROOT>\external_assets\tigpr\extracted\TIGPR\Damage Classification\Loose\1947.jpg,bdfa0d8dc74de96b3c075d0a42d4d3906309d9b0853718657dff3919f0761f48,HELD_OUT,sha256:bdfa0d8dc74de96b3c075d0a42d4d3906309d9b0853718657dff3919f0761f48,other_external,image,tigpr_damage_classification,synthetic blind-freeze regression row; not real blind external evidence
tigpr:Loose:1958,external_assets/tigpr/extracted/TIGPR/Damage Classification/Loose/1958.jpg,<LOCAL_DATA_ROOT>\external_assets\tigpr\extracted\TIGPR\Damage Classification\Loose\1958.jpg,d696b2e4aff87cb3c46ffb255c689a9cd7e7d8d9d8721621f4beca956a950b48,HELD_OUT,sha256:d696b2e4aff87cb3c46ffb255c689a9cd7e7d8d9d8721621f4beca956a950b48,other_external,image,tigpr_damage_classification,synthetic blind-freeze regression row; not real blind external evidence
tigpr:Loose:1994,external_assets/tigpr/extracted/TIGPR/Damage Classification/Loose/1994.jpg,<LOCAL_DATA_ROOT>\external_assets\tigpr\extracted\TIGPR\Damage Classification\Loose\1994.jpg,f354939dd2ce1499ab1dadbaf0f94efcae175506e60d067fe78140f880537542,HELD_OUT,sha256:f354939dd2ce1499ab1dadbaf0f94efcae175506e60d067fe78140f880537542,other_external,image,tigpr_damage_classification,synthetic blind-freeze regression row; not real blind external evidence
tigpr:Loose:2,external_assets/tigpr/extracted/TIGPR/Damage Classification/Loose/2.jpg,<LOCAL_DATA_ROOT>\external_assets\tigpr\extracted\TIGPR\Damage Classification\Loose\2.jpg,130c5ea5e3e55f0fea2cef504cf8dbcdb1d8766b0a4bf6e9e77f02eef89ef1f6,HELD_OUT,sha256:130c5ea5e3e55f0fea2cef504cf8dbcdb1d8766b0a4bf6e9e77f02eef89ef1f6,other_external,image,tigpr_damage_classification,synthetic blind-freeze regression row; not real blind external evidence
tigpr:Loose:2005,external_assets/tigpr/extracted/TIGPR/Damage Classification/Loose/2005.jpg,<LOCAL_DATA_ROOT>\external_assets\tigpr\extracted\TIGPR\Damage Classification\Loose\2005.jpg,93342e37809ff8a95cd330d71ce1cadfa0475452df640b0d990984c59f0e1f77,HELD_OUT,sha256:93342e37809ff8a95cd330d71ce1cadfa0475452df640b0d990984c59f0e1f77,other_external,image,tigpr_damage_classification,synthetic blind-freeze regression row; not real blind external evidence
tigpr:Loose:2006,external_assets/tigpr/extracted/TIGPR/Damage Classification/Loose/2006.jpg,<LOCAL_DATA_ROOT>\external_assets\tigpr\extracted\TIGPR\Damage Classification\Loose\2006.jpg,9de03ef2504a7649d333a172b383d6e7e817421286d7be7bebbbd430c57ac8cb,HELD_OUT,sha256:9de03ef2504a7649d333a172b383d6e7e817421286d7be7bebbbd430c57ac8cb,other_external,image,tigpr_damage_classification,synthetic blind-freeze regression row; not real blind external evidence
tigpr:Loose:2035,external_assets/tigpr/extracted/TIGPR/Damage Classification/Loose/2035.jpg,<LOCAL_DATA_ROOT>\external_assets\tigpr\extracted\TIGPR\Damage Classification\Loose\2035.jpg,d9595da55bdb0c782715e0f4325f5aa3731e30af55bd34f9433cda11d63bc4c6,HELD_OUT,sha256:d9595da55bdb0c782715e0f4325f5aa3731e30af55bd34f9433cda11d63bc4c6,other_external,image,tigpr_damage_classification,synthetic blind-freeze regression row; not real blind external evidence
tigpr:Loose:2047,external_assets/tigpr/extracted/TIGPR/Damage Classification/Loose/2047.jpg,<LOCAL_DATA_ROOT>\external_assets\tigpr\extracted\TIGPR\Damage Classification\Loose\2047.jpg,8aa2283364b8c62fad266a98f4524301aa3568c95a7460bb1990e9dc7af44cc1,HELD_OUT,sha256:8aa2283364b8c62fad266a98f4524301aa3568c95a7460bb1990e9dc7af44cc1,other_external,image,tigpr_damage_classification,synthetic blind-freeze regression row; not real blind external evidence
tigpr:Loose:2054,external_assets/tigpr/extracted/TIGPR/Damage Classification/Loose/2054.jpg,<LOCAL_DATA_ROOT>\external_assets\tigpr\extracted\TIGPR\Damage Classification\Loose\2054.jpg,7fddbfac55e17c3ca7ec32f23be58702bb23cd4f94b7359bfabec1870a542fe1,HELD_OUT,sha256:7fddbfac55e17c3ca7ec32f23be58702bb23cd4f94b7359bfabec1870a542fe1,other_external,image,tigpr_damage_classification,synthetic blind-freeze regression row; not real blind external evidence
tigpr:Loose:2058,external_assets/tigpr/extracted/TIGPR/Damage Classification/Loose/2058.jpg,<LOCAL_DATA_ROOT>\external_assets\tigpr\extracted\TIGPR\Damage Classification\Loose\2058.jpg,2f8a92209718e0865c523b0e4fad628854f95181aa806f6c5650d5ce4c43d1a2,HELD_OUT,sha256:2f8a92209718e0865c523b0e4fad628854f95181aa806f6c5650d5ce4c43d1a2,other_external,image,tigpr_damage_classification,synthetic blind-freeze regression row; not real blind external evidence
tigpr:Loose:2063,external_assets/tigpr/extracted/TIGPR/Damage Classification/Loose/2063.jpg,<LOCAL_DATA_ROOT>\external_assets\tigpr\extracted\TIGPR\Damage Classification\Loose\2063.jpg,26903c5486283c1a5372c1f20395c8bef5cf2d2056fc2f048c9dbf5d0b1efdb9,HELD_OUT,sha256:26903c5486283c1a5372c1f20395c8bef5cf2d2056fc2f048c9dbf5d0b1efdb9,other_external,image,tigpr_damage_classification,synthetic blind-freeze regression row; not real blind external evidence
tigpr:Loose:208,external_assets/tigpr/extracted/TIGPR/Damage Classification/Loose/208.jpg,<LOCAL_DATA_ROOT>\external_assets\tigpr\extracted\TIGPR\Damage Classification\Loose\208.jpg,40a8b60690d94a286fe5e69c377d5216b8c712d94298d4886707a315e7a000b3,HELD_OUT,sha256:40a8b60690d94a286fe5e69c377d5216b8c712d94298d4886707a315e7a000b3,other_external,image,tigpr_damage_classification,synthetic blind-freeze regression row; not real blind external evidence
tigpr:Loose:220,external_assets/tigpr/extracted/TIGPR/Damage Classification/Loose/220.jpg,<LOCAL_DATA_ROOT>\external_assets\tigpr\extracted\TIGPR\Damage Classification\Loose\220.jpg,f4a827a2844b7c6bfc6c00bbe8f6943be7c4248616ec3525dc06274aef1659a9,HELD_OUT,sha256:f4a827a2844b7c6bfc6c00bbe8f6943be7c4248616ec3525dc06274aef1659a9,other_external,image,tigpr_damage_classification,synthetic blind-freeze regression row; not real blind external evidence
tigpr:Loose:236,external_assets/tigpr/extracted/TIGPR/Damage Classification/Loose/236.jpg,<LOCAL_DATA_ROOT>\external_assets\tigpr\extracted\TIGPR\Damage Classification\Loose\236.jpg,4ddeb123c7c09a1ff81937113085ec0739877b78730d25442f1795c008f13c20,HELD_OUT,sha256:4ddeb123c7c09a1ff81937113085ec0739877b78730d25442f1795c008f13c20,other_external,image,tigpr_damage_classification,synthetic blind-freeze regression row; not real blind external evidence
tigpr:Loose:283,external_assets/tigpr/extracted/TIGPR/Damage Classification/Loose/283.jpg,<LOCAL_DATA_ROOT>\external_assets\tigpr\extracted\TIGPR\Damage Classification\Loose\283.jpg,a9cfba2353df5338b2f5222cfb1288826f429a72e85d8fc48202203f371c7bf1,HELD_OUT,sha256:a9cfba2353df5338b2f5222cfb1288826f429a72e85d8fc48202203f371c7bf1,other_external,image,tigpr_damage_classification,synthetic blind-freeze regression row; not real blind external evidence
tigpr:Loose:304,external_assets/tigpr/extracted/TIGPR/Damage Classification/Loose/304.jpg,<LOCAL_DATA_ROOT>\external_assets\tigpr\extracted\TIGPR\Damage Classification\Loose\304.jpg,9ec925d0983a0b9dc32c5f27be46532e267a068630adbca7d212ea5425e910f7,HELD_OUT,sha256:9ec925d0983a0b9dc32c5f27be46532e267a068630adbca7d212ea5425e910f7,other_external,image,tigpr_damage_classification,synthetic blind-freeze regression row; not real blind external evidence
tigpr:Loose:32,external_assets/tigpr/extracted/TIGPR/Damage Classification/Loose/32.jpg,<LOCAL_DATA_ROOT>\external_assets\tigpr\extracted\TIGPR\Damage Classification\Loose\32.jpg,5895648dd52423cb4cc01372119271afd4f557d91b017cccd45fc8be7d4a70e0,HELD_OUT,sha256:5895648dd52423cb4cc01372119271afd4f557d91b017cccd45fc8be7d4a70e0,other_external,image,tigpr_damage_classification,synthetic blind-freeze regression row; not real blind external evidence
tigpr:Loose:342,external_assets/tigpr/extracted/TIGPR/Damage Classification/Loose/342.jpg,<LOCAL_DATA_ROOT>\external_assets\tigpr\extracted\TIGPR\Damage Classification\Loose\342.jpg,a3c077c417f844f94f57ba53b3556767da58b82b38ed8cb2c340eca1af314bba,HELD_OUT,sha256:a3c077c417f844f94f57ba53b3556767da58b82b38ed8cb2c340eca1af314bba,other_external,image,tigpr_damage_classification,synthetic blind-freeze regression row; not real blind external evidence
tigpr:Loose:344,external_assets/tigpr/extracted/TIGPR/Damage Classification/Loose/344.jpg,<LOCAL_DATA_ROOT>\external_assets\tigpr\extracted\TIGPR\Damage Classification\Loose\344.jpg,c080d70b0bd80516cf5e65bb52c8fa92eb89672c0cdd287bd0e9eab5007eec2f,HELD_OUT,sha256:c080d70b0bd80516cf5e65bb52c8fa92eb89672c0cdd287bd0e9eab5007eec2f,other_external,image,tigpr_damage_classification,synthetic blind-freeze regression row; not real blind external evidence
tigpr:Loose:454,external_assets/tigpr/extracted/TIGPR/Damage Classification/Loose/454.jpg,<LOCAL_DATA_ROOT>\external_assets\tigpr\extracted\TIGPR\Damage Classification\Loose\454.jpg,7a79575b4f791023a2d24dcb9bbaf9c0762bc928355e54932b0e7ccb02051da0,HELD_OUT,sha256:7a79575b4f791023a2d24dcb9bbaf9c0762bc928355e54932b0e7ccb02051da0,other_external,image,tigpr_damage_classification,synthetic blind-freeze regression row; not real blind external evidence
tigpr:Loose:510,external_assets/tigpr/extracted/TIGPR/Damage Classification/Loose/510.jpg,<LOCAL_DATA_ROOT>\external_assets\tigpr\extracted\TIGPR\Damage Classification\Loose\510.jpg,9a2060bf9960be817003d07a22860733f63833a2075fd9e534ba0e18f5d3e521,HELD_OUT,sha256:9a2060bf9960be817003d07a22860733f63833a2075fd9e534ba0e18f5d3e521,other_external,image,tigpr_damage_classification,synthetic blind-freeze regression row; not real blind external evidence
tigpr:Loose:537,external_assets/tigpr/extracted/TIGPR/Damage Classification/Loose/537.jpg,<LOCAL_DATA_ROOT>\external_assets\tigpr\extracted\TIGPR\Damage Classification\Loose\537.jpg,1aef13a69680300b5f2959f23183880d681216fdd33ddaa7608bc8d0b93a8bfd,HELD_OUT,sha256:1aef13a69680300b5f2959f23183880d681216fdd33ddaa7608bc8d0b93a8bfd,other_external,image,tigpr_damage_classification,synthetic blind-freeze regression row; not real blind external evidence
tigpr:Loose:545,external_assets/tigpr/extracted/TIGPR/Damage Classification/Loose/545.jpg,<LOCAL_DATA_ROOT>\external_assets\tigpr\extracted\TIGPR\Damage Classification\Loose\545.jpg,79195edf2e8b7be41b6a2e9045cd4769f7bbe63f471d040884dddb07e9507fdf,HELD_OUT,sha256:79195edf2e8b7be41b6a2e9045cd4769f7bbe63f471d040884dddb07e9507fdf,other_external,image,tigpr_damage_classification,synthetic blind-freeze regression row; not real blind external evidence
tigpr:Loose:580,external_assets/tigpr/extracted/TIGPR/Damage Classification/Loose/580.jpg,<LOCAL_DATA_ROOT>\external_assets\tigpr\extracted\TIGPR\Damage Classification\Loose\580.jpg,086375993b09e7908286c413ebf15e2acaf1089324e1869ae50cd3fc5f3025a4,HELD_OUT,sha256:086375993b09e7908286c413ebf15e2acaf1089324e1869ae50cd3fc5f3025a4,other_external,image,tigpr_damage_classification,synthetic blind-freeze regression row; not real blind external evidence
tigpr:Loose:591,external_assets/tigpr/extracted/TIGPR/Damage Classification/Loose/591.jpg,<LOCAL_DATA_ROOT>\external_assets\tigpr\extracted\TIGPR\Damage Classification\Loose\591.jpg,8b6f4aa961313c90028a2a535b6b424ca40481fd76c300c08cccbe22ed7d6530,HELD_OUT,sha256:8b6f4aa961313c90028a2a535b6b424ca40481fd76c300c08cccbe22ed7d6530,other_external,image,tigpr_damage_classification,synthetic blind-freeze regression row; not real blind external evidence
tigpr:Loose:60,external_assets/tigpr/extracted/TIGPR/Damage Classification/Loose/60.jpg,<LOCAL_DATA_ROOT>\external_assets\tigpr\extracted\TIGPR\Damage Classification\Loose\60.jpg,8bbd5a60a9eb2411dc087da52e405974e8093a23565924714cb8796a31ebcbcb,HELD_OUT,sha256:8bbd5a60a9eb2411dc087da52e405974e8093a23565924714cb8796a31ebcbcb,other_external,image,tigpr_damage_classification,synthetic blind-freeze regression row; not real blind external evidence
tigpr:Loose:608,external_assets/tigpr/extracted/TIGPR/Damage Classification/Loose/608.jpg,<LOCAL_DATA_ROOT>\external_assets\tigpr\extracted\TIGPR\Damage Classification\Loose\608.jpg,d5bc75676b4ddd99c498f7ae3c348551278d5bcd19b77b0383ea119aee11b011,HELD_OUT,sha256:d5bc75676b4ddd99c498f7ae3c348551278d5bcd19b77b0383ea119aee11b011,other_external,image,tigpr_damage_classification,synthetic blind-freeze regression row; not real blind external evidence
tigpr:Loose:620,external_assets/tigpr/extracted/TIGPR/Damage Classification/Loose/620.jpg,<LOCAL_DATA_ROOT>\external_assets\tigpr\extracted\TIGPR\Damage Classification\Loose\620.jpg,5e429c1ae8d0fe1e346a68c30c929d21c6f68ce43ace4eb91fd0bcf5a54dd41b,HELD_OUT,sha256:5e429c1ae8d0fe1e346a68c30c929d21c6f68ce43ace4eb91fd0bcf5a54dd41b,other_external,image,tigpr_damage_classification,synthetic blind-freeze regression row; not real blind external evidence
tigpr:Loose:685,external_assets/tigpr/extracted/TIGPR/Damage Classification/Loose/685.jpg,<LOCAL_DATA_ROOT>\external_assets\tigpr\extracted\TIGPR\Damage Classification\Loose\685.jpg,18f6d4d3dfc918155859bfb310367cc7f20eb73b30759d524ccb2e5ba742f396,HELD_OUT,sha256:18f6d4d3dfc918155859bfb310367cc7f20eb73b30759d524ccb2e5ba742f396,other_external,image,tigpr_damage_classification,synthetic blind-freeze regression row; not real blind external evidence
tigpr:Loose:704,external_assets/tigpr/extracted/TIGPR/Damage Classification/Loose/704.jpg,<LOCAL_DATA_ROOT>\external_assets\tigpr\extracted\TIGPR\Damage Classification\Loose\704.jpg,f997ebc2e91dae32287045361f115cbeb371e06958357a1028c8e1ceab0045e6,HELD_OUT,sha256:f997ebc2e91dae32287045361f115cbeb371e06958357a1028c8e1ceab0045e6,other_external,image,tigpr_damage_classification,synthetic blind-freeze regression row; not real blind external evidence
tigpr:Loose:760,external_assets/tigpr/extracted/TIGPR/Damage Classification/Loose/760.jpg,<LOCAL_DATA_ROOT>\external_assets\tigpr\extracted\TIGPR\Damage Classification\Loose\760.jpg,2bfac4faef185ee538c02005e380b0cc1351e42216295f4a020919ffe93e4919,HELD_OUT,sha256:2bfac4faef185ee538c02005e380b0cc1351e42216295f4a020919ffe93e4919,other_external,image,tigpr_damage_classification,synthetic blind-freeze regression row; not real blind external evidence
tigpr:Loose:785,external_assets/tigpr/extracted/TIGPR/Damage Classification/Loose/785.jpg,<LOCAL_DATA_ROOT>\external_assets\tigpr\extracted\TIGPR\Damage Classification\Loose\785.jpg,b29e94b8350bf8c375e1d06349f0e8da7cfd0858781dd948f90cfddccdd71d6a,HELD_OUT,sha256:b29e94b8350bf8c375e1d06349f0e8da7cfd0858781dd948f90cfddccdd71d6a,other_external,image,tigpr_damage_classification,synthetic blind-freeze regression row; not real blind external evidence
tigpr:Loose:824,external_assets/tigpr/extracted/TIGPR/Damage Classification/Loose/824.jpg,<LOCAL_DATA_ROOT>\external_assets\tigpr\extracted\TIGPR\Damage Classification\Loose\824.jpg,84291075341b6e22966b7546f951cf9d0f0e4157c0edcf34c638b23aa1913a82,HELD_OUT,sha256:84291075341b6e22966b7546f951cf9d0f0e4157c0edcf34c638b23aa1913a82,other_external,image,tigpr_damage_classification,synthetic blind-freeze regression row; not real blind external evidence
tigpr:Loose:837,external_assets/tigpr/extracted/TIGPR/Damage Classification/Loose/837.jpg,<LOCAL_DATA_ROOT>\external_assets\tigpr\extracted\TIGPR\Damage Classification\Loose\837.jpg,f204ae3a22b8cd73fdccf0a084bdbe3e15e985694a3b26215ae474d4cddd250d,HELD_OUT,sha256:f204ae3a22b8cd73fdccf0a084bdbe3e15e985694a3b26215ae474d4cddd250d,other_external,image,tigpr_damage_classification,synthetic blind-freeze regression row; not real blind external evidence
tigpr:Loose:849,external_assets/tigpr/extracted/TIGPR/Damage Classification/Loose/849.jpg,<LOCAL_DATA_ROOT>\external_assets\tigpr\extracted\TIGPR\Damage Classification\Loose\849.jpg,82e773ed1cec66a1bb3b33c301cc049d0fc8f7afa00b1a92dc44708c3dc9a1ed,HELD_OUT,sha256:82e773ed1cec66a1bb3b33c301cc049d0fc8f7afa00b1a92dc44708c3dc9a1ed,other_external,image,tigpr_damage_classification,synthetic blind-freeze regression row; not real blind external evidence
tigpr:Loose:851,external_assets/tigpr/extracted/TIGPR/Damage Classification/Loose/851.jpg,<LOCAL_DATA_ROOT>\external_assets\tigpr\extracted\TIGPR\Damage Classification\Loose\851.jpg,11647299b216b9db000f55bc07e23c9d0b0e2c7c1df853d4c8061a0fc20f076c,HELD_OUT,sha256:11647299b216b9db000f55bc07e23c9d0b0e2c7c1df853d4c8061a0fc20f076c,other_external,image,tigpr_damage_classification,synthetic blind-freeze regression row; not real blind external evidence
tigpr:Loose:871,external_assets/tigpr/extracted/TIGPR/Damage Classification/Loose/871.jpg,<LOCAL_DATA_ROOT>\external_assets\tigpr\extracted\TIGPR\Damage Classification\Loose\871.jpg,70a60d93e9c16a3a520dd442d8256c21de42b8242878a84d17870277d08af768,HELD_OUT,sha256:70a60d93e9c16a3a520dd442d8256c21de42b8242878a84d17870277d08af768,other_external,image,tigpr_damage_classification,synthetic blind-freeze regression row; not real blind external evidence
tigpr:Loose:950,external_assets/tigpr/extracted/TIGPR/Damage Classification/Loose/950.jpg,<LOCAL_DATA_ROOT>\external_assets\tigpr\extracted\TIGPR\Damage Classification\Loose\950.jpg,d501c5278b0f19f85e8cc674817f2655dc5c22313167ae18bbdfb3de3482fee9,HELD_OUT,sha256:d501c5278b0f19f85e8cc674817f2655dc5c22313167ae18bbdfb3de3482fee9,other_external,image,tigpr_damage_classification,synthetic blind-freeze regression row; not real blind external evidence
tigpr:Loose:979,external_assets/tigpr/extracted/TIGPR/Damage Classification/Loose/979.jpg,<LOCAL_DATA_ROOT>\external_assets\tigpr\extracted\TIGPR\Damage Classification\Loose\979.jpg,b628a1e274c2dfad49217b89ba494a8453c29feecf1bbadd9a315f7edfcfa48f,HELD_OUT,sha256:b628a1e274c2dfad49217b89ba494a8453c29feecf1bbadd9a315f7edfcfa48f,other_external,image,tigpr_damage_classification,synthetic blind-freeze regression row; not real blind external evidence
tigpr:Loose:992,external_assets/tigpr/extracted/TIGPR/Damage Classification/Loose/992.jpg,<LOCAL_DATA_ROOT>\external_assets\tigpr\extracted\TIGPR\Damage Classification\Loose\992.jpg,618974f731aa5d62c5ab5ac4c76a5f76fc35f1e2858db8bb2fb8985560747fa0,HELD_OUT,sha256:618974f731aa5d62c5ab5ac4c76a5f76fc35f1e2858db8bb2fb8985560747fa0,other_external,image,tigpr_damage_classification,synthetic blind-freeze regression row; not real blind external evidence
tigpr:No_damage:1033,external_assets/tigpr/extracted/TIGPR/Damage Classification/No_damage/1033.jpg,<LOCAL_DATA_ROOT>\external_assets\tigpr\extracted\TIGPR\Damage Classification\No_damage\1033.jpg,185df703ff37bf1701eb977aba303743aaa09e326130464484e55eca8a9910f7,HELD_OUT,sha256:185df703ff37bf1701eb977aba303743aaa09e326130464484e55eca8a9910f7,other_external,image,tigpr_damage_classification,synthetic blind-freeze regression row; not real blind external evidence
tigpr:No_damage:1057,external_assets/tigpr/extracted/TIGPR/Damage Classification/No_damage/1057.jpg,<LOCAL_DATA_ROOT>\external_assets\tigpr\extracted\TIGPR\Damage Classification\No_damage\1057.jpg,3ba3ffbf46327db93d95cf9dc73cc618aae22a827172b6835109bb34c6acaf71,HELD_OUT,sha256:3ba3ffbf46327db93d95cf9dc73cc618aae22a827172b6835109bb34c6acaf71,other_external,image,tigpr_damage_classification,synthetic blind-freeze regression row; not real blind external evidence
tigpr:No_damage:1058,external_assets/tigpr/extracted/TIGPR/Damage Classification/No_damage/1058.jpg,<LOCAL_DATA_ROOT>\external_assets\tigpr\extracted\TIGPR\Damage Classification\No_damage\1058.jpg,089e15f454bb85086ec1d918df23918a82ae00b0bc0675be2a100820b0de283e,HELD_OUT,sha256:089e15f454bb85086ec1d918df23918a82ae00b0bc0675be2a100820b0de283e,other_external,image,tigpr_damage_classification,synthetic blind-freeze regression row; not real blind external evidence
tigpr:No_damage:107,external_assets/tigpr/extracted/TIGPR/Damage Classification/No_damage/107.jpg,<LOCAL_DATA_ROOT>\external_assets\tigpr\extracted\TIGPR\Damage Classification\No_damage\107.jpg,44468c64f9c68b599d28aed897c91561b6fb9c060866c241931f29e88b71ff72,HELD_OUT,sha256:44468c64f9c68b599d28aed897c91561b6fb9c060866c241931f29e88b71ff72,other_external,image,tigpr_damage_classification,synthetic blind-freeze regression row; not real blind external evidence
tigpr:No_damage:1100,external_assets/tigpr/extracted/TIGPR/Damage Classification/No_damage/1100.jpg,<LOCAL_DATA_ROOT>\external_assets\tigpr\extracted\TIGPR\Damage Classification\No_damage\1100.jpg,8fefb096942b409aafd8838a49b9850dd495458bcd5716168b821d41574816d7,HELD_OUT,sha256:8fefb096942b409aafd8838a49b9850dd495458bcd5716168b821d41574816d7,other_external,image,tigpr_damage_classification,synthetic blind-freeze regression row; not real blind external evidence
tigpr:No_damage:1126,external_assets/tigpr/extracted/TIGPR/Damage Classification/No_damage/1126.jpg,<LOCAL_DATA_ROOT>\external_assets\tigpr\extracted\TIGPR\Damage Classification\No_damage\1126.jpg,e81269031c658dae033d93c0ee48a3468b4f08b50d8eadac03e3aea9b0fbb0dd,HELD_OUT,sha256:e81269031c658dae033d93c0ee48a3468b4f08b50d8eadac03e3aea9b0fbb0dd,other_external,image,tigpr_damage_classification,synthetic blind-freeze regression row; not real blind external evidence
tigpr:No_damage:1165,external_assets/tigpr/extracted/TIGPR/Damage Classification/No_damage/1165.jpg,<LOCAL_DATA_ROOT>\external_assets\tigpr\extracted\TIGPR\Damage Classification\No_damage\1165.jpg,1c50b8571870751646086bef806ad192ec03b70d2cf29b7fae669cc12d619303,HELD_OUT,sha256:1c50b8571870751646086bef806ad192ec03b70d2cf29b7fae669cc12d619303,other_external,image,tigpr_damage_classification,synthetic blind-freeze regression row; not real blind external evidence
tigpr:No_damage:124,external_assets/tigpr/extracted/TIGPR/Damage Classification/No_damage/124.jpg,<LOCAL_DATA_ROOT>\external_assets\tigpr\extracted\TIGPR\Damage Classification\No_damage\124.jpg,6473921fbc72b64c39bf43f2df117dce4b02c324930c073138d11edce639de2b,HELD_OUT,sha256:6473921fbc72b64c39bf43f2df117dce4b02c324930c073138d11edce639de2b,other_external,image,tigpr_damage_classification,synthetic blind-freeze regression row; not real blind external evidence
tigpr:No_damage:1244,external_assets/tigpr/extracted/TIGPR/Damage Classification/No_damage/1244.jpg,<LOCAL_DATA_ROOT>\external_assets\tigpr\extracted\TIGPR\Damage Classification\No_damage\1244.jpg,079909be87c5bc74463dfaf017bcdb129f26fa5fa3b85bd14211b8bce868894a,HELD_OUT,sha256:079909be87c5bc74463dfaf017bcdb129f26fa5fa3b85bd14211b8bce868894a,other_external,image,tigpr_damage_classification,synthetic blind-freeze regression row; not real blind external evidence
tigpr:No_damage:1252,external_assets/tigpr/extracted/TIGPR/Damage Classification/No_damage/1252.jpg,<LOCAL_DATA_ROOT>\external_assets\tigpr\extracted\TIGPR\Damage Classification\No_damage\1252.jpg,5a205ce584c7b67fe6a71b5a140135d48f0d34332ca41631fc5760b5c3672edb,HELD_OUT,sha256:5a205ce584c7b67fe6a71b5a140135d48f0d34332ca41631fc5760b5c3672edb,other_external,image,tigpr_damage_classification,synthetic blind-freeze regression row; not real blind external evidence
tigpr:No_damage:1256,external_assets/tigpr/extracted/TIGPR/Damage Classification/No_damage/1256.jpg,<LOCAL_DATA_ROOT>\external_assets\tigpr\extracted\TIGPR\Damage Classification\No_damage\1256.jpg,d0ef1eba75da56ea0ba38bf8cbd71ed71f2cab7bdae8cd79e1b18252c5fc3cdb,HELD_OUT,sha256:d0ef1eba75da56ea0ba38bf8cbd71ed71f2cab7bdae8cd79e1b18252c5fc3cdb,other_external,image,tigpr_damage_classification,synthetic blind-freeze regression row; not real blind external evidence
tigpr:No_damage:1266,external_assets/tigpr/extracted/TIGPR/Damage Classification/No_damage/1266.jpg,<LOCAL_DATA_ROOT>\external_assets\tigpr\extracted\TIGPR\Damage Classification\No_damage\1266.jpg,4aa985d44ab616805378b73d5cf44195191f5fdf87b976dea5253f99fe231c34,HELD_OUT,sha256:4aa985d44ab616805378b73d5cf44195191f5fdf87b976dea5253f99fe231c34,other_external,image,tigpr_damage_classification,synthetic blind-freeze regression row; not real blind external evidence
tigpr:No_damage:128,external_assets/tigpr/extracted/TIGPR/Damage Classification/No_damage/128.jpg,<LOCAL_DATA_ROOT>\external_assets\tigpr\extracted\TIGPR\Damage Classification\No_damage\128.jpg,4398bd713ac0b5355ebaf3df44a9cd9f9de8e68322343be06a257979f9432204,HELD_OUT,sha256:4398bd713ac0b5355ebaf3df44a9cd9f9de8e68322343be06a257979f9432204,other_external,image,tigpr_damage_classification,synthetic blind-freeze regression row; not real blind external evidence
tigpr:No_damage:1287,external_assets/tigpr/extracted/TIGPR/Damage Classification/No_damage/1287.jpg,<LOCAL_DATA_ROOT>\external_assets\tigpr\extracted\TIGPR\Damage Classification\No_damage\1287.jpg,e7889f6e00d5cb9168b44ce10126945593e9905f61aee1cdd28f6b7c3de3967c,HELD_OUT,sha256:e7889f6e00d5cb9168b44ce10126945593e9905f61aee1cdd28f6b7c3de3967c,other_external,image,tigpr_damage_classification,synthetic blind-freeze regression row; not real blind external evidence
tigpr:No_damage:1288,external_assets/tigpr/extracted/TIGPR/Damage Classification/No_damage/1288.jpg,<LOCAL_DATA_ROOT>\external_assets\tigpr\extracted\TIGPR\Damage Classification\No_damage\1288.jpg,88a1bc7cdaac2bbf70c112ee28227a61f738f7955f367e1b1b0633ab75637182,HELD_OUT,sha256:88a1bc7cdaac2bbf70c112ee28227a61f738f7955f367e1b1b0633ab75637182,other_external,image,tigpr_damage_classification,synthetic blind-freeze regression row; not real blind external evidence
tigpr:No_damage:1307,external_assets/tigpr/extracted/TIGPR/Damage Classification/No_damage/1307.jpg,<LOCAL_DATA_ROOT>\external_assets\tigpr\extracted\TIGPR\Damage Classification\No_damage\1307.jpg,652757e44a59fef5e7f1baa1b14be01f3101eb2aee67fd6f36ca891571a42aa9,HELD_OUT,sha256:652757e44a59fef5e7f1baa1b14be01f3101eb2aee67fd6f36ca891571a42aa9,other_external,image,tigpr_damage_classification,synthetic blind-freeze regression row; not real blind external evidence
tigpr:No_damage:1364,external_assets/tigpr/extracted/TIGPR/Damage Classification/No_damage/1364.jpg,<LOCAL_DATA_ROOT>\external_assets\tigpr\extracted\TIGPR\Damage Classification\No_damage\1364.jpg,056278e8a737ebbd27673b65775c83f4a63e03efb1301d7582b6026581a66634,HELD_OUT,sha256:056278e8a737ebbd27673b65775c83f4a63e03efb1301d7582b6026581a66634,other_external,image,tigpr_damage_classification,synthetic blind-freeze regression row; not real blind external evidence
tigpr:No_damage:1387,external_assets/tigpr/extracted/TIGPR/Damage Classification/No_damage/1387.jpg,<LOCAL_DATA_ROOT>\external_assets\tigpr\extracted\TIGPR\Damage Classification\No_damage\1387.jpg,fcb3c0dc76372f9365cea43486f8982c74379783bdd5fe9d56457f1cc7554446,HELD_OUT,sha256:fcb3c0dc76372f9365cea43486f8982c74379783bdd5fe9d56457f1cc7554446,other_external,image,tigpr_damage_classification,synthetic blind-freeze regression row; not real blind external evidence
tigpr:No_damage:1448,external_assets/tigpr/extracted/TIGPR/Damage Classification/No_damage/1448.jpg,<LOCAL_DATA_ROOT>\external_assets\tigpr\extracted\TIGPR\Damage Classification\No_damage\1448.jpg,3dec9ada3274b16f5899ba9c446f9b637c65b9c01fe59962e759f920bb979b1a,HELD_OUT,sha256:3dec9ada3274b16f5899ba9c446f9b637c65b9c01fe59962e759f920bb979b1a,other_external,image,tigpr_damage_classification,synthetic blind-freeze regression row; not real blind external evidence
tigpr:No_damage:15,external_assets/tigpr/extracted/TIGPR/Damage Classification/No_damage/15.jpg,<LOCAL_DATA_ROOT>\external_assets\tigpr\extracted\TIGPR\Damage Classification\No_damage\15.jpg,7fcfdce3d6f77cd19e8f7236c164cac7dce4a23958f0970158452f880df4383a,HELD_OUT,sha256:7fcfdce3d6f77cd19e8f7236c164cac7dce4a23958f0970158452f880df4383a,other_external,image,tigpr_damage_classification,synthetic blind-freeze regression row; not real blind external evidence
tigpr:No_damage:171,external_assets/tigpr/extracted/TIGPR/Damage Classification/No_damage/171.jpg,<LOCAL_DATA_ROOT>\external_assets\tigpr\extracted\TIGPR\Damage Classification\No_damage\171.jpg,41d7201d2e7f785fec681dc2c31eaf69035d1322121b96e8f46d42ffb5b89ce4,HELD_OUT,sha256:41d7201d2e7f785fec681dc2c31eaf69035d1322121b96e8f46d42ffb5b89ce4,other_external,image,tigpr_damage_classification,synthetic blind-freeze regression row; not real blind external evidence
tigpr:No_damage:240,external_assets/tigpr/extracted/TIGPR/Damage Classification/No_damage/240.jpg,<LOCAL_DATA_ROOT>\external_assets\tigpr\extracted\TIGPR\Damage Classification\No_damage\240.jpg,380fa9a78832e2a054d7456f8c4217a45c6bf7a1e025a0ee2447fdf3a018fccf,HELD_OUT,sha256:380fa9a78832e2a054d7456f8c4217a45c6bf7a1e025a0ee2447fdf3a018fccf,other_external,image,tigpr_damage_classification,synthetic blind-freeze regression row; not real blind external evidence
tigpr:No_damage:343,external_assets/tigpr/extracted/TIGPR/Damage Classification/No_damage/343.jpg,<LOCAL_DATA_ROOT>\external_assets\tigpr\extracted\TIGPR\Damage Classification\No_damage\343.jpg,77858e33d93cf6e21f457f84917e0ec155acf10aa86006833bb2860faa7d8e0f,HELD_OUT,sha256:77858e33d93cf6e21f457f84917e0ec155acf10aa86006833bb2860faa7d8e0f,other_external,image,tigpr_damage_classification,synthetic blind-freeze regression row; not real blind external evidence
tigpr:No_damage:374,external_assets/tigpr/extracted/TIGPR/Damage Classification/No_damage/374.jpg,<LOCAL_DATA_ROOT>\external_assets\tigpr\extracted\TIGPR\Damage Classification\No_damage\374.jpg,8aa2547f30a6c096b1c4d0d6ec3e7f2a020f2ac7668c56f7181560d8383fb870,HELD_OUT,sha256:8aa2547f30a6c096b1c4d0d6ec3e7f2a020f2ac7668c56f7181560d8383fb870,other_external,image,tigpr_damage_classification,synthetic blind-freeze regression row; not real blind external evidence
tigpr:No_damage:378,external_assets/tigpr/extracted/TIGPR/Damage Classification/No_damage/378.jpg,<LOCAL_DATA_ROOT>\external_assets\tigpr\extracted\TIGPR\Damage Classification\No_damage\378.jpg,090ee6f2a2fe7542b0eba8d2089f04f54124c63a4553b94bfabf3e23105191da,HELD_OUT,sha256:090ee6f2a2fe7542b0eba8d2089f04f54124c63a4553b94bfabf3e23105191da,other_external,image,tigpr_damage_classification,synthetic blind-freeze regression row; not real blind external evidence
tigpr:No_damage:387,external_assets/tigpr/extracted/TIGPR/Damage Classification/No_damage/387.jpg,<LOCAL_DATA_ROOT>\external_assets\tigpr\extracted\TIGPR\Damage Classification\No_damage\387.jpg,8800f7466a1a93d7cd9c139cbaaee5470206cdc4c0a4586548f8e6a56e116d83,HELD_OUT,sha256:8800f7466a1a93d7cd9c139cbaaee5470206cdc4c0a4586548f8e6a56e116d83,other_external,image,tigpr_damage_classification,synthetic blind-freeze regression row; not real blind external evidence
tigpr:No_damage:427,external_assets/tigpr/extracted/TIGPR/Damage Classification/No_damage/427.jpg,<LOCAL_DATA_ROOT>\external_assets\tigpr\extracted\TIGPR\Damage Classification\No_damage\427.jpg,76b6ffe2b3450217bc1aa148ae659bf1a1dd0aeca36cab2c1706f144400f7a07,HELD_OUT,sha256:76b6ffe2b3450217bc1aa148ae659bf1a1dd0aeca36cab2c1706f144400f7a07,other_external,image,tigpr_damage_classification,synthetic blind-freeze regression row; not real blind external evidence
tigpr:No_damage:432,external_assets/tigpr/extracted/TIGPR/Damage Classification/No_damage/432.jpg,<LOCAL_DATA_ROOT>\external_assets\tigpr\extracted\TIGPR\Damage Classification\No_damage\432.jpg,284c39423751e630e085761e4e051a3926823c4f9413e123655d1c17d7183a1f,HELD_OUT,sha256:284c39423751e630e085761e4e051a3926823c4f9413e123655d1c17d7183a1f,other_external,image,tigpr_damage_classification,synthetic blind-freeze regression row; not real blind external evidence
tigpr:No_damage:438,external_assets/tigpr/extracted/TIGPR/Damage Classification/No_damage/438.jpg,<LOCAL_DATA_ROOT>\external_assets\tigpr\extracted\TIGPR\Damage Classification\No_damage\438.jpg,85ab6a5974957d8e03c733c1586dd9ab916d2de277b80432226517c4377e4044,HELD_OUT,sha256:85ab6a5974957d8e03c733c1586dd9ab916d2de277b80432226517c4377e4044,other_external,image,tigpr_damage_classification,synthetic blind-freeze regression row; not real blind external evidence
tigpr:No_damage:444,external_assets/tigpr/extracted/TIGPR/Damage Classification/No_damage/444.jpg,<LOCAL_DATA_ROOT>\external_assets\tigpr\extracted\TIGPR\Damage Classification\No_damage\444.jpg,b2e0c85e692b90dd796e7562c207da3e17bd13ffdd878b62cd3e96ee50a23dd8,HELD_OUT,sha256:b2e0c85e692b90dd796e7562c207da3e17bd13ffdd878b62cd3e96ee50a23dd8,other_external,image,tigpr_damage_classification,synthetic blind-freeze regression row; not real blind external evidence
tigpr:No_damage:448,external_assets/tigpr/extracted/TIGPR/Damage Classification/No_damage/448.jpg,<LOCAL_DATA_ROOT>\external_assets\tigpr\extracted\TIGPR\Damage Classification\No_damage\448.jpg,a632f73c82d9a61f77ae04a8e38941a29866632e9e70127e0e40b0818c01b71e,HELD_OUT,sha256:a632f73c82d9a61f77ae04a8e38941a29866632e9e70127e0e40b0818c01b71e,other_external,image,tigpr_damage_classification,synthetic blind-freeze regression row; not real blind external evidence
tigpr:No_damage:480,external_assets/tigpr/extracted/TIGPR/Damage Classification/No_damage/480.jpg,<LOCAL_DATA_ROOT>\external_assets\tigpr\extracted\TIGPR\Damage Classification\No_damage\480.jpg,86aba620c0ce2d517be79872785fbb460f4a243a6f15cd8d5df6c7bd63bd941d,HELD_OUT,sha256:86aba620c0ce2d517be79872785fbb460f4a243a6f15cd8d5df6c7bd63bd941d,other_external,image,tigpr_damage_classification,synthetic blind-freeze regression row; not real blind external evidence
tigpr:No_damage:492,external_assets/tigpr/extracted/TIGPR/Damage Classification/No_damage/492.jpg,<LOCAL_DATA_ROOT>\external_assets\tigpr\extracted\TIGPR\Damage Classification\No_damage\492.jpg,7c153f8393676243243f73729ddd1b1889b0d349e701e45b4051ce1298ea94ca,HELD_OUT,sha256:7c153f8393676243243f73729ddd1b1889b0d349e701e45b4051ce1298ea94ca,other_external,image,tigpr_damage_classification,synthetic blind-freeze regression row; not real blind external evidence
tigpr:No_damage:54,external_assets/tigpr/extracted/TIGPR/Damage Classification/No_damage/54.jpg,<LOCAL_DATA_ROOT>\external_assets\tigpr\extracted\TIGPR\Damage Classification\No_damage\54.jpg,a407f07a349661af57a07074c8ab44d40aa751c6c468e0fb00d3fbbc6257e831,HELD_OUT,sha256:a407f07a349661af57a07074c8ab44d40aa751c6c468e0fb00d3fbbc6257e831,other_external,image,tigpr_damage_classification,synthetic blind-freeze regression row; not real blind external evidence
tigpr:No_damage:618,external_assets/tigpr/extracted/TIGPR/Damage Classification/No_damage/618.jpg,<LOCAL_DATA_ROOT>\external_assets\tigpr\extracted\TIGPR\Damage Classification\No_damage\618.jpg,0cf057db049bc8b6c31a9b999521e4c3bb585a25ccee988b1bc8f39a4b9f2079,HELD_OUT,sha256:0cf057db049bc8b6c31a9b999521e4c3bb585a25ccee988b1bc8f39a4b9f2079,other_external,image,tigpr_damage_classification,synthetic blind-freeze regression row; not real blind external evidence
tigpr:No_damage:623,external_assets/tigpr/extracted/TIGPR/Damage Classification/No_damage/623.jpg,<LOCAL_DATA_ROOT>\external_assets\tigpr\extracted\TIGPR\Damage Classification\No_damage\623.jpg,dbe9901596414627c260171925832f8d8b7c820f4b4d44916552ad0e76496542,HELD_OUT,sha256:dbe9901596414627c260171925832f8d8b7c820f4b4d44916552ad0e76496542,other_external,image,tigpr_damage_classification,synthetic blind-freeze regression row; not real blind external evidence
tigpr:No_damage:661,external_assets/tigpr/extracted/TIGPR/Damage Classification/No_damage/661.jpg,<LOCAL_DATA_ROOT>\external_assets\tigpr\extracted\TIGPR\Damage Classification\No_damage\661.jpg,da1a66cebd979d852713e43237adddbf43d19233bebd85558ba7751935fe8e2e,HELD_OUT,sha256:da1a66cebd979d852713e43237adddbf43d19233bebd85558ba7751935fe8e2e,other_external,image,tigpr_damage_classification,synthetic blind-freeze regression row; not real blind external evidence
tigpr:No_damage:738,external_assets/tigpr/extracted/TIGPR/Damage Classification/No_damage/738.jpg,<LOCAL_DATA_ROOT>\external_assets\tigpr\extracted\TIGPR\Damage Classification\No_damage\738.jpg,8ed29778112fdd2adf87b9b13dc45007c1135cacfc18e13d64d1179a78240f55,HELD_OUT,sha256:8ed29778112fdd2adf87b9b13dc45007c1135cacfc18e13d64d1179a78240f55,other_external,image,tigpr_damage_classification,synthetic blind-freeze regression row; not real blind external evidence
tigpr:No_damage:740,external_assets/tigpr/extracted/TIGPR/Damage Classification/No_damage/740.jpg,<LOCAL_DATA_ROOT>\external_assets\tigpr\extracted\TIGPR\Damage Classification\No_damage\740.jpg,56c1d58989da5abbf5e92bfbc583d373076ceb23dd4547d451bb236fc1dd5687,HELD_OUT,sha256:56c1d58989da5abbf5e92bfbc583d373076ceb23dd4547d451bb236fc1dd5687,other_external,image,tigpr_damage_classification,synthetic blind-freeze regression row; not real blind external evidence
tigpr:No_damage:76,external_assets/tigpr/extracted/TIGPR/Damage Classification/No_damage/76.jpg,<LOCAL_DATA_ROOT>\external_assets\tigpr\extracted\TIGPR\Damage Classification\No_damage\76.jpg,f1e468c1f79d11285a2d24e240e017a12c372053bf6779bb603f5439f934d7b6,HELD_OUT,sha256:f1e468c1f79d11285a2d24e240e017a12c372053bf6779bb603f5439f934d7b6,other_external,image,tigpr_damage_classification,synthetic blind-freeze regression row; not real blind external evidence
tigpr:No_damage:775,external_assets/tigpr/extracted/TIGPR/Damage Classification/No_damage/775.jpg,<LOCAL_DATA_ROOT>\external_assets\tigpr\extracted\TIGPR\Damage Classification\No_damage\775.jpg,cbd4a8e33dbba5c5e44fc559d7499c6203d00032bf3e477964aa695648fdcccc,HELD_OUT,sha256:cbd4a8e33dbba5c5e44fc559d7499c6203d00032bf3e477964aa695648fdcccc,other_external,image,tigpr_damage_classification,synthetic blind-freeze regression row; not real blind external evidence
tigpr:No_damage:793,external_assets/tigpr/extracted/TIGPR/Damage Classification/No_damage/793.jpg,<LOCAL_DATA_ROOT>\external_assets\tigpr\extracted\TIGPR\Damage Classification\No_damage\793.jpg,b45ee6deb61a62fa939df7688cb1c1eeb0fd5a4df07a15c19162456fcd8e277b,HELD_OUT,sha256:b45ee6deb61a62fa939df7688cb1c1eeb0fd5a4df07a15c19162456fcd8e277b,other_external,image,tigpr_damage_classification,synthetic blind-freeze regression row; not real blind external evidence
tigpr:No_damage:826,external_assets/tigpr/extracted/TIGPR/Damage Classification/No_damage/826.jpg,<LOCAL_DATA_ROOT>\external_assets\tigpr\extracted\TIGPR\Damage Classification\No_damage\826.jpg,46aa9e27cde7d6c4877f3c0cfb489a6763624b33960ed2fb1b5a8e8302265e42,HELD_OUT,sha256:46aa9e27cde7d6c4877f3c0cfb489a6763624b33960ed2fb1b5a8e8302265e42,other_external,image,tigpr_damage_classification,synthetic blind-freeze regression row; not real blind external evidence
tigpr:No_damage:860,external_assets/tigpr/extracted/TIGPR/Damage Classification/No_damage/860.jpg,<LOCAL_DATA_ROOT>\external_assets\tigpr\extracted\TIGPR\Damage Classification\No_damage\860.jpg,6c849b73865cf2ffdc3d0dbf7513a5f3c2811838e1ac21898ba4eab2586b05bb,HELD_OUT,sha256:6c849b73865cf2ffdc3d0dbf7513a5f3c2811838e1ac21898ba4eab2586b05bb,other_external,image,tigpr_damage_classification,synthetic blind-freeze regression row; not real blind external evidence
tigpr:No_damage:967,external_assets/tigpr/extracted/TIGPR/Damage Classification/No_damage/967.jpg,<LOCAL_DATA_ROOT>\external_assets\tigpr\extracted\TIGPR\Damage Classification\No_damage\967.jpg,d47ffbe82ef35678059d86aaf252714845f9c7f06c4eccbee420a6e11903da47,HELD_OUT,sha256:d47ffbe82ef35678059d86aaf252714845f9c7f06c4eccbee420a6e11903da47,other_external,image,tigpr_damage_classification,synthetic blind-freeze regression row; not real blind external evidence
tigpr:No_damage:974,external_assets/tigpr/extracted/TIGPR/Damage Classification/No_damage/974.jpg,<LOCAL_DATA_ROOT>\external_assets\tigpr\extracted\TIGPR\Damage Classification\No_damage\974.jpg,f97aaf6c0832440c4c81bc3ca75e90dd3b9f28a4bcfcb05dab7b5126a496c953,HELD_OUT,sha256:f97aaf6c0832440c4c81bc3ca75e90dd3b9f28a4bcfcb05dab7b5126a496c953,other_external,image,tigpr_damage_classification,synthetic blind-freeze regression row; not real blind external evidence
tigpr:No_damage:987,external_assets/tigpr/extracted/TIGPR/Damage Classification/No_damage/987.jpg,<LOCAL_DATA_ROOT>\external_assets\tigpr\extracted\TIGPR\Damage Classification\No_damage\987.jpg,f2b7a03871c7e995cbfc0b850213eac5b33bcf8bd8f019515631d3cb3a1945a7,HELD_OUT,sha256:f2b7a03871c7e995cbfc0b850213eac5b33bcf8bd8f019515631d3cb3a1945a7,other_external,image,tigpr_damage_classification,synthetic blind-freeze regression row; not real blind external evidence
tigpr:Void:122,external_assets/tigpr/extracted/TIGPR/Damage Classification/Void/122.jpg,<LOCAL_DATA_ROOT>\external_assets\tigpr\extracted\TIGPR\Damage Classification\Void\122.jpg,30188d6ac6b77e2fd892167d52198b716c62c2287e5f4fbeebbed1df3c89902b,HELD_OUT,sha256:30188d6ac6b77e2fd892167d52198b716c62c2287e5f4fbeebbed1df3c89902b,other_external,image,tigpr_damage_classification,synthetic blind-freeze regression row; not real blind external evidence
tigpr:Void:136,external_assets/tigpr/extracted/TIGPR/Damage Classification/Void/136.jpg,<LOCAL_DATA_ROOT>\external_assets\tigpr\extracted\TIGPR\Damage Classification\Void\136.jpg,c83816f00b0b65effa4bfcbe5ab15a442bb12649a6eded447b3c522aa1abb5a8,HELD_OUT,sha256:c83816f00b0b65effa4bfcbe5ab15a442bb12649a6eded447b3c522aa1abb5a8,other_external,image,tigpr_damage_classification,synthetic blind-freeze regression row; not real blind external evidence
tigpr:Void:240,external_assets/tigpr/extracted/TIGPR/Damage Classification/Void/240.jpg,<LOCAL_DATA_ROOT>\external_assets\tigpr\extracted\TIGPR\Damage Classification\Void\240.jpg,e604c25f13ed19a8c82070461281a7b5cf5ce5baa99563b6421b36a8be1a4132,HELD_OUT,sha256:e604c25f13ed19a8c82070461281a7b5cf5ce5baa99563b6421b36a8be1a4132,other_external,image,tigpr_damage_classification,synthetic blind-freeze regression row; not real blind external evidence
tigpr:Void:293,external_assets/tigpr/extracted/TIGPR/Damage Classification/Void/293.jpg,<LOCAL_DATA_ROOT>\external_assets\tigpr\extracted\TIGPR\Damage Classification\Void\293.jpg,86da832332c2c67bb1725b18eff096d948bd53823b7067fa272d47c5372db8e2,HELD_OUT,sha256:86da832332c2c67bb1725b18eff096d948bd53823b7067fa272d47c5372db8e2,other_external,image,tigpr_damage_classification,synthetic blind-freeze regression row; not real blind external evidence
tigpr:Void:69,external_assets/tigpr/extracted/TIGPR/Damage Classification/Void/69.jpg,<LOCAL_DATA_ROOT>\external_assets\tigpr\extracted\TIGPR\Damage Classification\Void\69.jpg,8f7eba0a39051448fb99578be5297fe474d10f388e1194403a079a49e7a663cb,HELD_OUT,sha256:8f7eba0a39051448fb99578be5297fe474d10f388e1194403a079a49e7a663cb,other_external,image,tigpr_damage_classification,synthetic blind-freeze regression row; not real blind external evidence
